record_id,layer,source_ids,document_titles,document_types,source_urls,local_source_paths,publication_or_filing_dates,reporting_period,source_reference,metric_or_term,original_value,original_units,normalized_value,normalized_units,classification,source_type,override_status,override_rationale,notes_limitations
SOURCE-SRC-001,source_document,SRC-001,Quanex FY2025 Form 10-K,SEC 10-K,https://www.sec.gov/Archives/edgar/data/1423221/000142322125000100/nx-20251031.htm,,2025-12-12,2025-10-31,Authoritative for filed audited financial statements and dated disclosures; governing debt documents control contract terms,approved_source_document,,,,,approved_source,SEC 10-K,none,,Cutoff-approved; preservation_mode=reproducible_reference. Exact Phase 0-approved archival reference; automated SEC download returned HTTP 403 in this environment. Curated extracts are preserved in adjacent raw CSVs.
SOURCE-SRC-002,source_document,SRC-002,Quanex Q4 and FY2025 results release,SEC 8-K exhibit,https://www.sec.gov/Archives/edgar/data/1423221/000117184325007891/exh_991.htm,,2025-12-11,2025-10-31,Supplemental borrower disclosure; non-GAAP measures require reconciliation; not authoritative over the credit agreement,approved_source_document,,,,,approved_source,SEC 8-K exhibit,none,,Cutoff-approved; preservation_mode=reproducible_reference. Exact Phase 0-approved archival reference; automated SEC download returned HTTP 403 in this environment. Curated extracts are preserved in adjacent raw CSVs.
SOURCE-SRC-003,source_document,SRC-003,Amendment No. 1 with conformed Second Amended and Restated Credit Agreement,SEC 8-K exhibit,https://www.sec.gov/Archives/edgar/data/1423221/000110465924071335/tm2417183d1_ex10-1.htm,,2024-06-13,2024-08-01,"Primary authoritative contract for amended terms; executed June 12, 2024 and effective August 1, 2024",approved_source_document,,,,,approved_source,SEC 8-K exhibit,none,,Cutoff-approved; preservation_mode=reproducible_reference. Exact Phase 0-approved archival reference; automated SEC download returned HTTP 403 in this environment. Curated extracts are preserved in adjacent raw CSVs.
SOURCE-SRC-004,source_document,SRC-004,Second Amended and Restated Credit Agreement,SEC 8-K exhibit,https://www.sec.gov/Archives/edgar/data/1423221/000110465922077705/tm2220473d1_ex10-1.htm,,2022-07-06,2022-07-06,Primary authoritative contract except where superseded by SRC-003,approved_source_document,,,,,approved_source,SEC 8-K exhibit,none,,Cutoff-approved; preservation_mode=reproducible_reference. Exact Phase 0-approved archival reference; automated SEC download returned HTTP 403 in this environment. Curated extracts are preserved in adjacent raw CSVs.
SOURCE-SRC-008,source_document,SRC-008,Unaudited pro forma condensed combined financial information,SEC 8-K/A exhibit,https://www.sec.gov/Archives/edgar/data/1423221/000110465924109176/tm2426109d1_ex99-1.htm,,2024-10-16,2024-08-01,Primary SEC-filed pro forma disclosure; unaudited and assumption-dependent,approved_source_document,,,,,approved_source,SEC 8-K/A exhibit,none,,Cutoff-approved; preservation_mode=reproducible_reference. Exact Phase 0-approved archival reference; automated SEC download returned HTTP 403 in this environment. Curated extracts are preserved in adjacent raw CSVs.
SOURCE-SRC-012,source_document,SRC-012,Quanex FY2024 Form 10-K,SEC 10-K,https://www.sec.gov/Archives/edgar/data/1423221/000142322124000015/nx-20241031.htm,,2024-12-16,2024-10-31,Authoritative for filed audited financial statements; governing debt documents control contract terms,approved_source_document,,,,,approved_source,SEC 10-K,none,,Cutoff-approved; preservation_mode=reproducible_reference. Exact Phase 0-approved archival reference; automated SEC download returned HTTP 403 in this environment. Curated extracts are preserved in adjacent raw CSVs.
SOURCE-SRC-013,source_document,SRC-013,Quanex FY2023 Form 10-K,SEC 10-K,https://www.sec.gov/Archives/edgar/data/1423221/000142322123000016/nx-20231031.htm,,2023-12-15,2023-10-31,Authoritative for filed audited financial statements,approved_source_document,,,,,approved_source,SEC 10-K,none,,Cutoff-approved; preservation_mode=reproducible_reference. Exact Phase 0-approved archival reference; automated SEC download returned HTTP 403 in this environment. Curated extracts are preserved in adjacent raw CSVs.
SOURCE-SRC-014,source_document,SRC-014,Quanex FY2022 Form 10-K,SEC 10-K,https://www.sec.gov/Archives/edgar/data/1423221/000142322122000014/nx-20221031.htm,,2022-12-16,2022-10-31,Authoritative for filed audited financial statements,approved_source_document,,,,,approved_source,SEC 10-K,none,,Cutoff-approved; preservation_mode=reproducible_reference. Exact Phase 0-approved archival reference; automated SEC download returned HTTP 403 in this environment. Curated extracts are preserved in adjacent raw CSVs.
SOURCE-SRC-016,source_document,SRC-016,Quanex FY2025 Q2 results release and covenant clarification,SEC 8-K exhibit,https://www.sec.gov/Archives/edgar/data/1423221/000117184325003726/exh_991.htm,,2025-06-05,2025-04-30,Supplemental borrower disclosure; governing agreement controls covenant construction,approved_source_document,,,,,approved_source,SEC 8-K exhibit,none,,Cutoff-approved; preservation_mode=reproducible_reference. Exact Phase 0-approved archival reference; automated SEC download returned HTTP 403 in this environment. Curated extracts are preserved in adjacent raw CSVs.
NF-0001,reported_historical,SRC-001,Quanex FY2025 Form 10-K,SEC 10-K,https://www.sec.gov/Archives/edgar/data/1423221/000142322125000100/nx-20251031.htm,,2025-12-12,2024-11-01 to 2025-10-31,"Consolidated Statements of Income, FY2025 Form 10-K, p. 43",revenue,1837641,USD_thousands,1837.641,USD_millions,reported,SEC_filing,none,,variant=reported | full_year_post_tyman_with_integration_effects
NF-0002,reported_historical,SRC-001,Quanex FY2025 Form 10-K,SEC 10-K,https://www.sec.gov/Archives/edgar/data/1423221/000142322125000100/nx-20251031.htm,,2025-12-12,2024-11-01 to 2025-10-31,"Consolidated Statements of Income, FY2025 Form 10-K, p. 43",cost_of_sales_excluding_depreciation_and_amortization,1338413,USD_thousands,-1338.413,USD_millions,reported,SEC_filing,none,,variant=reported | full_year_post_tyman_with_integration_effects
NF-0003,reported_historical,SRC-001,Quanex FY2025 Form 10-K,SEC 10-K,https://www.sec.gov/Archives/edgar/data/1423221/000142322125000100/nx-20251031.htm,,2025-12-12,2024-11-01 to 2025-10-31,"Consolidated Statements of Income, FY2025 Form 10-K, p. 43",selling_general_and_administrative,277261,USD_thousands,-277.261,USD_millions,reported,SEC_filing,none,,variant=reported | full_year_post_tyman_with_integration_effects
NF-0004,reported_historical,SRC-001,Quanex FY2025 Form 10-K,SEC 10-K,https://www.sec.gov/Archives/edgar/data/1423221/000142322125000100/nx-20251031.htm,,2025-12-12,2024-11-01 to 2025-10-31,"Consolidated Statements of Income, FY2025 Form 10-K, p. 43",restructuring_charges,10191,USD_thousands,-10.191,USD_millions,reported,SEC_filing,none,,variant=reported | full_year_post_tyman_with_integration_effects
NF-0005,reported_historical,SRC-001,Quanex FY2025 Form 10-K,SEC 10-K,https://www.sec.gov/Archives/edgar/data/1423221/000142322125000100/nx-20251031.htm,,2025-12-12,2024-11-01 to 2025-10-31,"Consolidated Statements of Income, FY2025 Form 10-K, p. 43",depreciation_and_amortization,103444,USD_thousands,-103.444,USD_millions,reported,SEC_filing,none,,variant=reported | full_year_post_tyman_with_integration_effects
NF-0006,reported_historical,SRC-001,Quanex FY2025 Form 10-K,SEC 10-K,https://www.sec.gov/Archives/edgar/data/1423221/000142322125000100/nx-20251031.htm,,2025-12-12,2024-11-01 to 2025-10-31,"Consolidated Statements of Income, FY2025 Form 10-K, p. 43",goodwill_impairment_charges,302284,USD_thousands,-302.284,USD_millions,reported,SEC_filing,none,,variant=reported | full_year_post_tyman_with_integration_effects
NF-0007,reported_historical,SRC-001,Quanex FY2025 Form 10-K,SEC 10-K,https://www.sec.gov/Archives/edgar/data/1423221/000142322125000100/nx-20251031.htm,,2025-12-12,2024-11-01 to 2025-10-31,"Consolidated Statements of Income, FY2025 Form 10-K, p. 43",operating_income,-193952,USD_thousands,-193.952,USD_millions,reported,SEC_filing,none,,variant=reported | full_year_post_tyman_with_integration_effects
NF-0008,reported_historical,SRC-001,Quanex FY2025 Form 10-K,SEC 10-K,https://www.sec.gov/Archives/edgar/data/1423221/000142322125000100/nx-20251031.htm,,2025-12-12,2024-11-01 to 2025-10-31,"Consolidated Statements of Income, FY2025 Form 10-K, p. 43",interest_expense,-55812,USD_thousands,-55.812,USD_millions,reported,SEC_filing,none,,variant=reported | full_year_post_tyman_with_integration_effects
NF-0009,reported_historical,SRC-001,Quanex FY2025 Form 10-K,SEC 10-K,https://www.sec.gov/Archives/edgar/data/1423221/000142322125000100/nx-20251031.htm,,2025-12-12,2024-11-01 to 2025-10-31,"Consolidated Statements of Income, FY2025 Form 10-K, p. 43",income_tax_expense,-8213,USD_thousands,-8.213,USD_millions,reported,SEC_filing,none,,variant=reported | full_year_post_tyman_with_integration_effects
NF-0010,reported_historical,SRC-001,Quanex FY2025 Form 10-K,SEC 10-K,https://www.sec.gov/Archives/edgar/data/1423221/000142322125000100/nx-20251031.htm,,2025-12-12,2024-11-01 to 2025-10-31,"Consolidated Statements of Income, FY2025 Form 10-K, p. 43",net_income,-250806,USD_thousands,-250.806,USD_millions,reported,SEC_filing,none,,variant=reported | full_year_post_tyman_with_integration_effects
NF-0011,reported_historical,SRC-001,Quanex FY2025 Form 10-K,SEC 10-K,https://www.sec.gov/Archives/edgar/data/1423221/000142322125000100/nx-20251031.htm,,2025-12-12,2023-11-01 to 2024-10-31,"Consolidated Statements of Income, FY2025 Form 10-K, p. 43",revenue,1277862,USD_thousands,1277.862,USD_millions,reported,SEC_filing,none,,variant=reported | includes_three_months_of_tyman
NF-0012,reported_historical,SRC-001,Quanex FY2025 Form 10-K,SEC 10-K,https://www.sec.gov/Archives/edgar/data/1423221/000142322125000100/nx-20251031.htm,,2025-12-12,2023-11-01 to 2024-10-31,"Consolidated Statements of Income, FY2025 Form 10-K, p. 43",cost_of_sales_excluding_depreciation_and_amortization,972238,USD_thousands,-972.238,USD_millions,reported,SEC_filing,none,,variant=reported | includes_three_months_of_tyman
NF-0013,reported_historical,SRC-001,Quanex FY2025 Form 10-K,SEC 10-K,https://www.sec.gov/Archives/edgar/data/1423221/000142322125000100/nx-20251031.htm,,2025-12-12,2023-11-01 to 2024-10-31,"Consolidated Statements of Income, FY2025 Form 10-K, p. 43",selling_general_and_administrative,190470,USD_thousands,-190.47,USD_millions,reported,SEC_filing,none,,variant=reported | includes_three_months_of_tyman
NF-0014,reported_historical,SRC-001,Quanex FY2025 Form 10-K,SEC 10-K,https://www.sec.gov/Archives/edgar/data/1423221/000142322125000100/nx-20251031.htm,,2025-12-12,2023-11-01 to 2024-10-31,"Consolidated Statements of Income, FY2025 Form 10-K, p. 43",restructuring_charges,0,USD_thousands,-0,USD_millions,reported,SEC_filing,none,,variant=reported | includes_three_months_of_tyman
NF-0015,reported_historical,SRC-001,Quanex FY2025 Form 10-K,SEC 10-K,https://www.sec.gov/Archives/edgar/data/1423221/000142322125000100/nx-20251031.htm,,2025-12-12,2023-11-01 to 2024-10-31,"Consolidated Statements of Income, FY2025 Form 10-K, p. 43",depreciation_and_amortization,60328,USD_thousands,-60.328,USD_millions,reported,SEC_filing,none,,variant=reported | includes_three_months_of_tyman
NF-0016,reported_historical,SRC-001,Quanex FY2025 Form 10-K,SEC 10-K,https://www.sec.gov/Archives/edgar/data/1423221/000142322125000100/nx-20251031.htm,,2025-12-12,2023-11-01 to 2024-10-31,"Consolidated Statements of Income, FY2025 Form 10-K, p. 43",goodwill_impairment_charges,0,USD_thousands,-0,USD_millions,reported,SEC_filing,none,,variant=reported | includes_three_months_of_tyman
NF-0017,reported_historical,SRC-001,Quanex FY2025 Form 10-K,SEC 10-K,https://www.sec.gov/Archives/edgar/data/1423221/000142322125000100/nx-20251031.htm,,2025-12-12,2023-11-01 to 2024-10-31,"Consolidated Statements of Income, FY2025 Form 10-K, p. 43",operating_income,54826,USD_thousands,54.826,USD_millions,reported,SEC_filing,none,,variant=reported | includes_three_months_of_tyman
NF-0018,reported_historical,SRC-001,Quanex FY2025 Form 10-K,SEC 10-K,https://www.sec.gov/Archives/edgar/data/1423221/000142322125000100/nx-20251031.htm,,2025-12-12,2023-11-01 to 2024-10-31,"Consolidated Statements of Income, FY2025 Form 10-K, p. 43",interest_expense,-20593,USD_thousands,-20.593,USD_millions,reported,SEC_filing,none,,variant=reported | includes_three_months_of_tyman
NF-0019,reported_historical,SRC-001,Quanex FY2025 Form 10-K,SEC 10-K,https://www.sec.gov/Archives/edgar/data/1423221/000142322125000100/nx-20251031.htm,,2025-12-12,2023-11-01 to 2024-10-31,"Consolidated Statements of Income, FY2025 Form 10-K, p. 43",income_tax_expense,-9023,USD_thousands,-9.023,USD_millions,reported,SEC_filing,none,,variant=reported | includes_three_months_of_tyman
NF-0020,reported_historical,SRC-001,Quanex FY2025 Form 10-K,SEC 10-K,https://www.sec.gov/Archives/edgar/data/1423221/000142322125000100/nx-20251031.htm,,2025-12-12,2023-11-01 to 2024-10-31,"Consolidated Statements of Income, FY2025 Form 10-K, p. 43",net_income,33059,USD_thousands,33.059,USD_millions,reported,SEC_filing,none,,variant=reported | includes_three_months_of_tyman
NF-0021,reported_historical,SRC-001,Quanex FY2025 Form 10-K,SEC 10-K,https://www.sec.gov/Archives/edgar/data/1423221/000142322125000100/nx-20251031.htm,,2025-12-12,2022-11-01 to 2023-10-31,"Consolidated Statements of Income, FY2025 Form 10-K, p. 43",revenue,1130583,USD_thousands,1130.583,USD_millions,reported,SEC_filing,none,,variant=reported | pre_tyman
NF-0022,reported_historical,SRC-001,Quanex FY2025 Form 10-K,SEC 10-K,https://www.sec.gov/Archives/edgar/data/1423221/000142322125000100/nx-20251031.htm,,2025-12-12,2022-11-01 to 2023-10-31,"Consolidated Statements of Income, FY2025 Form 10-K, p. 43",cost_of_sales_excluding_depreciation_and_amortization,853059,USD_thousands,-853.059,USD_millions,reported,SEC_filing,none,,variant=reported | pre_tyman
NF-0023,reported_historical,SRC-001,Quanex FY2025 Form 10-K,SEC 10-K,https://www.sec.gov/Archives/edgar/data/1423221/000142322125000100/nx-20251031.htm,,2025-12-12,2022-11-01 to 2023-10-31,"Consolidated Statements of Income, FY2025 Form 10-K, p. 43",selling_general_and_administrative,123957,USD_thousands,-123.957,USD_millions,reported,SEC_filing,none,,variant=reported | pre_tyman
NF-0024,reported_historical,SRC-001,Quanex FY2025 Form 10-K,SEC 10-K,https://www.sec.gov/Archives/edgar/data/1423221/000142322125000100/nx-20251031.htm,,2025-12-12,2022-11-01 to 2023-10-31,"Consolidated Statements of Income, FY2025 Form 10-K, p. 43",restructuring_charges,0,USD_thousands,-0,USD_millions,reported,SEC_filing,none,,variant=reported | pre_tyman
NF-0025,reported_historical,SRC-001,Quanex FY2025 Form 10-K,SEC 10-K,https://www.sec.gov/Archives/edgar/data/1423221/000142322125000100/nx-20251031.htm,,2025-12-12,2022-11-01 to 2023-10-31,"Consolidated Statements of Income, FY2025 Form 10-K, p. 43",depreciation_and_amortization,42866,USD_thousands,-42.866,USD_millions,reported,SEC_filing,none,,variant=reported | pre_tyman
NF-0026,reported_historical,SRC-001,Quanex FY2025 Form 10-K,SEC 10-K,https://www.sec.gov/Archives/edgar/data/1423221/000142322125000100/nx-20251031.htm,,2025-12-12,2022-11-01 to 2023-10-31,"Consolidated Statements of Income, FY2025 Form 10-K, p. 43",goodwill_impairment_charges,0,USD_thousands,-0,USD_millions,reported,SEC_filing,none,,variant=reported | pre_tyman
NF-0027,reported_historical,SRC-001,Quanex FY2025 Form 10-K,SEC 10-K,https://www.sec.gov/Archives/edgar/data/1423221/000142322125000100/nx-20251031.htm,,2025-12-12,2022-11-01 to 2023-10-31,"Consolidated Statements of Income, FY2025 Form 10-K, p. 43",operating_income,110701,USD_thousands,110.701,USD_millions,reported,SEC_filing,none,,variant=reported | pre_tyman
NF-0028,reported_historical,SRC-001,Quanex FY2025 Form 10-K,SEC 10-K,https://www.sec.gov/Archives/edgar/data/1423221/000142322125000100/nx-20251031.htm,,2025-12-12,2022-11-01 to 2023-10-31,"Consolidated Statements of Income, FY2025 Form 10-K, p. 43",interest_expense,-8136,USD_thousands,-8.136,USD_millions,reported,SEC_filing,none,,variant=reported | pre_tyman
NF-0029,reported_historical,SRC-001,Quanex FY2025 Form 10-K,SEC 10-K,https://www.sec.gov/Archives/edgar/data/1423221/000142322125000100/nx-20251031.htm,,2025-12-12,2022-11-01 to 2023-10-31,"Consolidated Statements of Income, FY2025 Form 10-K, p. 43",income_tax_expense,-14545,USD_thousands,-14.545,USD_millions,reported,SEC_filing,none,,variant=reported | pre_tyman
NF-0030,reported_historical,SRC-001,Quanex FY2025 Form 10-K,SEC 10-K,https://www.sec.gov/Archives/edgar/data/1423221/000142322125000100/nx-20251031.htm,,2025-12-12,2022-11-01 to 2023-10-31,"Consolidated Statements of Income, FY2025 Form 10-K, p. 43",net_income,82501,USD_thousands,82.501,USD_millions,reported,SEC_filing,none,,variant=reported | pre_tyman
NF-0031,reported_historical,SRC-014,Quanex FY2022 Form 10-K,SEC 10-K,https://www.sec.gov/Archives/edgar/data/1423221/000142322122000014/nx-20221031.htm,,2022-12-16,2021-11-01 to 2022-10-31,"Consolidated Statements of Income, FY2022 Form 10-K, p. 36",revenue,1221502,USD_thousands,1221.502,USD_millions,reported,SEC_filing,none,,variant=reported | pre_tyman
NF-0032,reported_historical,SRC-014,Quanex FY2022 Form 10-K,SEC 10-K,https://www.sec.gov/Archives/edgar/data/1423221/000142322122000014/nx-20221031.htm,,2022-12-16,2021-11-01 to 2022-10-31,"Consolidated Statements of Income, FY2022 Form 10-K, p. 36",cost_of_sales_excluding_depreciation_and_amortization,953004,USD_thousands,-953.004,USD_millions,reported,SEC_filing,none,,variant=reported | pre_tyman
NF-0033,reported_historical,SRC-014,Quanex FY2022 Form 10-K,SEC 10-K,https://www.sec.gov/Archives/edgar/data/1423221/000142322122000014/nx-20221031.htm,,2022-12-16,2021-11-01 to 2022-10-31,"Consolidated Statements of Income, FY2022 Form 10-K, p. 36",selling_general_and_administrative,117108,USD_thousands,-117.108,USD_millions,reported,SEC_filing,none,,variant=reported | pre_tyman
NF-0034,reported_historical,SRC-014,Quanex FY2022 Form 10-K,SEC 10-K,https://www.sec.gov/Archives/edgar/data/1423221/000142322122000014/nx-20221031.htm,,2022-12-16,2021-11-01 to 2022-10-31,"Consolidated Statements of Income, FY2022 Form 10-K, p. 36",restructuring_charges,0,USD_thousands,-0,USD_millions,reported,SEC_filing,none,,variant=reported | pre_tyman
NF-0035,reported_historical,SRC-014,Quanex FY2022 Form 10-K,SEC 10-K,https://www.sec.gov/Archives/edgar/data/1423221/000142322122000014/nx-20221031.htm,,2022-12-16,2021-11-01 to 2022-10-31,"Consolidated Statements of Income, FY2022 Form 10-K, p. 36",depreciation_and_amortization,40109,USD_thousands,-40.109,USD_millions,reported,SEC_filing,none,,variant=reported | pre_tyman
NF-0036,reported_historical,SRC-014,Quanex FY2022 Form 10-K,SEC 10-K,https://www.sec.gov/Archives/edgar/data/1423221/000142322122000014/nx-20221031.htm,,2022-12-16,2021-11-01 to 2022-10-31,"Consolidated Statements of Income, FY2022 Form 10-K, p. 36",operating_income,111281,USD_thousands,111.281,USD_millions,reported,SEC_filing,none,,variant=reported | pre_tyman
NF-0037,reported_historical,SRC-014,Quanex FY2022 Form 10-K,SEC 10-K,https://www.sec.gov/Archives/edgar/data/1423221/000142322122000014/nx-20221031.htm,,2022-12-16,2021-11-01 to 2022-10-31,"Consolidated Statements of Income, FY2022 Form 10-K, p. 36",interest_expense,-2559,USD_thousands,-2.559,USD_millions,reported,SEC_filing,none,,variant=reported | pre_tyman
NF-0038,reported_historical,SRC-014,Quanex FY2022 Form 10-K,SEC 10-K,https://www.sec.gov/Archives/edgar/data/1423221/000142322122000014/nx-20221031.htm,,2022-12-16,2021-11-01 to 2022-10-31,"Consolidated Statements of Income, FY2022 Form 10-K, p. 36",income_tax_expense,-21427,USD_thousands,-21.427,USD_millions,reported,SEC_filing,none,,variant=reported | pre_tyman
NF-0039,reported_historical,SRC-014,Quanex FY2022 Form 10-K,SEC 10-K,https://www.sec.gov/Archives/edgar/data/1423221/000142322122000014/nx-20221031.htm,,2022-12-16,2021-11-01 to 2022-10-31,"Consolidated Statements of Income, FY2022 Form 10-K, p. 36",net_income,88336,USD_thousands,88.336,USD_millions,reported,SEC_filing,none,,variant=reported | pre_tyman
NF-0040,reported_historical,SRC-014,Quanex FY2022 Form 10-K,SEC 10-K,https://www.sec.gov/Archives/edgar/data/1423221/000142322122000014/nx-20221031.htm,,2022-12-16,2020-11-01 to 2021-10-31,"Consolidated Statements of Income, FY2022 Form 10-K, p. 36",revenue,1072149,USD_thousands,1072.149,USD_millions,reported,SEC_filing,none,,variant=reported | pre_tyman
NF-0041,reported_historical,SRC-014,Quanex FY2022 Form 10-K,SEC 10-K,https://www.sec.gov/Archives/edgar/data/1423221/000142322122000014/nx-20221031.htm,,2022-12-16,2020-11-01 to 2021-10-31,"Consolidated Statements of Income, FY2022 Form 10-K, p. 36",cost_of_sales_excluding_depreciation_and_amortization,831541,USD_thousands,-831.541,USD_millions,reported,SEC_filing,none,,variant=reported | pre_tyman
NF-0042,reported_historical,SRC-014,Quanex FY2022 Form 10-K,SEC 10-K,https://www.sec.gov/Archives/edgar/data/1423221/000142322122000014/nx-20221031.htm,,2022-12-16,2020-11-01 to 2021-10-31,"Consolidated Statements of Income, FY2022 Form 10-K, p. 36",selling_general_and_administrative,115967,USD_thousands,-115.967,USD_millions,reported,SEC_filing,none,,variant=reported | pre_tyman
NF-0043,reported_historical,SRC-014,Quanex FY2022 Form 10-K,SEC 10-K,https://www.sec.gov/Archives/edgar/data/1423221/000142322122000014/nx-20221031.htm,,2022-12-16,2020-11-01 to 2021-10-31,"Consolidated Statements of Income, FY2022 Form 10-K, p. 36",restructuring_charges,39,USD_thousands,-0.039,USD_millions,reported,SEC_filing,none,,variant=reported | pre_tyman
NF-0044,reported_historical,SRC-014,Quanex FY2022 Form 10-K,SEC 10-K,https://www.sec.gov/Archives/edgar/data/1423221/000142322122000014/nx-20221031.htm,,2022-12-16,2020-11-01 to 2021-10-31,"Consolidated Statements of Income, FY2022 Form 10-K, p. 36",depreciation_and_amortization,42732,USD_thousands,-42.732,USD_millions,reported,SEC_filing,none,,variant=reported | pre_tyman
NF-0045,reported_historical,SRC-014,Quanex FY2022 Form 10-K,SEC 10-K,https://www.sec.gov/Archives/edgar/data/1423221/000142322122000014/nx-20221031.htm,,2022-12-16,2020-11-01 to 2021-10-31,"Consolidated Statements of Income, FY2022 Form 10-K, p. 36",operating_income,81870,USD_thousands,81.87,USD_millions,reported,SEC_filing,none,,variant=reported | pre_tyman
NF-0046,reported_historical,SRC-014,Quanex FY2022 Form 10-K,SEC 10-K,https://www.sec.gov/Archives/edgar/data/1423221/000142322122000014/nx-20221031.htm,,2022-12-16,2020-11-01 to 2021-10-31,"Consolidated Statements of Income, FY2022 Form 10-K, p. 36",interest_expense,-2530,USD_thousands,-2.53,USD_millions,reported,SEC_filing,none,,variant=reported | pre_tyman
NF-0047,reported_historical,SRC-014,Quanex FY2022 Form 10-K,SEC 10-K,https://www.sec.gov/Archives/edgar/data/1423221/000142322122000014/nx-20221031.htm,,2022-12-16,2020-11-01 to 2021-10-31,"Consolidated Statements of Income, FY2022 Form 10-K, p. 36",income_tax_expense,-23114,USD_thousands,-23.114,USD_millions,reported,SEC_filing,none,,variant=reported | pre_tyman
NF-0048,reported_historical,SRC-014,Quanex FY2022 Form 10-K,SEC 10-K,https://www.sec.gov/Archives/edgar/data/1423221/000142322122000014/nx-20221031.htm,,2022-12-16,2020-11-01 to 2021-10-31,"Consolidated Statements of Income, FY2022 Form 10-K, p. 36",net_income,56980,USD_thousands,56.98,USD_millions,reported,SEC_filing,none,,variant=reported | pre_tyman
NF-0049,reported_historical,SRC-001,Quanex FY2025 Form 10-K,SEC 10-K,https://www.sec.gov/Archives/edgar/data/1423221/000142322125000100/nx-20251031.htm,,2025-12-12,2024-11-01 to 2025-10-31,"Consolidated Statements of Cash Flow, FY2025 Form 10-K, p. 46",cash_flow_from_operations,164897,USD_thousands,164.897,USD_millions,reported,SEC_filing,none,,variant=reported | full_year_post_tyman_with_integration_effects
NF-0050,reported_historical,SRC-001,Quanex FY2025 Form 10-K,SEC 10-K,https://www.sec.gov/Archives/edgar/data/1423221/000142322125000100/nx-20251031.htm,,2025-12-12,2024-11-01 to 2025-10-31,"Consolidated Statements of Cash Flow, FY2025 Form 10-K, p. 46",capital_expenditures,-62642,USD_thousands,-62.642,USD_millions,reported,SEC_filing,none,,variant=reported | full_year_post_tyman_with_integration_effects
NF-0051,reported_historical,SRC-001,Quanex FY2025 Form 10-K,SEC 10-K,https://www.sec.gov/Archives/edgar/data/1423221/000142322125000100/nx-20251031.htm,,2025-12-12,2024-11-01 to 2025-10-31,"Consolidated Statements of Cash Flow, FY2025 Form 10-K, p. 46",acquisition_cash_flows,0,USD_thousands,0,USD_millions,reported,SEC_filing,none,,"variant=reported | full_year_post_tyman_with_integration_effects | Reported dash (zero), not a missing value."
NF-0052,reported_historical,SRC-001,Quanex FY2025 Form 10-K,SEC 10-K,https://www.sec.gov/Archives/edgar/data/1423221/000142322125000100/nx-20251031.htm,,2025-12-12,2024-11-01 to 2025-10-31,"Consolidated Statements of Cash Flow, FY2025 Form 10-K, p. 46",dividends_paid,-14889,USD_thousands,-14.889,USD_millions,reported,SEC_filing,none,,variant=reported | full_year_post_tyman_with_integration_effects
NF-0053,reported_historical,SRC-001,Quanex FY2025 Form 10-K,SEC 10-K,https://www.sec.gov/Archives/edgar/data/1423221/000142322125000100/nx-20251031.htm,,2025-12-12,2024-11-01 to 2025-10-31,"Consolidated Statements of Cash Flow, FY2025 Form 10-K, p. 46",share_repurchases,-32360,USD_thousands,-32.36,USD_millions,reported,SEC_filing,none,,variant=reported | full_year_post_tyman_with_integration_effects
NF-0054,reported_historical,SRC-001,Quanex FY2025 Form 10-K,SEC 10-K,https://www.sec.gov/Archives/edgar/data/1423221/000142322125000100/nx-20251031.htm,,2025-12-12,2023-11-01 to 2024-10-31,"Consolidated Statements of Cash Flow, FY2025 Form 10-K, p. 46",cash_flow_from_operations,88812,USD_thousands,88.812,USD_millions,reported,SEC_filing,none,,variant=reported | includes_three_months_of_tyman
NF-0055,reported_historical,SRC-001,Quanex FY2025 Form 10-K,SEC 10-K,https://www.sec.gov/Archives/edgar/data/1423221/000142322125000100/nx-20251031.htm,,2025-12-12,2023-11-01 to 2024-10-31,"Consolidated Statements of Cash Flow, FY2025 Form 10-K, p. 46",capital_expenditures,-37086,USD_thousands,-37.086,USD_millions,reported,SEC_filing,none,,variant=reported | includes_three_months_of_tyman
NF-0056,reported_historical,SRC-001,Quanex FY2025 Form 10-K,SEC 10-K,https://www.sec.gov/Archives/edgar/data/1423221/000142322125000100/nx-20251031.htm,,2025-12-12,2023-11-01 to 2024-10-31,"Consolidated Statements of Cash Flow, FY2025 Form 10-K, p. 46",acquisition_cash_flows,-398554,USD_thousands,-398.554,USD_millions,reported,SEC_filing,none,,variant=reported | includes_three_months_of_tyman
NF-0057,reported_historical,SRC-001,Quanex FY2025 Form 10-K,SEC 10-K,https://www.sec.gov/Archives/edgar/data/1423221/000142322125000100/nx-20251031.htm,,2025-12-12,2023-11-01 to 2024-10-31,"Consolidated Statements of Cash Flow, FY2025 Form 10-K, p. 46",dividends_paid,-11972,USD_thousands,-11.972,USD_millions,reported,SEC_filing,none,,variant=reported | includes_three_months_of_tyman
NF-0058,reported_historical,SRC-001,Quanex FY2025 Form 10-K,SEC 10-K,https://www.sec.gov/Archives/edgar/data/1423221/000142322125000100/nx-20251031.htm,,2025-12-12,2023-11-01 to 2024-10-31,"Consolidated Statements of Cash Flow, FY2025 Form 10-K, p. 46",share_repurchases,0,USD_thousands,0,USD_millions,reported,SEC_filing,none,,"variant=reported | includes_three_months_of_tyman | Reported dash (zero), not a missing value."
NF-0059,reported_historical,SRC-001,Quanex FY2025 Form 10-K,SEC 10-K,https://www.sec.gov/Archives/edgar/data/1423221/000142322125000100/nx-20251031.htm,,2025-12-12,2022-11-01 to 2023-10-31,"Consolidated Statements of Cash Flow, FY2025 Form 10-K, p. 46",cash_flow_from_operations,147052,USD_thousands,147.052,USD_millions,reported,SEC_filing,none,,variant=reported | pre_tyman
NF-0060,reported_historical,SRC-001,Quanex FY2025 Form 10-K,SEC 10-K,https://www.sec.gov/Archives/edgar/data/1423221/000142322125000100/nx-20251031.htm,,2025-12-12,2022-11-01 to 2023-10-31,"Consolidated Statements of Cash Flow, FY2025 Form 10-K, p. 46",capital_expenditures,-37390,USD_thousands,-37.39,USD_millions,reported,SEC_filing,none,,variant=reported | pre_tyman
NF-0061,reported_historical,SRC-001,Quanex FY2025 Form 10-K,SEC 10-K,https://www.sec.gov/Archives/edgar/data/1423221/000142322125000100/nx-20251031.htm,,2025-12-12,2022-11-01 to 2023-10-31,"Consolidated Statements of Cash Flow, FY2025 Form 10-K, p. 46",acquisition_cash_flows,-91302,USD_thousands,-91.302,USD_millions,reported,SEC_filing,none,,variant=reported | pre_tyman
NF-0062,reported_historical,SRC-001,Quanex FY2025 Form 10-K,SEC 10-K,https://www.sec.gov/Archives/edgar/data/1423221/000142322125000100/nx-20251031.htm,,2025-12-12,2022-11-01 to 2023-10-31,"Consolidated Statements of Cash Flow, FY2025 Form 10-K, p. 46",dividends_paid,-10639,USD_thousands,-10.639,USD_millions,reported,SEC_filing,none,,variant=reported | pre_tyman
NF-0063,reported_historical,SRC-001,Quanex FY2025 Form 10-K,SEC 10-K,https://www.sec.gov/Archives/edgar/data/1423221/000142322125000100/nx-20251031.htm,,2025-12-12,2022-11-01 to 2023-10-31,"Consolidated Statements of Cash Flow, FY2025 Form 10-K, p. 46",share_repurchases,-5593,USD_thousands,-5.593,USD_millions,reported,SEC_filing,none,,variant=reported | pre_tyman
NF-0064,reported_historical,SRC-014,Quanex FY2022 Form 10-K,SEC 10-K,https://www.sec.gov/Archives/edgar/data/1423221/000142322122000014/nx-20221031.htm,,2022-12-16,2021-11-01 to 2022-10-31,"Consolidated Statements of Cash Flow, FY2022 Form 10-K, p. 39",cash_flow_from_operations,97965,USD_thousands,97.965,USD_millions,reported,SEC_filing,none,,variant=reported | pre_tyman
NF-0065,reported_historical,SRC-014,Quanex FY2022 Form 10-K,SEC 10-K,https://www.sec.gov/Archives/edgar/data/1423221/000142322122000014/nx-20221031.htm,,2022-12-16,2021-11-01 to 2022-10-31,"Consolidated Statements of Cash Flow, FY2022 Form 10-K, p. 39",capital_expenditures,-33121,USD_thousands,-33.121,USD_millions,reported,SEC_filing,none,,variant=reported | pre_tyman
NF-0066,reported_historical,SRC-014,Quanex FY2022 Form 10-K,SEC 10-K,https://www.sec.gov/Archives/edgar/data/1423221/000142322122000014/nx-20221031.htm,,2022-12-16,2021-11-01 to 2022-10-31,"Consolidated Statements of Cash Flow, FY2022 Form 10-K, p. 39",dividends_paid,-10598,USD_thousands,-10.598,USD_millions,reported,SEC_filing,none,,variant=reported | pre_tyman
NF-0067,reported_historical,SRC-014,Quanex FY2022 Form 10-K,SEC 10-K,https://www.sec.gov/Archives/edgar/data/1423221/000142322122000014/nx-20221031.htm,,2022-12-16,2021-11-01 to 2022-10-31,"Consolidated Statements of Cash Flow, FY2022 Form 10-K, p. 39",share_repurchases,-6600,USD_thousands,-6.6,USD_millions,reported,SEC_filing,none,,variant=reported | pre_tyman
NF-0068,reported_historical,SRC-014,Quanex FY2022 Form 10-K,SEC 10-K,https://www.sec.gov/Archives/edgar/data/1423221/000142322122000014/nx-20221031.htm,,2022-12-16,2020-11-01 to 2021-10-31,"Consolidated Statements of Cash Flow, FY2022 Form 10-K, p. 39",cash_flow_from_operations,78588,USD_thousands,78.588,USD_millions,reported,SEC_filing,none,,variant=reported | pre_tyman
NF-0069,reported_historical,SRC-014,Quanex FY2022 Form 10-K,SEC 10-K,https://www.sec.gov/Archives/edgar/data/1423221/000142322122000014/nx-20221031.htm,,2022-12-16,2020-11-01 to 2021-10-31,"Consolidated Statements of Cash Flow, FY2022 Form 10-K, p. 39",capital_expenditures,-24008,USD_thousands,-24.008,USD_millions,reported,SEC_filing,none,,variant=reported | pre_tyman
NF-0070,reported_historical,SRC-014,Quanex FY2022 Form 10-K,SEC 10-K,https://www.sec.gov/Archives/edgar/data/1423221/000142322122000014/nx-20221031.htm,,2022-12-16,2020-11-01 to 2021-10-31,"Consolidated Statements of Cash Flow, FY2022 Form 10-K, p. 39",dividends_paid,-10779,USD_thousands,-10.779,USD_millions,reported,SEC_filing,none,,variant=reported | pre_tyman
NF-0071,reported_historical,SRC-014,Quanex FY2022 Form 10-K,SEC 10-K,https://www.sec.gov/Archives/edgar/data/1423221/000142322122000014/nx-20221031.htm,,2022-12-16,2020-11-01 to 2021-10-31,"Consolidated Statements of Cash Flow, FY2022 Form 10-K, p. 39",share_repurchases,-11182,USD_thousands,-11.182,USD_millions,reported,SEC_filing,none,,variant=reported | pre_tyman
NF-0072,reported_historical,SRC-001,Quanex FY2025 Form 10-K,SEC 10-K,https://www.sec.gov/Archives/edgar/data/1423221/000142322125000100/nx-20251031.htm,,2025-12-12,2025-10-31,"Consolidated Balance Sheets, FY2025 Form 10-K, p. 42",cash_and_cash_equivalents,76018,USD_thousands,76.018,USD_millions,reported,SEC_filing,none,,variant=reported | post_tyman_acquisition_date
NF-0073,reported_historical,SRC-001,Quanex FY2025 Form 10-K,SEC 10-K,https://www.sec.gov/Archives/edgar/data/1423221/000142322125000100/nx-20251031.htm,,2025-12-12,2025-10-31,"Consolidated Balance Sheets, FY2025 Form 10-K, p. 42",restricted_cash,2100,USD_thousands,2.1,USD_millions,reported,SEC_filing,none,,variant=reported | post_tyman_acquisition_date
NF-0074,reported_historical,SRC-001,Quanex FY2025 Form 10-K,SEC 10-K,https://www.sec.gov/Archives/edgar/data/1423221/000142322125000100/nx-20251031.htm,,2025-12-12,2025-10-31,"Consolidated Balance Sheets, FY2025 Form 10-K, p. 42",accounts_receivable,205384,USD_thousands,205.384,USD_millions,reported,SEC_filing,none,,variant=reported | post_tyman_acquisition_date
NF-0075,reported_historical,SRC-001,Quanex FY2025 Form 10-K,SEC 10-K,https://www.sec.gov/Archives/edgar/data/1423221/000142322125000100/nx-20251031.htm,,2025-12-12,2025-10-31,"Consolidated Balance Sheets, FY2025 Form 10-K, p. 42",inventory,254122,USD_thousands,254.122,USD_millions,reported,SEC_filing,none,,variant=reported | post_tyman_acquisition_date
NF-0076,reported_historical,SRC-001,Quanex FY2025 Form 10-K,SEC 10-K,https://www.sec.gov/Archives/edgar/data/1423221/000142322125000100/nx-20251031.htm,,2025-12-12,2025-10-31,"Consolidated Balance Sheets, FY2025 Form 10-K, p. 42",income_taxes_receivable,0,USD_thousands,0,USD_millions,reported,SEC_filing,none,,"variant=reported | post_tyman_acquisition_date | Reported dash (zero), not a missing value."
NF-0077,reported_historical,SRC-001,Quanex FY2025 Form 10-K,SEC 10-K,https://www.sec.gov/Archives/edgar/data/1423221/000142322125000100/nx-20251031.htm,,2025-12-12,2025-10-31,"Consolidated Balance Sheets, FY2025 Form 10-K, p. 42",prepaid_assets,32387,USD_thousands,32.387,USD_millions,reported,SEC_filing,none,,variant=reported | post_tyman_acquisition_date
NF-0078,reported_historical,SRC-001,Quanex FY2025 Form 10-K,SEC 10-K,https://www.sec.gov/Archives/edgar/data/1423221/000142322125000100/nx-20251031.htm,,2025-12-12,2025-10-31,"Consolidated Balance Sheets, FY2025 Form 10-K, p. 42",other_current_assets,3764,USD_thousands,3.764,USD_millions,reported,SEC_filing,none,,variant=reported | post_tyman_acquisition_date
NF-0079,reported_historical,SRC-001,Quanex FY2025 Form 10-K,SEC 10-K,https://www.sec.gov/Archives/edgar/data/1423221/000142322125000100/nx-20251031.htm,,2025-12-12,2025-10-31,"Consolidated Balance Sheets, FY2025 Form 10-K, p. 42",current_assets,573775,USD_thousands,573.775,USD_millions,reported,SEC_filing,none,,variant=reported | post_tyman_acquisition_date
NF-0080,reported_historical,SRC-001,Quanex FY2025 Form 10-K,SEC 10-K,https://www.sec.gov/Archives/edgar/data/1423221/000142322125000100/nx-20251031.htm,,2025-12-12,2025-10-31,"Consolidated Balance Sheets, FY2025 Form 10-K, p. 42",property_plant_and_equipment_net,411591,USD_thousands,411.591,USD_millions,reported,SEC_filing,none,,variant=reported | post_tyman_acquisition_date
NF-0081,reported_historical,SRC-001,Quanex FY2025 Form 10-K,SEC 10-K,https://www.sec.gov/Archives/edgar/data/1423221/000142322125000100/nx-20251031.htm,,2025-12-12,2025-10-31,"Consolidated Balance Sheets, FY2025 Form 10-K, p. 42",operating_lease_right_of_use_assets,154866,USD_thousands,154.866,USD_millions,reported,SEC_filing,none,,variant=reported | post_tyman_acquisition_date
NF-0082,reported_historical,SRC-001,Quanex FY2025 Form 10-K,SEC 10-K,https://www.sec.gov/Archives/edgar/data/1423221/000142322125000100/nx-20251031.htm,,2025-12-12,2025-10-31,"Consolidated Balance Sheets, FY2025 Form 10-K, p. 42",goodwill,271346,USD_thousands,271.346,USD_millions,reported,SEC_filing,none,,variant=reported | post_tyman_acquisition_date
NF-0083,reported_historical,SRC-001,Quanex FY2025 Form 10-K,SEC 10-K,https://www.sec.gov/Archives/edgar/data/1423221/000142322125000100/nx-20251031.htm,,2025-12-12,2025-10-31,"Consolidated Balance Sheets, FY2025 Form 10-K, p. 42",intangible_assets_net,549137,USD_thousands,549.137,USD_millions,reported,SEC_filing,none,,variant=reported | post_tyman_acquisition_date
NF-0084,reported_historical,SRC-001,Quanex FY2025 Form 10-K,SEC 10-K,https://www.sec.gov/Archives/edgar/data/1423221/000142322125000100/nx-20251031.htm,,2025-12-12,2025-10-31,"Consolidated Balance Sheets, FY2025 Form 10-K, p. 42",accounts_payable,131307,USD_thousands,131.307,USD_millions,reported,SEC_filing,none,,variant=reported | post_tyman_acquisition_date
NF-0085,reported_historical,SRC-001,Quanex FY2025 Form 10-K,SEC 10-K,https://www.sec.gov/Archives/edgar/data/1423221/000142322125000100/nx-20251031.htm,,2025-12-12,2025-10-31,"Consolidated Balance Sheets, FY2025 Form 10-K, p. 42",accrued_liabilities,95155,USD_thousands,95.155,USD_millions,reported,SEC_filing,none,,variant=reported | post_tyman_acquisition_date
NF-0086,reported_historical,SRC-001,Quanex FY2025 Form 10-K,SEC 10-K,https://www.sec.gov/Archives/edgar/data/1423221/000142322125000100/nx-20251031.htm,,2025-12-12,2025-10-31,"Consolidated Balance Sheets, FY2025 Form 10-K, p. 42",income_taxes_payable,12076,USD_thousands,12.076,USD_millions,reported,SEC_filing,none,,variant=reported | post_tyman_acquisition_date
NF-0087,reported_historical,SRC-001,Quanex FY2025 Form 10-K,SEC 10-K,https://www.sec.gov/Archives/edgar/data/1423221/000142322125000100/nx-20251031.htm,,2025-12-12,2025-10-31,"Consolidated Balance Sheets, FY2025 Form 10-K, p. 42",current_maturities_of_long_term_debt,27561,USD_thousands,27.561,USD_millions,reported,SEC_filing,none,,variant=reported | post_tyman_acquisition_date
NF-0088,reported_historical,SRC-001,Quanex FY2025 Form 10-K,SEC 10-K,https://www.sec.gov/Archives/edgar/data/1423221/000142322125000100/nx-20251031.htm,,2025-12-12,2025-10-31,"Consolidated Balance Sheets, FY2025 Form 10-K, p. 42",current_operating_lease_liabilities,15446,USD_thousands,15.446,USD_millions,reported,SEC_filing,none,,variant=reported | post_tyman_acquisition_date
NF-0089,reported_historical,SRC-001,Quanex FY2025 Form 10-K,SEC 10-K,https://www.sec.gov/Archives/edgar/data/1423221/000142322125000100/nx-20251031.htm,,2025-12-12,2025-10-31,"Consolidated Balance Sheets, FY2025 Form 10-K, p. 42",current_liabilities,281545,USD_thousands,281.545,USD_millions,reported,SEC_filing,none,,variant=reported | post_tyman_acquisition_date
NF-0090,reported_historical,SRC-001,Quanex FY2025 Form 10-K,SEC 10-K,https://www.sec.gov/Archives/edgar/data/1423221/000142322125000100/nx-20251031.htm,,2025-12-12,2025-10-31,"Consolidated Balance Sheets, FY2025 Form 10-K, p. 42",long_term_debt,665268,USD_thousands,665.268,USD_millions,reported,SEC_filing,none,,variant=reported | post_tyman_acquisition_date
NF-0091,reported_historical,SRC-001,Quanex FY2025 Form 10-K,SEC 10-K,https://www.sec.gov/Archives/edgar/data/1423221/000142322125000100/nx-20251031.htm,,2025-12-12,2025-10-31,"Consolidated Balance Sheets, FY2025 Form 10-K, p. 42",noncurrent_operating_lease_liabilities,145459,USD_thousands,145.459,USD_millions,reported,SEC_filing,none,,variant=reported | post_tyman_acquisition_date
NF-0092,reported_historical,SRC-001,Quanex FY2025 Form 10-K,SEC 10-K,https://www.sec.gov/Archives/edgar/data/1423221/000142322125000100/nx-20251031.htm,,2025-12-12,2024-10-31,"Consolidated Balance Sheets, FY2025 Form 10-K, p. 42",cash_and_cash_equivalents,97744,USD_thousands,97.744,USD_millions,reported,SEC_filing,none,,variant=reported | post_tyman_acquisition_date
NF-0093,reported_historical,SRC-001,Quanex FY2025 Form 10-K,SEC 10-K,https://www.sec.gov/Archives/edgar/data/1423221/000142322125000100/nx-20251031.htm,,2025-12-12,2024-10-31,"Consolidated Balance Sheets, FY2025 Form 10-K, p. 42",restricted_cash,5251,USD_thousands,5.251,USD_millions,reported,SEC_filing,none,,variant=reported | post_tyman_acquisition_date
NF-0094,reported_historical,SRC-001,Quanex FY2025 Form 10-K,SEC 10-K,https://www.sec.gov/Archives/edgar/data/1423221/000142322125000100/nx-20251031.htm,,2025-12-12,2024-10-31,"Consolidated Balance Sheets, FY2025 Form 10-K, p. 42",accounts_receivable,197689,USD_thousands,197.689,USD_millions,reported,SEC_filing,none,,variant=reported | post_tyman_acquisition_date
NF-0095,reported_historical,SRC-001,Quanex FY2025 Form 10-K,SEC 10-K,https://www.sec.gov/Archives/edgar/data/1423221/000142322125000100/nx-20251031.htm,,2025-12-12,2024-10-31,"Consolidated Balance Sheets, FY2025 Form 10-K, p. 42",inventory,275550,USD_thousands,275.55,USD_millions,reported,SEC_filing,none,,variant=reported | post_tyman_acquisition_date
NF-0096,reported_historical,SRC-001,Quanex FY2025 Form 10-K,SEC 10-K,https://www.sec.gov/Archives/edgar/data/1423221/000142322125000100/nx-20251031.htm,,2025-12-12,2024-10-31,"Consolidated Balance Sheets, FY2025 Form 10-K, p. 42",income_taxes_receivable,5937,USD_thousands,5.937,USD_millions,reported,SEC_filing,none,,variant=reported | post_tyman_acquisition_date
NF-0097,reported_historical,SRC-001,Quanex FY2025 Form 10-K,SEC 10-K,https://www.sec.gov/Archives/edgar/data/1423221/000142322125000100/nx-20251031.htm,,2025-12-12,2024-10-31,"Consolidated Balance Sheets, FY2025 Form 10-K, p. 42",prepaid_assets,23419,USD_thousands,23.419,USD_millions,reported,SEC_filing,none,,variant=reported | post_tyman_acquisition_date
NF-0098,reported_historical,SRC-001,Quanex FY2025 Form 10-K,SEC 10-K,https://www.sec.gov/Archives/edgar/data/1423221/000142322125000100/nx-20251031.htm,,2025-12-12,2024-10-31,"Consolidated Balance Sheets, FY2025 Form 10-K, p. 42",other_current_assets,5678,USD_thousands,5.678,USD_millions,reported,SEC_filing,none,,variant=reported | post_tyman_acquisition_date
NF-0099,reported_historical,SRC-001,Quanex FY2025 Form 10-K,SEC 10-K,https://www.sec.gov/Archives/edgar/data/1423221/000142322125000100/nx-20251031.htm,,2025-12-12,2024-10-31,"Consolidated Balance Sheets, FY2025 Form 10-K, p. 42",current_assets,611268,USD_thousands,611.268,USD_millions,reported,SEC_filing,none,,variant=reported | post_tyman_acquisition_date
NF-0100,reported_historical,SRC-001,Quanex FY2025 Form 10-K,SEC 10-K,https://www.sec.gov/Archives/edgar/data/1423221/000142322125000100/nx-20251031.htm,,2025-12-12,2024-10-31,"Consolidated Balance Sheets, FY2025 Form 10-K, p. 42",property_plant_and_equipment_net,402466,USD_thousands,402.466,USD_millions,reported,SEC_filing,none,,variant=reported | post_tyman_acquisition_date
NF-0101,reported_historical,SRC-001,Quanex FY2025 Form 10-K,SEC 10-K,https://www.sec.gov/Archives/edgar/data/1423221/000142322125000100/nx-20251031.htm,,2025-12-12,2024-10-31,"Consolidated Balance Sheets, FY2025 Form 10-K, p. 42",operating_lease_right_of_use_assets,126715,USD_thousands,126.715,USD_millions,reported,SEC_filing,none,,variant=reported | post_tyman_acquisition_date
NF-0102,reported_historical,SRC-001,Quanex FY2025 Form 10-K,SEC 10-K,https://www.sec.gov/Archives/edgar/data/1423221/000142322125000100/nx-20251031.htm,,2025-12-12,2024-10-31,"Consolidated Balance Sheets, FY2025 Form 10-K, p. 42",goodwill,574711,USD_thousands,574.711,USD_millions,reported,SEC_filing,none,,variant=reported | post_tyman_acquisition_date
NF-0103,reported_historical,SRC-001,Quanex FY2025 Form 10-K,SEC 10-K,https://www.sec.gov/Archives/edgar/data/1423221/000142322125000100/nx-20251031.htm,,2025-12-12,2024-10-31,"Consolidated Balance Sheets, FY2025 Form 10-K, p. 42",intangible_assets_net,597909,USD_thousands,597.909,USD_millions,reported,SEC_filing,none,,variant=reported | post_tyman_acquisition_date
NF-0104,reported_historical,SRC-001,Quanex FY2025 Form 10-K,SEC 10-K,https://www.sec.gov/Archives/edgar/data/1423221/000142322125000100/nx-20251031.htm,,2025-12-12,2024-10-31,"Consolidated Balance Sheets, FY2025 Form 10-K, p. 42",accounts_payable,124404,USD_thousands,124.404,USD_millions,reported,SEC_filing,none,,variant=reported | post_tyman_acquisition_date
NF-0105,reported_historical,SRC-001,Quanex FY2025 Form 10-K,SEC 10-K,https://www.sec.gov/Archives/edgar/data/1423221/000142322125000100/nx-20251031.htm,,2025-12-12,2024-10-31,"Consolidated Balance Sheets, FY2025 Form 10-K, p. 42",accrued_liabilities,103623,USD_thousands,103.623,USD_millions,reported,SEC_filing,none,,variant=reported | post_tyman_acquisition_date
NF-0106,reported_historical,SRC-001,Quanex FY2025 Form 10-K,SEC 10-K,https://www.sec.gov/Archives/edgar/data/1423221/000142322125000100/nx-20251031.htm,,2025-12-12,2024-10-31,"Consolidated Balance Sheets, FY2025 Form 10-K, p. 42",income_taxes_payable,6620,USD_thousands,6.62,USD_millions,reported,SEC_filing,none,,variant=reported | post_tyman_acquisition_date
NF-0107,reported_historical,SRC-001,Quanex FY2025 Form 10-K,SEC 10-K,https://www.sec.gov/Archives/edgar/data/1423221/000142322125000100/nx-20251031.htm,,2025-12-12,2024-10-31,"Consolidated Balance Sheets, FY2025 Form 10-K, p. 42",current_maturities_of_long_term_debt,25745,USD_thousands,25.745,USD_millions,reported,SEC_filing,none,,variant=reported | post_tyman_acquisition_date
NF-0108,reported_historical,SRC-001,Quanex FY2025 Form 10-K,SEC 10-K,https://www.sec.gov/Archives/edgar/data/1423221/000142322125000100/nx-20251031.htm,,2025-12-12,2024-10-31,"Consolidated Balance Sheets, FY2025 Form 10-K, p. 42",current_operating_lease_liabilities,12475,USD_thousands,12.475,USD_millions,reported,SEC_filing,none,,variant=reported | post_tyman_acquisition_date
NF-0109,reported_historical,SRC-001,Quanex FY2025 Form 10-K,SEC 10-K,https://www.sec.gov/Archives/edgar/data/1423221/000142322125000100/nx-20251031.htm,,2025-12-12,2024-10-31,"Consolidated Balance Sheets, FY2025 Form 10-K, p. 42",current_liabilities,272867,USD_thousands,272.867,USD_millions,reported,SEC_filing,none,,variant=reported | post_tyman_acquisition_date
NF-0110,reported_historical,SRC-001,Quanex FY2025 Form 10-K,SEC 10-K,https://www.sec.gov/Archives/edgar/data/1423221/000142322125000100/nx-20251031.htm,,2025-12-12,2024-10-31,"Consolidated Balance Sheets, FY2025 Form 10-K, p. 42",long_term_debt,737198,USD_thousands,737.198,USD_millions,reported,SEC_filing,none,,variant=reported | post_tyman_acquisition_date
NF-0111,reported_historical,SRC-001,Quanex FY2025 Form 10-K,SEC 10-K,https://www.sec.gov/Archives/edgar/data/1423221/000142322125000100/nx-20251031.htm,,2025-12-12,2024-10-31,"Consolidated Balance Sheets, FY2025 Form 10-K, p. 42",noncurrent_operating_lease_liabilities,117560,USD_thousands,117.56,USD_millions,reported,SEC_filing,none,,variant=reported | post_tyman_acquisition_date
NF-0112,reported_historical,SRC-012,Quanex FY2024 Form 10-K,SEC 10-K,https://www.sec.gov/Archives/edgar/data/1423221/000142322124000015/nx-20241031.htm,,2024-12-16,2023-10-31,"Consolidated Balance Sheets, FY2024 Form 10-K, p. 40",cash_and_cash_equivalents,58474,USD_thousands,58.474,USD_millions,reported,SEC_filing,none,,variant=reported | pre_tyman
NF-0113,reported_historical,SRC-012,Quanex FY2024 Form 10-K,SEC 10-K,https://www.sec.gov/Archives/edgar/data/1423221/000142322124000015/nx-20241031.htm,,2024-12-16,2023-10-31,"Consolidated Balance Sheets, FY2024 Form 10-K, p. 40",restricted_cash,0,USD_thousands,0,USD_millions,reported,SEC_filing,none,,"variant=reported | pre_tyman | Reported dash (zero), not a missing value."
NF-0114,reported_historical,SRC-012,Quanex FY2024 Form 10-K,SEC 10-K,https://www.sec.gov/Archives/edgar/data/1423221/000142322124000015/nx-20241031.htm,,2024-12-16,2023-10-31,"Consolidated Balance Sheets, FY2024 Form 10-K, p. 40",accounts_receivable,97311,USD_thousands,97.311,USD_millions,reported,SEC_filing,none,,variant=reported | pre_tyman
NF-0115,reported_historical,SRC-012,Quanex FY2024 Form 10-K,SEC 10-K,https://www.sec.gov/Archives/edgar/data/1423221/000142322124000015/nx-20241031.htm,,2024-12-16,2023-10-31,"Consolidated Balance Sheets, FY2024 Form 10-K, p. 40",inventory,97959,USD_thousands,97.959,USD_millions,reported,SEC_filing,none,,variant=reported | pre_tyman
NF-0116,reported_historical,SRC-012,Quanex FY2024 Form 10-K,SEC 10-K,https://www.sec.gov/Archives/edgar/data/1423221/000142322124000015/nx-20241031.htm,,2024-12-16,2023-10-31,"Consolidated Balance Sheets, FY2024 Form 10-K, p. 40",income_taxes_receivable,8298,USD_thousands,8.298,USD_millions,reported,SEC_filing,none,,variant=reported | pre_tyman
NF-0117,reported_historical,SRC-012,Quanex FY2024 Form 10-K,SEC 10-K,https://www.sec.gov/Archives/edgar/data/1423221/000142322124000015/nx-20241031.htm,,2024-12-16,2023-10-31,"Consolidated Balance Sheets, FY2024 Form 10-K, p. 40",prepaid_and_other_current_assets,11558,USD_thousands,11.558,USD_millions,reported,SEC_filing,none,,variant=reported | pre_tyman
NF-0118,reported_historical,SRC-012,Quanex FY2024 Form 10-K,SEC 10-K,https://www.sec.gov/Archives/edgar/data/1423221/000142322124000015/nx-20241031.htm,,2024-12-16,2023-10-31,"Consolidated Balance Sheets, FY2024 Form 10-K, p. 40",current_assets,273600,USD_thousands,273.6,USD_millions,reported,SEC_filing,none,,variant=reported | pre_tyman
NF-0119,reported_historical,SRC-012,Quanex FY2024 Form 10-K,SEC 10-K,https://www.sec.gov/Archives/edgar/data/1423221/000142322124000015/nx-20241031.htm,,2024-12-16,2023-10-31,"Consolidated Balance Sheets, FY2024 Form 10-K, p. 40",property_plant_and_equipment_net,250664,USD_thousands,250.664,USD_millions,reported,SEC_filing,none,,variant=reported | pre_tyman
NF-0120,reported_historical,SRC-012,Quanex FY2024 Form 10-K,SEC 10-K,https://www.sec.gov/Archives/edgar/data/1423221/000142322124000015/nx-20241031.htm,,2024-12-16,2023-10-31,"Consolidated Balance Sheets, FY2024 Form 10-K, p. 40",operating_lease_right_of_use_assets,46620,USD_thousands,46.62,USD_millions,reported,SEC_filing,none,,variant=reported | pre_tyman
NF-0121,reported_historical,SRC-012,Quanex FY2024 Form 10-K,SEC 10-K,https://www.sec.gov/Archives/edgar/data/1423221/000142322124000015/nx-20241031.htm,,2024-12-16,2023-10-31,"Consolidated Balance Sheets, FY2024 Form 10-K, p. 40",goodwill,182956,USD_thousands,182.956,USD_millions,reported,SEC_filing,none,,variant=reported | pre_tyman
NF-0122,reported_historical,SRC-012,Quanex FY2024 Form 10-K,SEC 10-K,https://www.sec.gov/Archives/edgar/data/1423221/000142322124000015/nx-20241031.htm,,2024-12-16,2023-10-31,"Consolidated Balance Sheets, FY2024 Form 10-K, p. 40",intangible_assets_net,74115,USD_thousands,74.115,USD_millions,reported,SEC_filing,none,,variant=reported | pre_tyman
NF-0123,reported_historical,SRC-012,Quanex FY2024 Form 10-K,SEC 10-K,https://www.sec.gov/Archives/edgar/data/1423221/000142322124000015/nx-20241031.htm,,2024-12-16,2023-10-31,"Consolidated Balance Sheets, FY2024 Form 10-K, p. 40",accounts_payable,74371,USD_thousands,74.371,USD_millions,reported,SEC_filing,none,,variant=reported | pre_tyman
NF-0124,reported_historical,SRC-012,Quanex FY2024 Form 10-K,SEC 10-K,https://www.sec.gov/Archives/edgar/data/1423221/000142322124000015/nx-20241031.htm,,2024-12-16,2023-10-31,"Consolidated Balance Sheets, FY2024 Form 10-K, p. 40",accrued_liabilities,50319,USD_thousands,50.319,USD_millions,reported,SEC_filing,none,,variant=reported | pre_tyman
NF-0125,reported_historical,SRC-012,Quanex FY2024 Form 10-K,SEC 10-K,https://www.sec.gov/Archives/edgar/data/1423221/000142322124000015/nx-20241031.htm,,2024-12-16,2023-10-31,"Consolidated Balance Sheets, FY2024 Form 10-K, p. 40",income_taxes_payable,384,USD_thousands,0.384,USD_millions,reported,SEC_filing,none,,variant=reported | pre_tyman
NF-0126,reported_historical,SRC-012,Quanex FY2024 Form 10-K,SEC 10-K,https://www.sec.gov/Archives/edgar/data/1423221/000142322124000015/nx-20241031.htm,,2024-12-16,2023-10-31,"Consolidated Balance Sheets, FY2024 Form 10-K, p. 40",current_maturities_of_long_term_debt,2365,USD_thousands,2.365,USD_millions,reported,SEC_filing,none,,variant=reported | pre_tyman
NF-0127,reported_historical,SRC-012,Quanex FY2024 Form 10-K,SEC 10-K,https://www.sec.gov/Archives/edgar/data/1423221/000142322124000015/nx-20241031.htm,,2024-12-16,2023-10-31,"Consolidated Balance Sheets, FY2024 Form 10-K, p. 40",current_operating_lease_liabilities,7224,USD_thousands,7.224,USD_millions,reported,SEC_filing,none,,variant=reported | pre_tyman
NF-0128,reported_historical,SRC-012,Quanex FY2024 Form 10-K,SEC 10-K,https://www.sec.gov/Archives/edgar/data/1423221/000142322124000015/nx-20241031.htm,,2024-12-16,2023-10-31,"Consolidated Balance Sheets, FY2024 Form 10-K, p. 40",current_liabilities,134663,USD_thousands,134.663,USD_millions,reported,SEC_filing,none,,variant=reported | pre_tyman
NF-0129,reported_historical,SRC-012,Quanex FY2024 Form 10-K,SEC 10-K,https://www.sec.gov/Archives/edgar/data/1423221/000142322124000015/nx-20241031.htm,,2024-12-16,2023-10-31,"Consolidated Balance Sheets, FY2024 Form 10-K, p. 40",long_term_debt,66435,USD_thousands,66.435,USD_millions,reported,SEC_filing,none,,variant=reported | pre_tyman
NF-0130,reported_historical,SRC-012,Quanex FY2024 Form 10-K,SEC 10-K,https://www.sec.gov/Archives/edgar/data/1423221/000142322124000015/nx-20241031.htm,,2024-12-16,2023-10-31,"Consolidated Balance Sheets, FY2024 Form 10-K, p. 40",noncurrent_operating_lease_liabilities,40361,USD_thousands,40.361,USD_millions,reported,SEC_filing,none,,variant=reported | pre_tyman
NF-0131,reported_historical,SRC-014,Quanex FY2022 Form 10-K,SEC 10-K,https://www.sec.gov/Archives/edgar/data/1423221/000142322122000014/nx-20221031.htm,,2022-12-16,2022-10-31,"Consolidated Balance Sheets, FY2022 Form 10-K, p. 35",cash_and_cash_equivalents,55093,USD_thousands,55.093,USD_millions,reported,SEC_filing,none,,variant=reported | pre_tyman
NF-0132,reported_historical,SRC-014,Quanex FY2022 Form 10-K,SEC 10-K,https://www.sec.gov/Archives/edgar/data/1423221/000142322122000014/nx-20221031.htm,,2022-12-16,2022-10-31,"Consolidated Balance Sheets, FY2022 Form 10-K, p. 35",accounts_receivable,96018,USD_thousands,96.018,USD_millions,reported,SEC_filing,none,,variant=reported | pre_tyman
NF-0133,reported_historical,SRC-014,Quanex FY2022 Form 10-K,SEC 10-K,https://www.sec.gov/Archives/edgar/data/1423221/000142322122000014/nx-20221031.htm,,2022-12-16,2022-10-31,"Consolidated Balance Sheets, FY2022 Form 10-K, p. 35",inventory,120890,USD_thousands,120.89,USD_millions,reported,SEC_filing,none,,variant=reported | pre_tyman
NF-0134,reported_historical,SRC-014,Quanex FY2022 Form 10-K,SEC 10-K,https://www.sec.gov/Archives/edgar/data/1423221/000142322122000014/nx-20221031.htm,,2022-12-16,2022-10-31,"Consolidated Balance Sheets, FY2022 Form 10-K, p. 35",prepaid_and_other_current_assets,8664,USD_thousands,8.664,USD_millions,reported,SEC_filing,none,,variant=reported | pre_tyman
NF-0135,reported_historical,SRC-014,Quanex FY2022 Form 10-K,SEC 10-K,https://www.sec.gov/Archives/edgar/data/1423221/000142322122000014/nx-20221031.htm,,2022-12-16,2022-10-31,"Consolidated Balance Sheets, FY2022 Form 10-K, p. 35",current_assets,280665,USD_thousands,280.665,USD_millions,reported,SEC_filing,none,,variant=reported | pre_tyman
NF-0136,reported_historical,SRC-014,Quanex FY2022 Form 10-K,SEC 10-K,https://www.sec.gov/Archives/edgar/data/1423221/000142322122000014/nx-20221031.htm,,2022-12-16,2022-10-31,"Consolidated Balance Sheets, FY2022 Form 10-K, p. 35",property_plant_and_equipment_net,180400,USD_thousands,180.4,USD_millions,reported,SEC_filing,none,,variant=reported | pre_tyman
NF-0137,reported_historical,SRC-014,Quanex FY2022 Form 10-K,SEC 10-K,https://www.sec.gov/Archives/edgar/data/1423221/000142322122000014/nx-20221031.htm,,2022-12-16,2022-10-31,"Consolidated Balance Sheets, FY2022 Form 10-K, p. 35",operating_lease_right_of_use_assets,56000,USD_thousands,56,USD_millions,reported,SEC_filing,none,,variant=reported | pre_tyman
NF-0138,reported_historical,SRC-014,Quanex FY2022 Form 10-K,SEC 10-K,https://www.sec.gov/Archives/edgar/data/1423221/000142322122000014/nx-20221031.htm,,2022-12-16,2022-10-31,"Consolidated Balance Sheets, FY2022 Form 10-K, p. 35",goodwill,137855,USD_thousands,137.855,USD_millions,reported,SEC_filing,none,,variant=reported | pre_tyman
NF-0139,reported_historical,SRC-014,Quanex FY2022 Form 10-K,SEC 10-K,https://www.sec.gov/Archives/edgar/data/1423221/000142322122000014/nx-20221031.htm,,2022-12-16,2022-10-31,"Consolidated Balance Sheets, FY2022 Form 10-K, p. 35",intangible_assets_net,65035,USD_thousands,65.035,USD_millions,reported,SEC_filing,none,,variant=reported | pre_tyman
NF-0140,reported_historical,SRC-014,Quanex FY2022 Form 10-K,SEC 10-K,https://www.sec.gov/Archives/edgar/data/1423221/000142322122000014/nx-20221031.htm,,2022-12-16,2022-10-31,"Consolidated Balance Sheets, FY2022 Form 10-K, p. 35",accounts_payable,77907,USD_thousands,77.907,USD_millions,reported,SEC_filing,none,,variant=reported | pre_tyman
NF-0141,reported_historical,SRC-014,Quanex FY2022 Form 10-K,SEC 10-K,https://www.sec.gov/Archives/edgar/data/1423221/000142322122000014/nx-20221031.htm,,2022-12-16,2022-10-31,"Consolidated Balance Sheets, FY2022 Form 10-K, p. 35",accrued_liabilities,52114,USD_thousands,52.114,USD_millions,reported,SEC_filing,none,,variant=reported | pre_tyman
NF-0142,reported_historical,SRC-014,Quanex FY2022 Form 10-K,SEC 10-K,https://www.sec.gov/Archives/edgar/data/1423221/000142322122000014/nx-20221031.htm,,2022-12-16,2022-10-31,"Consolidated Balance Sheets, FY2022 Form 10-K, p. 35",income_taxes_payable,1049,USD_thousands,1.049,USD_millions,reported,SEC_filing,none,,variant=reported | pre_tyman
NF-0143,reported_historical,SRC-014,Quanex FY2022 Form 10-K,SEC 10-K,https://www.sec.gov/Archives/edgar/data/1423221/000142322122000014/nx-20221031.htm,,2022-12-16,2022-10-31,"Consolidated Balance Sheets, FY2022 Form 10-K, p. 35",current_maturities_of_long_term_debt,1046,USD_thousands,1.046,USD_millions,reported,SEC_filing,none,,variant=reported | pre_tyman
NF-0144,reported_historical,SRC-014,Quanex FY2022 Form 10-K,SEC 10-K,https://www.sec.gov/Archives/edgar/data/1423221/000142322122000014/nx-20221031.htm,,2022-12-16,2022-10-31,"Consolidated Balance Sheets, FY2022 Form 10-K, p. 35",current_operating_lease_liabilities,7727,USD_thousands,7.727,USD_millions,reported,SEC_filing,none,,variant=reported | pre_tyman
NF-0145,reported_historical,SRC-014,Quanex FY2022 Form 10-K,SEC 10-K,https://www.sec.gov/Archives/edgar/data/1423221/000142322122000014/nx-20221031.htm,,2022-12-16,2022-10-31,"Consolidated Balance Sheets, FY2022 Form 10-K, p. 35",current_liabilities,139843,USD_thousands,139.843,USD_millions,reported,SEC_filing,none,,variant=reported | pre_tyman
NF-0146,reported_historical,SRC-014,Quanex FY2022 Form 10-K,SEC 10-K,https://www.sec.gov/Archives/edgar/data/1423221/000142322122000014/nx-20221031.htm,,2022-12-16,2022-10-31,"Consolidated Balance Sheets, FY2022 Form 10-K, p. 35",long_term_debt,29628,USD_thousands,29.628,USD_millions,reported,SEC_filing,none,,variant=reported | pre_tyman
NF-0147,reported_historical,SRC-014,Quanex FY2022 Form 10-K,SEC 10-K,https://www.sec.gov/Archives/edgar/data/1423221/000142322122000014/nx-20221031.htm,,2022-12-16,2022-10-31,"Consolidated Balance Sheets, FY2022 Form 10-K, p. 35",noncurrent_operating_lease_liabilities,49286,USD_thousands,49.286,USD_millions,reported,SEC_filing,none,,variant=reported | pre_tyman
NF-0148,reported_historical,SRC-014,Quanex FY2022 Form 10-K,SEC 10-K,https://www.sec.gov/Archives/edgar/data/1423221/000142322122000014/nx-20221031.htm,,2022-12-16,2021-10-31,"Consolidated Balance Sheets, FY2022 Form 10-K, p. 35",cash_and_cash_equivalents,40061,USD_thousands,40.061,USD_millions,reported,SEC_filing,none,,variant=reported | pre_tyman
NF-0149,reported_historical,SRC-014,Quanex FY2022 Form 10-K,SEC 10-K,https://www.sec.gov/Archives/edgar/data/1423221/000142322122000014/nx-20221031.htm,,2022-12-16,2021-10-31,"Consolidated Balance Sheets, FY2022 Form 10-K, p. 35",accounts_receivable,108309,USD_thousands,108.309,USD_millions,reported,SEC_filing,none,,variant=reported | pre_tyman
NF-0150,reported_historical,SRC-014,Quanex FY2022 Form 10-K,SEC 10-K,https://www.sec.gov/Archives/edgar/data/1423221/000142322122000014/nx-20221031.htm,,2022-12-16,2021-10-31,"Consolidated Balance Sheets, FY2022 Form 10-K, p. 35",inventory,92529,USD_thousands,92.529,USD_millions,reported,SEC_filing,none,,variant=reported | pre_tyman
NF-0151,reported_historical,SRC-014,Quanex FY2022 Form 10-K,SEC 10-K,https://www.sec.gov/Archives/edgar/data/1423221/000142322122000014/nx-20221031.htm,,2022-12-16,2021-10-31,"Consolidated Balance Sheets, FY2022 Form 10-K, p. 35",prepaid_and_other_current_assets,8148,USD_thousands,8.148,USD_millions,reported,SEC_filing,none,,variant=reported | pre_tyman
NF-0152,reported_historical,SRC-014,Quanex FY2022 Form 10-K,SEC 10-K,https://www.sec.gov/Archives/edgar/data/1423221/000142322122000014/nx-20221031.htm,,2022-12-16,2021-10-31,"Consolidated Balance Sheets, FY2022 Form 10-K, p. 35",current_assets,249047,USD_thousands,249.047,USD_millions,reported,SEC_filing,none,,variant=reported | pre_tyman
NF-0153,reported_historical,SRC-014,Quanex FY2022 Form 10-K,SEC 10-K,https://www.sec.gov/Archives/edgar/data/1423221/000142322122000014/nx-20221031.htm,,2022-12-16,2021-10-31,"Consolidated Balance Sheets, FY2022 Form 10-K, p. 35",property_plant_and_equipment_net,178630,USD_thousands,178.63,USD_millions,reported,SEC_filing,none,,variant=reported | pre_tyman
NF-0154,reported_historical,SRC-014,Quanex FY2022 Form 10-K,SEC 10-K,https://www.sec.gov/Archives/edgar/data/1423221/000142322122000014/nx-20221031.htm,,2022-12-16,2021-10-31,"Consolidated Balance Sheets, FY2022 Form 10-K, p. 35",operating_lease_right_of_use_assets,52708,USD_thousands,52.708,USD_millions,reported,SEC_filing,none,,variant=reported | pre_tyman
NF-0155,reported_historical,SRC-014,Quanex FY2022 Form 10-K,SEC 10-K,https://www.sec.gov/Archives/edgar/data/1423221/000142322122000014/nx-20221031.htm,,2022-12-16,2021-10-31,"Consolidated Balance Sheets, FY2022 Form 10-K, p. 35",goodwill,149205,USD_thousands,149.205,USD_millions,reported,SEC_filing,none,,variant=reported | pre_tyman
NF-0156,reported_historical,SRC-014,Quanex FY2022 Form 10-K,SEC 10-K,https://www.sec.gov/Archives/edgar/data/1423221/000142322122000014/nx-20221031.htm,,2022-12-16,2021-10-31,"Consolidated Balance Sheets, FY2022 Form 10-K, p. 35",intangible_assets_net,82410,USD_thousands,82.41,USD_millions,reported,SEC_filing,none,,variant=reported | pre_tyman
NF-0157,reported_historical,SRC-014,Quanex FY2022 Form 10-K,SEC 10-K,https://www.sec.gov/Archives/edgar/data/1423221/000142322122000014/nx-20221031.htm,,2022-12-16,2021-10-31,"Consolidated Balance Sheets, FY2022 Form 10-K, p. 35",accounts_payable,86765,USD_thousands,86.765,USD_millions,reported,SEC_filing,none,,variant=reported | pre_tyman
NF-0158,reported_historical,SRC-014,Quanex FY2022 Form 10-K,SEC 10-K,https://www.sec.gov/Archives/edgar/data/1423221/000142322122000014/nx-20221031.htm,,2022-12-16,2021-10-31,"Consolidated Balance Sheets, FY2022 Form 10-K, p. 35",accrued_liabilities,56156,USD_thousands,56.156,USD_millions,reported,SEC_filing,none,,variant=reported | pre_tyman
NF-0159,reported_historical,SRC-014,Quanex FY2022 Form 10-K,SEC 10-K,https://www.sec.gov/Archives/edgar/data/1423221/000142322122000014/nx-20221031.htm,,2022-12-16,2021-10-31,"Consolidated Balance Sheets, FY2022 Form 10-K, p. 35",income_taxes_payable,6038,USD_thousands,6.038,USD_millions,reported,SEC_filing,none,,variant=reported | pre_tyman
NF-0160,reported_historical,SRC-014,Quanex FY2022 Form 10-K,SEC 10-K,https://www.sec.gov/Archives/edgar/data/1423221/000142322122000014/nx-20221031.htm,,2022-12-16,2021-10-31,"Consolidated Balance Sheets, FY2022 Form 10-K, p. 35",current_maturities_of_long_term_debt,846,USD_thousands,0.846,USD_millions,reported,SEC_filing,none,,variant=reported | pre_tyman
NF-0161,reported_historical,SRC-014,Quanex FY2022 Form 10-K,SEC 10-K,https://www.sec.gov/Archives/edgar/data/1423221/000142322122000014/nx-20221031.htm,,2022-12-16,2021-10-31,"Consolidated Balance Sheets, FY2022 Form 10-K, p. 35",current_operating_lease_liabilities,8196,USD_thousands,8.196,USD_millions,reported,SEC_filing,none,,variant=reported | pre_tyman
NF-0162,reported_historical,SRC-014,Quanex FY2022 Form 10-K,SEC 10-K,https://www.sec.gov/Archives/edgar/data/1423221/000142322122000014/nx-20221031.htm,,2022-12-16,2021-10-31,"Consolidated Balance Sheets, FY2022 Form 10-K, p. 35",current_liabilities,158001,USD_thousands,158.001,USD_millions,reported,SEC_filing,none,,variant=reported | pre_tyman
NF-0163,reported_historical,SRC-014,Quanex FY2022 Form 10-K,SEC 10-K,https://www.sec.gov/Archives/edgar/data/1423221/000142322122000014/nx-20221031.htm,,2022-12-16,2021-10-31,"Consolidated Balance Sheets, FY2022 Form 10-K, p. 35",long_term_debt,52094,USD_thousands,52.094,USD_millions,reported,SEC_filing,none,,variant=reported | pre_tyman
NF-0164,reported_historical,SRC-014,Quanex FY2022 Form 10-K,SEC 10-K,https://www.sec.gov/Archives/edgar/data/1423221/000142322122000014/nx-20221031.htm,,2022-12-16,2021-10-31,"Consolidated Balance Sheets, FY2022 Form 10-K, p. 35",noncurrent_operating_lease_liabilities,45367,USD_thousands,45.367,USD_millions,reported,SEC_filing,none,,variant=reported | pre_tyman
NF-0165,reported_historical,SRC-002,Quanex Q4 and FY2025 results release,SEC 8-K exhibit,https://www.sec.gov/Archives/edgar/data/1423221/000117184325007891/exh_991.htm,,2025-12-11,2025-10-31,"FY2025 results release, Free Cash Flow and Net Debt Reconciliation",term_loan_principal,468750,USD_thousands,468.75,USD_millions,reported,company_results_release,none,,variant=reported | post_tyman_acquisition_date
NF-0166,reported_historical,SRC-002,Quanex Q4 and FY2025 results release,SEC 8-K exhibit,https://www.sec.gov/Archives/edgar/data/1423221/000117184325007891/exh_991.htm,,2025-12-11,2025-10-31,"FY2025 results release, Free Cash Flow and Net Debt Reconciliation",revolver_borrowings,172500,USD_thousands,172.5,USD_millions,reported,company_results_release,none,,variant=reported | post_tyman_acquisition_date
NF-0167,reported_historical,SRC-002,Quanex Q4 and FY2025 results release,SEC 8-K exhibit,https://www.sec.gov/Archives/edgar/data/1423221/000117184325007891/exh_991.htm,,2025-12-11,2025-10-31,"FY2025 results release, Free Cash Flow and Net Debt Reconciliation",finance_lease_obligations_principal,62619,USD_thousands,62.619,USD_millions,reported,company_results_release,none,,variant=reported | post_tyman_acquisition_date
NF-0168,reported_historical,SRC-002,Quanex Q4 and FY2025 results release,SEC 8-K exhibit,https://www.sec.gov/Archives/edgar/data/1423221/000117184325007891/exh_991.htm,,2025-12-11,2025-10-31,"FY2025 results release, Free Cash Flow and Net Debt Reconciliation",total_debt_principal,703869,USD_thousands,703.869,USD_millions,reported,company_results_release,none,,variant=reported | post_tyman_acquisition_date | Company net-debt definition; total debt excludes letters of credit.
NF-0169,reported_historical,SRC-002,Quanex Q4 and FY2025 results release,SEC 8-K exhibit,https://www.sec.gov/Archives/edgar/data/1423221/000117184325007891/exh_991.htm,,2025-12-11,2025-10-31,"FY2025 results release, Free Cash Flow and Net Debt Reconciliation",net_debt_company_definition,627851,USD_thousands,627.851,USD_millions,reported,company_results_release,none,,variant=reported | post_tyman_acquisition_date | Company net-debt definition; total debt excludes letters of credit.
NF-0170,reported_historical,SRC-002,Quanex Q4 and FY2025 results release,SEC 8-K exhibit,https://www.sec.gov/Archives/edgar/data/1423221/000117184325007891/exh_991.htm,,2025-12-11,2024-10-31,"FY2025 results release, Free Cash Flow and Net Debt Reconciliation",term_loan_principal,493750,USD_thousands,493.75,USD_millions,reported,company_results_release,none,,variant=reported | post_tyman_acquisition_date
NF-0171,reported_historical,SRC-002,Quanex Q4 and FY2025 results release,SEC 8-K exhibit,https://www.sec.gov/Archives/edgar/data/1423221/000117184325007891/exh_991.htm,,2025-12-11,2024-10-31,"FY2025 results release, Free Cash Flow and Net Debt Reconciliation",revolver_borrowings,222500,USD_thousands,222.5,USD_millions,reported,company_results_release,none,,variant=reported | post_tyman_acquisition_date
NF-0172,reported_historical,SRC-002,Quanex Q4 and FY2025 results release,SEC 8-K exhibit,https://www.sec.gov/Archives/edgar/data/1423221/000117184325007891/exh_991.htm,,2025-12-11,2024-10-31,"FY2025 results release, Free Cash Flow and Net Debt Reconciliation",finance_lease_obligations_principal,60676,USD_thousands,60.676,USD_millions,reported,company_results_release,none,,variant=reported | post_tyman_acquisition_date
NF-0173,reported_historical,SRC-002,Quanex Q4 and FY2025 results release,SEC 8-K exhibit,https://www.sec.gov/Archives/edgar/data/1423221/000117184325007891/exh_991.htm,,2025-12-11,2024-10-31,"FY2025 results release, Free Cash Flow and Net Debt Reconciliation",total_debt_principal,776926,USD_thousands,776.926,USD_millions,reported,company_results_release,none,,variant=reported | post_tyman_acquisition_date | Company net-debt definition; total debt excludes letters of credit.
NF-0174,reported_historical,SRC-002,Quanex Q4 and FY2025 results release,SEC 8-K exhibit,https://www.sec.gov/Archives/edgar/data/1423221/000117184325007891/exh_991.htm,,2025-12-11,2024-10-31,"FY2025 results release, Free Cash Flow and Net Debt Reconciliation",net_debt_company_definition,679182,USD_thousands,679.182,USD_millions,reported,company_results_release,none,,variant=reported | post_tyman_acquisition_date | Company net-debt definition; total debt excludes letters of credit.
CF-0175,calculated,SRC-014,Quanex FY2022 Form 10-K,SEC 10-K,https://www.sec.gov/Archives/edgar/data/1423221/000142322122000014/nx-20221031.htm,,2022-12-16,2020-11-01 to 2021-10-31,Calculated from NF-0040 and NF-0041,gross_profit,,,240.608,USD_millions,calculated,calculated_from_reported_facts,none,,variant=mechanical | pre_tyman | revenue + cost_of_sales_excluding_depreciation_and_amortization | Mechanical calculation; not an analyst adjustment.
CF-0176,calculated,SRC-014,Quanex FY2022 Form 10-K,SEC 10-K,https://www.sec.gov/Archives/edgar/data/1423221/000142322122000014/nx-20221031.htm,,2022-12-16,2020-11-01 to 2021-10-31,Calculated from NF-0068 and NF-0069,free_cash_flow_before_finance_lease_payments,,,54.58,USD_millions,calculated,calculated_from_reported_facts,none,,variant=mechanical | pre_tyman | cash_flow_from_operations + capital_expenditures | Mechanical calculation; not an analyst adjustment.
CF-0177,calculated,SRC-014,Quanex FY2022 Form 10-K,SEC 10-K,https://www.sec.gov/Archives/edgar/data/1423221/000142322122000014/nx-20221031.htm,,2022-12-16,2021-10-31,Calculated from NF-0160 and NF-0163,total_debt_carrying_amount,,,52.94,USD_millions,calculated,calculated_from_reported_facts,none,,variant=mechanical | pre_tyman | current_maturities_of_long_term_debt + long_term_debt | Mechanical calculation; not an analyst adjustment.
CF-0178,calculated,SRC-014,Quanex FY2022 Form 10-K,SEC 10-K,https://www.sec.gov/Archives/edgar/data/1423221/000142322122000014/nx-20221031.htm,,2022-12-16,2021-10-31,Calculated from NF-0161 and NF-0164,total_operating_lease_liabilities,,,53.563,USD_millions,calculated,calculated_from_reported_facts,none,,variant=mechanical | pre_tyman | current_operating_lease_liabilities + noncurrent_operating_lease_liabilities | Mechanical calculation; not an analyst adjustment.
CF-0179,calculated,SRC-014,Quanex FY2022 Form 10-K,SEC 10-K,https://www.sec.gov/Archives/edgar/data/1423221/000142322122000014/nx-20221031.htm,,2022-12-16,2021-11-01 to 2022-10-31,Calculated from NF-0031 and NF-0032,gross_profit,,,268.498,USD_millions,calculated,calculated_from_reported_facts,none,,variant=mechanical | pre_tyman | revenue + cost_of_sales_excluding_depreciation_and_amortization | Mechanical calculation; not an analyst adjustment.
CF-0180,calculated,SRC-014,Quanex FY2022 Form 10-K,SEC 10-K,https://www.sec.gov/Archives/edgar/data/1423221/000142322122000014/nx-20221031.htm,,2022-12-16,2021-11-01 to 2022-10-31,Calculated from NF-0064 and NF-0065,free_cash_flow_before_finance_lease_payments,,,64.844,USD_millions,calculated,calculated_from_reported_facts,none,,variant=mechanical | pre_tyman | cash_flow_from_operations + capital_expenditures | Mechanical calculation; not an analyst adjustment.
CF-0181,calculated,SRC-014,Quanex FY2022 Form 10-K,SEC 10-K,https://www.sec.gov/Archives/edgar/data/1423221/000142322122000014/nx-20221031.htm,,2022-12-16,2022-10-31,Calculated from NF-0143 and NF-0146,total_debt_carrying_amount,,,30.674,USD_millions,calculated,calculated_from_reported_facts,none,,variant=mechanical | pre_tyman | current_maturities_of_long_term_debt + long_term_debt | Mechanical calculation; not an analyst adjustment.
CF-0182,calculated,SRC-014,Quanex FY2022 Form 10-K,SEC 10-K,https://www.sec.gov/Archives/edgar/data/1423221/000142322122000014/nx-20221031.htm,,2022-12-16,2022-10-31,Calculated from NF-0144 and NF-0147,total_operating_lease_liabilities,,,57.013,USD_millions,calculated,calculated_from_reported_facts,none,,variant=mechanical | pre_tyman | current_operating_lease_liabilities + noncurrent_operating_lease_liabilities | Mechanical calculation; not an analyst adjustment.
CF-0183,calculated,SRC-001,Quanex FY2025 Form 10-K,SEC 10-K,https://www.sec.gov/Archives/edgar/data/1423221/000142322125000100/nx-20251031.htm,,2025-12-12,2022-11-01 to 2023-10-31,Calculated from NF-0021 and NF-0022,gross_profit,,,277.524,USD_millions,calculated,calculated_from_reported_facts,none,,variant=mechanical | pre_tyman | revenue + cost_of_sales_excluding_depreciation_and_amortization | Mechanical calculation; not an analyst adjustment.
CF-0184,calculated,SRC-001,Quanex FY2025 Form 10-K,SEC 10-K,https://www.sec.gov/Archives/edgar/data/1423221/000142322125000100/nx-20251031.htm,,2025-12-12,2022-11-01 to 2023-10-31,Calculated from NF-0059 and NF-0060,free_cash_flow_before_finance_lease_payments,,,109.662,USD_millions,calculated,calculated_from_reported_facts,none,,variant=mechanical | pre_tyman | cash_flow_from_operations + capital_expenditures | Mechanical calculation; not an analyst adjustment.
CF-0185,calculated,SRC-012,Quanex FY2024 Form 10-K,SEC 10-K,https://www.sec.gov/Archives/edgar/data/1423221/000142322124000015/nx-20241031.htm,,2024-12-16,2023-10-31,Calculated from NF-0126 and NF-0129,total_debt_carrying_amount,,,68.8,USD_millions,calculated,calculated_from_reported_facts,none,,variant=mechanical | pre_tyman | current_maturities_of_long_term_debt + long_term_debt | Mechanical calculation; not an analyst adjustment.
CF-0186,calculated,SRC-012,Quanex FY2024 Form 10-K,SEC 10-K,https://www.sec.gov/Archives/edgar/data/1423221/000142322124000015/nx-20241031.htm,,2024-12-16,2023-10-31,Calculated from NF-0127 and NF-0130,total_operating_lease_liabilities,,,47.585,USD_millions,calculated,calculated_from_reported_facts,none,,variant=mechanical | pre_tyman | current_operating_lease_liabilities + noncurrent_operating_lease_liabilities | Mechanical calculation; not an analyst adjustment.
CF-0187,calculated,SRC-001,Quanex FY2025 Form 10-K,SEC 10-K,https://www.sec.gov/Archives/edgar/data/1423221/000142322125000100/nx-20251031.htm,,2025-12-12,2023-11-01 to 2024-10-31,Calculated from NF-0011 and NF-0012,gross_profit,,,305.624,USD_millions,calculated,calculated_from_reported_facts,none,,variant=mechanical | includes_three_months_of_tyman | revenue + cost_of_sales_excluding_depreciation_and_amortization | Mechanical calculation; not an analyst adjustment.
CF-0188,calculated,SRC-001,Quanex FY2025 Form 10-K,SEC 10-K,https://www.sec.gov/Archives/edgar/data/1423221/000142322125000100/nx-20251031.htm,,2025-12-12,2023-11-01 to 2024-10-31,Calculated from NF-0054 and NF-0055,free_cash_flow_before_finance_lease_payments,,,51.726,USD_millions,calculated,calculated_from_reported_facts,none,,variant=mechanical | includes_three_months_of_tyman | cash_flow_from_operations + capital_expenditures | Mechanical calculation; not an analyst adjustment.
CF-0189,calculated,SRC-001,Quanex FY2025 Form 10-K,SEC 10-K,https://www.sec.gov/Archives/edgar/data/1423221/000142322125000100/nx-20251031.htm,,2025-12-12,2024-10-31,Calculated from NF-0107 and NF-0110,total_debt_carrying_amount,,,762.943,USD_millions,calculated,calculated_from_reported_facts,none,,variant=mechanical | post_tyman_acquisition_date | current_maturities_of_long_term_debt + long_term_debt | Mechanical calculation; not an analyst adjustment.
CF-0190,calculated,SRC-001,Quanex FY2025 Form 10-K,SEC 10-K,https://www.sec.gov/Archives/edgar/data/1423221/000142322125000100/nx-20251031.htm,,2025-12-12,2024-10-31,Calculated from NF-0108 and NF-0111,total_operating_lease_liabilities,,,130.035,USD_millions,calculated,calculated_from_reported_facts,none,,variant=mechanical | post_tyman_acquisition_date | current_operating_lease_liabilities + noncurrent_operating_lease_liabilities | Mechanical calculation; not an analyst adjustment.
CF-0191,calculated,SRC-001,Quanex FY2025 Form 10-K,SEC 10-K,https://www.sec.gov/Archives/edgar/data/1423221/000142322125000100/nx-20251031.htm,,2025-12-12,2024-11-01 to 2025-10-31,Calculated from NF-0001 and NF-0002,gross_profit,,,499.228,USD_millions,calculated,calculated_from_reported_facts,none,,variant=mechanical | full_year_post_tyman_with_integration_effects | revenue + cost_of_sales_excluding_depreciation_and_amortization | Mechanical calculation; not an analyst adjustment.
CF-0192,calculated,SRC-001,Quanex FY2025 Form 10-K,SEC 10-K,https://www.sec.gov/Archives/edgar/data/1423221/000142322125000100/nx-20251031.htm,,2025-12-12,2024-11-01 to 2025-10-31,Calculated from NF-0049 and NF-0050,free_cash_flow_before_finance_lease_payments,,,102.255,USD_millions,calculated,calculated_from_reported_facts,none,,variant=mechanical | full_year_post_tyman_with_integration_effects | cash_flow_from_operations + capital_expenditures | Mechanical calculation; not an analyst adjustment.
CF-0193,calculated,SRC-001,Quanex FY2025 Form 10-K,SEC 10-K,https://www.sec.gov/Archives/edgar/data/1423221/000142322125000100/nx-20251031.htm,,2025-12-12,2025-10-31,Calculated from NF-0087 and NF-0090,total_debt_carrying_amount,,,692.829,USD_millions,calculated,calculated_from_reported_facts,none,,variant=mechanical | post_tyman_acquisition_date | current_maturities_of_long_term_debt + long_term_debt | Mechanical calculation; not an analyst adjustment.
CF-0194,calculated,SRC-001,Quanex FY2025 Form 10-K,SEC 10-K,https://www.sec.gov/Archives/edgar/data/1423221/000142322125000100/nx-20251031.htm,,2025-12-12,2025-10-31,Calculated from NF-0088 and NF-0091,total_operating_lease_liabilities,,,160.905,USD_millions,calculated,calculated_from_reported_facts,none,,variant=mechanical | post_tyman_acquisition_date | current_operating_lease_liabilities + noncurrent_operating_lease_liabilities | Mechanical calculation; not an analyst adjustment.
PFN-0001,company_disclosed_pro_forma,SRC-008,Unaudited pro forma condensed combined financial information,SEC 8-K/A exhibit,https://www.sec.gov/Archives/edgar/data/1423221/000110465924109176/tm2426109d1_ex99-1.htm,,2024-10-16,2023-11-01 to 2024-07-31,"Unaudited pro forma combined income statement, nine months ended July 31, 2024, p. 3",revenue,1394673,USD_thousands,1394.673,USD_millions,reported_pro_forma,SEC_pro_forma_exhibit,none,,variant=2024-10-16_pro_forma_exhibit | unaudited_company_pro_forma_tyman_combination | Not reported history; preliminary acquisition accounting and financing assumptions apply.
PFN-0002,company_disclosed_pro_forma,SRC-008,Unaudited pro forma condensed combined financial information,SEC 8-K/A exhibit,https://www.sec.gov/Archives/edgar/data/1423221/000110465924109176/tm2426109d1_ex99-1.htm,,2024-10-16,2023-11-01 to 2024-07-31,"Unaudited pro forma combined income statement, nine months ended July 31, 2024, p. 3",cost_of_sales_excluding_depreciation_and_amortization,-994755,USD_thousands,-994.755,USD_millions,reported_pro_forma,SEC_pro_forma_exhibit,none,,variant=2024-10-16_pro_forma_exhibit | unaudited_company_pro_forma_tyman_combination | Not reported history; preliminary acquisition accounting and financing assumptions apply.
PFN-0003,company_disclosed_pro_forma,SRC-008,Unaudited pro forma condensed combined financial information,SEC 8-K/A exhibit,https://www.sec.gov/Archives/edgar/data/1423221/000110465924109176/tm2426109d1_ex99-1.htm,,2024-10-16,2023-11-01 to 2024-07-31,"Unaudited pro forma combined income statement, nine months ended July 31, 2024, p. 3",selling_general_and_administrative,-235082,USD_thousands,-235.082,USD_millions,reported_pro_forma,SEC_pro_forma_exhibit,none,,variant=2024-10-16_pro_forma_exhibit | unaudited_company_pro_forma_tyman_combination | Not reported history; preliminary acquisition accounting and financing assumptions apply.
PFN-0004,company_disclosed_pro_forma,SRC-008,Unaudited pro forma condensed combined financial information,SEC 8-K/A exhibit,https://www.sec.gov/Archives/edgar/data/1423221/000110465924109176/tm2426109d1_ex99-1.htm,,2024-10-16,2023-11-01 to 2024-07-31,"Unaudited pro forma combined income statement, nine months ended July 31, 2024, p. 3",depreciation_and_amortization,-66526,USD_thousands,-66.526,USD_millions,reported_pro_forma,SEC_pro_forma_exhibit,none,,variant=2024-10-16_pro_forma_exhibit | unaudited_company_pro_forma_tyman_combination | Not reported history; preliminary acquisition accounting and financing assumptions apply.
PFN-0005,company_disclosed_pro_forma,SRC-008,Unaudited pro forma condensed combined financial information,SEC 8-K/A exhibit,https://www.sec.gov/Archives/edgar/data/1423221/000110465924109176/tm2426109d1_ex99-1.htm,,2024-10-16,2023-11-01 to 2024-07-31,"Unaudited pro forma combined income statement, nine months ended July 31, 2024, p. 3",operating_income,98310,USD_thousands,98.31,USD_millions,reported_pro_forma,SEC_pro_forma_exhibit,none,,variant=2024-10-16_pro_forma_exhibit | unaudited_company_pro_forma_tyman_combination | Not reported history; preliminary acquisition accounting and financing assumptions apply.
PFN-0006,company_disclosed_pro_forma,SRC-008,Unaudited pro forma condensed combined financial information,SEC 8-K/A exhibit,https://www.sec.gov/Archives/edgar/data/1423221/000110465924109176/tm2426109d1_ex99-1.htm,,2024-10-16,2023-11-01 to 2024-07-31,"Unaudited pro forma combined income statement, nine months ended July 31, 2024, p. 3",interest_expense,-38941,USD_thousands,-38.941,USD_millions,reported_pro_forma,SEC_pro_forma_exhibit,none,,variant=2024-10-16_pro_forma_exhibit | unaudited_company_pro_forma_tyman_combination | Not reported history; preliminary acquisition accounting and financing assumptions apply.
PFN-0007,company_disclosed_pro_forma,SRC-008,Unaudited pro forma condensed combined financial information,SEC 8-K/A exhibit,https://www.sec.gov/Archives/edgar/data/1423221/000110465924109176/tm2426109d1_ex99-1.htm,,2024-10-16,2023-11-01 to 2024-07-31,"Unaudited pro forma combined income statement, nine months ended July 31, 2024, p. 3",other_net,12684,USD_thousands,12.684,USD_millions,reported_pro_forma,SEC_pro_forma_exhibit,none,,variant=2024-10-16_pro_forma_exhibit | unaudited_company_pro_forma_tyman_combination | Not reported history; preliminary acquisition accounting and financing assumptions apply.
PFN-0008,company_disclosed_pro_forma,SRC-008,Unaudited pro forma condensed combined financial information,SEC 8-K/A exhibit,https://www.sec.gov/Archives/edgar/data/1423221/000110465924109176/tm2426109d1_ex99-1.htm,,2024-10-16,2023-11-01 to 2024-07-31,"Unaudited pro forma combined income statement, nine months ended July 31, 2024, p. 3",income_before_income_taxes,72053,USD_thousands,72.053,USD_millions,reported_pro_forma,SEC_pro_forma_exhibit,none,,variant=2024-10-16_pro_forma_exhibit | unaudited_company_pro_forma_tyman_combination | Not reported history; preliminary acquisition accounting and financing assumptions apply.
PFN-0009,company_disclosed_pro_forma,SRC-008,Unaudited pro forma condensed combined financial information,SEC 8-K/A exhibit,https://www.sec.gov/Archives/edgar/data/1423221/000110465924109176/tm2426109d1_ex99-1.htm,,2024-10-16,2023-11-01 to 2024-07-31,"Unaudited pro forma combined income statement, nine months ended July 31, 2024, p. 3",income_tax_expense,-18967,USD_thousands,-18.967,USD_millions,reported_pro_forma,SEC_pro_forma_exhibit,none,,variant=2024-10-16_pro_forma_exhibit | unaudited_company_pro_forma_tyman_combination | Not reported history; preliminary acquisition accounting and financing assumptions apply.
PFN-0010,company_disclosed_pro_forma,SRC-008,Unaudited pro forma condensed combined financial information,SEC 8-K/A exhibit,https://www.sec.gov/Archives/edgar/data/1423221/000110465924109176/tm2426109d1_ex99-1.htm,,2024-10-16,2023-11-01 to 2024-07-31,"Unaudited pro forma combined income statement, nine months ended July 31, 2024, p. 3",net_income,53086,USD_thousands,53.086,USD_millions,reported_pro_forma,SEC_pro_forma_exhibit,none,,variant=2024-10-16_pro_forma_exhibit | unaudited_company_pro_forma_tyman_combination | Not reported history; preliminary acquisition accounting and financing assumptions apply.
PFN-0011,company_disclosed_pro_forma,SRC-008,Unaudited pro forma condensed combined financial information,SEC 8-K/A exhibit,https://www.sec.gov/Archives/edgar/data/1423221/000110465924109176/tm2426109d1_ex99-1.htm,,2024-10-16,2022-11-01 to 2023-10-31,"Unaudited pro forma combined income statement, year ended October 31, 2023, p. 4",revenue,1954950,USD_thousands,1954.95,USD_millions,reported_pro_forma,SEC_pro_forma_exhibit,none,,variant=2024-10-16_pro_forma_exhibit | unaudited_company_pro_forma_tyman_combination | Not reported history; preliminary acquisition accounting and financing assumptions apply.
PFN-0012,company_disclosed_pro_forma,SRC-008,Unaudited pro forma condensed combined financial information,SEC 8-K/A exhibit,https://www.sec.gov/Archives/edgar/data/1423221/000110465924109176/tm2426109d1_ex99-1.htm,,2024-10-16,2022-11-01 to 2023-10-31,"Unaudited pro forma combined income statement, year ended October 31, 2023, p. 4",cost_of_sales_excluding_depreciation_and_amortization,-1443961,USD_thousands,-1443.961,USD_millions,reported_pro_forma,SEC_pro_forma_exhibit,none,,variant=2024-10-16_pro_forma_exhibit | unaudited_company_pro_forma_tyman_combination | Not reported history; preliminary acquisition accounting and financing assumptions apply.
PFN-0013,company_disclosed_pro_forma,SRC-008,Unaudited pro forma condensed combined financial information,SEC 8-K/A exhibit,https://www.sec.gov/Archives/edgar/data/1423221/000110465924109176/tm2426109d1_ex99-1.htm,,2024-10-16,2022-11-01 to 2023-10-31,"Unaudited pro forma combined income statement, year ended October 31, 2023, p. 4",selling_general_and_administrative,-299477,USD_thousands,-299.477,USD_millions,reported_pro_forma,SEC_pro_forma_exhibit,none,,variant=2024-10-16_pro_forma_exhibit | unaudited_company_pro_forma_tyman_combination | Not reported history; preliminary acquisition accounting and financing assumptions apply.
PFN-0014,company_disclosed_pro_forma,SRC-008,Unaudited pro forma condensed combined financial information,SEC 8-K/A exhibit,https://www.sec.gov/Archives/edgar/data/1423221/000110465924109176/tm2426109d1_ex99-1.htm,,2024-10-16,2022-11-01 to 2023-10-31,"Unaudited pro forma combined income statement, year ended October 31, 2023, p. 4",depreciation_and_amortization,-87569,USD_thousands,-87.569,USD_millions,reported_pro_forma,SEC_pro_forma_exhibit,none,,variant=2024-10-16_pro_forma_exhibit | unaudited_company_pro_forma_tyman_combination | Not reported history; preliminary acquisition accounting and financing assumptions apply.
PFN-0015,company_disclosed_pro_forma,SRC-008,Unaudited pro forma condensed combined financial information,SEC 8-K/A exhibit,https://www.sec.gov/Archives/edgar/data/1423221/000110465924109176/tm2426109d1_ex99-1.htm,,2024-10-16,2022-11-01 to 2023-10-31,"Unaudited pro forma combined income statement, year ended October 31, 2023, p. 4",operating_income,123943,USD_thousands,123.943,USD_millions,reported_pro_forma,SEC_pro_forma_exhibit,none,,variant=2024-10-16_pro_forma_exhibit | unaudited_company_pro_forma_tyman_combination | Not reported history; preliminary acquisition accounting and financing assumptions apply.
PFN-0016,company_disclosed_pro_forma,SRC-008,Unaudited pro forma condensed combined financial information,SEC 8-K/A exhibit,https://www.sec.gov/Archives/edgar/data/1423221/000110465924109176/tm2426109d1_ex99-1.htm,,2024-10-16,2022-11-01 to 2023-10-31,"Unaudited pro forma combined income statement, year ended October 31, 2023, p. 4",interest_expense,-66556,USD_thousands,-66.556,USD_millions,reported_pro_forma,SEC_pro_forma_exhibit,none,,variant=2024-10-16_pro_forma_exhibit | unaudited_company_pro_forma_tyman_combination | Not reported history; preliminary acquisition accounting and financing assumptions apply.
PFN-0017,company_disclosed_pro_forma,SRC-008,Unaudited pro forma condensed combined financial information,SEC 8-K/A exhibit,https://www.sec.gov/Archives/edgar/data/1423221/000110465924109176/tm2426109d1_ex99-1.htm,,2024-10-16,2022-11-01 to 2023-10-31,"Unaudited pro forma combined income statement, year ended October 31, 2023, p. 4",other_net,-881,USD_thousands,-0.881,USD_millions,reported_pro_forma,SEC_pro_forma_exhibit,none,,variant=2024-10-16_pro_forma_exhibit | unaudited_company_pro_forma_tyman_combination | Not reported history; preliminary acquisition accounting and financing assumptions apply.
PFN-0018,company_disclosed_pro_forma,SRC-008,Unaudited pro forma condensed combined financial information,SEC 8-K/A exhibit,https://www.sec.gov/Archives/edgar/data/1423221/000110465924109176/tm2426109d1_ex99-1.htm,,2024-10-16,2022-11-01 to 2023-10-31,"Unaudited pro forma combined income statement, year ended October 31, 2023, p. 4",income_before_income_taxes,56506,USD_thousands,56.506,USD_millions,reported_pro_forma,SEC_pro_forma_exhibit,none,,variant=2024-10-16_pro_forma_exhibit | unaudited_company_pro_forma_tyman_combination | Not reported history; preliminary acquisition accounting and financing assumptions apply.
PFN-0019,company_disclosed_pro_forma,SRC-008,Unaudited pro forma condensed combined financial information,SEC 8-K/A exhibit,https://www.sec.gov/Archives/edgar/data/1423221/000110465924109176/tm2426109d1_ex99-1.htm,,2024-10-16,2022-11-01 to 2023-10-31,"Unaudited pro forma combined income statement, year ended October 31, 2023, p. 4",income_tax_expense,-8049,USD_thousands,-8.049,USD_millions,reported_pro_forma,SEC_pro_forma_exhibit,none,,variant=2024-10-16_pro_forma_exhibit | unaudited_company_pro_forma_tyman_combination | Not reported history; preliminary acquisition accounting and financing assumptions apply.
PFN-0020,company_disclosed_pro_forma,SRC-008,Unaudited pro forma condensed combined financial information,SEC 8-K/A exhibit,https://www.sec.gov/Archives/edgar/data/1423221/000110465924109176/tm2426109d1_ex99-1.htm,,2024-10-16,2022-11-01 to 2023-10-31,"Unaudited pro forma combined income statement, year ended October 31, 2023, p. 4",net_income,48457,USD_thousands,48.457,USD_millions,reported_pro_forma,SEC_pro_forma_exhibit,none,,variant=2024-10-16_pro_forma_exhibit | unaudited_company_pro_forma_tyman_combination | Not reported history; preliminary acquisition accounting and financing assumptions apply.
PFN-0021,company_disclosed_pro_forma,SRC-008,Unaudited pro forma condensed combined financial information,SEC 8-K/A exhibit,https://www.sec.gov/Archives/edgar/data/1423221/000110465924109176/tm2426109d1_ex99-1.htm,,2024-10-16,2024-07-31,"Unaudited pro forma combined balance sheet as of July 31, 2024, pp. 5-6",cash_and_cash_equivalents,184613,USD_thousands,184.613,USD_millions,reported_pro_forma,SEC_pro_forma_exhibit,none,,variant=2024-10-16_pro_forma_exhibit | unaudited_company_pro_forma_tyman_combination | Not reported history; preliminary acquisition accounting and financing assumptions apply.
PFN-0022,company_disclosed_pro_forma,SRC-008,Unaudited pro forma condensed combined financial information,SEC 8-K/A exhibit,https://www.sec.gov/Archives/edgar/data/1423221/000110465924109176/tm2426109d1_ex99-1.htm,,2024-10-16,2024-07-31,"Unaudited pro forma combined balance sheet as of July 31, 2024, pp. 5-6",restricted_cash,5058,USD_thousands,5.058,USD_millions,reported_pro_forma,SEC_pro_forma_exhibit,none,,variant=2024-10-16_pro_forma_exhibit | unaudited_company_pro_forma_tyman_combination | Not reported history; preliminary acquisition accounting and financing assumptions apply.
PFN-0023,company_disclosed_pro_forma,SRC-008,Unaudited pro forma condensed combined financial information,SEC 8-K/A exhibit,https://www.sec.gov/Archives/edgar/data/1423221/000110465924109176/tm2426109d1_ex99-1.htm,,2024-10-16,2024-07-31,"Unaudited pro forma combined balance sheet as of July 31, 2024, pp. 5-6",accounts_receivable,191793,USD_thousands,191.793,USD_millions,reported_pro_forma,SEC_pro_forma_exhibit,none,,variant=2024-10-16_pro_forma_exhibit | unaudited_company_pro_forma_tyman_combination | Not reported history; preliminary acquisition accounting and financing assumptions apply.
PFN-0024,company_disclosed_pro_forma,SRC-008,Unaudited pro forma condensed combined financial information,SEC 8-K/A exhibit,https://www.sec.gov/Archives/edgar/data/1423221/000110465924109176/tm2426109d1_ex99-1.htm,,2024-10-16,2024-07-31,"Unaudited pro forma combined balance sheet as of July 31, 2024, pp. 5-6",inventory,305544,USD_thousands,305.544,USD_millions,reported_pro_forma,SEC_pro_forma_exhibit,none,,variant=2024-10-16_pro_forma_exhibit | unaudited_company_pro_forma_tyman_combination | Not reported history; preliminary acquisition accounting and financing assumptions apply.
PFN-0025,company_disclosed_pro_forma,SRC-008,Unaudited pro forma condensed combined financial information,SEC 8-K/A exhibit,https://www.sec.gov/Archives/edgar/data/1423221/000110465924109176/tm2426109d1_ex99-1.htm,,2024-10-16,2024-07-31,"Unaudited pro forma combined balance sheet as of July 31, 2024, pp. 5-6",income_taxes_receivable,6055,USD_thousands,6.055,USD_millions,reported_pro_forma,SEC_pro_forma_exhibit,none,,variant=2024-10-16_pro_forma_exhibit | unaudited_company_pro_forma_tyman_combination | Not reported history; preliminary acquisition accounting and financing assumptions apply.
PFN-0026,company_disclosed_pro_forma,SRC-008,Unaudited pro forma condensed combined financial information,SEC 8-K/A exhibit,https://www.sec.gov/Archives/edgar/data/1423221/000110465924109176/tm2426109d1_ex99-1.htm,,2024-10-16,2024-07-31,"Unaudited pro forma combined balance sheet as of July 31, 2024, pp. 5-6",prepaid_and_other_current_assets,37466,USD_thousands,37.466,USD_millions,reported_pro_forma,SEC_pro_forma_exhibit,none,,variant=2024-10-16_pro_forma_exhibit | unaudited_company_pro_forma_tyman_combination | Not reported history; preliminary acquisition accounting and financing assumptions apply.
PFN-0027,company_disclosed_pro_forma,SRC-008,Unaudited pro forma condensed combined financial information,SEC 8-K/A exhibit,https://www.sec.gov/Archives/edgar/data/1423221/000110465924109176/tm2426109d1_ex99-1.htm,,2024-10-16,2024-07-31,"Unaudited pro forma combined balance sheet as of July 31, 2024, pp. 5-6",current_assets,730529,USD_thousands,730.529,USD_millions,reported_pro_forma,SEC_pro_forma_exhibit,none,,variant=2024-10-16_pro_forma_exhibit | unaudited_company_pro_forma_tyman_combination | Not reported history; preliminary acquisition accounting and financing assumptions apply.
PFN-0028,company_disclosed_pro_forma,SRC-008,Unaudited pro forma condensed combined financial information,SEC 8-K/A exhibit,https://www.sec.gov/Archives/edgar/data/1423221/000110465924109176/tm2426109d1_ex99-1.htm,,2024-10-16,2024-07-31,"Unaudited pro forma combined balance sheet as of July 31, 2024, pp. 5-6",property_plant_and_equipment_net,401305,USD_thousands,401.305,USD_millions,reported_pro_forma,SEC_pro_forma_exhibit,none,,variant=2024-10-16_pro_forma_exhibit | unaudited_company_pro_forma_tyman_combination | Not reported history; preliminary acquisition accounting and financing assumptions apply.
PFN-0029,company_disclosed_pro_forma,SRC-008,Unaudited pro forma condensed combined financial information,SEC 8-K/A exhibit,https://www.sec.gov/Archives/edgar/data/1423221/000110465924109176/tm2426109d1_ex99-1.htm,,2024-10-16,2024-07-31,"Unaudited pro forma combined balance sheet as of July 31, 2024, pp. 5-6",operating_lease_right_of_use_assets,137057,USD_thousands,137.057,USD_millions,reported_pro_forma,SEC_pro_forma_exhibit,none,,variant=2024-10-16_pro_forma_exhibit | unaudited_company_pro_forma_tyman_combination | Not reported history; preliminary acquisition accounting and financing assumptions apply.
PFN-0030,company_disclosed_pro_forma,SRC-008,Unaudited pro forma condensed combined financial information,SEC 8-K/A exhibit,https://www.sec.gov/Archives/edgar/data/1423221/000110465924109176/tm2426109d1_ex99-1.htm,,2024-10-16,2024-07-31,"Unaudited pro forma combined balance sheet as of July 31, 2024, pp. 5-6",goodwill,566546,USD_thousands,566.546,USD_millions,reported_pro_forma,SEC_pro_forma_exhibit,none,,variant=2024-10-16_pro_forma_exhibit | unaudited_company_pro_forma_tyman_combination | Not reported history; preliminary acquisition accounting and financing assumptions apply.
PFN-0031,company_disclosed_pro_forma,SRC-008,Unaudited pro forma condensed combined financial information,SEC 8-K/A exhibit,https://www.sec.gov/Archives/edgar/data/1423221/000110465924109176/tm2426109d1_ex99-1.htm,,2024-10-16,2024-07-31,"Unaudited pro forma combined balance sheet as of July 31, 2024, pp. 5-6",intangible_assets_net,598922,USD_thousands,598.922,USD_millions,reported_pro_forma,SEC_pro_forma_exhibit,none,,variant=2024-10-16_pro_forma_exhibit | unaudited_company_pro_forma_tyman_combination | Not reported history; preliminary acquisition accounting and financing assumptions apply.
PFN-0032,company_disclosed_pro_forma,SRC-012,Quanex FY2024 Form 10-K,SEC 10-K,https://www.sec.gov/Archives/edgar/data/1423221/000142322124000015/nx-20241031.htm,,2024-12-16,2023-11-01 to 2024-10-31,"FY2024 Form 10-K Note 2, Pro Forma Results, p. 55",revenue,1886834,USD_thousands,1886.834,USD_millions,reported_pro_forma,SEC_10-K_pro_forma_note,none,,variant=2024-12-16_fy2024_10K_summary | unaudited_company_pro_forma_tyman_and_lmi_combination | Summary pro forma disclosure; detailed components are not provided for this period.
PFN-0033,company_disclosed_pro_forma,SRC-012,Quanex FY2024 Form 10-K,SEC 10-K,https://www.sec.gov/Archives/edgar/data/1423221/000142322124000015/nx-20241031.htm,,2024-12-16,2023-11-01 to 2024-10-31,"FY2024 Form 10-K Note 2, Pro Forma Results, p. 55",net_income,66037,USD_thousands,66.037,USD_millions,reported_pro_forma,SEC_10-K_pro_forma_note,none,,variant=2024-12-16_fy2024_10K_summary | unaudited_company_pro_forma_tyman_and_lmi_combination | Summary pro forma disclosure; detailed components are not provided for this period.
PFN-0034,company_disclosed_pro_forma,SRC-012,Quanex FY2024 Form 10-K,SEC 10-K,https://www.sec.gov/Archives/edgar/data/1423221/000142322124000015/nx-20241031.htm,,2024-12-16,2022-11-01 to 2023-10-31,"FY2024 Form 10-K Note 2, Pro Forma Results, p. 55",revenue,1954950,USD_thousands,1954.95,USD_millions,reported_pro_forma,SEC_10-K_pro_forma_note,none,,variant=2024-12-16_fy2024_10K_summary | unaudited_company_pro_forma_tyman_and_lmi_combination | Summary pro forma disclosure; detailed components are not provided for this period.
PFN-0035,company_disclosed_pro_forma,SRC-012,Quanex FY2024 Form 10-K,SEC 10-K,https://www.sec.gov/Archives/edgar/data/1423221/000142322124000015/nx-20241031.htm,,2024-12-16,2022-11-01 to 2023-10-31,"FY2024 Form 10-K Note 2, Pro Forma Results, p. 55",net_income,48458,USD_thousands,48.458,USD_millions,reported_pro_forma,SEC_10-K_pro_forma_note,none,,variant=2024-12-16_fy2024_10K_summary | unaudited_company_pro_forma_tyman_and_lmi_combination | Later 10-K summary controls for its presentation; the earlier exhibit remains separately preserved.
PFN-0036,company_disclosed_pro_forma,SRC-012,Quanex FY2024 Form 10-K,SEC 10-K,https://www.sec.gov/Archives/edgar/data/1423221/000142322124000015/nx-20241031.htm,,2024-12-16,2021-11-01 to 2022-10-31,"FY2024 Form 10-K Note 2, Pro Forma Results, p. 55",revenue,2115987,USD_thousands,2115.987,USD_millions,reported_pro_forma,SEC_10-K_pro_forma_note,none,,variant=2024-12-16_fy2024_10K_summary | unaudited_company_pro_forma_tyman_and_lmi_combination | Summary pro forma disclosure; detailed components are not provided for this period.
PFN-0037,company_disclosed_pro_forma,SRC-012,Quanex FY2024 Form 10-K,SEC 10-K,https://www.sec.gov/Archives/edgar/data/1423221/000142322124000015/nx-20241031.htm,,2024-12-16,2021-11-01 to 2022-10-31,"FY2024 Form 10-K Note 2, Pro Forma Results, p. 55",net_income,60192,USD_thousands,60.192,USD_millions,reported_pro_forma,SEC_10-K_pro_forma_note,none,,variant=2024-12-16_fy2024_10K_summary | unaudited_company_pro_forma_tyman_and_lmi_combination | Summary pro forma disclosure; detailed components are not provided for this period.
AC-001,company_adjustment_candidate,SRC-002,Quanex Q4 and FY2025 results release,SEC 8-K exhibit,https://www.sec.gov/Archives/edgar/data/1423221/000117184325007891/exh_991.htm,,2025-12-11,2024-11-01 to 2025-10-31,"FY2025 results release, Adjusted EBITDA reconciliation",goodwill_impairment,302284,USD_thousands,302.284,USD_millions,reported_non_gaap_candidate,company_results_release,none,,added_back_in_company_ebitda_bridge | phase2_status=unreviewed | Company-disclosed non-GAAP item only; no lender-normalization judgment made.
AC-002,company_adjustment_candidate,SRC-002,Quanex Q4 and FY2025 results release,SEC 8-K exhibit,https://www.sec.gov/Archives/edgar/data/1423221/000117184325007891/exh_991.htm,,2025-12-11,2024-11-01 to 2025-10-31,"FY2025 results release, Selected Segment Data reconciliation",plant_relocation_cost_of_sales,1432,USD_thousands,1.432,USD_millions,reported_non_gaap_candidate,company_results_release,none,,added_back_by_company | phase2_status=unreviewed | Company-disclosed non-GAAP item only; no lender-normalization judgment made.
AC-003,company_adjustment_candidate,SRC-002,Quanex Q4 and FY2025 results release,SEC 8-K exhibit,https://www.sec.gov/Archives/edgar/data/1423221/000117184325007891/exh_991.htm,,2025-12-11,2024-11-01 to 2025-10-31,"FY2025 results release, Selected Segment Data reconciliation",plant_relocation_sga,221,USD_thousands,0.221,USD_millions,reported_non_gaap_candidate,company_results_release,none,,added_back_by_company | phase2_status=unreviewed | Company-disclosed non-GAAP item only; no lender-normalization judgment made.
AC-004,company_adjustment_candidate,SRC-002,Quanex Q4 and FY2025 results release,SEC 8-K exhibit,https://www.sec.gov/Archives/edgar/data/1423221/000117184325007891/exh_991.htm,,2025-12-11,2024-11-01 to 2025-10-31,"FY2025 results release, Selected Segment Data reconciliation",inventory_purchase_accounting_step_up,9007,USD_thousands,9.007,USD_millions,reported_non_gaap_candidate,company_results_release,none,,added_back_by_company | phase2_status=unreviewed | Company-disclosed non-GAAP item only; no lender-normalization judgment made.
AC-005,company_adjustment_candidate,SRC-002,Quanex Q4 and FY2025 results release,SEC 8-K exhibit,https://www.sec.gov/Archives/edgar/data/1423221/000117184325007891/exh_991.htm,,2025-12-11,2024-11-01 to 2025-10-31,"FY2025 results release, Selected Segment Data reconciliation",transaction_advisory_reorganization_and_product_recall,10263,USD_thousands,10.263,USD_millions,reported_non_gaap_candidate,company_results_release,none,,added_back_by_company | phase2_status=unreviewed | Company-disclosed non-GAAP item only; no lender-normalization judgment made.
AC-006,company_adjustment_candidate,SRC-002,Quanex Q4 and FY2025 results release,SEC 8-K exhibit,https://www.sec.gov/Archives/edgar/data/1423221/000117184325007891/exh_991.htm,,2025-12-11,2024-11-01 to 2025-10-31,"FY2025 results release, Selected Segment Data reconciliation",restructuring_severance_and_software,10191,USD_thousands,10.191,USD_millions,reported_non_gaap_candidate,company_results_release,none,,added_back_by_company | phase2_status=unreviewed | Company-disclosed non-GAAP item only; no lender-normalization judgment made.
AC-007,company_adjustment_candidate,SRC-001,Quanex FY2025 Form 10-K,SEC 10-K,https://www.sec.gov/Archives/edgar/data/1423221/000142322125000100/nx-20251031.htm,,2025-12-12,2024-11-01 to 2025-10-31,"FY2025 Form 10-K Note 2, Tyman acquisition, p. 54",tyman_post_measurement_period_tax_correction,9000,USD_thousands,9,USD_millions,reported_discrete_tax_candidate,SEC_filing,none,,disclosed_discrete_tax_charge_not_an_ebitda_item | phase2_status=unreviewed | Company-disclosed discrete tax item for Phase 2 earnings-quality review; not an EBITDA addback.
AC-008,company_adjustment_candidate,SRC-002,Quanex Q4 and FY2025 results release,SEC 8-K exhibit,https://www.sec.gov/Archives/edgar/data/1423221/000117184325007891/exh_991.htm,,2025-12-11,2023-11-01 to 2024-10-31,"FY2025 results release, Selected Segment Data reconciliation",plant_closure_cost_of_sales,3025,USD_thousands,3.025,USD_millions,reported_non_gaap_candidate,company_results_release,none,,added_back_by_company | phase2_status=unreviewed | Company-disclosed non-GAAP item only; no lender-normalization judgment made.
AC-009,company_adjustment_candidate,SRC-002,Quanex Q4 and FY2025 results release,SEC 8-K exhibit,https://www.sec.gov/Archives/edgar/data/1423221/000117184325007891/exh_991.htm,,2025-12-11,2023-11-01 to 2024-10-31,"FY2025 results release, Selected Segment Data reconciliation",plant_closure_gain_sga,-4196,USD_thousands,-4.196,USD_millions,reported_non_gaap_candidate,company_results_release,none,,deducted_by_company | phase2_status=unreviewed | Company-disclosed non-GAAP item only; no lender-normalization judgment made.
AC-010,company_adjustment_candidate,SRC-002,Quanex Q4 and FY2025 results release,SEC 8-K exhibit,https://www.sec.gov/Archives/edgar/data/1423221/000117184325007891/exh_991.htm,,2025-12-11,2023-11-01 to 2024-10-31,"FY2025 results release, Selected Segment Data reconciliation",inventory_and_receivables_purchase_accounting_step_up,29076,USD_thousands,29.076,USD_millions,reported_non_gaap_candidate,company_results_release,none,,added_back_by_company | phase2_status=unreviewed | Company-disclosed non-GAAP item only; no lender-normalization judgment made.
AC-011,company_adjustment_candidate,SRC-002,Quanex Q4 and FY2025 results release,SEC 8-K exhibit,https://www.sec.gov/Archives/edgar/data/1423221/000117184325007891/exh_991.htm,,2025-12-11,2023-11-01 to 2024-10-31,"FY2025 results release, Selected Segment Data reconciliation",transaction_and_advisory_fees,39324,USD_thousands,39.324,USD_millions,reported_non_gaap_candidate,company_results_release,none,,added_back_by_company | phase2_status=unreviewed | Company-disclosed non-GAAP item only; no lender-normalization judgment made.
DT-001,debt_term,SRC-003,Amendment No. 1 with conformed Second Amended and Restated Credit Agreement,SEC 8-K exhibit,https://www.sec.gov/Archives/edgar/data/1423221/000110465924071335/tm2417183d1_ex10-1.htm,,2024-06-13,2025-10-31,Conformed Credit Agreement,Term Loan A and Revolving Credit Facility: borrower,Quanex Building Products Corporation,text,,text,reported,contract_or_company_disclosure,none,,
DT-002,debt_term,SRC-003,Amendment No. 1 with conformed Second Amended and Restated Credit Agreement,SEC 8-K exhibit,https://www.sec.gov/Archives/edgar/data/1423221/000110465924071335/tm2417183d1_ex10-1.htm,,2024-06-13,2025-10-31,Conformed Credit Agreement,Term Loan A and Revolving Credit Facility: guarantee_scope,Subsidiary guarantors other than excluded subsidiaries,text,,text,reported,contract_or_company_disclosure,none,,
DT-003,debt_term,SRC-001;SRC-003,Quanex FY2025 Form 10-K; Amendment No. 1 with conformed Second Amended and Restated Credit Agreement,SEC 10-K; SEC 8-K exhibit,https://www.sec.gov/Archives/edgar/data/1423221/000142322125000100/nx-20251031.htm; https://www.sec.gov/Archives/edgar/data/1423221/000110465924071335/tm2417183d1_ex10-1.htm,,2025-12-12; 2024-06-13,2025-10-31,Conformed Credit Agreement,Term Loan A and Revolving Credit Facility: current_named_guarantors,Public evidence does not establish the complete post-Tyman guarantor schedule,text,,text,not_determinable,contract_or_company_disclosure,none,,
DT-004,debt_term,SRC-003,Amendment No. 1 with conformed Second Amended and Restated Credit Agreement,SEC 8-K exhibit,https://www.sec.gov/Archives/edgar/data/1423221/000110465924071335/tm2417183d1_ex10-1.htm,,2024-06-13,2025-10-31,Conformed Credit Agreement,Term Loan A and Revolving Credit Facility: security,"First-priority liens, subject to permitted liens, on substantially all loan-party assets",text,,text,reported,contract_or_company_disclosure,none,,
DT-005,debt_term,SRC-001;SRC-003,Quanex FY2025 Form 10-K; Amendment No. 1 with conformed Second Amended and Restated Credit Agreement,SEC 10-K; SEC 8-K exhibit,https://www.sec.gov/Archives/edgar/data/1423221/000142322125000100/nx-20251031.htm; https://www.sec.gov/Archives/edgar/data/1423221/000110465924071335/tm2417183d1_ex10-1.htm,,2025-12-12; 2024-06-13,2025-10-31,Conformed Credit Agreement,Term Loan A and Revolving Credit Facility: collateral_scope,Substantially all domestic assets other than real property; excluded assets and foreign-equity limits apply,text,,text,reported,contract_or_company_disclosure,none,,
DT-006,debt_term,SRC-001;SRC-003,Quanex FY2025 Form 10-K; Amendment No. 1 with conformed Second Amended and Restated Credit Agreement,SEC 10-K; SEC 8-K exhibit,https://www.sec.gov/Archives/edgar/data/1423221/000142322125000100/nx-20251031.htm; https://www.sec.gov/Archives/edgar/data/1423221/000110465924071335/tm2417183d1_ex10-1.htm,,2025-12-12; 2024-06-13,2025-10-31,Conformed Credit Agreement,Term Loan A and Revolving Credit Facility: current_perfection_and_joinders,"Exact post-Tyman joinders, pledged equity, excluded assets, and perfection",text,,text,not_determinable,contract_or_company_disclosure,none,,
DT-007,debt_term,SRC-003,Amendment No. 1 with conformed Second Amended and Restated Credit Agreement,SEC 8-K exhibit,https://www.sec.gov/Archives/edgar/data/1423221/000110465924071335/tm2417183d1_ex10-1.htm,,2024-06-13,2025-10-31,Conformed Credit Agreement,Term Loan A: original_principal,$500.0 million,USD_millions,500,USD_millions,reported,contract_or_company_disclosure,none,,
DT-008,debt_term,SRC-001;SRC-002,Quanex FY2025 Form 10-K; Quanex Q4 and FY2025 results release,SEC 10-K; SEC 8-K exhibit,https://www.sec.gov/Archives/edgar/data/1423221/000142322125000100/nx-20251031.htm; https://www.sec.gov/Archives/edgar/data/1423221/000117184325007891/exh_991.htm,,2025-12-12; 2025-12-11,2025-10-31,FY2025 Form 10-K Note 9 and FY2025 results release,Term Loan A: current_funded_principal,$468.75 million,USD_millions,468.75,USD_millions,reported,contract_or_company_disclosure,none,,
DT-009,debt_term,SRC-003,Amendment No. 1 with conformed Second Amended and Restated Credit Agreement,SEC 8-K exhibit,https://www.sec.gov/Archives/edgar/data/1423221/000110465924071335/tm2417183d1_ex10-1.htm,,2024-06-13,2025-10-31,Conformed Credit Agreement,Term Loan A: scheduled_amortization_quarterly,1.25% of original principal / $6.25 million,USD_millions,6.25,USD_millions,reported,contract_or_company_disclosure,none,,
DT-010,debt_term,SRC-003,Amendment No. 1 with conformed Second Amended and Restated Credit Agreement,SEC 8-K exhibit,https://www.sec.gov/Archives/edgar/data/1423221/000110465924071335/tm2417183d1_ex10-1.htm,,2024-06-13,2025-10-31,Conformed Credit Agreement,Term Loan A: scheduled_amortization_annual,$25.0 million,USD_millions,25,USD_millions,calculated,contract_or_company_disclosure,none,,Four quarterly installments of $6.25 million.
DT-011,debt_term,SRC-003,Amendment No. 1 with conformed Second Amended and Restated Credit Agreement,SEC 8-K exhibit,https://www.sec.gov/Archives/edgar/data/1423221/000110465924071335/tm2417183d1_ex10-1.htm,,2024-06-13,2025-10-31,Conformed Credit Agreement,Term Loan A: maturity,"August 1, 2029",date,,date,reported,contract_or_company_disclosure,none,,
DT-012,debt_term,SRC-003,Amendment No. 1 with conformed Second Amended and Restated Credit Agreement,SEC 8-K exhibit,https://www.sec.gov/Archives/edgar/data/1423221/000110465924071335/tm2417183d1_ex10-1.htm,,2024-06-13,2025-10-31,Conformed Credit Agreement,Term Loan A: voluntary_prepayment,"Permitted without premium or penalty, subject to notice, minimums, and interest-period breakage",text,,text,reported,contract_or_company_disclosure,none,,
DT-013,debt_term,SRC-003,Amendment No. 1 with conformed Second Amended and Restated Credit Agreement,SEC 8-K exhibit,https://www.sec.gov/Archives/edgar/data/1423221/000110465924071335/tm2417183d1_ex10-1.htm,,2024-06-13,2025-10-31,Conformed Credit Agreement,Term Loan A: mandatory_prepayment,"Specified non-permitted debt and qualifying asset-sale, insurance, and condemnation proceeds, subject to exceptions and thresholds",text,,text,reported,contract_or_company_disclosure,none,,
DT-014,debt_term,SRC-001,Quanex FY2025 Form 10-K,SEC 10-K,https://www.sec.gov/Archives/edgar/data/1423221/000142322125000100/nx-20251031.htm,,2025-12-12,2025-10-31,FY2025 Form 10-K Note 9 debt maturity table,Term Loan A and Revolving Credit Facility: facility_principal_due_fy2026,$25.0 million,USD_millions,25,USD_millions,reported,contract_or_company_disclosure,none,,
DT-015,debt_term,SRC-001,Quanex FY2025 Form 10-K,SEC 10-K,https://www.sec.gov/Archives/edgar/data/1423221/000142322125000100/nx-20251031.htm,,2025-12-12,2025-10-31,FY2025 Form 10-K Note 9 debt maturity table,Term Loan A and Revolving Credit Facility: facility_principal_due_fy2027,$25.0 million,USD_millions,25,USD_millions,reported,contract_or_company_disclosure,none,,
DT-016,debt_term,SRC-001,Quanex FY2025 Form 10-K,SEC 10-K,https://www.sec.gov/Archives/edgar/data/1423221/000142322125000100/nx-20251031.htm,,2025-12-12,2025-10-31,FY2025 Form 10-K Note 9 debt maturity table,Term Loan A and Revolving Credit Facility: facility_principal_due_fy2028,$25.0 million,USD_millions,25,USD_millions,reported,contract_or_company_disclosure,none,,
DT-017,debt_term,SRC-001,Quanex FY2025 Form 10-K,SEC 10-K,https://www.sec.gov/Archives/edgar/data/1423221/000142322125000100/nx-20251031.htm,,2025-12-12,2025-10-31,FY2025 Form 10-K Note 9 debt maturity table,Term Loan A and Revolving Credit Facility: facility_principal_due_fy2029,$566.25 million,USD_millions,566.25,USD_millions,reported,contract_or_company_disclosure,none,,Includes current revolver usage and the Term A balloon; revolver usage can change.
DT-018,debt_term,SRC-003,Amendment No. 1 with conformed Second Amended and Restated Credit Agreement,SEC 8-K exhibit,https://www.sec.gov/Archives/edgar/data/1423221/000110465924071335/tm2417183d1_ex10-1.htm,,2024-06-13,2025-10-31,Conformed Credit Agreement,Revolving Credit Facility: total_commitment,$475.0 million,USD_millions,475,USD_millions,reported,contract_or_company_disclosure,none,,
DT-019,debt_term,SRC-001;SRC-002,Quanex FY2025 Form 10-K; Quanex Q4 and FY2025 results release,SEC 10-K; SEC 8-K exhibit,https://www.sec.gov/Archives/edgar/data/1423221/000142322125000100/nx-20251031.htm; https://www.sec.gov/Archives/edgar/data/1423221/000117184325007891/exh_991.htm,,2025-12-12; 2025-12-11,2025-10-31,FY2025 Form 10-K Note 9 and FY2025 results release,Revolving Credit Facility: current_funded_principal,$172.5 million,USD_millions,172.5,USD_millions,reported,contract_or_company_disclosure,none,,
DT-020,debt_term,SRC-001,Quanex FY2025 Form 10-K,SEC 10-K,https://www.sec.gov/Archives/edgar/data/1423221/000142322125000100/nx-20251031.htm,,2025-12-12,2025-10-31,FY2025 Form 10-K Note 9,Revolving Credit Facility: letters_of_credit_outstanding,$6.2 million,USD_millions,6.2,USD_millions,reported,contract_or_company_disclosure,none,,
DT-021,debt_term,SRC-001;SRC-003,Quanex FY2025 Form 10-K; Amendment No. 1 with conformed Second Amended and Restated Credit Agreement,SEC 10-K; SEC 8-K exhibit,https://www.sec.gov/Archives/edgar/data/1423221/000142322125000100/nx-20251031.htm; https://www.sec.gov/Archives/edgar/data/1423221/000110465924071335/tm2417183d1_ex10-1.htm,,2025-12-12; 2024-06-13,2025-10-31,Conformed Credit Agreement,Revolving Credit Facility: availability,$296.3 million,USD_millions,296.3,USD_millions,calculated,contract_or_company_disclosure,none,,$475.0m commitment less $172.5m borrowings and $6.2m letters of credit.
DT-022,debt_term,SRC-003,Amendment No. 1 with conformed Second Amended and Restated Credit Agreement,SEC 8-K exhibit,https://www.sec.gov/Archives/edgar/data/1423221/000110465924071335/tm2417183d1_ex10-1.htm,,2024-06-13,2025-10-31,Conformed Credit Agreement,Revolving Credit Facility: maturity,"August 1, 2029",date,,date,reported,contract_or_company_disclosure,none,,
DT-023,debt_term,SRC-003,Amendment No. 1 with conformed Second Amended and Restated Credit Agreement,SEC 8-K exhibit,https://www.sec.gov/Archives/edgar/data/1423221/000110465924071335/tm2417183d1_ex10-1.htm,,2024-06-13,2025-10-31,Conformed Credit Agreement,Revolving Credit Facility: alternative_currency_sublimit,$100.0 million,USD_millions,100,USD_millions,reported,contract_or_company_disclosure,none,,
DT-024,debt_term,SRC-003,Amendment No. 1 with conformed Second Amended and Restated Credit Agreement,SEC 8-K exhibit,https://www.sec.gov/Archives/edgar/data/1423221/000110465924071335/tm2417183d1_ex10-1.htm,,2024-06-13,2025-10-31,Conformed Credit Agreement,Revolving Credit Facility: letter_of_credit_sublimit,$30.0 million,USD_millions,30,USD_millions,reported,contract_or_company_disclosure,none,,
DT-025,debt_term,SRC-003,Amendment No. 1 with conformed Second Amended and Restated Credit Agreement,SEC 8-K exhibit,https://www.sec.gov/Archives/edgar/data/1423221/000110465924071335/tm2417183d1_ex10-1.htm,,2024-06-13,2025-10-31,Conformed Credit Agreement,Revolving Credit Facility: swingline_sublimit,$15.0 million,USD_millions,15,USD_millions,reported,contract_or_company_disclosure,none,,
DT-026,debt_term,SRC-003,Amendment No. 1 with conformed Second Amended and Restated Credit Agreement,SEC 8-K exhibit,https://www.sec.gov/Archives/edgar/data/1423221/000110465924071335/tm2417183d1_ex10-1.htm,,2024-06-13,2025-10-31,Conformed Credit Agreement,Term Loan A and Revolving Credit Facility: interest_rate_benchmark,"Base Rate, Adjusted Term SOFR, or specified alternative-currency rate mechanics",text,,text,reported,contract_or_company_disclosure,none,,
DT-027,debt_term,SRC-003,Amendment No. 1 with conformed Second Amended and Restated Credit Agreement,SEC 8-K exhibit,https://www.sec.gov/Archives/edgar/data/1423221/000110465924071335/tm2417183d1_ex10-1.htm,,2024-06-13,2025-10-31,Conformed Credit Agreement,Term Loan A and Revolving Credit Facility: pricing_band_1,CNLR <=1.50x: commitment 0.150%; SOFR/RFR 2.00%; Base Rate 1.00%,percent,,percent,reported,contract_or_company_disclosure,none,,
DT-028,debt_term,SRC-003,Amendment No. 1 with conformed Second Amended and Restated Credit Agreement,SEC 8-K exhibit,https://www.sec.gov/Archives/edgar/data/1423221/000110465924071335/tm2417183d1_ex10-1.htm,,2024-06-13,2025-10-31,Conformed Credit Agreement,Term Loan A and Revolving Credit Facility: pricing_band_2,CNLR >1.50x and <=2.25x: commitment 0.175%; SOFR/RFR 2.25%; Base Rate 1.25%,percent,,percent,reported,contract_or_company_disclosure,none,,
DT-029,debt_term,SRC-003,Amendment No. 1 with conformed Second Amended and Restated Credit Agreement,SEC 8-K exhibit,https://www.sec.gov/Archives/edgar/data/1423221/000110465924071335/tm2417183d1_ex10-1.htm,,2024-06-13,2025-10-31,Conformed Credit Agreement,Term Loan A and Revolving Credit Facility: pricing_band_3,CNLR >2.25x and <=3.00x: commitment 0.200%; SOFR/RFR 2.50%; Base Rate 1.50%,percent,,percent,reported,contract_or_company_disclosure,none,,
DT-030,debt_term,SRC-003,Amendment No. 1 with conformed Second Amended and Restated Credit Agreement,SEC 8-K exhibit,https://www.sec.gov/Archives/edgar/data/1423221/000110465924071335/tm2417183d1_ex10-1.htm,,2024-06-13,2025-10-31,Conformed Credit Agreement,Term Loan A and Revolving Credit Facility: pricing_band_4,CNLR >3.00x: commitment 0.250%; SOFR/RFR 2.75%; Base Rate 1.75%,percent,,percent,reported,contract_or_company_disclosure,none,,
DT-031,debt_term,SRC-003,Amendment No. 1 with conformed Second Amended and Restated Credit Agreement,SEC 8-K exhibit,https://www.sec.gov/Archives/edgar/data/1423221/000110465924071335/tm2417183d1_ex10-1.htm,,2024-06-13,2025-10-31,Conformed Credit Agreement,Term Loan A and Revolving Credit Facility: default_interest_spread,2.00% above otherwise applicable rate,percent,2,percent,reported,contract_or_company_disclosure,none,,
DT-032,debt_term,SRC-003,Amendment No. 1 with conformed Second Amended and Restated Credit Agreement,SEC 8-K exhibit,https://www.sec.gov/Archives/edgar/data/1423221/000110465924071335/tm2417183d1_ex10-1.htm,,2024-06-13,2025-10-31,Conformed Credit Agreement,Term Loan A and Revolving Credit Facility: undisclosed_fee_letters,Other fee-letter economics are not public,text,,text,not_determinable,contract_or_company_disclosure,none,,
DT-033,debt_term,SRC-001;SRC-003,Quanex FY2025 Form 10-K; Amendment No. 1 with conformed Second Amended and Restated Credit Agreement,SEC 10-K; SEC 8-K exhibit,https://www.sec.gov/Archives/edgar/data/1423221/000142322125000100/nx-20251031.htm; https://www.sec.gov/Archives/edgar/data/1423221/000110465924071335/tm2417183d1_ex10-1.htm,,2025-12-12; 2024-06-13,2025-10-31,Conformed Credit Agreement section 7.1 and FY2025 10-K MD&A,Term Loan A and Revolving Credit Facility: consolidated_net_leverage_ratio_maximum,Not greater than 3.25x,turns,3.25,turns,reported,contract_or_company_disclosure,none,,CNLR_DIRECTION | Executed agreement controls; 3.25x is a maximum.
DT-034,debt_term,SRC-001,Quanex FY2025 Form 10-K,SEC 10-K,https://www.sec.gov/Archives/edgar/data/1423221/000142322125000100/nx-20251031.htm,,2025-12-12,2025-10-31,FY2025 Form 10-K Note 9,Term Loan A and Revolving Credit Facility: fy2025_10k_note_9_cnlr_wording,Must be greater than 3.25x,turns,3.25,turns,conflicting_source,contract_or_company_disclosure,none,,CNLR_DIRECTION | Rejected as a drafting error because the executed agreement and MD&A use not-greater-than.
DT-035,debt_term,SRC-003,Amendment No. 1 with conformed Second Amended and Restated Credit Agreement,SEC 8-K exhibit,https://www.sec.gov/Archives/edgar/data/1423221/000110465924071335/tm2417183d1_ex10-1.htm,,2024-06-13,2025-10-31,Conformed Credit Agreement,Term Loan A and Revolving Credit Facility: consolidated_interest_coverage_ratio_minimum,Not less than 3.00x,turns,3,turns,reported,contract_or_company_disclosure,none,,
DT-036,debt_term,SRC-003,Amendment No. 1 with conformed Second Amended and Restated Credit Agreement,SEC 8-K exhibit,https://www.sec.gov/Archives/edgar/data/1423221/000110465924071335/tm2417183d1_ex10-1.htm,,2024-06-13,2025-10-31,Conformed Credit Agreement,Term Loan A and Revolving Credit Facility: qualifying_acquisition_step_up,Maximum CNLR may increase to 3.75x for the specified four-quarter period after a qualifying acquisition over $100 million,turns,3.75,turns,reported,contract_or_company_disclosure,none,,
DT-037,debt_term,SRC-003;SRC-016,Amendment No. 1 with conformed Second Amended and Restated Credit Agreement; Quanex FY2025 Q2 results release and covenant clarification,SEC 8-K exhibit; SEC 8-K exhibit,https://www.sec.gov/Archives/edgar/data/1423221/000110465924071335/tm2417183d1_ex10-1.htm; https://www.sec.gov/Archives/edgar/data/1423221/000117184325003726/exh_991.htm,,2024-06-13; 2025-06-05,2025-10-31,"Conformed Credit Agreement section 7.1 and June 5, 2025 results release",Term Loan A and Revolving Credit Facility: january_31_2026_cnlr_maximum,3.25x absent another permitted acquisition step-up,turns,3.25,turns,reported,contract_or_company_disclosure,none,,
DT-038,debt_term,SRC-003,Amendment No. 1 with conformed Second Amended and Restated Credit Agreement,SEC 8-K exhibit,https://www.sec.gov/Archives/edgar/data/1423221/000110465924071335/tm2417183d1_ex10-1.htm,,2024-06-13,2025-10-31,Conformed Credit Agreement,Term Loan A and Revolving Credit Facility: cash_netting_cap,$100.0 million eligible unrestricted cash,USD_millions,100,USD_millions,reported,contract_or_company_disclosure,none,,
DT-039,debt_term,SRC-003,Amendment No. 1 with conformed Second Amended and Restated Credit Agreement,SEC 8-K exhibit,https://www.sec.gov/Archives/edgar/data/1423221/000110465924071335/tm2417183d1_ex10-1.htm,,2024-06-13,2025-10-31,Conformed Credit Agreement,Term Loan A and Revolving Credit Facility: non_us_cash_sublimit,$25.0 million within cash-netting cap,USD_millions,25,USD_millions,reported,contract_or_company_disclosure,none,,
DT-040,debt_term,SRC-001;SRC-003,Quanex FY2025 Form 10-K; Amendment No. 1 with conformed Second Amended and Restated Credit Agreement,SEC 10-K; SEC 8-K exhibit,https://www.sec.gov/Archives/edgar/data/1423221/000142322125000100/nx-20251031.htm; https://www.sec.gov/Archives/edgar/data/1423221/000110465924071335/tm2417183d1_ex10-1.htm,,2025-12-12; 2024-06-13,2025-10-31,Conformed Credit Agreement,Term Loan A and Revolving Credit Facility: eligible_cash_at_2025_10_31,Amount satisfying accessibility and lien conditions is not public,text,,text,not_determinable,contract_or_company_disclosure,none,,
DT-041,debt_term,SRC-003,Amendment No. 1 with conformed Second Amended and Restated Credit Agreement,SEC 8-K exhibit,https://www.sec.gov/Archives/edgar/data/1423221/000110465924071335/tm2417183d1_ex10-1.htm,,2024-06-13,2025-10-31,Conformed Credit Agreement,Term Loan A and Revolving Credit Facility: incremental_facility_capacity,"Greater of $310 million and 100% of Consolidated EBITDA, minimum $10 million increments; uncommitted",USD_millions,310,USD_millions,reported,contract_or_company_disclosure,none,,
DT-042,debt_term,SRC-003,Amendment No. 1 with conformed Second Amended and Restated Credit Agreement,SEC 8-K exhibit,https://www.sec.gov/Archives/edgar/data/1423221/000110465924071335/tm2417183d1_ex10-1.htm,,2024-06-13,2025-10-31,Conformed Credit Agreement,Term Loan A and Revolving Credit Facility: negative_covenant_scope,"Debt, liens, fundamental changes, dispositions, junior-debt prepayments, restricted payments, investments, affiliate transactions, and restrictive agreements, subject to baskets and exceptions",text,,text,reported,contract_or_company_disclosure,none,,
DT-043,debt_term,SRC-003,Amendment No. 1 with conformed Second Amended and Restated Credit Agreement,SEC 8-K exhibit,https://www.sec.gov/Archives/edgar/data/1423221/000110465924071335/tm2417183d1_ex10-1.htm,,2024-06-13,2025-10-31,Conformed Credit Agreement,Term Loan A and Revolving Credit Facility: restricted_payment_condition,Certain actions require pro forma CNLR <=2.75x and liquidity >$25 million,turns,2.75,turns,reported,contract_or_company_disclosure,none,,
DT-044,debt_term,SRC-001,Quanex FY2025 Form 10-K,SEC 10-K,https://www.sec.gov/Archives/edgar/data/1423221/000142322125000100/nx-20251031.htm,,2025-12-12,2025-10-31,Conformed Credit Agreement,Term Loan A and Revolving Credit Facility: published_covenant_headroom,"Compliance was reported, but the full calculation and numerical headroom were not published",text,,text,not_determinable,contract_or_company_disclosure,none,,
DT-045,debt_term,SRC-001,Quanex FY2025 Form 10-K,SEC 10-K,https://www.sec.gov/Archives/edgar/data/1423221/000142322125000100/nx-20251031.htm,,2025-12-12,2025-10-31,FY2025 Form 10-K Note 9,Term Loan A and Revolving Credit Facility: unamortized_financing_fees,$11.040 million contra-debt,USD_millions,11.04,USD_millions,reported,contract_or_company_disclosure,none,,
DT-046,debt_term,SRC-001;SRC-002,Quanex FY2025 Form 10-K; Quanex Q4 and FY2025 results release,SEC 10-K; SEC 8-K exhibit,https://www.sec.gov/Archives/edgar/data/1423221/000142322125000100/nx-20251031.htm; https://www.sec.gov/Archives/edgar/data/1423221/000117184325007891/exh_991.htm,,2025-12-12; 2025-12-11,2025-10-31,FY2025 Form 10-K Note 9 and results-release net-debt reconciliation,Term Loan A and Revolving Credit Facility: finance_leases_and_other_debt,$62.619 million principal; $56.4 million relates to real-estate finance leases,USD_millions,62.619,USD_millions,reported,contract_or_company_disclosure,none,,
DT-047,debt_term,SRC-001;SRC-002,Quanex FY2025 Form 10-K; Quanex Q4 and FY2025 results release,SEC 10-K; SEC 8-K exhibit,https://www.sec.gov/Archives/edgar/data/1423221/000142322125000100/nx-20251031.htm; https://www.sec.gov/Archives/edgar/data/1423221/000117184325007891/exh_991.htm,,2025-12-12; 2025-12-11,2025-10-31,Conformed Credit Agreement,Term Loan A and Revolving Credit Facility: gross_facility_borrowings,$641.25 million,USD_millions,641.25,USD_millions,calculated,contract_or_company_disclosure,none,,$468.75m Term A plus $172.5m revolver.
DT-048,debt_term,SRC-001;SRC-002,Quanex FY2025 Form 10-K; Quanex Q4 and FY2025 results release,SEC 10-K; SEC 8-K exhibit,https://www.sec.gov/Archives/edgar/data/1423221/000142322125000100/nx-20251031.htm; https://www.sec.gov/Archives/edgar/data/1423221/000117184325007891/exh_991.htm,,2025-12-12; 2025-12-11,2025-10-31,Conformed Credit Agreement,Term Loan A and Revolving Credit Facility: gross_debt_including_leases_and_other,$703.869 million,USD_millions,703.869,USD_millions,calculated,contract_or_company_disclosure,none,,$641.25m facility principal plus $62.619m leases/other.
DT-049,debt_term,SRC-001,Quanex FY2025 Form 10-K,SEC 10-K,https://www.sec.gov/Archives/edgar/data/1423221/000142322125000100/nx-20251031.htm,,2025-12-12,2025-10-31,Conformed Credit Agreement,Term Loan A and Revolving Credit Facility: balance_sheet_debt_after_financing_fees,$692.829 million,USD_millions,692.829,USD_millions,calculated,contract_or_company_disclosure,none,,$703.869m gross debt less $11.040m unamortized financing fees.
DT-050,debt_term,SRC-001;SRC-003,Quanex FY2025 Form 10-K; Amendment No. 1 with conformed Second Amended and Restated Credit Agreement,SEC 10-K; SEC 8-K exhibit,https://www.sec.gov/Archives/edgar/data/1423221/000142322125000100/nx-20251031.htm; https://www.sec.gov/Archives/edgar/data/1423221/000110465924071335/tm2417183d1_ex10-1.htm,,2025-12-12; 2024-06-13,2025-10-31,Conformed Credit Agreement,Term Loan A and Revolving Credit Facility: hedge_and_break_costs_on_hypothetical_refinancing,Not publicly determinable,text,,text,not_determinable,contract_or_company_disclosure,none,,
DT-051,debt_term,SRC-001;SRC-003,Quanex FY2025 Form 10-K; Amendment No. 1 with conformed Second Amended and Restated Credit Agreement,SEC 10-K; SEC 8-K exhibit,https://www.sec.gov/Archives/edgar/data/1423221/000142322125000100/nx-20251031.htm; https://www.sec.gov/Archives/edgar/data/1423221/000110465924071335/tm2417183d1_ex10-1.htm,,2025-12-12; 2024-06-13,2025-10-31,Conformed Credit Agreement,Term Loan A and Revolving Credit Facility: hypothetical_2026_closing_balances,Not yet forecast or approved,text,,text,not_determinable,contract_or_company_disclosure,none,,"Deferred to later phases; October 31, 2025 balances are not a closing forecast."
