metric_id,structure,fiscal_year,period_coverage,metric_name,numerator,denominator,value,display_value,units,status,failure_flag,classification,review_status,source_ids,assumption_ids,calculation,notes
CM-0001,existing,FY2026,Q2-Q4,revenue,1437.561060075,,1437.561060075,1437.561060075,USD_millions,calculated,,formula_calculated_credit_metric,contains_owner_reviewed_phase5_testing_assumptions,SRC-001;SRC-003,P5A-001;P5A-002;P5A-003;P5A-004;P5A-006;P5A-007;P5A-008;P5A-009;P5A-010;P5A-011;P5A-012;P5A-014;P5A-015;P5A-016;P5A-018;P5A-019;P5A-020;P5A-021;P5A-022;P5A-042,Sum modeled-quarter revenue.,Sum modeled-quarter revenue.
CM-0002,existing,FY2026,Q2-Q4,lender_base_ebitda,190.2486370271889141942985599,,190.2486370271889141942985599,190.2486370271889141942985599,USD_millions,calculated,,formula_calculated_credit_metric,contains_owner_reviewed_phase5_testing_assumptions,SRC-001;SRC-003,P5A-001;P5A-002;P5A-003;P5A-004;P5A-006;P5A-007;P5A-008;P5A-009;P5A-010;P5A-011;P5A-012;P5A-014;P5A-015;P5A-016;P5A-018;P5A-019;P5A-020;P5A-021;P5A-022;P5A-042,Sum formula-calculated lender-base EBITDA; no top-down EBITDA growth.,Sum formula-calculated lender-base EBITDA; no top-down EBITDA growth.
CM-0003,existing,FY2026,Q2-Q4,lender_base_ebitda_margin,13.23412565287928152106729287,,13.23412565287928152106729287,13.23412565287928152106729287,percent,calculated,,formula_calculated_credit_metric,contains_owner_reviewed_phase5_testing_assumptions,SRC-001;SRC-003,P5A-001;P5A-002;P5A-003;P5A-004;P5A-006;P5A-007;P5A-008;P5A-009;P5A-010;P5A-011;P5A-012;P5A-014;P5A-015;P5A-016;P5A-018;P5A-019;P5A-020;P5A-021;P5A-022;P5A-042,EBITDA / revenue.,EBITDA / revenue.
CM-0004,existing,FY2026,Q2-Q4,cash_tax_proxy,-27.33136245836175354857463998,,-27.33136245836175354857463998,-27.33136245836175354857463998,USD_millions,calculated,,formula_calculated_credit_metric,contains_owner_reviewed_phase5_testing_assumptions,SRC-001;SRC-003,P5A-001;P5A-002;P5A-003;P5A-004;P5A-006;P5A-007;P5A-008;P5A-009;P5A-010;P5A-011;P5A-012;P5A-014;P5A-015;P5A-016;P5A-018;P5A-019;P5A-020;P5A-021;P5A-022;P5A-042,Negative cash use.,Negative cash use.
CM-0005,existing,FY2026,Q2-Q4,working_capital_cash_flow,-0.2357355380811638989187433,,-0.2357355380811638989187433,-0.2357355380811638989187433,USD_millions,calculated,,formula_calculated_credit_metric,contains_owner_reviewed_phase5_testing_assumptions,SRC-001;SRC-003,P5A-001;P5A-002;P5A-003;P5A-004;P5A-006;P5A-007;P5A-008;P5A-009;P5A-010;P5A-011;P5A-012;P5A-014;P5A-015;P5A-016;P5A-018;P5A-019;P5A-020;P5A-021;P5A-022;P5A-042,Positive is cash contribution; negative is use.,Positive is cash contribution; negative is use.
CM-0006,existing,FY2026,Q2-Q4,capital_expenditures,-50.314637102625,,-50.314637102625,-50.314637102625,USD_millions,calculated,,formula_calculated_credit_metric,contains_owner_reviewed_phase5_testing_assumptions,SRC-001;SRC-003,P5A-001;P5A-002;P5A-003;P5A-004;P5A-006;P5A-007;P5A-008;P5A-009;P5A-010;P5A-011;P5A-012;P5A-014;P5A-015;P5A-016;P5A-018;P5A-019;P5A-020;P5A-021;P5A-022;P5A-042,Negative cash use.,Negative cash use.
CM-0007,existing,FY2026,Q2-Q4,cfads_before_cash_interest,111.6669019281209967468051766,,111.6669019281209967468051766,111.6669019281209967468051766,USD_millions,calculated,,formula_calculated_credit_metric,contains_owner_reviewed_phase5_testing_assumptions,SRC-001;SRC-003,P5A-001;P5A-002;P5A-003;P5A-004;P5A-006;P5A-007;P5A-008;P5A-009;P5A-010;P5A-011;P5A-012;P5A-014;P5A-015;P5A-016;P5A-018;P5A-019;P5A-020;P5A-021;P5A-022;P5A-042,"EBITDA less modeled taxes, capex, working-capital investment and identified cash uses.","EBITDA less modeled taxes, capex, working-capital investment and identified cash uses."
CM-0008,existing,FY2026,Q2-Q4,cash_interest,-31.56751134489467701431921005,,-31.56751134489467701431921005,-31.56751134489467701431921005,USD_millions,calculated,,formula_calculated_credit_metric,contains_owner_reviewed_phase5_testing_assumptions,SRC-001;SRC-003,P5A-001;P5A-002;P5A-003;P5A-004;P5A-006;P5A-007;P5A-008;P5A-009;P5A-010;P5A-011;P5A-012;P5A-014;P5A-015;P5A-016;P5A-018;P5A-019;P5A-020;P5A-021;P5A-022;P5A-042,Negative cash use based on modeled average debt.,Negative cash use based on modeled average debt.
CM-0009,existing,FY2026,Q2-Q4,cfo_proxy,130.4140276858513197324859666,,130.4140276858513197324859666,130.4140276858513197324859666,USD_millions,calculated,,formula_calculated_credit_metric,contains_owner_reviewed_phase5_testing_assumptions,SRC-001;SRC-003,P5A-001;P5A-002;P5A-003;P5A-004;P5A-006;P5A-007;P5A-008;P5A-009;P5A-010;P5A-011;P5A-012;P5A-014;P5A-015;P5A-016;P5A-018;P5A-019;P5A-020;P5A-021;P5A-022;P5A-042,"EBITDA less cash taxes, working-capital investment, other operating uses and cash interest; not an official GAAP forecast.","EBITDA less cash taxes, working-capital investment, other operating uses and cash interest; not an official GAAP forecast."
CM-0010,existing,FY2026,Q2-Q4,fcf_proxy,80.0993905832263197324859666,,80.0993905832263197324859666,80.0993905832263197324859666,USD_millions,calculated,,formula_calculated_credit_metric,contains_owner_reviewed_phase5_testing_assumptions,SRC-001;SRC-003,P5A-001;P5A-002;P5A-003;P5A-004;P5A-006;P5A-007;P5A-008;P5A-009;P5A-010;P5A-011;P5A-012;P5A-014;P5A-015;P5A-016;P5A-018;P5A-019;P5A-020;P5A-021;P5A-022;P5A-042,Modeled CFO proxy less capital expenditures.,Modeled CFO proxy less capital expenditures.
CM-0011,existing,FY2026,Q2-Q4,scheduled_term_principal,18.75,,18.75,18.75,USD_millions,calculated,,formula_calculated_credit_metric,contains_owner_reviewed_phase5_testing_assumptions,SRC-001;SRC-003,P5A-001;P5A-002;P5A-003;P5A-004;P5A-006;P5A-007;P5A-008;P5A-009;P5A-010;P5A-011;P5A-012;P5A-014;P5A-015;P5A-016;P5A-018;P5A-019;P5A-020;P5A-021;P5A-022;P5A-042,Required term principal paid in modeled periods.,Required term principal paid in modeled periods.
CM-0012,existing,FY2026,Q2-Q4,cash_sweep,0,,0,0,USD_millions,calculated,,formula_calculated_credit_metric,contains_owner_reviewed_phase5_testing_assumptions,SRC-001;SRC-003,P5A-001;P5A-002;P5A-003;P5A-004;P5A-006;P5A-007;P5A-008;P5A-009;P5A-010;P5A-011;P5A-012;P5A-014;P5A-015;P5A-016;P5A-018;P5A-019;P5A-020;P5A-021;P5A-022;P5A-042,Provisional annual term sweep after revolver repayment.,Provisional annual term sweep after revolver repayment.
CM-0013,existing,FY2026,Q2-Q4,dividends,-10.875,,-10.875,-10.875,USD_millions,calculated,,formula_calculated_credit_metric,contains_owner_reviewed_phase5_testing_assumptions,SRC-001;SRC-003,P5A-001;P5A-002;P5A-003;P5A-004;P5A-006;P5A-007;P5A-008;P5A-009;P5A-010;P5A-011;P5A-012;P5A-014;P5A-015;P5A-016;P5A-018;P5A-019;P5A-020;P5A-021;P5A-022;P5A-042,Negative cash use.,Negative cash use.
CM-0014,existing,FY2026,Q2-Q4,share_repurchases,-3.75,,-3.75,-3.75,USD_millions,calculated,,formula_calculated_credit_metric,contains_owner_reviewed_phase5_testing_assumptions,SRC-001;SRC-003,P5A-001;P5A-002;P5A-003;P5A-004;P5A-006;P5A-007;P5A-008;P5A-009;P5A-010;P5A-011;P5A-012;P5A-014;P5A-015;P5A-016;P5A-018;P5A-019;P5A-020;P5A-021;P5A-022;P5A-042,Negative cash use.,Negative cash use.
CM-0015,existing,FY2026,Q2-Q4,ending_bank_funded_debt,610.6865781667736802675140334,,610.6865781667736802675140334,610.6865781667736802675140334,USD_millions,calculated,,formula_calculated_credit_metric,contains_owner_reviewed_phase5_testing_assumptions,SRC-001;SRC-003,P5A-001;P5A-002;P5A-003;P5A-004;P5A-006;P5A-007;P5A-008;P5A-009;P5A-010;P5A-011;P5A-012;P5A-014;P5A-015;P5A-016;P5A-018;P5A-019;P5A-020;P5A-021;P5A-022;P5A-042,Term plus revolver principal after modeled payments.,Term plus revolver principal after modeled payments.
CM-0016,existing,FY2026,Q2-Q4,ending_gross_funded_debt,673.3055781667736802675140334,,673.3055781667736802675140334,673.3055781667736802675140334,USD_millions,calculated,,formula_calculated_credit_metric,contains_owner_reviewed_phase5_testing_assumptions,SRC-001;SRC-003,P5A-001;P5A-002;P5A-003;P5A-004;P5A-006;P5A-007;P5A-008;P5A-009;P5A-010;P5A-011;P5A-012;P5A-014;P5A-015;P5A-016;P5A-018;P5A-019;P5A-020;P5A-021;P5A-022;P5A-042,Bank principal plus conservative retained debt opening proxy.,Bank principal plus conservative retained debt opening proxy.
CM-0017,existing,FY2026,Q2-Q4,book_cash_net_debt_diagnostic,673.3055781667736802675140334,,673.3055781667736802675140334,673.3055781667736802675140334,USD_millions,calculated,,formula_calculated_credit_metric,contains_owner_reviewed_phase5_testing_assumptions,SRC-001;SRC-003,P5A-001;P5A-002;P5A-003;P5A-004;P5A-006;P5A-007;P5A-008;P5A-009;P5A-010;P5A-011;P5A-012;P5A-014;P5A-015;P5A-016;P5A-018;P5A-019;P5A-020;P5A-021;P5A-022;P5A-042,Gross debt less modeled cash above the operating floor only.,Gross debt less modeled cash above the operating floor only.
CM-0018,existing,FY2026,Q2-Q4,minimum_revolver_availability,261.40228125,,261.40228125,261.40228125,USD_millions,calculated,,formula_calculated_credit_metric,contains_owner_reviewed_phase5_testing_assumptions,SRC-001;SRC-003,P5A-001;P5A-002;P5A-003;P5A-004;P5A-006;P5A-007;P5A-008;P5A-009;P5A-010;P5A-011;P5A-012;P5A-014;P5A-015;P5A-016;P5A-018;P5A-019;P5A-020;P5A-021;P5A-022;P5A-042,Minimum quarter-observed capacity after LCs.,Minimum quarter-observed capacity after LCs.
CM-0019,existing,FY2026,Q2-Q4,minimum_usable_liquidity,261.40228125,,261.40228125,261.40228125,USD_millions,calculated,,formula_calculated_credit_metric,contains_owner_reviewed_phase5_testing_assumptions,SRC-001;SRC-003,P5A-001;P5A-002;P5A-003;P5A-004;P5A-006;P5A-007;P5A-008;P5A-009;P5A-010;P5A-011;P5A-012;P5A-014;P5A-015;P5A-016;P5A-018;P5A-019;P5A-020;P5A-021;P5A-022;P5A-042,Cash above floor plus available revolver; not contractual liquidity.,Cash above floor plus available revolver; not contractual liquidity.
CM-0020,existing,FY2026,Q2-Q4,peak_revolver_usage,207.39771875,,207.39771875,207.39771875,USD_millions,calculated,,formula_calculated_credit_metric,contains_owner_reviewed_phase5_testing_assumptions,SRC-001;SRC-003,P5A-001;P5A-002;P5A-003;P5A-004;P5A-006;P5A-007;P5A-008;P5A-009;P5A-010;P5A-011;P5A-012;P5A-014;P5A-015;P5A-016;P5A-018;P5A-019;P5A-020;P5A-021;P5A-022;P5A-042,Maximum ending monthly revolver balance.,Maximum ending monthly revolver balance.
CM-0021,existing,FY2026,Q2-Q4,unsupported_maturity_funding_gap,0,,0,0,USD_millions,calculated,,formula_calculated_credit_metric,contains_owner_reviewed_phase5_testing_assumptions,SRC-001;SRC-003,P5A-001;P5A-002;P5A-003;P5A-004;P5A-006;P5A-007;P5A-008;P5A-009;P5A-010;P5A-011;P5A-012;P5A-014;P5A-015;P5A-016;P5A-018;P5A-019;P5A-020;P5A-021;P5A-022;P5A-042,Debt due at maturity not covered by modeled cash above floor.,Debt due at maturity not covered by modeled cash above floor.
CM-0022,existing,FY2026,Q2-Q4,recurring_financing_fees,,,,N/D,USD_millions,not_determinable,,formula_calculated_credit_metric,contains_owner_reviewed_phase5_testing_assumptions,SRC-001;SRC-003,P5A-001;P5A-002;P5A-003;P5A-004;P5A-006;P5A-007;P5A-008;P5A-009;P5A-010;P5A-011;P5A-012;P5A-014;P5A-015;P5A-016;P5A-018;P5A-019;P5A-020;P5A-021;P5A-022;P5A-042,"Proposed unused-commitment, LC and fronting fees are unavailable.",Excluded rather than entered as zero; modeled cash flow and liquidity are before these fees.
CM-0023,existing,FY2026,Q2-Q4,gross_funded_debt_to_lender_base_ebitda,673.3055781667736802675140334,190.2486370271889141942985599,3.539082269853790732313608829,3.539082269853790732313608829,turns,calculated,,formula_calculated_credit_metric,contains_owner_reviewed_phase5_testing_assumptions,SRC-001;SRC-003,P5A-001;P5A-002;P5A-003;P5A-004;P5A-006;P5A-007;P5A-008;P5A-009;P5A-010;P5A-011;P5A-012;P5A-014;P5A-015;P5A-016;P5A-018;P5A-019;P5A-020;P5A-021;P5A-022;P5A-042,Ending gross funded debt / same-coverage EBITDA.,Ending gross funded debt / same-coverage EBITDA.
CM-0024,existing,FY2026,Q2-Q4,net_debt_diagnostic_to_lender_base_ebitda,673.3055781667736802675140334,190.2486370271889141942985599,3.539082269853790732313608829,3.539082269853790732313608829,turns,calculated,,formula_calculated_credit_metric,contains_owner_reviewed_phase5_testing_assumptions,SRC-001;SRC-003,P5A-001;P5A-002;P5A-003;P5A-004;P5A-006;P5A-007;P5A-008;P5A-009;P5A-010;P5A-011;P5A-012;P5A-014;P5A-015;P5A-016;P5A-018;P5A-019;P5A-020;P5A-021;P5A-022;P5A-042,Book-cash diagnostic only; not covenant or lender net leverage.,Book-cash diagnostic only; not covenant or lender net leverage.
CM-0025,existing,FY2026,Q2-Q4,ebitda_to_cash_interest,190.2486370271889141942985599,31.56751134489467701431921005,6.026722694374109414685005352,6.026722694374109414685005352,turns,calculated,,formula_calculated_credit_metric,contains_owner_reviewed_phase5_testing_assumptions,SRC-001;SRC-003,P5A-001;P5A-002;P5A-003;P5A-004;P5A-006;P5A-007;P5A-008;P5A-009;P5A-010;P5A-011;P5A-012;P5A-014;P5A-015;P5A-016;P5A-018;P5A-019;P5A-020;P5A-021;P5A-022;P5A-042,Modeled EBITDA / modeled bank cash interest.,Modeled EBITDA / modeled bank cash interest.
CM-0026,existing,FY2026,Q2-Q4,cfads_to_cash_interest,111.6669019281209967468051766,31.56751134489467701431921005,3.537399597582802935204540188,3.537399597582802935204540188,turns,calculated,,formula_calculated_credit_metric,contains_owner_reviewed_phase5_testing_assumptions,SRC-001;SRC-003,P5A-001;P5A-002;P5A-003;P5A-004;P5A-006;P5A-007;P5A-008;P5A-009;P5A-010;P5A-011;P5A-012;P5A-014;P5A-015;P5A-016;P5A-018;P5A-019;P5A-020;P5A-021;P5A-022;P5A-042,CFADS before cash interest / modeled bank cash interest.,CFADS before cash interest / modeled bank cash interest.
CM-0027,existing,FY2026,Q2-Q4,cfads_to_scheduled_debt_service,111.6669019281209967468051766,56.58076134489467701431921005,1.9735842939164830097627449,1.9735842939164830097627449,turns,calculated,,formula_calculated_credit_metric,contains_owner_reviewed_phase5_testing_assumptions,SRC-001;SRC-003,P5A-001;P5A-002;P5A-003;P5A-004;P5A-006;P5A-007;P5A-008;P5A-009;P5A-010;P5A-011;P5A-012;P5A-014;P5A-015;P5A-016;P5A-018;P5A-019;P5A-020;P5A-021;P5A-022;P5A-042,"CFADS before interest / bank interest, scheduled term principal and retained-obligation payments.","CFADS before interest / bank interest, scheduled term principal and retained-obligation payments."
CM-0028,existing,FY2026,Q2-Q4,cfo_proxy_to_gross_debt,130.4140276858513197324859666,673.3055781667736802675140334,0.1936921836306969692583528467,0.1936921836306969692583528467,turns,calculated,,formula_calculated_credit_metric,contains_owner_reviewed_phase5_testing_assumptions,SRC-001;SRC-003,P5A-001;P5A-002;P5A-003;P5A-004;P5A-006;P5A-007;P5A-008;P5A-009;P5A-010;P5A-011;P5A-012;P5A-014;P5A-015;P5A-016;P5A-018;P5A-019;P5A-020;P5A-021;P5A-022;P5A-042,Modeled CFO proxy / ending gross funded debt.,Modeled CFO proxy / ending gross funded debt.
CM-0029,existing,FY2026,Q2-Q4,fcf_proxy_to_gross_debt,80.0993905832263197324859666,673.3055781667736802675140334,0.118964394742302565330172968,0.118964394742302565330172968,turns,calculated,,formula_calculated_credit_metric,contains_owner_reviewed_phase5_testing_assumptions,SRC-001;SRC-003,P5A-001;P5A-002;P5A-003;P5A-004;P5A-006;P5A-007;P5A-008;P5A-009;P5A-010;P5A-011;P5A-012;P5A-014;P5A-015;P5A-016;P5A-018;P5A-019;P5A-020;P5A-021;P5A-022;P5A-042,Modeled FCF proxy / ending gross funded debt.,Modeled FCF proxy / ending gross funded debt.
CM-0030,existing,FY2027,Q1-Q4,revenue,1837.549119098525625,,1837.549119098525625,1837.549119098525625,USD_millions,calculated,,formula_calculated_credit_metric,contains_owner_reviewed_phase5_testing_assumptions,SRC-001;SRC-003,P5A-001;P5A-002;P5A-003;P5A-004;P5A-006;P5A-007;P5A-008;P5A-009;P5A-010;P5A-011;P5A-012;P5A-014;P5A-015;P5A-016;P5A-018;P5A-019;P5A-020;P5A-021;P5A-022;P5A-042,Sum modeled-quarter revenue.,Sum modeled-quarter revenue.
CM-0031,existing,FY2027,Q1-Q4,lender_base_ebitda,222.268103897038561074375,,222.268103897038561074375,222.268103897038561074375,USD_millions,calculated,,formula_calculated_credit_metric,contains_owner_reviewed_phase5_testing_assumptions,SRC-001;SRC-003,P5A-001;P5A-002;P5A-003;P5A-004;P5A-006;P5A-007;P5A-008;P5A-009;P5A-010;P5A-011;P5A-012;P5A-014;P5A-015;P5A-016;P5A-018;P5A-019;P5A-020;P5A-021;P5A-022;P5A-042,Sum formula-calculated lender-base EBITDA; no top-down EBITDA growth.,Sum formula-calculated lender-base EBITDA; no top-down EBITDA growth.
CM-0032,existing,FY2027,Q1-Q4,lender_base_ebitda_margin,12.0959,,12.0959,12.0959,percent,calculated,,formula_calculated_credit_metric,contains_owner_reviewed_phase5_testing_assumptions,SRC-001;SRC-003,P5A-001;P5A-002;P5A-003;P5A-004;P5A-006;P5A-007;P5A-008;P5A-009;P5A-010;P5A-011;P5A-012;P5A-014;P5A-015;P5A-016;P5A-018;P5A-019;P5A-020;P5A-021;P5A-022;P5A-042,EBITDA / revenue.,EBITDA / revenue.
CM-0033,existing,FY2027,Q1-Q4,cash_tax_proxy,-29.70719722118608914796875,,-29.70719722118608914796875,-29.70719722118608914796875,USD_millions,calculated,,formula_calculated_credit_metric,contains_owner_reviewed_phase5_testing_assumptions,SRC-001;SRC-003,P5A-001;P5A-002;P5A-003;P5A-004;P5A-006;P5A-007;P5A-008;P5A-009;P5A-010;P5A-011;P5A-012;P5A-014;P5A-015;P5A-016;P5A-018;P5A-019;P5A-020;P5A-021;P5A-022;P5A-042,Negative cash use.,Negative cash use.
CM-0034,existing,FY2027,Q1-Q4,working_capital_cash_flow,0.006817535099935976732363,,0.006817535099935976732363,0.006817535099935976732363,USD_millions,calculated,,formula_calculated_credit_metric,contains_owner_reviewed_phase5_testing_assumptions,SRC-001;SRC-003,P5A-001;P5A-002;P5A-003;P5A-004;P5A-006;P5A-007;P5A-008;P5A-009;P5A-010;P5A-011;P5A-012;P5A-014;P5A-015;P5A-016;P5A-018;P5A-019;P5A-020;P5A-021;P5A-022;P5A-042,Positive is cash contribution; negative is use.,Positive is cash contribution; negative is use.
CM-0035,existing,FY2027,Q1-Q4,capital_expenditures,-64.314219168448396875,,-64.314219168448396875,-64.314219168448396875,USD_millions,calculated,,formula_calculated_credit_metric,contains_owner_reviewed_phase5_testing_assumptions,SRC-001;SRC-003,P5A-001;P5A-002;P5A-003;P5A-004;P5A-006;P5A-007;P5A-008;P5A-009;P5A-010;P5A-011;P5A-012;P5A-014;P5A-015;P5A-016;P5A-018;P5A-019;P5A-020;P5A-021;P5A-022;P5A-042,Negative cash use.,Negative cash use.
CM-0036,existing,FY2027,Q1-Q4,cfads_before_cash_interest,128.253505042504011028138613,,128.253505042504011028138613,128.253505042504011028138613,USD_millions,calculated,,formula_calculated_credit_metric,contains_owner_reviewed_phase5_testing_assumptions,SRC-001;SRC-003,P5A-001;P5A-002;P5A-003;P5A-004;P5A-006;P5A-007;P5A-008;P5A-009;P5A-010;P5A-011;P5A-012;P5A-014;P5A-015;P5A-016;P5A-018;P5A-019;P5A-020;P5A-021;P5A-022;P5A-042,"EBITDA less modeled taxes, capex, working-capital investment and identified cash uses.","EBITDA less modeled taxes, capex, working-capital investment and identified cash uses."
CM-0037,existing,FY2027,Q1-Q4,cash_interest,-38.6409625520181960486939916,,-38.6409625520181960486939916,-38.6409625520181960486939916,USD_millions,calculated,,formula_calculated_credit_metric,contains_owner_reviewed_phase5_testing_assumptions,SRC-001;SRC-003,P5A-001;P5A-002;P5A-003;P5A-004;P5A-006;P5A-007;P5A-008;P5A-009;P5A-010;P5A-011;P5A-012;P5A-014;P5A-015;P5A-016;P5A-018;P5A-019;P5A-020;P5A-021;P5A-022;P5A-042,Negative cash use based on modeled average debt.,Negative cash use based on modeled average debt.
CM-0038,existing,FY2027,Q1-Q4,cfo_proxy,153.9267616589342118544446213,,153.9267616589342118544446213,153.9267616589342118544446213,USD_millions,calculated,,formula_calculated_credit_metric,contains_owner_reviewed_phase5_testing_assumptions,SRC-001;SRC-003,P5A-001;P5A-002;P5A-003;P5A-004;P5A-006;P5A-007;P5A-008;P5A-009;P5A-010;P5A-011;P5A-012;P5A-014;P5A-015;P5A-016;P5A-018;P5A-019;P5A-020;P5A-021;P5A-022;P5A-042,"EBITDA less cash taxes, working-capital investment, other operating uses and cash interest; not an official GAAP forecast.","EBITDA less cash taxes, working-capital investment, other operating uses and cash interest; not an official GAAP forecast."
CM-0039,existing,FY2027,Q1-Q4,fcf_proxy,89.61254249048581497944462138,,89.61254249048581497944462138,89.61254249048581497944462138,USD_millions,calculated,,formula_calculated_credit_metric,contains_owner_reviewed_phase5_testing_assumptions,SRC-001;SRC-003,P5A-001;P5A-002;P5A-003;P5A-004;P5A-006;P5A-007;P5A-008;P5A-009;P5A-010;P5A-011;P5A-012;P5A-014;P5A-015;P5A-016;P5A-018;P5A-019;P5A-020;P5A-021;P5A-022;P5A-042,Modeled CFO proxy less capital expenditures.,Modeled CFO proxy less capital expenditures.
CM-0040,existing,FY2027,Q1-Q4,scheduled_term_principal,25,,25,25,USD_millions,calculated,,formula_calculated_credit_metric,contains_owner_reviewed_phase5_testing_assumptions,SRC-001;SRC-003,P5A-001;P5A-002;P5A-003;P5A-004;P5A-006;P5A-007;P5A-008;P5A-009;P5A-010;P5A-011;P5A-012;P5A-014;P5A-015;P5A-016;P5A-018;P5A-019;P5A-020;P5A-021;P5A-022;P5A-042,Required term principal paid in modeled periods.,Required term principal paid in modeled periods.
CM-0041,existing,FY2027,Q1-Q4,cash_sweep,0,,0,0,USD_millions,calculated,,formula_calculated_credit_metric,contains_owner_reviewed_phase5_testing_assumptions,SRC-001;SRC-003,P5A-001;P5A-002;P5A-003;P5A-004;P5A-006;P5A-007;P5A-008;P5A-009;P5A-010;P5A-011;P5A-012;P5A-014;P5A-015;P5A-016;P5A-018;P5A-019;P5A-020;P5A-021;P5A-022;P5A-042,Provisional annual term sweep after revolver repayment.,Provisional annual term sweep after revolver repayment.
CM-0042,existing,FY2027,Q1-Q4,dividends,-14.5,,-14.5,-14.5,USD_millions,calculated,,formula_calculated_credit_metric,contains_owner_reviewed_phase5_testing_assumptions,SRC-001;SRC-003,P5A-001;P5A-002;P5A-003;P5A-004;P5A-006;P5A-007;P5A-008;P5A-009;P5A-010;P5A-011;P5A-012;P5A-014;P5A-015;P5A-016;P5A-018;P5A-019;P5A-020;P5A-021;P5A-022;P5A-042,Negative cash use.,Negative cash use.
CM-0043,existing,FY2027,Q1-Q4,share_repurchases,-5,,-5,-5,USD_millions,calculated,,formula_calculated_credit_metric,contains_owner_reviewed_phase5_testing_assumptions,SRC-001;SRC-003,P5A-001;P5A-002;P5A-003;P5A-004;P5A-006;P5A-007;P5A-008;P5A-009;P5A-010;P5A-011;P5A-012;P5A-014;P5A-015;P5A-016;P5A-018;P5A-019;P5A-020;P5A-021;P5A-022;P5A-042,Negative cash use.,Negative cash use.
CM-0044,existing,FY2027,Q1-Q4,ending_bank_funded_debt,548.6050356762878652880694119,,548.6050356762878652880694119,548.6050356762878652880694119,USD_millions,calculated,,formula_calculated_credit_metric,contains_owner_reviewed_phase5_testing_assumptions,SRC-001;SRC-003,P5A-001;P5A-002;P5A-003;P5A-004;P5A-006;P5A-007;P5A-008;P5A-009;P5A-010;P5A-011;P5A-012;P5A-014;P5A-015;P5A-016;P5A-018;P5A-019;P5A-020;P5A-021;P5A-022;P5A-042,Term plus revolver principal after modeled payments.,Term plus revolver principal after modeled payments.
CM-0045,existing,FY2027,Q1-Q4,ending_gross_funded_debt,611.2240356762878652880694119,,611.2240356762878652880694119,611.2240356762878652880694119,USD_millions,calculated,,formula_calculated_credit_metric,contains_owner_reviewed_phase5_testing_assumptions,SRC-001;SRC-003,P5A-001;P5A-002;P5A-003;P5A-004;P5A-006;P5A-007;P5A-008;P5A-009;P5A-010;P5A-011;P5A-012;P5A-014;P5A-015;P5A-016;P5A-018;P5A-019;P5A-020;P5A-021;P5A-022;P5A-042,Bank principal plus conservative retained debt opening proxy.,Bank principal plus conservative retained debt opening proxy.
CM-0046,existing,FY2027,Q1-Q4,book_cash_net_debt_diagnostic,611.2240356762878652880694119,,611.2240356762878652880694119,611.2240356762878652880694119,USD_millions,calculated,,formula_calculated_credit_metric,contains_owner_reviewed_phase5_testing_assumptions,SRC-001;SRC-003,P5A-001;P5A-002;P5A-003;P5A-004;P5A-006;P5A-007;P5A-008;P5A-009;P5A-010;P5A-011;P5A-012;P5A-014;P5A-015;P5A-016;P5A-018;P5A-019;P5A-020;P5A-021;P5A-022;P5A-042,Gross debt less modeled cash above the operating floor only.,Gross debt less modeled cash above the operating floor only.
CM-0047,existing,FY2027,Q1-Q4,minimum_revolver_availability,294.3380869519415141560177072,,294.3380869519415141560177072,294.3380869519415141560177072,USD_millions,calculated,,formula_calculated_credit_metric,contains_owner_reviewed_phase5_testing_assumptions,SRC-001;SRC-003,P5A-001;P5A-002;P5A-003;P5A-004;P5A-006;P5A-007;P5A-008;P5A-009;P5A-010;P5A-011;P5A-012;P5A-014;P5A-015;P5A-016;P5A-018;P5A-019;P5A-020;P5A-021;P5A-022;P5A-042,Minimum quarter-observed capacity after LCs.,Minimum quarter-observed capacity after LCs.
CM-0048,existing,FY2027,Q1-Q4,minimum_usable_liquidity,294.3380869519415141560177072,,294.3380869519415141560177072,294.3380869519415141560177072,USD_millions,calculated,,formula_calculated_credit_metric,contains_owner_reviewed_phase5_testing_assumptions,SRC-001;SRC-003,P5A-001;P5A-002;P5A-003;P5A-004;P5A-006;P5A-007;P5A-008;P5A-009;P5A-010;P5A-011;P5A-012;P5A-014;P5A-015;P5A-016;P5A-018;P5A-019;P5A-020;P5A-021;P5A-022;P5A-042,Cash above floor plus available revolver; not contractual liquidity.,Cash above floor plus available revolver; not contractual liquidity.
CM-0049,existing,FY2027,Q1-Q4,peak_revolver_usage,174.4619130480584858439822928,,174.4619130480584858439822928,174.4619130480584858439822928,USD_millions,calculated,,formula_calculated_credit_metric,contains_owner_reviewed_phase5_testing_assumptions,SRC-001;SRC-003,P5A-001;P5A-002;P5A-003;P5A-004;P5A-006;P5A-007;P5A-008;P5A-009;P5A-010;P5A-011;P5A-012;P5A-014;P5A-015;P5A-016;P5A-018;P5A-019;P5A-020;P5A-021;P5A-022;P5A-042,Maximum ending monthly revolver balance.,Maximum ending monthly revolver balance.
CM-0050,existing,FY2027,Q1-Q4,unsupported_maturity_funding_gap,0,,0,0,USD_millions,calculated,,formula_calculated_credit_metric,contains_owner_reviewed_phase5_testing_assumptions,SRC-001;SRC-003,P5A-001;P5A-002;P5A-003;P5A-004;P5A-006;P5A-007;P5A-008;P5A-009;P5A-010;P5A-011;P5A-012;P5A-014;P5A-015;P5A-016;P5A-018;P5A-019;P5A-020;P5A-021;P5A-022;P5A-042,Debt due at maturity not covered by modeled cash above floor.,Debt due at maturity not covered by modeled cash above floor.
CM-0051,existing,FY2027,Q1-Q4,recurring_financing_fees,,,,N/D,USD_millions,not_determinable,,formula_calculated_credit_metric,contains_owner_reviewed_phase5_testing_assumptions,SRC-001;SRC-003,P5A-001;P5A-002;P5A-003;P5A-004;P5A-006;P5A-007;P5A-008;P5A-009;P5A-010;P5A-011;P5A-012;P5A-014;P5A-015;P5A-016;P5A-018;P5A-019;P5A-020;P5A-021;P5A-022;P5A-042,"Proposed unused-commitment, LC and fronting fees are unavailable.",Excluded rather than entered as zero; modeled cash flow and liquidity are before these fees.
CM-0052,existing,FY2027,Q1-Q4,gross_funded_debt_to_lender_base_ebitda,611.2240356762878652880694119,222.268103897038561074375,2.749940387125566538805801844,2.749940387125566538805801844,turns,calculated,,formula_calculated_credit_metric,contains_owner_reviewed_phase5_testing_assumptions,SRC-001;SRC-003,P5A-001;P5A-002;P5A-003;P5A-004;P5A-006;P5A-007;P5A-008;P5A-009;P5A-010;P5A-011;P5A-012;P5A-014;P5A-015;P5A-016;P5A-018;P5A-019;P5A-020;P5A-021;P5A-022;P5A-042,Ending gross funded debt / same-coverage EBITDA.,Ending gross funded debt / same-coverage EBITDA.
CM-0053,existing,FY2027,Q1-Q4,net_debt_diagnostic_to_lender_base_ebitda,611.2240356762878652880694119,222.268103897038561074375,2.749940387125566538805801844,2.749940387125566538805801844,turns,calculated,,formula_calculated_credit_metric,contains_owner_reviewed_phase5_testing_assumptions,SRC-001;SRC-003,P5A-001;P5A-002;P5A-003;P5A-004;P5A-006;P5A-007;P5A-008;P5A-009;P5A-010;P5A-011;P5A-012;P5A-014;P5A-015;P5A-016;P5A-018;P5A-019;P5A-020;P5A-021;P5A-022;P5A-042,Book-cash diagnostic only; not covenant or lender net leverage.,Book-cash diagnostic only; not covenant or lender net leverage.
CM-0054,existing,FY2027,Q1-Q4,ebitda_to_cash_interest,222.268103897038561074375,38.6409625520181960486939916,5.752136831421390698499905055,5.752136831421390698499905055,turns,calculated,,formula_calculated_credit_metric,contains_owner_reviewed_phase5_testing_assumptions,SRC-001;SRC-003,P5A-001;P5A-002;P5A-003;P5A-004;P5A-006;P5A-007;P5A-008;P5A-009;P5A-010;P5A-011;P5A-012;P5A-014;P5A-015;P5A-016;P5A-018;P5A-019;P5A-020;P5A-021;P5A-022;P5A-042,Modeled EBITDA / modeled bank cash interest.,Modeled EBITDA / modeled bank cash interest.
CM-0055,existing,FY2027,Q1-Q4,cfads_to_cash_interest,128.253505042504011028138613,38.6409625520181960486939916,3.31910740758204537979257898,3.31910740758204537979257898,turns,calculated,,formula_calculated_credit_metric,contains_owner_reviewed_phase5_testing_assumptions,SRC-001;SRC-003,P5A-001;P5A-002;P5A-003;P5A-004;P5A-006;P5A-007;P5A-008;P5A-009;P5A-010;P5A-011;P5A-012;P5A-014;P5A-015;P5A-016;P5A-018;P5A-019;P5A-020;P5A-021;P5A-022;P5A-042,CFADS before cash interest / modeled bank cash interest.,CFADS before cash interest / modeled bank cash interest.
CM-0056,existing,FY2027,Q1-Q4,cfads_to_scheduled_debt_service,128.253505042504011028138613,71.6719625520181960486939916,1.789451557844812315171728265,1.789451557844812315171728265,turns,calculated,,formula_calculated_credit_metric,contains_owner_reviewed_phase5_testing_assumptions,SRC-001;SRC-003,P5A-001;P5A-002;P5A-003;P5A-004;P5A-006;P5A-007;P5A-008;P5A-009;P5A-010;P5A-011;P5A-012;P5A-014;P5A-015;P5A-016;P5A-018;P5A-019;P5A-020;P5A-021;P5A-022;P5A-042,"CFADS before interest / bank interest, scheduled term principal and retained-obligation payments.","CFADS before interest / bank interest, scheduled term principal and retained-obligation payments."
CM-0057,existing,FY2027,Q1-Q4,cfo_proxy_to_gross_debt,153.9267616589342118544446213,611.2240356762878652880694119,0.2518336202021607190891289433,0.2518336202021607190891289433,turns,calculated,,formula_calculated_credit_metric,contains_owner_reviewed_phase5_testing_assumptions,SRC-001;SRC-003,P5A-001;P5A-002;P5A-003;P5A-004;P5A-006;P5A-007;P5A-008;P5A-009;P5A-010;P5A-011;P5A-012;P5A-014;P5A-015;P5A-016;P5A-018;P5A-019;P5A-020;P5A-021;P5A-022;P5A-042,Modeled CFO proxy / ending gross funded debt.,Modeled CFO proxy / ending gross funded debt.
CM-0058,existing,FY2027,Q1-Q4,fcf_proxy_to_gross_debt,89.61254249048581497944462138,611.2240356762878652880694119,0.1466116141707911721852400531,0.1466116141707911721852400531,turns,calculated,,formula_calculated_credit_metric,contains_owner_reviewed_phase5_testing_assumptions,SRC-001;SRC-003,P5A-001;P5A-002;P5A-003;P5A-004;P5A-006;P5A-007;P5A-008;P5A-009;P5A-010;P5A-011;P5A-012;P5A-014;P5A-015;P5A-016;P5A-018;P5A-019;P5A-020;P5A-021;P5A-022;P5A-042,Modeled FCF proxy / ending gross funded debt.,Modeled FCF proxy / ending gross funded debt.
CM-0059,existing,FY2028,Q1-Q4,revenue,1837.503180370548161859375,,1837.503180370548161859375,1837.503180370548161859375,USD_millions,calculated,,formula_calculated_credit_metric,contains_owner_reviewed_phase5_testing_assumptions,SRC-001;SRC-003,P5A-001;P5A-002;P5A-003;P5A-004;P5A-006;P5A-007;P5A-008;P5A-009;P5A-010;P5A-011;P5A-012;P5A-014;P5A-015;P5A-016;P5A-018;P5A-019;P5A-020;P5A-021;P5A-022;P5A-042,Sum modeled-quarter revenue.,Sum modeled-quarter revenue.
CM-0060,existing,FY2028,Q1-Q4,lender_base_ebitda,222.2625471944411351103481405,,222.2625471944411351103481405,222.2625471944411351103481405,USD_millions,calculated,,formula_calculated_credit_metric,contains_owner_reviewed_phase5_testing_assumptions,SRC-001;SRC-003,P5A-001;P5A-002;P5A-003;P5A-004;P5A-006;P5A-007;P5A-008;P5A-009;P5A-010;P5A-011;P5A-012;P5A-014;P5A-015;P5A-016;P5A-018;P5A-019;P5A-020;P5A-021;P5A-022;P5A-042,Sum formula-calculated lender-base EBITDA; no top-down EBITDA growth.,Sum formula-calculated lender-base EBITDA; no top-down EBITDA growth.
CM-0061,existing,FY2028,Q1-Q4,lender_base_ebitda_margin,12.09589999999999999999999999,,12.09589999999999999999999999,12.09589999999999999999999999,percent,calculated,,formula_calculated_credit_metric,contains_owner_reviewed_phase5_testing_assumptions,SRC-001;SRC-003,P5A-001;P5A-002;P5A-003;P5A-004;P5A-006;P5A-007;P5A-008;P5A-009;P5A-010;P5A-011;P5A-012;P5A-014;P5A-015;P5A-016;P5A-018;P5A-019;P5A-020;P5A-021;P5A-022;P5A-042,EBITDA / revenue.,EBITDA / revenue.
CM-0062,existing,FY2028,Q1-Q4,cash_tax_proxy,-29.70645454125555949574005076,,-29.70645454125555949574005076,-29.70645454125555949574005076,USD_millions,calculated,,formula_calculated_credit_metric,contains_owner_reviewed_phase5_testing_assumptions,SRC-001;SRC-003,P5A-001;P5A-002;P5A-003;P5A-004;P5A-006;P5A-007;P5A-008;P5A-009;P5A-010;P5A-011;P5A-012;P5A-014;P5A-015;P5A-016;P5A-018;P5A-019;P5A-020;P5A-021;P5A-022;P5A-042,Negative cash use.,Negative cash use.
CM-0063,existing,FY2028,Q1-Q4,working_capital_cash_flow,0.0068173646615584783329446,,0.0068173646615584783329446,0.0068173646615584783329446,USD_millions,calculated,,formula_calculated_credit_metric,contains_owner_reviewed_phase5_testing_assumptions,SRC-001;SRC-003,P5A-001;P5A-002;P5A-003;P5A-004;P5A-006;P5A-007;P5A-008;P5A-009;P5A-010;P5A-011;P5A-012;P5A-014;P5A-015;P5A-016;P5A-018;P5A-019;P5A-020;P5A-021;P5A-022;P5A-042,Positive is cash contribution; negative is use.,Positive is cash contribution; negative is use.
CM-0064,existing,FY2028,Q1-Q4,capital_expenditures,-64.312611312969185665078125,,-64.312611312969185665078125,-64.312611312969185665078125,USD_millions,calculated,,formula_calculated_credit_metric,contains_owner_reviewed_phase5_testing_assumptions,SRC-001;SRC-003,P5A-001;P5A-002;P5A-003;P5A-004;P5A-006;P5A-007;P5A-008;P5A-009;P5A-010;P5A-011;P5A-012;P5A-014;P5A-015;P5A-016;P5A-018;P5A-019;P5A-020;P5A-021;P5A-022;P5A-042,Negative cash use.,Negative cash use.
CM-0065,existing,FY2028,Q1-Q4,cfads_before_cash_interest,128.2502987048779484278629094,,128.2502987048779484278629094,128.2502987048779484278629094,USD_millions,calculated,,formula_calculated_credit_metric,contains_owner_reviewed_phase5_testing_assumptions,SRC-001;SRC-003,P5A-001;P5A-002;P5A-003;P5A-004;P5A-006;P5A-007;P5A-008;P5A-009;P5A-010;P5A-011;P5A-012;P5A-014;P5A-015;P5A-016;P5A-018;P5A-019;P5A-020;P5A-021;P5A-022;P5A-042,"EBITDA less modeled taxes, capex, working-capital investment and identified cash uses.","EBITDA less modeled taxes, capex, working-capital investment and identified cash uses."
CM-0066,existing,FY2028,Q1-Q4,cash_interest,-34.38498337453948083215127382,,-34.38498337453948083215127382,-34.38498337453948083215127382,USD_millions,calculated,,formula_calculated_credit_metric,contains_owner_reviewed_phase5_testing_assumptions,SRC-001;SRC-003,P5A-001;P5A-002;P5A-003;P5A-004;P5A-006;P5A-007;P5A-008;P5A-009;P5A-010;P5A-011;P5A-012;P5A-014;P5A-015;P5A-016;P5A-018;P5A-019;P5A-020;P5A-021;P5A-022;P5A-042,Negative cash use based on modeled average debt.,Negative cash use based on modeled average debt.
CM-0067,existing,FY2028,Q1-Q4,cfo_proxy,158.1779266433076532607897605,,158.1779266433076532607897605,158.1779266433076532607897605,USD_millions,calculated,,formula_calculated_credit_metric,contains_owner_reviewed_phase5_testing_assumptions,SRC-001;SRC-003,P5A-001;P5A-002;P5A-003;P5A-004;P5A-006;P5A-007;P5A-008;P5A-009;P5A-010;P5A-011;P5A-012;P5A-014;P5A-015;P5A-016;P5A-018;P5A-019;P5A-020;P5A-021;P5A-022;P5A-042,"EBITDA less cash taxes, working-capital investment, other operating uses and cash interest; not an official GAAP forecast.","EBITDA less cash taxes, working-capital investment, other operating uses and cash interest; not an official GAAP forecast."
CM-0068,existing,FY2028,Q1-Q4,fcf_proxy,93.86531533033846759571163555,,93.86531533033846759571163555,93.86531533033846759571163555,USD_millions,calculated,,formula_calculated_credit_metric,contains_owner_reviewed_phase5_testing_assumptions,SRC-001;SRC-003,P5A-001;P5A-002;P5A-003;P5A-004;P5A-006;P5A-007;P5A-008;P5A-009;P5A-010;P5A-011;P5A-012;P5A-014;P5A-015;P5A-016;P5A-018;P5A-019;P5A-020;P5A-021;P5A-022;P5A-042,Modeled CFO proxy less capital expenditures.,Modeled CFO proxy less capital expenditures.
CM-0069,existing,FY2028,Q1-Q4,scheduled_term_principal,25,,25,25,USD_millions,calculated,,formula_calculated_credit_metric,contains_owner_reviewed_phase5_testing_assumptions,SRC-001;SRC-003,P5A-001;P5A-002;P5A-003;P5A-004;P5A-006;P5A-007;P5A-008;P5A-009;P5A-010;P5A-011;P5A-012;P5A-014;P5A-015;P5A-016;P5A-018;P5A-019;P5A-020;P5A-021;P5A-022;P5A-042,Required term principal paid in modeled periods.,Required term principal paid in modeled periods.
CM-0070,existing,FY2028,Q1-Q4,cash_sweep,0,,0,0,USD_millions,calculated,,formula_calculated_credit_metric,contains_owner_reviewed_phase5_testing_assumptions,SRC-001;SRC-003,P5A-001;P5A-002;P5A-003;P5A-004;P5A-006;P5A-007;P5A-008;P5A-009;P5A-010;P5A-011;P5A-012;P5A-014;P5A-015;P5A-016;P5A-018;P5A-019;P5A-020;P5A-021;P5A-022;P5A-042,Provisional annual term sweep after revolver repayment.,Provisional annual term sweep after revolver repayment.
CM-0071,existing,FY2028,Q1-Q4,dividends,-14.5,,-14.5,-14.5,USD_millions,calculated,,formula_calculated_credit_metric,contains_owner_reviewed_phase5_testing_assumptions,SRC-001;SRC-003,P5A-001;P5A-002;P5A-003;P5A-004;P5A-006;P5A-007;P5A-008;P5A-009;P5A-010;P5A-011;P5A-012;P5A-014;P5A-015;P5A-016;P5A-018;P5A-019;P5A-020;P5A-021;P5A-022;P5A-042,Negative cash use.,Negative cash use.
CM-0072,existing,FY2028,Q1-Q4,share_repurchases,-5,,-5,-5,USD_millions,calculated,,formula_calculated_credit_metric,contains_owner_reviewed_phase5_testing_assumptions,SRC-001;SRC-003,P5A-001;P5A-002;P5A-003;P5A-004;P5A-006;P5A-007;P5A-008;P5A-009;P5A-010;P5A-011;P5A-012;P5A-014;P5A-015;P5A-016;P5A-018;P5A-019;P5A-020;P5A-021;P5A-022;P5A-042,Negative cash use.,Negative cash use.
CM-0073,existing,FY2028,Q1-Q4,ending_bank_funded_debt,481.0697203459493976923577765,,481.0697203459493976923577765,481.0697203459493976923577765,USD_millions,calculated,,formula_calculated_credit_metric,contains_owner_reviewed_phase5_testing_assumptions,SRC-001;SRC-003,P5A-001;P5A-002;P5A-003;P5A-004;P5A-006;P5A-007;P5A-008;P5A-009;P5A-010;P5A-011;P5A-012;P5A-014;P5A-015;P5A-016;P5A-018;P5A-019;P5A-020;P5A-021;P5A-022;P5A-042,Term plus revolver principal after modeled payments.,Term plus revolver principal after modeled payments.
CM-0074,existing,FY2028,Q1-Q4,ending_gross_funded_debt,543.6887203459493976923577765,,543.6887203459493976923577765,543.6887203459493976923577765,USD_millions,calculated,,formula_calculated_credit_metric,contains_owner_reviewed_phase5_testing_assumptions,SRC-001;SRC-003,P5A-001;P5A-002;P5A-003;P5A-004;P5A-006;P5A-007;P5A-008;P5A-009;P5A-010;P5A-011;P5A-012;P5A-014;P5A-015;P5A-016;P5A-018;P5A-019;P5A-020;P5A-021;P5A-022;P5A-042,Bank principal plus conservative retained debt opening proxy.,Bank principal plus conservative retained debt opening proxy.
CM-0075,existing,FY2028,Q1-Q4,book_cash_net_debt_diagnostic,543.6887203459493976923577765,,543.6887203459493976923577765,543.6887203459493976923577765,USD_millions,calculated,,formula_calculated_credit_metric,contains_owner_reviewed_phase5_testing_assumptions,SRC-001;SRC-003,P5A-001;P5A-002;P5A-003;P5A-004;P5A-006;P5A-007;P5A-008;P5A-009;P5A-010;P5A-011;P5A-012;P5A-014;P5A-015;P5A-016;P5A-018;P5A-019;P5A-020;P5A-021;P5A-022;P5A-042,Gross debt less modeled cash above the operating floor only.,Gross debt less modeled cash above the operating floor only.
CM-0076,existing,FY2028,Q1-Q4,minimum_revolver_availability,332.7500772836979309639273227,,332.7500772836979309639273227,332.7500772836979309639273227,USD_millions,calculated,,formula_calculated_credit_metric,contains_owner_reviewed_phase5_testing_assumptions,SRC-001;SRC-003,P5A-001;P5A-002;P5A-003;P5A-004;P5A-006;P5A-007;P5A-008;P5A-009;P5A-010;P5A-011;P5A-012;P5A-014;P5A-015;P5A-016;P5A-018;P5A-019;P5A-020;P5A-021;P5A-022;P5A-042,Minimum quarter-observed capacity after LCs.,Minimum quarter-observed capacity after LCs.
CM-0077,existing,FY2028,Q1-Q4,minimum_usable_liquidity,332.7500772836979309639273227,,332.7500772836979309639273227,332.7500772836979309639273227,USD_millions,calculated,,formula_calculated_credit_metric,contains_owner_reviewed_phase5_testing_assumptions,SRC-001;SRC-003,P5A-001;P5A-002;P5A-003;P5A-004;P5A-006;P5A-007;P5A-008;P5A-009;P5A-010;P5A-011;P5A-012;P5A-014;P5A-015;P5A-016;P5A-018;P5A-019;P5A-020;P5A-021;P5A-022;P5A-042,Cash above floor plus available revolver; not contractual liquidity.,Cash above floor plus available revolver; not contractual liquidity.
CM-0078,existing,FY2028,Q1-Q4,peak_revolver_usage,136.0499227163020690360726773,,136.0499227163020690360726773,136.0499227163020690360726773,USD_millions,calculated,,formula_calculated_credit_metric,contains_owner_reviewed_phase5_testing_assumptions,SRC-001;SRC-003,P5A-001;P5A-002;P5A-003;P5A-004;P5A-006;P5A-007;P5A-008;P5A-009;P5A-010;P5A-011;P5A-012;P5A-014;P5A-015;P5A-016;P5A-018;P5A-019;P5A-020;P5A-021;P5A-022;P5A-042,Maximum ending monthly revolver balance.,Maximum ending monthly revolver balance.
CM-0079,existing,FY2028,Q1-Q4,unsupported_maturity_funding_gap,0,,0,0,USD_millions,calculated,,formula_calculated_credit_metric,contains_owner_reviewed_phase5_testing_assumptions,SRC-001;SRC-003,P5A-001;P5A-002;P5A-003;P5A-004;P5A-006;P5A-007;P5A-008;P5A-009;P5A-010;P5A-011;P5A-012;P5A-014;P5A-015;P5A-016;P5A-018;P5A-019;P5A-020;P5A-021;P5A-022;P5A-042,Debt due at maturity not covered by modeled cash above floor.,Debt due at maturity not covered by modeled cash above floor.
CM-0080,existing,FY2028,Q1-Q4,recurring_financing_fees,,,,N/D,USD_millions,not_determinable,,formula_calculated_credit_metric,contains_owner_reviewed_phase5_testing_assumptions,SRC-001;SRC-003,P5A-001;P5A-002;P5A-003;P5A-004;P5A-006;P5A-007;P5A-008;P5A-009;P5A-010;P5A-011;P5A-012;P5A-014;P5A-015;P5A-016;P5A-018;P5A-019;P5A-020;P5A-021;P5A-022;P5A-042,"Proposed unused-commitment, LC and fronting fees are unavailable.",Excluded rather than entered as zero; modeled cash flow and liquidity are before these fees.
CM-0081,existing,FY2028,Q1-Q4,gross_funded_debt_to_lender_base_ebitda,543.6887203459493976923577765,222.2625471944411351103481405,2.446155356396218088594201733,2.446155356396218088594201733,turns,calculated,,formula_calculated_credit_metric,contains_owner_reviewed_phase5_testing_assumptions,SRC-001;SRC-003,P5A-001;P5A-002;P5A-003;P5A-004;P5A-006;P5A-007;P5A-008;P5A-009;P5A-010;P5A-011;P5A-012;P5A-014;P5A-015;P5A-016;P5A-018;P5A-019;P5A-020;P5A-021;P5A-022;P5A-042,Ending gross funded debt / same-coverage EBITDA.,Ending gross funded debt / same-coverage EBITDA.
CM-0082,existing,FY2028,Q1-Q4,net_debt_diagnostic_to_lender_base_ebitda,543.6887203459493976923577765,222.2625471944411351103481405,2.446155356396218088594201733,2.446155356396218088594201733,turns,calculated,,formula_calculated_credit_metric,contains_owner_reviewed_phase5_testing_assumptions,SRC-001;SRC-003,P5A-001;P5A-002;P5A-003;P5A-004;P5A-006;P5A-007;P5A-008;P5A-009;P5A-010;P5A-011;P5A-012;P5A-014;P5A-015;P5A-016;P5A-018;P5A-019;P5A-020;P5A-021;P5A-022;P5A-042,Book-cash diagnostic only; not covenant or lender net leverage.,Book-cash diagnostic only; not covenant or lender net leverage.
CM-0083,existing,FY2028,Q1-Q4,ebitda_to_cash_interest,222.2625471944411351103481405,34.38498337453948083215127382,6.463942261464533990679005263,6.463942261464533990679005263,turns,calculated,,formula_calculated_credit_metric,contains_owner_reviewed_phase5_testing_assumptions,SRC-001;SRC-003,P5A-001;P5A-002;P5A-003;P5A-004;P5A-006;P5A-007;P5A-008;P5A-009;P5A-010;P5A-011;P5A-012;P5A-014;P5A-015;P5A-016;P5A-018;P5A-019;P5A-020;P5A-021;P5A-022;P5A-042,Modeled EBITDA / modeled bank cash interest.,Modeled EBITDA / modeled bank cash interest.
CM-0084,existing,FY2028,Q1-Q4,cfads_to_cash_interest,128.2502987048779484278629094,34.38498337453948083215127382,3.729834541663366697125912397,3.729834541663366697125912397,turns,calculated,,formula_calculated_credit_metric,contains_owner_reviewed_phase5_testing_assumptions,SRC-001;SRC-003,P5A-001;P5A-002;P5A-003;P5A-004;P5A-006;P5A-007;P5A-008;P5A-009;P5A-010;P5A-011;P5A-012;P5A-014;P5A-015;P5A-016;P5A-018;P5A-019;P5A-020;P5A-021;P5A-022;P5A-042,CFADS before cash interest / modeled bank cash interest.,CFADS before cash interest / modeled bank cash interest.
CM-0085,existing,FY2028,Q1-Q4,cfads_to_scheduled_debt_service,128.2502987048779484278629094,66.21498337453948083215127382,1.936877307352641430058654444,1.936877307352641430058654444,turns,calculated,,formula_calculated_credit_metric,contains_owner_reviewed_phase5_testing_assumptions,SRC-001;SRC-003,P5A-001;P5A-002;P5A-003;P5A-004;P5A-006;P5A-007;P5A-008;P5A-009;P5A-010;P5A-011;P5A-012;P5A-014;P5A-015;P5A-016;P5A-018;P5A-019;P5A-020;P5A-021;P5A-022;P5A-042,"CFADS before interest / bank interest, scheduled term principal and retained-obligation payments.","CFADS before interest / bank interest, scheduled term principal and retained-obligation payments."
CM-0086,existing,FY2028,Q1-Q4,cfo_proxy_to_gross_debt,158.1779266433076532607897605,543.6887203459493976923577765,0.2909347218803048947907263164,0.2909347218803048947907263164,turns,calculated,,formula_calculated_credit_metric,contains_owner_reviewed_phase5_testing_assumptions,SRC-001;SRC-003,P5A-001;P5A-002;P5A-003;P5A-004;P5A-006;P5A-007;P5A-008;P5A-009;P5A-010;P5A-011;P5A-012;P5A-014;P5A-015;P5A-016;P5A-018;P5A-019;P5A-020;P5A-021;P5A-022;P5A-042,Modeled CFO proxy / ending gross funded debt.,Modeled CFO proxy / ending gross funded debt.
CM-0087,existing,FY2028,Q1-Q4,fcf_proxy_to_gross_debt,93.86531533033846759571163555,543.6887203459493976923577765,0.1726453240939262482970328056,0.1726453240939262482970328056,turns,calculated,,formula_calculated_credit_metric,contains_owner_reviewed_phase5_testing_assumptions,SRC-001;SRC-003,P5A-001;P5A-002;P5A-003;P5A-004;P5A-006;P5A-007;P5A-008;P5A-009;P5A-010;P5A-011;P5A-012;P5A-014;P5A-015;P5A-016;P5A-018;P5A-019;P5A-020;P5A-021;P5A-022;P5A-042,Modeled FCF proxy / ending gross funded debt.,Modeled FCF proxy / ending gross funded debt.
CM-0088,existing,FY2029,Q1-Q3,revenue,1347.660225554147013338982422,,1347.660225554147013338982422,1347.660225554147013338982422,USD_millions,calculated,,formula_calculated_credit_metric,contains_owner_reviewed_phase5_testing_assumptions,SRC-001;SRC-003,P5A-001;P5A-002;P5A-003;P5A-004;P5A-006;P5A-007;P5A-008;P5A-009;P5A-010;P5A-011;P5A-012;P5A-014;P5A-015;P5A-016;P5A-018;P5A-019;P5A-020;P5A-021;P5A-022;P5A-042,Sum modeled-quarter revenue.,Sum modeled-quarter revenue.
CM-0089,existing,FY2029,Q1-Q3,lender_base_ebitda,158.5254969689428241785859138,,158.5254969689428241785859138,158.5254969689428241785859138,USD_millions,calculated,,formula_calculated_credit_metric,contains_owner_reviewed_phase5_testing_assumptions,SRC-001;SRC-003,P5A-001;P5A-002;P5A-003;P5A-004;P5A-006;P5A-007;P5A-008;P5A-009;P5A-010;P5A-011;P5A-012;P5A-014;P5A-015;P5A-016;P5A-018;P5A-019;P5A-020;P5A-021;P5A-022;P5A-042,Sum formula-calculated lender-base EBITDA; no top-down EBITDA growth.,Sum formula-calculated lender-base EBITDA; no top-down EBITDA growth.
CM-0090,existing,FY2029,Q1-Q3,lender_base_ebitda_margin,11.76301666866798110262515396,,11.76301666866798110262515396,11.76301666866798110262515396,percent,calculated,,formula_calculated_credit_metric,contains_owner_reviewed_phase5_testing_assumptions,SRC-001;SRC-003,P5A-001;P5A-002;P5A-003;P5A-004;P5A-006;P5A-007;P5A-008;P5A-009;P5A-010;P5A-011;P5A-012;P5A-014;P5A-015;P5A-016;P5A-018;P5A-019;P5A-020;P5A-021;P5A-022;P5A-042,EBITDA / revenue.,EBITDA / revenue.
CM-0091,existing,FY2029,Q1-Q3,cash_tax_proxy,-20.66575188801219512592697883,,-20.66575188801219512592697883,-20.66575188801219512592697883,USD_millions,calculated,,formula_calculated_credit_metric,contains_owner_reviewed_phase5_testing_assumptions,SRC-001;SRC-003,P5A-001;P5A-002;P5A-003;P5A-004;P5A-006;P5A-007;P5A-008;P5A-009;P5A-010;P5A-011;P5A-012;P5A-014;P5A-015;P5A-016;P5A-018;P5A-019;P5A-020;P5A-021;P5A-022;P5A-042,Negative cash use.,Negative cash use.
CM-0092,existing,FY2029,Q1-Q3,working_capital_cash_flow,0.005011260961710310504157,,0.005011260961710310504157,0.005011260961710310504157,USD_millions,calculated,,formula_calculated_credit_metric,contains_owner_reviewed_phase5_testing_assumptions,SRC-001;SRC-003,P5A-001;P5A-002;P5A-003;P5A-004;P5A-006;P5A-007;P5A-008;P5A-009;P5A-010;P5A-011;P5A-012;P5A-014;P5A-015;P5A-016;P5A-018;P5A-019;P5A-020;P5A-021;P5A-022;P5A-042,Positive is cash contribution; negative is use.,Positive is cash contribution; negative is use.
CM-0093,existing,FY2029,Q1-Q3,capital_expenditures,-47.16810789439514546686438477,,-47.16810789439514546686438477,-47.16810789439514546686438477,USD_millions,calculated,,formula_calculated_credit_metric,contains_owner_reviewed_phase5_testing_assumptions,SRC-001;SRC-003,P5A-001;P5A-002;P5A-003;P5A-004;P5A-006;P5A-007;P5A-008;P5A-009;P5A-010;P5A-011;P5A-012;P5A-014;P5A-015;P5A-016;P5A-018;P5A-019;P5A-020;P5A-021;P5A-022;P5A-042,Negative cash use.,Negative cash use.
CM-0094,existing,FY2029,Q1-Q3,cfads_before_cash_interest,90.69664844749719389629870722,,90.69664844749719389629870722,90.69664844749719389629870722,USD_millions,calculated,,formula_calculated_credit_metric,contains_owner_reviewed_phase5_testing_assumptions,SRC-001;SRC-003,P5A-001;P5A-002;P5A-003;P5A-004;P5A-006;P5A-007;P5A-008;P5A-009;P5A-010;P5A-011;P5A-012;P5A-014;P5A-015;P5A-016;P5A-018;P5A-019;P5A-020;P5A-021;P5A-022;P5A-042,"EBITDA less modeled taxes, capex, working-capital investment and identified cash uses.","EBITDA less modeled taxes, capex, working-capital investment and identified cash uses."
CM-0095,existing,FY2029,Q1-Q3,cash_interest,-22.8777093082578138588683436,,-22.8777093082578138588683436,-22.8777093082578138588683436,USD_millions,calculated,,formula_calculated_credit_metric,contains_owner_reviewed_phase5_testing_assumptions,SRC-001;SRC-003,P5A-001;P5A-002;P5A-003;P5A-004;P5A-006;P5A-007;P5A-008;P5A-009;P5A-010;P5A-011;P5A-012;P5A-014;P5A-015;P5A-016;P5A-018;P5A-019;P5A-020;P5A-021;P5A-022;P5A-042,Negative cash use based on modeled average debt.,Negative cash use based on modeled average debt.
CM-0096,existing,FY2029,Q1-Q3,cfo_proxy,114.9870470336345255042947484,,114.9870470336345255042947484,114.9870470336345255042947484,USD_millions,calculated,,formula_calculated_credit_metric,contains_owner_reviewed_phase5_testing_assumptions,SRC-001;SRC-003,P5A-001;P5A-002;P5A-003;P5A-004;P5A-006;P5A-007;P5A-008;P5A-009;P5A-010;P5A-011;P5A-012;P5A-014;P5A-015;P5A-016;P5A-018;P5A-019;P5A-020;P5A-021;P5A-022;P5A-042,"EBITDA less cash taxes, working-capital investment, other operating uses and cash interest; not an official GAAP forecast.","EBITDA less cash taxes, working-capital investment, other operating uses and cash interest; not an official GAAP forecast."
CM-0097,existing,FY2029,Q1-Q3,fcf_proxy,67.8189391392393800374303636,,67.8189391392393800374303636,67.8189391392393800374303636,USD_millions,calculated,,formula_calculated_credit_metric,contains_owner_reviewed_phase5_testing_assumptions,SRC-001;SRC-003,P5A-001;P5A-002;P5A-003;P5A-004;P5A-006;P5A-007;P5A-008;P5A-009;P5A-010;P5A-011;P5A-012;P5A-014;P5A-015;P5A-016;P5A-018;P5A-019;P5A-020;P5A-021;P5A-022;P5A-042,Modeled CFO proxy less capital expenditures.,Modeled CFO proxy less capital expenditures.
CM-0098,existing,FY2029,Q1-Q3,scheduled_term_principal,18.75,,18.75,18.75,USD_millions,calculated,,formula_calculated_credit_metric,contains_owner_reviewed_phase5_testing_assumptions,SRC-001;SRC-003,P5A-001;P5A-002;P5A-003;P5A-004;P5A-006;P5A-007;P5A-008;P5A-009;P5A-010;P5A-011;P5A-012;P5A-014;P5A-015;P5A-016;P5A-018;P5A-019;P5A-020;P5A-021;P5A-022;P5A-042,Required term principal paid in modeled periods.,Required term principal paid in modeled periods.
CM-0099,existing,FY2029,Q1-Q3,cash_sweep,0,,0,0,USD_millions,calculated,,formula_calculated_credit_metric,contains_owner_reviewed_phase5_testing_assumptions,SRC-001;SRC-003,P5A-001;P5A-002;P5A-003;P5A-004;P5A-006;P5A-007;P5A-008;P5A-009;P5A-010;P5A-011;P5A-012;P5A-014;P5A-015;P5A-016;P5A-018;P5A-019;P5A-020;P5A-021;P5A-022;P5A-042,Provisional annual term sweep after revolver repayment.,Provisional annual term sweep after revolver repayment.
CM-0100,existing,FY2029,Q1-Q3,dividends,-10.875,,-10.875,-10.875,USD_millions,calculated,,formula_calculated_credit_metric,contains_owner_reviewed_phase5_testing_assumptions,SRC-001;SRC-003,P5A-001;P5A-002;P5A-003;P5A-004;P5A-006;P5A-007;P5A-008;P5A-009;P5A-010;P5A-011;P5A-012;P5A-014;P5A-015;P5A-016;P5A-018;P5A-019;P5A-020;P5A-021;P5A-022;P5A-042,Negative cash use.,Negative cash use.
CM-0101,existing,FY2029,Q1-Q3,share_repurchases,-3.75,,-3.75,-3.75,USD_millions,calculated,,formula_calculated_credit_metric,contains_owner_reviewed_phase5_testing_assumptions,SRC-001;SRC-003,P5A-001;P5A-002;P5A-003;P5A-004;P5A-006;P5A-007;P5A-008;P5A-009;P5A-010;P5A-011;P5A-012;P5A-014;P5A-015;P5A-016;P5A-018;P5A-019;P5A-020;P5A-021;P5A-022;P5A-042,Negative cash use.,Negative cash use.
CM-0102,existing,FY2029,Q1-Q3,ending_bank_funded_debt,432.7492812067100176549274129,,432.7492812067100176549274129,432.7492812067100176549274129,USD_millions,calculated,,formula_calculated_credit_metric,contains_owner_reviewed_phase5_testing_assumptions,SRC-001;SRC-003,P5A-001;P5A-002;P5A-003;P5A-004;P5A-006;P5A-007;P5A-008;P5A-009;P5A-010;P5A-011;P5A-012;P5A-014;P5A-015;P5A-016;P5A-018;P5A-019;P5A-020;P5A-021;P5A-022;P5A-042,Term plus revolver principal after modeled payments.,Term plus revolver principal after modeled payments.
CM-0103,existing,FY2029,Q1-Q3,ending_gross_funded_debt,495.3682812067100176549274129,,495.3682812067100176549274129,495.3682812067100176549274129,USD_millions,calculated,,formula_calculated_credit_metric,contains_owner_reviewed_phase5_testing_assumptions,SRC-001;SRC-003,P5A-001;P5A-002;P5A-003;P5A-004;P5A-006;P5A-007;P5A-008;P5A-009;P5A-010;P5A-011;P5A-012;P5A-014;P5A-015;P5A-016;P5A-018;P5A-019;P5A-020;P5A-021;P5A-022;P5A-042,Bank principal plus conservative retained debt opening proxy.,Bank principal plus conservative retained debt opening proxy.
CM-0104,existing,FY2029,Q1-Q3,book_cash_net_debt_diagnostic,495.3682812067100176549274129,,495.3682812067100176549274129,495.3682812067100176549274129,USD_millions,calculated,,formula_calculated_credit_metric,contains_owner_reviewed_phase5_testing_assumptions,SRC-001;SRC-003,P5A-001;P5A-002;P5A-003;P5A-004;P5A-006;P5A-007;P5A-008;P5A-009;P5A-010;P5A-011;P5A-012;P5A-014;P5A-015;P5A-016;P5A-018;P5A-019;P5A-020;P5A-021;P5A-022;P5A-042,Gross debt less modeled cash above the operating floor only.,Gross debt less modeled cash above the operating floor only.
CM-0105,existing,FY2029,Q1-Q3,minimum_revolver_availability,376.4871140911493572783441402,,376.4871140911493572783441402,376.4871140911493572783441402,USD_millions,calculated,,formula_calculated_credit_metric,contains_owner_reviewed_phase5_testing_assumptions,SRC-001;SRC-003,P5A-001;P5A-002;P5A-003;P5A-004;P5A-006;P5A-007;P5A-008;P5A-009;P5A-010;P5A-011;P5A-012;P5A-014;P5A-015;P5A-016;P5A-018;P5A-019;P5A-020;P5A-021;P5A-022;P5A-042,Minimum quarter-observed capacity after LCs.,Minimum quarter-observed capacity after LCs.
CM-0106,existing,FY2029,Q1-Q3,minimum_usable_liquidity,376.4871140911493572783441402,,376.4871140911493572783441402,376.4871140911493572783441402,USD_millions,calculated,,formula_calculated_credit_metric,contains_owner_reviewed_phase5_testing_assumptions,SRC-001;SRC-003,P5A-001;P5A-002;P5A-003;P5A-004;P5A-006;P5A-007;P5A-008;P5A-009;P5A-010;P5A-011;P5A-012;P5A-014;P5A-015;P5A-016;P5A-018;P5A-019;P5A-020;P5A-021;P5A-022;P5A-042,Cash above floor plus available revolver; not contractual liquidity.,Cash above floor plus available revolver; not contractual liquidity.
CM-0107,existing,FY2029,Q1-Q3,peak_revolver_usage,92.31288590885064272165585984,,92.31288590885064272165585984,92.31288590885064272165585984,USD_millions,calculated,,formula_calculated_credit_metric,contains_owner_reviewed_phase5_testing_assumptions,SRC-001;SRC-003,P5A-001;P5A-002;P5A-003;P5A-004;P5A-006;P5A-007;P5A-008;P5A-009;P5A-010;P5A-011;P5A-012;P5A-014;P5A-015;P5A-016;P5A-018;P5A-019;P5A-020;P5A-021;P5A-022;P5A-042,Maximum ending monthly revolver balance.,Maximum ending monthly revolver balance.
CM-0108,existing,FY2029,Q1-Q3,unsupported_maturity_funding_gap,432.7492812067100176549274129,,432.7492812067100176549274129,432.7492812067100176549274129,USD_millions,calculated,,formula_calculated_credit_metric,contains_owner_reviewed_phase5_testing_assumptions,SRC-001;SRC-003,P5A-001;P5A-002;P5A-003;P5A-004;P5A-006;P5A-007;P5A-008;P5A-009;P5A-010;P5A-011;P5A-012;P5A-014;P5A-015;P5A-016;P5A-018;P5A-019;P5A-020;P5A-021;P5A-022;P5A-042,Debt due at maturity not covered by modeled cash above floor.,Debt due at maturity not covered by modeled cash above floor.
CM-0109,existing,FY2029,Q1-Q3,recurring_financing_fees,,,,N/D,USD_millions,not_determinable,,formula_calculated_credit_metric,contains_owner_reviewed_phase5_testing_assumptions,SRC-001;SRC-003,P5A-001;P5A-002;P5A-003;P5A-004;P5A-006;P5A-007;P5A-008;P5A-009;P5A-010;P5A-011;P5A-012;P5A-014;P5A-015;P5A-016;P5A-018;P5A-019;P5A-020;P5A-021;P5A-022;P5A-042,"Proposed unused-commitment, LC and fronting fees are unavailable.",Excluded rather than entered as zero; modeled cash flow and liquidity are before these fees.
CM-0110,existing,FY2029,Q1-Q3,gross_funded_debt_to_lender_base_ebitda,495.3682812067100176549274129,158.5254969689428241785859138,3.124849255661119361785755723,3.124849255661119361785755723,turns,calculated,,formula_calculated_credit_metric,contains_owner_reviewed_phase5_testing_assumptions,SRC-001;SRC-003,P5A-001;P5A-002;P5A-003;P5A-004;P5A-006;P5A-007;P5A-008;P5A-009;P5A-010;P5A-011;P5A-012;P5A-014;P5A-015;P5A-016;P5A-018;P5A-019;P5A-020;P5A-021;P5A-022;P5A-042,Ending gross funded debt / same-coverage EBITDA.,Ending gross funded debt / same-coverage EBITDA.
CM-0111,existing,FY2029,Q1-Q3,net_debt_diagnostic_to_lender_base_ebitda,495.3682812067100176549274129,158.5254969689428241785859138,3.124849255661119361785755723,3.124849255661119361785755723,turns,calculated,,formula_calculated_credit_metric,contains_owner_reviewed_phase5_testing_assumptions,SRC-001;SRC-003,P5A-001;P5A-002;P5A-003;P5A-004;P5A-006;P5A-007;P5A-008;P5A-009;P5A-010;P5A-011;P5A-012;P5A-014;P5A-015;P5A-016;P5A-018;P5A-019;P5A-020;P5A-021;P5A-022;P5A-042,Book-cash diagnostic only; not covenant or lender net leverage.,Book-cash diagnostic only; not covenant or lender net leverage.
CM-0112,existing,FY2029,Q1-Q3,ebitda_to_cash_interest,158.5254969689428241785859138,22.8777093082578138588683436,6.929255671227639939680509972,6.929255671227639939680509972,turns,calculated,,formula_calculated_credit_metric,contains_owner_reviewed_phase5_testing_assumptions,SRC-001;SRC-003,P5A-001;P5A-002;P5A-003;P5A-004;P5A-006;P5A-007;P5A-008;P5A-009;P5A-010;P5A-011;P5A-012;P5A-014;P5A-015;P5A-016;P5A-018;P5A-019;P5A-020;P5A-021;P5A-022;P5A-042,Modeled EBITDA / modeled bank cash interest.,Modeled EBITDA / modeled bank cash interest.
CM-0113,existing,FY2029,Q1-Q3,cfads_to_cash_interest,90.69664844749719389629870722,22.8777093082578138588683436,3.96441126274647714089701708,3.96441126274647714089701708,turns,calculated,,formula_calculated_credit_metric,contains_owner_reviewed_phase5_testing_assumptions,SRC-001;SRC-003,P5A-001;P5A-002;P5A-003;P5A-004;P5A-006;P5A-007;P5A-008;P5A-009;P5A-010;P5A-011;P5A-012;P5A-014;P5A-015;P5A-016;P5A-018;P5A-019;P5A-020;P5A-021;P5A-022;P5A-042,CFADS before cash interest / modeled bank cash interest.,CFADS before cash interest / modeled bank cash interest.
CM-0114,existing,FY2029,Q1-Q3,cfads_to_scheduled_debt_service,90.69664844749719389629870722,46.5012093082578138588683436,1.950414834295310062981792,1.950414834295310062981792,turns,calculated,,formula_calculated_credit_metric,contains_owner_reviewed_phase5_testing_assumptions,SRC-001;SRC-003,P5A-001;P5A-002;P5A-003;P5A-004;P5A-006;P5A-007;P5A-008;P5A-009;P5A-010;P5A-011;P5A-012;P5A-014;P5A-015;P5A-016;P5A-018;P5A-019;P5A-020;P5A-021;P5A-022;P5A-042,"CFADS before interest / bank interest, scheduled term principal and retained-obligation payments.","CFADS before interest / bank interest, scheduled term principal and retained-obligation payments."
CM-0115,existing,FY2029,Q1-Q3,cfo_proxy_to_gross_debt,114.9870470336345255042947484,495.3682812067100176549274129,0.2321243636220060973218652195,0.2321243636220060973218652195,turns,calculated,,formula_calculated_credit_metric,contains_owner_reviewed_phase5_testing_assumptions,SRC-001;SRC-003,P5A-001;P5A-002;P5A-003;P5A-004;P5A-006;P5A-007;P5A-008;P5A-009;P5A-010;P5A-011;P5A-012;P5A-014;P5A-015;P5A-016;P5A-018;P5A-019;P5A-020;P5A-021;P5A-022;P5A-042,Modeled CFO proxy / ending gross funded debt.,Modeled CFO proxy / ending gross funded debt.
CM-0116,existing,FY2029,Q1-Q3,fcf_proxy_to_gross_debt,67.8189391392393800374303636,495.3682812067100176549274129,0.1369060993853571295099048627,0.1369060993853571295099048627,turns,calculated,,formula_calculated_credit_metric,contains_owner_reviewed_phase5_testing_assumptions,SRC-001;SRC-003,P5A-001;P5A-002;P5A-003;P5A-004;P5A-006;P5A-007;P5A-008;P5A-009;P5A-010;P5A-011;P5A-012;P5A-014;P5A-015;P5A-016;P5A-018;P5A-019;P5A-020;P5A-021;P5A-022;P5A-042,Modeled FCF proxy / ending gross funded debt.,Modeled FCF proxy / ending gross funded debt.
CM-0117,proposed,FY2026,Q2-Q4,revenue,1437.561060075,,1437.561060075,1437.561060075,USD_millions,calculated,,formula_calculated_credit_metric,contains_owner_reviewed_phase5_testing_assumptions,SRC-001;SRC-003,P5A-001;P5A-002;P5A-003;P5A-004;P5A-006;P5A-007;P5A-008;P5A-009;P5A-010;P5A-011;P5A-012;P5A-014;P5A-015;P5A-016;P5A-018;P5A-019;P5A-020;P5A-021;P5A-022;P5A-042,Sum modeled-quarter revenue.,Sum modeled-quarter revenue.
CM-0118,proposed,FY2026,Q2-Q4,lender_base_ebitda,190.2486370271889141942985599,,190.2486370271889141942985599,190.2486370271889141942985599,USD_millions,calculated,,formula_calculated_credit_metric,contains_owner_reviewed_phase5_testing_assumptions,SRC-001;SRC-003,P5A-001;P5A-002;P5A-003;P5A-004;P5A-006;P5A-007;P5A-008;P5A-009;P5A-010;P5A-011;P5A-012;P5A-014;P5A-015;P5A-016;P5A-018;P5A-019;P5A-020;P5A-021;P5A-022;P5A-042,Sum formula-calculated lender-base EBITDA; no top-down EBITDA growth.,Sum formula-calculated lender-base EBITDA; no top-down EBITDA growth.
CM-0119,proposed,FY2026,Q2-Q4,lender_base_ebitda_margin,13.23412565287928152106729287,,13.23412565287928152106729287,13.23412565287928152106729287,percent,calculated,,formula_calculated_credit_metric,contains_owner_reviewed_phase5_testing_assumptions,SRC-001;SRC-003,P5A-001;P5A-002;P5A-003;P5A-004;P5A-006;P5A-007;P5A-008;P5A-009;P5A-010;P5A-011;P5A-012;P5A-014;P5A-015;P5A-016;P5A-018;P5A-019;P5A-020;P5A-021;P5A-022;P5A-042,EBITDA / revenue.,EBITDA / revenue.
CM-0120,proposed,FY2026,Q2-Q4,cash_tax_proxy,-27.33136245836175354857463998,,-27.33136245836175354857463998,-27.33136245836175354857463998,USD_millions,calculated,,formula_calculated_credit_metric,contains_owner_reviewed_phase5_testing_assumptions,SRC-001;SRC-003,P5A-001;P5A-002;P5A-003;P5A-004;P5A-006;P5A-007;P5A-008;P5A-009;P5A-010;P5A-011;P5A-012;P5A-014;P5A-015;P5A-016;P5A-018;P5A-019;P5A-020;P5A-021;P5A-022;P5A-042,Negative cash use.,Negative cash use.
CM-0121,proposed,FY2026,Q2-Q4,working_capital_cash_flow,-0.2357355380811638989187433,,-0.2357355380811638989187433,-0.2357355380811638989187433,USD_millions,calculated,,formula_calculated_credit_metric,contains_owner_reviewed_phase5_testing_assumptions,SRC-001;SRC-003,P5A-001;P5A-002;P5A-003;P5A-004;P5A-006;P5A-007;P5A-008;P5A-009;P5A-010;P5A-011;P5A-012;P5A-014;P5A-015;P5A-016;P5A-018;P5A-019;P5A-020;P5A-021;P5A-022;P5A-042,Positive is cash contribution; negative is use.,Positive is cash contribution; negative is use.
CM-0122,proposed,FY2026,Q2-Q4,capital_expenditures,-50.314637102625,,-50.314637102625,-50.314637102625,USD_millions,calculated,,formula_calculated_credit_metric,contains_owner_reviewed_phase5_testing_assumptions,SRC-001;SRC-003,P5A-001;P5A-002;P5A-003;P5A-004;P5A-006;P5A-007;P5A-008;P5A-009;P5A-010;P5A-011;P5A-012;P5A-014;P5A-015;P5A-016;P5A-018;P5A-019;P5A-020;P5A-021;P5A-022;P5A-042,Negative cash use.,Negative cash use.
CM-0123,proposed,FY2026,Q2-Q4,cfads_before_cash_interest,111.6669019281209967468051766,,111.6669019281209967468051766,111.6669019281209967468051766,USD_millions,calculated,,formula_calculated_credit_metric,contains_owner_reviewed_phase5_testing_assumptions,SRC-001;SRC-003,P5A-001;P5A-002;P5A-003;P5A-004;P5A-006;P5A-007;P5A-008;P5A-009;P5A-010;P5A-011;P5A-012;P5A-014;P5A-015;P5A-016;P5A-018;P5A-019;P5A-020;P5A-021;P5A-022;P5A-042,"EBITDA less modeled taxes, capex, working-capital investment and identified cash uses.","EBITDA less modeled taxes, capex, working-capital investment and identified cash uses."
CM-0124,proposed,FY2026,Q2-Q4,cash_interest,-32.07260464845616279376728804,,-32.07260464845616279376728804,-32.07260464845616279376728804,USD_millions,calculated,,formula_calculated_credit_metric,contains_owner_reviewed_phase5_testing_assumptions,SRC-001;SRC-003,P5A-001;P5A-002;P5A-003;P5A-004;P5A-006;P5A-007;P5A-008;P5A-009;P5A-010;P5A-011;P5A-012;P5A-014;P5A-015;P5A-016;P5A-018;P5A-019;P5A-020;P5A-021;P5A-022;P5A-042,Negative cash use based on modeled average debt.,Negative cash use based on modeled average debt.
CM-0125,proposed,FY2026,Q2-Q4,cfo_proxy,129.9089343822898339530378886,,129.9089343822898339530378886,129.9089343822898339530378886,USD_millions,calculated,,formula_calculated_credit_metric,contains_owner_reviewed_phase5_testing_assumptions,SRC-001;SRC-003,P5A-001;P5A-002;P5A-003;P5A-004;P5A-006;P5A-007;P5A-008;P5A-009;P5A-010;P5A-011;P5A-012;P5A-014;P5A-015;P5A-016;P5A-018;P5A-019;P5A-020;P5A-021;P5A-022;P5A-042,"EBITDA less cash taxes, working-capital investment, other operating uses and cash interest; not an official GAAP forecast.","EBITDA less cash taxes, working-capital investment, other operating uses and cash interest; not an official GAAP forecast."
CM-0126,proposed,FY2026,Q2-Q4,fcf_proxy,79.59429727966483395303788862,,79.59429727966483395303788862,79.59429727966483395303788862,USD_millions,calculated,,formula_calculated_credit_metric,contains_owner_reviewed_phase5_testing_assumptions,SRC-001;SRC-003,P5A-001;P5A-002;P5A-003;P5A-004;P5A-006;P5A-007;P5A-008;P5A-009;P5A-010;P5A-011;P5A-012;P5A-014;P5A-015;P5A-016;P5A-018;P5A-019;P5A-020;P5A-021;P5A-022;P5A-042,Modeled CFO proxy less capital expenditures.,Modeled CFO proxy less capital expenditures.
CM-0127,proposed,FY2026,Q2-Q4,scheduled_term_principal,48.75,,48.75,48.75,USD_millions,calculated,,formula_calculated_credit_metric,contains_owner_reviewed_phase5_testing_assumptions,SRC-001;SRC-003,P5A-001;P5A-002;P5A-003;P5A-004;P5A-006;P5A-007;P5A-008;P5A-009;P5A-010;P5A-011;P5A-012;P5A-014;P5A-015;P5A-016;P5A-018;P5A-019;P5A-020;P5A-021;P5A-022;P5A-042,Required term principal paid in modeled periods.,Required term principal paid in modeled periods.
CM-0128,proposed,FY2026,Q2-Q4,cash_sweep,0,,0,0,USD_millions,calculated,,formula_calculated_credit_metric,contains_owner_reviewed_phase5_testing_assumptions,SRC-001;SRC-003,P5A-001;P5A-002;P5A-003;P5A-004;P5A-006;P5A-007;P5A-008;P5A-009;P5A-010;P5A-011;P5A-012;P5A-014;P5A-015;P5A-016;P5A-018;P5A-019;P5A-020;P5A-021;P5A-022;P5A-042,Provisional annual term sweep after revolver repayment.,Provisional annual term sweep after revolver repayment.
CM-0129,proposed,FY2026,Q2-Q4,dividends,-10.875,,-10.875,-10.875,USD_millions,calculated,,formula_calculated_credit_metric,contains_owner_reviewed_phase5_testing_assumptions,SRC-001;SRC-003,P5A-001;P5A-002;P5A-003;P5A-004;P5A-006;P5A-007;P5A-008;P5A-009;P5A-010;P5A-011;P5A-012;P5A-014;P5A-015;P5A-016;P5A-018;P5A-019;P5A-020;P5A-021;P5A-022;P5A-042,Negative cash use.,Negative cash use.
CM-0130,proposed,FY2026,Q2-Q4,share_repurchases,-3.75,,-3.75,-3.75,USD_millions,calculated,,formula_calculated_credit_metric,contains_owner_reviewed_phase5_testing_assumptions,SRC-001;SRC-003,P5A-001;P5A-002;P5A-003;P5A-004;P5A-006;P5A-007;P5A-008;P5A-009;P5A-010;P5A-011;P5A-012;P5A-014;P5A-015;P5A-016;P5A-018;P5A-019;P5A-020;P5A-021;P5A-022;P5A-042,Negative cash use.,Negative cash use.
CM-0131,proposed,FY2026,Q2-Q4,ending_bank_funded_debt,621.1916714703351660469621114,,621.1916714703351660469621114,621.1916714703351660469621114,USD_millions,calculated,,formula_calculated_credit_metric,contains_owner_reviewed_phase5_testing_assumptions,SRC-001;SRC-003,P5A-001;P5A-002;P5A-003;P5A-004;P5A-006;P5A-007;P5A-008;P5A-009;P5A-010;P5A-011;P5A-012;P5A-014;P5A-015;P5A-016;P5A-018;P5A-019;P5A-020;P5A-021;P5A-022;P5A-042,Term plus revolver principal after modeled payments.,Term plus revolver principal after modeled payments.
CM-0132,proposed,FY2026,Q2-Q4,ending_gross_funded_debt,683.8106714703351660469621114,,683.8106714703351660469621114,683.8106714703351660469621114,USD_millions,calculated,,formula_calculated_credit_metric,contains_owner_reviewed_phase5_testing_assumptions,SRC-001;SRC-003,P5A-001;P5A-002;P5A-003;P5A-004;P5A-006;P5A-007;P5A-008;P5A-009;P5A-010;P5A-011;P5A-012;P5A-014;P5A-015;P5A-016;P5A-018;P5A-019;P5A-020;P5A-021;P5A-022;P5A-042,Bank principal plus conservative retained debt opening proxy.,Bank principal plus conservative retained debt opening proxy.
CM-0133,proposed,FY2026,Q2-Q4,book_cash_net_debt_diagnostic,683.8106714703351660469621114,,683.8106714703351660469621114,683.8106714703351660469621114,USD_millions,calculated,,formula_calculated_credit_metric,contains_owner_reviewed_phase5_testing_assumptions,SRC-001;SRC-003,P5A-001;P5A-002;P5A-003;P5A-004;P5A-006;P5A-007;P5A-008;P5A-009;P5A-010;P5A-011;P5A-012;P5A-014;P5A-015;P5A-016;P5A-018;P5A-019;P5A-020;P5A-021;P5A-022;P5A-042,Gross debt less modeled cash above the operating floor only.,Gross debt less modeled cash above the operating floor only.
CM-0134,proposed,FY2026,Q2-Q4,minimum_revolver_availability,263.90228125,,263.90228125,263.90228125,USD_millions,calculated,,formula_calculated_credit_metric,contains_owner_reviewed_phase5_testing_assumptions,SRC-001;SRC-003,P5A-001;P5A-002;P5A-003;P5A-004;P5A-006;P5A-007;P5A-008;P5A-009;P5A-010;P5A-011;P5A-012;P5A-014;P5A-015;P5A-016;P5A-018;P5A-019;P5A-020;P5A-021;P5A-022;P5A-042,Minimum quarter-observed capacity after LCs.,Minimum quarter-observed capacity after LCs.
CM-0135,proposed,FY2026,Q2-Q4,minimum_usable_liquidity,263.90228125,,263.90228125,263.90228125,USD_millions,calculated,,formula_calculated_credit_metric,contains_owner_reviewed_phase5_testing_assumptions,SRC-001;SRC-003,P5A-001;P5A-002;P5A-003;P5A-004;P5A-006;P5A-007;P5A-008;P5A-009;P5A-010;P5A-011;P5A-012;P5A-014;P5A-015;P5A-016;P5A-018;P5A-019;P5A-020;P5A-021;P5A-022;P5A-042,Cash above floor plus available revolver; not contractual liquidity.,Cash above floor plus available revolver; not contractual liquidity.
CM-0136,proposed,FY2026,Q2-Q4,peak_revolver_usage,29.89771875,,29.89771875,29.89771875,USD_millions,calculated,,formula_calculated_credit_metric,contains_owner_reviewed_phase5_testing_assumptions,SRC-001;SRC-003,P5A-001;P5A-002;P5A-003;P5A-004;P5A-006;P5A-007;P5A-008;P5A-009;P5A-010;P5A-011;P5A-012;P5A-014;P5A-015;P5A-016;P5A-018;P5A-019;P5A-020;P5A-021;P5A-022;P5A-042,Maximum ending monthly revolver balance.,Maximum ending monthly revolver balance.
CM-0137,proposed,FY2026,Q2-Q4,unsupported_maturity_funding_gap,0,,0,0,USD_millions,calculated,,formula_calculated_credit_metric,contains_owner_reviewed_phase5_testing_assumptions,SRC-001;SRC-003,P5A-001;P5A-002;P5A-003;P5A-004;P5A-006;P5A-007;P5A-008;P5A-009;P5A-010;P5A-011;P5A-012;P5A-014;P5A-015;P5A-016;P5A-018;P5A-019;P5A-020;P5A-021;P5A-022;P5A-042,Debt due at maturity not covered by modeled cash above floor.,Debt due at maturity not covered by modeled cash above floor.
CM-0138,proposed,FY2026,Q2-Q4,recurring_financing_fees,,,,N/D,USD_millions,not_determinable,,formula_calculated_credit_metric,contains_owner_reviewed_phase5_testing_assumptions,SRC-001;SRC-003,P5A-001;P5A-002;P5A-003;P5A-004;P5A-006;P5A-007;P5A-008;P5A-009;P5A-010;P5A-011;P5A-012;P5A-014;P5A-015;P5A-016;P5A-018;P5A-019;P5A-020;P5A-021;P5A-022;P5A-042,"Proposed unused-commitment, LC and fronting fees are unavailable.",Excluded rather than entered as zero; modeled cash flow and liquidity are before these fees.
CM-0139,proposed,FY2026,Q2-Q4,gross_funded_debt_to_lender_base_ebitda,683.8106714703351660469621114,190.2486370271889141942985599,3.59429997583956437183458407,3.59429997583956437183458407,turns,calculated,,formula_calculated_credit_metric,contains_owner_reviewed_phase5_testing_assumptions,SRC-001;SRC-003,P5A-001;P5A-002;P5A-003;P5A-004;P5A-006;P5A-007;P5A-008;P5A-009;P5A-010;P5A-011;P5A-012;P5A-014;P5A-015;P5A-016;P5A-018;P5A-019;P5A-020;P5A-021;P5A-022;P5A-042,Ending gross funded debt / same-coverage EBITDA.,Ending gross funded debt / same-coverage EBITDA.
CM-0140,proposed,FY2026,Q2-Q4,net_debt_diagnostic_to_lender_base_ebitda,683.8106714703351660469621114,190.2486370271889141942985599,3.59429997583956437183458407,3.59429997583956437183458407,turns,calculated,,formula_calculated_credit_metric,contains_owner_reviewed_phase5_testing_assumptions,SRC-001;SRC-003,P5A-001;P5A-002;P5A-003;P5A-004;P5A-006;P5A-007;P5A-008;P5A-009;P5A-010;P5A-011;P5A-012;P5A-014;P5A-015;P5A-016;P5A-018;P5A-019;P5A-020;P5A-021;P5A-022;P5A-042,Book-cash diagnostic only; not covenant or lender net leverage.,Book-cash diagnostic only; not covenant or lender net leverage.
CM-0141,proposed,FY2026,Q2-Q4,ebitda_to_cash_interest,190.2486370271889141942985599,32.07260464845616279376728804,5.93181124864913848212551769,5.93181124864913848212551769,turns,calculated,,formula_calculated_credit_metric,contains_owner_reviewed_phase5_testing_assumptions,SRC-001;SRC-003,P5A-001;P5A-002;P5A-003;P5A-004;P5A-006;P5A-007;P5A-008;P5A-009;P5A-010;P5A-011;P5A-012;P5A-014;P5A-015;P5A-016;P5A-018;P5A-019;P5A-020;P5A-021;P5A-022;P5A-042,Modeled EBITDA / modeled bank cash interest.,Modeled EBITDA / modeled bank cash interest.
CM-0142,proposed,FY2026,Q2-Q4,cfads_to_cash_interest,111.6669019281209967468051766,32.07260464845616279376728804,3.481691092821678921437779616,3.481691092821678921437779616,turns,calculated,,formula_calculated_credit_metric,contains_owner_reviewed_phase5_testing_assumptions,SRC-001;SRC-003,P5A-001;P5A-002;P5A-003;P5A-004;P5A-006;P5A-007;P5A-008;P5A-009;P5A-010;P5A-011;P5A-012;P5A-014;P5A-015;P5A-016;P5A-018;P5A-019;P5A-020;P5A-021;P5A-022;P5A-042,CFADS before cash interest / modeled bank cash interest.,CFADS before cash interest / modeled bank cash interest.
CM-0143,proposed,FY2026,Q2-Q4,cfads_to_scheduled_debt_service,111.6669019281209967468051766,87.08585464845616279376728804,1.282262227073413706012333783,1.282262227073413706012333783,turns,calculated,,formula_calculated_credit_metric,contains_owner_reviewed_phase5_testing_assumptions,SRC-001;SRC-003,P5A-001;P5A-002;P5A-003;P5A-004;P5A-006;P5A-007;P5A-008;P5A-009;P5A-010;P5A-011;P5A-012;P5A-014;P5A-015;P5A-016;P5A-018;P5A-019;P5A-020;P5A-021;P5A-022;P5A-042,"CFADS before interest / bank interest, scheduled term principal and retained-obligation payments.","CFADS before interest / bank interest, scheduled term principal and retained-obligation payments."
CM-0144,proposed,FY2026,Q2-Q4,cfo_proxy_to_gross_debt,129.9089343822898339530378886,683.8106714703351660469621114,0.1899779278129114392394359188,0.1899779278129114392394359188,turns,calculated,,formula_calculated_credit_metric,contains_owner_reviewed_phase5_testing_assumptions,SRC-001;SRC-003,P5A-001;P5A-002;P5A-003;P5A-004;P5A-006;P5A-007;P5A-008;P5A-009;P5A-010;P5A-011;P5A-012;P5A-014;P5A-015;P5A-016;P5A-018;P5A-019;P5A-020;P5A-021;P5A-022;P5A-042,Modeled CFO proxy / ending gross funded debt.,Modeled CFO proxy / ending gross funded debt.
CM-0145,proposed,FY2026,Q2-Q4,fcf_proxy_to_gross_debt,79.59429727966483395303788862,683.8106714703351660469621114,0.116398150248987106883158443,0.116398150248987106883158443,turns,calculated,,formula_calculated_credit_metric,contains_owner_reviewed_phase5_testing_assumptions,SRC-001;SRC-003,P5A-001;P5A-002;P5A-003;P5A-004;P5A-006;P5A-007;P5A-008;P5A-009;P5A-010;P5A-011;P5A-012;P5A-014;P5A-015;P5A-016;P5A-018;P5A-019;P5A-020;P5A-021;P5A-022;P5A-042,Modeled FCF proxy / ending gross funded debt.,Modeled FCF proxy / ending gross funded debt.
CM-0146,proposed,FY2027,Q1-Q4,revenue,1837.549119098525625,,1837.549119098525625,1837.549119098525625,USD_millions,calculated,,formula_calculated_credit_metric,contains_owner_reviewed_phase5_testing_assumptions,SRC-001;SRC-003,P5A-001;P5A-002;P5A-003;P5A-004;P5A-006;P5A-007;P5A-008;P5A-009;P5A-010;P5A-011;P5A-012;P5A-014;P5A-015;P5A-016;P5A-018;P5A-019;P5A-020;P5A-021;P5A-022;P5A-042,Sum modeled-quarter revenue.,Sum modeled-quarter revenue.
CM-0147,proposed,FY2027,Q1-Q4,lender_base_ebitda,222.268103897038561074375,,222.268103897038561074375,222.268103897038561074375,USD_millions,calculated,,formula_calculated_credit_metric,contains_owner_reviewed_phase5_testing_assumptions,SRC-001;SRC-003,P5A-001;P5A-002;P5A-003;P5A-004;P5A-006;P5A-007;P5A-008;P5A-009;P5A-010;P5A-011;P5A-012;P5A-014;P5A-015;P5A-016;P5A-018;P5A-019;P5A-020;P5A-021;P5A-022;P5A-042,Sum formula-calculated lender-base EBITDA; no top-down EBITDA growth.,Sum formula-calculated lender-base EBITDA; no top-down EBITDA growth.
CM-0148,proposed,FY2027,Q1-Q4,lender_base_ebitda_margin,12.0959,,12.0959,12.0959,percent,calculated,,formula_calculated_credit_metric,contains_owner_reviewed_phase5_testing_assumptions,SRC-001;SRC-003,P5A-001;P5A-002;P5A-003;P5A-004;P5A-006;P5A-007;P5A-008;P5A-009;P5A-010;P5A-011;P5A-012;P5A-014;P5A-015;P5A-016;P5A-018;P5A-019;P5A-020;P5A-021;P5A-022;P5A-042,EBITDA / revenue.,EBITDA / revenue.
CM-0149,proposed,FY2027,Q1-Q4,cash_tax_proxy,-29.70719722118608914796875,,-29.70719722118608914796875,-29.70719722118608914796875,USD_millions,calculated,,formula_calculated_credit_metric,contains_owner_reviewed_phase5_testing_assumptions,SRC-001;SRC-003,P5A-001;P5A-002;P5A-003;P5A-004;P5A-006;P5A-007;P5A-008;P5A-009;P5A-010;P5A-011;P5A-012;P5A-014;P5A-015;P5A-016;P5A-018;P5A-019;P5A-020;P5A-021;P5A-022;P5A-042,Negative cash use.,Negative cash use.
CM-0150,proposed,FY2027,Q1-Q4,working_capital_cash_flow,0.006817535099935976732363,,0.006817535099935976732363,0.006817535099935976732363,USD_millions,calculated,,formula_calculated_credit_metric,contains_owner_reviewed_phase5_testing_assumptions,SRC-001;SRC-003,P5A-001;P5A-002;P5A-003;P5A-004;P5A-006;P5A-007;P5A-008;P5A-009;P5A-010;P5A-011;P5A-012;P5A-014;P5A-015;P5A-016;P5A-018;P5A-019;P5A-020;P5A-021;P5A-022;P5A-042,Positive is cash contribution; negative is use.,Positive is cash contribution; negative is use.
CM-0151,proposed,FY2027,Q1-Q4,capital_expenditures,-64.314219168448396875,,-64.314219168448396875,-64.314219168448396875,USD_millions,calculated,,formula_calculated_credit_metric,contains_owner_reviewed_phase5_testing_assumptions,SRC-001;SRC-003,P5A-001;P5A-002;P5A-003;P5A-004;P5A-006;P5A-007;P5A-008;P5A-009;P5A-010;P5A-011;P5A-012;P5A-014;P5A-015;P5A-016;P5A-018;P5A-019;P5A-020;P5A-021;P5A-022;P5A-042,Negative cash use.,Negative cash use.
CM-0152,proposed,FY2027,Q1-Q4,cfads_before_cash_interest,128.253505042504011028138613,,128.253505042504011028138613,128.253505042504011028138613,USD_millions,calculated,,formula_calculated_credit_metric,contains_owner_reviewed_phase5_testing_assumptions,SRC-001;SRC-003,P5A-001;P5A-002;P5A-003;P5A-004;P5A-006;P5A-007;P5A-008;P5A-009;P5A-010;P5A-011;P5A-012;P5A-014;P5A-015;P5A-016;P5A-018;P5A-019;P5A-020;P5A-021;P5A-022;P5A-042,"EBITDA less modeled taxes, capex, working-capital investment and identified cash uses.","EBITDA less modeled taxes, capex, working-capital investment and identified cash uses."
CM-0153,proposed,FY2027,Q1-Q4,cash_interest,-39.35432638131032218666777323,,-39.35432638131032218666777323,-39.35432638131032218666777323,USD_millions,calculated,,formula_calculated_credit_metric,contains_owner_reviewed_phase5_testing_assumptions,SRC-001;SRC-003,P5A-001;P5A-002;P5A-003;P5A-004;P5A-006;P5A-007;P5A-008;P5A-009;P5A-010;P5A-011;P5A-012;P5A-014;P5A-015;P5A-016;P5A-018;P5A-019;P5A-020;P5A-021;P5A-022;P5A-042,Negative cash use based on modeled average debt.,Negative cash use based on modeled average debt.
CM-0154,proposed,FY2027,Q1-Q4,cfo_proxy,153.2133978296420857164708398,,153.2133978296420857164708398,153.2133978296420857164708398,USD_millions,calculated,,formula_calculated_credit_metric,contains_owner_reviewed_phase5_testing_assumptions,SRC-001;SRC-003,P5A-001;P5A-002;P5A-003;P5A-004;P5A-006;P5A-007;P5A-008;P5A-009;P5A-010;P5A-011;P5A-012;P5A-014;P5A-015;P5A-016;P5A-018;P5A-019;P5A-020;P5A-021;P5A-022;P5A-042,"EBITDA less cash taxes, working-capital investment, other operating uses and cash interest; not an official GAAP forecast.","EBITDA less cash taxes, working-capital investment, other operating uses and cash interest; not an official GAAP forecast."
CM-0155,proposed,FY2027,Q1-Q4,fcf_proxy,88.89917866119368884147083976,,88.89917866119368884147083976,88.89917866119368884147083976,USD_millions,calculated,,formula_calculated_credit_metric,contains_owner_reviewed_phase5_testing_assumptions,SRC-001;SRC-003,P5A-001;P5A-002;P5A-003;P5A-004;P5A-006;P5A-007;P5A-008;P5A-009;P5A-010;P5A-011;P5A-012;P5A-014;P5A-015;P5A-016;P5A-018;P5A-019;P5A-020;P5A-021;P5A-022;P5A-042,Modeled CFO proxy less capital expenditures.,Modeled CFO proxy less capital expenditures.
CM-0156,proposed,FY2027,Q1-Q4,scheduled_term_principal,65,,65,65,USD_millions,calculated,,formula_calculated_credit_metric,contains_owner_reviewed_phase5_testing_assumptions,SRC-001;SRC-003,P5A-001;P5A-002;P5A-003;P5A-004;P5A-006;P5A-007;P5A-008;P5A-009;P5A-010;P5A-011;P5A-012;P5A-014;P5A-015;P5A-016;P5A-018;P5A-019;P5A-020;P5A-021;P5A-022;P5A-042,Required term principal paid in modeled periods.,Required term principal paid in modeled periods.
CM-0157,proposed,FY2027,Q1-Q4,cash_sweep,0,,0,0,USD_millions,calculated,,formula_calculated_credit_metric,contains_owner_reviewed_phase5_testing_assumptions,SRC-001;SRC-003,P5A-001;P5A-002;P5A-003;P5A-004;P5A-006;P5A-007;P5A-008;P5A-009;P5A-010;P5A-011;P5A-012;P5A-014;P5A-015;P5A-016;P5A-018;P5A-019;P5A-020;P5A-021;P5A-022;P5A-042,Provisional annual term sweep after revolver repayment.,Provisional annual term sweep after revolver repayment.
CM-0158,proposed,FY2027,Q1-Q4,dividends,-14.5,,-14.5,-14.5,USD_millions,calculated,,formula_calculated_credit_metric,contains_owner_reviewed_phase5_testing_assumptions,SRC-001;SRC-003,P5A-001;P5A-002;P5A-003;P5A-004;P5A-006;P5A-007;P5A-008;P5A-009;P5A-010;P5A-011;P5A-012;P5A-014;P5A-015;P5A-016;P5A-018;P5A-019;P5A-020;P5A-021;P5A-022;P5A-042,Negative cash use.,Negative cash use.
CM-0159,proposed,FY2027,Q1-Q4,share_repurchases,-5,,-5,-5,USD_millions,calculated,,formula_calculated_credit_metric,contains_owner_reviewed_phase5_testing_assumptions,SRC-001;SRC-003,P5A-001;P5A-002;P5A-003;P5A-004;P5A-006;P5A-007;P5A-008;P5A-009;P5A-010;P5A-011;P5A-012;P5A-014;P5A-015;P5A-016;P5A-018;P5A-019;P5A-020;P5A-021;P5A-022;P5A-042,Negative cash use.,Negative cash use.
CM-0160,proposed,FY2027,Q1-Q4,ending_bank_funded_debt,559.8234928091414772054912717,,559.8234928091414772054912717,559.8234928091414772054912717,USD_millions,calculated,,formula_calculated_credit_metric,contains_owner_reviewed_phase5_testing_assumptions,SRC-001;SRC-003,P5A-001;P5A-002;P5A-003;P5A-004;P5A-006;P5A-007;P5A-008;P5A-009;P5A-010;P5A-011;P5A-012;P5A-014;P5A-015;P5A-016;P5A-018;P5A-019;P5A-020;P5A-021;P5A-022;P5A-042,Term plus revolver principal after modeled payments.,Term plus revolver principal after modeled payments.
CM-0161,proposed,FY2027,Q1-Q4,ending_gross_funded_debt,622.4424928091414772054912717,,622.4424928091414772054912717,622.4424928091414772054912717,USD_millions,calculated,,formula_calculated_credit_metric,contains_owner_reviewed_phase5_testing_assumptions,SRC-001;SRC-003,P5A-001;P5A-002;P5A-003;P5A-004;P5A-006;P5A-007;P5A-008;P5A-009;P5A-010;P5A-011;P5A-012;P5A-014;P5A-015;P5A-016;P5A-018;P5A-019;P5A-020;P5A-021;P5A-022;P5A-042,Bank principal plus conservative retained debt opening proxy.,Bank principal plus conservative retained debt opening proxy.
CM-0162,proposed,FY2027,Q1-Q4,book_cash_net_debt_diagnostic,622.4424928091414772054912717,,622.4424928091414772054912717,622.4424928091414772054912717,USD_millions,calculated,,formula_calculated_credit_metric,contains_owner_reviewed_phase5_testing_assumptions,SRC-001;SRC-003,P5A-001;P5A-002;P5A-003;P5A-004;P5A-006;P5A-007;P5A-008;P5A-009;P5A-010;P5A-011;P5A-012;P5A-014;P5A-015;P5A-016;P5A-018;P5A-019;P5A-020;P5A-021;P5A-022;P5A-042,Gross debt less modeled cash above the operating floor only.,Gross debt less modeled cash above the operating floor only.
CM-0163,proposed,FY2027,Q1-Q4,minimum_revolver_availability,256.159022227166571128925139,,256.159022227166571128925139,256.159022227166571128925139,USD_millions,calculated,,formula_calculated_credit_metric,contains_owner_reviewed_phase5_testing_assumptions,SRC-001;SRC-003,P5A-001;P5A-002;P5A-003;P5A-004;P5A-006;P5A-007;P5A-008;P5A-009;P5A-010;P5A-011;P5A-012;P5A-014;P5A-015;P5A-016;P5A-018;P5A-019;P5A-020;P5A-021;P5A-022;P5A-042,Minimum quarter-observed capacity after LCs.,Minimum quarter-observed capacity after LCs.
CM-0164,proposed,FY2027,Q1-Q4,minimum_usable_liquidity,256.159022227166571128925139,,256.159022227166571128925139,256.159022227166571128925139,USD_millions,calculated,,formula_calculated_credit_metric,contains_owner_reviewed_phase5_testing_assumptions,SRC-001;SRC-003,P5A-001;P5A-002;P5A-003;P5A-004;P5A-006;P5A-007;P5A-008;P5A-009;P5A-010;P5A-011;P5A-012;P5A-014;P5A-015;P5A-016;P5A-018;P5A-019;P5A-020;P5A-021;P5A-022;P5A-042,Cash above floor plus available revolver; not contractual liquidity.,Cash above floor plus available revolver; not contractual liquidity.
CM-0165,proposed,FY2027,Q1-Q4,peak_revolver_usage,37.64097777283342887107486097,,37.64097777283342887107486097,37.64097777283342887107486097,USD_millions,calculated,,formula_calculated_credit_metric,contains_owner_reviewed_phase5_testing_assumptions,SRC-001;SRC-003,P5A-001;P5A-002;P5A-003;P5A-004;P5A-006;P5A-007;P5A-008;P5A-009;P5A-010;P5A-011;P5A-012;P5A-014;P5A-015;P5A-016;P5A-018;P5A-019;P5A-020;P5A-021;P5A-022;P5A-042,Maximum ending monthly revolver balance.,Maximum ending monthly revolver balance.
CM-0166,proposed,FY2027,Q1-Q4,unsupported_maturity_funding_gap,0,,0,0,USD_millions,calculated,,formula_calculated_credit_metric,contains_owner_reviewed_phase5_testing_assumptions,SRC-001;SRC-003,P5A-001;P5A-002;P5A-003;P5A-004;P5A-006;P5A-007;P5A-008;P5A-009;P5A-010;P5A-011;P5A-012;P5A-014;P5A-015;P5A-016;P5A-018;P5A-019;P5A-020;P5A-021;P5A-022;P5A-042,Debt due at maturity not covered by modeled cash above floor.,Debt due at maturity not covered by modeled cash above floor.
CM-0167,proposed,FY2027,Q1-Q4,recurring_financing_fees,,,,N/D,USD_millions,not_determinable,,formula_calculated_credit_metric,contains_owner_reviewed_phase5_testing_assumptions,SRC-001;SRC-003,P5A-001;P5A-002;P5A-003;P5A-004;P5A-006;P5A-007;P5A-008;P5A-009;P5A-010;P5A-011;P5A-012;P5A-014;P5A-015;P5A-016;P5A-018;P5A-019;P5A-020;P5A-021;P5A-022;P5A-042,"Proposed unused-commitment, LC and fronting fees are unavailable.",Excluded rather than entered as zero; modeled cash flow and liquidity are before these fees.
CM-0168,proposed,FY2027,Q1-Q4,gross_funded_debt_to_lender_base_ebitda,622.4424928091414772054912717,222.268103897038561074375,2.800413023262555169259300057,2.800413023262555169259300057,turns,calculated,,formula_calculated_credit_metric,contains_owner_reviewed_phase5_testing_assumptions,SRC-001;SRC-003,P5A-001;P5A-002;P5A-003;P5A-004;P5A-006;P5A-007;P5A-008;P5A-009;P5A-010;P5A-011;P5A-012;P5A-014;P5A-015;P5A-016;P5A-018;P5A-019;P5A-020;P5A-021;P5A-022;P5A-042,Ending gross funded debt / same-coverage EBITDA.,Ending gross funded debt / same-coverage EBITDA.
CM-0169,proposed,FY2027,Q1-Q4,net_debt_diagnostic_to_lender_base_ebitda,622.4424928091414772054912717,222.268103897038561074375,2.800413023262555169259300057,2.800413023262555169259300057,turns,calculated,,formula_calculated_credit_metric,contains_owner_reviewed_phase5_testing_assumptions,SRC-001;SRC-003,P5A-001;P5A-002;P5A-003;P5A-004;P5A-006;P5A-007;P5A-008;P5A-009;P5A-010;P5A-011;P5A-012;P5A-014;P5A-015;P5A-016;P5A-018;P5A-019;P5A-020;P5A-021;P5A-022;P5A-042,Book-cash diagnostic only; not covenant or lender net leverage.,Book-cash diagnostic only; not covenant or lender net leverage.
CM-0170,proposed,FY2027,Q1-Q4,ebitda_to_cash_interest,222.268103897038561074375,39.35432638131032218666777323,5.647869607611818363440493065,5.647869607611818363440493065,turns,calculated,,formula_calculated_credit_metric,contains_owner_reviewed_phase5_testing_assumptions,SRC-001;SRC-003,P5A-001;P5A-002;P5A-003;P5A-004;P5A-006;P5A-007;P5A-008;P5A-009;P5A-010;P5A-011;P5A-012;P5A-014;P5A-015;P5A-016;P5A-018;P5A-019;P5A-020;P5A-021;P5A-022;P5A-042,Modeled EBITDA / modeled bank cash interest.,Modeled EBITDA / modeled bank cash interest.
CM-0171,proposed,FY2027,Q1-Q4,cfads_to_cash_interest,128.253505042504011028138613,39.35432638131032218666777323,3.258942963470786404501481881,3.258942963470786404501481881,turns,calculated,,formula_calculated_credit_metric,contains_owner_reviewed_phase5_testing_assumptions,SRC-001;SRC-003,P5A-001;P5A-002;P5A-003;P5A-004;P5A-006;P5A-007;P5A-008;P5A-009;P5A-010;P5A-011;P5A-012;P5A-014;P5A-015;P5A-016;P5A-018;P5A-019;P5A-020;P5A-021;P5A-022;P5A-042,CFADS before cash interest / modeled bank cash interest.,CFADS before cash interest / modeled bank cash interest.
CM-0172,proposed,FY2027,Q1-Q4,cfads_to_scheduled_debt_service,128.253505042504011028138613,112.3853263813103221866677732,1.141194399412560380974597929,1.141194399412560380974597929,turns,calculated,,formula_calculated_credit_metric,contains_owner_reviewed_phase5_testing_assumptions,SRC-001;SRC-003,P5A-001;P5A-002;P5A-003;P5A-004;P5A-006;P5A-007;P5A-008;P5A-009;P5A-010;P5A-011;P5A-012;P5A-014;P5A-015;P5A-016;P5A-018;P5A-019;P5A-020;P5A-021;P5A-022;P5A-042,"CFADS before interest / bank interest, scheduled term principal and retained-obligation payments.","CFADS before interest / bank interest, scheduled term principal and retained-obligation payments."
CM-0173,proposed,FY2027,Q1-Q4,cfo_proxy_to_gross_debt,153.2133978296420857164708398,622.4424928091414772054912717,0.2461486797570256166985619708,0.2461486797570256166985619708,turns,calculated,,formula_calculated_credit_metric,contains_owner_reviewed_phase5_testing_assumptions,SRC-001;SRC-003,P5A-001;P5A-002;P5A-003;P5A-004;P5A-006;P5A-007;P5A-008;P5A-009;P5A-010;P5A-011;P5A-012;P5A-014;P5A-015;P5A-016;P5A-018;P5A-019;P5A-020;P5A-021;P5A-022;P5A-042,Modeled CFO proxy / ending gross funded debt.,Modeled CFO proxy / ending gross funded debt.
CM-0174,proposed,FY2027,Q1-Q4,fcf_proxy_to_gross_debt,88.89917866119368884147083976,622.4424928091414772054912717,0.1428231197069842378027509437,0.1428231197069842378027509437,turns,calculated,,formula_calculated_credit_metric,contains_owner_reviewed_phase5_testing_assumptions,SRC-001;SRC-003,P5A-001;P5A-002;P5A-003;P5A-004;P5A-006;P5A-007;P5A-008;P5A-009;P5A-010;P5A-011;P5A-012;P5A-014;P5A-015;P5A-016;P5A-018;P5A-019;P5A-020;P5A-021;P5A-022;P5A-042,Modeled FCF proxy / ending gross funded debt.,Modeled FCF proxy / ending gross funded debt.
CM-0175,proposed,FY2028,Q1-Q4,revenue,1837.503180370548161859375,,1837.503180370548161859375,1837.503180370548161859375,USD_millions,calculated,,formula_calculated_credit_metric,contains_owner_reviewed_phase5_testing_assumptions,SRC-001;SRC-003,P5A-001;P5A-002;P5A-003;P5A-004;P5A-006;P5A-007;P5A-008;P5A-009;P5A-010;P5A-011;P5A-012;P5A-014;P5A-015;P5A-016;P5A-018;P5A-019;P5A-020;P5A-021;P5A-022;P5A-042,Sum modeled-quarter revenue.,Sum modeled-quarter revenue.
CM-0176,proposed,FY2028,Q1-Q4,lender_base_ebitda,222.2625471944411351103481405,,222.2625471944411351103481405,222.2625471944411351103481405,USD_millions,calculated,,formula_calculated_credit_metric,contains_owner_reviewed_phase5_testing_assumptions,SRC-001;SRC-003,P5A-001;P5A-002;P5A-003;P5A-004;P5A-006;P5A-007;P5A-008;P5A-009;P5A-010;P5A-011;P5A-012;P5A-014;P5A-015;P5A-016;P5A-018;P5A-019;P5A-020;P5A-021;P5A-022;P5A-042,Sum formula-calculated lender-base EBITDA; no top-down EBITDA growth.,Sum formula-calculated lender-base EBITDA; no top-down EBITDA growth.
CM-0177,proposed,FY2028,Q1-Q4,lender_base_ebitda_margin,12.09589999999999999999999999,,12.09589999999999999999999999,12.09589999999999999999999999,percent,calculated,,formula_calculated_credit_metric,contains_owner_reviewed_phase5_testing_assumptions,SRC-001;SRC-003,P5A-001;P5A-002;P5A-003;P5A-004;P5A-006;P5A-007;P5A-008;P5A-009;P5A-010;P5A-011;P5A-012;P5A-014;P5A-015;P5A-016;P5A-018;P5A-019;P5A-020;P5A-021;P5A-022;P5A-042,EBITDA / revenue.,EBITDA / revenue.
CM-0178,proposed,FY2028,Q1-Q4,cash_tax_proxy,-29.70645454125555949574005076,,-29.70645454125555949574005076,-29.70645454125555949574005076,USD_millions,calculated,,formula_calculated_credit_metric,contains_owner_reviewed_phase5_testing_assumptions,SRC-001;SRC-003,P5A-001;P5A-002;P5A-003;P5A-004;P5A-006;P5A-007;P5A-008;P5A-009;P5A-010;P5A-011;P5A-012;P5A-014;P5A-015;P5A-016;P5A-018;P5A-019;P5A-020;P5A-021;P5A-022;P5A-042,Negative cash use.,Negative cash use.
CM-0179,proposed,FY2028,Q1-Q4,working_capital_cash_flow,0.0068173646615584783329446,,0.0068173646615584783329446,0.0068173646615584783329446,USD_millions,calculated,,formula_calculated_credit_metric,contains_owner_reviewed_phase5_testing_assumptions,SRC-001;SRC-003,P5A-001;P5A-002;P5A-003;P5A-004;P5A-006;P5A-007;P5A-008;P5A-009;P5A-010;P5A-011;P5A-012;P5A-014;P5A-015;P5A-016;P5A-018;P5A-019;P5A-020;P5A-021;P5A-022;P5A-042,Positive is cash contribution; negative is use.,Positive is cash contribution; negative is use.
CM-0180,proposed,FY2028,Q1-Q4,capital_expenditures,-64.312611312969185665078125,,-64.312611312969185665078125,-64.312611312969185665078125,USD_millions,calculated,,formula_calculated_credit_metric,contains_owner_reviewed_phase5_testing_assumptions,SRC-001;SRC-003,P5A-001;P5A-002;P5A-003;P5A-004;P5A-006;P5A-007;P5A-008;P5A-009;P5A-010;P5A-011;P5A-012;P5A-014;P5A-015;P5A-016;P5A-018;P5A-019;P5A-020;P5A-021;P5A-022;P5A-042,Negative cash use.,Negative cash use.
CM-0181,proposed,FY2028,Q1-Q4,cfads_before_cash_interest,128.2502987048779484278629094,,128.2502987048779484278629094,128.2502987048779484278629094,USD_millions,calculated,,formula_calculated_credit_metric,contains_owner_reviewed_phase5_testing_assumptions,SRC-001;SRC-003,P5A-001;P5A-002;P5A-003;P5A-004;P5A-006;P5A-007;P5A-008;P5A-009;P5A-010;P5A-011;P5A-012;P5A-014;P5A-015;P5A-016;P5A-018;P5A-019;P5A-020;P5A-021;P5A-022;P5A-042,"EBITDA less modeled taxes, capex, working-capital investment and identified cash uses.","EBITDA less modeled taxes, capex, working-capital investment and identified cash uses."
CM-0182,proposed,FY2028,Q1-Q4,cash_interest,-35.14678922506499548722617049,,-35.14678922506499548722617049,-35.14678922506499548722617049,USD_millions,calculated,,formula_calculated_credit_metric,contains_owner_reviewed_phase5_testing_assumptions,SRC-001;SRC-003,P5A-001;P5A-002;P5A-003;P5A-004;P5A-006;P5A-007;P5A-008;P5A-009;P5A-010;P5A-011;P5A-012;P5A-014;P5A-015;P5A-016;P5A-018;P5A-019;P5A-020;P5A-021;P5A-022;P5A-042,Negative cash use based on modeled average debt.,Negative cash use based on modeled average debt.
CM-0183,proposed,FY2028,Q1-Q4,cfo_proxy,157.4161207927821386057148639,,157.4161207927821386057148639,157.4161207927821386057148639,USD_millions,calculated,,formula_calculated_credit_metric,contains_owner_reviewed_phase5_testing_assumptions,SRC-001;SRC-003,P5A-001;P5A-002;P5A-003;P5A-004;P5A-006;P5A-007;P5A-008;P5A-009;P5A-010;P5A-011;P5A-012;P5A-014;P5A-015;P5A-016;P5A-018;P5A-019;P5A-020;P5A-021;P5A-022;P5A-042,"EBITDA less cash taxes, working-capital investment, other operating uses and cash interest; not an official GAAP forecast.","EBITDA less cash taxes, working-capital investment, other operating uses and cash interest; not an official GAAP forecast."
CM-0184,proposed,FY2028,Q1-Q4,fcf_proxy,93.10350947981295294063673891,,93.10350947981295294063673891,93.10350947981295294063673891,USD_millions,calculated,,formula_calculated_credit_metric,contains_owner_reviewed_phase5_testing_assumptions,SRC-001;SRC-003,P5A-001;P5A-002;P5A-003;P5A-004;P5A-006;P5A-007;P5A-008;P5A-009;P5A-010;P5A-011;P5A-012;P5A-014;P5A-015;P5A-016;P5A-018;P5A-019;P5A-020;P5A-021;P5A-022;P5A-042,Modeled CFO proxy less capital expenditures.,Modeled CFO proxy less capital expenditures.
CM-0185,proposed,FY2028,Q1-Q4,scheduled_term_principal,65,,65,65,USD_millions,calculated,,formula_calculated_credit_metric,contains_owner_reviewed_phase5_testing_assumptions,SRC-001;SRC-003,P5A-001;P5A-002;P5A-003;P5A-004;P5A-006;P5A-007;P5A-008;P5A-009;P5A-010;P5A-011;P5A-012;P5A-014;P5A-015;P5A-016;P5A-018;P5A-019;P5A-020;P5A-021;P5A-022;P5A-042,Required term principal paid in modeled periods.,Required term principal paid in modeled periods.
CM-0186,proposed,FY2028,Q1-Q4,cash_sweep,0,,0,0,USD_millions,calculated,,formula_calculated_credit_metric,contains_owner_reviewed_phase5_testing_assumptions,SRC-001;SRC-003,P5A-001;P5A-002;P5A-003;P5A-004;P5A-006;P5A-007;P5A-008;P5A-009;P5A-010;P5A-011;P5A-012;P5A-014;P5A-015;P5A-016;P5A-018;P5A-019;P5A-020;P5A-021;P5A-022;P5A-042,Provisional annual term sweep after revolver repayment.,Provisional annual term sweep after revolver repayment.
CM-0187,proposed,FY2028,Q1-Q4,dividends,-14.5,,-14.5,-14.5,USD_millions,calculated,,formula_calculated_credit_metric,contains_owner_reviewed_phase5_testing_assumptions,SRC-001;SRC-003,P5A-001;P5A-002;P5A-003;P5A-004;P5A-006;P5A-007;P5A-008;P5A-009;P5A-010;P5A-011;P5A-012;P5A-014;P5A-015;P5A-016;P5A-018;P5A-019;P5A-020;P5A-021;P5A-022;P5A-042,Negative cash use.,Negative cash use.
CM-0188,proposed,FY2028,Q1-Q4,share_repurchases,-5,,-5,-5,USD_millions,calculated,,formula_calculated_credit_metric,contains_owner_reviewed_phase5_testing_assumptions,SRC-001;SRC-003,P5A-001;P5A-002;P5A-003;P5A-004;P5A-006;P5A-007;P5A-008;P5A-009;P5A-010;P5A-011;P5A-012;P5A-014;P5A-015;P5A-016;P5A-018;P5A-019;P5A-020;P5A-021;P5A-022;P5A-042,Negative cash use.,Negative cash use.
CM-0189,proposed,FY2028,Q1-Q4,ending_bank_funded_debt,493.0499833293285242648545328,,493.0499833293285242648545328,493.0499833293285242648545328,USD_millions,calculated,,formula_calculated_credit_metric,contains_owner_reviewed_phase5_testing_assumptions,SRC-001;SRC-003,P5A-001;P5A-002;P5A-003;P5A-004;P5A-006;P5A-007;P5A-008;P5A-009;P5A-010;P5A-011;P5A-012;P5A-014;P5A-015;P5A-016;P5A-018;P5A-019;P5A-020;P5A-021;P5A-022;P5A-042,Term plus revolver principal after modeled payments.,Term plus revolver principal after modeled payments.
CM-0190,proposed,FY2028,Q1-Q4,ending_gross_funded_debt,555.6689833293285242648545328,,555.6689833293285242648545328,555.6689833293285242648545328,USD_millions,calculated,,formula_calculated_credit_metric,contains_owner_reviewed_phase5_testing_assumptions,SRC-001;SRC-003,P5A-001;P5A-002;P5A-003;P5A-004;P5A-006;P5A-007;P5A-008;P5A-009;P5A-010;P5A-011;P5A-012;P5A-014;P5A-015;P5A-016;P5A-018;P5A-019;P5A-020;P5A-021;P5A-022;P5A-042,Bank principal plus conservative retained debt opening proxy.,Bank principal plus conservative retained debt opening proxy.
CM-0191,proposed,FY2028,Q1-Q4,book_cash_net_debt_diagnostic,555.6689833293285242648545328,,555.6689833293285242648545328,555.6689833293285242648545328,USD_millions,calculated,,formula_calculated_credit_metric,contains_owner_reviewed_phase5_testing_assumptions,SRC-001;SRC-003,P5A-001;P5A-002;P5A-003;P5A-004;P5A-006;P5A-007;P5A-008;P5A-009;P5A-010;P5A-011;P5A-012;P5A-014;P5A-015;P5A-016;P5A-018;P5A-019;P5A-020;P5A-021;P5A-022;P5A-042,Gross debt less modeled cash above the operating floor only.,Gross debt less modeled cash above the operating floor only.
CM-0192,proposed,FY2028,Q1-Q4,minimum_revolver_availability,253.8458349441112245272416091,,253.8458349441112245272416091,253.8458349441112245272416091,USD_millions,calculated,,formula_calculated_credit_metric,contains_owner_reviewed_phase5_testing_assumptions,SRC-001;SRC-003,P5A-001;P5A-002;P5A-003;P5A-004;P5A-006;P5A-007;P5A-008;P5A-009;P5A-010;P5A-011;P5A-012;P5A-014;P5A-015;P5A-016;P5A-018;P5A-019;P5A-020;P5A-021;P5A-022;P5A-042,Minimum quarter-observed capacity after LCs.,Minimum quarter-observed capacity after LCs.
CM-0193,proposed,FY2028,Q1-Q4,minimum_usable_liquidity,253.8458349441112245272416091,,253.8458349441112245272416091,253.8458349441112245272416091,USD_millions,calculated,,formula_calculated_credit_metric,contains_owner_reviewed_phase5_testing_assumptions,SRC-001;SRC-003,P5A-001;P5A-002;P5A-003;P5A-004;P5A-006;P5A-007;P5A-008;P5A-009;P5A-010;P5A-011;P5A-012;P5A-014;P5A-015;P5A-016;P5A-018;P5A-019;P5A-020;P5A-021;P5A-022;P5A-042,Cash above floor plus available revolver; not contractual liquidity.,Cash above floor plus available revolver; not contractual liquidity.
CM-0194,proposed,FY2028,Q1-Q4,peak_revolver_usage,39.95416505588877547275839092,,39.95416505588877547275839092,39.95416505588877547275839092,USD_millions,calculated,,formula_calculated_credit_metric,contains_owner_reviewed_phase5_testing_assumptions,SRC-001;SRC-003,P5A-001;P5A-002;P5A-003;P5A-004;P5A-006;P5A-007;P5A-008;P5A-009;P5A-010;P5A-011;P5A-012;P5A-014;P5A-015;P5A-016;P5A-018;P5A-019;P5A-020;P5A-021;P5A-022;P5A-042,Maximum ending monthly revolver balance.,Maximum ending monthly revolver balance.
CM-0195,proposed,FY2028,Q1-Q4,unsupported_maturity_funding_gap,0,,0,0,USD_millions,calculated,,formula_calculated_credit_metric,contains_owner_reviewed_phase5_testing_assumptions,SRC-001;SRC-003,P5A-001;P5A-002;P5A-003;P5A-004;P5A-006;P5A-007;P5A-008;P5A-009;P5A-010;P5A-011;P5A-012;P5A-014;P5A-015;P5A-016;P5A-018;P5A-019;P5A-020;P5A-021;P5A-022;P5A-042,Debt due at maturity not covered by modeled cash above floor.,Debt due at maturity not covered by modeled cash above floor.
CM-0196,proposed,FY2028,Q1-Q4,recurring_financing_fees,,,,N/D,USD_millions,not_determinable,,formula_calculated_credit_metric,contains_owner_reviewed_phase5_testing_assumptions,SRC-001;SRC-003,P5A-001;P5A-002;P5A-003;P5A-004;P5A-006;P5A-007;P5A-008;P5A-009;P5A-010;P5A-011;P5A-012;P5A-014;P5A-015;P5A-016;P5A-018;P5A-019;P5A-020;P5A-021;P5A-022;P5A-042,"Proposed unused-commitment, LC and fronting fees are unavailable.",Excluded rather than entered as zero; modeled cash flow and liquidity are before these fees.
CM-0197,proposed,FY2028,Q1-Q4,gross_funded_debt_to_lender_base_ebitda,555.6689833293285242648545328,222.2625471944411351103481405,2.500056758744938931407956992,2.500056758744938931407956992,turns,calculated,,formula_calculated_credit_metric,contains_owner_reviewed_phase5_testing_assumptions,SRC-001;SRC-003,P5A-001;P5A-002;P5A-003;P5A-004;P5A-006;P5A-007;P5A-008;P5A-009;P5A-010;P5A-011;P5A-012;P5A-014;P5A-015;P5A-016;P5A-018;P5A-019;P5A-020;P5A-021;P5A-022;P5A-042,Ending gross funded debt / same-coverage EBITDA.,Ending gross funded debt / same-coverage EBITDA.
CM-0198,proposed,FY2028,Q1-Q4,net_debt_diagnostic_to_lender_base_ebitda,555.6689833293285242648545328,222.2625471944411351103481405,2.500056758744938931407956992,2.500056758744938931407956992,turns,calculated,,formula_calculated_credit_metric,contains_owner_reviewed_phase5_testing_assumptions,SRC-001;SRC-003,P5A-001;P5A-002;P5A-003;P5A-004;P5A-006;P5A-007;P5A-008;P5A-009;P5A-010;P5A-011;P5A-012;P5A-014;P5A-015;P5A-016;P5A-018;P5A-019;P5A-020;P5A-021;P5A-022;P5A-042,Book-cash diagnostic only; not covenant or lender net leverage.,Book-cash diagnostic only; not covenant or lender net leverage.
CM-0199,proposed,FY2028,Q1-Q4,ebitda_to_cash_interest,222.2625471944411351103481405,35.14678922506499548722617049,6.323836461167673397296390615,6.323836461167673397296390615,turns,calculated,,formula_calculated_credit_metric,contains_owner_reviewed_phase5_testing_assumptions,SRC-001;SRC-003,P5A-001;P5A-002;P5A-003;P5A-004;P5A-006;P5A-007;P5A-008;P5A-009;P5A-010;P5A-011;P5A-012;P5A-014;P5A-015;P5A-016;P5A-018;P5A-019;P5A-020;P5A-021;P5A-022;P5A-042,Modeled EBITDA / modeled bank cash interest.,Modeled EBITDA / modeled bank cash interest.
CM-0200,proposed,FY2028,Q1-Q4,cfads_to_cash_interest,128.2502987048779484278629094,35.14678922506499548722617049,3.648990463499181283032380049,3.648990463499181283032380049,turns,calculated,,formula_calculated_credit_metric,contains_owner_reviewed_phase5_testing_assumptions,SRC-001;SRC-003,P5A-001;P5A-002;P5A-003;P5A-004;P5A-006;P5A-007;P5A-008;P5A-009;P5A-010;P5A-011;P5A-012;P5A-014;P5A-015;P5A-016;P5A-018;P5A-019;P5A-020;P5A-021;P5A-022;P5A-042,CFADS before cash interest / modeled bank cash interest.,CFADS before cash interest / modeled bank cash interest.
CM-0201,proposed,FY2028,Q1-Q4,cfads_to_scheduled_debt_service,128.2502987048779484278629094,106.9767892250649954872261705,1.198860983152675358995814501,1.198860983152675358995814501,turns,calculated,,formula_calculated_credit_metric,contains_owner_reviewed_phase5_testing_assumptions,SRC-001;SRC-003,P5A-001;P5A-002;P5A-003;P5A-004;P5A-006;P5A-007;P5A-008;P5A-009;P5A-010;P5A-011;P5A-012;P5A-014;P5A-015;P5A-016;P5A-018;P5A-019;P5A-020;P5A-021;P5A-022;P5A-042,"CFADS before interest / bank interest, scheduled term principal and retained-obligation payments.","CFADS before interest / bank interest, scheduled term principal and retained-obligation payments."
CM-0202,proposed,FY2028,Q1-Q4,cfo_proxy_to_gross_debt,157.4161207927821386057148639,555.6689833293285242648545328,0.283291177869264430512180651,0.283291177869264430512180651,turns,calculated,,formula_calculated_credit_metric,contains_owner_reviewed_phase5_testing_assumptions,SRC-001;SRC-003,P5A-001;P5A-002;P5A-003;P5A-004;P5A-006;P5A-007;P5A-008;P5A-009;P5A-010;P5A-011;P5A-012;P5A-014;P5A-015;P5A-016;P5A-018;P5A-019;P5A-020;P5A-021;P5A-022;P5A-042,Modeled CFO proxy / ending gross funded debt.,Modeled CFO proxy / ending gross funded debt.
CM-0203,proposed,FY2028,Q1-Q4,fcf_proxy_to_gross_debt,93.10350947981295294063673891,555.6689833293285242648545328,0.1675521079509907870666075011,0.1675521079509907870666075011,turns,calculated,,formula_calculated_credit_metric,contains_owner_reviewed_phase5_testing_assumptions,SRC-001;SRC-003,P5A-001;P5A-002;P5A-003;P5A-004;P5A-006;P5A-007;P5A-008;P5A-009;P5A-010;P5A-011;P5A-012;P5A-014;P5A-015;P5A-016;P5A-018;P5A-019;P5A-020;P5A-021;P5A-022;P5A-042,Modeled FCF proxy / ending gross funded debt.,Modeled FCF proxy / ending gross funded debt.
CM-0204,proposed,FY2029,Q1-Q4,revenue,1837.457242791038898155328516,,1837.457242791038898155328516,1837.457242791038898155328516,USD_millions,calculated,,formula_calculated_credit_metric,contains_owner_reviewed_phase5_testing_assumptions,SRC-001;SRC-003,P5A-001;P5A-002;P5A-003;P5A-004;P5A-006;P5A-007;P5A-008;P5A-009;P5A-010;P5A-011;P5A-012;P5A-014;P5A-015;P5A-016;P5A-018;P5A-019;P5A-020;P5A-021;P5A-022;P5A-042,Sum modeled-quarter revenue.,Sum modeled-quarter revenue.
CM-0205,proposed,FY2029,Q1-Q4,lender_base_ebitda,222.2569906307612740819703818,,222.2569906307612740819703818,222.2569906307612740819703818,USD_millions,calculated,,formula_calculated_credit_metric,contains_owner_reviewed_phase5_testing_assumptions,SRC-001;SRC-003,P5A-001;P5A-002;P5A-003;P5A-004;P5A-006;P5A-007;P5A-008;P5A-009;P5A-010;P5A-011;P5A-012;P5A-014;P5A-015;P5A-016;P5A-018;P5A-019;P5A-020;P5A-021;P5A-022;P5A-042,Sum formula-calculated lender-base EBITDA; no top-down EBITDA growth.,Sum formula-calculated lender-base EBITDA; no top-down EBITDA growth.
CM-0206,proposed,FY2029,Q1-Q4,lender_base_ebitda_margin,12.09589999999999999999999999,,12.09589999999999999999999999,12.09589999999999999999999999,percent,calculated,,formula_calculated_credit_metric,contains_owner_reviewed_phase5_testing_assumptions,SRC-001;SRC-003,P5A-001;P5A-002;P5A-003;P5A-004;P5A-006;P5A-007;P5A-008;P5A-009;P5A-010;P5A-011;P5A-012;P5A-014;P5A-015;P5A-016;P5A-018;P5A-019;P5A-020;P5A-021;P5A-022;P5A-042,EBITDA / revenue.,EBITDA / revenue.
CM-0207,proposed,FY2029,Q1-Q4,cash_tax_proxy,-29.70571187989202810675265726,,-29.70571187989202810675265726,-29.70571187989202810675265726,USD_millions,calculated,,formula_calculated_credit_metric,contains_owner_reviewed_phase5_testing_assumptions,SRC-001;SRC-003,P5A-001;P5A-002;P5A-003;P5A-004;P5A-006;P5A-007;P5A-008;P5A-009;P5A-010;P5A-011;P5A-012;P5A-014;P5A-015;P5A-016;P5A-018;P5A-019;P5A-020;P5A-021;P5A-022;P5A-042,Negative cash use.,Negative cash use.
CM-0208,proposed,FY2029,Q1-Q4,working_capital_cash_flow,0.0068171942274419393709865,,0.0068171942274419393709865,0.0068171942274419393709865,USD_millions,calculated,,formula_calculated_credit_metric,contains_owner_reviewed_phase5_testing_assumptions,SRC-001;SRC-003,P5A-001;P5A-002;P5A-003;P5A-004;P5A-006;P5A-007;P5A-008;P5A-009;P5A-010;P5A-011;P5A-012;P5A-014;P5A-015;P5A-016;P5A-018;P5A-019;P5A-020;P5A-021;P5A-022;P5A-042,Positive is cash contribution; negative is use.,Positive is cash contribution; negative is use.
CM-0209,proposed,FY2029,Q1-Q4,capital_expenditures,-64.31100349768636143543649805,,-64.31100349768636143543649805,-64.31100349768636143543649805,USD_millions,calculated,,formula_calculated_credit_metric,contains_owner_reviewed_phase5_testing_assumptions,SRC-001;SRC-003,P5A-001;P5A-002;P5A-003;P5A-004;P5A-006;P5A-007;P5A-008;P5A-009;P5A-010;P5A-011;P5A-012;P5A-014;P5A-015;P5A-016;P5A-018;P5A-019;P5A-020;P5A-021;P5A-022;P5A-042,Negative cash use.,Negative cash use.
CM-0210,proposed,FY2029,Q1-Q4,cfads_before_cash_interest,128.247092447410326479152213,,128.247092447410326479152213,128.247092447410326479152213,USD_millions,calculated,,formula_calculated_credit_metric,contains_owner_reviewed_phase5_testing_assumptions,SRC-001;SRC-003,P5A-001;P5A-002;P5A-003;P5A-004;P5A-006;P5A-007;P5A-008;P5A-009;P5A-010;P5A-011;P5A-012;P5A-014;P5A-015;P5A-016;P5A-018;P5A-019;P5A-020;P5A-021;P5A-022;P5A-042,"EBITDA less modeled taxes, capex, working-capital investment and identified cash uses.","EBITDA less modeled taxes, capex, working-capital investment and identified cash uses."
CM-0211,proposed,FY2029,Q1-Q4,cash_interest,-30.60137966266426720426738477,,-30.60137966266426720426738477,-30.60137966266426720426738477,USD_millions,calculated,,formula_calculated_credit_metric,contains_owner_reviewed_phase5_testing_assumptions,SRC-001;SRC-003,P5A-001;P5A-002;P5A-003;P5A-004;P5A-006;P5A-007;P5A-008;P5A-009;P5A-010;P5A-011;P5A-012;P5A-014;P5A-015;P5A-016;P5A-018;P5A-019;P5A-020;P5A-021;P5A-022;P5A-042,Negative cash use based on modeled average debt.,Negative cash use based on modeled average debt.
CM-0212,proposed,FY2029,Q1-Q4,cfo_proxy,161.9567162824324207103213263,,161.9567162824324207103213263,161.9567162824324207103213263,USD_millions,calculated,,formula_calculated_credit_metric,contains_owner_reviewed_phase5_testing_assumptions,SRC-001;SRC-003,P5A-001;P5A-002;P5A-003;P5A-004;P5A-006;P5A-007;P5A-008;P5A-009;P5A-010;P5A-011;P5A-012;P5A-014;P5A-015;P5A-016;P5A-018;P5A-019;P5A-020;P5A-021;P5A-022;P5A-042,"EBITDA less cash taxes, working-capital investment, other operating uses and cash interest; not an official GAAP forecast.","EBITDA less cash taxes, working-capital investment, other operating uses and cash interest; not an official GAAP forecast."
CM-0213,proposed,FY2029,Q1-Q4,fcf_proxy,97.64571278474605927488482829,,97.64571278474605927488482829,97.64571278474605927488482829,USD_millions,calculated,,formula_calculated_credit_metric,contains_owner_reviewed_phase5_testing_assumptions,SRC-001;SRC-003,P5A-001;P5A-002;P5A-003;P5A-004;P5A-006;P5A-007;P5A-008;P5A-009;P5A-010;P5A-011;P5A-012;P5A-014;P5A-015;P5A-016;P5A-018;P5A-019;P5A-020;P5A-021;P5A-022;P5A-042,Modeled CFO proxy less capital expenditures.,Modeled CFO proxy less capital expenditures.
CM-0214,proposed,FY2029,Q1-Q4,scheduled_term_principal,65,,65,65,USD_millions,calculated,,formula_calculated_credit_metric,contains_owner_reviewed_phase5_testing_assumptions,SRC-001;SRC-003,P5A-001;P5A-002;P5A-003;P5A-004;P5A-006;P5A-007;P5A-008;P5A-009;P5A-010;P5A-011;P5A-012;P5A-014;P5A-015;P5A-016;P5A-018;P5A-019;P5A-020;P5A-021;P5A-022;P5A-042,Required term principal paid in modeled periods.,Required term principal paid in modeled periods.
CM-0215,proposed,FY2029,Q1-Q4,cash_sweep,0,,0,0,USD_millions,calculated,,formula_calculated_credit_metric,contains_owner_reviewed_phase5_testing_assumptions,SRC-001;SRC-003,P5A-001;P5A-002;P5A-003;P5A-004;P5A-006;P5A-007;P5A-008;P5A-009;P5A-010;P5A-011;P5A-012;P5A-014;P5A-015;P5A-016;P5A-018;P5A-019;P5A-020;P5A-021;P5A-022;P5A-042,Provisional annual term sweep after revolver repayment.,Provisional annual term sweep after revolver repayment.
CM-0216,proposed,FY2029,Q1-Q4,dividends,-14.5,,-14.5,-14.5,USD_millions,calculated,,formula_calculated_credit_metric,contains_owner_reviewed_phase5_testing_assumptions,SRC-001;SRC-003,P5A-001;P5A-002;P5A-003;P5A-004;P5A-006;P5A-007;P5A-008;P5A-009;P5A-010;P5A-011;P5A-012;P5A-014;P5A-015;P5A-016;P5A-018;P5A-019;P5A-020;P5A-021;P5A-022;P5A-042,Negative cash use.,Negative cash use.
CM-0217,proposed,FY2029,Q1-Q4,share_repurchases,-5,,-5,-5,USD_millions,calculated,,formula_calculated_credit_metric,contains_owner_reviewed_phase5_testing_assumptions,SRC-001;SRC-003,P5A-001;P5A-002;P5A-003;P5A-004;P5A-006;P5A-007;P5A-008;P5A-009;P5A-010;P5A-011;P5A-012;P5A-014;P5A-015;P5A-016;P5A-018;P5A-019;P5A-020;P5A-021;P5A-022;P5A-042,Negative cash use.,Negative cash use.
CM-0218,proposed,FY2029,Q1-Q4,ending_bank_funded_debt,421.4022705445824649899697045,,421.4022705445824649899697045,421.4022705445824649899697045,USD_millions,calculated,,formula_calculated_credit_metric,contains_owner_reviewed_phase5_testing_assumptions,SRC-001;SRC-003,P5A-001;P5A-002;P5A-003;P5A-004;P5A-006;P5A-007;P5A-008;P5A-009;P5A-010;P5A-011;P5A-012;P5A-014;P5A-015;P5A-016;P5A-018;P5A-019;P5A-020;P5A-021;P5A-022;P5A-042,Term plus revolver principal after modeled payments.,Term plus revolver principal after modeled payments.
CM-0219,proposed,FY2029,Q1-Q4,ending_gross_funded_debt,484.0212705445824649899697045,,484.0212705445824649899697045,484.0212705445824649899697045,USD_millions,calculated,,formula_calculated_credit_metric,contains_owner_reviewed_phase5_testing_assumptions,SRC-001;SRC-003,P5A-001;P5A-002;P5A-003;P5A-004;P5A-006;P5A-007;P5A-008;P5A-009;P5A-010;P5A-011;P5A-012;P5A-014;P5A-015;P5A-016;P5A-018;P5A-019;P5A-020;P5A-021;P5A-022;P5A-042,Bank principal plus conservative retained debt opening proxy.,Bank principal plus conservative retained debt opening proxy.
CM-0220,proposed,FY2029,Q1-Q4,book_cash_net_debt_diagnostic,484.0212705445824649899697045,,484.0212705445824649899697045,484.0212705445824649899697045,USD_millions,calculated,,formula_calculated_credit_metric,contains_owner_reviewed_phase5_testing_assumptions,SRC-001;SRC-003,P5A-001;P5A-002;P5A-003;P5A-004;P5A-006;P5A-007;P5A-008;P5A-009;P5A-010;P5A-011;P5A-012;P5A-014;P5A-015;P5A-016;P5A-018;P5A-019;P5A-020;P5A-021;P5A-022;P5A-042,Gross debt less modeled cash above the operating floor only.,Gross debt less modeled cash above the operating floor only.
CM-0221,proposed,FY2029,Q1-Q4,minimum_revolver_availability,256.8084498830019457164621187,,256.8084498830019457164621187,256.8084498830019457164621187,USD_millions,calculated,,formula_calculated_credit_metric,contains_owner_reviewed_phase5_testing_assumptions,SRC-001;SRC-003,P5A-001;P5A-002;P5A-003;P5A-004;P5A-006;P5A-007;P5A-008;P5A-009;P5A-010;P5A-011;P5A-012;P5A-014;P5A-015;P5A-016;P5A-018;P5A-019;P5A-020;P5A-021;P5A-022;P5A-042,Minimum quarter-observed capacity after LCs.,Minimum quarter-observed capacity after LCs.
CM-0222,proposed,FY2029,Q1-Q4,minimum_usable_liquidity,256.8084498830019457164621187,,256.8084498830019457164621187,256.8084498830019457164621187,USD_millions,calculated,,formula_calculated_credit_metric,contains_owner_reviewed_phase5_testing_assumptions,SRC-001;SRC-003,P5A-001;P5A-002;P5A-003;P5A-004;P5A-006;P5A-007;P5A-008;P5A-009;P5A-010;P5A-011;P5A-012;P5A-014;P5A-015;P5A-016;P5A-018;P5A-019;P5A-020;P5A-021;P5A-022;P5A-042,Cash above floor plus available revolver; not contractual liquidity.,Cash above floor plus available revolver; not contractual liquidity.
CM-0223,proposed,FY2029,Q1-Q4,peak_revolver_usage,36.99155011699805428353788129,,36.99155011699805428353788129,36.99155011699805428353788129,USD_millions,calculated,,formula_calculated_credit_metric,contains_owner_reviewed_phase5_testing_assumptions,SRC-001;SRC-003,P5A-001;P5A-002;P5A-003;P5A-004;P5A-006;P5A-007;P5A-008;P5A-009;P5A-010;P5A-011;P5A-012;P5A-014;P5A-015;P5A-016;P5A-018;P5A-019;P5A-020;P5A-021;P5A-022;P5A-042,Maximum ending monthly revolver balance.,Maximum ending monthly revolver balance.
CM-0224,proposed,FY2029,Q1-Q4,unsupported_maturity_funding_gap,0,,0,0,USD_millions,calculated,,formula_calculated_credit_metric,contains_owner_reviewed_phase5_testing_assumptions,SRC-001;SRC-003,P5A-001;P5A-002;P5A-003;P5A-004;P5A-006;P5A-007;P5A-008;P5A-009;P5A-010;P5A-011;P5A-012;P5A-014;P5A-015;P5A-016;P5A-018;P5A-019;P5A-020;P5A-021;P5A-022;P5A-042,Debt due at maturity not covered by modeled cash above floor.,Debt due at maturity not covered by modeled cash above floor.
CM-0225,proposed,FY2029,Q1-Q4,recurring_financing_fees,,,,N/D,USD_millions,not_determinable,,formula_calculated_credit_metric,contains_owner_reviewed_phase5_testing_assumptions,SRC-001;SRC-003,P5A-001;P5A-002;P5A-003;P5A-004;P5A-006;P5A-007;P5A-008;P5A-009;P5A-010;P5A-011;P5A-012;P5A-014;P5A-015;P5A-016;P5A-018;P5A-019;P5A-020;P5A-021;P5A-022;P5A-042,"Proposed unused-commitment, LC and fronting fees are unavailable.",Excluded rather than entered as zero; modeled cash flow and liquidity are before these fees.
CM-0226,proposed,FY2029,Q1-Q4,gross_funded_debt_to_lender_base_ebitda,484.0212705445824649899697045,222.2569906307612740819703818,2.1777549906121690592186482,2.1777549906121690592186482,turns,calculated,,formula_calculated_credit_metric,contains_owner_reviewed_phase5_testing_assumptions,SRC-001;SRC-003,P5A-001;P5A-002;P5A-003;P5A-004;P5A-006;P5A-007;P5A-008;P5A-009;P5A-010;P5A-011;P5A-012;P5A-014;P5A-015;P5A-016;P5A-018;P5A-019;P5A-020;P5A-021;P5A-022;P5A-042,Ending gross funded debt / same-coverage EBITDA.,Ending gross funded debt / same-coverage EBITDA.
CM-0227,proposed,FY2029,Q1-Q4,net_debt_diagnostic_to_lender_base_ebitda,484.0212705445824649899697045,222.2569906307612740819703818,2.1777549906121690592186482,2.1777549906121690592186482,turns,calculated,,formula_calculated_credit_metric,contains_owner_reviewed_phase5_testing_assumptions,SRC-001;SRC-003,P5A-001;P5A-002;P5A-003;P5A-004;P5A-006;P5A-007;P5A-008;P5A-009;P5A-010;P5A-011;P5A-012;P5A-014;P5A-015;P5A-016;P5A-018;P5A-019;P5A-020;P5A-021;P5A-022;P5A-042,Book-cash diagnostic only; not covenant or lender net leverage.,Book-cash diagnostic only; not covenant or lender net leverage.
CM-0228,proposed,FY2029,Q1-Q4,ebitda_to_cash_interest,222.2569906307612740819703818,30.60137966266426720426738477,7.262972881641989785630738664,7.262972881641989785630738664,turns,calculated,,formula_calculated_credit_metric,contains_owner_reviewed_phase5_testing_assumptions,SRC-001;SRC-003,P5A-001;P5A-002;P5A-003;P5A-004;P5A-006;P5A-007;P5A-008;P5A-009;P5A-010;P5A-011;P5A-012;P5A-014;P5A-015;P5A-016;P5A-018;P5A-019;P5A-020;P5A-021;P5A-022;P5A-042,Modeled EBITDA / modeled bank cash interest.,Modeled EBITDA / modeled bank cash interest.
CM-0229,proposed,FY2029,Q1-Q4,cfads_to_cash_interest,128.247092447410326479152213,30.60137966266426720426738477,4.190892497696120836956088138,4.190892497696120836956088138,turns,calculated,,formula_calculated_credit_metric,contains_owner_reviewed_phase5_testing_assumptions,SRC-001;SRC-003,P5A-001;P5A-002;P5A-003;P5A-004;P5A-006;P5A-007;P5A-008;P5A-009;P5A-010;P5A-011;P5A-012;P5A-014;P5A-015;P5A-016;P5A-018;P5A-019;P5A-020;P5A-021;P5A-022;P5A-042,CFADS before cash interest / modeled bank cash interest.,CFADS before cash interest / modeled bank cash interest.
CM-0230,proposed,FY2029,Q1-Q4,cfads_to_scheduled_debt_service,128.247092447410326479152213,102.0993796626642672042673848,1.256100603854185443099322436,1.256100603854185443099322436,turns,calculated,,formula_calculated_credit_metric,contains_owner_reviewed_phase5_testing_assumptions,SRC-001;SRC-003,P5A-001;P5A-002;P5A-003;P5A-004;P5A-006;P5A-007;P5A-008;P5A-009;P5A-010;P5A-011;P5A-012;P5A-014;P5A-015;P5A-016;P5A-018;P5A-019;P5A-020;P5A-021;P5A-022;P5A-042,"CFADS before interest / bank interest, scheduled term principal and retained-obligation payments.","CFADS before interest / bank interest, scheduled term principal and retained-obligation payments."
CM-0231,proposed,FY2029,Q1-Q4,cfo_proxy_to_gross_debt,161.9567162824324207103213263,484.0212705445824649899697045,0.3346066095405508284476668595,0.3346066095405508284476668595,turns,calculated,,formula_calculated_credit_metric,contains_owner_reviewed_phase5_testing_assumptions,SRC-001;SRC-003,P5A-001;P5A-002;P5A-003;P5A-004;P5A-006;P5A-007;P5A-008;P5A-009;P5A-010;P5A-011;P5A-012;P5A-014;P5A-015;P5A-016;P5A-018;P5A-019;P5A-020;P5A-021;P5A-022;P5A-042,Modeled CFO proxy / ending gross funded debt.,Modeled CFO proxy / ending gross funded debt.
CM-0232,proposed,FY2029,Q1-Q4,fcf_proxy_to_gross_debt,97.64571278474605927488482829,484.0212705445824649899697045,0.2017384745816703954020087114,0.2017384745816703954020087114,turns,calculated,,formula_calculated_credit_metric,contains_owner_reviewed_phase5_testing_assumptions,SRC-001;SRC-003,P5A-001;P5A-002;P5A-003;P5A-004;P5A-006;P5A-007;P5A-008;P5A-009;P5A-010;P5A-011;P5A-012;P5A-014;P5A-015;P5A-016;P5A-018;P5A-019;P5A-020;P5A-021;P5A-022;P5A-042,Modeled FCF proxy / ending gross funded debt.,Modeled FCF proxy / ending gross funded debt.
CM-0233,proposed,FY2030,Q1-Q4,revenue,1837.411306359969122182874632,,1837.411306359969122182874632,1837.411306359969122182874632,USD_millions,calculated,,formula_calculated_credit_metric,contains_owner_reviewed_phase5_testing_assumptions,SRC-001;SRC-003,P5A-001;P5A-002;P5A-003;P5A-004;P5A-006;P5A-007;P5A-008;P5A-009;P5A-010;P5A-011;P5A-012;P5A-014;P5A-015;P5A-016;P5A-018;P5A-019;P5A-020;P5A-021;P5A-022;P5A-042,Sum modeled-quarter revenue.,Sum modeled-quarter revenue.
CM-0234,proposed,FY2030,Q1-Q4,lender_base_ebitda,222.2514342059955050501183327,,222.2514342059955050501183327,222.2514342059955050501183327,USD_millions,calculated,,formula_calculated_credit_metric,contains_owner_reviewed_phase5_testing_assumptions,SRC-001;SRC-003,P5A-001;P5A-002;P5A-003;P5A-004;P5A-006;P5A-007;P5A-008;P5A-009;P5A-010;P5A-011;P5A-012;P5A-014;P5A-015;P5A-016;P5A-018;P5A-019;P5A-020;P5A-021;P5A-022;P5A-042,Sum formula-calculated lender-base EBITDA; no top-down EBITDA growth.,Sum formula-calculated lender-base EBITDA; no top-down EBITDA growth.
CM-0235,proposed,FY2030,Q1-Q4,lender_base_ebitda_margin,12.0959,,12.0959,12.0959,percent,calculated,,formula_calculated_credit_metric,contains_owner_reviewed_phase5_testing_assumptions,SRC-001;SRC-003,P5A-001;P5A-002;P5A-003;P5A-004;P5A-006;P5A-007;P5A-008;P5A-009;P5A-010;P5A-011;P5A-012;P5A-014;P5A-015;P5A-016;P5A-018;P5A-019;P5A-020;P5A-021;P5A-022;P5A-042,EBITDA / revenue.,EBITDA / revenue.
CM-0236,proposed,FY2030,Q1-Q4,cash_tax_proxy,-29.70496923709503080604998848,,-29.70496923709503080604998848,-29.70496923709503080604998848,USD_millions,calculated,,formula_calculated_credit_metric,contains_owner_reviewed_phase5_testing_assumptions,SRC-001;SRC-003,P5A-001;P5A-002;P5A-003;P5A-004;P5A-006;P5A-007;P5A-008;P5A-009;P5A-010;P5A-011;P5A-012;P5A-014;P5A-015;P5A-016;P5A-018;P5A-019;P5A-020;P5A-021;P5A-022;P5A-042,Negative cash use.,Negative cash use.
CM-0237,proposed,FY2030,Q1-Q4,working_capital_cash_flow,0.0068170237975862533225021,,0.0068170237975862533225021,0.0068170237975862533225021,USD_millions,calculated,,formula_calculated_credit_metric,contains_owner_reviewed_phase5_testing_assumptions,SRC-001;SRC-003,P5A-001;P5A-002;P5A-003;P5A-004;P5A-006;P5A-007;P5A-008;P5A-009;P5A-010;P5A-011;P5A-012;P5A-014;P5A-015;P5A-016;P5A-018;P5A-019;P5A-020;P5A-021;P5A-022;P5A-042,Positive is cash contribution; negative is use.,Positive is cash contribution; negative is use.
CM-0238,proposed,FY2030,Q1-Q4,capital_expenditures,-64.30939572259891927640061214,,-64.30939572259891927640061214,-64.30939572259891927640061214,USD_millions,calculated,,formula_calculated_credit_metric,contains_owner_reviewed_phase5_testing_assumptions,SRC-001;SRC-003,P5A-001;P5A-002;P5A-003;P5A-004;P5A-006;P5A-007;P5A-008;P5A-009;P5A-010;P5A-011;P5A-012;P5A-014;P5A-015;P5A-016;P5A-018;P5A-019;P5A-020;P5A-021;P5A-022;P5A-042,Negative cash use.,Negative cash use.
CM-0239,proposed,FY2030,Q1-Q4,cfads_before_cash_interest,128.2438862700991412209902342,,128.2438862700991412209902342,128.2438862700991412209902342,USD_millions,calculated,,formula_calculated_credit_metric,contains_owner_reviewed_phase5_testing_assumptions,SRC-001;SRC-003,P5A-001;P5A-002;P5A-003;P5A-004;P5A-006;P5A-007;P5A-008;P5A-009;P5A-010;P5A-011;P5A-012;P5A-014;P5A-015;P5A-016;P5A-018;P5A-019;P5A-020;P5A-021;P5A-022;P5A-042,"EBITDA less modeled taxes, capex, working-capital investment and identified cash uses.","EBITDA less modeled taxes, capex, working-capital investment and identified cash uses."
CM-0240,proposed,FY2030,Q1-Q4,cash_interest,-25.7490215715220730946804965,,-25.7490215715220730946804965,-25.7490215715220730946804965,USD_millions,calculated,,formula_calculated_credit_metric,contains_owner_reviewed_phase5_testing_assumptions,SRC-001;SRC-003,P5A-001;P5A-002;P5A-003;P5A-004;P5A-006;P5A-007;P5A-008;P5A-009;P5A-010;P5A-011;P5A-012;P5A-014;P5A-015;P5A-016;P5A-018;P5A-019;P5A-020;P5A-021;P5A-022;P5A-042,Negative cash use based on modeled average debt.,Negative cash use based on modeled average debt.
CM-0241,proposed,FY2030,Q1-Q4,cfo_proxy,166.8042604211759874027103498,,166.8042604211759874027103498,166.8042604211759874027103498,USD_millions,calculated,,formula_calculated_credit_metric,contains_owner_reviewed_phase5_testing_assumptions,SRC-001;SRC-003,P5A-001;P5A-002;P5A-003;P5A-004;P5A-006;P5A-007;P5A-008;P5A-009;P5A-010;P5A-011;P5A-012;P5A-014;P5A-015;P5A-016;P5A-018;P5A-019;P5A-020;P5A-021;P5A-022;P5A-042,"EBITDA less cash taxes, working-capital investment, other operating uses and cash interest; not an official GAAP forecast.","EBITDA less cash taxes, working-capital investment, other operating uses and cash interest; not an official GAAP forecast."
CM-0242,proposed,FY2030,Q1-Q4,fcf_proxy,102.4948646985770681263097377,,102.4948646985770681263097377,102.4948646985770681263097377,USD_millions,calculated,,formula_calculated_credit_metric,contains_owner_reviewed_phase5_testing_assumptions,SRC-001;SRC-003,P5A-001;P5A-002;P5A-003;P5A-004;P5A-006;P5A-007;P5A-008;P5A-009;P5A-010;P5A-011;P5A-012;P5A-014;P5A-015;P5A-016;P5A-018;P5A-019;P5A-020;P5A-021;P5A-022;P5A-042,Modeled CFO proxy less capital expenditures.,Modeled CFO proxy less capital expenditures.
CM-0243,proposed,FY2030,Q1-Q4,scheduled_term_principal,65,,65,65,USD_millions,calculated,,formula_calculated_credit_metric,contains_owner_reviewed_phase5_testing_assumptions,SRC-001;SRC-003,P5A-001;P5A-002;P5A-003;P5A-004;P5A-006;P5A-007;P5A-008;P5A-009;P5A-010;P5A-011;P5A-012;P5A-014;P5A-015;P5A-016;P5A-018;P5A-019;P5A-020;P5A-021;P5A-022;P5A-042,Required term principal paid in modeled periods.,Required term principal paid in modeled periods.
CM-0244,proposed,FY2030,Q1-Q4,cash_sweep,0,,0,0,USD_millions,calculated,,formula_calculated_credit_metric,contains_owner_reviewed_phase5_testing_assumptions,SRC-001;SRC-003,P5A-001;P5A-002;P5A-003;P5A-004;P5A-006;P5A-007;P5A-008;P5A-009;P5A-010;P5A-011;P5A-012;P5A-014;P5A-015;P5A-016;P5A-018;P5A-019;P5A-020;P5A-021;P5A-022;P5A-042,Provisional annual term sweep after revolver repayment.,Provisional annual term sweep after revolver repayment.
CM-0245,proposed,FY2030,Q1-Q4,dividends,-14.5,,-14.5,-14.5,USD_millions,calculated,,formula_calculated_credit_metric,contains_owner_reviewed_phase5_testing_assumptions,SRC-001;SRC-003,P5A-001;P5A-002;P5A-003;P5A-004;P5A-006;P5A-007;P5A-008;P5A-009;P5A-010;P5A-011;P5A-012;P5A-014;P5A-015;P5A-016;P5A-018;P5A-019;P5A-020;P5A-021;P5A-022;P5A-042,Negative cash use.,Negative cash use.
CM-0246,proposed,FY2030,Q1-Q4,share_repurchases,-5,,-5,-5,USD_millions,calculated,,formula_calculated_credit_metric,contains_owner_reviewed_phase5_testing_assumptions,SRC-001;SRC-003,P5A-001;P5A-002;P5A-003;P5A-004;P5A-006;P5A-007;P5A-008;P5A-009;P5A-010;P5A-011;P5A-012;P5A-014;P5A-015;P5A-016;P5A-018;P5A-019;P5A-020;P5A-021;P5A-022;P5A-042,Negative cash use.,Negative cash use.
CM-0247,proposed,FY2030,Q1-Q4,ending_bank_funded_debt,344.5534058460053968636599668,,344.5534058460053968636599668,344.5534058460053968636599668,USD_millions,calculated,,formula_calculated_credit_metric,contains_owner_reviewed_phase5_testing_assumptions,SRC-001;SRC-003,P5A-001;P5A-002;P5A-003;P5A-004;P5A-006;P5A-007;P5A-008;P5A-009;P5A-010;P5A-011;P5A-012;P5A-014;P5A-015;P5A-016;P5A-018;P5A-019;P5A-020;P5A-021;P5A-022;P5A-042,Term plus revolver principal after modeled payments.,Term plus revolver principal after modeled payments.
CM-0248,proposed,FY2030,Q1-Q4,ending_gross_funded_debt,407.1724058460053968636599668,,407.1724058460053968636599668,407.1724058460053968636599668,USD_millions,calculated,,formula_calculated_credit_metric,contains_owner_reviewed_phase5_testing_assumptions,SRC-001;SRC-003,P5A-001;P5A-002;P5A-003;P5A-004;P5A-006;P5A-007;P5A-008;P5A-009;P5A-010;P5A-011;P5A-012;P5A-014;P5A-015;P5A-016;P5A-018;P5A-019;P5A-020;P5A-021;P5A-022;P5A-042,Bank principal plus conservative retained debt opening proxy.,Bank principal plus conservative retained debt opening proxy.
CM-0249,proposed,FY2030,Q1-Q4,book_cash_net_debt_diagnostic,407.1724058460053968636599668,,407.1724058460053968636599668,407.1724058460053968636599668,USD_millions,calculated,,formula_calculated_credit_metric,contains_owner_reviewed_phase5_testing_assumptions,SRC-001;SRC-003,P5A-001;P5A-002;P5A-003;P5A-004;P5A-006;P5A-007;P5A-008;P5A-009;P5A-010;P5A-011;P5A-012;P5A-014;P5A-015;P5A-016;P5A-018;P5A-019;P5A-020;P5A-021;P5A-022;P5A-042,Gross debt less modeled cash above the operating floor only.,Gross debt less modeled cash above the operating floor only.
CM-0250,proposed,FY2030,Q1-Q4,minimum_revolver_availability,264.7310295275676327809966028,,264.7310295275676327809966028,264.7310295275676327809966028,USD_millions,calculated,,formula_calculated_credit_metric,contains_owner_reviewed_phase5_testing_assumptions,SRC-001;SRC-003,P5A-001;P5A-002;P5A-003;P5A-004;P5A-006;P5A-007;P5A-008;P5A-009;P5A-010;P5A-011;P5A-012;P5A-014;P5A-015;P5A-016;P5A-018;P5A-019;P5A-020;P5A-021;P5A-022;P5A-042,Minimum quarter-observed capacity after LCs.,Minimum quarter-observed capacity after LCs.
CM-0251,proposed,FY2030,Q1-Q4,minimum_usable_liquidity,264.7310295275676327809966028,,264.7310295275676327809966028,264.7310295275676327809966028,USD_millions,calculated,,formula_calculated_credit_metric,contains_owner_reviewed_phase5_testing_assumptions,SRC-001;SRC-003,P5A-001;P5A-002;P5A-003;P5A-004;P5A-006;P5A-007;P5A-008;P5A-009;P5A-010;P5A-011;P5A-012;P5A-014;P5A-015;P5A-016;P5A-018;P5A-019;P5A-020;P5A-021;P5A-022;P5A-042,Cash above floor plus available revolver; not contractual liquidity.,Cash above floor plus available revolver; not contractual liquidity.
CM-0252,proposed,FY2030,Q1-Q4,peak_revolver_usage,29.06897047243236721900339721,,29.06897047243236721900339721,29.06897047243236721900339721,USD_millions,calculated,,formula_calculated_credit_metric,contains_owner_reviewed_phase5_testing_assumptions,SRC-001;SRC-003,P5A-001;P5A-002;P5A-003;P5A-004;P5A-006;P5A-007;P5A-008;P5A-009;P5A-010;P5A-011;P5A-012;P5A-014;P5A-015;P5A-016;P5A-018;P5A-019;P5A-020;P5A-021;P5A-022;P5A-042,Maximum ending monthly revolver balance.,Maximum ending monthly revolver balance.
CM-0253,proposed,FY2030,Q1-Q4,unsupported_maturity_funding_gap,0,,0,0,USD_millions,calculated,,formula_calculated_credit_metric,contains_owner_reviewed_phase5_testing_assumptions,SRC-001;SRC-003,P5A-001;P5A-002;P5A-003;P5A-004;P5A-006;P5A-007;P5A-008;P5A-009;P5A-010;P5A-011;P5A-012;P5A-014;P5A-015;P5A-016;P5A-018;P5A-019;P5A-020;P5A-021;P5A-022;P5A-042,Debt due at maturity not covered by modeled cash above floor.,Debt due at maturity not covered by modeled cash above floor.
CM-0254,proposed,FY2030,Q1-Q4,recurring_financing_fees,,,,N/D,USD_millions,not_determinable,,formula_calculated_credit_metric,contains_owner_reviewed_phase5_testing_assumptions,SRC-001;SRC-003,P5A-001;P5A-002;P5A-003;P5A-004;P5A-006;P5A-007;P5A-008;P5A-009;P5A-010;P5A-011;P5A-012;P5A-014;P5A-015;P5A-016;P5A-018;P5A-019;P5A-020;P5A-021;P5A-022;P5A-042,"Proposed unused-commitment, LC and fronting fees are unavailable.",Excluded rather than entered as zero; modeled cash flow and liquidity are before these fees.
CM-0255,proposed,FY2030,Q1-Q4,gross_funded_debt_to_lender_base_ebitda,407.1724058460053968636599668,222.2514342059955050501183327,1.832034998112158062197490166,1.832034998112158062197490166,turns,calculated,,formula_calculated_credit_metric,contains_owner_reviewed_phase5_testing_assumptions,SRC-001;SRC-003,P5A-001;P5A-002;P5A-003;P5A-004;P5A-006;P5A-007;P5A-008;P5A-009;P5A-010;P5A-011;P5A-012;P5A-014;P5A-015;P5A-016;P5A-018;P5A-019;P5A-020;P5A-021;P5A-022;P5A-042,Ending gross funded debt / same-coverage EBITDA.,Ending gross funded debt / same-coverage EBITDA.
CM-0256,proposed,FY2030,Q1-Q4,net_debt_diagnostic_to_lender_base_ebitda,407.1724058460053968636599668,222.2514342059955050501183327,1.832034998112158062197490166,1.832034998112158062197490166,turns,calculated,,formula_calculated_credit_metric,contains_owner_reviewed_phase5_testing_assumptions,SRC-001;SRC-003,P5A-001;P5A-002;P5A-003;P5A-004;P5A-006;P5A-007;P5A-008;P5A-009;P5A-010;P5A-011;P5A-012;P5A-014;P5A-015;P5A-016;P5A-018;P5A-019;P5A-020;P5A-021;P5A-022;P5A-042,Book-cash diagnostic only; not covenant or lender net leverage.,Book-cash diagnostic only; not covenant or lender net leverage.
CM-0257,proposed,FY2030,Q1-Q4,ebitda_to_cash_interest,222.2514342059955050501183327,25.7490215715220730946804965,8.631451629672847594595306665,8.631451629672847594595306665,turns,calculated,,formula_calculated_credit_metric,contains_owner_reviewed_phase5_testing_assumptions,SRC-001;SRC-003,P5A-001;P5A-002;P5A-003;P5A-004;P5A-006;P5A-007;P5A-008;P5A-009;P5A-010;P5A-011;P5A-012;P5A-014;P5A-015;P5A-016;P5A-018;P5A-019;P5A-020;P5A-021;P5A-022;P5A-042,Modeled EBITDA / modeled bank cash interest.,Modeled EBITDA / modeled bank cash interest.
CM-0258,proposed,FY2030,Q1-Q4,cfads_to_cash_interest,128.2438862700991412209902342,25.7490215715220730946804965,4.98053434433929847759800609,4.98053434433929847759800609,turns,calculated,,formula_calculated_credit_metric,contains_owner_reviewed_phase5_testing_assumptions,SRC-001;SRC-003,P5A-001;P5A-002;P5A-003;P5A-004;P5A-006;P5A-007;P5A-008;P5A-009;P5A-010;P5A-011;P5A-012;P5A-014;P5A-015;P5A-016;P5A-018;P5A-019;P5A-020;P5A-021;P5A-022;P5A-042,CFADS before cash interest / modeled bank cash interest.,CFADS before cash interest / modeled bank cash interest.
CM-0259,proposed,FY2030,Q1-Q4,cfads_to_scheduled_debt_service,128.2438862700991412209902342,96.8950215715220730946804965,1.323534317760972094967458211,1.323534317760972094967458211,turns,calculated,,formula_calculated_credit_metric,contains_owner_reviewed_phase5_testing_assumptions,SRC-001;SRC-003,P5A-001;P5A-002;P5A-003;P5A-004;P5A-006;P5A-007;P5A-008;P5A-009;P5A-010;P5A-011;P5A-012;P5A-014;P5A-015;P5A-016;P5A-018;P5A-019;P5A-020;P5A-021;P5A-022;P5A-042,"CFADS before interest / bank interest, scheduled term principal and retained-obligation payments.","CFADS before interest / bank interest, scheduled term principal and retained-obligation payments."
CM-0260,proposed,FY2030,Q1-Q4,cfo_proxy_to_gross_debt,166.8042604211759874027103498,407.1724058460053968636599668,0.4096649429732283422829591746,0.4096649429732283422829591746,turns,calculated,,formula_calculated_credit_metric,contains_owner_reviewed_phase5_testing_assumptions,SRC-001;SRC-003,P5A-001;P5A-002;P5A-003;P5A-004;P5A-006;P5A-007;P5A-008;P5A-009;P5A-010;P5A-011;P5A-012;P5A-014;P5A-015;P5A-016;P5A-018;P5A-019;P5A-020;P5A-021;P5A-022;P5A-042,Modeled CFO proxy / ending gross funded debt.,Modeled CFO proxy / ending gross funded debt.
CM-0261,proposed,FY2030,Q1-Q4,fcf_proxy_to_gross_debt,102.4948646985770681263097377,407.1724058460053968636599668,0.2517235039187334546741461434,0.2517235039187334546741461434,turns,calculated,,formula_calculated_credit_metric,contains_owner_reviewed_phase5_testing_assumptions,SRC-001;SRC-003,P5A-001;P5A-002;P5A-003;P5A-004;P5A-006;P5A-007;P5A-008;P5A-009;P5A-010;P5A-011;P5A-012;P5A-014;P5A-015;P5A-016;P5A-018;P5A-019;P5A-020;P5A-021;P5A-022;P5A-042,Modeled FCF proxy / ending gross funded debt.,Modeled FCF proxy / ending gross funded debt.
CM-0262,proposed,FY2031,Q1-Q1,revenue,399.9839971502874885939843726,,399.9839971502874885939843726,399.9839971502874885939843726,USD_millions,calculated,,formula_calculated_credit_metric,contains_owner_reviewed_phase5_testing_assumptions,SRC-001;SRC-003,P5A-001;P5A-002;P5A-003;P5A-004;P5A-006;P5A-007;P5A-008;P5A-009;P5A-010;P5A-011;P5A-012;P5A-014;P5A-015;P5A-016;P5A-018;P5A-019;P5A-020;P5A-021;P5A-022;P5A-042,Sum modeled-quarter revenue.,Sum modeled-quarter revenue.
CM-0263,proposed,FY2031,Q1-Q1,lender_base_ebitda,32.02102078355558414049508032,,32.02102078355558414049508032,32.02102078355558414049508032,USD_millions,calculated,,formula_calculated_credit_metric,contains_owner_reviewed_phase5_testing_assumptions,SRC-001;SRC-003,P5A-001;P5A-002;P5A-003;P5A-004;P5A-006;P5A-007;P5A-008;P5A-009;P5A-010;P5A-011;P5A-012;P5A-014;P5A-015;P5A-016;P5A-018;P5A-019;P5A-020;P5A-021;P5A-022;P5A-042,Sum formula-calculated lender-base EBITDA; no top-down EBITDA growth.,Sum formula-calculated lender-base EBITDA; no top-down EBITDA growth.
CM-0264,proposed,FY2031,Q1-Q1,lender_base_ebitda_margin,8.005575475941905198323741786,,8.005575475941905198323741786,8.005575475941905198323741786,percent,calculated,,formula_calculated_credit_metric,contains_owner_reviewed_phase5_testing_assumptions,SRC-001;SRC-003,P5A-001;P5A-002;P5A-003;P5A-004;P5A-006;P5A-007;P5A-008;P5A-009;P5A-010;P5A-011;P5A-012;P5A-014;P5A-015;P5A-016;P5A-018;P5A-019;P5A-020;P5A-021;P5A-022;P5A-042,EBITDA / revenue.,EBITDA / revenue.
CM-0265,proposed,FY2031,Q1-Q1,cash_tax_proxy,-2.376280403992900208140628008,,-2.376280403992900208140628008,-2.376280403992900208140628008,USD_millions,calculated,,formula_calculated_credit_metric,contains_owner_reviewed_phase5_testing_assumptions,SRC-001;SRC-003,P5A-001;P5A-002;P5A-003;P5A-004;P5A-006;P5A-007;P5A-008;P5A-009;P5A-010;P5A-011;P5A-012;P5A-014;P5A-015;P5A-016;P5A-018;P5A-019;P5A-020;P5A-021;P5A-022;P5A-042,Negative cash use.,Negative cash use.
CM-0266,proposed,FY2031,Q1-Q1,working_capital_cash_flow,0.0015251072472576468757836,,0.0015251072472576468757836,0.0015251072472576468757836,USD_millions,calculated,,formula_calculated_credit_metric,contains_owner_reviewed_phase5_testing_assumptions,SRC-001;SRC-003,P5A-001;P5A-002;P5A-003;P5A-004;P5A-006;P5A-007;P5A-008;P5A-009;P5A-010;P5A-011;P5A-012;P5A-014;P5A-015;P5A-016;P5A-018;P5A-019;P5A-020;P5A-021;P5A-022;P5A-042,Positive is cash contribution; negative is use.,Positive is cash contribution; negative is use.
CM-0267,proposed,FY2031,Q1-Q1,capital_expenditures,-13.99943990026006210078945304,,-13.99943990026006210078945304,-13.99943990026006210078945304,USD_millions,calculated,,formula_calculated_credit_metric,contains_owner_reviewed_phase5_testing_assumptions,SRC-001;SRC-003,P5A-001;P5A-002;P5A-003;P5A-004;P5A-006;P5A-007;P5A-008;P5A-009;P5A-010;P5A-011;P5A-012;P5A-014;P5A-015;P5A-016;P5A-018;P5A-019;P5A-020;P5A-021;P5A-022;P5A-042,Negative cash use.,Negative cash use.
CM-0268,proposed,FY2031,Q1-Q1,cfads_before_cash_interest,15.64682558654987947844078288,,15.64682558654987947844078288,15.64682558654987947844078288,USD_millions,calculated,,formula_calculated_credit_metric,contains_owner_reviewed_phase5_testing_assumptions,SRC-001;SRC-003,P5A-001;P5A-002;P5A-003;P5A-004;P5A-006;P5A-007;P5A-008;P5A-009;P5A-010;P5A-011;P5A-012;P5A-014;P5A-015;P5A-016;P5A-018;P5A-019;P5A-020;P5A-021;P5A-022;P5A-042,"EBITDA less modeled taxes, capex, working-capital investment and identified cash uses.","EBITDA less modeled taxes, capex, working-capital investment and identified cash uses."
CM-0269,proposed,FY2031,Q1-Q1,cash_interest,-5.629750962137643361373299317,,-5.629750962137643361373299317,-5.629750962137643361373299317,USD_millions,calculated,,formula_calculated_credit_metric,contains_owner_reviewed_phase5_testing_assumptions,SRC-001;SRC-003,P5A-001;P5A-002;P5A-003;P5A-004;P5A-006;P5A-007;P5A-008;P5A-009;P5A-010;P5A-011;P5A-012;P5A-014;P5A-015;P5A-016;P5A-018;P5A-019;P5A-020;P5A-021;P5A-022;P5A-042,Negative cash use based on modeled average debt.,Negative cash use based on modeled average debt.
CM-0270,proposed,FY2031,Q1-Q1,cfo_proxy,24.0165145246722982178569366,,24.0165145246722982178569366,24.0165145246722982178569366,USD_millions,calculated,,formula_calculated_credit_metric,contains_owner_reviewed_phase5_testing_assumptions,SRC-001;SRC-003,P5A-001;P5A-002;P5A-003;P5A-004;P5A-006;P5A-007;P5A-008;P5A-009;P5A-010;P5A-011;P5A-012;P5A-014;P5A-015;P5A-016;P5A-018;P5A-019;P5A-020;P5A-021;P5A-022;P5A-042,"EBITDA less cash taxes, working-capital investment, other operating uses and cash interest; not an official GAAP forecast.","EBITDA less cash taxes, working-capital investment, other operating uses and cash interest; not an official GAAP forecast."
CM-0271,proposed,FY2031,Q1-Q1,fcf_proxy,10.01707462441223611706748356,,10.01707462441223611706748356,10.01707462441223611706748356,USD_millions,calculated,,formula_calculated_credit_metric,contains_owner_reviewed_phase5_testing_assumptions,SRC-001;SRC-003,P5A-001;P5A-002;P5A-003;P5A-004;P5A-006;P5A-007;P5A-008;P5A-009;P5A-010;P5A-011;P5A-012;P5A-014;P5A-015;P5A-016;P5A-018;P5A-019;P5A-020;P5A-021;P5A-022;P5A-042,Modeled CFO proxy less capital expenditures.,Modeled CFO proxy less capital expenditures.
CM-0272,proposed,FY2031,Q1-Q1,scheduled_term_principal,16.25,,16.25,16.25,USD_millions,calculated,,formula_calculated_credit_metric,contains_owner_reviewed_phase5_testing_assumptions,SRC-001;SRC-003,P5A-001;P5A-002;P5A-003;P5A-004;P5A-006;P5A-007;P5A-008;P5A-009;P5A-010;P5A-011;P5A-012;P5A-014;P5A-015;P5A-016;P5A-018;P5A-019;P5A-020;P5A-021;P5A-022;P5A-042,Required term principal paid in modeled periods.,Required term principal paid in modeled periods.
CM-0273,proposed,FY2031,Q1-Q1,cash_sweep,0,,0,0,USD_millions,calculated,,formula_calculated_credit_metric,contains_owner_reviewed_phase5_testing_assumptions,SRC-001;SRC-003,P5A-001;P5A-002;P5A-003;P5A-004;P5A-006;P5A-007;P5A-008;P5A-009;P5A-010;P5A-011;P5A-012;P5A-014;P5A-015;P5A-016;P5A-018;P5A-019;P5A-020;P5A-021;P5A-022;P5A-042,Provisional annual term sweep after revolver repayment.,Provisional annual term sweep after revolver repayment.
CM-0274,proposed,FY2031,Q1-Q1,dividends,-3.624999999999999999999999999,,-3.624999999999999999999999999,-3.624999999999999999999999999,USD_millions,calculated,,formula_calculated_credit_metric,contains_owner_reviewed_phase5_testing_assumptions,SRC-001;SRC-003,P5A-001;P5A-002;P5A-003;P5A-004;P5A-006;P5A-007;P5A-008;P5A-009;P5A-010;P5A-011;P5A-012;P5A-014;P5A-015;P5A-016;P5A-018;P5A-019;P5A-020;P5A-021;P5A-022;P5A-042,Negative cash use.,Negative cash use.
CM-0275,proposed,FY2031,Q1-Q1,share_repurchases,-1.25,,-1.25,-1.25,USD_millions,calculated,,formula_calculated_credit_metric,contains_owner_reviewed_phase5_testing_assumptions,SRC-001;SRC-003,P5A-001;P5A-002;P5A-003;P5A-004;P5A-006;P5A-007;P5A-008;P5A-009;P5A-010;P5A-011;P5A-012;P5A-014;P5A-015;P5A-016;P5A-018;P5A-019;P5A-020;P5A-021;P5A-022;P5A-042,Negative cash use.,Negative cash use.
CM-0276,proposed,FY2031,Q1-Q1,ending_bank_funded_debt,340.9478312215931607465924833,,340.9478312215931607465924833,340.9478312215931607465924833,USD_millions,calculated,,formula_calculated_credit_metric,contains_owner_reviewed_phase5_testing_assumptions,SRC-001;SRC-003,P5A-001;P5A-002;P5A-003;P5A-004;P5A-006;P5A-007;P5A-008;P5A-009;P5A-010;P5A-011;P5A-012;P5A-014;P5A-015;P5A-016;P5A-018;P5A-019;P5A-020;P5A-021;P5A-022;P5A-042,Term plus revolver principal after modeled payments.,Term plus revolver principal after modeled payments.
CM-0277,proposed,FY2031,Q1-Q1,ending_gross_funded_debt,403.5668312215931607465924833,,403.5668312215931607465924833,403.5668312215931607465924833,USD_millions,calculated,,formula_calculated_credit_metric,contains_owner_reviewed_phase5_testing_assumptions,SRC-001;SRC-003,P5A-001;P5A-002;P5A-003;P5A-004;P5A-006;P5A-007;P5A-008;P5A-009;P5A-010;P5A-011;P5A-012;P5A-014;P5A-015;P5A-016;P5A-018;P5A-019;P5A-020;P5A-021;P5A-022;P5A-042,Bank principal plus conservative retained debt opening proxy.,Bank principal plus conservative retained debt opening proxy.
CM-0278,proposed,FY2031,Q1-Q1,book_cash_net_debt_diagnostic,403.5668312215931607465924833,,403.5668312215931607465924833,403.5668312215931607465924833,USD_millions,calculated,,formula_calculated_credit_metric,contains_owner_reviewed_phase5_testing_assumptions,SRC-001;SRC-003,P5A-001;P5A-002;P5A-003;P5A-004;P5A-006;P5A-007;P5A-008;P5A-009;P5A-010;P5A-011;P5A-012;P5A-014;P5A-015;P5A-016;P5A-018;P5A-019;P5A-020;P5A-021;P5A-022;P5A-042,Gross debt less modeled cash above the operating floor only.,Gross debt less modeled cash above the operating floor only.
CM-0279,proposed,FY2031,Q1-Q1,minimum_revolver_availability,290.4965941539946031363400332,,290.4965941539946031363400332,290.4965941539946031363400332,USD_millions,calculated,,formula_calculated_credit_metric,contains_owner_reviewed_phase5_testing_assumptions,SRC-001;SRC-003,P5A-001;P5A-002;P5A-003;P5A-004;P5A-006;P5A-007;P5A-008;P5A-009;P5A-010;P5A-011;P5A-012;P5A-014;P5A-015;P5A-016;P5A-018;P5A-019;P5A-020;P5A-021;P5A-022;P5A-042,Minimum quarter-observed capacity after LCs.,Minimum quarter-observed capacity after LCs.
CM-0280,proposed,FY2031,Q1-Q1,minimum_usable_liquidity,290.4965941539946031363400332,,290.4965941539946031363400332,290.4965941539946031363400332,USD_millions,calculated,,formula_calculated_credit_metric,contains_owner_reviewed_phase5_testing_assumptions,SRC-001;SRC-003,P5A-001;P5A-002;P5A-003;P5A-004;P5A-006;P5A-007;P5A-008;P5A-009;P5A-010;P5A-011;P5A-012;P5A-014;P5A-015;P5A-016;P5A-018;P5A-019;P5A-020;P5A-021;P5A-022;P5A-042,Cash above floor plus available revolver; not contractual liquidity.,Cash above floor plus available revolver; not contractual liquidity.
CM-0281,proposed,FY2031,Q1-Q1,peak_revolver_usage,15.94783122159316074659248327,,15.94783122159316074659248327,15.94783122159316074659248327,USD_millions,calculated,,formula_calculated_credit_metric,contains_owner_reviewed_phase5_testing_assumptions,SRC-001;SRC-003,P5A-001;P5A-002;P5A-003;P5A-004;P5A-006;P5A-007;P5A-008;P5A-009;P5A-010;P5A-011;P5A-012;P5A-014;P5A-015;P5A-016;P5A-018;P5A-019;P5A-020;P5A-021;P5A-022;P5A-042,Maximum ending monthly revolver balance.,Maximum ending monthly revolver balance.
CM-0282,proposed,FY2031,Q1-Q1,unsupported_maturity_funding_gap,340.9478312215931607465924833,,340.9478312215931607465924833,340.9478312215931607465924833,USD_millions,calculated,,formula_calculated_credit_metric,contains_owner_reviewed_phase5_testing_assumptions,SRC-001;SRC-003,P5A-001;P5A-002;P5A-003;P5A-004;P5A-006;P5A-007;P5A-008;P5A-009;P5A-010;P5A-011;P5A-012;P5A-014;P5A-015;P5A-016;P5A-018;P5A-019;P5A-020;P5A-021;P5A-022;P5A-042,Debt due at maturity not covered by modeled cash above floor.,Debt due at maturity not covered by modeled cash above floor.
CM-0283,proposed,FY2031,Q1-Q1,recurring_financing_fees,,,,N/D,USD_millions,not_determinable,,formula_calculated_credit_metric,contains_owner_reviewed_phase5_testing_assumptions,SRC-001;SRC-003,P5A-001;P5A-002;P5A-003;P5A-004;P5A-006;P5A-007;P5A-008;P5A-009;P5A-010;P5A-011;P5A-012;P5A-014;P5A-015;P5A-016;P5A-018;P5A-019;P5A-020;P5A-021;P5A-022;P5A-042,"Proposed unused-commitment, LC and fronting fees are unavailable.",Excluded rather than entered as zero; modeled cash flow and liquidity are before these fees.
CM-0284,proposed,FY2031,Q1-Q1,gross_funded_debt_to_lender_base_ebitda,403.5668312215931607465924833,32.02102078355558414049508032,12.60318445028601858317838762,12.60318445028601858317838762,turns,calculated,,formula_calculated_credit_metric,contains_owner_reviewed_phase5_testing_assumptions,SRC-001;SRC-003,P5A-001;P5A-002;P5A-003;P5A-004;P5A-006;P5A-007;P5A-008;P5A-009;P5A-010;P5A-011;P5A-012;P5A-014;P5A-015;P5A-016;P5A-018;P5A-019;P5A-020;P5A-021;P5A-022;P5A-042,Ending gross funded debt / same-coverage EBITDA.,Ending gross funded debt / same-coverage EBITDA.
CM-0285,proposed,FY2031,Q1-Q1,net_debt_diagnostic_to_lender_base_ebitda,403.5668312215931607465924833,32.02102078355558414049508032,12.60318445028601858317838762,12.60318445028601858317838762,turns,calculated,,formula_calculated_credit_metric,contains_owner_reviewed_phase5_testing_assumptions,SRC-001;SRC-003,P5A-001;P5A-002;P5A-003;P5A-004;P5A-006;P5A-007;P5A-008;P5A-009;P5A-010;P5A-011;P5A-012;P5A-014;P5A-015;P5A-016;P5A-018;P5A-019;P5A-020;P5A-021;P5A-022;P5A-042,Book-cash diagnostic only; not covenant or lender net leverage.,Book-cash diagnostic only; not covenant or lender net leverage.
CM-0286,proposed,FY2031,Q1-Q1,ebitda_to_cash_interest,32.02102078355558414049508032,5.629750962137643361373299317,5.687821894593548668597496751,5.687821894593548668597496751,turns,calculated,,formula_calculated_credit_metric,contains_owner_reviewed_phase5_testing_assumptions,SRC-001;SRC-003,P5A-001;P5A-002;P5A-003;P5A-004;P5A-006;P5A-007;P5A-008;P5A-009;P5A-010;P5A-011;P5A-012;P5A-014;P5A-015;P5A-016;P5A-018;P5A-019;P5A-020;P5A-021;P5A-022;P5A-042,Modeled EBITDA / modeled bank cash interest.,Modeled EBITDA / modeled bank cash interest.
CM-0287,proposed,FY2031,Q1-Q1,cfads_to_cash_interest,15.64682558654987947844078288,5.629750962137643361373299317,2.779310433406579139563513069,2.779310433406579139563513069,turns,calculated,,formula_calculated_credit_metric,contains_owner_reviewed_phase5_testing_assumptions,SRC-001;SRC-003,P5A-001;P5A-002;P5A-003;P5A-004;P5A-006;P5A-007;P5A-008;P5A-009;P5A-010;P5A-011;P5A-012;P5A-014;P5A-015;P5A-016;P5A-018;P5A-019;P5A-020;P5A-021;P5A-022;P5A-042,CFADS before cash interest / modeled bank cash interest.,CFADS before cash interest / modeled bank cash interest.
CM-0288,proposed,FY2031,Q1-Q1,cfads_to_scheduled_debt_service,15.64682558654987947844078288,23.41625096213764336137329932,0.668203702285632587455188423,0.668203702285632587455188423,turns,calculated,,formula_calculated_credit_metric,contains_owner_reviewed_phase5_testing_assumptions,SRC-001;SRC-003,P5A-001;P5A-002;P5A-003;P5A-004;P5A-006;P5A-007;P5A-008;P5A-009;P5A-010;P5A-011;P5A-012;P5A-014;P5A-015;P5A-016;P5A-018;P5A-019;P5A-020;P5A-021;P5A-022;P5A-042,"CFADS before interest / bank interest, scheduled term principal and retained-obligation payments.","CFADS before interest / bank interest, scheduled term principal and retained-obligation payments."
CM-0289,proposed,FY2031,Q1-Q1,cfo_proxy_to_gross_debt,24.0165145246722982178569366,403.5668312215931607465924833,0.05951062541977130581646661852,0.05951062541977130581646661852,turns,calculated,,formula_calculated_credit_metric,contains_owner_reviewed_phase5_testing_assumptions,SRC-001;SRC-003,P5A-001;P5A-002;P5A-003;P5A-004;P5A-006;P5A-007;P5A-008;P5A-009;P5A-010;P5A-011;P5A-012;P5A-014;P5A-015;P5A-016;P5A-018;P5A-019;P5A-020;P5A-021;P5A-022;P5A-042,Modeled CFO proxy / ending gross funded debt.,Modeled CFO proxy / ending gross funded debt.
CM-0290,proposed,FY2031,Q1-Q1,fcf_proxy_to_gross_debt,10.01707462441223611706748356,403.5668312215931607465924833,0.02482135262229217776197280731,0.02482135262229217776197280731,turns,calculated,,formula_calculated_credit_metric,contains_owner_reviewed_phase5_testing_assumptions,SRC-001;SRC-003,P5A-001;P5A-002;P5A-003;P5A-004;P5A-006;P5A-007;P5A-008;P5A-009;P5A-010;P5A-011;P5A-012;P5A-014;P5A-015;P5A-016;P5A-018;P5A-019;P5A-020;P5A-021;P5A-022;P5A-042,Modeled FCF proxy / ending gross funded debt.,Modeled FCF proxy / ending gross funded debt.
CM-0291,existing,MODEL,closing_to_maturity,opening_bank_funded_debt,669.89771875,,669.89771875,669.89771875,USD_millions,calculated,,formula_calculated_credit_metric,contains_owner_reviewed_phase5_testing_assumptions,SRC-001;SRC-003,P5A-001;P5A-002;P5A-003;P5A-004;P5A-006;P5A-007;P5A-008;P5A-009;P5A-010;P5A-011;P5A-012;P5A-014;P5A-015;P5A-016;P5A-018;P5A-019;P5A-020;P5A-021;P5A-022;P5A-042,Opening term plus revolver.,Opening term plus revolver.
CM-0292,existing,MODEL,closing_to_maturity,total_bank_debt_reduction_through_maturity,237.1484375432899823450725871,,237.1484375432899823450725871,237.1484375432899823450725871,USD_millions,calculated,,formula_calculated_credit_metric,contains_owner_reviewed_phase5_testing_assumptions,SRC-001;SRC-003,P5A-001;P5A-002;P5A-003;P5A-004;P5A-006;P5A-007;P5A-008;P5A-009;P5A-010;P5A-011;P5A-012;P5A-014;P5A-015;P5A-016;P5A-018;P5A-019;P5A-020;P5A-021;P5A-022;P5A-042,Opening bank principal less debt remaining unpaid after maturity cash application.,Opening bank principal less debt remaining unpaid after maturity cash application.
CM-0293,existing,MODEL,closing_to_maturity,cumulative_cash_interest,127.4711665797101677540328191,,127.4711665797101677540328191,127.4711665797101677540328191,USD_millions,calculated,,formula_calculated_credit_metric,contains_owner_reviewed_phase5_testing_assumptions,SRC-001;SRC-003,P5A-001;P5A-002;P5A-003;P5A-004;P5A-006;P5A-007;P5A-008;P5A-009;P5A-010;P5A-011;P5A-012;P5A-014;P5A-015;P5A-016;P5A-018;P5A-019;P5A-020;P5A-021;P5A-022;P5A-042,Modeled bank cash interest through maturity.,Modeled bank cash interest through maturity.
CM-0294,existing,MODEL,closing_to_maturity,cumulative_scheduled_term_principal,87.5,,87.5,87.5,USD_millions,calculated,,formula_calculated_credit_metric,contains_owner_reviewed_phase5_testing_assumptions,SRC-001;SRC-003,P5A-001;P5A-002;P5A-003;P5A-004;P5A-006;P5A-007;P5A-008;P5A-009;P5A-010;P5A-011;P5A-012;P5A-014;P5A-015;P5A-016;P5A-018;P5A-019;P5A-020;P5A-021;P5A-022;P5A-042,Scheduled term principal through maturity.,Scheduled term principal through maturity.
CM-0295,existing,MODEL,closing_to_maturity,cumulative_cash_sweep,0,,0,0,USD_millions,calculated,,formula_calculated_credit_metric,contains_owner_reviewed_phase5_testing_assumptions,SRC-001;SRC-003,P5A-001;P5A-002;P5A-003;P5A-004;P5A-006;P5A-007;P5A-008;P5A-009;P5A-010;P5A-011;P5A-012;P5A-014;P5A-015;P5A-016;P5A-018;P5A-019;P5A-020;P5A-021;P5A-022;P5A-042,Provisional term sweep through maturity.,Provisional term sweep through maturity.
CM-0296,existing,MODEL,closing_to_maturity,maturity_cash_available_above_floor,0,,0,0,USD_millions,calculated,,formula_calculated_credit_metric,contains_owner_reviewed_phase5_testing_assumptions,SRC-001;SRC-003,P5A-001;P5A-002;P5A-003;P5A-004;P5A-006;P5A-007;P5A-008;P5A-009;P5A-010;P5A-011;P5A-012;P5A-014;P5A-015;P5A-016;P5A-018;P5A-019;P5A-020;P5A-021;P5A-022;P5A-042,Modeled cash above floor applied at maturity.,Modeled cash above floor applied at maturity.
CM-0297,existing,MODEL,closing_to_maturity,unsupported_maturity_funding_gap,432.7492812067100176549274129,,432.7492812067100176549274129,432.7492812067100176549274129,USD_millions,calculated,,formula_calculated_credit_metric,contains_owner_reviewed_phase5_testing_assumptions,SRC-001;SRC-003,P5A-001;P5A-002;P5A-003;P5A-004;P5A-006;P5A-007;P5A-008;P5A-009;P5A-010;P5A-011;P5A-012;P5A-014;P5A-015;P5A-016;P5A-018;P5A-019;P5A-020;P5A-021;P5A-022;P5A-042,Unpaid funded principal after maturity cash application.,Unpaid funded principal after maturity cash application.
CM-0298,existing,MODEL,closing_to_maturity,first_cash_floor_failure,,,,none,date,PASS,,formula_calculated_credit_metric,contains_owner_reviewed_phase5_testing_assumptions,SRC-001;SRC-003,P5A-001;P5A-002;P5A-003;P5A-004;P5A-006;P5A-007;P5A-008;P5A-009;P5A-010;P5A-011;P5A-012;P5A-014;P5A-015;P5A-016;P5A-018;P5A-019;P5A-020;P5A-021;P5A-022;P5A-042,First modeled failure date.,
CM-0299,existing,MODEL,closing_to_maturity,first_commitment_breach,,,,none,date,PASS,,formula_calculated_credit_metric,contains_owner_reviewed_phase5_testing_assumptions,SRC-001;SRC-003,P5A-001;P5A-002;P5A-003;P5A-004;P5A-006;P5A-007;P5A-008;P5A-009;P5A-010;P5A-011;P5A-012;P5A-014;P5A-015;P5A-016;P5A-018;P5A-019;P5A-020;P5A-021;P5A-022;P5A-042,First modeled failure date.,
CM-0300,proposed,MODEL,closing_to_maturity,opening_bank_funded_debt,679.89771875,,679.89771875,679.89771875,USD_millions,calculated,,formula_calculated_credit_metric,contains_owner_reviewed_phase5_testing_assumptions,SRC-001;SRC-003,P5A-001;P5A-002;P5A-003;P5A-004;P5A-006;P5A-007;P5A-008;P5A-009;P5A-010;P5A-011;P5A-012;P5A-014;P5A-015;P5A-016;P5A-018;P5A-019;P5A-020;P5A-021;P5A-022;P5A-042,Opening term plus revolver.,Opening term plus revolver.
CM-0301,proposed,MODEL,closing_to_maturity,total_bank_debt_reduction_through_maturity,338.9498875284068392534075167,,338.9498875284068392534075167,338.9498875284068392534075167,USD_millions,calculated,,formula_calculated_credit_metric,contains_owner_reviewed_phase5_testing_assumptions,SRC-001;SRC-003,P5A-001;P5A-002;P5A-003;P5A-004;P5A-006;P5A-007;P5A-008;P5A-009;P5A-010;P5A-011;P5A-012;P5A-014;P5A-015;P5A-016;P5A-018;P5A-019;P5A-020;P5A-021;P5A-022;P5A-042,Opening bank principal less debt remaining unpaid after maturity cash application.,Opening bank principal less debt remaining unpaid after maturity cash application.
CM-0302,proposed,MODEL,closing_to_maturity,cumulative_cash_interest,168.5538724511554641279824122,,168.5538724511554641279824122,168.5538724511554641279824122,USD_millions,calculated,,formula_calculated_credit_metric,contains_owner_reviewed_phase5_testing_assumptions,SRC-001;SRC-003,P5A-001;P5A-002;P5A-003;P5A-004;P5A-006;P5A-007;P5A-008;P5A-009;P5A-010;P5A-011;P5A-012;P5A-014;P5A-015;P5A-016;P5A-018;P5A-019;P5A-020;P5A-021;P5A-022;P5A-042,Modeled bank cash interest through maturity.,Modeled bank cash interest through maturity.
CM-0303,proposed,MODEL,closing_to_maturity,cumulative_scheduled_term_principal,325,,325,325,USD_millions,calculated,,formula_calculated_credit_metric,contains_owner_reviewed_phase5_testing_assumptions,SRC-001;SRC-003,P5A-001;P5A-002;P5A-003;P5A-004;P5A-006;P5A-007;P5A-008;P5A-009;P5A-010;P5A-011;P5A-012;P5A-014;P5A-015;P5A-016;P5A-018;P5A-019;P5A-020;P5A-021;P5A-022;P5A-042,Scheduled term principal through maturity.,Scheduled term principal through maturity.
CM-0304,proposed,MODEL,closing_to_maturity,cumulative_cash_sweep,0,,0,0,USD_millions,calculated,,formula_calculated_credit_metric,contains_owner_reviewed_phase5_testing_assumptions,SRC-001;SRC-003,P5A-001;P5A-002;P5A-003;P5A-004;P5A-006;P5A-007;P5A-008;P5A-009;P5A-010;P5A-011;P5A-012;P5A-014;P5A-015;P5A-016;P5A-018;P5A-019;P5A-020;P5A-021;P5A-022;P5A-042,Provisional term sweep through maturity.,Provisional term sweep through maturity.
CM-0305,proposed,MODEL,closing_to_maturity,maturity_cash_available_above_floor,0,,0,0,USD_millions,calculated,,formula_calculated_credit_metric,contains_owner_reviewed_phase5_testing_assumptions,SRC-001;SRC-003,P5A-001;P5A-002;P5A-003;P5A-004;P5A-006;P5A-007;P5A-008;P5A-009;P5A-010;P5A-011;P5A-012;P5A-014;P5A-015;P5A-016;P5A-018;P5A-019;P5A-020;P5A-021;P5A-022;P5A-042,Modeled cash above floor applied at maturity.,Modeled cash above floor applied at maturity.
CM-0306,proposed,MODEL,closing_to_maturity,unsupported_maturity_funding_gap,340.9478312215931607465924833,,340.9478312215931607465924833,340.9478312215931607465924833,USD_millions,calculated,,formula_calculated_credit_metric,contains_owner_reviewed_phase5_testing_assumptions,SRC-001;SRC-003,P5A-001;P5A-002;P5A-003;P5A-004;P5A-006;P5A-007;P5A-008;P5A-009;P5A-010;P5A-011;P5A-012;P5A-014;P5A-015;P5A-016;P5A-018;P5A-019;P5A-020;P5A-021;P5A-022;P5A-042,Unpaid funded principal after maturity cash application.,Unpaid funded principal after maturity cash application.
CM-0307,proposed,MODEL,closing_to_maturity,first_cash_floor_failure,,,,none,date,PASS,,formula_calculated_credit_metric,contains_owner_reviewed_phase5_testing_assumptions,SRC-001;SRC-003,P5A-001;P5A-002;P5A-003;P5A-004;P5A-006;P5A-007;P5A-008;P5A-009;P5A-010;P5A-011;P5A-012;P5A-014;P5A-015;P5A-016;P5A-018;P5A-019;P5A-020;P5A-021;P5A-022;P5A-042,First modeled failure date.,
CM-0308,proposed,MODEL,closing_to_maturity,first_commitment_breach,,,,none,date,PASS,,formula_calculated_credit_metric,contains_owner_reviewed_phase5_testing_assumptions,SRC-001;SRC-003,P5A-001;P5A-002;P5A-003;P5A-004;P5A-006;P5A-007;P5A-008;P5A-009;P5A-010;P5A-011;P5A-012;P5A-014;P5A-015;P5A-016;P5A-018;P5A-019;P5A-020;P5A-021;P5A-022;P5A-042,First modeled failure date.,
