record_id,output_file,layer,metric_or_item,value,units,source_ids,document_titles,source_urls,publication_dates,source_reference,classification,owner_review_status,notes
CC-LOW,data/phase4/raw/CLOSING_CASE_INPUTS.csv,owner_reviewed_closing_sensitivities,minimum_payoff,owner_reviewed_sensitivity_pending_closing_diligence,text,SRC-001;SRC-003;SRC-021,Quanex FY2025 Form 10-K;Amendment No. 1 with conformed Second Amended and Restated Credit Agreement;Quanex FY2025 Q1 results release,https://www.sec.gov/Archives/edgar/data/1423221/000142322125000100/nx-20251031.htm;https://www.sec.gov/Archives/edgar/data/1423221/000110465924071335/tm2417183d1_ex10-1.htm;https://investors.quanex.com/news-releases/news-release-details/quanex-building-products-announces-first-quarter-2025-results,2025-12-12;2024-06-13;2025-03-10,,owner_reviewed_sensitivity_pending_closing_diligence,owner_reviewed_for_phase5_testing,
CC-REF,data/phase4/raw/CLOSING_CASE_INPUTS.csv,owner_reviewed_closing_sensitivities,reference_case,owner_reviewed_sensitivity_pending_closing_diligence,text,SRC-001;SRC-003;SRC-021,Quanex FY2025 Form 10-K;Amendment No. 1 with conformed Second Amended and Restated Credit Agreement;Quanex FY2025 Q1 results release,https://www.sec.gov/Archives/edgar/data/1423221/000142322125000100/nx-20251031.htm;https://www.sec.gov/Archives/edgar/data/1423221/000110465924071335/tm2417183d1_ex10-1.htm;https://investors.quanex.com/news-releases/news-release-details/quanex-building-products-announces-first-quarter-2025-results,2025-12-12;2024-06-13;2025-03-10,,owner_reviewed_sensitivity_pending_closing_diligence,owner_reviewed_for_phase5_testing,
CC-HIGH,data/phase4/raw/CLOSING_CASE_INPUTS.csv,owner_reviewed_closing_sensitivities,funding_pressure,owner_reviewed_sensitivity_pending_closing_diligence,text,SRC-001;SRC-003;SRC-021,Quanex FY2025 Form 10-K;Amendment No. 1 with conformed Second Amended and Restated Credit Agreement;Quanex FY2025 Q1 results release,https://www.sec.gov/Archives/edgar/data/1423221/000142322125000100/nx-20251031.htm;https://www.sec.gov/Archives/edgar/data/1423221/000110465924071335/tm2417183d1_ex10-1.htm;https://investors.quanex.com/news-releases/news-release-details/quanex-building-products-announces-first-quarter-2025-results,2025-12-12;2024-06-13;2025-03-10,,owner_reviewed_sensitivity_pending_closing_diligence,owner_reviewed_for_phase5_testing,
PT-001,data/phase4/raw/PROPOSED_TERM_INPUTS.csv,hypothetical_term_inputs,borrower,Quanex Building Products Corporation,text,SRC-003,Amendment No. 1 with conformed Second Amended and Restated Credit Agreement,https://www.sec.gov/Archives/edgar/data/1423221/000110465924071335/tm2417183d1_ex10-1.htm,2024-06-13,,supported_borrower_identity,not_applicable_existing_fact,No lender commitment or borrower-approved final term sheet supports this proposal.
PT-002,data/phase4/raw/PROPOSED_TERM_INPUTS.csv,hypothetical_term_inputs,term_loan_commitment_cap,650,USD_millions,,,,,,hypothetical_owner_reviewed_for_phase5_testing,owner_reviewed_for_phase5_testing,"Owner-reviewed only for Phase 5 testing; not a final covenant, lender commitment, borrower-approved term sheet, or closing fact."
PT-003,data/phase4/raw/PROPOSED_TERM_INPUTS.csv,hypothetical_term_inputs,revolver_commitment,300,USD_millions,,,,,,hypothetical_owner_reviewed_for_phase5_testing,owner_reviewed_for_phase5_testing,"Owner-reviewed only for Phase 5 testing; not a final covenant, lender commitment, borrower-approved term sheet, or closing fact."
PT-004,data/phase4/raw/PROPOSED_TERM_INPUTS.csv,hypothetical_term_inputs,permitted_use,Refinance bank borrowings; term out persistent revolver usage; preserve seasonal access; fund supported fees,text,,,,,,hypothetical_owner_reviewed_for_phase5_testing,owner_reviewed_for_phase5_testing,"Owner-reviewed only for Phase 5 testing; not a final covenant, lender commitment, borrower-approved term sheet, or closing fact."
PT-005,data/phase4/raw/PROPOSED_TERM_INPUTS.csv,hypothetical_term_inputs,participating_bank_hold_cap,50,USD_millions,,,,,,hypothetical_owner_reviewed_for_phase5_testing,owner_reviewed_for_phase5_testing,"Owner-reviewed only for Phase 5 testing; not a final covenant, lender commitment, borrower-approved term sheet, or closing fact."
PT-006,data/phase4/raw/PROPOSED_TERM_INPUTS.csv,hypothetical_term_inputs,projected_closing,2026-01-31,date,,,,,,hypothetical_owner_reviewed_for_phase5_testing,owner_reviewed_for_phase5_testing,"Owner-reviewed only for Phase 5 testing; not a final covenant, lender commitment, borrower-approved term sheet, or closing fact."
PT-007,data/phase4/raw/PROPOSED_TERM_INPUTS.csv,hypothetical_term_inputs,tenor,5,years,,,,,,hypothetical_owner_reviewed_for_phase5_testing,owner_reviewed_for_phase5_testing,"Owner-reviewed only for Phase 5 testing; not a final covenant, lender commitment, borrower-approved term sheet, or closing fact."
PT-008,data/phase4/raw/PROPOSED_TERM_INPUTS.csv,hypothetical_term_inputs,term_funding_formula,Supported closing uses less approved cash contribution; capped at $650m,formula,,,,,,hypothetical_owner_reviewed_for_phase5_testing,owner_reviewed_for_phase5_testing,"Owner-reviewed only for Phase 5 testing; not a final covenant, lender commitment, borrower-approved term sheet, or closing fact."
PT-009,data/phase4/raw/PROPOSED_TERM_INPUTS.csv,hypothetical_term_inputs,base_annual_amortization,10,percent_of_original_principal,,,,,,hypothetical_owner_reviewed_for_phase5_testing,owner_reviewed_for_phase5_testing,"Owner-reviewed only for Phase 5 testing; not a final covenant, lender commitment, borrower-approved term sheet, or closing fact."
PT-010,data/phase4/raw/PROPOSED_TERM_INPUTS.csv,hypothetical_term_inputs,annual_amortization_sensitivities,5;10;15,percent_of_original_principal,,,,,,hypothetical_owner_reviewed_for_phase5_testing,owner_reviewed_for_phase5_testing,"Owner-reviewed only for Phase 5 testing; not a final covenant, lender commitment, borrower-approved term sheet, or closing fact."
PT-011,data/phase4/raw/PROPOSED_TERM_INPUTS.csv,hypothetical_term_inputs,term_and_drawn_revolver_margin,Term SOFR + 250-350 bps,basis_points,,,,,,hypothetical_owner_reviewed_for_phase5_testing,owner_reviewed_for_phase5_testing,"Owner-reviewed sensitivity for Phase 5 testing only; no spread is a lender quote, commitment, borrower-approved final term, or closing fact."
PT-012,data/phase4/raw/PROPOSED_TERM_INPUTS.csv,hypothetical_term_inputs,unused_commitment_fee,pending_information,percent,,,,,,pending_information,pending_owner_approval,No lender commitment or borrower-approved final term sheet supports this proposal.
PT-013,data/phase4/raw/PROPOSED_TERM_INPUTS.csv,hypothetical_term_inputs,letter_of_credit_fee,pending_information,percent,,,,,,pending_information,pending_owner_approval,No lender commitment or borrower-approved final term sheet supports this proposal.
PT-014,data/phase4/raw/PROPOSED_TERM_INPUTS.csv,hypothetical_term_inputs,term_and_revolver_maturity,2031-01-31,date,,,,,,hypothetical_owner_reviewed_for_phase5_testing,owner_reviewed_for_phase5_testing,"Owner-reviewed only for Phase 5 testing; not a final covenant, lender commitment, borrower-approved term sheet, or closing fact."
PT-015,data/phase4/raw/PROPOSED_TERM_INPUTS.csv,hypothetical_term_inputs,collateral,"Eligible domestic obligor personal property, subject to legal confirmation and permitted liens",text,,,,,,hypothetical_owner_reviewed_for_phase5_testing,owner_reviewed_for_phase5_testing,"Owner-reviewed for Phase 5 testing only and subject to post-Tyman joinders, exclusions, perfection, control, foreign-equity limits, permitted liens and legal opinions; no confirmed legal coverage is asserted."
PT-016,data/phase4/raw/PROPOSED_TERM_INPUTS.csv,hypothetical_term_inputs,guarantors,"Eligible material domestic subsidiaries, with exclusions explicit",text,,,,,,hypothetical_owner_reviewed_for_phase5_testing,owner_reviewed_for_phase5_testing,"Owner-reviewed for Phase 5 testing only and subject to post-Tyman joinders, exclusions, perfection, control, foreign-equity limits, permitted liens and legal opinions; no confirmed legal coverage is asserted."
PT-017,data/phase4/raw/PROPOSED_TERM_INPUTS.csv,hypothetical_term_inputs,excess_cash_flow_sweep,50,percent_of_defined_excess_cash_flow,,,,,,hypothetical_owner_reviewed_for_phase5_testing,owner_reviewed_for_phase5_testing,"Owner-reviewed only for Phase 5 testing; not a final covenant, lender commitment, borrower-approved term sheet, or closing fact."
PT-018,data/phase4/raw/PROPOSED_TERM_INPUTS.csv,hypothetical_term_inputs,net_leverage_covenant,3.25x maximum; initially test step to 3.00x from FY2028,turns,,,,,,hypothetical_initial_analytical_test_threshold,owner_reviewed_initial_analytical_threshold,Initial analytical test threshold for Phase 5 only; not an approved final covenant or official compliance calculation.
PT-019,data/phase4/raw/PROPOSED_TERM_INPUTS.csv,hypothetical_term_inputs,cash_interest_coverage_covenant,3.00x minimum,turns,,,,,,hypothetical_initial_analytical_test_threshold,owner_reviewed_initial_analytical_threshold,Initial analytical test threshold for Phase 5 only; not an approved final covenant or official compliance calculation.
PT-020,data/phase4/raw/PROPOSED_TERM_INPUTS.csv,hypothetical_term_inputs,usable_liquidity_covenant,50,USD_millions,,,,,,hypothetical_initial_analytical_test_threshold,owner_reviewed_initial_analytical_threshold,Initial analytical test threshold for Phase 5 only; not an approved final covenant or official compliance calculation.
PT-021,data/phase4/raw/PROPOSED_TERM_INPUTS.csv,hypothetical_term_inputs,operating_cash_floor,25,USD_millions,,,,,,hypothetical_owner_reviewed_for_phase5_testing,owner_reviewed_for_phase5_testing,"Owner-reviewed only for Phase 5 testing; not a final covenant, lender commitment, borrower-approved term sheet, or closing fact."
PT-022,data/phase4/raw/PROPOSED_TERM_INPUTS.csv,hypothetical_term_inputs,restricted_payments,No debt-funded buybacks; bounded distributions subject to pro forma tests,text,,,,,,hypothetical_owner_reviewed_for_phase5_testing,owner_reviewed_for_phase5_testing,"Owner-reviewed only for Phase 5 testing; not a final covenant, lender commitment, borrower-approved term sheet, or closing fact."
PT-023,data/phase4/raw/PROPOSED_TERM_INPUTS.csv,hypothetical_term_inputs,additional_debt_and_acquisitions,Consent requirements or documented baskets,text,,,,,,hypothetical_proposed_term,pending_owner_approval,No lender commitment or borrower-approved final term sheet supports this proposal.
PT-024,data/phase4/raw/PROPOSED_TERM_INPUTS.csv,hypothetical_term_inputs,reporting_package,Quarterly financials/certificates; monthly liquidity and working-capital reporting; annual audited statements,text,,,,,,hypothetical_owner_reviewed_for_phase5_testing,owner_reviewed_for_phase5_testing,"Owner-reviewed only for Phase 5 testing; not a final covenant, lender commitment, borrower-approved term sheet, or closing fact."
PT-025,data/phase4/raw/PROPOSED_TERM_INPUTS.csv,hypothetical_term_inputs,voluntary_prepayment,pending_information,text,,,,,,pending_information,pending_owner_approval,No lender commitment or borrower-approved final term sheet supports this proposal.
PT-026,data/phase4/raw/PROPOSED_TERM_INPUTS.csv,hypothetical_term_inputs,mandatory_prepayment_other,pending_information,text,,,,,,pending_information,pending_owner_approval,No lender commitment or borrower-approved final term sheet supports this proposal.
PT-027,data/phase4/raw/PROPOSED_TERM_INPUTS.csv,hypothetical_term_inputs,default_rate_increment,pending_information,basis_points,,,,,,pending_information,pending_owner_approval,No lender commitment or borrower-approved final term sheet supports this proposal.
PT-028,data/phase4/raw/PROPOSED_TERM_INPUTS.csv,hypothetical_term_inputs,lc_sublimit_and_transition,pending_information,USD_millions,SRC-001;SRC-003,Quanex FY2025 Form 10-K;Amendment No. 1 with conformed Second Amended and Restated Credit Agreement,https://www.sec.gov/Archives/edgar/data/1423221/000142322125000100/nx-20251031.htm;https://www.sec.gov/Archives/edgar/data/1423221/000110465924071335/tm2417183d1_ex10-1.htm,2025-12-12;2024-06-13,,pending_information,pending_owner_approval,No lender commitment or borrower-approved final term sheet supports this proposal.
EX-TERM-A,data/phase4/processed/DEBT_INSTRUMENT_REGISTER.csv,debt_instruments,Existing Term Loan A,468.75,text,SRC-001;SRC-003,Quanex FY2025 Form 10-K;Amendment No. 1 with conformed Second Amended and Restated Credit Agreement,https://www.sec.gov/Archives/edgar/data/1423221/000142322125000100/nx-20251031.htm;https://www.sec.gov/Archives/edgar/data/1423221/000110465924071335/tm2417183d1_ex10-1.htm,2025-12-12;2024-06-13,"SRC-003 sections 2.3-2.4, 2.14, 7.1-7.2, 8.11; SRC-001 Note 9",partially_determinable,not_applicable_existing_fact,Principal is gross amount owed. The $11.040m unamortized financing-cost balance is not allocated by instrument.
EX-REVOLVER,data/phase4/processed/DEBT_INSTRUMENT_REGISTER.csv,debt_instruments,Existing Revolving Credit Facility,172.5,text,SRC-001;SRC-003,Quanex FY2025 Form 10-K;Amendment No. 1 with conformed Second Amended and Restated Credit Agreement,https://www.sec.gov/Archives/edgar/data/1423221/000142322125000100/nx-20251031.htm;https://www.sec.gov/Archives/edgar/data/1423221/000110465924071335/tm2417183d1_ex10-1.htm,2025-12-12;2024-06-13,"SRC-003 sections 2.5, 2.8-2.10, 2.15-2.16 and Schedule 1; SRC-001 Note 9",partially_determinable,not_applicable_existing_fact,"$100m alternative-currency, $30m LC, and $15m swingline limits are sublimits, not incremental commitments."
EX-LC,data/phase4/processed/DEBT_INSTRUMENT_REGISTER.csv,debt_instruments,Outstanding letters of credit,0,text,SRC-001;SRC-003,Quanex FY2025 Form 10-K;Amendment No. 1 with conformed Second Amended and Restated Credit Agreement,https://www.sec.gov/Archives/edgar/data/1423221/000142322125000100/nx-20251031.htm;https://www.sec.gov/Archives/edgar/data/1423221/000110465924071335/tm2417183d1_ex10-1.htm,2025-12-12;2024-06-13,SRC-003 sections 2.15 and 2.9; SRC-001 Note 9,reported_exposure_transition_pending,pending_owner_approval,The $6.2m is counted once as contingent exposure.
EX-FIN-LEASE,data/phase4/processed/DEBT_INSTRUMENT_REGISTER.csv,debt_instruments,Finance lease obligations,60.733,text,SRC-001,Quanex FY2025 Form 10-K,https://www.sec.gov/Archives/edgar/data/1423221/000142322125000100/nx-20251031.htm,2025-12-12,SRC-001 Note 6 and Note 9,reported_aggregate_private_instruments,pending_owner_approval,$4.477m current plus $56.256m noncurrent lease liabilities. The combined $62.619m finance leases and other debt includes $1.886m residual other debt.
EX-OTHER-DEBT,data/phase4/processed/DEBT_INSTRUMENT_REGISTER.csv,debt_instruments,Other debt residual,1.886,text,SRC-001;SRC-002,Quanex FY2025 Form 10-K;Quanex Q4 and FY2025 results release,https://www.sec.gov/Archives/edgar/data/1423221/000142322125000100/nx-20251031.htm;https://www.sec.gov/Archives/edgar/data/1423221/000117184325007891/exh_991.htm,2025-12-12;2025-12-11,Calculated: $62.619m combined less $60.733m finance lease liabilities from SRC-001 Notes 6 and 9,calculated_residual_components_not_public,pending_owner_approval,Residual is not assumed refinanced and must not be duplicated with finance leases.
EX-OPERATING-LEASE,data/phase4/processed/DEBT_INSTRUMENT_REGISTER.csv,debt_instruments,Operating lease liabilities,not_applicable,text,SRC-001,Quanex FY2025 Form 10-K,https://www.sec.gov/Archives/edgar/data/1423221/000142322125000100/nx-20251031.htm,2025-12-12,SRC-001 Note 6,reported_aggregate_private_instruments,pending_owner_approval,$15.446m current plus $145.459m noncurrent; kept separate from finance leases and funded debt.
EX-DEFERRED-FEES,data/phase4/processed/DEBT_INSTRUMENT_REGISTER.csv,debt_instruments,Unamortized deferred financing fees,0,text,SRC-001,Quanex FY2025 Form 10-K,https://www.sec.gov/Archives/edgar/data/1423221/000142322125000100/nx-20251031.htm,2025-12-12,SRC-001 Note 9,reported_aggregate,pending_owner_approval,Contra-debt reduces the $703.869m gross funded principal to $692.829m carrying debt.
EX-ACCRUED-INTEREST,data/phase4/processed/DEBT_INSTRUMENT_REGISTER.csv,debt_instruments,Accrued interest and agent payoff items,0,text,SRC-001;SRC-003,Quanex FY2025 Form 10-K;Amendment No. 1 with conformed Second Amended and Restated Credit Agreement,https://www.sec.gov/Archives/edgar/data/1423221/000142322125000100/nx-20251031.htm;https://www.sec.gov/Archives/edgar/data/1423221/000110465924071335/tm2417183d1_ex10-1.htm,2025-12-12;2024-06-13,SRC-001 Note 9; SRC-003 sections 2.3-2.4 and 2.8,pending_information,pending_owner_approval,Sensitivity is not an actual January accrued-interest balance.
NEW-TERM,data/phase4/processed/DEBT_INSTRUMENT_REGISTER.csv,debt_instruments,Proposed five-year term loan,varies_by_closing_case,text,,,,,Case architecture; no executed term sheet,hypothetical,owner_reviewed_for_phase5_testing,"Owner-reviewed only as a Phase 5 test structure; no commitment exists, and size remains subject to final capacity, payoff and funds flow."
NEW-REV,data/phase4/processed/DEBT_INSTRUMENT_REGISTER.csv,debt_instruments,Proposed five-year revolving facility,varies_by_closing_case,text,,,,,Case architecture; no executed term sheet,hypothetical,owner_reviewed_for_phase5_testing,Owner-reviewed only as a Phase 5 test structure; nominal opening availability is not proof of seasonal sufficiency.
LS-001,data/phase4/processed/LEGAL_STRUCTURE_REGISTER.csv,legal_structure,primary_borrower,supported,text,SRC-001;SRC-003,Quanex FY2025 Form 10-K;Amendment No. 1 with conformed Second Amended and Restated Credit Agreement,https://www.sec.gov/Archives/edgar/data/1423221/000142322125000100/nx-20251031.htm;https://www.sec.gov/Archives/edgar/data/1423221/000110465924071335/tm2417183d1_ex10-1.htm,2025-12-12;2024-06-13,SRC-003 preamble and definition of Borrower,supported,not_applicable_existing_fact,"Public evidence is not a representation that guarantees or liens are complete, valid, enforceable or perfected at closing."
LS-002,data/phase4/processed/LEGAL_STRUCTURE_REGISTER.csv,legal_structure,known_2024_loan_parties,partial_public_implementation,text,SRC-003,Amendment No. 1 with conformed Second Amended and Restated Credit Agreement,https://www.sec.gov/Archives/edgar/data/1423221/000110465924071335/tm2417183d1_ex10-1.htm,2024-06-13,SRC-003 Amendment No. 1 signature pages,partial_public_implementation,owner_reviewed_methodology,"Public evidence is not a representation that guarantees or liens are complete, valid, enforceable or perfected at closing."
LS-003,data/phase4/processed/LEGAL_STRUCTURE_REGISTER.csv,legal_structure,guarantor_requirement,contract_supported_private_implementation_pending,text,SRC-003,Amendment No. 1 with conformed Second Amended and Restated Credit Agreement,https://www.sec.gov/Archives/edgar/data/1423221/000110465924071335/tm2417183d1_ex10-1.htm,2024-06-13,SRC-003 definitions of Guarantor/Excluded Subsidiary and section 5.11,contract_supported_private_implementation_pending,owner_reviewed_methodology,"Public evidence is not a representation that guarantees or liens are complete, valid, enforceable or perfected at closing."
LS-004,data/phase4/processed/LEGAL_STRUCTURE_REGISTER.csv,legal_structure,foreign_subsidiaries,supported_limitation,text,SRC-001;SRC-003,Quanex FY2025 Form 10-K;Amendment No. 1 with conformed Second Amended and Restated Credit Agreement,https://www.sec.gov/Archives/edgar/data/1423221/000142322125000100/nx-20251031.htm;https://www.sec.gov/Archives/edgar/data/1423221/000110465924071335/tm2417183d1_ex10-1.htm,2025-12-12;2024-06-13,SRC-003 definition of Excluded Subsidiary; SRC-001 Item 1 and liquidity,supported_limitation,owner_reviewed_methodology,"Public evidence is not a representation that guarantees or liens are complete, valid, enforceable or perfected at closing."
LS-005,data/phase4/processed/LEGAL_STRUCTURE_REGISTER.csv,legal_structure,immaterial_domestic_subsidiaries,contract_supported_private_implementation_pending,text,SRC-003,Amendment No. 1 with conformed Second Amended and Restated Credit Agreement,https://www.sec.gov/Archives/edgar/data/1423221/000110465924071335/tm2417183d1_ex10-1.htm,2024-06-13,SRC-003 definition of Immaterial Domestic Subsidiary,contract_supported_private_implementation_pending,owner_reviewed_methodology,"Public evidence is not a representation that guarantees or liens are complete, valid, enforceable or perfected at closing."
LS-006,data/phase4/processed/LEGAL_STRUCTURE_REGISTER.csv,legal_structure,security_grant,partially_supported,text,SRC-001;SRC-003,Quanex FY2025 Form 10-K;Amendment No. 1 with conformed Second Amended and Restated Credit Agreement,https://www.sec.gov/Archives/edgar/data/1423221/000142322125000100/nx-20251031.htm;https://www.sec.gov/Archives/edgar/data/1423221/000110465924071335/tm2417183d1_ex10-1.htm,2025-12-12;2024-06-13,SRC-003 sections 5.11-5.12; SRC-001 Note 9/MD&A,partially_supported,owner_reviewed_methodology,"Public evidence is not a representation that guarantees or liens are complete, valid, enforceable or perfected at closing."
LS-007,data/phase4/processed/LEGAL_STRUCTURE_REGISTER.csv,legal_structure,real_property,reported_exclusion,text,SRC-001;SRC-003,Quanex FY2025 Form 10-K;Amendment No. 1 with conformed Second Amended and Restated Credit Agreement,https://www.sec.gov/Archives/edgar/data/1423221/000142322125000100/nx-20251031.htm;https://www.sec.gov/Archives/edgar/data/1423221/000110465924071335/tm2417183d1_ex10-1.htm,2025-12-12;2024-06-13,SRC-001 Note 9; SRC-003 definition of Excluded Assets,reported_exclusion,not_applicable_existing_fact,"Public evidence is not a representation that guarantees or liens are complete, valid, enforceable or perfected at closing."
LS-008,data/phase4/processed/LEGAL_STRUCTURE_REGISTER.csv,legal_structure,equity_pledges,contract_supported_private_implementation_pending,text,SRC-003,Amendment No. 1 with conformed Second Amended and Restated Credit Agreement,https://www.sec.gov/Archives/edgar/data/1423221/000110465924071335/tm2417183d1_ex10-1.htm,2024-06-13,SRC-003 section 5.11,contract_supported_private_implementation_pending,owner_reviewed_methodology,"Public evidence is not a representation that guarantees or liens are complete, valid, enforceable or perfected at closing."
LS-009,data/phase4/processed/LEGAL_STRUCTURE_REGISTER.csv,legal_structure,deposit_accounts_and_cash_control,pending_information,text,SRC-001;SRC-003,Quanex FY2025 Form 10-K;Amendment No. 1 with conformed Second Amended and Restated Credit Agreement,https://www.sec.gov/Archives/edgar/data/1423221/000142322125000100/nx-20251031.htm;https://www.sec.gov/Archives/edgar/data/1423221/000110465924071335/tm2417183d1_ex10-1.htm,2025-12-12;2024-06-13,SRC-003 Guaranty and Security Agreement references; SRC-001 liquidity,pending_information,owner_reviewed_methodology,"Public evidence is not a representation that guarantees or liens are complete, valid, enforceable or perfected at closing."
LS-010,data/phase4/processed/LEGAL_STRUCTURE_REGISTER.csv,legal_structure,permitted_liens_and_priority,contract_supported_private_implementation_pending,text,SRC-003,Amendment No. 1 with conformed Second Amended and Restated Credit Agreement,https://www.sec.gov/Archives/edgar/data/1423221/000110465924071335/tm2417183d1_ex10-1.htm,2024-06-13,"SRC-003 sections 5.12, 6.2 and 14.1",contract_supported_private_implementation_pending,owner_reviewed_methodology,"Public evidence is not a representation that guarantees or liens are complete, valid, enforceable or perfected at closing."
LS-011,data/phase4/processed/LEGAL_STRUCTURE_REGISTER.csv,legal_structure,post_tyman_joinders,pending_information,text,SRC-001;SRC-003,Quanex FY2025 Form 10-K;Amendment No. 1 with conformed Second Amended and Restated Credit Agreement,https://www.sec.gov/Archives/edgar/data/1423221/000142322125000100/nx-20251031.htm;https://www.sec.gov/Archives/edgar/data/1423221/000110465924071335/tm2417183d1_ex10-1.htm,2025-12-12;2024-06-13,SRC-003 Permitted Acquisition and section 5.11; SRC-001 Note 9,pending_information,owner_reviewed_methodology,"Public evidence is not a representation that guarantees or liens are complete, valid, enforceable or perfected at closing."
LS-012,data/phase4/processed/LEGAL_STRUCTURE_REGISTER.csv,legal_structure,foreign_cash,reported_cash_access_pending,text,SRC-001;SRC-003,Quanex FY2025 Form 10-K;Amendment No. 1 with conformed Second Amended and Restated Credit Agreement,https://www.sec.gov/Archives/edgar/data/1423221/000142322125000100/nx-20251031.htm;https://www.sec.gov/Archives/edgar/data/1423221/000110465924071335/tm2417183d1_ex10-1.htm,2025-12-12;2024-06-13,SRC-001 liquidity; SRC-003 Consolidated Funded Indebtedness definition,reported_cash_access_pending,owner_reviewed_methodology,"Public evidence is not a representation that guarantees or liens are complete, valid, enforceable or perfected at closing."
LS-013,data/phase4/processed/LEGAL_STRUCTURE_REGISTER.csv,legal_structure,structural_subordination,analyst_interpretation,text,SRC-001;SRC-003,Quanex FY2025 Form 10-K;Amendment No. 1 with conformed Second Amended and Restated Credit Agreement,https://www.sec.gov/Archives/edgar/data/1423221/000142322125000100/nx-20251031.htm;https://www.sec.gov/Archives/edgar/data/1423221/000110465924071335/tm2417183d1_ex10-1.htm,2025-12-12;2024-06-13,SRC-003 Excluded Subsidiary definition; SRC-001 geographic disclosures,analyst_interpretation,owner_reviewed_methodology,"Public evidence is not a representation that guarantees or liens are complete, valid, enforceable or perfected at closing."
LS-014,data/phase4/processed/LEGAL_STRUCTURE_REGISTER.csv,legal_structure,lien_release_at_refinancing,essential_closing_diligence,text,SRC-003,Amendment No. 1 with conformed Second Amended and Restated Credit Agreement,https://www.sec.gov/Archives/edgar/data/1423221/000110465924071335/tm2417183d1_ex10-1.htm,2024-06-13,"SRC-003 sections 2.9, 14.11 and Amendment No. 1 reaffirmation",essential_closing_diligence,owner_reviewed_methodology,"Public evidence is not a representation that guarantees or liens are complete, valid, enforceable or perfected at closing."
LS-015,data/phase4/processed/LEGAL_STRUCTURE_REGISTER.csv,legal_structure,proposed_package,hypothetical_pending_owner_review,text,,,,,Case architecture,hypothetical_pending_owner_review,owner_reviewed_for_phase5_testing,"Public evidence is not a representation that guarantees or liens are complete, valid, enforceable or perfected at closing."
CB-0001,data/phase4/processed/CLOSING_BRIDGE.csv,closing_bridge,Existing Term A principal at October 31,468.75,USD_millions,SRC-001;SRC-002,Quanex FY2025 Form 10-K;Quanex Q4 and FY2025 results release,https://www.sec.gov/Archives/edgar/data/1423221/000142322125000100/nx-20251031.htm;https://www.sec.gov/Archives/edgar/data/1423221/000117184325007891/exh_991.htm,2025-12-12;2025-12-11,SRC-001 Note 9; SRC-002 net-debt table,reported_fact,owner_reviewed_for_phase5_testing,
CB-0002,data/phase4/processed/CLOSING_BRIDGE.csv,closing_bridge,Pre-closing scheduled Term A amortization,462.5,USD_millions,SRC-003,Amendment No. 1 with conformed Second Amended and Restated Credit Agreement,https://www.sec.gov/Archives/edgar/data/1423221/000110465924071335/tm2417183d1_ex10-1.htm,2024-06-13,SRC-003 section 2.3,timing_assumption,owner_reviewed_for_phase5_testing,Timing: before_closing
CB-0003,data/phase4/processed/CLOSING_BRIDGE.csv,closing_bridge,Scheduled amortization component embedded in payoff,0,USD_millions,SRC-003,Amendment No. 1 with conformed Second Amended and Restated Credit Agreement,https://www.sec.gov/Archives/edgar/data/1423221/000110465924071335/tm2417183d1_ex10-1.htm,2024-06-13,SRC-003 section 2.3,timing_assumption,owner_reviewed_for_phase5_testing,Prevents double counting when the scheduled date coincides with closing.
CB-0004,data/phase4/processed/CLOSING_BRIDGE.csv,closing_bridge,Term A payoff,462.5,USD_millions,SRC-001;SRC-003;SRC-021,Quanex FY2025 Form 10-K;Amendment No. 1 with conformed Second Amended and Restated Credit Agreement;Quanex FY2025 Q1 results release,https://www.sec.gov/Archives/edgar/data/1423221/000142322125000100/nx-20251031.htm;https://www.sec.gov/Archives/edgar/data/1423221/000110465924071335/tm2417183d1_ex10-1.htm;https://investors.quanex.com/news-releases/news-release-details/quanex-building-products-announces-first-quarter-2025-results,2025-12-12;2024-06-13;2025-03-10,Closing case input,calculated_from_fact_and_assumption,owner_reviewed_for_phase5_testing,
CB-0005,data/phase4/processed/CLOSING_BRIDGE.csv,closing_bridge,Existing revolver borrowings,172.5,USD_millions,SRC-001;SRC-002;SRC-021,Quanex FY2025 Form 10-K;Quanex Q4 and FY2025 results release;Quanex FY2025 Q1 results release,https://www.sec.gov/Archives/edgar/data/1423221/000142322125000100/nx-20251031.htm;https://www.sec.gov/Archives/edgar/data/1423221/000117184325007891/exh_991.htm;https://investors.quanex.com/news-releases/news-release-details/quanex-building-products-announces-first-quarter-2025-results,2025-12-12;2025-12-11;2025-03-10,SRC-001 Note 9; SRC-021 FY2025 Q1 cash evidence,calculated_from_fact_and_assumption,owner_reviewed_for_phase5_testing,"Minimum funded-payoff case: scheduled Term A installment precedes close, no seasonal revolver increase, no accrued-interest or hedge use, and $5m total fee sensitivity."
CB-0006,data/phase4/processed/CLOSING_BRIDGE.csv,closing_bridge,Other bank-debt movement,0,USD_millions,SRC-001,Quanex FY2025 Form 10-K,https://www.sec.gov/Archives/edgar/data/1423221/000142322125000100/nx-20251031.htm,2025-12-12,SRC-001 Note 9,assumption,owner_reviewed_for_phase5_testing,
CB-0007,data/phase4/processed/CLOSING_BRIDGE.csv,closing_bridge,Total bank principal payoff,635,USD_millions,SRC-001;SRC-003;SRC-021,Quanex FY2025 Form 10-K;Amendment No. 1 with conformed Second Amended and Restated Credit Agreement;Quanex FY2025 Q1 results release,https://www.sec.gov/Archives/edgar/data/1423221/000142322125000100/nx-20251031.htm;https://www.sec.gov/Archives/edgar/data/1423221/000110465924071335/tm2417183d1_ex10-1.htm;https://investors.quanex.com/news-releases/news-release-details/quanex-building-products-announces-first-quarter-2025-results,2025-12-12;2024-06-13;2025-03-10,Calculated from closing inputs,calculated,owner_reviewed_for_phase5_testing,
CB-0008,data/phase4/processed/CLOSING_BRIDGE.csv,closing_bridge,Existing letters of credit,6.2,USD_millions,SRC-001;SRC-003,Quanex FY2025 Form 10-K;Amendment No. 1 with conformed Second Amended and Restated Credit Agreement,https://www.sec.gov/Archives/edgar/data/1423221/000142322125000100/nx-20251031.htm;https://www.sec.gov/Archives/edgar/data/1423221/000110465924071335/tm2417183d1_ex10-1.htm,2025-12-12;2024-06-13,SRC-001 Note 9; SRC-003 sections 2.9 and 2.15,contingent_exposure,owner_reviewed_for_phase5_testing,Treatment: replace_under_new_revolver_non_cash
CB-0009,data/phase4/processed/CLOSING_BRIDGE.csv,closing_bridge,Accrued interest,0,USD_millions,SRC-001,Quanex FY2025 Form 10-K,https://www.sec.gov/Archives/edgar/data/1423221/000142322125000100/nx-20251031.htm,2025-12-12,SRC-001 Note 9,calculated_from_reported_rate,owner_reviewed_for_phase5_testing,"Exact rate, reset and payment date require payoff letter. Phase 5 must reconcile this use with integrated cash interest and must not add it again through the historical FCF calibration reference."
CB-0010,data/phase4/processed/CLOSING_BRIDGE.csv,closing_bridge,Prepayment premium,0,USD_millions,SRC-003,Amendment No. 1 with conformed Second Amended and Restated Credit Agreement,https://www.sec.gov/Archives/edgar/data/1423221/000110465924071335/tm2417183d1_ex10-1.htm,2024-06-13,SRC-003 sections 2.4 and 2.8,reported_contract_term,owner_reviewed_for_phase5_testing,
CB-0011,data/phase4/processed/CLOSING_BRIDGE.csv,closing_bridge,Hedge or interest-period break cost,0,USD_millions,SRC-003,Amendment No. 1 with conformed Second Amended and Restated Credit Agreement,https://www.sec.gov/Archives/edgar/data/1423221/000110465924071335/tm2417183d1_ex10-1.htm,2024-06-13,"SRC-003 sections 2.4, 2.8 and 2.19(e)",sensitivity,owner_reviewed_for_phase5_testing,
CB-0012,data/phase4/processed/CLOSING_BRIDGE.csv,closing_bridge,Financing fees,3,USD_millions,,,,,Case input,sensitivity,owner_reviewed_for_phase5_testing,
CB-0013,data/phase4/processed/CLOSING_BRIDGE.csv,closing_bridge,"Legal, advisory and administrative expenses",2,USD_millions,,,,,Case input,sensitivity,owner_reviewed_for_phase5_testing,
CB-0014,data/phase4/processed/CLOSING_BRIDGE.csv,closing_bridge,LC cash-collateralization use,0,USD_millions,SRC-001;SRC-003,Quanex FY2025 Form 10-K;Amendment No. 1 with conformed Second Amended and Restated Credit Agreement,https://www.sec.gov/Archives/edgar/data/1423221/000142322125000100/nx-20251031.htm;https://www.sec.gov/Archives/edgar/data/1423221/000110465924071335/tm2417183d1_ex10-1.htm,2025-12-12;2024-06-13,SRC-003 sections 2.9 and 2.15,sensitivity,owner_reviewed_for_phase5_testing,LC exposure is counted once and is not also a replacement LC deduction.
CB-0015,data/phase4/processed/CLOSING_BRIDGE.csv,closing_bridge,Restricted cash created by LC collateralization,0,USD_millions,SRC-001;SRC-003,Quanex FY2025 Form 10-K;Amendment No. 1 with conformed Second Amended and Restated Credit Agreement,https://www.sec.gov/Archives/edgar/data/1423221/000142322125000100/nx-20251031.htm;https://www.sec.gov/Archives/edgar/data/1423221/000110465924071335/tm2417183d1_ex10-1.htm,2025-12-12;2024-06-13,SRC-003 sections 2.9 and 2.15,restricted_asset_excluded_from_usable_liquidity,owner_reviewed_for_phase5_testing,The funded amount is restricted cash or another separately classified restricted asset and is excluded from operating cash and usable liquidity.
CB-0016,data/phase4/processed/CLOSING_BRIDGE.csv,closing_bridge,Approved borrower cash contribution,0,USD_millions,SRC-001;SRC-003,Quanex FY2025 Form 10-K;Amendment No. 1 with conformed Second Amended and Restated Credit Agreement,https://www.sec.gov/Archives/edgar/data/1423221/000142322125000100/nx-20251031.htm;https://www.sec.gov/Archives/edgar/data/1423221/000110465924071335/tm2417183d1_ex10-1.htm,2025-12-12;2024-06-13,SRC-001 liquidity; SRC-003 cash-netting definition,assumption,owner_reviewed_for_phase5_testing,
CB-0017,data/phase4/processed/CLOSING_BRIDGE.csv,closing_bridge,Minimum operating cash,25,USD_millions,SRC-001,Quanex FY2025 Form 10-K,https://www.sec.gov/Archives/edgar/data/1423221/000142322125000100/nx-20251031.htm,2025-12-12,SRC-001 balance sheet,proposed_term,owner_reviewed_for_phase5_testing,Not a use and not an accessible funding source in Phase 4.
CB-0018,data/phase4/processed/CLOSING_BRIDGE.csv,closing_bridge,Closing cash,,USD_millions,SRC-001,Quanex FY2025 Form 10-K,https://www.sec.gov/Archives/edgar/data/1423221/000142322125000100/nx-20251031.htm,2025-12-12,SRC-001 balance sheet and liquidity,missing_value,owner_reviewed_for_phase5_testing,
CB-0019,data/phase4/processed/CLOSING_BRIDGE.csv,closing_bridge,Retained finance leases and other debt,62.619,USD_millions,SRC-001;SRC-002,Quanex FY2025 Form 10-K;Quanex Q4 and FY2025 results release,https://www.sec.gov/Archives/edgar/data/1423221/000142322125000100/nx-20251031.htm;https://www.sec.gov/Archives/edgar/data/1423221/000117184325007891/exh_991.htm,2025-12-12;2025-12-11,SRC-001 Note 9; SRC-002 net-debt table,reported_fact,owner_reviewed_for_phase5_testing,
CB-0020,data/phase4/processed/CLOSING_BRIDGE.csv,closing_bridge,Retained operating lease liabilities,160.905,USD_millions,SRC-001,Quanex FY2025 Form 10-K,https://www.sec.gov/Archives/edgar/data/1423221/000142322125000100/nx-20251031.htm,2025-12-12,SRC-001 Note 6,reported_fact,owner_reviewed_for_phase5_testing,
CB-0021,data/phase4/processed/CLOSING_BRIDGE.csv,closing_bridge,Total closing uses,640,USD_millions,SRC-001;SRC-003;SRC-021,Quanex FY2025 Form 10-K;Amendment No. 1 with conformed Second Amended and Restated Credit Agreement;Quanex FY2025 Q1 results release,https://www.sec.gov/Archives/edgar/data/1423221/000142322125000100/nx-20251031.htm;https://www.sec.gov/Archives/edgar/data/1423221/000110465924071335/tm2417183d1_ex10-1.htm;https://investors.quanex.com/news-releases/news-release-details/quanex-building-products-announces-first-quarter-2025-results,2025-12-12;2024-06-13;2025-03-10,Sources and uses,calculated,owner_reviewed_for_phase5_testing,
CB-0022,data/phase4/processed/CLOSING_BRIDGE.csv,closing_bridge,New term funding,640,USD_millions,,,,,Case architecture,calculated_proposed_source,owner_reviewed_for_phase5_testing,Not automatically funded at the cap.
CB-0023,data/phase4/processed/CLOSING_BRIDGE.csv,closing_bridge,Term-only funding gap,0,USD_millions,,,,,Case architecture,calculated,owner_reviewed_for_phase5_testing,
CB-0024,data/phase4/processed/CLOSING_BRIDGE.csv,closing_bridge,Opening new-revolver draw,0,USD_millions,,,,,Case architecture,calculated_proposed_source,owner_reviewed_for_phase5_testing,"A transparent funding source, not an unexplained balancing plug."
CB-0025,data/phase4/processed/CLOSING_BRIDGE.csv,closing_bridge,Nominal remaining new-revolver availability,293.8,USD_millions,,,,,Case architecture,calculated,owner_reviewed_for_phase5_testing,Not proof of Phase 5 seasonal sufficiency.
CB-0026,data/phase4/processed/CLOSING_BRIDGE.csv,closing_bridge,Residual funding gap after capped revolver,0,USD_millions,,,,,Case architecture,calculated,owner_reviewed_for_phase5_testing,
CB-0027,data/phase4/processed/CLOSING_BRIDGE.csv,closing_bridge,Existing Term A principal at October 31,468.75,USD_millions,SRC-001;SRC-002,Quanex FY2025 Form 10-K;Quanex Q4 and FY2025 results release,https://www.sec.gov/Archives/edgar/data/1423221/000142322125000100/nx-20251031.htm;https://www.sec.gov/Archives/edgar/data/1423221/000117184325007891/exh_991.htm,2025-12-12;2025-12-11,SRC-001 Note 9; SRC-002 net-debt table,reported_fact,owner_reviewed_for_phase5_testing,
CB-0028,data/phase4/processed/CLOSING_BRIDGE.csv,closing_bridge,Pre-closing scheduled Term A amortization,468.75,USD_millions,SRC-003,Amendment No. 1 with conformed Second Amended and Restated Credit Agreement,https://www.sec.gov/Archives/edgar/data/1423221/000110465924071335/tm2417183d1_ex10-1.htm,2024-06-13,SRC-003 section 2.3,timing_assumption,owner_reviewed_for_phase5_testing,Timing: at_closing_embedded_in_payoff
CB-0029,data/phase4/processed/CLOSING_BRIDGE.csv,closing_bridge,Scheduled amortization component embedded in payoff,6.25,USD_millions,SRC-003,Amendment No. 1 with conformed Second Amended and Restated Credit Agreement,https://www.sec.gov/Archives/edgar/data/1423221/000110465924071335/tm2417183d1_ex10-1.htm,2024-06-13,SRC-003 section 2.3,timing_assumption,owner_reviewed_for_phase5_testing,Prevents double counting when the scheduled date coincides with closing.
CB-0030,data/phase4/processed/CLOSING_BRIDGE.csv,closing_bridge,Term A payoff,468.75,USD_millions,SRC-001;SRC-003;SRC-021,Quanex FY2025 Form 10-K;Amendment No. 1 with conformed Second Amended and Restated Credit Agreement;Quanex FY2025 Q1 results release,https://www.sec.gov/Archives/edgar/data/1423221/000142322125000100/nx-20251031.htm;https://www.sec.gov/Archives/edgar/data/1423221/000110465924071335/tm2417183d1_ex10-1.htm;https://investors.quanex.com/news-releases/news-release-details/quanex-building-products-announces-first-quarter-2025-results,2025-12-12;2024-06-13;2025-03-10,Closing case input,calculated_from_fact_and_assumption,owner_reviewed_for_phase5_testing,
CB-0031,data/phase4/processed/CLOSING_BRIDGE.csv,closing_bridge,Existing revolver borrowings,197.5,USD_millions,SRC-001;SRC-002;SRC-021,Quanex FY2025 Form 10-K;Quanex Q4 and FY2025 results release;Quanex FY2025 Q1 results release,https://www.sec.gov/Archives/edgar/data/1423221/000142322125000100/nx-20251031.htm;https://www.sec.gov/Archives/edgar/data/1423221/000117184325007891/exh_991.htm;https://investors.quanex.com/news-releases/news-release-details/quanex-building-products-announces-first-quarter-2025-results,2025-12-12;2025-12-11;2025-03-10,SRC-001 Note 9; SRC-021 FY2025 Q1 cash evidence,calculated_from_fact_and_assumption,owner_reviewed_for_phase5_testing,"The $25m revolver movement is a principal-balance sensitivity informed by, but not equal to or independently additive with, the observed $24.134m FY2025 Q1 FCF trough. It is not an October-to-January cash forecast. Accrued payoff interest and $10m total fees are separately identified closing-use sensitivities pending closing diligence."
CB-0032,data/phase4/processed/CLOSING_BRIDGE.csv,closing_bridge,Other bank-debt movement,0,USD_millions,SRC-001,Quanex FY2025 Form 10-K,https://www.sec.gov/Archives/edgar/data/1423221/000142322125000100/nx-20251031.htm,2025-12-12,SRC-001 Note 9,assumption,owner_reviewed_for_phase5_testing,
CB-0033,data/phase4/processed/CLOSING_BRIDGE.csv,closing_bridge,Total bank principal payoff,666.25,USD_millions,SRC-001;SRC-003;SRC-021,Quanex FY2025 Form 10-K;Amendment No. 1 with conformed Second Amended and Restated Credit Agreement;Quanex FY2025 Q1 results release,https://www.sec.gov/Archives/edgar/data/1423221/000142322125000100/nx-20251031.htm;https://www.sec.gov/Archives/edgar/data/1423221/000110465924071335/tm2417183d1_ex10-1.htm;https://investors.quanex.com/news-releases/news-release-details/quanex-building-products-announces-first-quarter-2025-results,2025-12-12;2024-06-13;2025-03-10,Calculated from closing inputs,calculated,owner_reviewed_for_phase5_testing,
CB-0034,data/phase4/processed/CLOSING_BRIDGE.csv,closing_bridge,Existing letters of credit,6.2,USD_millions,SRC-001;SRC-003,Quanex FY2025 Form 10-K;Amendment No. 1 with conformed Second Amended and Restated Credit Agreement,https://www.sec.gov/Archives/edgar/data/1423221/000142322125000100/nx-20251031.htm;https://www.sec.gov/Archives/edgar/data/1423221/000110465924071335/tm2417183d1_ex10-1.htm,2025-12-12;2024-06-13,SRC-001 Note 9; SRC-003 sections 2.9 and 2.15,contingent_exposure,owner_reviewed_for_phase5_testing,Treatment: replace_under_new_revolver_non_cash
CB-0035,data/phase4/processed/CLOSING_BRIDGE.csv,closing_bridge,Accrued interest,3.64771875,USD_millions,SRC-001,Quanex FY2025 Form 10-K,https://www.sec.gov/Archives/edgar/data/1423221/000142322125000100/nx-20251031.htm,2025-12-12,SRC-001 Note 9,calculated_from_reported_rate,owner_reviewed_for_phase5_testing,"Exact rate, reset and payment date require payoff letter. Phase 5 must reconcile this use with integrated cash interest and must not add it again through the historical FCF calibration reference."
CB-0036,data/phase4/processed/CLOSING_BRIDGE.csv,closing_bridge,Prepayment premium,0,USD_millions,SRC-003,Amendment No. 1 with conformed Second Amended and Restated Credit Agreement,https://www.sec.gov/Archives/edgar/data/1423221/000110465924071335/tm2417183d1_ex10-1.htm,2024-06-13,SRC-003 sections 2.4 and 2.8,reported_contract_term,owner_reviewed_for_phase5_testing,
CB-0037,data/phase4/processed/CLOSING_BRIDGE.csv,closing_bridge,Hedge or interest-period break cost,0,USD_millions,SRC-003,Amendment No. 1 with conformed Second Amended and Restated Credit Agreement,https://www.sec.gov/Archives/edgar/data/1423221/000110465924071335/tm2417183d1_ex10-1.htm,2024-06-13,"SRC-003 sections 2.4, 2.8 and 2.19(e)",sensitivity,owner_reviewed_for_phase5_testing,
CB-0038,data/phase4/processed/CLOSING_BRIDGE.csv,closing_bridge,Financing fees,7.5,USD_millions,,,,,Case input,sensitivity,owner_reviewed_for_phase5_testing,
CB-0039,data/phase4/processed/CLOSING_BRIDGE.csv,closing_bridge,"Legal, advisory and administrative expenses",2.5,USD_millions,,,,,Case input,sensitivity,owner_reviewed_for_phase5_testing,
CB-0040,data/phase4/processed/CLOSING_BRIDGE.csv,closing_bridge,LC cash-collateralization use,0,USD_millions,SRC-001;SRC-003,Quanex FY2025 Form 10-K;Amendment No. 1 with conformed Second Amended and Restated Credit Agreement,https://www.sec.gov/Archives/edgar/data/1423221/000142322125000100/nx-20251031.htm;https://www.sec.gov/Archives/edgar/data/1423221/000110465924071335/tm2417183d1_ex10-1.htm,2025-12-12;2024-06-13,SRC-003 sections 2.9 and 2.15,sensitivity,owner_reviewed_for_phase5_testing,LC exposure is counted once and is not also a replacement LC deduction.
CB-0041,data/phase4/processed/CLOSING_BRIDGE.csv,closing_bridge,Restricted cash created by LC collateralization,0,USD_millions,SRC-001;SRC-003,Quanex FY2025 Form 10-K;Amendment No. 1 with conformed Second Amended and Restated Credit Agreement,https://www.sec.gov/Archives/edgar/data/1423221/000142322125000100/nx-20251031.htm;https://www.sec.gov/Archives/edgar/data/1423221/000110465924071335/tm2417183d1_ex10-1.htm,2025-12-12;2024-06-13,SRC-003 sections 2.9 and 2.15,restricted_asset_excluded_from_usable_liquidity,owner_reviewed_for_phase5_testing,The funded amount is restricted cash or another separately classified restricted asset and is excluded from operating cash and usable liquidity.
CB-0042,data/phase4/processed/CLOSING_BRIDGE.csv,closing_bridge,Approved borrower cash contribution,0,USD_millions,SRC-001;SRC-003,Quanex FY2025 Form 10-K;Amendment No. 1 with conformed Second Amended and Restated Credit Agreement,https://www.sec.gov/Archives/edgar/data/1423221/000142322125000100/nx-20251031.htm;https://www.sec.gov/Archives/edgar/data/1423221/000110465924071335/tm2417183d1_ex10-1.htm,2025-12-12;2024-06-13,SRC-001 liquidity; SRC-003 cash-netting definition,assumption,owner_reviewed_for_phase5_testing,
CB-0043,data/phase4/processed/CLOSING_BRIDGE.csv,closing_bridge,Minimum operating cash,25,USD_millions,SRC-001,Quanex FY2025 Form 10-K,https://www.sec.gov/Archives/edgar/data/1423221/000142322125000100/nx-20251031.htm,2025-12-12,SRC-001 balance sheet,proposed_term,owner_reviewed_for_phase5_testing,Not a use and not an accessible funding source in Phase 4.
CB-0044,data/phase4/processed/CLOSING_BRIDGE.csv,closing_bridge,Closing cash,,USD_millions,SRC-001,Quanex FY2025 Form 10-K,https://www.sec.gov/Archives/edgar/data/1423221/000142322125000100/nx-20251031.htm,2025-12-12,SRC-001 balance sheet and liquidity,missing_value,owner_reviewed_for_phase5_testing,
CB-0045,data/phase4/processed/CLOSING_BRIDGE.csv,closing_bridge,Retained finance leases and other debt,62.619,USD_millions,SRC-001;SRC-002,Quanex FY2025 Form 10-K;Quanex Q4 and FY2025 results release,https://www.sec.gov/Archives/edgar/data/1423221/000142322125000100/nx-20251031.htm;https://www.sec.gov/Archives/edgar/data/1423221/000117184325007891/exh_991.htm,2025-12-12;2025-12-11,SRC-001 Note 9; SRC-002 net-debt table,reported_fact,owner_reviewed_for_phase5_testing,
CB-0046,data/phase4/processed/CLOSING_BRIDGE.csv,closing_bridge,Retained operating lease liabilities,160.905,USD_millions,SRC-001,Quanex FY2025 Form 10-K,https://www.sec.gov/Archives/edgar/data/1423221/000142322125000100/nx-20251031.htm,2025-12-12,SRC-001 Note 6,reported_fact,owner_reviewed_for_phase5_testing,
CB-0047,data/phase4/processed/CLOSING_BRIDGE.csv,closing_bridge,Total closing uses,679.89771875,USD_millions,SRC-001;SRC-003;SRC-021,Quanex FY2025 Form 10-K;Amendment No. 1 with conformed Second Amended and Restated Credit Agreement;Quanex FY2025 Q1 results release,https://www.sec.gov/Archives/edgar/data/1423221/000142322125000100/nx-20251031.htm;https://www.sec.gov/Archives/edgar/data/1423221/000110465924071335/tm2417183d1_ex10-1.htm;https://investors.quanex.com/news-releases/news-release-details/quanex-building-products-announces-first-quarter-2025-results,2025-12-12;2024-06-13;2025-03-10,Sources and uses,calculated,owner_reviewed_for_phase5_testing,
CB-0048,data/phase4/processed/CLOSING_BRIDGE.csv,closing_bridge,New term funding,650,USD_millions,,,,,Case architecture,calculated_proposed_source,owner_reviewed_for_phase5_testing,Not automatically funded at the cap.
CB-0049,data/phase4/processed/CLOSING_BRIDGE.csv,closing_bridge,Term-only funding gap,29.89771875,USD_millions,,,,,Case architecture,calculated,owner_reviewed_for_phase5_testing,
CB-0050,data/phase4/processed/CLOSING_BRIDGE.csv,closing_bridge,Opening new-revolver draw,29.89771875,USD_millions,,,,,Case architecture,calculated_proposed_source,owner_reviewed_for_phase5_testing,"A transparent funding source, not an unexplained balancing plug."
CB-0051,data/phase4/processed/CLOSING_BRIDGE.csv,closing_bridge,Nominal remaining new-revolver availability,263.90228125,USD_millions,,,,,Case architecture,calculated,owner_reviewed_for_phase5_testing,Not proof of Phase 5 seasonal sufficiency.
CB-0052,data/phase4/processed/CLOSING_BRIDGE.csv,closing_bridge,Residual funding gap after capped revolver,0,USD_millions,,,,,Case architecture,calculated,owner_reviewed_for_phase5_testing,
CB-0053,data/phase4/processed/CLOSING_BRIDGE.csv,closing_bridge,Existing Term A principal at October 31,468.75,USD_millions,SRC-001;SRC-002,Quanex FY2025 Form 10-K;Quanex Q4 and FY2025 results release,https://www.sec.gov/Archives/edgar/data/1423221/000142322125000100/nx-20251031.htm;https://www.sec.gov/Archives/edgar/data/1423221/000117184325007891/exh_991.htm,2025-12-12;2025-12-11,SRC-001 Note 9; SRC-002 net-debt table,reported_fact,owner_reviewed_for_phase5_testing,
CB-0054,data/phase4/processed/CLOSING_BRIDGE.csv,closing_bridge,Pre-closing scheduled Term A amortization,468.75,USD_millions,SRC-003,Amendment No. 1 with conformed Second Amended and Restated Credit Agreement,https://www.sec.gov/Archives/edgar/data/1423221/000110465924071335/tm2417183d1_ex10-1.htm,2024-06-13,SRC-003 section 2.3,timing_assumption,owner_reviewed_for_phase5_testing,Timing: after_closing_cancelled_by_payoff
CB-0055,data/phase4/processed/CLOSING_BRIDGE.csv,closing_bridge,Scheduled amortization component embedded in payoff,0,USD_millions,SRC-003,Amendment No. 1 with conformed Second Amended and Restated Credit Agreement,https://www.sec.gov/Archives/edgar/data/1423221/000110465924071335/tm2417183d1_ex10-1.htm,2024-06-13,SRC-003 section 2.3,timing_assumption,owner_reviewed_for_phase5_testing,Prevents double counting when the scheduled date coincides with closing.
CB-0056,data/phase4/processed/CLOSING_BRIDGE.csv,closing_bridge,Term A payoff,468.75,USD_millions,SRC-001;SRC-003;SRC-021,Quanex FY2025 Form 10-K;Amendment No. 1 with conformed Second Amended and Restated Credit Agreement;Quanex FY2025 Q1 results release,https://www.sec.gov/Archives/edgar/data/1423221/000142322125000100/nx-20251031.htm;https://www.sec.gov/Archives/edgar/data/1423221/000110465924071335/tm2417183d1_ex10-1.htm;https://investors.quanex.com/news-releases/news-release-details/quanex-building-products-announces-first-quarter-2025-results,2025-12-12;2024-06-13;2025-03-10,Closing case input,calculated_from_fact_and_assumption,owner_reviewed_for_phase5_testing,
CB-0057,data/phase4/processed/CLOSING_BRIDGE.csv,closing_bridge,Existing revolver borrowings,222.5,USD_millions,SRC-001;SRC-002;SRC-021,Quanex FY2025 Form 10-K;Quanex Q4 and FY2025 results release;Quanex FY2025 Q1 results release,https://www.sec.gov/Archives/edgar/data/1423221/000142322125000100/nx-20251031.htm;https://www.sec.gov/Archives/edgar/data/1423221/000117184325007891/exh_991.htm;https://investors.quanex.com/news-releases/news-release-details/quanex-building-products-announces-first-quarter-2025-results,2025-12-12;2025-12-11;2025-03-10,SRC-001 Note 9; SRC-021 FY2025 Q1 cash evidence,calculated_from_fact_and_assumption,owner_reviewed_for_phase5_testing,"The $50m revolver movement is a principal-balance sensitivity informed by approximately twice the observed FY2025 Q1 FCF trough, not an October-to-January cash forecast or an independently additive FCF use. Accrued payoff interest, $10m hedge cost, $20m total fees, and $6.2m restricted-cash LC collateralization are separate closing-use sensitivities pending closing diligence."
CB-0058,data/phase4/processed/CLOSING_BRIDGE.csv,closing_bridge,Other bank-debt movement,0,USD_millions,SRC-001,Quanex FY2025 Form 10-K,https://www.sec.gov/Archives/edgar/data/1423221/000142322125000100/nx-20251031.htm,2025-12-12,SRC-001 Note 9,assumption,owner_reviewed_for_phase5_testing,
CB-0059,data/phase4/processed/CLOSING_BRIDGE.csv,closing_bridge,Total bank principal payoff,691.25,USD_millions,SRC-001;SRC-003;SRC-021,Quanex FY2025 Form 10-K;Amendment No. 1 with conformed Second Amended and Restated Credit Agreement;Quanex FY2025 Q1 results release,https://www.sec.gov/Archives/edgar/data/1423221/000142322125000100/nx-20251031.htm;https://www.sec.gov/Archives/edgar/data/1423221/000110465924071335/tm2417183d1_ex10-1.htm;https://investors.quanex.com/news-releases/news-release-details/quanex-building-products-announces-first-quarter-2025-results,2025-12-12;2024-06-13;2025-03-10,Calculated from closing inputs,calculated,owner_reviewed_for_phase5_testing,
CB-0060,data/phase4/processed/CLOSING_BRIDGE.csv,closing_bridge,Existing letters of credit,0,USD_millions,SRC-001;SRC-003,Quanex FY2025 Form 10-K;Amendment No. 1 with conformed Second Amended and Restated Credit Agreement,https://www.sec.gov/Archives/edgar/data/1423221/000142322125000100/nx-20251031.htm;https://www.sec.gov/Archives/edgar/data/1423221/000110465924071335/tm2417183d1_ex10-1.htm,2025-12-12;2024-06-13,SRC-001 Note 9; SRC-003 sections 2.9 and 2.15,contingent_exposure,owner_reviewed_for_phase5_testing,Treatment: cash_collateralize_at_closing
CB-0061,data/phase4/processed/CLOSING_BRIDGE.csv,closing_bridge,Accrued interest,7.5691875,USD_millions,SRC-001,Quanex FY2025 Form 10-K,https://www.sec.gov/Archives/edgar/data/1423221/000142322125000100/nx-20251031.htm,2025-12-12,SRC-001 Note 9,calculated_from_reported_rate,owner_reviewed_for_phase5_testing,"Exact rate, reset and payment date require payoff letter. Phase 5 must reconcile this use with integrated cash interest and must not add it again through the historical FCF calibration reference."
CB-0062,data/phase4/processed/CLOSING_BRIDGE.csv,closing_bridge,Prepayment premium,0,USD_millions,SRC-003,Amendment No. 1 with conformed Second Amended and Restated Credit Agreement,https://www.sec.gov/Archives/edgar/data/1423221/000110465924071335/tm2417183d1_ex10-1.htm,2024-06-13,SRC-003 sections 2.4 and 2.8,reported_contract_term,owner_reviewed_for_phase5_testing,
CB-0063,data/phase4/processed/CLOSING_BRIDGE.csv,closing_bridge,Hedge or interest-period break cost,10,USD_millions,SRC-003,Amendment No. 1 with conformed Second Amended and Restated Credit Agreement,https://www.sec.gov/Archives/edgar/data/1423221/000110465924071335/tm2417183d1_ex10-1.htm,2024-06-13,"SRC-003 sections 2.4, 2.8 and 2.19(e)",sensitivity,owner_reviewed_for_phase5_testing,
CB-0064,data/phase4/processed/CLOSING_BRIDGE.csv,closing_bridge,Financing fees,15,USD_millions,,,,,Case input,sensitivity,owner_reviewed_for_phase5_testing,
CB-0065,data/phase4/processed/CLOSING_BRIDGE.csv,closing_bridge,"Legal, advisory and administrative expenses",5,USD_millions,,,,,Case input,sensitivity,owner_reviewed_for_phase5_testing,
CB-0066,data/phase4/processed/CLOSING_BRIDGE.csv,closing_bridge,LC cash-collateralization use,6.2,USD_millions,SRC-001;SRC-003,Quanex FY2025 Form 10-K;Amendment No. 1 with conformed Second Amended and Restated Credit Agreement,https://www.sec.gov/Archives/edgar/data/1423221/000142322125000100/nx-20251031.htm;https://www.sec.gov/Archives/edgar/data/1423221/000110465924071335/tm2417183d1_ex10-1.htm,2025-12-12;2024-06-13,SRC-003 sections 2.9 and 2.15,sensitivity,owner_reviewed_for_phase5_testing,LC exposure is counted once and is not also a replacement LC deduction.
CB-0067,data/phase4/processed/CLOSING_BRIDGE.csv,closing_bridge,Restricted cash created by LC collateralization,6.2,USD_millions,SRC-001;SRC-003,Quanex FY2025 Form 10-K;Amendment No. 1 with conformed Second Amended and Restated Credit Agreement,https://www.sec.gov/Archives/edgar/data/1423221/000142322125000100/nx-20251031.htm;https://www.sec.gov/Archives/edgar/data/1423221/000110465924071335/tm2417183d1_ex10-1.htm,2025-12-12;2024-06-13,SRC-003 sections 2.9 and 2.15,restricted_asset_excluded_from_usable_liquidity,owner_reviewed_for_phase5_testing,The funded amount is restricted cash or another separately classified restricted asset and is excluded from operating cash and usable liquidity.
CB-0068,data/phase4/processed/CLOSING_BRIDGE.csv,closing_bridge,Approved borrower cash contribution,0,USD_millions,SRC-001;SRC-003,Quanex FY2025 Form 10-K;Amendment No. 1 with conformed Second Amended and Restated Credit Agreement,https://www.sec.gov/Archives/edgar/data/1423221/000142322125000100/nx-20251031.htm;https://www.sec.gov/Archives/edgar/data/1423221/000110465924071335/tm2417183d1_ex10-1.htm,2025-12-12;2024-06-13,SRC-001 liquidity; SRC-003 cash-netting definition,assumption,owner_reviewed_for_phase5_testing,
CB-0069,data/phase4/processed/CLOSING_BRIDGE.csv,closing_bridge,Minimum operating cash,25,USD_millions,SRC-001,Quanex FY2025 Form 10-K,https://www.sec.gov/Archives/edgar/data/1423221/000142322125000100/nx-20251031.htm,2025-12-12,SRC-001 balance sheet,proposed_term,owner_reviewed_for_phase5_testing,Not a use and not an accessible funding source in Phase 4.
CB-0070,data/phase4/processed/CLOSING_BRIDGE.csv,closing_bridge,Closing cash,,USD_millions,SRC-001,Quanex FY2025 Form 10-K,https://www.sec.gov/Archives/edgar/data/1423221/000142322125000100/nx-20251031.htm,2025-12-12,SRC-001 balance sheet and liquidity,missing_value,owner_reviewed_for_phase5_testing,
CB-0071,data/phase4/processed/CLOSING_BRIDGE.csv,closing_bridge,Retained finance leases and other debt,62.619,USD_millions,SRC-001;SRC-002,Quanex FY2025 Form 10-K;Quanex Q4 and FY2025 results release,https://www.sec.gov/Archives/edgar/data/1423221/000142322125000100/nx-20251031.htm;https://www.sec.gov/Archives/edgar/data/1423221/000117184325007891/exh_991.htm,2025-12-12;2025-12-11,SRC-001 Note 9; SRC-002 net-debt table,reported_fact,owner_reviewed_for_phase5_testing,
CB-0072,data/phase4/processed/CLOSING_BRIDGE.csv,closing_bridge,Retained operating lease liabilities,160.905,USD_millions,SRC-001,Quanex FY2025 Form 10-K,https://www.sec.gov/Archives/edgar/data/1423221/000142322125000100/nx-20251031.htm,2025-12-12,SRC-001 Note 6,reported_fact,owner_reviewed_for_phase5_testing,
CB-0073,data/phase4/processed/CLOSING_BRIDGE.csv,closing_bridge,Total closing uses,735.0191875,USD_millions,SRC-001;SRC-003;SRC-021,Quanex FY2025 Form 10-K;Amendment No. 1 with conformed Second Amended and Restated Credit Agreement;Quanex FY2025 Q1 results release,https://www.sec.gov/Archives/edgar/data/1423221/000142322125000100/nx-20251031.htm;https://www.sec.gov/Archives/edgar/data/1423221/000110465924071335/tm2417183d1_ex10-1.htm;https://investors.quanex.com/news-releases/news-release-details/quanex-building-products-announces-first-quarter-2025-results,2025-12-12;2024-06-13;2025-03-10,Sources and uses,calculated,owner_reviewed_for_phase5_testing,
CB-0074,data/phase4/processed/CLOSING_BRIDGE.csv,closing_bridge,New term funding,650,USD_millions,,,,,Case architecture,calculated_proposed_source,owner_reviewed_for_phase5_testing,Not automatically funded at the cap.
CB-0075,data/phase4/processed/CLOSING_BRIDGE.csv,closing_bridge,Term-only funding gap,85.0191875,USD_millions,,,,,Case architecture,calculated,owner_reviewed_for_phase5_testing,
CB-0076,data/phase4/processed/CLOSING_BRIDGE.csv,closing_bridge,Opening new-revolver draw,85.0191875,USD_millions,,,,,Case architecture,calculated_proposed_source,owner_reviewed_for_phase5_testing,"A transparent funding source, not an unexplained balancing plug."
CB-0077,data/phase4/processed/CLOSING_BRIDGE.csv,closing_bridge,Nominal remaining new-revolver availability,214.9808125,USD_millions,,,,,Case architecture,calculated,owner_reviewed_for_phase5_testing,Not proof of Phase 5 seasonal sufficiency.
CB-0078,data/phase4/processed/CLOSING_BRIDGE.csv,closing_bridge,Residual funding gap after capped revolver,0,USD_millions,,,,,Case architecture,calculated,owner_reviewed_for_phase5_testing,
SU-0001,data/phase4/processed/SOURCES_AND_USES.csv,sources_and_uses,Existing Term A payoff,462.5,USD_millions,SRC-001;SRC-003,Quanex FY2025 Form 10-K;Amendment No. 1 with conformed Second Amended and Restated Credit Agreement,https://www.sec.gov/Archives/edgar/data/1423221/000142322125000100/nx-20251031.htm;https://www.sec.gov/Archives/edgar/data/1423221/000110465924071335/tm2417183d1_ex10-1.htm,2025-12-12;2024-06-13,Opening principal less pre-closing amortization only,fact_plus_timing_assumption,owner_reviewed_for_phase5_testing,
SU-0002,data/phase4/processed/SOURCES_AND_USES.csv,sources_and_uses,Existing revolver payoff,172.5,USD_millions,SRC-001;SRC-021,Quanex FY2025 Form 10-K;Quanex FY2025 Q1 results release,https://www.sec.gov/Archives/edgar/data/1423221/000142322125000100/nx-20251031.htm;https://investors.quanex.com/news-releases/news-release-details/quanex-building-products-announces-first-quarter-2025-results,2025-12-12;2025-03-10,October 31 draw plus owner-reviewed principal-balance sensitivity; historical FCF is calibration only,fact_plus_sensitivity,owner_reviewed_for_phase5_testing,
SU-0003,data/phase4/processed/SOURCES_AND_USES.csv,sources_and_uses,Other bank-debt movement,0,USD_millions,SRC-001,Quanex FY2025 Form 10-K,https://www.sec.gov/Archives/edgar/data/1423221/000142322125000100/nx-20251031.htm,2025-12-12,Explicit input,sensitivity,owner_reviewed_for_phase5_testing,
SU-0004,data/phase4/processed/SOURCES_AND_USES.csv,sources_and_uses,Accrued interest,0,USD_millions,SRC-001,Quanex FY2025 Form 10-K,https://www.sec.gov/Archives/edgar/data/1423221/000142322125000100/nx-20251031.htm,2025-12-12,Separate unpaid payoff-interest sensitivity; must reconcile to Phase 5 integrated interest,sensitivity,owner_reviewed_for_phase5_testing,Do not double count cash interest already embedded in the historical FCF calibration reference.
SU-0005,data/phase4/processed/SOURCES_AND_USES.csv,sources_and_uses,Prepayment premium,0,USD_millions,SRC-003,Amendment No. 1 with conformed Second Amended and Restated Credit Agreement,https://www.sec.gov/Archives/edgar/data/1423221/000110465924071335/tm2417183d1_ex10-1.htm,2024-06-13,No premium under public agreement; breakage separate,reported_contract_term,owner_reviewed_for_phase5_testing,
SU-0006,data/phase4/processed/SOURCES_AND_USES.csv,sources_and_uses,Hedge and interest-period break cost,0,USD_millions,SRC-003,Amendment No. 1 with conformed Second Amended and Restated Credit Agreement,https://www.sec.gov/Archives/edgar/data/1423221/000110465924071335/tm2417183d1_ex10-1.htm,2024-06-13,Explicit sensitivity,sensitivity,owner_reviewed_for_phase5_testing,
SU-0007,data/phase4/processed/SOURCES_AND_USES.csv,sources_and_uses,Financing fees,3,USD_millions,,,,,Explicit fee sensitivity,sensitivity,owner_reviewed_for_phase5_testing,Not a lender quote.
SU-0008,data/phase4/processed/SOURCES_AND_USES.csv,sources_and_uses,"Legal, advisory and administrative expenses",2,USD_millions,,,,,Explicit cost sensitivity,sensitivity,owner_reviewed_for_phase5_testing,
SU-0009,data/phase4/processed/SOURCES_AND_USES.csv,sources_and_uses,LC cash collateral,0,USD_millions,SRC-001;SRC-003,Quanex FY2025 Form 10-K;Amendment No. 1 with conformed Second Amended and Restated Credit Agreement,https://www.sec.gov/Archives/edgar/data/1423221/000142322125000100/nx-20251031.htm;https://www.sec.gov/Archives/edgar/data/1423221/000110465924071335/tm2417183d1_ex10-1.htm,2025-12-12;2024-06-13,Zero if LCs replace under new revolver; $6.2m only in collateralization case,restricted_cash_funding_use,owner_reviewed_for_phase5_testing,Creates restricted cash or another restricted asset; excluded from usable operating liquidity and counted exactly once.
SU-0010,data/phase4/processed/SOURCES_AND_USES.csv,sources_and_uses,Total uses,640,USD_millions,,,,,Sum of use rows,calculated,owner_reviewed_for_phase5_testing,
SU-0011,data/phase4/processed/SOURCES_AND_USES.csv,sources_and_uses,New term funding,640,USD_millions,,,,,"Supported uses less approved cash, capped at $650m",calculated_proposed_source,owner_reviewed_for_phase5_testing,
SU-0012,data/phase4/processed/SOURCES_AND_USES.csv,sources_and_uses,Opening new-revolver draw,0,USD_millions,,,,,"Residual supported use, capped by $300m less replacement LCs",calculated_proposed_source,owner_reviewed_for_phase5_testing,Explicit funding waterfall; not an unexplained plug.
SU-0013,data/phase4/processed/SOURCES_AND_USES.csv,sources_and_uses,Borrower cash contribution,0,USD_millions,SRC-001;SRC-003,Quanex FY2025 Form 10-K;Amendment No. 1 with conformed Second Amended and Restated Credit Agreement,https://www.sec.gov/Archives/edgar/data/1423221/000142322125000100/nx-20251031.htm;https://www.sec.gov/Archives/edgar/data/1423221/000110465924071335/tm2417183d1_ex10-1.htm,2025-12-12;2024-06-13,Cannot exceed identified accessible cash,assumption,owner_reviewed_for_phase5_testing,
SU-0014,data/phase4/processed/SOURCES_AND_USES.csv,sources_and_uses,Total sources excluding funding gap,640,USD_millions,,,,,Sum of committed-modeled sources,calculated,owner_reviewed_for_phase5_testing,
SU-0015,data/phase4/processed/SOURCES_AND_USES.csv,sources_and_uses,Explicit residual funding gap,0,USD_millions,,,,,Maximum of zero and uses less capped modeled sources,calculated,owner_reviewed_for_phase5_testing,
SU-0016,data/phase4/processed/SOURCES_AND_USES.csv,sources_and_uses,Sources plus explicit gap less uses,0,USD_millions,,,,,Total sources + gap - total uses,calculated_control,owner_reviewed_for_phase5_testing,
SU-0017,data/phase4/processed/SOURCES_AND_USES.csv,sources_and_uses,Existing Term A payoff,468.75,USD_millions,SRC-001;SRC-003,Quanex FY2025 Form 10-K;Amendment No. 1 with conformed Second Amended and Restated Credit Agreement,https://www.sec.gov/Archives/edgar/data/1423221/000142322125000100/nx-20251031.htm;https://www.sec.gov/Archives/edgar/data/1423221/000110465924071335/tm2417183d1_ex10-1.htm,2025-12-12;2024-06-13,Opening principal less pre-closing amortization only,fact_plus_timing_assumption,owner_reviewed_for_phase5_testing,
SU-0018,data/phase4/processed/SOURCES_AND_USES.csv,sources_and_uses,Existing revolver payoff,197.5,USD_millions,SRC-001;SRC-021,Quanex FY2025 Form 10-K;Quanex FY2025 Q1 results release,https://www.sec.gov/Archives/edgar/data/1423221/000142322125000100/nx-20251031.htm;https://investors.quanex.com/news-releases/news-release-details/quanex-building-products-announces-first-quarter-2025-results,2025-12-12;2025-03-10,October 31 draw plus owner-reviewed principal-balance sensitivity; historical FCF is calibration only,fact_plus_sensitivity,owner_reviewed_for_phase5_testing,
SU-0019,data/phase4/processed/SOURCES_AND_USES.csv,sources_and_uses,Other bank-debt movement,0,USD_millions,SRC-001,Quanex FY2025 Form 10-K,https://www.sec.gov/Archives/edgar/data/1423221/000142322125000100/nx-20251031.htm,2025-12-12,Explicit input,sensitivity,owner_reviewed_for_phase5_testing,
SU-0020,data/phase4/processed/SOURCES_AND_USES.csv,sources_and_uses,Accrued interest,3.64771875,USD_millions,SRC-001,Quanex FY2025 Form 10-K,https://www.sec.gov/Archives/edgar/data/1423221/000142322125000100/nx-20251031.htm,2025-12-12,Separate unpaid payoff-interest sensitivity; must reconcile to Phase 5 integrated interest,sensitivity,owner_reviewed_for_phase5_testing,Do not double count cash interest already embedded in the historical FCF calibration reference.
SU-0021,data/phase4/processed/SOURCES_AND_USES.csv,sources_and_uses,Prepayment premium,0,USD_millions,SRC-003,Amendment No. 1 with conformed Second Amended and Restated Credit Agreement,https://www.sec.gov/Archives/edgar/data/1423221/000110465924071335/tm2417183d1_ex10-1.htm,2024-06-13,No premium under public agreement; breakage separate,reported_contract_term,owner_reviewed_for_phase5_testing,
SU-0022,data/phase4/processed/SOURCES_AND_USES.csv,sources_and_uses,Hedge and interest-period break cost,0,USD_millions,SRC-003,Amendment No. 1 with conformed Second Amended and Restated Credit Agreement,https://www.sec.gov/Archives/edgar/data/1423221/000110465924071335/tm2417183d1_ex10-1.htm,2024-06-13,Explicit sensitivity,sensitivity,owner_reviewed_for_phase5_testing,
SU-0023,data/phase4/processed/SOURCES_AND_USES.csv,sources_and_uses,Financing fees,7.5,USD_millions,,,,,Explicit fee sensitivity,sensitivity,owner_reviewed_for_phase5_testing,Not a lender quote.
SU-0024,data/phase4/processed/SOURCES_AND_USES.csv,sources_and_uses,"Legal, advisory and administrative expenses",2.5,USD_millions,,,,,Explicit cost sensitivity,sensitivity,owner_reviewed_for_phase5_testing,
SU-0025,data/phase4/processed/SOURCES_AND_USES.csv,sources_and_uses,LC cash collateral,0,USD_millions,SRC-001;SRC-003,Quanex FY2025 Form 10-K;Amendment No. 1 with conformed Second Amended and Restated Credit Agreement,https://www.sec.gov/Archives/edgar/data/1423221/000142322125000100/nx-20251031.htm;https://www.sec.gov/Archives/edgar/data/1423221/000110465924071335/tm2417183d1_ex10-1.htm,2025-12-12;2024-06-13,Zero if LCs replace under new revolver; $6.2m only in collateralization case,restricted_cash_funding_use,owner_reviewed_for_phase5_testing,Creates restricted cash or another restricted asset; excluded from usable operating liquidity and counted exactly once.
SU-0026,data/phase4/processed/SOURCES_AND_USES.csv,sources_and_uses,Total uses,679.89771875,USD_millions,,,,,Sum of use rows,calculated,owner_reviewed_for_phase5_testing,
SU-0027,data/phase4/processed/SOURCES_AND_USES.csv,sources_and_uses,New term funding,650,USD_millions,,,,,"Supported uses less approved cash, capped at $650m",calculated_proposed_source,owner_reviewed_for_phase5_testing,
SU-0028,data/phase4/processed/SOURCES_AND_USES.csv,sources_and_uses,Opening new-revolver draw,29.89771875,USD_millions,,,,,"Residual supported use, capped by $300m less replacement LCs",calculated_proposed_source,owner_reviewed_for_phase5_testing,Explicit funding waterfall; not an unexplained plug.
SU-0029,data/phase4/processed/SOURCES_AND_USES.csv,sources_and_uses,Borrower cash contribution,0,USD_millions,SRC-001;SRC-003,Quanex FY2025 Form 10-K;Amendment No. 1 with conformed Second Amended and Restated Credit Agreement,https://www.sec.gov/Archives/edgar/data/1423221/000142322125000100/nx-20251031.htm;https://www.sec.gov/Archives/edgar/data/1423221/000110465924071335/tm2417183d1_ex10-1.htm,2025-12-12;2024-06-13,Cannot exceed identified accessible cash,assumption,owner_reviewed_for_phase5_testing,
SU-0030,data/phase4/processed/SOURCES_AND_USES.csv,sources_and_uses,Total sources excluding funding gap,679.89771875,USD_millions,,,,,Sum of committed-modeled sources,calculated,owner_reviewed_for_phase5_testing,
SU-0031,data/phase4/processed/SOURCES_AND_USES.csv,sources_and_uses,Explicit residual funding gap,0,USD_millions,,,,,Maximum of zero and uses less capped modeled sources,calculated,owner_reviewed_for_phase5_testing,
SU-0032,data/phase4/processed/SOURCES_AND_USES.csv,sources_and_uses,Sources plus explicit gap less uses,0,USD_millions,,,,,Total sources + gap - total uses,calculated_control,owner_reviewed_for_phase5_testing,
SU-0033,data/phase4/processed/SOURCES_AND_USES.csv,sources_and_uses,Existing Term A payoff,468.75,USD_millions,SRC-001;SRC-003,Quanex FY2025 Form 10-K;Amendment No. 1 with conformed Second Amended and Restated Credit Agreement,https://www.sec.gov/Archives/edgar/data/1423221/000142322125000100/nx-20251031.htm;https://www.sec.gov/Archives/edgar/data/1423221/000110465924071335/tm2417183d1_ex10-1.htm,2025-12-12;2024-06-13,Opening principal less pre-closing amortization only,fact_plus_timing_assumption,owner_reviewed_for_phase5_testing,
SU-0034,data/phase4/processed/SOURCES_AND_USES.csv,sources_and_uses,Existing revolver payoff,222.5,USD_millions,SRC-001;SRC-021,Quanex FY2025 Form 10-K;Quanex FY2025 Q1 results release,https://www.sec.gov/Archives/edgar/data/1423221/000142322125000100/nx-20251031.htm;https://investors.quanex.com/news-releases/news-release-details/quanex-building-products-announces-first-quarter-2025-results,2025-12-12;2025-03-10,October 31 draw plus owner-reviewed principal-balance sensitivity; historical FCF is calibration only,fact_plus_sensitivity,owner_reviewed_for_phase5_testing,
SU-0035,data/phase4/processed/SOURCES_AND_USES.csv,sources_and_uses,Other bank-debt movement,0,USD_millions,SRC-001,Quanex FY2025 Form 10-K,https://www.sec.gov/Archives/edgar/data/1423221/000142322125000100/nx-20251031.htm,2025-12-12,Explicit input,sensitivity,owner_reviewed_for_phase5_testing,
SU-0036,data/phase4/processed/SOURCES_AND_USES.csv,sources_and_uses,Accrued interest,7.5691875,USD_millions,SRC-001,Quanex FY2025 Form 10-K,https://www.sec.gov/Archives/edgar/data/1423221/000142322125000100/nx-20251031.htm,2025-12-12,Separate unpaid payoff-interest sensitivity; must reconcile to Phase 5 integrated interest,sensitivity,owner_reviewed_for_phase5_testing,Do not double count cash interest already embedded in the historical FCF calibration reference.
SU-0037,data/phase4/processed/SOURCES_AND_USES.csv,sources_and_uses,Prepayment premium,0,USD_millions,SRC-003,Amendment No. 1 with conformed Second Amended and Restated Credit Agreement,https://www.sec.gov/Archives/edgar/data/1423221/000110465924071335/tm2417183d1_ex10-1.htm,2024-06-13,No premium under public agreement; breakage separate,reported_contract_term,owner_reviewed_for_phase5_testing,
SU-0038,data/phase4/processed/SOURCES_AND_USES.csv,sources_and_uses,Hedge and interest-period break cost,10,USD_millions,SRC-003,Amendment No. 1 with conformed Second Amended and Restated Credit Agreement,https://www.sec.gov/Archives/edgar/data/1423221/000110465924071335/tm2417183d1_ex10-1.htm,2024-06-13,Explicit sensitivity,sensitivity,owner_reviewed_for_phase5_testing,
SU-0039,data/phase4/processed/SOURCES_AND_USES.csv,sources_and_uses,Financing fees,15,USD_millions,,,,,Explicit fee sensitivity,sensitivity,owner_reviewed_for_phase5_testing,Not a lender quote.
SU-0040,data/phase4/processed/SOURCES_AND_USES.csv,sources_and_uses,"Legal, advisory and administrative expenses",5,USD_millions,,,,,Explicit cost sensitivity,sensitivity,owner_reviewed_for_phase5_testing,
SU-0041,data/phase4/processed/SOURCES_AND_USES.csv,sources_and_uses,LC cash collateral,6.2,USD_millions,SRC-001;SRC-003,Quanex FY2025 Form 10-K;Amendment No. 1 with conformed Second Amended and Restated Credit Agreement,https://www.sec.gov/Archives/edgar/data/1423221/000142322125000100/nx-20251031.htm;https://www.sec.gov/Archives/edgar/data/1423221/000110465924071335/tm2417183d1_ex10-1.htm,2025-12-12;2024-06-13,Zero if LCs replace under new revolver; $6.2m only in collateralization case,restricted_cash_funding_use,owner_reviewed_for_phase5_testing,Creates restricted cash or another restricted asset; excluded from usable operating liquidity and counted exactly once.
SU-0042,data/phase4/processed/SOURCES_AND_USES.csv,sources_and_uses,Total uses,735.0191875,USD_millions,,,,,Sum of use rows,calculated,owner_reviewed_for_phase5_testing,
SU-0043,data/phase4/processed/SOURCES_AND_USES.csv,sources_and_uses,New term funding,650,USD_millions,,,,,"Supported uses less approved cash, capped at $650m",calculated_proposed_source,owner_reviewed_for_phase5_testing,
SU-0044,data/phase4/processed/SOURCES_AND_USES.csv,sources_and_uses,Opening new-revolver draw,85.0191875,USD_millions,,,,,"Residual supported use, capped by $300m less replacement LCs",calculated_proposed_source,owner_reviewed_for_phase5_testing,Explicit funding waterfall; not an unexplained plug.
SU-0045,data/phase4/processed/SOURCES_AND_USES.csv,sources_and_uses,Borrower cash contribution,0,USD_millions,SRC-001;SRC-003,Quanex FY2025 Form 10-K;Amendment No. 1 with conformed Second Amended and Restated Credit Agreement,https://www.sec.gov/Archives/edgar/data/1423221/000142322125000100/nx-20251031.htm;https://www.sec.gov/Archives/edgar/data/1423221/000110465924071335/tm2417183d1_ex10-1.htm,2025-12-12;2024-06-13,Cannot exceed identified accessible cash,assumption,owner_reviewed_for_phase5_testing,
SU-0046,data/phase4/processed/SOURCES_AND_USES.csv,sources_and_uses,Total sources excluding funding gap,735.0191875,USD_millions,,,,,Sum of committed-modeled sources,calculated,owner_reviewed_for_phase5_testing,
SU-0047,data/phase4/processed/SOURCES_AND_USES.csv,sources_and_uses,Explicit residual funding gap,0,USD_millions,,,,,Maximum of zero and uses less capped modeled sources,calculated,owner_reviewed_for_phase5_testing,
SU-0048,data/phase4/processed/SOURCES_AND_USES.csv,sources_and_uses,Sources plus explicit gap less uses,0,USD_millions,,,,,Total sources + gap - total uses,calculated_control,owner_reviewed_for_phase5_testing,
DS-0001,data/phase4/processed/DEBT_SCHEDULE.csv,principal_schedule,2026-01-30,6.25,USD_millions,,,,,,executed_contract_term_schedule_from_2025_10_31_balance,not_applicable_existing_fact,Section 2.3 requires installments on the last Business Day of each fiscal quarter. Weekend-adjusted dates are shown; Agent holiday convention and payoff application require closing confirmation.
DS-0002,data/phase4/processed/DEBT_SCHEDULE.csv,principal_schedule,2026-04-30,6.25,USD_millions,,,,,,executed_contract_term_schedule_from_2025_10_31_balance,not_applicable_existing_fact,Section 2.3 requires installments on the last Business Day of each fiscal quarter. Weekend-adjusted dates are shown; Agent holiday convention and payoff application require closing confirmation.
DS-0003,data/phase4/processed/DEBT_SCHEDULE.csv,principal_schedule,2026-07-31,6.25,USD_millions,,,,,,executed_contract_term_schedule_from_2025_10_31_balance,not_applicable_existing_fact,Section 2.3 requires installments on the last Business Day of each fiscal quarter. Weekend-adjusted dates are shown; Agent holiday convention and payoff application require closing confirmation.
DS-0004,data/phase4/processed/DEBT_SCHEDULE.csv,principal_schedule,2026-10-30,6.25,USD_millions,,,,,,executed_contract_term_schedule_from_2025_10_31_balance,not_applicable_existing_fact,Section 2.3 requires installments on the last Business Day of each fiscal quarter. Weekend-adjusted dates are shown; Agent holiday convention and payoff application require closing confirmation.
DS-0005,data/phase4/processed/DEBT_SCHEDULE.csv,principal_schedule,2027-01-29,6.25,USD_millions,,,,,,executed_contract_term_schedule_from_2025_10_31_balance,not_applicable_existing_fact,Section 2.3 requires installments on the last Business Day of each fiscal quarter. Weekend-adjusted dates are shown; Agent holiday convention and payoff application require closing confirmation.
DS-0006,data/phase4/processed/DEBT_SCHEDULE.csv,principal_schedule,2027-04-30,6.25,USD_millions,,,,,,executed_contract_term_schedule_from_2025_10_31_balance,not_applicable_existing_fact,Section 2.3 requires installments on the last Business Day of each fiscal quarter. Weekend-adjusted dates are shown; Agent holiday convention and payoff application require closing confirmation.
DS-0007,data/phase4/processed/DEBT_SCHEDULE.csv,principal_schedule,2027-07-30,6.25,USD_millions,,,,,,executed_contract_term_schedule_from_2025_10_31_balance,not_applicable_existing_fact,Section 2.3 requires installments on the last Business Day of each fiscal quarter. Weekend-adjusted dates are shown; Agent holiday convention and payoff application require closing confirmation.
DS-0008,data/phase4/processed/DEBT_SCHEDULE.csv,principal_schedule,2027-10-29,6.25,USD_millions,,,,,,executed_contract_term_schedule_from_2025_10_31_balance,not_applicable_existing_fact,Section 2.3 requires installments on the last Business Day of each fiscal quarter. Weekend-adjusted dates are shown; Agent holiday convention and payoff application require closing confirmation.
DS-0009,data/phase4/processed/DEBT_SCHEDULE.csv,principal_schedule,2028-01-31,6.25,USD_millions,,,,,,executed_contract_term_schedule_from_2025_10_31_balance,not_applicable_existing_fact,Section 2.3 requires installments on the last Business Day of each fiscal quarter. Weekend-adjusted dates are shown; Agent holiday convention and payoff application require closing confirmation.
DS-0010,data/phase4/processed/DEBT_SCHEDULE.csv,principal_schedule,2028-04-28,6.25,USD_millions,,,,,,executed_contract_term_schedule_from_2025_10_31_balance,not_applicable_existing_fact,Section 2.3 requires installments on the last Business Day of each fiscal quarter. Weekend-adjusted dates are shown; Agent holiday convention and payoff application require closing confirmation.
DS-0011,data/phase4/processed/DEBT_SCHEDULE.csv,principal_schedule,2028-07-31,6.25,USD_millions,,,,,,executed_contract_term_schedule_from_2025_10_31_balance,not_applicable_existing_fact,Section 2.3 requires installments on the last Business Day of each fiscal quarter. Weekend-adjusted dates are shown; Agent holiday convention and payoff application require closing confirmation.
DS-0012,data/phase4/processed/DEBT_SCHEDULE.csv,principal_schedule,2028-10-31,6.25,USD_millions,,,,,,executed_contract_term_schedule_from_2025_10_31_balance,not_applicable_existing_fact,Section 2.3 requires installments on the last Business Day of each fiscal quarter. Weekend-adjusted dates are shown; Agent holiday convention and payoff application require closing confirmation.
DS-0013,data/phase4/processed/DEBT_SCHEDULE.csv,principal_schedule,2029-01-31,6.25,USD_millions,,,,,,executed_contract_term_schedule_from_2025_10_31_balance,not_applicable_existing_fact,Section 2.3 requires installments on the last Business Day of each fiscal quarter. Weekend-adjusted dates are shown; Agent holiday convention and payoff application require closing confirmation.
DS-0014,data/phase4/processed/DEBT_SCHEDULE.csv,principal_schedule,2029-04-30,6.25,USD_millions,,,,,,executed_contract_term_schedule_from_2025_10_31_balance,not_applicable_existing_fact,Section 2.3 requires installments on the last Business Day of each fiscal quarter. Weekend-adjusted dates are shown; Agent holiday convention and payoff application require closing confirmation.
DS-0015,data/phase4/processed/DEBT_SCHEDULE.csv,principal_schedule,2029-07-31,6.25,USD_millions,,,,,,executed_contract_term_schedule_from_2025_10_31_balance,not_applicable_existing_fact,Section 2.3 requires installments on the last Business Day of each fiscal quarter. Weekend-adjusted dates are shown; Agent holiday convention and payoff application require closing confirmation.
DS-0016,data/phase4/processed/DEBT_SCHEDULE.csv,principal_schedule,2029-08-01,375,USD_millions,,,,,,executed_contract_term_maturity,not_applicable_existing_fact,"The July 31, 2029 quarterly installment precedes the August 1, 2029 maturity; no separate quarterly installment is modeled on the maturity date."
DS-0017,data/phase4/processed/DEBT_SCHEDULE.csv,principal_schedule,2026-04-30,8,USD_millions,,,,,,hypothetical_principal_only_schedule,owner_reviewed_for_phase5_testing,"No cash sweep, voluntary repayment, revolver movement, or interest projection is included. The first modeled payment is 2026-04-30; actual business-day mechanics require final documents."
DS-0018,data/phase4/processed/DEBT_SCHEDULE.csv,principal_schedule,2026-07-31,8,USD_millions,,,,,,hypothetical_principal_only_schedule,owner_reviewed_for_phase5_testing,"No cash sweep, voluntary repayment, revolver movement, or interest projection is included. The first modeled payment is 2026-04-30; actual business-day mechanics require final documents."
DS-0019,data/phase4/processed/DEBT_SCHEDULE.csv,principal_schedule,2026-10-31,8,USD_millions,,,,,,hypothetical_principal_only_schedule,owner_reviewed_for_phase5_testing,"No cash sweep, voluntary repayment, revolver movement, or interest projection is included. The first modeled payment is 2026-04-30; actual business-day mechanics require final documents."
DS-0020,data/phase4/processed/DEBT_SCHEDULE.csv,principal_schedule,2027-01-31,8,USD_millions,,,,,,hypothetical_principal_only_schedule,owner_reviewed_for_phase5_testing,"No cash sweep, voluntary repayment, revolver movement, or interest projection is included. The first modeled payment is 2026-04-30; actual business-day mechanics require final documents."
DS-0021,data/phase4/processed/DEBT_SCHEDULE.csv,principal_schedule,2027-04-30,8,USD_millions,,,,,,hypothetical_principal_only_schedule,owner_reviewed_for_phase5_testing,"No cash sweep, voluntary repayment, revolver movement, or interest projection is included. The first modeled payment is 2026-04-30; actual business-day mechanics require final documents."
DS-0022,data/phase4/processed/DEBT_SCHEDULE.csv,principal_schedule,2027-07-31,8,USD_millions,,,,,,hypothetical_principal_only_schedule,owner_reviewed_for_phase5_testing,"No cash sweep, voluntary repayment, revolver movement, or interest projection is included. The first modeled payment is 2026-04-30; actual business-day mechanics require final documents."
DS-0023,data/phase4/processed/DEBT_SCHEDULE.csv,principal_schedule,2027-10-31,8,USD_millions,,,,,,hypothetical_principal_only_schedule,owner_reviewed_for_phase5_testing,"No cash sweep, voluntary repayment, revolver movement, or interest projection is included. The first modeled payment is 2026-04-30; actual business-day mechanics require final documents."
DS-0024,data/phase4/processed/DEBT_SCHEDULE.csv,principal_schedule,2028-01-31,8,USD_millions,,,,,,hypothetical_principal_only_schedule,owner_reviewed_for_phase5_testing,"No cash sweep, voluntary repayment, revolver movement, or interest projection is included. The first modeled payment is 2026-04-30; actual business-day mechanics require final documents."
DS-0025,data/phase4/processed/DEBT_SCHEDULE.csv,principal_schedule,2028-04-30,8,USD_millions,,,,,,hypothetical_principal_only_schedule,owner_reviewed_for_phase5_testing,"No cash sweep, voluntary repayment, revolver movement, or interest projection is included. The first modeled payment is 2026-04-30; actual business-day mechanics require final documents."
DS-0026,data/phase4/processed/DEBT_SCHEDULE.csv,principal_schedule,2028-07-31,8,USD_millions,,,,,,hypothetical_principal_only_schedule,owner_reviewed_for_phase5_testing,"No cash sweep, voluntary repayment, revolver movement, or interest projection is included. The first modeled payment is 2026-04-30; actual business-day mechanics require final documents."
DS-0027,data/phase4/processed/DEBT_SCHEDULE.csv,principal_schedule,2028-10-31,8,USD_millions,,,,,,hypothetical_principal_only_schedule,owner_reviewed_for_phase5_testing,"No cash sweep, voluntary repayment, revolver movement, or interest projection is included. The first modeled payment is 2026-04-30; actual business-day mechanics require final documents."
DS-0028,data/phase4/processed/DEBT_SCHEDULE.csv,principal_schedule,2029-01-31,8,USD_millions,,,,,,hypothetical_principal_only_schedule,owner_reviewed_for_phase5_testing,"No cash sweep, voluntary repayment, revolver movement, or interest projection is included. The first modeled payment is 2026-04-30; actual business-day mechanics require final documents."
DS-0029,data/phase4/processed/DEBT_SCHEDULE.csv,principal_schedule,2029-04-30,8,USD_millions,,,,,,hypothetical_principal_only_schedule,owner_reviewed_for_phase5_testing,"No cash sweep, voluntary repayment, revolver movement, or interest projection is included. The first modeled payment is 2026-04-30; actual business-day mechanics require final documents."
DS-0030,data/phase4/processed/DEBT_SCHEDULE.csv,principal_schedule,2029-07-31,8,USD_millions,,,,,,hypothetical_principal_only_schedule,owner_reviewed_for_phase5_testing,"No cash sweep, voluntary repayment, revolver movement, or interest projection is included. The first modeled payment is 2026-04-30; actual business-day mechanics require final documents."
DS-0031,data/phase4/processed/DEBT_SCHEDULE.csv,principal_schedule,2029-10-31,8,USD_millions,,,,,,hypothetical_principal_only_schedule,owner_reviewed_for_phase5_testing,"No cash sweep, voluntary repayment, revolver movement, or interest projection is included. The first modeled payment is 2026-04-30; actual business-day mechanics require final documents."
DS-0032,data/phase4/processed/DEBT_SCHEDULE.csv,principal_schedule,2030-01-31,8,USD_millions,,,,,,hypothetical_principal_only_schedule,owner_reviewed_for_phase5_testing,"No cash sweep, voluntary repayment, revolver movement, or interest projection is included. The first modeled payment is 2026-04-30; actual business-day mechanics require final documents."
DS-0033,data/phase4/processed/DEBT_SCHEDULE.csv,principal_schedule,2030-04-30,8,USD_millions,,,,,,hypothetical_principal_only_schedule,owner_reviewed_for_phase5_testing,"No cash sweep, voluntary repayment, revolver movement, or interest projection is included. The first modeled payment is 2026-04-30; actual business-day mechanics require final documents."
DS-0034,data/phase4/processed/DEBT_SCHEDULE.csv,principal_schedule,2030-07-31,8,USD_millions,,,,,,hypothetical_principal_only_schedule,owner_reviewed_for_phase5_testing,"No cash sweep, voluntary repayment, revolver movement, or interest projection is included. The first modeled payment is 2026-04-30; actual business-day mechanics require final documents."
DS-0035,data/phase4/processed/DEBT_SCHEDULE.csv,principal_schedule,2030-10-31,8,USD_millions,,,,,,hypothetical_principal_only_schedule,owner_reviewed_for_phase5_testing,"No cash sweep, voluntary repayment, revolver movement, or interest projection is included. The first modeled payment is 2026-04-30; actual business-day mechanics require final documents."
DS-0036,data/phase4/processed/DEBT_SCHEDULE.csv,principal_schedule,2031-01-31,488,USD_millions,,,,,,hypothetical_principal_only_schedule,owner_reviewed_for_phase5_testing,"No cash sweep, voluntary repayment, revolver movement, or interest projection is included. The first modeled payment is 2026-04-30; actual business-day mechanics require final documents."
DS-0037,data/phase4/processed/DEBT_SCHEDULE.csv,principal_schedule,2026-04-30,16,USD_millions,,,,,,hypothetical_principal_only_schedule,owner_reviewed_for_phase5_testing,"No cash sweep, voluntary repayment, revolver movement, or interest projection is included. The first modeled payment is 2026-04-30; actual business-day mechanics require final documents."
DS-0038,data/phase4/processed/DEBT_SCHEDULE.csv,principal_schedule,2026-07-31,16,USD_millions,,,,,,hypothetical_principal_only_schedule,owner_reviewed_for_phase5_testing,"No cash sweep, voluntary repayment, revolver movement, or interest projection is included. The first modeled payment is 2026-04-30; actual business-day mechanics require final documents."
DS-0039,data/phase4/processed/DEBT_SCHEDULE.csv,principal_schedule,2026-10-31,16,USD_millions,,,,,,hypothetical_principal_only_schedule,owner_reviewed_for_phase5_testing,"No cash sweep, voluntary repayment, revolver movement, or interest projection is included. The first modeled payment is 2026-04-30; actual business-day mechanics require final documents."
DS-0040,data/phase4/processed/DEBT_SCHEDULE.csv,principal_schedule,2027-01-31,16,USD_millions,,,,,,hypothetical_principal_only_schedule,owner_reviewed_for_phase5_testing,"No cash sweep, voluntary repayment, revolver movement, or interest projection is included. The first modeled payment is 2026-04-30; actual business-day mechanics require final documents."
DS-0041,data/phase4/processed/DEBT_SCHEDULE.csv,principal_schedule,2027-04-30,16,USD_millions,,,,,,hypothetical_principal_only_schedule,owner_reviewed_for_phase5_testing,"No cash sweep, voluntary repayment, revolver movement, or interest projection is included. The first modeled payment is 2026-04-30; actual business-day mechanics require final documents."
DS-0042,data/phase4/processed/DEBT_SCHEDULE.csv,principal_schedule,2027-07-31,16,USD_millions,,,,,,hypothetical_principal_only_schedule,owner_reviewed_for_phase5_testing,"No cash sweep, voluntary repayment, revolver movement, or interest projection is included. The first modeled payment is 2026-04-30; actual business-day mechanics require final documents."
DS-0043,data/phase4/processed/DEBT_SCHEDULE.csv,principal_schedule,2027-10-31,16,USD_millions,,,,,,hypothetical_principal_only_schedule,owner_reviewed_for_phase5_testing,"No cash sweep, voluntary repayment, revolver movement, or interest projection is included. The first modeled payment is 2026-04-30; actual business-day mechanics require final documents."
DS-0044,data/phase4/processed/DEBT_SCHEDULE.csv,principal_schedule,2028-01-31,16,USD_millions,,,,,,hypothetical_principal_only_schedule,owner_reviewed_for_phase5_testing,"No cash sweep, voluntary repayment, revolver movement, or interest projection is included. The first modeled payment is 2026-04-30; actual business-day mechanics require final documents."
DS-0045,data/phase4/processed/DEBT_SCHEDULE.csv,principal_schedule,2028-04-30,16,USD_millions,,,,,,hypothetical_principal_only_schedule,owner_reviewed_for_phase5_testing,"No cash sweep, voluntary repayment, revolver movement, or interest projection is included. The first modeled payment is 2026-04-30; actual business-day mechanics require final documents."
DS-0046,data/phase4/processed/DEBT_SCHEDULE.csv,principal_schedule,2028-07-31,16,USD_millions,,,,,,hypothetical_principal_only_schedule,owner_reviewed_for_phase5_testing,"No cash sweep, voluntary repayment, revolver movement, or interest projection is included. The first modeled payment is 2026-04-30; actual business-day mechanics require final documents."
DS-0047,data/phase4/processed/DEBT_SCHEDULE.csv,principal_schedule,2028-10-31,16,USD_millions,,,,,,hypothetical_principal_only_schedule,owner_reviewed_for_phase5_testing,"No cash sweep, voluntary repayment, revolver movement, or interest projection is included. The first modeled payment is 2026-04-30; actual business-day mechanics require final documents."
DS-0048,data/phase4/processed/DEBT_SCHEDULE.csv,principal_schedule,2029-01-31,16,USD_millions,,,,,,hypothetical_principal_only_schedule,owner_reviewed_for_phase5_testing,"No cash sweep, voluntary repayment, revolver movement, or interest projection is included. The first modeled payment is 2026-04-30; actual business-day mechanics require final documents."
DS-0049,data/phase4/processed/DEBT_SCHEDULE.csv,principal_schedule,2029-04-30,16,USD_millions,,,,,,hypothetical_principal_only_schedule,owner_reviewed_for_phase5_testing,"No cash sweep, voluntary repayment, revolver movement, or interest projection is included. The first modeled payment is 2026-04-30; actual business-day mechanics require final documents."
DS-0050,data/phase4/processed/DEBT_SCHEDULE.csv,principal_schedule,2029-07-31,16,USD_millions,,,,,,hypothetical_principal_only_schedule,owner_reviewed_for_phase5_testing,"No cash sweep, voluntary repayment, revolver movement, or interest projection is included. The first modeled payment is 2026-04-30; actual business-day mechanics require final documents."
DS-0051,data/phase4/processed/DEBT_SCHEDULE.csv,principal_schedule,2029-10-31,16,USD_millions,,,,,,hypothetical_principal_only_schedule,owner_reviewed_for_phase5_testing,"No cash sweep, voluntary repayment, revolver movement, or interest projection is included. The first modeled payment is 2026-04-30; actual business-day mechanics require final documents."
DS-0052,data/phase4/processed/DEBT_SCHEDULE.csv,principal_schedule,2030-01-31,16,USD_millions,,,,,,hypothetical_principal_only_schedule,owner_reviewed_for_phase5_testing,"No cash sweep, voluntary repayment, revolver movement, or interest projection is included. The first modeled payment is 2026-04-30; actual business-day mechanics require final documents."
DS-0053,data/phase4/processed/DEBT_SCHEDULE.csv,principal_schedule,2030-04-30,16,USD_millions,,,,,,hypothetical_principal_only_schedule,owner_reviewed_for_phase5_testing,"No cash sweep, voluntary repayment, revolver movement, or interest projection is included. The first modeled payment is 2026-04-30; actual business-day mechanics require final documents."
DS-0054,data/phase4/processed/DEBT_SCHEDULE.csv,principal_schedule,2030-07-31,16,USD_millions,,,,,,hypothetical_principal_only_schedule,owner_reviewed_for_phase5_testing,"No cash sweep, voluntary repayment, revolver movement, or interest projection is included. The first modeled payment is 2026-04-30; actual business-day mechanics require final documents."
DS-0055,data/phase4/processed/DEBT_SCHEDULE.csv,principal_schedule,2030-10-31,16,USD_millions,,,,,,hypothetical_principal_only_schedule,owner_reviewed_for_phase5_testing,"No cash sweep, voluntary repayment, revolver movement, or interest projection is included. The first modeled payment is 2026-04-30; actual business-day mechanics require final documents."
DS-0056,data/phase4/processed/DEBT_SCHEDULE.csv,principal_schedule,2031-01-31,336,USD_millions,,,,,,hypothetical_principal_only_schedule,owner_reviewed_for_phase5_testing,"No cash sweep, voluntary repayment, revolver movement, or interest projection is included. The first modeled payment is 2026-04-30; actual business-day mechanics require final documents."
DS-0057,data/phase4/processed/DEBT_SCHEDULE.csv,principal_schedule,2026-04-30,24,USD_millions,,,,,,hypothetical_principal_only_schedule,owner_reviewed_for_phase5_testing,"No cash sweep, voluntary repayment, revolver movement, or interest projection is included. The first modeled payment is 2026-04-30; actual business-day mechanics require final documents."
DS-0058,data/phase4/processed/DEBT_SCHEDULE.csv,principal_schedule,2026-07-31,24,USD_millions,,,,,,hypothetical_principal_only_schedule,owner_reviewed_for_phase5_testing,"No cash sweep, voluntary repayment, revolver movement, or interest projection is included. The first modeled payment is 2026-04-30; actual business-day mechanics require final documents."
DS-0059,data/phase4/processed/DEBT_SCHEDULE.csv,principal_schedule,2026-10-31,24,USD_millions,,,,,,hypothetical_principal_only_schedule,owner_reviewed_for_phase5_testing,"No cash sweep, voluntary repayment, revolver movement, or interest projection is included. The first modeled payment is 2026-04-30; actual business-day mechanics require final documents."
DS-0060,data/phase4/processed/DEBT_SCHEDULE.csv,principal_schedule,2027-01-31,24,USD_millions,,,,,,hypothetical_principal_only_schedule,owner_reviewed_for_phase5_testing,"No cash sweep, voluntary repayment, revolver movement, or interest projection is included. The first modeled payment is 2026-04-30; actual business-day mechanics require final documents."
DS-0061,data/phase4/processed/DEBT_SCHEDULE.csv,principal_schedule,2027-04-30,24,USD_millions,,,,,,hypothetical_principal_only_schedule,owner_reviewed_for_phase5_testing,"No cash sweep, voluntary repayment, revolver movement, or interest projection is included. The first modeled payment is 2026-04-30; actual business-day mechanics require final documents."
DS-0062,data/phase4/processed/DEBT_SCHEDULE.csv,principal_schedule,2027-07-31,24,USD_millions,,,,,,hypothetical_principal_only_schedule,owner_reviewed_for_phase5_testing,"No cash sweep, voluntary repayment, revolver movement, or interest projection is included. The first modeled payment is 2026-04-30; actual business-day mechanics require final documents."
DS-0063,data/phase4/processed/DEBT_SCHEDULE.csv,principal_schedule,2027-10-31,24,USD_millions,,,,,,hypothetical_principal_only_schedule,owner_reviewed_for_phase5_testing,"No cash sweep, voluntary repayment, revolver movement, or interest projection is included. The first modeled payment is 2026-04-30; actual business-day mechanics require final documents."
DS-0064,data/phase4/processed/DEBT_SCHEDULE.csv,principal_schedule,2028-01-31,24,USD_millions,,,,,,hypothetical_principal_only_schedule,owner_reviewed_for_phase5_testing,"No cash sweep, voluntary repayment, revolver movement, or interest projection is included. The first modeled payment is 2026-04-30; actual business-day mechanics require final documents."
DS-0065,data/phase4/processed/DEBT_SCHEDULE.csv,principal_schedule,2028-04-30,24,USD_millions,,,,,,hypothetical_principal_only_schedule,owner_reviewed_for_phase5_testing,"No cash sweep, voluntary repayment, revolver movement, or interest projection is included. The first modeled payment is 2026-04-30; actual business-day mechanics require final documents."
DS-0066,data/phase4/processed/DEBT_SCHEDULE.csv,principal_schedule,2028-07-31,24,USD_millions,,,,,,hypothetical_principal_only_schedule,owner_reviewed_for_phase5_testing,"No cash sweep, voluntary repayment, revolver movement, or interest projection is included. The first modeled payment is 2026-04-30; actual business-day mechanics require final documents."
DS-0067,data/phase4/processed/DEBT_SCHEDULE.csv,principal_schedule,2028-10-31,24,USD_millions,,,,,,hypothetical_principal_only_schedule,owner_reviewed_for_phase5_testing,"No cash sweep, voluntary repayment, revolver movement, or interest projection is included. The first modeled payment is 2026-04-30; actual business-day mechanics require final documents."
DS-0068,data/phase4/processed/DEBT_SCHEDULE.csv,principal_schedule,2029-01-31,24,USD_millions,,,,,,hypothetical_principal_only_schedule,owner_reviewed_for_phase5_testing,"No cash sweep, voluntary repayment, revolver movement, or interest projection is included. The first modeled payment is 2026-04-30; actual business-day mechanics require final documents."
DS-0069,data/phase4/processed/DEBT_SCHEDULE.csv,principal_schedule,2029-04-30,24,USD_millions,,,,,,hypothetical_principal_only_schedule,owner_reviewed_for_phase5_testing,"No cash sweep, voluntary repayment, revolver movement, or interest projection is included. The first modeled payment is 2026-04-30; actual business-day mechanics require final documents."
DS-0070,data/phase4/processed/DEBT_SCHEDULE.csv,principal_schedule,2029-07-31,24,USD_millions,,,,,,hypothetical_principal_only_schedule,owner_reviewed_for_phase5_testing,"No cash sweep, voluntary repayment, revolver movement, or interest projection is included. The first modeled payment is 2026-04-30; actual business-day mechanics require final documents."
DS-0071,data/phase4/processed/DEBT_SCHEDULE.csv,principal_schedule,2029-10-31,24,USD_millions,,,,,,hypothetical_principal_only_schedule,owner_reviewed_for_phase5_testing,"No cash sweep, voluntary repayment, revolver movement, or interest projection is included. The first modeled payment is 2026-04-30; actual business-day mechanics require final documents."
DS-0072,data/phase4/processed/DEBT_SCHEDULE.csv,principal_schedule,2030-01-31,24,USD_millions,,,,,,hypothetical_principal_only_schedule,owner_reviewed_for_phase5_testing,"No cash sweep, voluntary repayment, revolver movement, or interest projection is included. The first modeled payment is 2026-04-30; actual business-day mechanics require final documents."
DS-0073,data/phase4/processed/DEBT_SCHEDULE.csv,principal_schedule,2030-04-30,24,USD_millions,,,,,,hypothetical_principal_only_schedule,owner_reviewed_for_phase5_testing,"No cash sweep, voluntary repayment, revolver movement, or interest projection is included. The first modeled payment is 2026-04-30; actual business-day mechanics require final documents."
DS-0074,data/phase4/processed/DEBT_SCHEDULE.csv,principal_schedule,2030-07-31,24,USD_millions,,,,,,hypothetical_principal_only_schedule,owner_reviewed_for_phase5_testing,"No cash sweep, voluntary repayment, revolver movement, or interest projection is included. The first modeled payment is 2026-04-30; actual business-day mechanics require final documents."
DS-0075,data/phase4/processed/DEBT_SCHEDULE.csv,principal_schedule,2030-10-31,24,USD_millions,,,,,,hypothetical_principal_only_schedule,owner_reviewed_for_phase5_testing,"No cash sweep, voluntary repayment, revolver movement, or interest projection is included. The first modeled payment is 2026-04-30; actual business-day mechanics require final documents."
DS-0076,data/phase4/processed/DEBT_SCHEDULE.csv,principal_schedule,2031-01-31,184,USD_millions,,,,,,hypothetical_principal_only_schedule,owner_reviewed_for_phase5_testing,"No cash sweep, voluntary repayment, revolver movement, or interest projection is included. The first modeled payment is 2026-04-30; actual business-day mechanics require final documents."
DS-0077,data/phase4/processed/DEBT_SCHEDULE.csv,principal_schedule,2026-04-30,8.125,USD_millions,,,,,,hypothetical_principal_only_schedule,owner_reviewed_for_phase5_testing,"No cash sweep, voluntary repayment, revolver movement, or interest projection is included. The first modeled payment is 2026-04-30; actual business-day mechanics require final documents."
DS-0078,data/phase4/processed/DEBT_SCHEDULE.csv,principal_schedule,2026-07-31,8.125,USD_millions,,,,,,hypothetical_principal_only_schedule,owner_reviewed_for_phase5_testing,"No cash sweep, voluntary repayment, revolver movement, or interest projection is included. The first modeled payment is 2026-04-30; actual business-day mechanics require final documents."
DS-0079,data/phase4/processed/DEBT_SCHEDULE.csv,principal_schedule,2026-10-31,8.125,USD_millions,,,,,,hypothetical_principal_only_schedule,owner_reviewed_for_phase5_testing,"No cash sweep, voluntary repayment, revolver movement, or interest projection is included. The first modeled payment is 2026-04-30; actual business-day mechanics require final documents."
DS-0080,data/phase4/processed/DEBT_SCHEDULE.csv,principal_schedule,2027-01-31,8.125,USD_millions,,,,,,hypothetical_principal_only_schedule,owner_reviewed_for_phase5_testing,"No cash sweep, voluntary repayment, revolver movement, or interest projection is included. The first modeled payment is 2026-04-30; actual business-day mechanics require final documents."
DS-0081,data/phase4/processed/DEBT_SCHEDULE.csv,principal_schedule,2027-04-30,8.125,USD_millions,,,,,,hypothetical_principal_only_schedule,owner_reviewed_for_phase5_testing,"No cash sweep, voluntary repayment, revolver movement, or interest projection is included. The first modeled payment is 2026-04-30; actual business-day mechanics require final documents."
DS-0082,data/phase4/processed/DEBT_SCHEDULE.csv,principal_schedule,2027-07-31,8.125,USD_millions,,,,,,hypothetical_principal_only_schedule,owner_reviewed_for_phase5_testing,"No cash sweep, voluntary repayment, revolver movement, or interest projection is included. The first modeled payment is 2026-04-30; actual business-day mechanics require final documents."
DS-0083,data/phase4/processed/DEBT_SCHEDULE.csv,principal_schedule,2027-10-31,8.125,USD_millions,,,,,,hypothetical_principal_only_schedule,owner_reviewed_for_phase5_testing,"No cash sweep, voluntary repayment, revolver movement, or interest projection is included. The first modeled payment is 2026-04-30; actual business-day mechanics require final documents."
DS-0084,data/phase4/processed/DEBT_SCHEDULE.csv,principal_schedule,2028-01-31,8.125,USD_millions,,,,,,hypothetical_principal_only_schedule,owner_reviewed_for_phase5_testing,"No cash sweep, voluntary repayment, revolver movement, or interest projection is included. The first modeled payment is 2026-04-30; actual business-day mechanics require final documents."
DS-0085,data/phase4/processed/DEBT_SCHEDULE.csv,principal_schedule,2028-04-30,8.125,USD_millions,,,,,,hypothetical_principal_only_schedule,owner_reviewed_for_phase5_testing,"No cash sweep, voluntary repayment, revolver movement, or interest projection is included. The first modeled payment is 2026-04-30; actual business-day mechanics require final documents."
DS-0086,data/phase4/processed/DEBT_SCHEDULE.csv,principal_schedule,2028-07-31,8.125,USD_millions,,,,,,hypothetical_principal_only_schedule,owner_reviewed_for_phase5_testing,"No cash sweep, voluntary repayment, revolver movement, or interest projection is included. The first modeled payment is 2026-04-30; actual business-day mechanics require final documents."
DS-0087,data/phase4/processed/DEBT_SCHEDULE.csv,principal_schedule,2028-10-31,8.125,USD_millions,,,,,,hypothetical_principal_only_schedule,owner_reviewed_for_phase5_testing,"No cash sweep, voluntary repayment, revolver movement, or interest projection is included. The first modeled payment is 2026-04-30; actual business-day mechanics require final documents."
DS-0088,data/phase4/processed/DEBT_SCHEDULE.csv,principal_schedule,2029-01-31,8.125,USD_millions,,,,,,hypothetical_principal_only_schedule,owner_reviewed_for_phase5_testing,"No cash sweep, voluntary repayment, revolver movement, or interest projection is included. The first modeled payment is 2026-04-30; actual business-day mechanics require final documents."
DS-0089,data/phase4/processed/DEBT_SCHEDULE.csv,principal_schedule,2029-04-30,8.125,USD_millions,,,,,,hypothetical_principal_only_schedule,owner_reviewed_for_phase5_testing,"No cash sweep, voluntary repayment, revolver movement, or interest projection is included. The first modeled payment is 2026-04-30; actual business-day mechanics require final documents."
DS-0090,data/phase4/processed/DEBT_SCHEDULE.csv,principal_schedule,2029-07-31,8.125,USD_millions,,,,,,hypothetical_principal_only_schedule,owner_reviewed_for_phase5_testing,"No cash sweep, voluntary repayment, revolver movement, or interest projection is included. The first modeled payment is 2026-04-30; actual business-day mechanics require final documents."
DS-0091,data/phase4/processed/DEBT_SCHEDULE.csv,principal_schedule,2029-10-31,8.125,USD_millions,,,,,,hypothetical_principal_only_schedule,owner_reviewed_for_phase5_testing,"No cash sweep, voluntary repayment, revolver movement, or interest projection is included. The first modeled payment is 2026-04-30; actual business-day mechanics require final documents."
DS-0092,data/phase4/processed/DEBT_SCHEDULE.csv,principal_schedule,2030-01-31,8.125,USD_millions,,,,,,hypothetical_principal_only_schedule,owner_reviewed_for_phase5_testing,"No cash sweep, voluntary repayment, revolver movement, or interest projection is included. The first modeled payment is 2026-04-30; actual business-day mechanics require final documents."
DS-0093,data/phase4/processed/DEBT_SCHEDULE.csv,principal_schedule,2030-04-30,8.125,USD_millions,,,,,,hypothetical_principal_only_schedule,owner_reviewed_for_phase5_testing,"No cash sweep, voluntary repayment, revolver movement, or interest projection is included. The first modeled payment is 2026-04-30; actual business-day mechanics require final documents."
DS-0094,data/phase4/processed/DEBT_SCHEDULE.csv,principal_schedule,2030-07-31,8.125,USD_millions,,,,,,hypothetical_principal_only_schedule,owner_reviewed_for_phase5_testing,"No cash sweep, voluntary repayment, revolver movement, or interest projection is included. The first modeled payment is 2026-04-30; actual business-day mechanics require final documents."
DS-0095,data/phase4/processed/DEBT_SCHEDULE.csv,principal_schedule,2030-10-31,8.125,USD_millions,,,,,,hypothetical_principal_only_schedule,owner_reviewed_for_phase5_testing,"No cash sweep, voluntary repayment, revolver movement, or interest projection is included. The first modeled payment is 2026-04-30; actual business-day mechanics require final documents."
DS-0096,data/phase4/processed/DEBT_SCHEDULE.csv,principal_schedule,2031-01-31,495.625,USD_millions,,,,,,hypothetical_principal_only_schedule,owner_reviewed_for_phase5_testing,"No cash sweep, voluntary repayment, revolver movement, or interest projection is included. The first modeled payment is 2026-04-30; actual business-day mechanics require final documents."
DS-0097,data/phase4/processed/DEBT_SCHEDULE.csv,principal_schedule,2026-04-30,16.25,USD_millions,,,,,,hypothetical_principal_only_schedule,owner_reviewed_for_phase5_testing,"No cash sweep, voluntary repayment, revolver movement, or interest projection is included. The first modeled payment is 2026-04-30; actual business-day mechanics require final documents."
DS-0098,data/phase4/processed/DEBT_SCHEDULE.csv,principal_schedule,2026-07-31,16.25,USD_millions,,,,,,hypothetical_principal_only_schedule,owner_reviewed_for_phase5_testing,"No cash sweep, voluntary repayment, revolver movement, or interest projection is included. The first modeled payment is 2026-04-30; actual business-day mechanics require final documents."
DS-0099,data/phase4/processed/DEBT_SCHEDULE.csv,principal_schedule,2026-10-31,16.25,USD_millions,,,,,,hypothetical_principal_only_schedule,owner_reviewed_for_phase5_testing,"No cash sweep, voluntary repayment, revolver movement, or interest projection is included. The first modeled payment is 2026-04-30; actual business-day mechanics require final documents."
DS-0100,data/phase4/processed/DEBT_SCHEDULE.csv,principal_schedule,2027-01-31,16.25,USD_millions,,,,,,hypothetical_principal_only_schedule,owner_reviewed_for_phase5_testing,"No cash sweep, voluntary repayment, revolver movement, or interest projection is included. The first modeled payment is 2026-04-30; actual business-day mechanics require final documents."
DS-0101,data/phase4/processed/DEBT_SCHEDULE.csv,principal_schedule,2027-04-30,16.25,USD_millions,,,,,,hypothetical_principal_only_schedule,owner_reviewed_for_phase5_testing,"No cash sweep, voluntary repayment, revolver movement, or interest projection is included. The first modeled payment is 2026-04-30; actual business-day mechanics require final documents."
DS-0102,data/phase4/processed/DEBT_SCHEDULE.csv,principal_schedule,2027-07-31,16.25,USD_millions,,,,,,hypothetical_principal_only_schedule,owner_reviewed_for_phase5_testing,"No cash sweep, voluntary repayment, revolver movement, or interest projection is included. The first modeled payment is 2026-04-30; actual business-day mechanics require final documents."
DS-0103,data/phase4/processed/DEBT_SCHEDULE.csv,principal_schedule,2027-10-31,16.25,USD_millions,,,,,,hypothetical_principal_only_schedule,owner_reviewed_for_phase5_testing,"No cash sweep, voluntary repayment, revolver movement, or interest projection is included. The first modeled payment is 2026-04-30; actual business-day mechanics require final documents."
DS-0104,data/phase4/processed/DEBT_SCHEDULE.csv,principal_schedule,2028-01-31,16.25,USD_millions,,,,,,hypothetical_principal_only_schedule,owner_reviewed_for_phase5_testing,"No cash sweep, voluntary repayment, revolver movement, or interest projection is included. The first modeled payment is 2026-04-30; actual business-day mechanics require final documents."
DS-0105,data/phase4/processed/DEBT_SCHEDULE.csv,principal_schedule,2028-04-30,16.25,USD_millions,,,,,,hypothetical_principal_only_schedule,owner_reviewed_for_phase5_testing,"No cash sweep, voluntary repayment, revolver movement, or interest projection is included. The first modeled payment is 2026-04-30; actual business-day mechanics require final documents."
DS-0106,data/phase4/processed/DEBT_SCHEDULE.csv,principal_schedule,2028-07-31,16.25,USD_millions,,,,,,hypothetical_principal_only_schedule,owner_reviewed_for_phase5_testing,"No cash sweep, voluntary repayment, revolver movement, or interest projection is included. The first modeled payment is 2026-04-30; actual business-day mechanics require final documents."
DS-0107,data/phase4/processed/DEBT_SCHEDULE.csv,principal_schedule,2028-10-31,16.25,USD_millions,,,,,,hypothetical_principal_only_schedule,owner_reviewed_for_phase5_testing,"No cash sweep, voluntary repayment, revolver movement, or interest projection is included. The first modeled payment is 2026-04-30; actual business-day mechanics require final documents."
DS-0108,data/phase4/processed/DEBT_SCHEDULE.csv,principal_schedule,2029-01-31,16.25,USD_millions,,,,,,hypothetical_principal_only_schedule,owner_reviewed_for_phase5_testing,"No cash sweep, voluntary repayment, revolver movement, or interest projection is included. The first modeled payment is 2026-04-30; actual business-day mechanics require final documents."
DS-0109,data/phase4/processed/DEBT_SCHEDULE.csv,principal_schedule,2029-04-30,16.25,USD_millions,,,,,,hypothetical_principal_only_schedule,owner_reviewed_for_phase5_testing,"No cash sweep, voluntary repayment, revolver movement, or interest projection is included. The first modeled payment is 2026-04-30; actual business-day mechanics require final documents."
DS-0110,data/phase4/processed/DEBT_SCHEDULE.csv,principal_schedule,2029-07-31,16.25,USD_millions,,,,,,hypothetical_principal_only_schedule,owner_reviewed_for_phase5_testing,"No cash sweep, voluntary repayment, revolver movement, or interest projection is included. The first modeled payment is 2026-04-30; actual business-day mechanics require final documents."
DS-0111,data/phase4/processed/DEBT_SCHEDULE.csv,principal_schedule,2029-10-31,16.25,USD_millions,,,,,,hypothetical_principal_only_schedule,owner_reviewed_for_phase5_testing,"No cash sweep, voluntary repayment, revolver movement, or interest projection is included. The first modeled payment is 2026-04-30; actual business-day mechanics require final documents."
DS-0112,data/phase4/processed/DEBT_SCHEDULE.csv,principal_schedule,2030-01-31,16.25,USD_millions,,,,,,hypothetical_principal_only_schedule,owner_reviewed_for_phase5_testing,"No cash sweep, voluntary repayment, revolver movement, or interest projection is included. The first modeled payment is 2026-04-30; actual business-day mechanics require final documents."
DS-0113,data/phase4/processed/DEBT_SCHEDULE.csv,principal_schedule,2030-04-30,16.25,USD_millions,,,,,,hypothetical_principal_only_schedule,owner_reviewed_for_phase5_testing,"No cash sweep, voluntary repayment, revolver movement, or interest projection is included. The first modeled payment is 2026-04-30; actual business-day mechanics require final documents."
DS-0114,data/phase4/processed/DEBT_SCHEDULE.csv,principal_schedule,2030-07-31,16.25,USD_millions,,,,,,hypothetical_principal_only_schedule,owner_reviewed_for_phase5_testing,"No cash sweep, voluntary repayment, revolver movement, or interest projection is included. The first modeled payment is 2026-04-30; actual business-day mechanics require final documents."
DS-0115,data/phase4/processed/DEBT_SCHEDULE.csv,principal_schedule,2030-10-31,16.25,USD_millions,,,,,,hypothetical_principal_only_schedule,owner_reviewed_for_phase5_testing,"No cash sweep, voluntary repayment, revolver movement, or interest projection is included. The first modeled payment is 2026-04-30; actual business-day mechanics require final documents."
DS-0116,data/phase4/processed/DEBT_SCHEDULE.csv,principal_schedule,2031-01-31,341.25,USD_millions,,,,,,hypothetical_principal_only_schedule,owner_reviewed_for_phase5_testing,"No cash sweep, voluntary repayment, revolver movement, or interest projection is included. The first modeled payment is 2026-04-30; actual business-day mechanics require final documents."
DS-0117,data/phase4/processed/DEBT_SCHEDULE.csv,principal_schedule,2026-04-30,24.375,USD_millions,,,,,,hypothetical_principal_only_schedule,owner_reviewed_for_phase5_testing,"No cash sweep, voluntary repayment, revolver movement, or interest projection is included. The first modeled payment is 2026-04-30; actual business-day mechanics require final documents."
DS-0118,data/phase4/processed/DEBT_SCHEDULE.csv,principal_schedule,2026-07-31,24.375,USD_millions,,,,,,hypothetical_principal_only_schedule,owner_reviewed_for_phase5_testing,"No cash sweep, voluntary repayment, revolver movement, or interest projection is included. The first modeled payment is 2026-04-30; actual business-day mechanics require final documents."
DS-0119,data/phase4/processed/DEBT_SCHEDULE.csv,principal_schedule,2026-10-31,24.375,USD_millions,,,,,,hypothetical_principal_only_schedule,owner_reviewed_for_phase5_testing,"No cash sweep, voluntary repayment, revolver movement, or interest projection is included. The first modeled payment is 2026-04-30; actual business-day mechanics require final documents."
DS-0120,data/phase4/processed/DEBT_SCHEDULE.csv,principal_schedule,2027-01-31,24.375,USD_millions,,,,,,hypothetical_principal_only_schedule,owner_reviewed_for_phase5_testing,"No cash sweep, voluntary repayment, revolver movement, or interest projection is included. The first modeled payment is 2026-04-30; actual business-day mechanics require final documents."
DS-0121,data/phase4/processed/DEBT_SCHEDULE.csv,principal_schedule,2027-04-30,24.375,USD_millions,,,,,,hypothetical_principal_only_schedule,owner_reviewed_for_phase5_testing,"No cash sweep, voluntary repayment, revolver movement, or interest projection is included. The first modeled payment is 2026-04-30; actual business-day mechanics require final documents."
DS-0122,data/phase4/processed/DEBT_SCHEDULE.csv,principal_schedule,2027-07-31,24.375,USD_millions,,,,,,hypothetical_principal_only_schedule,owner_reviewed_for_phase5_testing,"No cash sweep, voluntary repayment, revolver movement, or interest projection is included. The first modeled payment is 2026-04-30; actual business-day mechanics require final documents."
DS-0123,data/phase4/processed/DEBT_SCHEDULE.csv,principal_schedule,2027-10-31,24.375,USD_millions,,,,,,hypothetical_principal_only_schedule,owner_reviewed_for_phase5_testing,"No cash sweep, voluntary repayment, revolver movement, or interest projection is included. The first modeled payment is 2026-04-30; actual business-day mechanics require final documents."
DS-0124,data/phase4/processed/DEBT_SCHEDULE.csv,principal_schedule,2028-01-31,24.375,USD_millions,,,,,,hypothetical_principal_only_schedule,owner_reviewed_for_phase5_testing,"No cash sweep, voluntary repayment, revolver movement, or interest projection is included. The first modeled payment is 2026-04-30; actual business-day mechanics require final documents."
DS-0125,data/phase4/processed/DEBT_SCHEDULE.csv,principal_schedule,2028-04-30,24.375,USD_millions,,,,,,hypothetical_principal_only_schedule,owner_reviewed_for_phase5_testing,"No cash sweep, voluntary repayment, revolver movement, or interest projection is included. The first modeled payment is 2026-04-30; actual business-day mechanics require final documents."
DS-0126,data/phase4/processed/DEBT_SCHEDULE.csv,principal_schedule,2028-07-31,24.375,USD_millions,,,,,,hypothetical_principal_only_schedule,owner_reviewed_for_phase5_testing,"No cash sweep, voluntary repayment, revolver movement, or interest projection is included. The first modeled payment is 2026-04-30; actual business-day mechanics require final documents."
DS-0127,data/phase4/processed/DEBT_SCHEDULE.csv,principal_schedule,2028-10-31,24.375,USD_millions,,,,,,hypothetical_principal_only_schedule,owner_reviewed_for_phase5_testing,"No cash sweep, voluntary repayment, revolver movement, or interest projection is included. The first modeled payment is 2026-04-30; actual business-day mechanics require final documents."
DS-0128,data/phase4/processed/DEBT_SCHEDULE.csv,principal_schedule,2029-01-31,24.375,USD_millions,,,,,,hypothetical_principal_only_schedule,owner_reviewed_for_phase5_testing,"No cash sweep, voluntary repayment, revolver movement, or interest projection is included. The first modeled payment is 2026-04-30; actual business-day mechanics require final documents."
DS-0129,data/phase4/processed/DEBT_SCHEDULE.csv,principal_schedule,2029-04-30,24.375,USD_millions,,,,,,hypothetical_principal_only_schedule,owner_reviewed_for_phase5_testing,"No cash sweep, voluntary repayment, revolver movement, or interest projection is included. The first modeled payment is 2026-04-30; actual business-day mechanics require final documents."
DS-0130,data/phase4/processed/DEBT_SCHEDULE.csv,principal_schedule,2029-07-31,24.375,USD_millions,,,,,,hypothetical_principal_only_schedule,owner_reviewed_for_phase5_testing,"No cash sweep, voluntary repayment, revolver movement, or interest projection is included. The first modeled payment is 2026-04-30; actual business-day mechanics require final documents."
DS-0131,data/phase4/processed/DEBT_SCHEDULE.csv,principal_schedule,2029-10-31,24.375,USD_millions,,,,,,hypothetical_principal_only_schedule,owner_reviewed_for_phase5_testing,"No cash sweep, voluntary repayment, revolver movement, or interest projection is included. The first modeled payment is 2026-04-30; actual business-day mechanics require final documents."
DS-0132,data/phase4/processed/DEBT_SCHEDULE.csv,principal_schedule,2030-01-31,24.375,USD_millions,,,,,,hypothetical_principal_only_schedule,owner_reviewed_for_phase5_testing,"No cash sweep, voluntary repayment, revolver movement, or interest projection is included. The first modeled payment is 2026-04-30; actual business-day mechanics require final documents."
DS-0133,data/phase4/processed/DEBT_SCHEDULE.csv,principal_schedule,2030-04-30,24.375,USD_millions,,,,,,hypothetical_principal_only_schedule,owner_reviewed_for_phase5_testing,"No cash sweep, voluntary repayment, revolver movement, or interest projection is included. The first modeled payment is 2026-04-30; actual business-day mechanics require final documents."
DS-0134,data/phase4/processed/DEBT_SCHEDULE.csv,principal_schedule,2030-07-31,24.375,USD_millions,,,,,,hypothetical_principal_only_schedule,owner_reviewed_for_phase5_testing,"No cash sweep, voluntary repayment, revolver movement, or interest projection is included. The first modeled payment is 2026-04-30; actual business-day mechanics require final documents."
DS-0135,data/phase4/processed/DEBT_SCHEDULE.csv,principal_schedule,2030-10-31,24.375,USD_millions,,,,,,hypothetical_principal_only_schedule,owner_reviewed_for_phase5_testing,"No cash sweep, voluntary repayment, revolver movement, or interest projection is included. The first modeled payment is 2026-04-30; actual business-day mechanics require final documents."
DS-0136,data/phase4/processed/DEBT_SCHEDULE.csv,principal_schedule,2031-01-31,186.875,USD_millions,,,,,,hypothetical_principal_only_schedule,owner_reviewed_for_phase5_testing,"No cash sweep, voluntary repayment, revolver movement, or interest projection is included. The first modeled payment is 2026-04-30; actual business-day mechanics require final documents."
DS-0137,data/phase4/processed/DEBT_SCHEDULE.csv,principal_schedule,2026-04-30,8.125,USD_millions,,,,,,hypothetical_principal_only_schedule,owner_reviewed_for_phase5_testing,"No cash sweep, voluntary repayment, revolver movement, or interest projection is included. The first modeled payment is 2026-04-30; actual business-day mechanics require final documents."
DS-0138,data/phase4/processed/DEBT_SCHEDULE.csv,principal_schedule,2026-07-31,8.125,USD_millions,,,,,,hypothetical_principal_only_schedule,owner_reviewed_for_phase5_testing,"No cash sweep, voluntary repayment, revolver movement, or interest projection is included. The first modeled payment is 2026-04-30; actual business-day mechanics require final documents."
DS-0139,data/phase4/processed/DEBT_SCHEDULE.csv,principal_schedule,2026-10-31,8.125,USD_millions,,,,,,hypothetical_principal_only_schedule,owner_reviewed_for_phase5_testing,"No cash sweep, voluntary repayment, revolver movement, or interest projection is included. The first modeled payment is 2026-04-30; actual business-day mechanics require final documents."
DS-0140,data/phase4/processed/DEBT_SCHEDULE.csv,principal_schedule,2027-01-31,8.125,USD_millions,,,,,,hypothetical_principal_only_schedule,owner_reviewed_for_phase5_testing,"No cash sweep, voluntary repayment, revolver movement, or interest projection is included. The first modeled payment is 2026-04-30; actual business-day mechanics require final documents."
DS-0141,data/phase4/processed/DEBT_SCHEDULE.csv,principal_schedule,2027-04-30,8.125,USD_millions,,,,,,hypothetical_principal_only_schedule,owner_reviewed_for_phase5_testing,"No cash sweep, voluntary repayment, revolver movement, or interest projection is included. The first modeled payment is 2026-04-30; actual business-day mechanics require final documents."
DS-0142,data/phase4/processed/DEBT_SCHEDULE.csv,principal_schedule,2027-07-31,8.125,USD_millions,,,,,,hypothetical_principal_only_schedule,owner_reviewed_for_phase5_testing,"No cash sweep, voluntary repayment, revolver movement, or interest projection is included. The first modeled payment is 2026-04-30; actual business-day mechanics require final documents."
DS-0143,data/phase4/processed/DEBT_SCHEDULE.csv,principal_schedule,2027-10-31,8.125,USD_millions,,,,,,hypothetical_principal_only_schedule,owner_reviewed_for_phase5_testing,"No cash sweep, voluntary repayment, revolver movement, or interest projection is included. The first modeled payment is 2026-04-30; actual business-day mechanics require final documents."
DS-0144,data/phase4/processed/DEBT_SCHEDULE.csv,principal_schedule,2028-01-31,8.125,USD_millions,,,,,,hypothetical_principal_only_schedule,owner_reviewed_for_phase5_testing,"No cash sweep, voluntary repayment, revolver movement, or interest projection is included. The first modeled payment is 2026-04-30; actual business-day mechanics require final documents."
DS-0145,data/phase4/processed/DEBT_SCHEDULE.csv,principal_schedule,2028-04-30,8.125,USD_millions,,,,,,hypothetical_principal_only_schedule,owner_reviewed_for_phase5_testing,"No cash sweep, voluntary repayment, revolver movement, or interest projection is included. The first modeled payment is 2026-04-30; actual business-day mechanics require final documents."
DS-0146,data/phase4/processed/DEBT_SCHEDULE.csv,principal_schedule,2028-07-31,8.125,USD_millions,,,,,,hypothetical_principal_only_schedule,owner_reviewed_for_phase5_testing,"No cash sweep, voluntary repayment, revolver movement, or interest projection is included. The first modeled payment is 2026-04-30; actual business-day mechanics require final documents."
DS-0147,data/phase4/processed/DEBT_SCHEDULE.csv,principal_schedule,2028-10-31,8.125,USD_millions,,,,,,hypothetical_principal_only_schedule,owner_reviewed_for_phase5_testing,"No cash sweep, voluntary repayment, revolver movement, or interest projection is included. The first modeled payment is 2026-04-30; actual business-day mechanics require final documents."
DS-0148,data/phase4/processed/DEBT_SCHEDULE.csv,principal_schedule,2029-01-31,8.125,USD_millions,,,,,,hypothetical_principal_only_schedule,owner_reviewed_for_phase5_testing,"No cash sweep, voluntary repayment, revolver movement, or interest projection is included. The first modeled payment is 2026-04-30; actual business-day mechanics require final documents."
DS-0149,data/phase4/processed/DEBT_SCHEDULE.csv,principal_schedule,2029-04-30,8.125,USD_millions,,,,,,hypothetical_principal_only_schedule,owner_reviewed_for_phase5_testing,"No cash sweep, voluntary repayment, revolver movement, or interest projection is included. The first modeled payment is 2026-04-30; actual business-day mechanics require final documents."
DS-0150,data/phase4/processed/DEBT_SCHEDULE.csv,principal_schedule,2029-07-31,8.125,USD_millions,,,,,,hypothetical_principal_only_schedule,owner_reviewed_for_phase5_testing,"No cash sweep, voluntary repayment, revolver movement, or interest projection is included. The first modeled payment is 2026-04-30; actual business-day mechanics require final documents."
DS-0151,data/phase4/processed/DEBT_SCHEDULE.csv,principal_schedule,2029-10-31,8.125,USD_millions,,,,,,hypothetical_principal_only_schedule,owner_reviewed_for_phase5_testing,"No cash sweep, voluntary repayment, revolver movement, or interest projection is included. The first modeled payment is 2026-04-30; actual business-day mechanics require final documents."
DS-0152,data/phase4/processed/DEBT_SCHEDULE.csv,principal_schedule,2030-01-31,8.125,USD_millions,,,,,,hypothetical_principal_only_schedule,owner_reviewed_for_phase5_testing,"No cash sweep, voluntary repayment, revolver movement, or interest projection is included. The first modeled payment is 2026-04-30; actual business-day mechanics require final documents."
DS-0153,data/phase4/processed/DEBT_SCHEDULE.csv,principal_schedule,2030-04-30,8.125,USD_millions,,,,,,hypothetical_principal_only_schedule,owner_reviewed_for_phase5_testing,"No cash sweep, voluntary repayment, revolver movement, or interest projection is included. The first modeled payment is 2026-04-30; actual business-day mechanics require final documents."
DS-0154,data/phase4/processed/DEBT_SCHEDULE.csv,principal_schedule,2030-07-31,8.125,USD_millions,,,,,,hypothetical_principal_only_schedule,owner_reviewed_for_phase5_testing,"No cash sweep, voluntary repayment, revolver movement, or interest projection is included. The first modeled payment is 2026-04-30; actual business-day mechanics require final documents."
DS-0155,data/phase4/processed/DEBT_SCHEDULE.csv,principal_schedule,2030-10-31,8.125,USD_millions,,,,,,hypothetical_principal_only_schedule,owner_reviewed_for_phase5_testing,"No cash sweep, voluntary repayment, revolver movement, or interest projection is included. The first modeled payment is 2026-04-30; actual business-day mechanics require final documents."
DS-0156,data/phase4/processed/DEBT_SCHEDULE.csv,principal_schedule,2031-01-31,495.625,USD_millions,,,,,,hypothetical_principal_only_schedule,owner_reviewed_for_phase5_testing,"No cash sweep, voluntary repayment, revolver movement, or interest projection is included. The first modeled payment is 2026-04-30; actual business-day mechanics require final documents."
DS-0157,data/phase4/processed/DEBT_SCHEDULE.csv,principal_schedule,2026-04-30,16.25,USD_millions,,,,,,hypothetical_principal_only_schedule,owner_reviewed_for_phase5_testing,"No cash sweep, voluntary repayment, revolver movement, or interest projection is included. The first modeled payment is 2026-04-30; actual business-day mechanics require final documents."
DS-0158,data/phase4/processed/DEBT_SCHEDULE.csv,principal_schedule,2026-07-31,16.25,USD_millions,,,,,,hypothetical_principal_only_schedule,owner_reviewed_for_phase5_testing,"No cash sweep, voluntary repayment, revolver movement, or interest projection is included. The first modeled payment is 2026-04-30; actual business-day mechanics require final documents."
DS-0159,data/phase4/processed/DEBT_SCHEDULE.csv,principal_schedule,2026-10-31,16.25,USD_millions,,,,,,hypothetical_principal_only_schedule,owner_reviewed_for_phase5_testing,"No cash sweep, voluntary repayment, revolver movement, or interest projection is included. The first modeled payment is 2026-04-30; actual business-day mechanics require final documents."
DS-0160,data/phase4/processed/DEBT_SCHEDULE.csv,principal_schedule,2027-01-31,16.25,USD_millions,,,,,,hypothetical_principal_only_schedule,owner_reviewed_for_phase5_testing,"No cash sweep, voluntary repayment, revolver movement, or interest projection is included. The first modeled payment is 2026-04-30; actual business-day mechanics require final documents."
DS-0161,data/phase4/processed/DEBT_SCHEDULE.csv,principal_schedule,2027-04-30,16.25,USD_millions,,,,,,hypothetical_principal_only_schedule,owner_reviewed_for_phase5_testing,"No cash sweep, voluntary repayment, revolver movement, or interest projection is included. The first modeled payment is 2026-04-30; actual business-day mechanics require final documents."
DS-0162,data/phase4/processed/DEBT_SCHEDULE.csv,principal_schedule,2027-07-31,16.25,USD_millions,,,,,,hypothetical_principal_only_schedule,owner_reviewed_for_phase5_testing,"No cash sweep, voluntary repayment, revolver movement, or interest projection is included. The first modeled payment is 2026-04-30; actual business-day mechanics require final documents."
DS-0163,data/phase4/processed/DEBT_SCHEDULE.csv,principal_schedule,2027-10-31,16.25,USD_millions,,,,,,hypothetical_principal_only_schedule,owner_reviewed_for_phase5_testing,"No cash sweep, voluntary repayment, revolver movement, or interest projection is included. The first modeled payment is 2026-04-30; actual business-day mechanics require final documents."
DS-0164,data/phase4/processed/DEBT_SCHEDULE.csv,principal_schedule,2028-01-31,16.25,USD_millions,,,,,,hypothetical_principal_only_schedule,owner_reviewed_for_phase5_testing,"No cash sweep, voluntary repayment, revolver movement, or interest projection is included. The first modeled payment is 2026-04-30; actual business-day mechanics require final documents."
DS-0165,data/phase4/processed/DEBT_SCHEDULE.csv,principal_schedule,2028-04-30,16.25,USD_millions,,,,,,hypothetical_principal_only_schedule,owner_reviewed_for_phase5_testing,"No cash sweep, voluntary repayment, revolver movement, or interest projection is included. The first modeled payment is 2026-04-30; actual business-day mechanics require final documents."
DS-0166,data/phase4/processed/DEBT_SCHEDULE.csv,principal_schedule,2028-07-31,16.25,USD_millions,,,,,,hypothetical_principal_only_schedule,owner_reviewed_for_phase5_testing,"No cash sweep, voluntary repayment, revolver movement, or interest projection is included. The first modeled payment is 2026-04-30; actual business-day mechanics require final documents."
DS-0167,data/phase4/processed/DEBT_SCHEDULE.csv,principal_schedule,2028-10-31,16.25,USD_millions,,,,,,hypothetical_principal_only_schedule,owner_reviewed_for_phase5_testing,"No cash sweep, voluntary repayment, revolver movement, or interest projection is included. The first modeled payment is 2026-04-30; actual business-day mechanics require final documents."
DS-0168,data/phase4/processed/DEBT_SCHEDULE.csv,principal_schedule,2029-01-31,16.25,USD_millions,,,,,,hypothetical_principal_only_schedule,owner_reviewed_for_phase5_testing,"No cash sweep, voluntary repayment, revolver movement, or interest projection is included. The first modeled payment is 2026-04-30; actual business-day mechanics require final documents."
DS-0169,data/phase4/processed/DEBT_SCHEDULE.csv,principal_schedule,2029-04-30,16.25,USD_millions,,,,,,hypothetical_principal_only_schedule,owner_reviewed_for_phase5_testing,"No cash sweep, voluntary repayment, revolver movement, or interest projection is included. The first modeled payment is 2026-04-30; actual business-day mechanics require final documents."
DS-0170,data/phase4/processed/DEBT_SCHEDULE.csv,principal_schedule,2029-07-31,16.25,USD_millions,,,,,,hypothetical_principal_only_schedule,owner_reviewed_for_phase5_testing,"No cash sweep, voluntary repayment, revolver movement, or interest projection is included. The first modeled payment is 2026-04-30; actual business-day mechanics require final documents."
DS-0171,data/phase4/processed/DEBT_SCHEDULE.csv,principal_schedule,2029-10-31,16.25,USD_millions,,,,,,hypothetical_principal_only_schedule,owner_reviewed_for_phase5_testing,"No cash sweep, voluntary repayment, revolver movement, or interest projection is included. The first modeled payment is 2026-04-30; actual business-day mechanics require final documents."
DS-0172,data/phase4/processed/DEBT_SCHEDULE.csv,principal_schedule,2030-01-31,16.25,USD_millions,,,,,,hypothetical_principal_only_schedule,owner_reviewed_for_phase5_testing,"No cash sweep, voluntary repayment, revolver movement, or interest projection is included. The first modeled payment is 2026-04-30; actual business-day mechanics require final documents."
DS-0173,data/phase4/processed/DEBT_SCHEDULE.csv,principal_schedule,2030-04-30,16.25,USD_millions,,,,,,hypothetical_principal_only_schedule,owner_reviewed_for_phase5_testing,"No cash sweep, voluntary repayment, revolver movement, or interest projection is included. The first modeled payment is 2026-04-30; actual business-day mechanics require final documents."
DS-0174,data/phase4/processed/DEBT_SCHEDULE.csv,principal_schedule,2030-07-31,16.25,USD_millions,,,,,,hypothetical_principal_only_schedule,owner_reviewed_for_phase5_testing,"No cash sweep, voluntary repayment, revolver movement, or interest projection is included. The first modeled payment is 2026-04-30; actual business-day mechanics require final documents."
DS-0175,data/phase4/processed/DEBT_SCHEDULE.csv,principal_schedule,2030-10-31,16.25,USD_millions,,,,,,hypothetical_principal_only_schedule,owner_reviewed_for_phase5_testing,"No cash sweep, voluntary repayment, revolver movement, or interest projection is included. The first modeled payment is 2026-04-30; actual business-day mechanics require final documents."
DS-0176,data/phase4/processed/DEBT_SCHEDULE.csv,principal_schedule,2031-01-31,341.25,USD_millions,,,,,,hypothetical_principal_only_schedule,owner_reviewed_for_phase5_testing,"No cash sweep, voluntary repayment, revolver movement, or interest projection is included. The first modeled payment is 2026-04-30; actual business-day mechanics require final documents."
DS-0177,data/phase4/processed/DEBT_SCHEDULE.csv,principal_schedule,2026-04-30,24.375,USD_millions,,,,,,hypothetical_principal_only_schedule,owner_reviewed_for_phase5_testing,"No cash sweep, voluntary repayment, revolver movement, or interest projection is included. The first modeled payment is 2026-04-30; actual business-day mechanics require final documents."
DS-0178,data/phase4/processed/DEBT_SCHEDULE.csv,principal_schedule,2026-07-31,24.375,USD_millions,,,,,,hypothetical_principal_only_schedule,owner_reviewed_for_phase5_testing,"No cash sweep, voluntary repayment, revolver movement, or interest projection is included. The first modeled payment is 2026-04-30; actual business-day mechanics require final documents."
DS-0179,data/phase4/processed/DEBT_SCHEDULE.csv,principal_schedule,2026-10-31,24.375,USD_millions,,,,,,hypothetical_principal_only_schedule,owner_reviewed_for_phase5_testing,"No cash sweep, voluntary repayment, revolver movement, or interest projection is included. The first modeled payment is 2026-04-30; actual business-day mechanics require final documents."
DS-0180,data/phase4/processed/DEBT_SCHEDULE.csv,principal_schedule,2027-01-31,24.375,USD_millions,,,,,,hypothetical_principal_only_schedule,owner_reviewed_for_phase5_testing,"No cash sweep, voluntary repayment, revolver movement, or interest projection is included. The first modeled payment is 2026-04-30; actual business-day mechanics require final documents."
DS-0181,data/phase4/processed/DEBT_SCHEDULE.csv,principal_schedule,2027-04-30,24.375,USD_millions,,,,,,hypothetical_principal_only_schedule,owner_reviewed_for_phase5_testing,"No cash sweep, voluntary repayment, revolver movement, or interest projection is included. The first modeled payment is 2026-04-30; actual business-day mechanics require final documents."
DS-0182,data/phase4/processed/DEBT_SCHEDULE.csv,principal_schedule,2027-07-31,24.375,USD_millions,,,,,,hypothetical_principal_only_schedule,owner_reviewed_for_phase5_testing,"No cash sweep, voluntary repayment, revolver movement, or interest projection is included. The first modeled payment is 2026-04-30; actual business-day mechanics require final documents."
DS-0183,data/phase4/processed/DEBT_SCHEDULE.csv,principal_schedule,2027-10-31,24.375,USD_millions,,,,,,hypothetical_principal_only_schedule,owner_reviewed_for_phase5_testing,"No cash sweep, voluntary repayment, revolver movement, or interest projection is included. The first modeled payment is 2026-04-30; actual business-day mechanics require final documents."
DS-0184,data/phase4/processed/DEBT_SCHEDULE.csv,principal_schedule,2028-01-31,24.375,USD_millions,,,,,,hypothetical_principal_only_schedule,owner_reviewed_for_phase5_testing,"No cash sweep, voluntary repayment, revolver movement, or interest projection is included. The first modeled payment is 2026-04-30; actual business-day mechanics require final documents."
DS-0185,data/phase4/processed/DEBT_SCHEDULE.csv,principal_schedule,2028-04-30,24.375,USD_millions,,,,,,hypothetical_principal_only_schedule,owner_reviewed_for_phase5_testing,"No cash sweep, voluntary repayment, revolver movement, or interest projection is included. The first modeled payment is 2026-04-30; actual business-day mechanics require final documents."
DS-0186,data/phase4/processed/DEBT_SCHEDULE.csv,principal_schedule,2028-07-31,24.375,USD_millions,,,,,,hypothetical_principal_only_schedule,owner_reviewed_for_phase5_testing,"No cash sweep, voluntary repayment, revolver movement, or interest projection is included. The first modeled payment is 2026-04-30; actual business-day mechanics require final documents."
DS-0187,data/phase4/processed/DEBT_SCHEDULE.csv,principal_schedule,2028-10-31,24.375,USD_millions,,,,,,hypothetical_principal_only_schedule,owner_reviewed_for_phase5_testing,"No cash sweep, voluntary repayment, revolver movement, or interest projection is included. The first modeled payment is 2026-04-30; actual business-day mechanics require final documents."
DS-0188,data/phase4/processed/DEBT_SCHEDULE.csv,principal_schedule,2029-01-31,24.375,USD_millions,,,,,,hypothetical_principal_only_schedule,owner_reviewed_for_phase5_testing,"No cash sweep, voluntary repayment, revolver movement, or interest projection is included. The first modeled payment is 2026-04-30; actual business-day mechanics require final documents."
DS-0189,data/phase4/processed/DEBT_SCHEDULE.csv,principal_schedule,2029-04-30,24.375,USD_millions,,,,,,hypothetical_principal_only_schedule,owner_reviewed_for_phase5_testing,"No cash sweep, voluntary repayment, revolver movement, or interest projection is included. The first modeled payment is 2026-04-30; actual business-day mechanics require final documents."
DS-0190,data/phase4/processed/DEBT_SCHEDULE.csv,principal_schedule,2029-07-31,24.375,USD_millions,,,,,,hypothetical_principal_only_schedule,owner_reviewed_for_phase5_testing,"No cash sweep, voluntary repayment, revolver movement, or interest projection is included. The first modeled payment is 2026-04-30; actual business-day mechanics require final documents."
DS-0191,data/phase4/processed/DEBT_SCHEDULE.csv,principal_schedule,2029-10-31,24.375,USD_millions,,,,,,hypothetical_principal_only_schedule,owner_reviewed_for_phase5_testing,"No cash sweep, voluntary repayment, revolver movement, or interest projection is included. The first modeled payment is 2026-04-30; actual business-day mechanics require final documents."
DS-0192,data/phase4/processed/DEBT_SCHEDULE.csv,principal_schedule,2030-01-31,24.375,USD_millions,,,,,,hypothetical_principal_only_schedule,owner_reviewed_for_phase5_testing,"No cash sweep, voluntary repayment, revolver movement, or interest projection is included. The first modeled payment is 2026-04-30; actual business-day mechanics require final documents."
DS-0193,data/phase4/processed/DEBT_SCHEDULE.csv,principal_schedule,2030-04-30,24.375,USD_millions,,,,,,hypothetical_principal_only_schedule,owner_reviewed_for_phase5_testing,"No cash sweep, voluntary repayment, revolver movement, or interest projection is included. The first modeled payment is 2026-04-30; actual business-day mechanics require final documents."
DS-0194,data/phase4/processed/DEBT_SCHEDULE.csv,principal_schedule,2030-07-31,24.375,USD_millions,,,,,,hypothetical_principal_only_schedule,owner_reviewed_for_phase5_testing,"No cash sweep, voluntary repayment, revolver movement, or interest projection is included. The first modeled payment is 2026-04-30; actual business-day mechanics require final documents."
DS-0195,data/phase4/processed/DEBT_SCHEDULE.csv,principal_schedule,2030-10-31,24.375,USD_millions,,,,,,hypothetical_principal_only_schedule,owner_reviewed_for_phase5_testing,"No cash sweep, voluntary repayment, revolver movement, or interest projection is included. The first modeled payment is 2026-04-30; actual business-day mechanics require final documents."
DS-0196,data/phase4/processed/DEBT_SCHEDULE.csv,principal_schedule,2031-01-31,186.875,USD_millions,,,,,,hypothetical_principal_only_schedule,owner_reviewed_for_phase5_testing,"No cash sweep, voluntary repayment, revolver movement, or interest projection is included. The first modeled payment is 2026-04-30; actual business-day mechanics require final documents."
MT-0001,data/phase4/processed/MATURITY_SCHEDULE.csv,maturity_schedule,reported_bank_facility_principal_payments,25,USD_millions,SRC-001;SRC-003,Quanex FY2025 Form 10-K;Amendment No. 1 with conformed Second Amended and Restated Credit Agreement,https://www.sec.gov/Archives/edgar/data/1423221/000142322125000100/nx-20251031.htm;https://www.sec.gov/Archives/edgar/data/1423221/000110465924071335/tm2417183d1_ex10-1.htm,2025-12-12;2024-06-13,,supported,not_applicable_existing_fact,Reported fiscal-year bank-facility principal payments.
MT-0002,data/phase4/processed/MATURITY_SCHEDULE.csv,maturity_schedule,reported_bank_facility_principal_payments,25,USD_millions,SRC-001;SRC-003,Quanex FY2025 Form 10-K;Amendment No. 1 with conformed Second Amended and Restated Credit Agreement,https://www.sec.gov/Archives/edgar/data/1423221/000142322125000100/nx-20251031.htm;https://www.sec.gov/Archives/edgar/data/1423221/000110465924071335/tm2417183d1_ex10-1.htm,2025-12-12;2024-06-13,,supported,not_applicable_existing_fact,Reported fiscal-year bank-facility principal payments.
MT-0003,data/phase4/processed/MATURITY_SCHEDULE.csv,maturity_schedule,reported_bank_facility_principal_payments,25,USD_millions,SRC-001;SRC-003,Quanex FY2025 Form 10-K;Amendment No. 1 with conformed Second Amended and Restated Credit Agreement,https://www.sec.gov/Archives/edgar/data/1423221/000142322125000100/nx-20251031.htm;https://www.sec.gov/Archives/edgar/data/1423221/000110465924071335/tm2417183d1_ex10-1.htm,2025-12-12;2024-06-13,,supported,not_applicable_existing_fact,Reported fiscal-year bank-facility principal payments.
MT-0004,data/phase4/processed/MATURITY_SCHEDULE.csv,maturity_schedule,reported_bank_facility_principal_payments,566.25,USD_millions,SRC-001;SRC-003,Quanex FY2025 Form 10-K;Amendment No. 1 with conformed Second Amended and Restated Credit Agreement,https://www.sec.gov/Archives/edgar/data/1423221/000142322125000100/nx-20251031.htm;https://www.sec.gov/Archives/edgar/data/1423221/000110465924071335/tm2417183d1_ex10-1.htm,2025-12-12;2024-06-13,,supported,not_applicable_existing_fact,"The $566.25m FY2029 amount is total bank-facility principal paid in Quanex FY2029: $18.75m of quarterly Term A installments, $375.00m Term A balloon and $172.50m revolver, assuming unchanged revolver principal. It is not a maturity-date balloon."
MT-0005,data/phase4/processed/MATURITY_SCHEDULE.csv,maturity_schedule,finance_leases_and_other_contractual_payments,8.351,USD_millions,SRC-001,Quanex FY2025 Form 10-K,https://www.sec.gov/Archives/edgar/data/1423221/000142322125000100/nx-20251031.htm,2025-12-12,,supported,not_applicable_existing_fact,$24.874m aggregate present-value discount reconciles $87.493m payments to $62.619m carrying/principal amount; instrument split is not public.
MT-0006,data/phase4/processed/MATURITY_SCHEDULE.csv,maturity_schedule,finance_leases_and_other_contractual_payments,8.031,USD_millions,SRC-001,Quanex FY2025 Form 10-K,https://www.sec.gov/Archives/edgar/data/1423221/000142322125000100/nx-20251031.htm,2025-12-12,,supported,not_applicable_existing_fact,$24.874m aggregate present-value discount reconciles $87.493m payments to $62.619m carrying/principal amount; instrument split is not public.
MT-0007,data/phase4/processed/MATURITY_SCHEDULE.csv,maturity_schedule,finance_leases_and_other_contractual_payments,6.83,USD_millions,SRC-001,Quanex FY2025 Form 10-K,https://www.sec.gov/Archives/edgar/data/1423221/000142322125000100/nx-20251031.htm,2025-12-12,,supported,not_applicable_existing_fact,$24.874m aggregate present-value discount reconciles $87.493m payments to $62.619m carrying/principal amount; instrument split is not public.
MT-0008,data/phase4/processed/MATURITY_SCHEDULE.csv,maturity_schedule,finance_leases_and_other_contractual_payments,6.498,USD_millions,SRC-001,Quanex FY2025 Form 10-K,https://www.sec.gov/Archives/edgar/data/1423221/000142322125000100/nx-20251031.htm,2025-12-12,,supported,not_applicable_existing_fact,$24.874m aggregate present-value discount reconciles $87.493m payments to $62.619m carrying/principal amount; instrument split is not public.
MT-0009,data/phase4/processed/MATURITY_SCHEDULE.csv,maturity_schedule,finance_leases_and_other_contractual_payments,6.146,USD_millions,SRC-001,Quanex FY2025 Form 10-K,https://www.sec.gov/Archives/edgar/data/1423221/000142322125000100/nx-20251031.htm,2025-12-12,,supported,not_applicable_existing_fact,$24.874m aggregate present-value discount reconciles $87.493m payments to $62.619m carrying/principal amount; instrument split is not public.
MT-0010,data/phase4/processed/MATURITY_SCHEDULE.csv,maturity_schedule,finance_leases_and_other_contractual_payments,51.637,USD_millions,SRC-001,Quanex FY2025 Form 10-K,https://www.sec.gov/Archives/edgar/data/1423221/000142322125000100/nx-20251031.htm,2025-12-12,,supported,not_applicable_existing_fact,$24.874m aggregate present-value discount reconciles $87.493m payments to $62.619m carrying/principal amount; instrument split is not public.
MT-0011,data/phase4/processed/MATURITY_SCHEDULE.csv,maturity_schedule,operating_lease_contractual_payments,23.884,USD_millions,SRC-001,Quanex FY2025 Form 10-K,https://www.sec.gov/Archives/edgar/data/1423221/000142322125000100/nx-20251031.htm,2025-12-12,,supported,not_applicable_existing_fact,$59.302m aggregate present-value discount reconciles $220.207m payments to $160.905m lease liability.
MT-0012,data/phase4/processed/MATURITY_SCHEDULE.csv,maturity_schedule,operating_lease_contractual_payments,21.242,USD_millions,SRC-001,Quanex FY2025 Form 10-K,https://www.sec.gov/Archives/edgar/data/1423221/000142322125000100/nx-20251031.htm,2025-12-12,,supported,not_applicable_existing_fact,$59.302m aggregate present-value discount reconciles $220.207m payments to $160.905m lease liability.
MT-0013,data/phase4/processed/MATURITY_SCHEDULE.csv,maturity_schedule,operating_lease_contractual_payments,19.576,USD_millions,SRC-001,Quanex FY2025 Form 10-K,https://www.sec.gov/Archives/edgar/data/1423221/000142322125000100/nx-20251031.htm,2025-12-12,,supported,not_applicable_existing_fact,$59.302m aggregate present-value discount reconciles $220.207m payments to $160.905m lease liability.
MT-0014,data/phase4/processed/MATURITY_SCHEDULE.csv,maturity_schedule,operating_lease_contractual_payments,18.314,USD_millions,SRC-001,Quanex FY2025 Form 10-K,https://www.sec.gov/Archives/edgar/data/1423221/000142322125000100/nx-20251031.htm,2025-12-12,,supported,not_applicable_existing_fact,$59.302m aggregate present-value discount reconciles $220.207m payments to $160.905m lease liability.
MT-0015,data/phase4/processed/MATURITY_SCHEDULE.csv,maturity_schedule,operating_lease_contractual_payments,16.982,USD_millions,SRC-001,Quanex FY2025 Form 10-K,https://www.sec.gov/Archives/edgar/data/1423221/000142322125000100/nx-20251031.htm,2025-12-12,,supported,not_applicable_existing_fact,$59.302m aggregate present-value discount reconciles $220.207m payments to $160.905m lease liability.
MT-0016,data/phase4/processed/MATURITY_SCHEDULE.csv,maturity_schedule,operating_lease_contractual_payments,120.209,USD_millions,SRC-001,Quanex FY2025 Form 10-K,https://www.sec.gov/Archives/edgar/data/1423221/000142322125000100/nx-20251031.htm,2025-12-12,,supported,not_applicable_existing_fact,$59.302m aggregate present-value discount reconciles $220.207m payments to $160.905m lease liability.
MT-0017,data/phase4/processed/MATURITY_SCHEDULE.csv,maturity_schedule,term_principal_outstanding_at_beginning_of_period,393.75,USD_millions,SRC-001;SRC-003,Quanex FY2025 Form 10-K;Amendment No. 1 with conformed Second Amended and Restated Credit Agreement,https://www.sec.gov/Archives/edgar/data/1423221/000142322125000100/nx-20251031.htm;https://www.sec.gov/Archives/edgar/data/1423221/000110465924071335/tm2417183d1_ex10-1.htm,2025-12-12;2024-06-13,,supported_calculation,not_applicable_existing_fact,
MT-0018,data/phase4/processed/MATURITY_SCHEDULE.csv,maturity_schedule,revolver_principal_outstanding_at_beginning_of_period,172.5,USD_millions,SRC-001;SRC-003,Quanex FY2025 Form 10-K;Amendment No. 1 with conformed Second Amended and Restated Credit Agreement,https://www.sec.gov/Archives/edgar/data/1423221/000142322125000100/nx-20251031.htm;https://www.sec.gov/Archives/edgar/data/1423221/000110465924071335/tm2417183d1_ex10-1.htm,2025-12-12;2024-06-13,,supported_calculation,not_applicable_existing_fact,Revolver equals the opening draw and is assumed unchanged through maturity solely for this principal comparison; Phase 5 must model actual draws and repayments.
MT-0019,data/phase4/processed/MATURITY_SCHEDULE.csv,maturity_schedule,total_funded_principal_outstanding_at_beginning_of_period,566.25,USD_millions,SRC-001;SRC-003,Quanex FY2025 Form 10-K;Amendment No. 1 with conformed Second Amended and Restated Credit Agreement,https://www.sec.gov/Archives/edgar/data/1423221/000142322125000100/nx-20251031.htm;https://www.sec.gov/Archives/edgar/data/1423221/000110465924071335/tm2417183d1_ex10-1.htm,2025-12-12;2024-06-13,,supported_calculation,not_applicable_existing_fact,Revolver equals the opening draw and is assumed unchanged through maturity solely for this principal comparison; Phase 5 must model actual draws and repayments.
MT-0020,data/phase4/processed/MATURITY_SCHEDULE.csv,maturity_schedule,scheduled_term_principal_payments_during_period,18.75,USD_millions,SRC-001;SRC-003,Quanex FY2025 Form 10-K;Amendment No. 1 with conformed Second Amended and Restated Credit Agreement,https://www.sec.gov/Archives/edgar/data/1423221/000142322125000100/nx-20251031.htm;https://www.sec.gov/Archives/edgar/data/1423221/000110465924071335/tm2417183d1_ex10-1.htm,2025-12-12;2024-06-13,,supported_calculation,not_applicable_existing_fact,
MT-0021,data/phase4/processed/MATURITY_SCHEDULE.csv,maturity_schedule,final_scheduled_term_installment_due_on_maturity_date,0,USD_millions,SRC-001;SRC-003,Quanex FY2025 Form 10-K;Amendment No. 1 with conformed Second Amended and Restated Credit Agreement,https://www.sec.gov/Archives/edgar/data/1423221/000142322125000100/nx-20251031.htm;https://www.sec.gov/Archives/edgar/data/1423221/000110465924071335/tm2417183d1_ex10-1.htm,2025-12-12;2024-06-13,,supported_calculation,not_applicable_existing_fact,
MT-0022,data/phase4/processed/MATURITY_SCHEDULE.csv,maturity_schedule,post_installment_term_balloon,375,USD_millions,SRC-001;SRC-003,Quanex FY2025 Form 10-K;Amendment No. 1 with conformed Second Amended and Restated Credit Agreement,https://www.sec.gov/Archives/edgar/data/1423221/000142322125000100/nx-20251031.htm;https://www.sec.gov/Archives/edgar/data/1423221/000110465924071335/tm2417183d1_ex10-1.htm,2025-12-12;2024-06-13,,supported_calculation,not_applicable_existing_fact,
MT-0023,data/phase4/processed/MATURITY_SCHEDULE.csv,maturity_schedule,total_term_principal_due_on_maturity_date,375,USD_millions,SRC-001;SRC-003,Quanex FY2025 Form 10-K;Amendment No. 1 with conformed Second Amended and Restated Credit Agreement,https://www.sec.gov/Archives/edgar/data/1423221/000142322125000100/nx-20251031.htm;https://www.sec.gov/Archives/edgar/data/1423221/000110465924071335/tm2417183d1_ex10-1.htm,2025-12-12;2024-06-13,,supported_calculation,not_applicable_existing_fact,
MT-0024,data/phase4/processed/MATURITY_SCHEDULE.csv,maturity_schedule,revolver_principal_due_on_maturity_date,172.5,USD_millions,SRC-001;SRC-003,Quanex FY2025 Form 10-K;Amendment No. 1 with conformed Second Amended and Restated Credit Agreement,https://www.sec.gov/Archives/edgar/data/1423221/000142322125000100/nx-20251031.htm;https://www.sec.gov/Archives/edgar/data/1423221/000110465924071335/tm2417183d1_ex10-1.htm,2025-12-12;2024-06-13,,supported_calculation,not_applicable_existing_fact,Revolver equals the opening draw and is assumed unchanged through maturity solely for this principal comparison; Phase 5 must model actual draws and repayments.
MT-0025,data/phase4/processed/MATURITY_SCHEDULE.csv,maturity_schedule,total_funded_principal_due_on_maturity_date,547.5,USD_millions,SRC-001;SRC-003,Quanex FY2025 Form 10-K;Amendment No. 1 with conformed Second Amended and Restated Credit Agreement,https://www.sec.gov/Archives/edgar/data/1423221/000142322125000100/nx-20251031.htm;https://www.sec.gov/Archives/edgar/data/1423221/000110465924071335/tm2417183d1_ex10-1.htm,2025-12-12;2024-06-13,,supported_calculation,not_applicable_existing_fact,Revolver equals the opening draw and is assumed unchanged through maturity solely for this principal comparison; Phase 5 must model actual draws and repayments.
MT-0026,data/phase4/processed/MATURITY_SCHEDULE.csv,maturity_schedule,total_funded_principal_payments_during_period,566.25,USD_millions,SRC-001;SRC-003,Quanex FY2025 Form 10-K;Amendment No. 1 with conformed Second Amended and Restated Credit Agreement,https://www.sec.gov/Archives/edgar/data/1423221/000142322125000100/nx-20251031.htm;https://www.sec.gov/Archives/edgar/data/1423221/000110465924071335/tm2417183d1_ex10-1.htm,2025-12-12;2024-06-13,,supported_calculation,not_applicable_existing_fact,Revolver equals the opening draw and is assumed unchanged through maturity solely for this principal comparison; Phase 5 must model actual draws and repayments.
MT-0027,data/phase4/processed/MATURITY_SCHEDULE.csv,maturity_schedule,revolver_unchanged_through_maturity_assumption,172.5,USD_millions,SRC-001;SRC-003,Quanex FY2025 Form 10-K;Amendment No. 1 with conformed Second Amended and Restated Credit Agreement,https://www.sec.gov/Archives/edgar/data/1423221/000142322125000100/nx-20251031.htm;https://www.sec.gov/Archives/edgar/data/1423221/000110465924071335/tm2417183d1_ex10-1.htm,2025-12-12;2024-06-13,,supported_calculation,not_applicable_existing_fact,Revolver equals the opening draw and is assumed unchanged through maturity solely for this principal comparison; Phase 5 must model actual draws and repayments.
MT-0028,data/phase4/processed/MATURITY_SCHEDULE.csv,maturity_schedule,retained_finance_leases_and_other_debt_maturities,6.498,USD_millions,SRC-001,Quanex FY2025 Form 10-K,https://www.sec.gov/Archives/edgar/data/1423221/000142322125000100/nx-20251031.htm,2025-12-12,,supported,not_applicable_existing_fact,Shown separately from funded principal and at undiscounted contractual payment amounts.
MT-0029,data/phase4/processed/MATURITY_SCHEDULE.csv,maturity_schedule,term_principal_outstanding_at_beginning_of_period,400,USD_millions,SRC-001;SRC-003,Quanex FY2025 Form 10-K;Amendment No. 1 with conformed Second Amended and Restated Credit Agreement,https://www.sec.gov/Archives/edgar/data/1423221/000142322125000100/nx-20251031.htm;https://www.sec.gov/Archives/edgar/data/1423221/000110465924071335/tm2417183d1_ex10-1.htm,2025-12-12;2024-06-13,,supported_calculation,not_applicable_existing_fact,
MT-0030,data/phase4/processed/MATURITY_SCHEDULE.csv,maturity_schedule,revolver_principal_outstanding_at_beginning_of_period,172.5,USD_millions,SRC-001;SRC-003,Quanex FY2025 Form 10-K;Amendment No. 1 with conformed Second Amended and Restated Credit Agreement,https://www.sec.gov/Archives/edgar/data/1423221/000142322125000100/nx-20251031.htm;https://www.sec.gov/Archives/edgar/data/1423221/000110465924071335/tm2417183d1_ex10-1.htm,2025-12-12;2024-06-13,,supported_calculation,not_applicable_existing_fact,Revolver equals the opening draw and is assumed unchanged through maturity solely for this principal comparison; Phase 5 must model actual draws and repayments.
MT-0031,data/phase4/processed/MATURITY_SCHEDULE.csv,maturity_schedule,total_funded_principal_outstanding_at_beginning_of_period,572.5,USD_millions,SRC-001;SRC-003,Quanex FY2025 Form 10-K;Amendment No. 1 with conformed Second Amended and Restated Credit Agreement,https://www.sec.gov/Archives/edgar/data/1423221/000142322125000100/nx-20251031.htm;https://www.sec.gov/Archives/edgar/data/1423221/000110465924071335/tm2417183d1_ex10-1.htm,2025-12-12;2024-06-13,,supported_calculation,not_applicable_existing_fact,Revolver equals the opening draw and is assumed unchanged through maturity solely for this principal comparison; Phase 5 must model actual draws and repayments.
MT-0032,data/phase4/processed/MATURITY_SCHEDULE.csv,maturity_schedule,scheduled_term_principal_payments_during_period,25,USD_millions,SRC-001;SRC-003,Quanex FY2025 Form 10-K;Amendment No. 1 with conformed Second Amended and Restated Credit Agreement,https://www.sec.gov/Archives/edgar/data/1423221/000142322125000100/nx-20251031.htm;https://www.sec.gov/Archives/edgar/data/1423221/000110465924071335/tm2417183d1_ex10-1.htm,2025-12-12;2024-06-13,,supported_calculation,not_applicable_existing_fact,
MT-0033,data/phase4/processed/MATURITY_SCHEDULE.csv,maturity_schedule,final_scheduled_term_installment_due_on_maturity_date,0,USD_millions,SRC-001;SRC-003,Quanex FY2025 Form 10-K;Amendment No. 1 with conformed Second Amended and Restated Credit Agreement,https://www.sec.gov/Archives/edgar/data/1423221/000142322125000100/nx-20251031.htm;https://www.sec.gov/Archives/edgar/data/1423221/000110465924071335/tm2417183d1_ex10-1.htm,2025-12-12;2024-06-13,,supported_calculation,not_applicable_existing_fact,
MT-0034,data/phase4/processed/MATURITY_SCHEDULE.csv,maturity_schedule,post_installment_term_balloon,375,USD_millions,SRC-001;SRC-003,Quanex FY2025 Form 10-K;Amendment No. 1 with conformed Second Amended and Restated Credit Agreement,https://www.sec.gov/Archives/edgar/data/1423221/000142322125000100/nx-20251031.htm;https://www.sec.gov/Archives/edgar/data/1423221/000110465924071335/tm2417183d1_ex10-1.htm,2025-12-12;2024-06-13,,supported_calculation,not_applicable_existing_fact,
MT-0035,data/phase4/processed/MATURITY_SCHEDULE.csv,maturity_schedule,total_term_principal_due_on_maturity_date,375,USD_millions,SRC-001;SRC-003,Quanex FY2025 Form 10-K;Amendment No. 1 with conformed Second Amended and Restated Credit Agreement,https://www.sec.gov/Archives/edgar/data/1423221/000142322125000100/nx-20251031.htm;https://www.sec.gov/Archives/edgar/data/1423221/000110465924071335/tm2417183d1_ex10-1.htm,2025-12-12;2024-06-13,,supported_calculation,not_applicable_existing_fact,
MT-0036,data/phase4/processed/MATURITY_SCHEDULE.csv,maturity_schedule,revolver_principal_due_on_maturity_date,172.5,USD_millions,SRC-001;SRC-003,Quanex FY2025 Form 10-K;Amendment No. 1 with conformed Second Amended and Restated Credit Agreement,https://www.sec.gov/Archives/edgar/data/1423221/000142322125000100/nx-20251031.htm;https://www.sec.gov/Archives/edgar/data/1423221/000110465924071335/tm2417183d1_ex10-1.htm,2025-12-12;2024-06-13,,supported_calculation,not_applicable_existing_fact,Revolver equals the opening draw and is assumed unchanged through maturity solely for this principal comparison; Phase 5 must model actual draws and repayments.
MT-0037,data/phase4/processed/MATURITY_SCHEDULE.csv,maturity_schedule,total_funded_principal_due_on_maturity_date,547.5,USD_millions,SRC-001;SRC-003,Quanex FY2025 Form 10-K;Amendment No. 1 with conformed Second Amended and Restated Credit Agreement,https://www.sec.gov/Archives/edgar/data/1423221/000142322125000100/nx-20251031.htm;https://www.sec.gov/Archives/edgar/data/1423221/000110465924071335/tm2417183d1_ex10-1.htm,2025-12-12;2024-06-13,,supported_calculation,not_applicable_existing_fact,Revolver equals the opening draw and is assumed unchanged through maturity solely for this principal comparison; Phase 5 must model actual draws and repayments.
MT-0038,data/phase4/processed/MATURITY_SCHEDULE.csv,maturity_schedule,total_funded_principal_payments_during_period,572.5,USD_millions,SRC-001;SRC-003,Quanex FY2025 Form 10-K;Amendment No. 1 with conformed Second Amended and Restated Credit Agreement,https://www.sec.gov/Archives/edgar/data/1423221/000142322125000100/nx-20251031.htm;https://www.sec.gov/Archives/edgar/data/1423221/000110465924071335/tm2417183d1_ex10-1.htm,2025-12-12;2024-06-13,,supported_calculation,not_applicable_existing_fact,Revolver equals the opening draw and is assumed unchanged through maturity solely for this principal comparison; Phase 5 must model actual draws and repayments.
MT-0039,data/phase4/processed/MATURITY_SCHEDULE.csv,maturity_schedule,revolver_unchanged_through_maturity_assumption,172.5,USD_millions,SRC-001;SRC-003,Quanex FY2025 Form 10-K;Amendment No. 1 with conformed Second Amended and Restated Credit Agreement,https://www.sec.gov/Archives/edgar/data/1423221/000142322125000100/nx-20251031.htm;https://www.sec.gov/Archives/edgar/data/1423221/000110465924071335/tm2417183d1_ex10-1.htm,2025-12-12;2024-06-13,,supported_calculation,not_applicable_existing_fact,Revolver equals the opening draw and is assumed unchanged through maturity solely for this principal comparison; Phase 5 must model actual draws and repayments.
MT-0040,data/phase4/processed/MATURITY_SCHEDULE.csv,maturity_schedule,retained_finance_leases_and_other_debt_maturities,,USD_millions,SRC-001,Quanex FY2025 Form 10-K,https://www.sec.gov/Archives/edgar/data/1423221/000142322125000100/nx-20251031.htm,2025-12-12,,not_determinable_from_annual_maturity_buckets,not_applicable_existing_fact,The public annual maturity buckets do not support an exact allocation to this period.
MT-0041,data/phase4/processed/MATURITY_SCHEDULE.csv,maturity_schedule,term_principal_outstanding_at_beginning_of_period,488,USD_millions,,,,,,hypothetical_calculation,owner_reviewed_for_phase5_testing,
MT-0042,data/phase4/processed/MATURITY_SCHEDULE.csv,maturity_schedule,revolver_principal_outstanding_at_beginning_of_period,0,USD_millions,,,,,,hypothetical_calculation,owner_reviewed_for_phase5_testing,Revolver equals the opening draw and is assumed unchanged through maturity solely for this principal comparison; Phase 5 must model actual draws and repayments.
MT-0043,data/phase4/processed/MATURITY_SCHEDULE.csv,maturity_schedule,total_funded_principal_outstanding_at_beginning_of_period,488,USD_millions,,,,,,hypothetical_calculation,owner_reviewed_for_phase5_testing,Revolver equals the opening draw and is assumed unchanged through maturity solely for this principal comparison; Phase 5 must model actual draws and repayments.
MT-0044,data/phase4/processed/MATURITY_SCHEDULE.csv,maturity_schedule,scheduled_term_principal_payments_during_period,8,USD_millions,,,,,,hypothetical_calculation,owner_reviewed_for_phase5_testing,
MT-0045,data/phase4/processed/MATURITY_SCHEDULE.csv,maturity_schedule,final_scheduled_term_installment_due_on_maturity_date,8,USD_millions,,,,,,hypothetical_calculation,owner_reviewed_for_phase5_testing,
MT-0046,data/phase4/processed/MATURITY_SCHEDULE.csv,maturity_schedule,post_installment_term_balloon,480,USD_millions,,,,,,hypothetical_calculation,owner_reviewed_for_phase5_testing,
MT-0047,data/phase4/processed/MATURITY_SCHEDULE.csv,maturity_schedule,total_term_principal_due_on_maturity_date,488,USD_millions,,,,,,hypothetical_calculation,owner_reviewed_for_phase5_testing,
MT-0048,data/phase4/processed/MATURITY_SCHEDULE.csv,maturity_schedule,revolver_principal_due_on_maturity_date,0,USD_millions,,,,,,hypothetical_calculation,owner_reviewed_for_phase5_testing,Revolver equals the opening draw and is assumed unchanged through maturity solely for this principal comparison; Phase 5 must model actual draws and repayments.
MT-0049,data/phase4/processed/MATURITY_SCHEDULE.csv,maturity_schedule,total_funded_principal_due_on_maturity_date,488,USD_millions,,,,,,hypothetical_calculation,owner_reviewed_for_phase5_testing,Revolver equals the opening draw and is assumed unchanged through maturity solely for this principal comparison; Phase 5 must model actual draws and repayments.
MT-0050,data/phase4/processed/MATURITY_SCHEDULE.csv,maturity_schedule,total_funded_principal_payments_during_period,488,USD_millions,,,,,,hypothetical_calculation,owner_reviewed_for_phase5_testing,Revolver equals the opening draw and is assumed unchanged through maturity solely for this principal comparison; Phase 5 must model actual draws and repayments.
MT-0051,data/phase4/processed/MATURITY_SCHEDULE.csv,maturity_schedule,revolver_unchanged_through_maturity_assumption,0,USD_millions,,,,,,hypothetical_calculation,owner_reviewed_for_phase5_testing,Revolver equals the opening draw and is assumed unchanged through maturity solely for this principal comparison; Phase 5 must model actual draws and repayments.
MT-0052,data/phase4/processed/MATURITY_SCHEDULE.csv,maturity_schedule,retained_finance_leases_and_other_debt_maturities,,USD_millions,SRC-001,Quanex FY2025 Form 10-K,https://www.sec.gov/Archives/edgar/data/1423221/000142322125000100/nx-20251031.htm,2025-12-12,,not_determinable_from_annual_maturity_buckets,owner_reviewed_for_phase5_testing,The public annual maturity buckets do not support an exact allocation to this period.
MT-0053,data/phase4/processed/MATURITY_SCHEDULE.csv,maturity_schedule,term_principal_outstanding_at_beginning_of_period,512,USD_millions,,,,,,hypothetical_calculation,owner_reviewed_for_phase5_testing,
MT-0054,data/phase4/processed/MATURITY_SCHEDULE.csv,maturity_schedule,revolver_principal_outstanding_at_beginning_of_period,0,USD_millions,,,,,,hypothetical_calculation,owner_reviewed_for_phase5_testing,Revolver equals the opening draw and is assumed unchanged through maturity solely for this principal comparison; Phase 5 must model actual draws and repayments.
MT-0055,data/phase4/processed/MATURITY_SCHEDULE.csv,maturity_schedule,total_funded_principal_outstanding_at_beginning_of_period,512,USD_millions,,,,,,hypothetical_calculation,owner_reviewed_for_phase5_testing,Revolver equals the opening draw and is assumed unchanged through maturity solely for this principal comparison; Phase 5 must model actual draws and repayments.
MT-0056,data/phase4/processed/MATURITY_SCHEDULE.csv,maturity_schedule,scheduled_term_principal_payments_during_period,32,USD_millions,,,,,,hypothetical_calculation,owner_reviewed_for_phase5_testing,
MT-0057,data/phase4/processed/MATURITY_SCHEDULE.csv,maturity_schedule,final_scheduled_term_installment_due_on_maturity_date,8,USD_millions,,,,,,hypothetical_calculation,owner_reviewed_for_phase5_testing,
MT-0058,data/phase4/processed/MATURITY_SCHEDULE.csv,maturity_schedule,post_installment_term_balloon,480,USD_millions,,,,,,hypothetical_calculation,owner_reviewed_for_phase5_testing,
MT-0059,data/phase4/processed/MATURITY_SCHEDULE.csv,maturity_schedule,total_term_principal_due_on_maturity_date,488,USD_millions,,,,,,hypothetical_calculation,owner_reviewed_for_phase5_testing,
MT-0060,data/phase4/processed/MATURITY_SCHEDULE.csv,maturity_schedule,revolver_principal_due_on_maturity_date,0,USD_millions,,,,,,hypothetical_calculation,owner_reviewed_for_phase5_testing,Revolver equals the opening draw and is assumed unchanged through maturity solely for this principal comparison; Phase 5 must model actual draws and repayments.
MT-0061,data/phase4/processed/MATURITY_SCHEDULE.csv,maturity_schedule,total_funded_principal_due_on_maturity_date,488,USD_millions,,,,,,hypothetical_calculation,owner_reviewed_for_phase5_testing,Revolver equals the opening draw and is assumed unchanged through maturity solely for this principal comparison; Phase 5 must model actual draws and repayments.
MT-0062,data/phase4/processed/MATURITY_SCHEDULE.csv,maturity_schedule,total_funded_principal_payments_during_period,512,USD_millions,,,,,,hypothetical_calculation,owner_reviewed_for_phase5_testing,Revolver equals the opening draw and is assumed unchanged through maturity solely for this principal comparison; Phase 5 must model actual draws and repayments.
MT-0063,data/phase4/processed/MATURITY_SCHEDULE.csv,maturity_schedule,revolver_unchanged_through_maturity_assumption,0,USD_millions,,,,,,hypothetical_calculation,owner_reviewed_for_phase5_testing,Revolver equals the opening draw and is assumed unchanged through maturity solely for this principal comparison; Phase 5 must model actual draws and repayments.
MT-0064,data/phase4/processed/MATURITY_SCHEDULE.csv,maturity_schedule,retained_finance_leases_and_other_debt_maturities,,USD_millions,SRC-001,Quanex FY2025 Form 10-K,https://www.sec.gov/Archives/edgar/data/1423221/000142322125000100/nx-20251031.htm,2025-12-12,,not_determinable_from_annual_maturity_buckets,owner_reviewed_for_phase5_testing,The public annual maturity buckets do not support an exact allocation to this period.
MT-0065,data/phase4/processed/MATURITY_SCHEDULE.csv,maturity_schedule,term_principal_outstanding_at_beginning_of_period,336,USD_millions,,,,,,hypothetical_calculation,owner_reviewed_for_phase5_testing,
MT-0066,data/phase4/processed/MATURITY_SCHEDULE.csv,maturity_schedule,revolver_principal_outstanding_at_beginning_of_period,0,USD_millions,,,,,,hypothetical_calculation,owner_reviewed_for_phase5_testing,Revolver equals the opening draw and is assumed unchanged through maturity solely for this principal comparison; Phase 5 must model actual draws and repayments.
MT-0067,data/phase4/processed/MATURITY_SCHEDULE.csv,maturity_schedule,total_funded_principal_outstanding_at_beginning_of_period,336,USD_millions,,,,,,hypothetical_calculation,owner_reviewed_for_phase5_testing,Revolver equals the opening draw and is assumed unchanged through maturity solely for this principal comparison; Phase 5 must model actual draws and repayments.
MT-0068,data/phase4/processed/MATURITY_SCHEDULE.csv,maturity_schedule,scheduled_term_principal_payments_during_period,16,USD_millions,,,,,,hypothetical_calculation,owner_reviewed_for_phase5_testing,
MT-0069,data/phase4/processed/MATURITY_SCHEDULE.csv,maturity_schedule,final_scheduled_term_installment_due_on_maturity_date,16,USD_millions,,,,,,hypothetical_calculation,owner_reviewed_for_phase5_testing,
MT-0070,data/phase4/processed/MATURITY_SCHEDULE.csv,maturity_schedule,post_installment_term_balloon,320,USD_millions,,,,,,hypothetical_calculation,owner_reviewed_for_phase5_testing,
MT-0071,data/phase4/processed/MATURITY_SCHEDULE.csv,maturity_schedule,total_term_principal_due_on_maturity_date,336,USD_millions,,,,,,hypothetical_calculation,owner_reviewed_for_phase5_testing,
MT-0072,data/phase4/processed/MATURITY_SCHEDULE.csv,maturity_schedule,revolver_principal_due_on_maturity_date,0,USD_millions,,,,,,hypothetical_calculation,owner_reviewed_for_phase5_testing,Revolver equals the opening draw and is assumed unchanged through maturity solely for this principal comparison; Phase 5 must model actual draws and repayments.
MT-0073,data/phase4/processed/MATURITY_SCHEDULE.csv,maturity_schedule,total_funded_principal_due_on_maturity_date,336,USD_millions,,,,,,hypothetical_calculation,owner_reviewed_for_phase5_testing,Revolver equals the opening draw and is assumed unchanged through maturity solely for this principal comparison; Phase 5 must model actual draws and repayments.
MT-0074,data/phase4/processed/MATURITY_SCHEDULE.csv,maturity_schedule,total_funded_principal_payments_during_period,336,USD_millions,,,,,,hypothetical_calculation,owner_reviewed_for_phase5_testing,Revolver equals the opening draw and is assumed unchanged through maturity solely for this principal comparison; Phase 5 must model actual draws and repayments.
MT-0075,data/phase4/processed/MATURITY_SCHEDULE.csv,maturity_schedule,revolver_unchanged_through_maturity_assumption,0,USD_millions,,,,,,hypothetical_calculation,owner_reviewed_for_phase5_testing,Revolver equals the opening draw and is assumed unchanged through maturity solely for this principal comparison; Phase 5 must model actual draws and repayments.
MT-0076,data/phase4/processed/MATURITY_SCHEDULE.csv,maturity_schedule,retained_finance_leases_and_other_debt_maturities,,USD_millions,SRC-001,Quanex FY2025 Form 10-K,https://www.sec.gov/Archives/edgar/data/1423221/000142322125000100/nx-20251031.htm,2025-12-12,,not_determinable_from_annual_maturity_buckets,owner_reviewed_for_phase5_testing,The public annual maturity buckets do not support an exact allocation to this period.
MT-0077,data/phase4/processed/MATURITY_SCHEDULE.csv,maturity_schedule,term_principal_outstanding_at_beginning_of_period,384,USD_millions,,,,,,hypothetical_calculation,owner_reviewed_for_phase5_testing,
MT-0078,data/phase4/processed/MATURITY_SCHEDULE.csv,maturity_schedule,revolver_principal_outstanding_at_beginning_of_period,0,USD_millions,,,,,,hypothetical_calculation,owner_reviewed_for_phase5_testing,Revolver equals the opening draw and is assumed unchanged through maturity solely for this principal comparison; Phase 5 must model actual draws and repayments.
MT-0079,data/phase4/processed/MATURITY_SCHEDULE.csv,maturity_schedule,total_funded_principal_outstanding_at_beginning_of_period,384,USD_millions,,,,,,hypothetical_calculation,owner_reviewed_for_phase5_testing,Revolver equals the opening draw and is assumed unchanged through maturity solely for this principal comparison; Phase 5 must model actual draws and repayments.
MT-0080,data/phase4/processed/MATURITY_SCHEDULE.csv,maturity_schedule,scheduled_term_principal_payments_during_period,64,USD_millions,,,,,,hypothetical_calculation,owner_reviewed_for_phase5_testing,
MT-0081,data/phase4/processed/MATURITY_SCHEDULE.csv,maturity_schedule,final_scheduled_term_installment_due_on_maturity_date,16,USD_millions,,,,,,hypothetical_calculation,owner_reviewed_for_phase5_testing,
MT-0082,data/phase4/processed/MATURITY_SCHEDULE.csv,maturity_schedule,post_installment_term_balloon,320,USD_millions,,,,,,hypothetical_calculation,owner_reviewed_for_phase5_testing,
MT-0083,data/phase4/processed/MATURITY_SCHEDULE.csv,maturity_schedule,total_term_principal_due_on_maturity_date,336,USD_millions,,,,,,hypothetical_calculation,owner_reviewed_for_phase5_testing,
MT-0084,data/phase4/processed/MATURITY_SCHEDULE.csv,maturity_schedule,revolver_principal_due_on_maturity_date,0,USD_millions,,,,,,hypothetical_calculation,owner_reviewed_for_phase5_testing,Revolver equals the opening draw and is assumed unchanged through maturity solely for this principal comparison; Phase 5 must model actual draws and repayments.
MT-0085,data/phase4/processed/MATURITY_SCHEDULE.csv,maturity_schedule,total_funded_principal_due_on_maturity_date,336,USD_millions,,,,,,hypothetical_calculation,owner_reviewed_for_phase5_testing,Revolver equals the opening draw and is assumed unchanged through maturity solely for this principal comparison; Phase 5 must model actual draws and repayments.
MT-0086,data/phase4/processed/MATURITY_SCHEDULE.csv,maturity_schedule,total_funded_principal_payments_during_period,384,USD_millions,,,,,,hypothetical_calculation,owner_reviewed_for_phase5_testing,Revolver equals the opening draw and is assumed unchanged through maturity solely for this principal comparison; Phase 5 must model actual draws and repayments.
MT-0087,data/phase4/processed/MATURITY_SCHEDULE.csv,maturity_schedule,revolver_unchanged_through_maturity_assumption,0,USD_millions,,,,,,hypothetical_calculation,owner_reviewed_for_phase5_testing,Revolver equals the opening draw and is assumed unchanged through maturity solely for this principal comparison; Phase 5 must model actual draws and repayments.
MT-0088,data/phase4/processed/MATURITY_SCHEDULE.csv,maturity_schedule,retained_finance_leases_and_other_debt_maturities,,USD_millions,SRC-001,Quanex FY2025 Form 10-K,https://www.sec.gov/Archives/edgar/data/1423221/000142322125000100/nx-20251031.htm,2025-12-12,,not_determinable_from_annual_maturity_buckets,owner_reviewed_for_phase5_testing,The public annual maturity buckets do not support an exact allocation to this period.
MT-0089,data/phase4/processed/MATURITY_SCHEDULE.csv,maturity_schedule,term_principal_outstanding_at_beginning_of_period,184,USD_millions,,,,,,hypothetical_calculation,owner_reviewed_for_phase5_testing,
MT-0090,data/phase4/processed/MATURITY_SCHEDULE.csv,maturity_schedule,revolver_principal_outstanding_at_beginning_of_period,0,USD_millions,,,,,,hypothetical_calculation,owner_reviewed_for_phase5_testing,Revolver equals the opening draw and is assumed unchanged through maturity solely for this principal comparison; Phase 5 must model actual draws and repayments.
MT-0091,data/phase4/processed/MATURITY_SCHEDULE.csv,maturity_schedule,total_funded_principal_outstanding_at_beginning_of_period,184,USD_millions,,,,,,hypothetical_calculation,owner_reviewed_for_phase5_testing,Revolver equals the opening draw and is assumed unchanged through maturity solely for this principal comparison; Phase 5 must model actual draws and repayments.
MT-0092,data/phase4/processed/MATURITY_SCHEDULE.csv,maturity_schedule,scheduled_term_principal_payments_during_period,24,USD_millions,,,,,,hypothetical_calculation,owner_reviewed_for_phase5_testing,
MT-0093,data/phase4/processed/MATURITY_SCHEDULE.csv,maturity_schedule,final_scheduled_term_installment_due_on_maturity_date,24,USD_millions,,,,,,hypothetical_calculation,owner_reviewed_for_phase5_testing,
MT-0094,data/phase4/processed/MATURITY_SCHEDULE.csv,maturity_schedule,post_installment_term_balloon,160,USD_millions,,,,,,hypothetical_calculation,owner_reviewed_for_phase5_testing,
MT-0095,data/phase4/processed/MATURITY_SCHEDULE.csv,maturity_schedule,total_term_principal_due_on_maturity_date,184,USD_millions,,,,,,hypothetical_calculation,owner_reviewed_for_phase5_testing,
MT-0096,data/phase4/processed/MATURITY_SCHEDULE.csv,maturity_schedule,revolver_principal_due_on_maturity_date,0,USD_millions,,,,,,hypothetical_calculation,owner_reviewed_for_phase5_testing,Revolver equals the opening draw and is assumed unchanged through maturity solely for this principal comparison; Phase 5 must model actual draws and repayments.
MT-0097,data/phase4/processed/MATURITY_SCHEDULE.csv,maturity_schedule,total_funded_principal_due_on_maturity_date,184,USD_millions,,,,,,hypothetical_calculation,owner_reviewed_for_phase5_testing,Revolver equals the opening draw and is assumed unchanged through maturity solely for this principal comparison; Phase 5 must model actual draws and repayments.
MT-0098,data/phase4/processed/MATURITY_SCHEDULE.csv,maturity_schedule,total_funded_principal_payments_during_period,184,USD_millions,,,,,,hypothetical_calculation,owner_reviewed_for_phase5_testing,Revolver equals the opening draw and is assumed unchanged through maturity solely for this principal comparison; Phase 5 must model actual draws and repayments.
MT-0099,data/phase4/processed/MATURITY_SCHEDULE.csv,maturity_schedule,revolver_unchanged_through_maturity_assumption,0,USD_millions,,,,,,hypothetical_calculation,owner_reviewed_for_phase5_testing,Revolver equals the opening draw and is assumed unchanged through maturity solely for this principal comparison; Phase 5 must model actual draws and repayments.
MT-0100,data/phase4/processed/MATURITY_SCHEDULE.csv,maturity_schedule,retained_finance_leases_and_other_debt_maturities,,USD_millions,SRC-001,Quanex FY2025 Form 10-K,https://www.sec.gov/Archives/edgar/data/1423221/000142322125000100/nx-20251031.htm,2025-12-12,,not_determinable_from_annual_maturity_buckets,owner_reviewed_for_phase5_testing,The public annual maturity buckets do not support an exact allocation to this period.
MT-0101,data/phase4/processed/MATURITY_SCHEDULE.csv,maturity_schedule,term_principal_outstanding_at_beginning_of_period,256,USD_millions,,,,,,hypothetical_calculation,owner_reviewed_for_phase5_testing,
MT-0102,data/phase4/processed/MATURITY_SCHEDULE.csv,maturity_schedule,revolver_principal_outstanding_at_beginning_of_period,0,USD_millions,,,,,,hypothetical_calculation,owner_reviewed_for_phase5_testing,Revolver equals the opening draw and is assumed unchanged through maturity solely for this principal comparison; Phase 5 must model actual draws and repayments.
MT-0103,data/phase4/processed/MATURITY_SCHEDULE.csv,maturity_schedule,total_funded_principal_outstanding_at_beginning_of_period,256,USD_millions,,,,,,hypothetical_calculation,owner_reviewed_for_phase5_testing,Revolver equals the opening draw and is assumed unchanged through maturity solely for this principal comparison; Phase 5 must model actual draws and repayments.
MT-0104,data/phase4/processed/MATURITY_SCHEDULE.csv,maturity_schedule,scheduled_term_principal_payments_during_period,96,USD_millions,,,,,,hypothetical_calculation,owner_reviewed_for_phase5_testing,
MT-0105,data/phase4/processed/MATURITY_SCHEDULE.csv,maturity_schedule,final_scheduled_term_installment_due_on_maturity_date,24,USD_millions,,,,,,hypothetical_calculation,owner_reviewed_for_phase5_testing,
MT-0106,data/phase4/processed/MATURITY_SCHEDULE.csv,maturity_schedule,post_installment_term_balloon,160,USD_millions,,,,,,hypothetical_calculation,owner_reviewed_for_phase5_testing,
MT-0107,data/phase4/processed/MATURITY_SCHEDULE.csv,maturity_schedule,total_term_principal_due_on_maturity_date,184,USD_millions,,,,,,hypothetical_calculation,owner_reviewed_for_phase5_testing,
MT-0108,data/phase4/processed/MATURITY_SCHEDULE.csv,maturity_schedule,revolver_principal_due_on_maturity_date,0,USD_millions,,,,,,hypothetical_calculation,owner_reviewed_for_phase5_testing,Revolver equals the opening draw and is assumed unchanged through maturity solely for this principal comparison; Phase 5 must model actual draws and repayments.
MT-0109,data/phase4/processed/MATURITY_SCHEDULE.csv,maturity_schedule,total_funded_principal_due_on_maturity_date,184,USD_millions,,,,,,hypothetical_calculation,owner_reviewed_for_phase5_testing,Revolver equals the opening draw and is assumed unchanged through maturity solely for this principal comparison; Phase 5 must model actual draws and repayments.
MT-0110,data/phase4/processed/MATURITY_SCHEDULE.csv,maturity_schedule,total_funded_principal_payments_during_period,256,USD_millions,,,,,,hypothetical_calculation,owner_reviewed_for_phase5_testing,Revolver equals the opening draw and is assumed unchanged through maturity solely for this principal comparison; Phase 5 must model actual draws and repayments.
MT-0111,data/phase4/processed/MATURITY_SCHEDULE.csv,maturity_schedule,revolver_unchanged_through_maturity_assumption,0,USD_millions,,,,,,hypothetical_calculation,owner_reviewed_for_phase5_testing,Revolver equals the opening draw and is assumed unchanged through maturity solely for this principal comparison; Phase 5 must model actual draws and repayments.
MT-0112,data/phase4/processed/MATURITY_SCHEDULE.csv,maturity_schedule,retained_finance_leases_and_other_debt_maturities,,USD_millions,SRC-001,Quanex FY2025 Form 10-K,https://www.sec.gov/Archives/edgar/data/1423221/000142322125000100/nx-20251031.htm,2025-12-12,,not_determinable_from_annual_maturity_buckets,owner_reviewed_for_phase5_testing,The public annual maturity buckets do not support an exact allocation to this period.
MT-0113,data/phase4/processed/MATURITY_SCHEDULE.csv,maturity_schedule,term_principal_outstanding_at_beginning_of_period,495.625,USD_millions,,,,,,hypothetical_calculation,owner_reviewed_for_phase5_testing,
MT-0114,data/phase4/processed/MATURITY_SCHEDULE.csv,maturity_schedule,revolver_principal_outstanding_at_beginning_of_period,29.89771875,USD_millions,,,,,,hypothetical_calculation,owner_reviewed_for_phase5_testing,Revolver equals the opening draw and is assumed unchanged through maturity solely for this principal comparison; Phase 5 must model actual draws and repayments.
MT-0115,data/phase4/processed/MATURITY_SCHEDULE.csv,maturity_schedule,total_funded_principal_outstanding_at_beginning_of_period,525.52271875,USD_millions,,,,,,hypothetical_calculation,owner_reviewed_for_phase5_testing,Revolver equals the opening draw and is assumed unchanged through maturity solely for this principal comparison; Phase 5 must model actual draws and repayments.
MT-0116,data/phase4/processed/MATURITY_SCHEDULE.csv,maturity_schedule,scheduled_term_principal_payments_during_period,8.125,USD_millions,,,,,,hypothetical_calculation,owner_reviewed_for_phase5_testing,
MT-0117,data/phase4/processed/MATURITY_SCHEDULE.csv,maturity_schedule,final_scheduled_term_installment_due_on_maturity_date,8.125,USD_millions,,,,,,hypothetical_calculation,owner_reviewed_for_phase5_testing,
MT-0118,data/phase4/processed/MATURITY_SCHEDULE.csv,maturity_schedule,post_installment_term_balloon,487.5,USD_millions,,,,,,hypothetical_calculation,owner_reviewed_for_phase5_testing,
MT-0119,data/phase4/processed/MATURITY_SCHEDULE.csv,maturity_schedule,total_term_principal_due_on_maturity_date,495.625,USD_millions,,,,,,hypothetical_calculation,owner_reviewed_for_phase5_testing,
MT-0120,data/phase4/processed/MATURITY_SCHEDULE.csv,maturity_schedule,revolver_principal_due_on_maturity_date,29.89771875,USD_millions,,,,,,hypothetical_calculation,owner_reviewed_for_phase5_testing,Revolver equals the opening draw and is assumed unchanged through maturity solely for this principal comparison; Phase 5 must model actual draws and repayments.
MT-0121,data/phase4/processed/MATURITY_SCHEDULE.csv,maturity_schedule,total_funded_principal_due_on_maturity_date,525.52271875,USD_millions,,,,,,hypothetical_calculation,owner_reviewed_for_phase5_testing,Revolver equals the opening draw and is assumed unchanged through maturity solely for this principal comparison; Phase 5 must model actual draws and repayments.
MT-0122,data/phase4/processed/MATURITY_SCHEDULE.csv,maturity_schedule,total_funded_principal_payments_during_period,525.52271875,USD_millions,,,,,,hypothetical_calculation,owner_reviewed_for_phase5_testing,Revolver equals the opening draw and is assumed unchanged through maturity solely for this principal comparison; Phase 5 must model actual draws and repayments.
MT-0123,data/phase4/processed/MATURITY_SCHEDULE.csv,maturity_schedule,revolver_unchanged_through_maturity_assumption,29.89771875,USD_millions,,,,,,hypothetical_calculation,owner_reviewed_for_phase5_testing,Revolver equals the opening draw and is assumed unchanged through maturity solely for this principal comparison; Phase 5 must model actual draws and repayments.
MT-0124,data/phase4/processed/MATURITY_SCHEDULE.csv,maturity_schedule,retained_finance_leases_and_other_debt_maturities,,USD_millions,SRC-001,Quanex FY2025 Form 10-K,https://www.sec.gov/Archives/edgar/data/1423221/000142322125000100/nx-20251031.htm,2025-12-12,,not_determinable_from_annual_maturity_buckets,owner_reviewed_for_phase5_testing,The public annual maturity buckets do not support an exact allocation to this period.
MT-0125,data/phase4/processed/MATURITY_SCHEDULE.csv,maturity_schedule,term_principal_outstanding_at_beginning_of_period,520,USD_millions,,,,,,hypothetical_calculation,owner_reviewed_for_phase5_testing,
MT-0126,data/phase4/processed/MATURITY_SCHEDULE.csv,maturity_schedule,revolver_principal_outstanding_at_beginning_of_period,29.89771875,USD_millions,,,,,,hypothetical_calculation,owner_reviewed_for_phase5_testing,Revolver equals the opening draw and is assumed unchanged through maturity solely for this principal comparison; Phase 5 must model actual draws and repayments.
MT-0127,data/phase4/processed/MATURITY_SCHEDULE.csv,maturity_schedule,total_funded_principal_outstanding_at_beginning_of_period,549.89771875,USD_millions,,,,,,hypothetical_calculation,owner_reviewed_for_phase5_testing,Revolver equals the opening draw and is assumed unchanged through maturity solely for this principal comparison; Phase 5 must model actual draws and repayments.
MT-0128,data/phase4/processed/MATURITY_SCHEDULE.csv,maturity_schedule,scheduled_term_principal_payments_during_period,32.5,USD_millions,,,,,,hypothetical_calculation,owner_reviewed_for_phase5_testing,
MT-0129,data/phase4/processed/MATURITY_SCHEDULE.csv,maturity_schedule,final_scheduled_term_installment_due_on_maturity_date,8.125,USD_millions,,,,,,hypothetical_calculation,owner_reviewed_for_phase5_testing,
MT-0130,data/phase4/processed/MATURITY_SCHEDULE.csv,maturity_schedule,post_installment_term_balloon,487.5,USD_millions,,,,,,hypothetical_calculation,owner_reviewed_for_phase5_testing,
MT-0131,data/phase4/processed/MATURITY_SCHEDULE.csv,maturity_schedule,total_term_principal_due_on_maturity_date,495.625,USD_millions,,,,,,hypothetical_calculation,owner_reviewed_for_phase5_testing,
MT-0132,data/phase4/processed/MATURITY_SCHEDULE.csv,maturity_schedule,revolver_principal_due_on_maturity_date,29.89771875,USD_millions,,,,,,hypothetical_calculation,owner_reviewed_for_phase5_testing,Revolver equals the opening draw and is assumed unchanged through maturity solely for this principal comparison; Phase 5 must model actual draws and repayments.
MT-0133,data/phase4/processed/MATURITY_SCHEDULE.csv,maturity_schedule,total_funded_principal_due_on_maturity_date,525.52271875,USD_millions,,,,,,hypothetical_calculation,owner_reviewed_for_phase5_testing,Revolver equals the opening draw and is assumed unchanged through maturity solely for this principal comparison; Phase 5 must model actual draws and repayments.
MT-0134,data/phase4/processed/MATURITY_SCHEDULE.csv,maturity_schedule,total_funded_principal_payments_during_period,549.89771875,USD_millions,,,,,,hypothetical_calculation,owner_reviewed_for_phase5_testing,Revolver equals the opening draw and is assumed unchanged through maturity solely for this principal comparison; Phase 5 must model actual draws and repayments.
MT-0135,data/phase4/processed/MATURITY_SCHEDULE.csv,maturity_schedule,revolver_unchanged_through_maturity_assumption,29.89771875,USD_millions,,,,,,hypothetical_calculation,owner_reviewed_for_phase5_testing,Revolver equals the opening draw and is assumed unchanged through maturity solely for this principal comparison; Phase 5 must model actual draws and repayments.
MT-0136,data/phase4/processed/MATURITY_SCHEDULE.csv,maturity_schedule,retained_finance_leases_and_other_debt_maturities,,USD_millions,SRC-001,Quanex FY2025 Form 10-K,https://www.sec.gov/Archives/edgar/data/1423221/000142322125000100/nx-20251031.htm,2025-12-12,,not_determinable_from_annual_maturity_buckets,owner_reviewed_for_phase5_testing,The public annual maturity buckets do not support an exact allocation to this period.
MT-0137,data/phase4/processed/MATURITY_SCHEDULE.csv,maturity_schedule,term_principal_outstanding_at_beginning_of_period,341.25,USD_millions,,,,,,hypothetical_calculation,owner_reviewed_for_phase5_testing,
MT-0138,data/phase4/processed/MATURITY_SCHEDULE.csv,maturity_schedule,revolver_principal_outstanding_at_beginning_of_period,29.89771875,USD_millions,,,,,,hypothetical_calculation,owner_reviewed_for_phase5_testing,Revolver equals the opening draw and is assumed unchanged through maturity solely for this principal comparison; Phase 5 must model actual draws and repayments.
MT-0139,data/phase4/processed/MATURITY_SCHEDULE.csv,maturity_schedule,total_funded_principal_outstanding_at_beginning_of_period,371.14771875,USD_millions,,,,,,hypothetical_calculation,owner_reviewed_for_phase5_testing,Revolver equals the opening draw and is assumed unchanged through maturity solely for this principal comparison; Phase 5 must model actual draws and repayments.
MT-0140,data/phase4/processed/MATURITY_SCHEDULE.csv,maturity_schedule,scheduled_term_principal_payments_during_period,16.25,USD_millions,,,,,,hypothetical_calculation,owner_reviewed_for_phase5_testing,
MT-0141,data/phase4/processed/MATURITY_SCHEDULE.csv,maturity_schedule,final_scheduled_term_installment_due_on_maturity_date,16.25,USD_millions,,,,,,hypothetical_calculation,owner_reviewed_for_phase5_testing,
MT-0142,data/phase4/processed/MATURITY_SCHEDULE.csv,maturity_schedule,post_installment_term_balloon,325,USD_millions,,,,,,hypothetical_calculation,owner_reviewed_for_phase5_testing,
MT-0143,data/phase4/processed/MATURITY_SCHEDULE.csv,maturity_schedule,total_term_principal_due_on_maturity_date,341.25,USD_millions,,,,,,hypothetical_calculation,owner_reviewed_for_phase5_testing,
MT-0144,data/phase4/processed/MATURITY_SCHEDULE.csv,maturity_schedule,revolver_principal_due_on_maturity_date,29.89771875,USD_millions,,,,,,hypothetical_calculation,owner_reviewed_for_phase5_testing,Revolver equals the opening draw and is assumed unchanged through maturity solely for this principal comparison; Phase 5 must model actual draws and repayments.
MT-0145,data/phase4/processed/MATURITY_SCHEDULE.csv,maturity_schedule,total_funded_principal_due_on_maturity_date,371.14771875,USD_millions,,,,,,hypothetical_calculation,owner_reviewed_for_phase5_testing,Revolver equals the opening draw and is assumed unchanged through maturity solely for this principal comparison; Phase 5 must model actual draws and repayments.
MT-0146,data/phase4/processed/MATURITY_SCHEDULE.csv,maturity_schedule,total_funded_principal_payments_during_period,371.14771875,USD_millions,,,,,,hypothetical_calculation,owner_reviewed_for_phase5_testing,Revolver equals the opening draw and is assumed unchanged through maturity solely for this principal comparison; Phase 5 must model actual draws and repayments.
MT-0147,data/phase4/processed/MATURITY_SCHEDULE.csv,maturity_schedule,revolver_unchanged_through_maturity_assumption,29.89771875,USD_millions,,,,,,hypothetical_calculation,owner_reviewed_for_phase5_testing,Revolver equals the opening draw and is assumed unchanged through maturity solely for this principal comparison; Phase 5 must model actual draws and repayments.
MT-0148,data/phase4/processed/MATURITY_SCHEDULE.csv,maturity_schedule,retained_finance_leases_and_other_debt_maturities,,USD_millions,SRC-001,Quanex FY2025 Form 10-K,https://www.sec.gov/Archives/edgar/data/1423221/000142322125000100/nx-20251031.htm,2025-12-12,,not_determinable_from_annual_maturity_buckets,owner_reviewed_for_phase5_testing,The public annual maturity buckets do not support an exact allocation to this period.
MT-0149,data/phase4/processed/MATURITY_SCHEDULE.csv,maturity_schedule,term_principal_outstanding_at_beginning_of_period,390,USD_millions,,,,,,hypothetical_calculation,owner_reviewed_for_phase5_testing,
MT-0150,data/phase4/processed/MATURITY_SCHEDULE.csv,maturity_schedule,revolver_principal_outstanding_at_beginning_of_period,29.89771875,USD_millions,,,,,,hypothetical_calculation,owner_reviewed_for_phase5_testing,Revolver equals the opening draw and is assumed unchanged through maturity solely for this principal comparison; Phase 5 must model actual draws and repayments.
MT-0151,data/phase4/processed/MATURITY_SCHEDULE.csv,maturity_schedule,total_funded_principal_outstanding_at_beginning_of_period,419.89771875,USD_millions,,,,,,hypothetical_calculation,owner_reviewed_for_phase5_testing,Revolver equals the opening draw and is assumed unchanged through maturity solely for this principal comparison; Phase 5 must model actual draws and repayments.
MT-0152,data/phase4/processed/MATURITY_SCHEDULE.csv,maturity_schedule,scheduled_term_principal_payments_during_period,65,USD_millions,,,,,,hypothetical_calculation,owner_reviewed_for_phase5_testing,
MT-0153,data/phase4/processed/MATURITY_SCHEDULE.csv,maturity_schedule,final_scheduled_term_installment_due_on_maturity_date,16.25,USD_millions,,,,,,hypothetical_calculation,owner_reviewed_for_phase5_testing,
MT-0154,data/phase4/processed/MATURITY_SCHEDULE.csv,maturity_schedule,post_installment_term_balloon,325,USD_millions,,,,,,hypothetical_calculation,owner_reviewed_for_phase5_testing,
MT-0155,data/phase4/processed/MATURITY_SCHEDULE.csv,maturity_schedule,total_term_principal_due_on_maturity_date,341.25,USD_millions,,,,,,hypothetical_calculation,owner_reviewed_for_phase5_testing,
MT-0156,data/phase4/processed/MATURITY_SCHEDULE.csv,maturity_schedule,revolver_principal_due_on_maturity_date,29.89771875,USD_millions,,,,,,hypothetical_calculation,owner_reviewed_for_phase5_testing,Revolver equals the opening draw and is assumed unchanged through maturity solely for this principal comparison; Phase 5 must model actual draws and repayments.
MT-0157,data/phase4/processed/MATURITY_SCHEDULE.csv,maturity_schedule,total_funded_principal_due_on_maturity_date,371.14771875,USD_millions,,,,,,hypothetical_calculation,owner_reviewed_for_phase5_testing,Revolver equals the opening draw and is assumed unchanged through maturity solely for this principal comparison; Phase 5 must model actual draws and repayments.
MT-0158,data/phase4/processed/MATURITY_SCHEDULE.csv,maturity_schedule,total_funded_principal_payments_during_period,419.89771875,USD_millions,,,,,,hypothetical_calculation,owner_reviewed_for_phase5_testing,Revolver equals the opening draw and is assumed unchanged through maturity solely for this principal comparison; Phase 5 must model actual draws and repayments.
MT-0159,data/phase4/processed/MATURITY_SCHEDULE.csv,maturity_schedule,revolver_unchanged_through_maturity_assumption,29.89771875,USD_millions,,,,,,hypothetical_calculation,owner_reviewed_for_phase5_testing,Revolver equals the opening draw and is assumed unchanged through maturity solely for this principal comparison; Phase 5 must model actual draws and repayments.
MT-0160,data/phase4/processed/MATURITY_SCHEDULE.csv,maturity_schedule,retained_finance_leases_and_other_debt_maturities,,USD_millions,SRC-001,Quanex FY2025 Form 10-K,https://www.sec.gov/Archives/edgar/data/1423221/000142322125000100/nx-20251031.htm,2025-12-12,,not_determinable_from_annual_maturity_buckets,owner_reviewed_for_phase5_testing,The public annual maturity buckets do not support an exact allocation to this period.
MT-0161,data/phase4/processed/MATURITY_SCHEDULE.csv,maturity_schedule,term_principal_outstanding_at_beginning_of_period,186.875,USD_millions,,,,,,hypothetical_calculation,owner_reviewed_for_phase5_testing,
MT-0162,data/phase4/processed/MATURITY_SCHEDULE.csv,maturity_schedule,revolver_principal_outstanding_at_beginning_of_period,29.89771875,USD_millions,,,,,,hypothetical_calculation,owner_reviewed_for_phase5_testing,Revolver equals the opening draw and is assumed unchanged through maturity solely for this principal comparison; Phase 5 must model actual draws and repayments.
MT-0163,data/phase4/processed/MATURITY_SCHEDULE.csv,maturity_schedule,total_funded_principal_outstanding_at_beginning_of_period,216.77271875,USD_millions,,,,,,hypothetical_calculation,owner_reviewed_for_phase5_testing,Revolver equals the opening draw and is assumed unchanged through maturity solely for this principal comparison; Phase 5 must model actual draws and repayments.
MT-0164,data/phase4/processed/MATURITY_SCHEDULE.csv,maturity_schedule,scheduled_term_principal_payments_during_period,24.375,USD_millions,,,,,,hypothetical_calculation,owner_reviewed_for_phase5_testing,
MT-0165,data/phase4/processed/MATURITY_SCHEDULE.csv,maturity_schedule,final_scheduled_term_installment_due_on_maturity_date,24.375,USD_millions,,,,,,hypothetical_calculation,owner_reviewed_for_phase5_testing,
MT-0166,data/phase4/processed/MATURITY_SCHEDULE.csv,maturity_schedule,post_installment_term_balloon,162.5,USD_millions,,,,,,hypothetical_calculation,owner_reviewed_for_phase5_testing,
MT-0167,data/phase4/processed/MATURITY_SCHEDULE.csv,maturity_schedule,total_term_principal_due_on_maturity_date,186.875,USD_millions,,,,,,hypothetical_calculation,owner_reviewed_for_phase5_testing,
MT-0168,data/phase4/processed/MATURITY_SCHEDULE.csv,maturity_schedule,revolver_principal_due_on_maturity_date,29.89771875,USD_millions,,,,,,hypothetical_calculation,owner_reviewed_for_phase5_testing,Revolver equals the opening draw and is assumed unchanged through maturity solely for this principal comparison; Phase 5 must model actual draws and repayments.
MT-0169,data/phase4/processed/MATURITY_SCHEDULE.csv,maturity_schedule,total_funded_principal_due_on_maturity_date,216.77271875,USD_millions,,,,,,hypothetical_calculation,owner_reviewed_for_phase5_testing,Revolver equals the opening draw and is assumed unchanged through maturity solely for this principal comparison; Phase 5 must model actual draws and repayments.
MT-0170,data/phase4/processed/MATURITY_SCHEDULE.csv,maturity_schedule,total_funded_principal_payments_during_period,216.77271875,USD_millions,,,,,,hypothetical_calculation,owner_reviewed_for_phase5_testing,Revolver equals the opening draw and is assumed unchanged through maturity solely for this principal comparison; Phase 5 must model actual draws and repayments.
MT-0171,data/phase4/processed/MATURITY_SCHEDULE.csv,maturity_schedule,revolver_unchanged_through_maturity_assumption,29.89771875,USD_millions,,,,,,hypothetical_calculation,owner_reviewed_for_phase5_testing,Revolver equals the opening draw and is assumed unchanged through maturity solely for this principal comparison; Phase 5 must model actual draws and repayments.
MT-0172,data/phase4/processed/MATURITY_SCHEDULE.csv,maturity_schedule,retained_finance_leases_and_other_debt_maturities,,USD_millions,SRC-001,Quanex FY2025 Form 10-K,https://www.sec.gov/Archives/edgar/data/1423221/000142322125000100/nx-20251031.htm,2025-12-12,,not_determinable_from_annual_maturity_buckets,owner_reviewed_for_phase5_testing,The public annual maturity buckets do not support an exact allocation to this period.
MT-0173,data/phase4/processed/MATURITY_SCHEDULE.csv,maturity_schedule,term_principal_outstanding_at_beginning_of_period,260,USD_millions,,,,,,hypothetical_calculation,owner_reviewed_for_phase5_testing,
MT-0174,data/phase4/processed/MATURITY_SCHEDULE.csv,maturity_schedule,revolver_principal_outstanding_at_beginning_of_period,29.89771875,USD_millions,,,,,,hypothetical_calculation,owner_reviewed_for_phase5_testing,Revolver equals the opening draw and is assumed unchanged through maturity solely for this principal comparison; Phase 5 must model actual draws and repayments.
MT-0175,data/phase4/processed/MATURITY_SCHEDULE.csv,maturity_schedule,total_funded_principal_outstanding_at_beginning_of_period,289.89771875,USD_millions,,,,,,hypothetical_calculation,owner_reviewed_for_phase5_testing,Revolver equals the opening draw and is assumed unchanged through maturity solely for this principal comparison; Phase 5 must model actual draws and repayments.
MT-0176,data/phase4/processed/MATURITY_SCHEDULE.csv,maturity_schedule,scheduled_term_principal_payments_during_period,97.5,USD_millions,,,,,,hypothetical_calculation,owner_reviewed_for_phase5_testing,
MT-0177,data/phase4/processed/MATURITY_SCHEDULE.csv,maturity_schedule,final_scheduled_term_installment_due_on_maturity_date,24.375,USD_millions,,,,,,hypothetical_calculation,owner_reviewed_for_phase5_testing,
MT-0178,data/phase4/processed/MATURITY_SCHEDULE.csv,maturity_schedule,post_installment_term_balloon,162.5,USD_millions,,,,,,hypothetical_calculation,owner_reviewed_for_phase5_testing,
MT-0179,data/phase4/processed/MATURITY_SCHEDULE.csv,maturity_schedule,total_term_principal_due_on_maturity_date,186.875,USD_millions,,,,,,hypothetical_calculation,owner_reviewed_for_phase5_testing,
MT-0180,data/phase4/processed/MATURITY_SCHEDULE.csv,maturity_schedule,revolver_principal_due_on_maturity_date,29.89771875,USD_millions,,,,,,hypothetical_calculation,owner_reviewed_for_phase5_testing,Revolver equals the opening draw and is assumed unchanged through maturity solely for this principal comparison; Phase 5 must model actual draws and repayments.
MT-0181,data/phase4/processed/MATURITY_SCHEDULE.csv,maturity_schedule,total_funded_principal_due_on_maturity_date,216.77271875,USD_millions,,,,,,hypothetical_calculation,owner_reviewed_for_phase5_testing,Revolver equals the opening draw and is assumed unchanged through maturity solely for this principal comparison; Phase 5 must model actual draws and repayments.
MT-0182,data/phase4/processed/MATURITY_SCHEDULE.csv,maturity_schedule,total_funded_principal_payments_during_period,289.89771875,USD_millions,,,,,,hypothetical_calculation,owner_reviewed_for_phase5_testing,Revolver equals the opening draw and is assumed unchanged through maturity solely for this principal comparison; Phase 5 must model actual draws and repayments.
MT-0183,data/phase4/processed/MATURITY_SCHEDULE.csv,maturity_schedule,revolver_unchanged_through_maturity_assumption,29.89771875,USD_millions,,,,,,hypothetical_calculation,owner_reviewed_for_phase5_testing,Revolver equals the opening draw and is assumed unchanged through maturity solely for this principal comparison; Phase 5 must model actual draws and repayments.
MT-0184,data/phase4/processed/MATURITY_SCHEDULE.csv,maturity_schedule,retained_finance_leases_and_other_debt_maturities,,USD_millions,SRC-001,Quanex FY2025 Form 10-K,https://www.sec.gov/Archives/edgar/data/1423221/000142322125000100/nx-20251031.htm,2025-12-12,,not_determinable_from_annual_maturity_buckets,owner_reviewed_for_phase5_testing,The public annual maturity buckets do not support an exact allocation to this period.
MT-0185,data/phase4/processed/MATURITY_SCHEDULE.csv,maturity_schedule,term_principal_outstanding_at_beginning_of_period,495.625,USD_millions,,,,,,hypothetical_calculation,owner_reviewed_for_phase5_testing,
MT-0186,data/phase4/processed/MATURITY_SCHEDULE.csv,maturity_schedule,revolver_principal_outstanding_at_beginning_of_period,85.0191875,USD_millions,,,,,,hypothetical_calculation,owner_reviewed_for_phase5_testing,Revolver equals the opening draw and is assumed unchanged through maturity solely for this principal comparison; Phase 5 must model actual draws and repayments.
MT-0187,data/phase4/processed/MATURITY_SCHEDULE.csv,maturity_schedule,total_funded_principal_outstanding_at_beginning_of_period,580.6441875,USD_millions,,,,,,hypothetical_calculation,owner_reviewed_for_phase5_testing,Revolver equals the opening draw and is assumed unchanged through maturity solely for this principal comparison; Phase 5 must model actual draws and repayments.
MT-0188,data/phase4/processed/MATURITY_SCHEDULE.csv,maturity_schedule,scheduled_term_principal_payments_during_period,8.125,USD_millions,,,,,,hypothetical_calculation,owner_reviewed_for_phase5_testing,
MT-0189,data/phase4/processed/MATURITY_SCHEDULE.csv,maturity_schedule,final_scheduled_term_installment_due_on_maturity_date,8.125,USD_millions,,,,,,hypothetical_calculation,owner_reviewed_for_phase5_testing,
MT-0190,data/phase4/processed/MATURITY_SCHEDULE.csv,maturity_schedule,post_installment_term_balloon,487.5,USD_millions,,,,,,hypothetical_calculation,owner_reviewed_for_phase5_testing,
MT-0191,data/phase4/processed/MATURITY_SCHEDULE.csv,maturity_schedule,total_term_principal_due_on_maturity_date,495.625,USD_millions,,,,,,hypothetical_calculation,owner_reviewed_for_phase5_testing,
MT-0192,data/phase4/processed/MATURITY_SCHEDULE.csv,maturity_schedule,revolver_principal_due_on_maturity_date,85.0191875,USD_millions,,,,,,hypothetical_calculation,owner_reviewed_for_phase5_testing,Revolver equals the opening draw and is assumed unchanged through maturity solely for this principal comparison; Phase 5 must model actual draws and repayments.
MT-0193,data/phase4/processed/MATURITY_SCHEDULE.csv,maturity_schedule,total_funded_principal_due_on_maturity_date,580.6441875,USD_millions,,,,,,hypothetical_calculation,owner_reviewed_for_phase5_testing,Revolver equals the opening draw and is assumed unchanged through maturity solely for this principal comparison; Phase 5 must model actual draws and repayments.
MT-0194,data/phase4/processed/MATURITY_SCHEDULE.csv,maturity_schedule,total_funded_principal_payments_during_period,580.6441875,USD_millions,,,,,,hypothetical_calculation,owner_reviewed_for_phase5_testing,Revolver equals the opening draw and is assumed unchanged through maturity solely for this principal comparison; Phase 5 must model actual draws and repayments.
MT-0195,data/phase4/processed/MATURITY_SCHEDULE.csv,maturity_schedule,revolver_unchanged_through_maturity_assumption,85.0191875,USD_millions,,,,,,hypothetical_calculation,owner_reviewed_for_phase5_testing,Revolver equals the opening draw and is assumed unchanged through maturity solely for this principal comparison; Phase 5 must model actual draws and repayments.
MT-0196,data/phase4/processed/MATURITY_SCHEDULE.csv,maturity_schedule,retained_finance_leases_and_other_debt_maturities,,USD_millions,SRC-001,Quanex FY2025 Form 10-K,https://www.sec.gov/Archives/edgar/data/1423221/000142322125000100/nx-20251031.htm,2025-12-12,,not_determinable_from_annual_maturity_buckets,owner_reviewed_for_phase5_testing,The public annual maturity buckets do not support an exact allocation to this period.
MT-0197,data/phase4/processed/MATURITY_SCHEDULE.csv,maturity_schedule,term_principal_outstanding_at_beginning_of_period,520,USD_millions,,,,,,hypothetical_calculation,owner_reviewed_for_phase5_testing,
MT-0198,data/phase4/processed/MATURITY_SCHEDULE.csv,maturity_schedule,revolver_principal_outstanding_at_beginning_of_period,85.0191875,USD_millions,,,,,,hypothetical_calculation,owner_reviewed_for_phase5_testing,Revolver equals the opening draw and is assumed unchanged through maturity solely for this principal comparison; Phase 5 must model actual draws and repayments.
MT-0199,data/phase4/processed/MATURITY_SCHEDULE.csv,maturity_schedule,total_funded_principal_outstanding_at_beginning_of_period,605.0191875,USD_millions,,,,,,hypothetical_calculation,owner_reviewed_for_phase5_testing,Revolver equals the opening draw and is assumed unchanged through maturity solely for this principal comparison; Phase 5 must model actual draws and repayments.
MT-0200,data/phase4/processed/MATURITY_SCHEDULE.csv,maturity_schedule,scheduled_term_principal_payments_during_period,32.5,USD_millions,,,,,,hypothetical_calculation,owner_reviewed_for_phase5_testing,
MT-0201,data/phase4/processed/MATURITY_SCHEDULE.csv,maturity_schedule,final_scheduled_term_installment_due_on_maturity_date,8.125,USD_millions,,,,,,hypothetical_calculation,owner_reviewed_for_phase5_testing,
MT-0202,data/phase4/processed/MATURITY_SCHEDULE.csv,maturity_schedule,post_installment_term_balloon,487.5,USD_millions,,,,,,hypothetical_calculation,owner_reviewed_for_phase5_testing,
MT-0203,data/phase4/processed/MATURITY_SCHEDULE.csv,maturity_schedule,total_term_principal_due_on_maturity_date,495.625,USD_millions,,,,,,hypothetical_calculation,owner_reviewed_for_phase5_testing,
MT-0204,data/phase4/processed/MATURITY_SCHEDULE.csv,maturity_schedule,revolver_principal_due_on_maturity_date,85.0191875,USD_millions,,,,,,hypothetical_calculation,owner_reviewed_for_phase5_testing,Revolver equals the opening draw and is assumed unchanged through maturity solely for this principal comparison; Phase 5 must model actual draws and repayments.
MT-0205,data/phase4/processed/MATURITY_SCHEDULE.csv,maturity_schedule,total_funded_principal_due_on_maturity_date,580.6441875,USD_millions,,,,,,hypothetical_calculation,owner_reviewed_for_phase5_testing,Revolver equals the opening draw and is assumed unchanged through maturity solely for this principal comparison; Phase 5 must model actual draws and repayments.
MT-0206,data/phase4/processed/MATURITY_SCHEDULE.csv,maturity_schedule,total_funded_principal_payments_during_period,605.0191875,USD_millions,,,,,,hypothetical_calculation,owner_reviewed_for_phase5_testing,Revolver equals the opening draw and is assumed unchanged through maturity solely for this principal comparison; Phase 5 must model actual draws and repayments.
MT-0207,data/phase4/processed/MATURITY_SCHEDULE.csv,maturity_schedule,revolver_unchanged_through_maturity_assumption,85.0191875,USD_millions,,,,,,hypothetical_calculation,owner_reviewed_for_phase5_testing,Revolver equals the opening draw and is assumed unchanged through maturity solely for this principal comparison; Phase 5 must model actual draws and repayments.
MT-0208,data/phase4/processed/MATURITY_SCHEDULE.csv,maturity_schedule,retained_finance_leases_and_other_debt_maturities,,USD_millions,SRC-001,Quanex FY2025 Form 10-K,https://www.sec.gov/Archives/edgar/data/1423221/000142322125000100/nx-20251031.htm,2025-12-12,,not_determinable_from_annual_maturity_buckets,owner_reviewed_for_phase5_testing,The public annual maturity buckets do not support an exact allocation to this period.
MT-0209,data/phase4/processed/MATURITY_SCHEDULE.csv,maturity_schedule,term_principal_outstanding_at_beginning_of_period,341.25,USD_millions,,,,,,hypothetical_calculation,owner_reviewed_for_phase5_testing,
MT-0210,data/phase4/processed/MATURITY_SCHEDULE.csv,maturity_schedule,revolver_principal_outstanding_at_beginning_of_period,85.0191875,USD_millions,,,,,,hypothetical_calculation,owner_reviewed_for_phase5_testing,Revolver equals the opening draw and is assumed unchanged through maturity solely for this principal comparison; Phase 5 must model actual draws and repayments.
MT-0211,data/phase4/processed/MATURITY_SCHEDULE.csv,maturity_schedule,total_funded_principal_outstanding_at_beginning_of_period,426.2691875,USD_millions,,,,,,hypothetical_calculation,owner_reviewed_for_phase5_testing,Revolver equals the opening draw and is assumed unchanged through maturity solely for this principal comparison; Phase 5 must model actual draws and repayments.
MT-0212,data/phase4/processed/MATURITY_SCHEDULE.csv,maturity_schedule,scheduled_term_principal_payments_during_period,16.25,USD_millions,,,,,,hypothetical_calculation,owner_reviewed_for_phase5_testing,
MT-0213,data/phase4/processed/MATURITY_SCHEDULE.csv,maturity_schedule,final_scheduled_term_installment_due_on_maturity_date,16.25,USD_millions,,,,,,hypothetical_calculation,owner_reviewed_for_phase5_testing,
MT-0214,data/phase4/processed/MATURITY_SCHEDULE.csv,maturity_schedule,post_installment_term_balloon,325,USD_millions,,,,,,hypothetical_calculation,owner_reviewed_for_phase5_testing,
MT-0215,data/phase4/processed/MATURITY_SCHEDULE.csv,maturity_schedule,total_term_principal_due_on_maturity_date,341.25,USD_millions,,,,,,hypothetical_calculation,owner_reviewed_for_phase5_testing,
MT-0216,data/phase4/processed/MATURITY_SCHEDULE.csv,maturity_schedule,revolver_principal_due_on_maturity_date,85.0191875,USD_millions,,,,,,hypothetical_calculation,owner_reviewed_for_phase5_testing,Revolver equals the opening draw and is assumed unchanged through maturity solely for this principal comparison; Phase 5 must model actual draws and repayments.
MT-0217,data/phase4/processed/MATURITY_SCHEDULE.csv,maturity_schedule,total_funded_principal_due_on_maturity_date,426.2691875,USD_millions,,,,,,hypothetical_calculation,owner_reviewed_for_phase5_testing,Revolver equals the opening draw and is assumed unchanged through maturity solely for this principal comparison; Phase 5 must model actual draws and repayments.
MT-0218,data/phase4/processed/MATURITY_SCHEDULE.csv,maturity_schedule,total_funded_principal_payments_during_period,426.2691875,USD_millions,,,,,,hypothetical_calculation,owner_reviewed_for_phase5_testing,Revolver equals the opening draw and is assumed unchanged through maturity solely for this principal comparison; Phase 5 must model actual draws and repayments.
MT-0219,data/phase4/processed/MATURITY_SCHEDULE.csv,maturity_schedule,revolver_unchanged_through_maturity_assumption,85.0191875,USD_millions,,,,,,hypothetical_calculation,owner_reviewed_for_phase5_testing,Revolver equals the opening draw and is assumed unchanged through maturity solely for this principal comparison; Phase 5 must model actual draws and repayments.
MT-0220,data/phase4/processed/MATURITY_SCHEDULE.csv,maturity_schedule,retained_finance_leases_and_other_debt_maturities,,USD_millions,SRC-001,Quanex FY2025 Form 10-K,https://www.sec.gov/Archives/edgar/data/1423221/000142322125000100/nx-20251031.htm,2025-12-12,,not_determinable_from_annual_maturity_buckets,owner_reviewed_for_phase5_testing,The public annual maturity buckets do not support an exact allocation to this period.
MT-0221,data/phase4/processed/MATURITY_SCHEDULE.csv,maturity_schedule,term_principal_outstanding_at_beginning_of_period,390,USD_millions,,,,,,hypothetical_calculation,owner_reviewed_for_phase5_testing,
MT-0222,data/phase4/processed/MATURITY_SCHEDULE.csv,maturity_schedule,revolver_principal_outstanding_at_beginning_of_period,85.0191875,USD_millions,,,,,,hypothetical_calculation,owner_reviewed_for_phase5_testing,Revolver equals the opening draw and is assumed unchanged through maturity solely for this principal comparison; Phase 5 must model actual draws and repayments.
MT-0223,data/phase4/processed/MATURITY_SCHEDULE.csv,maturity_schedule,total_funded_principal_outstanding_at_beginning_of_period,475.0191875,USD_millions,,,,,,hypothetical_calculation,owner_reviewed_for_phase5_testing,Revolver equals the opening draw and is assumed unchanged through maturity solely for this principal comparison; Phase 5 must model actual draws and repayments.
MT-0224,data/phase4/processed/MATURITY_SCHEDULE.csv,maturity_schedule,scheduled_term_principal_payments_during_period,65,USD_millions,,,,,,hypothetical_calculation,owner_reviewed_for_phase5_testing,
MT-0225,data/phase4/processed/MATURITY_SCHEDULE.csv,maturity_schedule,final_scheduled_term_installment_due_on_maturity_date,16.25,USD_millions,,,,,,hypothetical_calculation,owner_reviewed_for_phase5_testing,
MT-0226,data/phase4/processed/MATURITY_SCHEDULE.csv,maturity_schedule,post_installment_term_balloon,325,USD_millions,,,,,,hypothetical_calculation,owner_reviewed_for_phase5_testing,
MT-0227,data/phase4/processed/MATURITY_SCHEDULE.csv,maturity_schedule,total_term_principal_due_on_maturity_date,341.25,USD_millions,,,,,,hypothetical_calculation,owner_reviewed_for_phase5_testing,
MT-0228,data/phase4/processed/MATURITY_SCHEDULE.csv,maturity_schedule,revolver_principal_due_on_maturity_date,85.0191875,USD_millions,,,,,,hypothetical_calculation,owner_reviewed_for_phase5_testing,Revolver equals the opening draw and is assumed unchanged through maturity solely for this principal comparison; Phase 5 must model actual draws and repayments.
MT-0229,data/phase4/processed/MATURITY_SCHEDULE.csv,maturity_schedule,total_funded_principal_due_on_maturity_date,426.2691875,USD_millions,,,,,,hypothetical_calculation,owner_reviewed_for_phase5_testing,Revolver equals the opening draw and is assumed unchanged through maturity solely for this principal comparison; Phase 5 must model actual draws and repayments.
MT-0230,data/phase4/processed/MATURITY_SCHEDULE.csv,maturity_schedule,total_funded_principal_payments_during_period,475.0191875,USD_millions,,,,,,hypothetical_calculation,owner_reviewed_for_phase5_testing,Revolver equals the opening draw and is assumed unchanged through maturity solely for this principal comparison; Phase 5 must model actual draws and repayments.
MT-0231,data/phase4/processed/MATURITY_SCHEDULE.csv,maturity_schedule,revolver_unchanged_through_maturity_assumption,85.0191875,USD_millions,,,,,,hypothetical_calculation,owner_reviewed_for_phase5_testing,Revolver equals the opening draw and is assumed unchanged through maturity solely for this principal comparison; Phase 5 must model actual draws and repayments.
MT-0232,data/phase4/processed/MATURITY_SCHEDULE.csv,maturity_schedule,retained_finance_leases_and_other_debt_maturities,,USD_millions,SRC-001,Quanex FY2025 Form 10-K,https://www.sec.gov/Archives/edgar/data/1423221/000142322125000100/nx-20251031.htm,2025-12-12,,not_determinable_from_annual_maturity_buckets,owner_reviewed_for_phase5_testing,The public annual maturity buckets do not support an exact allocation to this period.
MT-0233,data/phase4/processed/MATURITY_SCHEDULE.csv,maturity_schedule,term_principal_outstanding_at_beginning_of_period,186.875,USD_millions,,,,,,hypothetical_calculation,owner_reviewed_for_phase5_testing,
MT-0234,data/phase4/processed/MATURITY_SCHEDULE.csv,maturity_schedule,revolver_principal_outstanding_at_beginning_of_period,85.0191875,USD_millions,,,,,,hypothetical_calculation,owner_reviewed_for_phase5_testing,Revolver equals the opening draw and is assumed unchanged through maturity solely for this principal comparison; Phase 5 must model actual draws and repayments.
MT-0235,data/phase4/processed/MATURITY_SCHEDULE.csv,maturity_schedule,total_funded_principal_outstanding_at_beginning_of_period,271.8941875,USD_millions,,,,,,hypothetical_calculation,owner_reviewed_for_phase5_testing,Revolver equals the opening draw and is assumed unchanged through maturity solely for this principal comparison; Phase 5 must model actual draws and repayments.
MT-0236,data/phase4/processed/MATURITY_SCHEDULE.csv,maturity_schedule,scheduled_term_principal_payments_during_period,24.375,USD_millions,,,,,,hypothetical_calculation,owner_reviewed_for_phase5_testing,
MT-0237,data/phase4/processed/MATURITY_SCHEDULE.csv,maturity_schedule,final_scheduled_term_installment_due_on_maturity_date,24.375,USD_millions,,,,,,hypothetical_calculation,owner_reviewed_for_phase5_testing,
MT-0238,data/phase4/processed/MATURITY_SCHEDULE.csv,maturity_schedule,post_installment_term_balloon,162.5,USD_millions,,,,,,hypothetical_calculation,owner_reviewed_for_phase5_testing,
MT-0239,data/phase4/processed/MATURITY_SCHEDULE.csv,maturity_schedule,total_term_principal_due_on_maturity_date,186.875,USD_millions,,,,,,hypothetical_calculation,owner_reviewed_for_phase5_testing,
MT-0240,data/phase4/processed/MATURITY_SCHEDULE.csv,maturity_schedule,revolver_principal_due_on_maturity_date,85.0191875,USD_millions,,,,,,hypothetical_calculation,owner_reviewed_for_phase5_testing,Revolver equals the opening draw and is assumed unchanged through maturity solely for this principal comparison; Phase 5 must model actual draws and repayments.
MT-0241,data/phase4/processed/MATURITY_SCHEDULE.csv,maturity_schedule,total_funded_principal_due_on_maturity_date,271.8941875,USD_millions,,,,,,hypothetical_calculation,owner_reviewed_for_phase5_testing,Revolver equals the opening draw and is assumed unchanged through maturity solely for this principal comparison; Phase 5 must model actual draws and repayments.
MT-0242,data/phase4/processed/MATURITY_SCHEDULE.csv,maturity_schedule,total_funded_principal_payments_during_period,271.8941875,USD_millions,,,,,,hypothetical_calculation,owner_reviewed_for_phase5_testing,Revolver equals the opening draw and is assumed unchanged through maturity solely for this principal comparison; Phase 5 must model actual draws and repayments.
MT-0243,data/phase4/processed/MATURITY_SCHEDULE.csv,maturity_schedule,revolver_unchanged_through_maturity_assumption,85.0191875,USD_millions,,,,,,hypothetical_calculation,owner_reviewed_for_phase5_testing,Revolver equals the opening draw and is assumed unchanged through maturity solely for this principal comparison; Phase 5 must model actual draws and repayments.
MT-0244,data/phase4/processed/MATURITY_SCHEDULE.csv,maturity_schedule,retained_finance_leases_and_other_debt_maturities,,USD_millions,SRC-001,Quanex FY2025 Form 10-K,https://www.sec.gov/Archives/edgar/data/1423221/000142322125000100/nx-20251031.htm,2025-12-12,,not_determinable_from_annual_maturity_buckets,owner_reviewed_for_phase5_testing,The public annual maturity buckets do not support an exact allocation to this period.
MT-0245,data/phase4/processed/MATURITY_SCHEDULE.csv,maturity_schedule,term_principal_outstanding_at_beginning_of_period,260,USD_millions,,,,,,hypothetical_calculation,owner_reviewed_for_phase5_testing,
MT-0246,data/phase4/processed/MATURITY_SCHEDULE.csv,maturity_schedule,revolver_principal_outstanding_at_beginning_of_period,85.0191875,USD_millions,,,,,,hypothetical_calculation,owner_reviewed_for_phase5_testing,Revolver equals the opening draw and is assumed unchanged through maturity solely for this principal comparison; Phase 5 must model actual draws and repayments.
MT-0247,data/phase4/processed/MATURITY_SCHEDULE.csv,maturity_schedule,total_funded_principal_outstanding_at_beginning_of_period,345.0191875,USD_millions,,,,,,hypothetical_calculation,owner_reviewed_for_phase5_testing,Revolver equals the opening draw and is assumed unchanged through maturity solely for this principal comparison; Phase 5 must model actual draws and repayments.
MT-0248,data/phase4/processed/MATURITY_SCHEDULE.csv,maturity_schedule,scheduled_term_principal_payments_during_period,97.5,USD_millions,,,,,,hypothetical_calculation,owner_reviewed_for_phase5_testing,
MT-0249,data/phase4/processed/MATURITY_SCHEDULE.csv,maturity_schedule,final_scheduled_term_installment_due_on_maturity_date,24.375,USD_millions,,,,,,hypothetical_calculation,owner_reviewed_for_phase5_testing,
MT-0250,data/phase4/processed/MATURITY_SCHEDULE.csv,maturity_schedule,post_installment_term_balloon,162.5,USD_millions,,,,,,hypothetical_calculation,owner_reviewed_for_phase5_testing,
MT-0251,data/phase4/processed/MATURITY_SCHEDULE.csv,maturity_schedule,total_term_principal_due_on_maturity_date,186.875,USD_millions,,,,,,hypothetical_calculation,owner_reviewed_for_phase5_testing,
MT-0252,data/phase4/processed/MATURITY_SCHEDULE.csv,maturity_schedule,revolver_principal_due_on_maturity_date,85.0191875,USD_millions,,,,,,hypothetical_calculation,owner_reviewed_for_phase5_testing,Revolver equals the opening draw and is assumed unchanged through maturity solely for this principal comparison; Phase 5 must model actual draws and repayments.
MT-0253,data/phase4/processed/MATURITY_SCHEDULE.csv,maturity_schedule,total_funded_principal_due_on_maturity_date,271.8941875,USD_millions,,,,,,hypothetical_calculation,owner_reviewed_for_phase5_testing,Revolver equals the opening draw and is assumed unchanged through maturity solely for this principal comparison; Phase 5 must model actual draws and repayments.
MT-0254,data/phase4/processed/MATURITY_SCHEDULE.csv,maturity_schedule,total_funded_principal_payments_during_period,345.0191875,USD_millions,,,,,,hypothetical_calculation,owner_reviewed_for_phase5_testing,Revolver equals the opening draw and is assumed unchanged through maturity solely for this principal comparison; Phase 5 must model actual draws and repayments.
MT-0255,data/phase4/processed/MATURITY_SCHEDULE.csv,maturity_schedule,revolver_unchanged_through_maturity_assumption,85.0191875,USD_millions,,,,,,hypothetical_calculation,owner_reviewed_for_phase5_testing,Revolver equals the opening draw and is assumed unchanged through maturity solely for this principal comparison; Phase 5 must model actual draws and repayments.
MT-0256,data/phase4/processed/MATURITY_SCHEDULE.csv,maturity_schedule,retained_finance_leases_and_other_debt_maturities,,USD_millions,SRC-001,Quanex FY2025 Form 10-K,https://www.sec.gov/Archives/edgar/data/1423221/000142322125000100/nx-20251031.htm,2025-12-12,,not_determinable_from_annual_maturity_buckets,owner_reviewed_for_phase5_testing,The public annual maturity buckets do not support an exact allocation to this period.
FC-001,data/phase4/processed/FINANCING_COMPARISON.csv,financing_comparison,Funded term debt,650 at hypothetical close,USD_millions,,,,,,owner_reviewed_for_phase5_testing_not_final,owner_reviewed_for_phase5_testing,Existing and proposed values are not represented as equivalent-date borrower facts.
FC-002,data/phase4/processed/FINANCING_COMPARISON.csv,financing_comparison,Revolver borrowings,29.89771875 opening reference draw,USD_millions,,,,,,owner_reviewed_for_phase5_testing_not_final,owner_reviewed_for_phase5_testing,Existing and proposed values are not represented as equivalent-date borrower facts.
FC-003,data/phase4/processed/FINANCING_COMPARISON.csv,financing_comparison,Facility commitments,Up to $650m term plus $300m revolver,USD_millions,,,,,,owner_reviewed_for_phase5_testing_not_final,owner_reviewed_for_phase5_testing,Existing and proposed values are not represented as equivalent-date borrower facts.
FC-004,data/phase4/processed/FINANCING_COMPARISON.csv,financing_comparison,LC capacity and treatment,$6.2m replacement assumed; proposed sublimit pending,USD_millions,,,,,,owner_reviewed_for_phase5_testing_not_final,owner_reviewed_for_phase5_testing,Existing and proposed values are not represented as equivalent-date borrower facts.
FC-005,data/phase4/processed/FINANCING_COMPARISON.csv,financing_comparison,Opening undrawn availability,263.90228125,USD_millions,,,,,,owner_reviewed_for_phase5_testing_not_final,owner_reviewed_for_phase5_testing,Existing and proposed values are not represented as equivalent-date borrower facts.
FC-006,data/phase4/processed/FINANCING_COMPARISON.csv,financing_comparison,Final maturity,2031-01-31,date,,,,,,owner_reviewed_for_phase5_testing_not_final,owner_reviewed_for_phase5_testing,Existing and proposed values are not represented as equivalent-date borrower facts.
FC-007,data/phase4/processed/FINANCING_COMPARISON.csv,financing_comparison,Annual scheduled term amortization,65 base 10% case,USD_millions,,,,,,owner_reviewed_for_phase5_testing_not_final,owner_reviewed_for_phase5_testing,Existing and proposed values are not represented as equivalent-date borrower facts.
FC-008,data/phase4/processed/FINANCING_COMPARISON.csv,financing_comparison,Beginning funded principal in maturity reporting fiscal year,371.14771875,USD_millions,,,,,,owner_reviewed_for_phase5_testing_not_final,owner_reviewed_for_phase5_testing,Existing and proposed values are not represented as equivalent-date borrower facts.
FC-009,data/phase4/processed/FINANCING_COMPARISON.csv,financing_comparison,Scheduled term principal in maturity reporting fiscal year,16.25,USD_millions,,,,,,owner_reviewed_for_phase5_testing_not_final,owner_reviewed_for_phase5_testing,Existing and proposed values are not represented as equivalent-date borrower facts.
FC-010,data/phase4/processed/FINANCING_COMPARISON.csv,financing_comparison,Final scheduled installment due on maturity date,16.25,USD_millions,,,,,,owner_reviewed_for_phase5_testing_not_final,owner_reviewed_for_phase5_testing,Existing and proposed values are not represented as equivalent-date borrower facts.
FC-011,data/phase4/processed/FINANCING_COMPARISON.csv,financing_comparison,Post-installment term balloon,325,USD_millions,,,,,,owner_reviewed_for_phase5_testing_not_final,owner_reviewed_for_phase5_testing,Existing and proposed values are not represented as equivalent-date borrower facts.
FC-012,data/phase4/processed/FINANCING_COMPARISON.csv,financing_comparison,Total term principal due on maturity date,341.25,USD_millions,,,,,,owner_reviewed_for_phase5_testing_not_final,owner_reviewed_for_phase5_testing,Existing and proposed values are not represented as equivalent-date borrower facts.
FC-013,data/phase4/processed/FINANCING_COMPARISON.csv,financing_comparison,Revolver principal due on maturity date,29.89771875,USD_millions,,,,,,owner_reviewed_for_phase5_testing_not_final,owner_reviewed_for_phase5_testing,Existing and proposed values are not represented as equivalent-date borrower facts.
FC-014,data/phase4/processed/FINANCING_COMPARISON.csv,financing_comparison,Total funded principal due on maturity date,371.14771875,USD_millions,,,,,,owner_reviewed_for_phase5_testing_not_final,owner_reviewed_for_phase5_testing,Existing and proposed values are not represented as equivalent-date borrower facts.
FC-015,data/phase4/processed/FINANCING_COMPARISON.csv,financing_comparison,Total funded principal payments in maturity reporting fiscal year,371.14771875,USD_millions,,,,,,owner_reviewed_for_phase5_testing_not_final,owner_reviewed_for_phase5_testing,Existing and proposed values are not represented as equivalent-date borrower facts.
FC-016,data/phase4/processed/FINANCING_COMPARISON.csv,financing_comparison,Total funded principal payments in final 12 months to maturity,419.89771875,USD_millions,,,,,,owner_reviewed_for_phase5_testing_not_final,owner_reviewed_for_phase5_testing,Existing and proposed values are not represented as equivalent-date borrower facts.
FC-017,data/phase4/processed/FINANCING_COMPARISON.csv,financing_comparison,Pricing basis and margin,Term SOFR +250-350 bps sensitivity,basis_points,,,,,,owner_reviewed_for_phase5_testing_not_final,owner_reviewed_for_phase5_testing,Existing and proposed values are not represented as equivalent-date borrower facts.
FC-018,data/phase4/processed/FINANCING_COMPARISON.csv,financing_comparison,Unused commitment fee,pending_information,percent,,,,,,owner_reviewed_for_phase5_testing_not_final,owner_reviewed_for_phase5_testing,Existing and proposed values are not represented as equivalent-date borrower facts.
FC-019,data/phase4/processed/FINANCING_COMPARISON.csv,financing_comparison,Upfront and transaction costs,$10m reference sensitivity,USD_millions,,,,,,owner_reviewed_for_phase5_testing_not_final,owner_reviewed_for_phase5_testing,Existing and proposed values are not represented as equivalent-date borrower facts.
FC-020,data/phase4/processed/FINANCING_COMPARISON.csv,financing_comparison,Security,Eligible domestic obligor personal property subject to confirmation,text,,,,,,owner_reviewed_for_phase5_testing_not_final,owner_reviewed_for_phase5_testing,Existing and proposed values are not represented as equivalent-date borrower facts.
FC-021,data/phase4/processed/FINANCING_COMPARISON.csv,financing_comparison,Guarantees,Eligible material domestic subsidiaries; exclusions explicit,text,,,,,,owner_reviewed_for_phase5_testing_not_final,owner_reviewed_for_phase5_testing,Existing and proposed values are not represented as equivalent-date borrower facts.
FC-022,data/phase4/processed/FINANCING_COMPARISON.csv,financing_comparison,Maintenance covenants,"Initially test 3.25x net leverage, 3.00x cash-interest coverage and $50m usable liquidity",text,,,,,,owner_reviewed_for_phase5_testing_not_final,owner_reviewed_for_phase5_testing,Existing and proposed values are not represented as equivalent-date borrower facts.
FC-023,data/phase4/processed/FINANCING_COMPARISON.csv,financing_comparison,Restricted payments,No debt-funded buybacks; bounded distributions subject to pro forma tests,text,,,,,,owner_reviewed_for_phase5_testing_not_final,owner_reviewed_for_phase5_testing,Existing and proposed values are not represented as equivalent-date borrower facts.
FC-024,data/phase4/processed/FINANCING_COMPARISON.csv,financing_comparison,Additional debt and acquisitions,Consent requirements or documented baskets,text,,,,,,owner_reviewed_for_phase5_testing_not_final,owner_reviewed_for_phase5_testing,Existing and proposed values are not represented as equivalent-date borrower facts.
FC-025,data/phase4/processed/FINANCING_COMPARISON.csv,financing_comparison,Reporting burden,Quarterly plus monthly liquidity/WC and annual audited reporting,text,,,,,,owner_reviewed_for_phase5_testing_not_final,owner_reviewed_for_phase5_testing,Existing and proposed values are not represented as equivalent-date borrower facts.
FC-026,data/phase4/processed/FINANCING_COMPARISON.csv,financing_comparison,Refinancing dependency,Concentrated January 2031 balloon after scheduled amortization,text,,,,,,owner_reviewed_for_phase5_testing_not_final,owner_reviewed_for_phase5_testing,Existing and proposed values are not represented as equivalent-date borrower facts.
FC-027,data/phase4/processed/FINANCING_COMPARISON.csv,financing_comparison,Borrower benefit,Term out revolver use and refresh maturity,text,,,,,,owner_reviewed_for_phase5_testing_not_final,owner_reviewed_for_phase5_testing,Existing and proposed values are not represented as equivalent-date borrower facts.
FC-028,data/phase4/processed/FINANCING_COMPARISON.csv,financing_comparison,Principal risks,"Fees, smaller revolver, higher amortization, tighter terms and unproven opening balances",text,,,,,,owner_reviewed_for_phase5_testing_not_final,owner_reviewed_for_phase5_testing,Existing and proposed values are not represented as equivalent-date borrower facts.
RE-0001,data/phase4/processed/REFINANCING_ECONOMICS.csv,refinancing_economics,spread_and_upfront_fee_break_even,-3.25,USD_millions,SRC-003,Amendment No. 1 with conformed Second Amended and Restated Credit Agreement,https://www.sec.gov/Archives/edgar/data/1423221/000110465924071335/tm2417183d1_ex10-1.htm,2024-06-13,,hypothetical_sensitivity,owner_reviewed_methodology,"Positive annual value is spread savings; negative is incremental cost. Same SOFR base assumed solely to isolate margin. Excludes revolver mix, base-rate floors, hedge effects, fee amortization, taxes and principal decline. No spread is a lender quote. Owner review retains the existing facilities and a limited amendment/extension as live alternatives; this sensitivity does not establish refinancing preference."
RE-0002,data/phase4/processed/REFINANCING_ECONOMICS.csv,refinancing_economics,spread_and_upfront_fee_break_even,-3.25,USD_millions,SRC-003,Amendment No. 1 with conformed Second Amended and Restated Credit Agreement,https://www.sec.gov/Archives/edgar/data/1423221/000110465924071335/tm2417183d1_ex10-1.htm,2024-06-13,,hypothetical_sensitivity,owner_reviewed_methodology,"Positive annual value is spread savings; negative is incremental cost. Same SOFR base assumed solely to isolate margin. Excludes revolver mix, base-rate floors, hedge effects, fee amortization, taxes and principal decline. No spread is a lender quote. Owner review retains the existing facilities and a limited amendment/extension as live alternatives; this sensitivity does not establish refinancing preference."
RE-0003,data/phase4/processed/REFINANCING_ECONOMICS.csv,refinancing_economics,spread_and_upfront_fee_break_even,-3.25,USD_millions,SRC-003,Amendment No. 1 with conformed Second Amended and Restated Credit Agreement,https://www.sec.gov/Archives/edgar/data/1423221/000110465924071335/tm2417183d1_ex10-1.htm,2024-06-13,,hypothetical_sensitivity,owner_reviewed_methodology,"Positive annual value is spread savings; negative is incremental cost. Same SOFR base assumed solely to isolate margin. Excludes revolver mix, base-rate floors, hedge effects, fee amortization, taxes and principal decline. No spread is a lender quote. Owner review retains the existing facilities and a limited amendment/extension as live alternatives; this sensitivity does not establish refinancing preference."
RE-0004,data/phase4/processed/REFINANCING_ECONOMICS.csv,refinancing_economics,spread_and_upfront_fee_break_even,-6.5,USD_millions,SRC-003,Amendment No. 1 with conformed Second Amended and Restated Credit Agreement,https://www.sec.gov/Archives/edgar/data/1423221/000110465924071335/tm2417183d1_ex10-1.htm,2024-06-13,,hypothetical_sensitivity,owner_reviewed_methodology,"Positive annual value is spread savings; negative is incremental cost. Same SOFR base assumed solely to isolate margin. Excludes revolver mix, base-rate floors, hedge effects, fee amortization, taxes and principal decline. No spread is a lender quote. Owner review retains the existing facilities and a limited amendment/extension as live alternatives; this sensitivity does not establish refinancing preference."
RE-0005,data/phase4/processed/REFINANCING_ECONOMICS.csv,refinancing_economics,spread_and_upfront_fee_break_even,-6.5,USD_millions,SRC-003,Amendment No. 1 with conformed Second Amended and Restated Credit Agreement,https://www.sec.gov/Archives/edgar/data/1423221/000110465924071335/tm2417183d1_ex10-1.htm,2024-06-13,,hypothetical_sensitivity,owner_reviewed_methodology,"Positive annual value is spread savings; negative is incremental cost. Same SOFR base assumed solely to isolate margin. Excludes revolver mix, base-rate floors, hedge effects, fee amortization, taxes and principal decline. No spread is a lender quote. Owner review retains the existing facilities and a limited amendment/extension as live alternatives; this sensitivity does not establish refinancing preference."
RE-0006,data/phase4/processed/REFINANCING_ECONOMICS.csv,refinancing_economics,spread_and_upfront_fee_break_even,-6.5,USD_millions,SRC-003,Amendment No. 1 with conformed Second Amended and Restated Credit Agreement,https://www.sec.gov/Archives/edgar/data/1423221/000110465924071335/tm2417183d1_ex10-1.htm,2024-06-13,,hypothetical_sensitivity,owner_reviewed_methodology,"Positive annual value is spread savings; negative is incremental cost. Same SOFR base assumed solely to isolate margin. Excludes revolver mix, base-rate floors, hedge effects, fee amortization, taxes and principal decline. No spread is a lender quote. Owner review retains the existing facilities and a limited amendment/extension as live alternatives; this sensitivity does not establish refinancing preference."
RE-0007,data/phase4/processed/REFINANCING_ECONOMICS.csv,refinancing_economics,spread_and_upfront_fee_break_even,-9.75,USD_millions,SRC-003,Amendment No. 1 with conformed Second Amended and Restated Credit Agreement,https://www.sec.gov/Archives/edgar/data/1423221/000110465924071335/tm2417183d1_ex10-1.htm,2024-06-13,,hypothetical_sensitivity,owner_reviewed_methodology,"Positive annual value is spread savings; negative is incremental cost. Same SOFR base assumed solely to isolate margin. Excludes revolver mix, base-rate floors, hedge effects, fee amortization, taxes and principal decline. No spread is a lender quote. Owner review retains the existing facilities and a limited amendment/extension as live alternatives; this sensitivity does not establish refinancing preference."
RE-0008,data/phase4/processed/REFINANCING_ECONOMICS.csv,refinancing_economics,spread_and_upfront_fee_break_even,-9.75,USD_millions,SRC-003,Amendment No. 1 with conformed Second Amended and Restated Credit Agreement,https://www.sec.gov/Archives/edgar/data/1423221/000110465924071335/tm2417183d1_ex10-1.htm,2024-06-13,,hypothetical_sensitivity,owner_reviewed_methodology,"Positive annual value is spread savings; negative is incremental cost. Same SOFR base assumed solely to isolate margin. Excludes revolver mix, base-rate floors, hedge effects, fee amortization, taxes and principal decline. No spread is a lender quote. Owner review retains the existing facilities and a limited amendment/extension as live alternatives; this sensitivity does not establish refinancing preference."
RE-0009,data/phase4/processed/REFINANCING_ECONOMICS.csv,refinancing_economics,spread_and_upfront_fee_break_even,-9.75,USD_millions,SRC-003,Amendment No. 1 with conformed Second Amended and Restated Credit Agreement,https://www.sec.gov/Archives/edgar/data/1423221/000110465924071335/tm2417183d1_ex10-1.htm,2024-06-13,,hypothetical_sensitivity,owner_reviewed_methodology,"Positive annual value is spread savings; negative is incremental cost. Same SOFR base assumed solely to isolate margin. Excludes revolver mix, base-rate floors, hedge effects, fee amortization, taxes and principal decline. No spread is a lender quote. Owner review retains the existing facilities and a limited amendment/extension as live alternatives; this sensitivity does not establish refinancing preference."
RE-0010,data/phase4/processed/REFINANCING_ECONOMICS.csv,refinancing_economics,spread_and_upfront_fee_break_even,-1.625,USD_millions,SRC-003,Amendment No. 1 with conformed Second Amended and Restated Credit Agreement,https://www.sec.gov/Archives/edgar/data/1423221/000110465924071335/tm2417183d1_ex10-1.htm,2024-06-13,,hypothetical_sensitivity,owner_reviewed_methodology,"Positive annual value is spread savings; negative is incremental cost. Same SOFR base assumed solely to isolate margin. Excludes revolver mix, base-rate floors, hedge effects, fee amortization, taxes and principal decline. No spread is a lender quote. Owner review retains the existing facilities and a limited amendment/extension as live alternatives; this sensitivity does not establish refinancing preference."
RE-0011,data/phase4/processed/REFINANCING_ECONOMICS.csv,refinancing_economics,spread_and_upfront_fee_break_even,-1.625,USD_millions,SRC-003,Amendment No. 1 with conformed Second Amended and Restated Credit Agreement,https://www.sec.gov/Archives/edgar/data/1423221/000110465924071335/tm2417183d1_ex10-1.htm,2024-06-13,,hypothetical_sensitivity,owner_reviewed_methodology,"Positive annual value is spread savings; negative is incremental cost. Same SOFR base assumed solely to isolate margin. Excludes revolver mix, base-rate floors, hedge effects, fee amortization, taxes and principal decline. No spread is a lender quote. Owner review retains the existing facilities and a limited amendment/extension as live alternatives; this sensitivity does not establish refinancing preference."
RE-0012,data/phase4/processed/REFINANCING_ECONOMICS.csv,refinancing_economics,spread_and_upfront_fee_break_even,-1.625,USD_millions,SRC-003,Amendment No. 1 with conformed Second Amended and Restated Credit Agreement,https://www.sec.gov/Archives/edgar/data/1423221/000110465924071335/tm2417183d1_ex10-1.htm,2024-06-13,,hypothetical_sensitivity,owner_reviewed_methodology,"Positive annual value is spread savings; negative is incremental cost. Same SOFR base assumed solely to isolate margin. Excludes revolver mix, base-rate floors, hedge effects, fee amortization, taxes and principal decline. No spread is a lender quote. Owner review retains the existing facilities and a limited amendment/extension as live alternatives; this sensitivity does not establish refinancing preference."
RE-0013,data/phase4/processed/REFINANCING_ECONOMICS.csv,refinancing_economics,spread_and_upfront_fee_break_even,-4.875,USD_millions,SRC-003,Amendment No. 1 with conformed Second Amended and Restated Credit Agreement,https://www.sec.gov/Archives/edgar/data/1423221/000110465924071335/tm2417183d1_ex10-1.htm,2024-06-13,,hypothetical_sensitivity,owner_reviewed_methodology,"Positive annual value is spread savings; negative is incremental cost. Same SOFR base assumed solely to isolate margin. Excludes revolver mix, base-rate floors, hedge effects, fee amortization, taxes and principal decline. No spread is a lender quote. Owner review retains the existing facilities and a limited amendment/extension as live alternatives; this sensitivity does not establish refinancing preference."
RE-0014,data/phase4/processed/REFINANCING_ECONOMICS.csv,refinancing_economics,spread_and_upfront_fee_break_even,-4.875,USD_millions,SRC-003,Amendment No. 1 with conformed Second Amended and Restated Credit Agreement,https://www.sec.gov/Archives/edgar/data/1423221/000110465924071335/tm2417183d1_ex10-1.htm,2024-06-13,,hypothetical_sensitivity,owner_reviewed_methodology,"Positive annual value is spread savings; negative is incremental cost. Same SOFR base assumed solely to isolate margin. Excludes revolver mix, base-rate floors, hedge effects, fee amortization, taxes and principal decline. No spread is a lender quote. Owner review retains the existing facilities and a limited amendment/extension as live alternatives; this sensitivity does not establish refinancing preference."
RE-0015,data/phase4/processed/REFINANCING_ECONOMICS.csv,refinancing_economics,spread_and_upfront_fee_break_even,-4.875,USD_millions,SRC-003,Amendment No. 1 with conformed Second Amended and Restated Credit Agreement,https://www.sec.gov/Archives/edgar/data/1423221/000110465924071335/tm2417183d1_ex10-1.htm,2024-06-13,,hypothetical_sensitivity,owner_reviewed_methodology,"Positive annual value is spread savings; negative is incremental cost. Same SOFR base assumed solely to isolate margin. Excludes revolver mix, base-rate floors, hedge effects, fee amortization, taxes and principal decline. No spread is a lender quote. Owner review retains the existing facilities and a limited amendment/extension as live alternatives; this sensitivity does not establish refinancing preference."
RE-0016,data/phase4/processed/REFINANCING_ECONOMICS.csv,refinancing_economics,spread_and_upfront_fee_break_even,-8.125,USD_millions,SRC-003,Amendment No. 1 with conformed Second Amended and Restated Credit Agreement,https://www.sec.gov/Archives/edgar/data/1423221/000110465924071335/tm2417183d1_ex10-1.htm,2024-06-13,,hypothetical_sensitivity,owner_reviewed_methodology,"Positive annual value is spread savings; negative is incremental cost. Same SOFR base assumed solely to isolate margin. Excludes revolver mix, base-rate floors, hedge effects, fee amortization, taxes and principal decline. No spread is a lender quote. Owner review retains the existing facilities and a limited amendment/extension as live alternatives; this sensitivity does not establish refinancing preference."
RE-0017,data/phase4/processed/REFINANCING_ECONOMICS.csv,refinancing_economics,spread_and_upfront_fee_break_even,-8.125,USD_millions,SRC-003,Amendment No. 1 with conformed Second Amended and Restated Credit Agreement,https://www.sec.gov/Archives/edgar/data/1423221/000110465924071335/tm2417183d1_ex10-1.htm,2024-06-13,,hypothetical_sensitivity,owner_reviewed_methodology,"Positive annual value is spread savings; negative is incremental cost. Same SOFR base assumed solely to isolate margin. Excludes revolver mix, base-rate floors, hedge effects, fee amortization, taxes and principal decline. No spread is a lender quote. Owner review retains the existing facilities and a limited amendment/extension as live alternatives; this sensitivity does not establish refinancing preference."
RE-0018,data/phase4/processed/REFINANCING_ECONOMICS.csv,refinancing_economics,spread_and_upfront_fee_break_even,-8.125,USD_millions,SRC-003,Amendment No. 1 with conformed Second Amended and Restated Credit Agreement,https://www.sec.gov/Archives/edgar/data/1423221/000110465924071335/tm2417183d1_ex10-1.htm,2024-06-13,,hypothetical_sensitivity,owner_reviewed_methodology,"Positive annual value is spread savings; negative is incremental cost. Same SOFR base assumed solely to isolate margin. Excludes revolver mix, base-rate floors, hedge effects, fee amortization, taxes and principal decline. No spread is a lender quote. Owner review retains the existing facilities and a limited amendment/extension as live alternatives; this sensitivity does not establish refinancing preference."
RE-0019,data/phase4/processed/REFINANCING_ECONOMICS.csv,refinancing_economics,spread_and_upfront_fee_break_even,0,USD_millions,SRC-003,Amendment No. 1 with conformed Second Amended and Restated Credit Agreement,https://www.sec.gov/Archives/edgar/data/1423221/000110465924071335/tm2417183d1_ex10-1.htm,2024-06-13,,hypothetical_sensitivity,owner_reviewed_methodology,"Positive annual value is spread savings; negative is incremental cost. Same SOFR base assumed solely to isolate margin. Excludes revolver mix, base-rate floors, hedge effects, fee amortization, taxes and principal decline. No spread is a lender quote. Owner review retains the existing facilities and a limited amendment/extension as live alternatives; this sensitivity does not establish refinancing preference."
RE-0020,data/phase4/processed/REFINANCING_ECONOMICS.csv,refinancing_economics,spread_and_upfront_fee_break_even,0,USD_millions,SRC-003,Amendment No. 1 with conformed Second Amended and Restated Credit Agreement,https://www.sec.gov/Archives/edgar/data/1423221/000110465924071335/tm2417183d1_ex10-1.htm,2024-06-13,,hypothetical_sensitivity,owner_reviewed_methodology,"Positive annual value is spread savings; negative is incremental cost. Same SOFR base assumed solely to isolate margin. Excludes revolver mix, base-rate floors, hedge effects, fee amortization, taxes and principal decline. No spread is a lender quote. Owner review retains the existing facilities and a limited amendment/extension as live alternatives; this sensitivity does not establish refinancing preference."
RE-0021,data/phase4/processed/REFINANCING_ECONOMICS.csv,refinancing_economics,spread_and_upfront_fee_break_even,0,USD_millions,SRC-003,Amendment No. 1 with conformed Second Amended and Restated Credit Agreement,https://www.sec.gov/Archives/edgar/data/1423221/000110465924071335/tm2417183d1_ex10-1.htm,2024-06-13,,hypothetical_sensitivity,owner_reviewed_methodology,"Positive annual value is spread savings; negative is incremental cost. Same SOFR base assumed solely to isolate margin. Excludes revolver mix, base-rate floors, hedge effects, fee amortization, taxes and principal decline. No spread is a lender quote. Owner review retains the existing facilities and a limited amendment/extension as live alternatives; this sensitivity does not establish refinancing preference."
RE-0022,data/phase4/processed/REFINANCING_ECONOMICS.csv,refinancing_economics,spread_and_upfront_fee_break_even,-3.25,USD_millions,SRC-003,Amendment No. 1 with conformed Second Amended and Restated Credit Agreement,https://www.sec.gov/Archives/edgar/data/1423221/000110465924071335/tm2417183d1_ex10-1.htm,2024-06-13,,hypothetical_sensitivity,owner_reviewed_methodology,"Positive annual value is spread savings; negative is incremental cost. Same SOFR base assumed solely to isolate margin. Excludes revolver mix, base-rate floors, hedge effects, fee amortization, taxes and principal decline. No spread is a lender quote. Owner review retains the existing facilities and a limited amendment/extension as live alternatives; this sensitivity does not establish refinancing preference."
RE-0023,data/phase4/processed/REFINANCING_ECONOMICS.csv,refinancing_economics,spread_and_upfront_fee_break_even,-3.25,USD_millions,SRC-003,Amendment No. 1 with conformed Second Amended and Restated Credit Agreement,https://www.sec.gov/Archives/edgar/data/1423221/000110465924071335/tm2417183d1_ex10-1.htm,2024-06-13,,hypothetical_sensitivity,owner_reviewed_methodology,"Positive annual value is spread savings; negative is incremental cost. Same SOFR base assumed solely to isolate margin. Excludes revolver mix, base-rate floors, hedge effects, fee amortization, taxes and principal decline. No spread is a lender quote. Owner review retains the existing facilities and a limited amendment/extension as live alternatives; this sensitivity does not establish refinancing preference."
RE-0024,data/phase4/processed/REFINANCING_ECONOMICS.csv,refinancing_economics,spread_and_upfront_fee_break_even,-3.25,USD_millions,SRC-003,Amendment No. 1 with conformed Second Amended and Restated Credit Agreement,https://www.sec.gov/Archives/edgar/data/1423221/000110465924071335/tm2417183d1_ex10-1.htm,2024-06-13,,hypothetical_sensitivity,owner_reviewed_methodology,"Positive annual value is spread savings; negative is incremental cost. Same SOFR base assumed solely to isolate margin. Excludes revolver mix, base-rate floors, hedge effects, fee amortization, taxes and principal decline. No spread is a lender quote. Owner review retains the existing facilities and a limited amendment/extension as live alternatives; this sensitivity does not establish refinancing preference."
RE-0025,data/phase4/processed/REFINANCING_ECONOMICS.csv,refinancing_economics,spread_and_upfront_fee_break_even,-6.5,USD_millions,SRC-003,Amendment No. 1 with conformed Second Amended and Restated Credit Agreement,https://www.sec.gov/Archives/edgar/data/1423221/000110465924071335/tm2417183d1_ex10-1.htm,2024-06-13,,hypothetical_sensitivity,owner_reviewed_methodology,"Positive annual value is spread savings; negative is incremental cost. Same SOFR base assumed solely to isolate margin. Excludes revolver mix, base-rate floors, hedge effects, fee amortization, taxes and principal decline. No spread is a lender quote. Owner review retains the existing facilities and a limited amendment/extension as live alternatives; this sensitivity does not establish refinancing preference."
RE-0026,data/phase4/processed/REFINANCING_ECONOMICS.csv,refinancing_economics,spread_and_upfront_fee_break_even,-6.5,USD_millions,SRC-003,Amendment No. 1 with conformed Second Amended and Restated Credit Agreement,https://www.sec.gov/Archives/edgar/data/1423221/000110465924071335/tm2417183d1_ex10-1.htm,2024-06-13,,hypothetical_sensitivity,owner_reviewed_methodology,"Positive annual value is spread savings; negative is incremental cost. Same SOFR base assumed solely to isolate margin. Excludes revolver mix, base-rate floors, hedge effects, fee amortization, taxes and principal decline. No spread is a lender quote. Owner review retains the existing facilities and a limited amendment/extension as live alternatives; this sensitivity does not establish refinancing preference."
RE-0027,data/phase4/processed/REFINANCING_ECONOMICS.csv,refinancing_economics,spread_and_upfront_fee_break_even,-6.5,USD_millions,SRC-003,Amendment No. 1 with conformed Second Amended and Restated Credit Agreement,https://www.sec.gov/Archives/edgar/data/1423221/000110465924071335/tm2417183d1_ex10-1.htm,2024-06-13,,hypothetical_sensitivity,owner_reviewed_methodology,"Positive annual value is spread savings; negative is incremental cost. Same SOFR base assumed solely to isolate margin. Excludes revolver mix, base-rate floors, hedge effects, fee amortization, taxes and principal decline. No spread is a lender quote. Owner review retains the existing facilities and a limited amendment/extension as live alternatives; this sensitivity does not establish refinancing preference."
RE-0028,data/phase4/processed/REFINANCING_ECONOMICS.csv,refinancing_economics,spread_and_upfront_fee_break_even,1.625,USD_millions,SRC-003,Amendment No. 1 with conformed Second Amended and Restated Credit Agreement,https://www.sec.gov/Archives/edgar/data/1423221/000110465924071335/tm2417183d1_ex10-1.htm,2024-06-13,,hypothetical_sensitivity,owner_reviewed_methodology,"Positive annual value is spread savings; negative is incremental cost. Same SOFR base assumed solely to isolate margin. Excludes revolver mix, base-rate floors, hedge effects, fee amortization, taxes and principal decline. No spread is a lender quote. Owner review retains the existing facilities and a limited amendment/extension as live alternatives; this sensitivity does not establish refinancing preference."
RE-0029,data/phase4/processed/REFINANCING_ECONOMICS.csv,refinancing_economics,spread_and_upfront_fee_break_even,1.625,USD_millions,SRC-003,Amendment No. 1 with conformed Second Amended and Restated Credit Agreement,https://www.sec.gov/Archives/edgar/data/1423221/000110465924071335/tm2417183d1_ex10-1.htm,2024-06-13,,hypothetical_sensitivity,owner_reviewed_methodology,"Positive annual value is spread savings; negative is incremental cost. Same SOFR base assumed solely to isolate margin. Excludes revolver mix, base-rate floors, hedge effects, fee amortization, taxes and principal decline. No spread is a lender quote. Owner review retains the existing facilities and a limited amendment/extension as live alternatives; this sensitivity does not establish refinancing preference."
RE-0030,data/phase4/processed/REFINANCING_ECONOMICS.csv,refinancing_economics,spread_and_upfront_fee_break_even,1.625,USD_millions,SRC-003,Amendment No. 1 with conformed Second Amended and Restated Credit Agreement,https://www.sec.gov/Archives/edgar/data/1423221/000110465924071335/tm2417183d1_ex10-1.htm,2024-06-13,,hypothetical_sensitivity,owner_reviewed_methodology,"Positive annual value is spread savings; negative is incremental cost. Same SOFR base assumed solely to isolate margin. Excludes revolver mix, base-rate floors, hedge effects, fee amortization, taxes and principal decline. No spread is a lender quote. Owner review retains the existing facilities and a limited amendment/extension as live alternatives; this sensitivity does not establish refinancing preference."
RE-0031,data/phase4/processed/REFINANCING_ECONOMICS.csv,refinancing_economics,spread_and_upfront_fee_break_even,-1.625,USD_millions,SRC-003,Amendment No. 1 with conformed Second Amended and Restated Credit Agreement,https://www.sec.gov/Archives/edgar/data/1423221/000110465924071335/tm2417183d1_ex10-1.htm,2024-06-13,,hypothetical_sensitivity,owner_reviewed_methodology,"Positive annual value is spread savings; negative is incremental cost. Same SOFR base assumed solely to isolate margin. Excludes revolver mix, base-rate floors, hedge effects, fee amortization, taxes and principal decline. No spread is a lender quote. Owner review retains the existing facilities and a limited amendment/extension as live alternatives; this sensitivity does not establish refinancing preference."
RE-0032,data/phase4/processed/REFINANCING_ECONOMICS.csv,refinancing_economics,spread_and_upfront_fee_break_even,-1.625,USD_millions,SRC-003,Amendment No. 1 with conformed Second Amended and Restated Credit Agreement,https://www.sec.gov/Archives/edgar/data/1423221/000110465924071335/tm2417183d1_ex10-1.htm,2024-06-13,,hypothetical_sensitivity,owner_reviewed_methodology,"Positive annual value is spread savings; negative is incremental cost. Same SOFR base assumed solely to isolate margin. Excludes revolver mix, base-rate floors, hedge effects, fee amortization, taxes and principal decline. No spread is a lender quote. Owner review retains the existing facilities and a limited amendment/extension as live alternatives; this sensitivity does not establish refinancing preference."
RE-0033,data/phase4/processed/REFINANCING_ECONOMICS.csv,refinancing_economics,spread_and_upfront_fee_break_even,-1.625,USD_millions,SRC-003,Amendment No. 1 with conformed Second Amended and Restated Credit Agreement,https://www.sec.gov/Archives/edgar/data/1423221/000110465924071335/tm2417183d1_ex10-1.htm,2024-06-13,,hypothetical_sensitivity,owner_reviewed_methodology,"Positive annual value is spread savings; negative is incremental cost. Same SOFR base assumed solely to isolate margin. Excludes revolver mix, base-rate floors, hedge effects, fee amortization, taxes and principal decline. No spread is a lender quote. Owner review retains the existing facilities and a limited amendment/extension as live alternatives; this sensitivity does not establish refinancing preference."
RE-0034,data/phase4/processed/REFINANCING_ECONOMICS.csv,refinancing_economics,spread_and_upfront_fee_break_even,-4.875,USD_millions,SRC-003,Amendment No. 1 with conformed Second Amended and Restated Credit Agreement,https://www.sec.gov/Archives/edgar/data/1423221/000110465924071335/tm2417183d1_ex10-1.htm,2024-06-13,,hypothetical_sensitivity,owner_reviewed_methodology,"Positive annual value is spread savings; negative is incremental cost. Same SOFR base assumed solely to isolate margin. Excludes revolver mix, base-rate floors, hedge effects, fee amortization, taxes and principal decline. No spread is a lender quote. Owner review retains the existing facilities and a limited amendment/extension as live alternatives; this sensitivity does not establish refinancing preference."
RE-0035,data/phase4/processed/REFINANCING_ECONOMICS.csv,refinancing_economics,spread_and_upfront_fee_break_even,-4.875,USD_millions,SRC-003,Amendment No. 1 with conformed Second Amended and Restated Credit Agreement,https://www.sec.gov/Archives/edgar/data/1423221/000110465924071335/tm2417183d1_ex10-1.htm,2024-06-13,,hypothetical_sensitivity,owner_reviewed_methodology,"Positive annual value is spread savings; negative is incremental cost. Same SOFR base assumed solely to isolate margin. Excludes revolver mix, base-rate floors, hedge effects, fee amortization, taxes and principal decline. No spread is a lender quote. Owner review retains the existing facilities and a limited amendment/extension as live alternatives; this sensitivity does not establish refinancing preference."
RE-0036,data/phase4/processed/REFINANCING_ECONOMICS.csv,refinancing_economics,spread_and_upfront_fee_break_even,-4.875,USD_millions,SRC-003,Amendment No. 1 with conformed Second Amended and Restated Credit Agreement,https://www.sec.gov/Archives/edgar/data/1423221/000110465924071335/tm2417183d1_ex10-1.htm,2024-06-13,,hypothetical_sensitivity,owner_reviewed_methodology,"Positive annual value is spread savings; negative is incremental cost. Same SOFR base assumed solely to isolate margin. Excludes revolver mix, base-rate floors, hedge effects, fee amortization, taxes and principal decline. No spread is a lender quote. Owner review retains the existing facilities and a limited amendment/extension as live alternatives; this sensitivity does not establish refinancing preference."
RE-0037,data/phase4/processed/REFINANCING_ECONOMICS.csv,refinancing_economics,existing_unused_commitment_fee_diagnostic,-0.44445,USD_millions,SRC-001;SRC-003,Quanex FY2025 Form 10-K;Amendment No. 1 with conformed Second Amended and Restated Credit Agreement,https://www.sec.gov/Archives/edgar/data/1423221/000142322125000100/nx-20251031.htm;https://www.sec.gov/Archives/edgar/data/1423221/000110465924071335/tm2417183d1_ex10-1.htm,2025-12-12;2024-06-13,,calculated_from_existing_fact,not_applicable_existing_fact,"Existing annual unused-fee run-rate on October 31 reported availability; actual average unused commitment differs. Proposed fee is pending, so no savings claim is made. Existing and limited amendment/extension alternatives remain live."
RE-0038,data/phase4/processed/REFINANCING_ECONOMICS.csv,refinancing_economics,existing_unused_commitment_fee_diagnostic,-0.74075,USD_millions,SRC-001;SRC-003,Quanex FY2025 Form 10-K;Amendment No. 1 with conformed Second Amended and Restated Credit Agreement,https://www.sec.gov/Archives/edgar/data/1423221/000142322125000100/nx-20251031.htm;https://www.sec.gov/Archives/edgar/data/1423221/000110465924071335/tm2417183d1_ex10-1.htm,2025-12-12;2024-06-13,,calculated_from_existing_fact,not_applicable_existing_fact,"Existing annual unused-fee run-rate on October 31 reported availability; actual average unused commitment differs. Proposed fee is pending, so no savings claim is made. Existing and limited amendment/extension alternatives remain live."
CP-001,data/phase4/processed/CONDITIONS_PRECEDENT.csv,conditions_precedent,Payoff letters,private_essential,text,SRC-003,Amendment No. 1 with conformed Second Amended and Restated Credit Agreement,https://www.sec.gov/Archives/edgar/data/1423221/000110465924071335/tm2417183d1_ex10-1.htm,2024-06-13,,private_essential,owner_reviewed_methodology,Owner review approves the condition category and consequence as methodology only; it does not establish satisfaction. Evidence remains required at the stated time.
CP-002,data/phase4/processed/CONDITIONS_PRECEDENT.csv,conditions_precedent,Existing lien releases,private_essential,text,SRC-003,Amendment No. 1 with conformed Second Amended and Restated Credit Agreement,https://www.sec.gov/Archives/edgar/data/1423221/000110465924071335/tm2417183d1_ex10-1.htm,2024-06-13,,private_essential,owner_reviewed_methodology,Owner review approves the condition category and consequence as methodology only; it does not establish satisfaction. Evidence remains required at the stated time.
CP-003,data/phase4/processed/CONDITIONS_PRECEDENT.csv,conditions_precedent,New lien perfection,hypothetical_essential,text,SRC-003,Amendment No. 1 with conformed Second Amended and Restated Credit Agreement,https://www.sec.gov/Archives/edgar/data/1423221/000110465924071335/tm2417183d1_ex10-1.htm,2024-06-13,,hypothetical_essential,owner_reviewed_methodology,Owner review approves the condition category and consequence as methodology only; it does not establish satisfaction. Evidence remains required at the stated time.
CP-004,data/phase4/processed/CONDITIONS_PRECEDENT.csv,conditions_precedent,Guarantee execution,hypothetical_essential,text,SRC-003,Amendment No. 1 with conformed Second Amended and Restated Credit Agreement,https://www.sec.gov/Archives/edgar/data/1423221/000110465924071335/tm2417183d1_ex10-1.htm,2024-06-13,,hypothetical_essential,owner_reviewed_methodology,Owner review approves the condition category and consequence as methodology only; it does not establish satisfaction. Evidence remains required at the stated time.
CP-005,data/phase4/processed/CONDITIONS_PRECEDENT.csv,conditions_precedent,Corporate authority,standard_hypothetical,text,SRC-003,Amendment No. 1 with conformed Second Amended and Restated Credit Agreement,https://www.sec.gov/Archives/edgar/data/1423221/000110465924071335/tm2417183d1_ex10-1.htm,2024-06-13,,standard_hypothetical,owner_reviewed_methodology,Owner review approves the condition category and consequence as methodology only; it does not establish satisfaction. Evidence remains required at the stated time.
CP-006,data/phase4/processed/CONDITIONS_PRECEDENT.csv,conditions_precedent,KYC and beneficial ownership,standard_hypothetical,text,SRC-003,Amendment No. 1 with conformed Second Amended and Restated Credit Agreement,https://www.sec.gov/Archives/edgar/data/1423221/000110465924071335/tm2417183d1_ex10-1.htm,2024-06-13,,standard_hypothetical,owner_reviewed_methodology,Owner review approves the condition category and consequence as methodology only; it does not establish satisfaction. Evidence remains required at the stated time.
CP-007,data/phase4/processed/CONDITIONS_PRECEDENT.csv,conditions_precedent,Legal opinions,hypothetical_essential,text,SRC-003,Amendment No. 1 with conformed Second Amended and Restated Credit Agreement,https://www.sec.gov/Archives/edgar/data/1423221/000110465924071335/tm2417183d1_ex10-1.htm,2024-06-13,,hypothetical_essential,owner_reviewed_methodology,Owner review approves the condition category and consequence as methodology only; it does not establish satisfaction. Evidence remains required at the stated time.
CP-008,data/phase4/processed/CONDITIONS_PRECEDENT.csv,conditions_precedent,Existing compliance certificate,private_essential,text,SRC-001;SRC-003;SRC-016,Quanex FY2025 Form 10-K;Amendment No. 1 with conformed Second Amended and Restated Credit Agreement;Quanex FY2025 Q2 results release and covenant clarification,https://www.sec.gov/Archives/edgar/data/1423221/000142322125000100/nx-20251031.htm;https://www.sec.gov/Archives/edgar/data/1423221/000110465924071335/tm2417183d1_ex10-1.htm;https://www.sec.gov/Archives/edgar/data/1423221/000117184325003726/exh_991.htm,2025-12-12;2024-06-13;2025-06-05,,private_essential,owner_reviewed_methodology,Owner review approves the condition category and consequence as methodology only; it does not establish satisfaction. Evidence remains required at the stated time.
CP-009,data/phase4/processed/CONDITIONS_PRECEDENT.csv,conditions_precedent,Projected compliance certificate,hypothetical_essential,text,SRC-003,Amendment No. 1 with conformed Second Amended and Restated Credit Agreement,https://www.sec.gov/Archives/edgar/data/1423221/000110465924071335/tm2417183d1_ex10-1.htm,2024-06-13,,hypothetical_essential,owner_reviewed_methodology,Owner review approves the condition category and consequence as methodology only; it does not establish satisfaction. Evidence remains required at the stated time.
CP-010,data/phase4/processed/CONDITIONS_PRECEDENT.csv,conditions_precedent,January closing-balance certificate,private_essential,text,SRC-001;SRC-003,Quanex FY2025 Form 10-K;Amendment No. 1 with conformed Second Amended and Restated Credit Agreement,https://www.sec.gov/Archives/edgar/data/1423221/000142322125000100/nx-20251031.htm;https://www.sec.gov/Archives/edgar/data/1423221/000110465924071335/tm2417183d1_ex10-1.htm,2025-12-12;2024-06-13,,private_essential,owner_reviewed_methodology,Owner review approves the condition category and consequence as methodology only; it does not establish satisfaction. Evidence remains required at the stated time.
CP-011,data/phase4/processed/CONDITIONS_PRECEDENT.csv,conditions_precedent,Minimum usable liquidity,hypothetical_essential,text,,,,,,hypothetical_essential,owner_reviewed_methodology,Owner review approves the condition category and consequence as methodology only; it does not establish satisfaction. Evidence remains required at the stated time.
CP-012,data/phase4/processed/CONDITIONS_PRECEDENT.csv,conditions_precedent,Borrower cash contribution,pending_information,text,SRC-001;SRC-003,Quanex FY2025 Form 10-K;Amendment No. 1 with conformed Second Amended and Restated Credit Agreement,https://www.sec.gov/Archives/edgar/data/1423221/000142322125000100/nx-20251031.htm;https://www.sec.gov/Archives/edgar/data/1423221/000110465924071335/tm2417183d1_ex10-1.htm,2025-12-12;2024-06-13,,pending_information,owner_reviewed_methodology,Owner review approves the condition category and consequence as methodology only; it does not establish satisfaction. Evidence remains required at the stated time.
CP-013,data/phase4/processed/CONDITIONS_PRECEDENT.csv,conditions_precedent,LC replacement,private_essential,text,SRC-001;SRC-003,Quanex FY2025 Form 10-K;Amendment No. 1 with conformed Second Amended and Restated Credit Agreement,https://www.sec.gov/Archives/edgar/data/1423221/000142322125000100/nx-20251031.htm;https://www.sec.gov/Archives/edgar/data/1423221/000110465924071335/tm2417183d1_ex10-1.htm,2025-12-12;2024-06-13,,private_essential,owner_reviewed_methodology,Owner review approves the condition category and consequence as methodology only; it does not establish satisfaction. Evidence remains required at the stated time.
CP-014,data/phase4/processed/CONDITIONS_PRECEDENT.csv,conditions_precedent,Hedge treatment,private_essential,text,SRC-003,Amendment No. 1 with conformed Second Amended and Restated Credit Agreement,https://www.sec.gov/Archives/edgar/data/1423221/000110465924071335/tm2417183d1_ex10-1.htm,2024-06-13,,private_essential,owner_reviewed_methodology,Owner review approves the condition category and consequence as methodology only; it does not establish satisfaction. Evidence remains required at the stated time.
CP-015,data/phase4/processed/CONDITIONS_PRECEDENT.csv,conditions_precedent,Fee letters,private_essential,text,SRC-003,Amendment No. 1 with conformed Second Amended and Restated Credit Agreement,https://www.sec.gov/Archives/edgar/data/1423221/000110465924071335/tm2417183d1_ex10-1.htm,2024-06-13,,private_essential,owner_reviewed_methodology,Owner review approves the condition category and consequence as methodology only; it does not establish satisfaction. Evidence remains required at the stated time.
CP-016,data/phase4/processed/CONDITIONS_PRECEDENT.csv,conditions_precedent,Sources-and-uses confirmation,hypothetical_essential,text,,,,,,hypothetical_essential,owner_reviewed_methodology,Owner review approves the condition category and consequence as methodology only; it does not establish satisfaction. Evidence remains required at the stated time.
CP-017,data/phase4/processed/CONDITIONS_PRECEDENT.csv,conditions_precedent,Financial projections,private_essential,text,SRC-003,Amendment No. 1 with conformed Second Amended and Restated Credit Agreement,https://www.sec.gov/Archives/edgar/data/1423221/000110465924071335/tm2417183d1_ex10-1.htm,2024-06-13,,private_essential,owner_reviewed_methodology,Owner review approves the condition category and consequence as methodology only; it does not establish satisfaction. Evidence remains required at the stated time.
CP-018,data/phase4/processed/CONDITIONS_PRECEDENT.csv,conditions_precedent,Quality-of-earnings and adjustment support,private_essential,text,SRC-001;SRC-002,Quanex FY2025 Form 10-K;Quanex Q4 and FY2025 results release,https://www.sec.gov/Archives/edgar/data/1423221/000142322125000100/nx-20251031.htm;https://www.sec.gov/Archives/edgar/data/1423221/000117184325007891/exh_991.htm,2025-12-12;2025-12-11,,private_essential,owner_reviewed_methodology,Owner review approves the condition category and consequence as methodology only; it does not establish satisfaction. Evidence remains required at the stated time.
CP-019,data/phase4/processed/CONDITIONS_PRECEDENT.csv,conditions_precedent,Maintenance-capex schedule,private_essential,text,SRC-001,Quanex FY2025 Form 10-K,https://www.sec.gov/Archives/edgar/data/1423221/000142322125000100/nx-20251031.htm,2025-12-12,,private_essential,owner_reviewed_methodology,Owner review approves the condition category and consequence as methodology only; it does not establish satisfaction. Evidence remains required at the stated time.
CP-020,data/phase4/processed/CONDITIONS_PRECEDENT.csv,conditions_precedent,Working-capital reporting,private_essential,text,SRC-001;SRC-021,Quanex FY2025 Form 10-K;Quanex FY2025 Q1 results release,https://www.sec.gov/Archives/edgar/data/1423221/000142322125000100/nx-20251031.htm;https://investors.quanex.com/news-releases/news-release-details/quanex-building-products-announces-first-quarter-2025-results,2025-12-12;2025-03-10,,private_essential,owner_reviewed_methodology,Owner review approves the condition category and consequence as methodology only; it does not establish satisfaction. Evidence remains required at the stated time.
CP-021,data/phase4/processed/CONDITIONS_PRECEDENT.csv,conditions_precedent,Control-remediation plan,private_essential,text,SRC-001,Quanex FY2025 Form 10-K,https://www.sec.gov/Archives/edgar/data/1423221/000142322125000100/nx-20251031.htm,2025-12-12,,private_essential,owner_reviewed_methodology,Owner review approves the condition category and consequence as methodology only; it does not establish satisfaction. Evidence remains required at the stated time.
CP-022,data/phase4/processed/CONDITIONS_PRECEDENT.csv,conditions_precedent,Full committed financing,hypothetical_essential,text,,,,,,hypothetical_essential,owner_reviewed_methodology,Owner review approves the condition category and consequence as methodology only; it does not establish satisfaction. Evidence remains required at the stated time.
CP-023,data/phase4/processed/CONDITIONS_PRECEDENT.csv,conditions_precedent,No material adverse change,hypothetical_negotiation,text,,,,,,hypothetical_negotiation,owner_reviewed_methodology,Owner review approves the condition category and consequence as methodology only; it does not establish satisfaction. Evidence remains required at the stated time.
CP-024,data/phase4/processed/CONDITIONS_PRECEDENT.csv,conditions_precedent,Required consents,private_essential,text,SRC-003,Amendment No. 1 with conformed Second Amended and Restated Credit Agreement,https://www.sec.gov/Archives/edgar/data/1423221/000110465924071335/tm2417183d1_ex10-1.htm,2024-06-13,,private_essential,owner_reviewed_methodology,Owner review approves the condition category and consequence as methodology only; it does not establish satisfaction. Evidence remains required at the stated time.
P5-001,data/phase4/processed/PHASE5_OPENING_INPUTS.csv,phase5_handoff,required_opening_cash,25,USD_millions,SRC-001,Quanex FY2025 Form 10-K,https://www.sec.gov/Archives/edgar/data/1423221/000142322125000100/nx-20251031.htm,2025-12-12,Phase 4 operating-cash floor; not accessible funding,provisional,owner_reviewed_for_phase5_testing,Phase 5 must not convert a pending item to zero or treat the partial contractual EBITDA reconstruction as official.
P5-002,data/phase4/processed/PHASE5_OPENING_INPUTS.csv,phase5_handoff,accessible_cash_determination,,USD_millions,SRC-001;SRC-003,Quanex FY2025 Form 10-K;Amendment No. 1 with conformed Second Amended and Restated Credit Agreement,https://www.sec.gov/Archives/edgar/data/1423221/000142322125000100/nx-20251031.htm;https://www.sec.gov/Archives/edgar/data/1423221/000110465924071335/tm2417183d1_ex10-1.htm,2025-12-12;2024-06-13,"$76.018m book cash, including $46.9m foreign, is not automatically accessible",pending_information,pending_owner_approval,Phase 5 must not convert a pending item to zero or treat the partial contractual EBITDA reconstruction as official.
P5-003,data/phase4/processed/PHASE5_OPENING_INPUTS.csv,phase5_handoff,opening_term_principal,650,USD_millions,,,,,Capped funding waterfall from reference uses,provisional_reference_case,owner_reviewed_for_phase5_testing,Phase 5 must not convert a pending item to zero or treat the partial contractual EBITDA reconstruction as official.
P5-004,data/phase4/processed/PHASE5_OPENING_INPUTS.csv,phase5_handoff,opening_revolver_draw,29.89771875,USD_millions,,,,,Residual reference use after capped term and zero cash contribution,provisional_reference_case,owner_reviewed_for_phase5_testing,Phase 5 must not convert a pending item to zero or treat the partial contractual EBITDA reconstruction as official.
P5-005,data/phase4/processed/PHASE5_OPENING_INPUTS.csv,phase5_handoff,letter_of_credit_usage,6.2,USD_millions,SRC-001;SRC-003,Quanex FY2025 Form 10-K;Amendment No. 1 with conformed Second Amended and Restated Credit Agreement,https://www.sec.gov/Archives/edgar/data/1423221/000142322125000100/nx-20251031.htm;https://www.sec.gov/Archives/edgar/data/1423221/000110465924071335/tm2417183d1_ex10-1.htm,2025-12-12;2024-06-13,Reference assumes noncash replacement under new revolver,sensitivity,owner_reviewed_for_phase5_testing,Phase 5 must not convert a pending item to zero or treat the partial contractual EBITDA reconstruction as official.
P5-006,data/phase4/processed/PHASE5_OPENING_INPUTS.csv,phase5_handoff,revolver_commitment,300,USD_millions,,,,,Governing case architecture,provisional,owner_reviewed_for_phase5_testing,Phase 5 must not convert a pending item to zero or treat the partial contractual EBITDA reconstruction as official.
P5-007,data/phase4/processed/PHASE5_OPENING_INPUTS.csv,phase5_handoff,retained_finance_leases_and_other_debt,62.619,USD_millions,SRC-001;SRC-002,Quanex FY2025 Form 10-K;Quanex Q4 and FY2025 results release,https://www.sec.gov/Archives/edgar/data/1423221/000142322125000100/nx-20251031.htm;https://www.sec.gov/Archives/edgar/data/1423221/000117184325007891/exh_991.htm,2025-12-12;2025-12-11,Retained outside bank payoff,known_at_2025_10_31,not_applicable_existing_fact,Phase 5 must not convert a pending item to zero or treat the partial contractual EBITDA reconstruction as official.
P5-008,data/phase4/processed/PHASE5_OPENING_INPUTS.csv,phase5_handoff,retained_operating_lease_liabilities,160.905,USD_millions,SRC-001,Quanex FY2025 Form 10-K,https://www.sec.gov/Archives/edgar/data/1423221/000142322125000100/nx-20251031.htm,2025-12-12,Debt-like retained obligation; not funded debt,known_at_2025_10_31,not_applicable_existing_fact,Phase 5 must not convert a pending item to zero or treat the partial contractual EBITDA reconstruction as official.
P5-009,data/phase4/processed/PHASE5_OPENING_INPUTS.csv,phase5_handoff,term_sofr_curve_or_base_rate,,percent,,,,,No cutoff-compliant closing rate selected,pending_information,pending_owner_approval,Phase 5 must not convert a pending item to zero or treat the partial contractual EBITDA reconstruction as official.
P5-010,data/phase4/processed/PHASE5_OPENING_INPUTS.csv,phase5_handoff,term_and_revolver_margin,250-350,basis_points,,,,,"Hypothetical range, not a lender quote",sensitivity,owner_reviewed_for_phase5_testing,Phase 5 must not convert a pending item to zero or treat the partial contractual EBITDA reconstruction as official.
P5-011,data/phase4/processed/PHASE5_OPENING_INPUTS.csv,phase5_handoff,annual_term_amortization,10,percent_of_original_principal,,,,,Base term-sheet case; 5% and 15% sensitivities retained,provisional,owner_reviewed_for_phase5_testing,Phase 5 must not convert a pending item to zero or treat the partial contractual EBITDA reconstruction as official.
P5-012,data/phase4/processed/PHASE5_OPENING_INPUTS.csv,phase5_handoff,fee_amortization_treatment,,text,SRC-001,Quanex FY2025 Form 10-K,https://www.sec.gov/Archives/edgar/data/1423221/000142322125000100/nx-20251031.htm,2025-12-12,$11.040m existing deferred costs and new costs require accounting analysis,pending_information,pending_owner_approval,Phase 5 must not convert a pending item to zero or treat the partial contractual EBITDA reconstruction as official.
P5-013,data/phase4/processed/PHASE5_OPENING_INPUTS.csv,phase5_handoff,cash_interest_inputs,,text,SRC-001;SRC-003,Quanex FY2025 Form 10-K;Amendment No. 1 with conformed Second Amended and Restated Credit Agreement,https://www.sec.gov/Archives/edgar/data/1423221/000142322125000100/nx-20251031.htm;https://www.sec.gov/Archives/edgar/data/1423221/000110465924071335/tm2417183d1_ex10-1.htm,2025-12-12;2024-06-13,"Need benchmark, margins, floors, timing, hedge and average balances",pending_information,pending_owner_approval,Phase 5 must not convert a pending item to zero or treat the partial contractual EBITDA reconstruction as official.
P5-014,data/phase4/processed/PHASE5_OPENING_INPUTS.csv,phase5_handoff,cash_sweep,50,percent_of_defined_excess_cash_flow,,,,,Hypothetical test with liquidity safeguards,provisional,owner_reviewed_for_phase5_testing,Phase 5 must not convert a pending item to zero or treat the partial contractual EBITDA reconstruction as official.
P5-015,data/phase4/processed/PHASE5_OPENING_INPUTS.csv,phase5_handoff,operating_cash_floor,25,USD_millions,,,,,Distinct from $50m usable-liquidity covenant,provisional,owner_reviewed_for_phase5_testing,Phase 5 must not convert a pending item to zero or treat the partial contractual EBITDA reconstruction as official.
P5-016,data/phase4/processed/PHASE5_OPENING_INPUTS.csv,phase5_handoff,net_leverage_covenant,3.25x then test 3.00x from FY2028,turns,SRC-003;SRC-016,Amendment No. 1 with conformed Second Amended and Restated Credit Agreement;Quanex FY2025 Q2 results release and covenant clarification,https://www.sec.gov/Archives/edgar/data/1423221/000110465924071335/tm2417183d1_ex10-1.htm;https://www.sec.gov/Archives/edgar/data/1423221/000117184325003726/exh_991.htm,2024-06-13;2025-06-05,"Owner-reviewed Phase 5 analytical threshold, not a final covenant or existing contractual calculation",initial_analytical_test_threshold,owner_reviewed_initial_analytical_threshold,Phase 5 must not convert a pending item to zero or treat the partial contractual EBITDA reconstruction as official.
P5-017,data/phase4/processed/PHASE5_OPENING_INPUTS.csv,phase5_handoff,cash_interest_coverage_covenant,3.00,turns,SRC-003,Amendment No. 1 with conformed Second Amended and Restated Credit Agreement,https://www.sec.gov/Archives/edgar/data/1423221/000110465924071335/tm2417183d1_ex10-1.htm,2024-06-13,"Owner-reviewed Phase 5 analytical threshold, not a final covenant",initial_analytical_test_threshold,owner_reviewed_initial_analytical_threshold,Phase 5 must not convert a pending item to zero or treat the partial contractual EBITDA reconstruction as official.
P5-018,data/phase4/processed/PHASE5_OPENING_INPUTS.csv,phase5_handoff,usable_liquidity_covenant,50,USD_millions,,,,,"Owner-reviewed Phase 5 analytical threshold, not a final covenant",initial_analytical_test_threshold,owner_reviewed_initial_analytical_threshold,Phase 5 must not convert a pending item to zero or treat the partial contractual EBITDA reconstruction as official.
P5-019,data/phase4/processed/PHASE5_OPENING_INPUTS.csv,phase5_handoff,closing_funding_gap_after_revolver,0,USD_millions,,,,,Capped sources less uses,calculated_reference_case,owner_reviewed_for_phase5_testing,Phase 5 must not convert a pending item to zero or treat the partial contractual EBITDA reconstruction as official.
P5-020,data/phase4/processed/PHASE5_OPENING_INPUTS.csv,phase5_handoff,term_only_funding_gap,29.89771875,USD_millions,,,,,Amount requiring reference opening revolver absent accessible cash,calculated_reference_case,owner_reviewed_for_phase5_testing,Phase 5 must not convert a pending item to zero or treat the partial contractual EBITDA reconstruction as official.
P5-021,data/phase4/processed/PHASE5_OPENING_INPUTS.csv,phase5_handoff,accounts_payable_method,,text,SRC-001,Quanex FY2025 Form 10-K,https://www.sec.gov/Archives/edgar/data/1423221/000142322125000100/nx-20251031.htm,2025-12-12,DPO remains not determinable without purchases,pending_information,pending_owner_approval,Phase 5 must not convert a pending item to zero or treat the partial contractual EBITDA reconstruction as official.
P5-022,data/phase4/processed/PHASE5_OPENING_INPUTS.csv,phase5_handoff,other_operating_working_capital_method,,text,SRC-001,Quanex FY2025 Form 10-K,https://www.sec.gov/Archives/edgar/data/1423221/000142322125000100/nx-20251031.htm,2025-12-12,Other current operating assets/liabilities require separate methods,pending_information,pending_owner_approval,Phase 5 must not convert a pending item to zero or treat the partial contractual EBITDA reconstruction as official.
P5-023,data/phase4/processed/PHASE5_OPENING_INPUTS.csv,phase5_handoff,forecast_period_timing,"Quanex fiscal quarters ending Jan 31, Apr 30, Jul 31, Oct 31",text,SRC-001,Quanex FY2025 Form 10-K,https://www.sec.gov/Archives/edgar/data/1423221/000142322125000100/nx-20251031.htm,2025-12-12,Closing coincides with fiscal quarter end,known_convention,not_applicable_existing_fact,Phase 5 must not convert a pending item to zero or treat the partial contractual EBITDA reconstruction as official.
P5-024,data/phase4/processed/PHASE5_OPENING_INPUTS.csv,phase5_handoff,first_term_payment_timing,2026-04-30 modeled calendar anchor,date,,,,,Full-quarter 2.5% installment in 10% base case,provisional,owner_reviewed_for_phase5_testing,Phase 5 must not convert a pending item to zero or treat the partial contractual EBITDA reconstruction as official.
P5-025,data/phase4/processed/PHASE5_OPENING_INPUTS.csv,phase5_handoff,distribution_policy,$0-$10m repurchases; $14-$15m dividends reference,USD_millions,SRC-001,Quanex FY2025 Form 10-K,https://www.sec.gov/Archives/edgar/data/1423221/000142322125000100/nx-20251031.htm,2025-12-12,Unmitigated cases retain selected base policy,owner_reviewed_phase3_range,owner_reviewed,Phase 5 must not convert a pending item to zero or treat the partial contractual EBITDA reconstruction as official.
P5-026,data/phase4/processed/PHASE5_OPENING_INPUTS.csv,phase5_handoff,reference_revolver_movement_calibration,25,USD_millions,SRC-021,Quanex FY2025 Q1 results release,https://investors.quanex.com/news-releases/news-release-details/quanex-building-products-announces-first-quarter-2025-results,2025-03-10,Informed by the $24.134m FY2025 Q1 FCF trough but not an October-to-January cash forecast or separate historical FCF use,owner_reviewed_principal_balance_sensitivity,owner_reviewed_for_phase5_testing,Phase 5 must not convert a pending item to zero or treat the partial contractual EBITDA reconstruction as official.
P5-027,data/phase4/processed/PHASE5_OPENING_INPUTS.csv,phase5_handoff,pressure_case_restricted_cash_from_lc_collateral,6.2,USD_millions,SRC-001;SRC-003,Quanex FY2025 Form 10-K;Amendment No. 1 with conformed Second Amended and Restated Credit Agreement,https://www.sec.gov/Archives/edgar/data/1423221/000142322125000100/nx-20251031.htm;https://www.sec.gov/Archives/edgar/data/1423221/000110465924071335/tm2417183d1_ex10-1.htm,2025-12-12;2024-06-13,Explicitly funded LC collateral creates restricted cash or another restricted asset and is excluded from usable liquidity,owner_reviewed_pressure_sensitivity,owner_reviewed_for_phase5_testing,Phase 5 must not convert a pending item to zero or treat the partial contractual EBITDA reconstruction as official.
P5-028,data/phase4/processed/PHASE5_OPENING_INPUTS.csv,phase5_handoff,revolver_maturity_assumption,Opening draw held unchanged solely for maturity comparison,text,,,,,No future revolver draws or repayments are projected in Phase 4,owner_reviewed_methodology,owner_reviewed_for_phase5_testing,Phase 5 must not convert a pending item to zero or treat the partial contractual EBITDA reconstruction as official.
P5-029,data/phase4/processed/PHASE5_OPENING_INPUTS.csv,phase5_handoff,financing_alternative_decision,Test reference refinancing; retain existing facilities and limited amendment/extension as live alternatives,text,SRC-001;SRC-003,Quanex FY2025 Form 10-K;Amendment No. 1 with conformed Second Amended and Restated Credit Agreement,https://www.sec.gov/Archives/edgar/data/1423221/000142322125000100/nx-20251031.htm;https://www.sec.gov/Archives/edgar/data/1423221/000110465924071335/tm2417183d1_ex10-1.htm,2025-12-12;2024-06-13,Phase 4 does not establish that refinancing is economically preferable,owner_reviewed_methodology,owner_reviewed_for_phase5_testing,Phase 5 must not convert a pending item to zero or treat the partial contractual EBITDA reconstruction as official.
