scenario_name,scenario_id,model_period_id,frequency,period_start,period_end,fiscal_year,quarter,days_in_period,revenue,base_gross_margin_percent,lender_base_ebitda,depreciation_and_amortization,cash_tax_proxy,working_capital_cash_flow,capital_expenditures,other_operating_cash_uses,cfads_before_cash_interest,opening_cash,ending_cash,opening_term_principal,scheduled_term_principal_due,scheduled_term_principal_paid,scheduled_principal_shortfall,cash_sweep,maturity_principal_due,maturity_principal_paid,maturity_principal_shortfall,ending_term_principal,opening_revolver,revolver_draw,revolver_repayment,ending_revolver,cash_interest_due,cash_interest_paid,cash_interest_shortfall,retained_obligation_due,retained_obligation_paid,retained_obligation_shortfall,dividend_paid,repurchase_paid,dividend_unpaid,repurchase_unpaid,failed_obligation_unpaid_amount,gross_funded_debt,minimum_usable_liquidity,peak_revolver,nominal_revolver_availability,usable_revolver_availability,operating_cash_floor,letters_of_credit,revolver_commitment,drawability_status,drawability_shutoff_date,commitment_exhaustion_flag,cash_floor_shortfall,ttm_lender_base_ebitda,gross_funded_leverage,ebitda_cash_interest_coverage,unsupported_maturity_gap,maturity_event,mandatory_payment_failure_flag,model_status,source_ids,upstream_ids
Base,BASE,P001,monthly,2026-02-01,2026-02-28,FY2026,Q2,28,150.82222935,28.8693217195837322875299713,21.06265873114659057598845476,-8.4900849345702,-3.143143449144097643997113691,-0.02473504888548250231460016666,-5.278778027249999999999999999,-0.2333333333333333333333333333,12.38266887253367709634340757,25,25,635,0,0,0,0,0,0,0,635,29.89771875,0,6.4390641337759849937528067,23.4586546162240150062471933,3.622688072091025435923934198,3.622688072091025435923934198,0,0.6959166666666666666666666667,0.6959166666666666666666666667,0,1.208333333333333333333333333,0.4166666666666666666666666667,0,0,0,721.0776546162240150062471933,270.3413453837759849937528067,23.4586546162240150062471933,270.3413453837759849937528067,270.3413453837759849937528067,25,6.2,300,available_before_analytical_shutoff,,no,0,,,,0,no,no,PASS,SRC-001;SRC-002;SRC-003,P6M-BASE-P-0001:P6M-BASE-P-0001
Base,BASE,P002,monthly,2026-03-01,2026-03-31,FY2026,Q2,31,150.82222935,28.8693217195837322875299713,21.06265873114659057598845476,-8.4900849345702,-3.143143449144097643997113691,-0.02473504888548250231460016666,-5.278778027249999999999999999,-0.2333333333333333333333333333,12.38266887253367709634340757,25,25,635,0,0,0,0,0,0,0,635,23.4586546162240150062471933,0,6.47441478230876156773660508,16.98423983391525343851058822,3.587337423558248861940135817,3.587337423558248861940135817,0,0.6959166666666666666666666667,0.6959166666666666666666666667,0,1.208333333333333333333333333,0.4166666666666666666666666667,0,0,0,714.6032398339152534385105882,276.8157601660847465614894118,16.98423983391525343851058822,276.8157601660847465614894118,276.8157601660847465614894118,25,6.2,300,available_before_analytical_shutoff,,no,0,,,,0,no,no,PASS,SRC-001;SRC-002;SRC-003,P6M-BASE-P-0002:P6M-BASE-P-0002
Base,BASE,P003,monthly,2026-04-01,2026-04-30,FY2026,Q2,30,150.82222935,28.8693217195837322875299713,21.06265873114659057598845476,-8.4900849345702,-3.143143449144097643997113691,-0.02473504888548250231460016666,-5.278778027249999999999999999,-0.2333333333333333333333333333,12.38266887253367709634340757,25,25,635,11.90625,11.90625,0,0,0,0,0,623.09375,16.98423983391525343851058822,5.39629049307263459643953506,0,22.38053032698788803495012328,3.551792698939645026116275964,3.551792698939645026116275964,0,0.6959166666666666666666666667,0.6959166666666666666666666667,0,1.208333333333333333333333333,0.4166666666666666666666666667,0,0,0,708.0932803269878880349501233,271.4194696730121119650498767,22.38053032698788803495012328,271.4194696730121119650498767,271.4194696730121119650498767,25,6.2,300,available_before_analytical_shutoff,,no,0,,,,0,no,no,PASS,SRC-001;SRC-002;SRC-003,P6M-BASE-P-0003:P6M-BASE-P-0003
Base,BASE,P004,monthly,2026-05-01,2026-05-31,FY2026,Q3,31,165.086872725,27.69017358369192354329321421,21.1081290236343321760207788,-9.2930702394357,-2.9537646960496580440051947,-0.02706957744765737285907863333,-5.778040545374999999999999999,0,12.34925420476201675915650547,25,25,623.09375,0,0,0,0,0,0,0,623.09375,22.38053032698788803495012328,0,6.5121929815911989060267748,15.86833734539668912892334848,3.516144556504151186463064001,3.516144556504151186463064001,0,0.6959166666666666666666666667,0.6959166666666666666666666667,0,1.208333333333333333333333333,0.4166666666666666666666666667,0,0,0,701.5810873453966891289233485,277.9316626546033108710766515,15.86833734539668912892334848,277.9316626546033108710766515,277.9316626546033108710766515,25,6.2,300,available_before_analytical_shutoff,,no,0,,,,0,no,no,PASS,SRC-001;SRC-002;SRC-003,P6M-BASE-P-0004:P6M-BASE-P-0004
Base,BASE,P005,monthly,2026-06-01,2026-06-30,FY2026,Q3,30,165.086872725,27.69017358369192354329321421,21.1081290236343321760207788,-9.2930702394357,-2.9537646960496580440051947,-0.02706957744765737285907863333,-5.778040545374999999999999999,0,12.34925420476201675915650547,25,25,623.09375,0,0,0,0,0,0,0,623.09375,15.86833734539668912892334848,0,6.54794510961587278349637779,9.32039223578081634542697069,3.480392428479477308993461005,3.480392428479477308993461005,0,0.6959166666666666666666666667,0.6959166666666666666666666667,0,1.208333333333333333333333333,0.4166666666666666666666666667,0,0,0,695.0331422357808163454269707,284.4796077642191836545730293,9.32039223578081634542697069,284.4796077642191836545730293,284.4796077642191836545730293,25,6.2,300,available_before_analytical_shutoff,,no,0,,,,0,no,no,PASS,SRC-001;SRC-002;SRC-003,P6M-BASE-P-0005:P6M-BASE-P-0005
Base,BASE,P006,monthly,2026-07-01,2026-07-31,FY2026,Q3,31,165.086872725,27.69017358369192354329321421,21.1081290236343321760207788,-9.2930702394357,-2.9537646960496580440051947,-0.02706957744765737285907863333,-5.778040545374999999999999999,0,12.34925420476201675915650547,25,25,623.09375,11.90625,11.90625,0,0,0,0,0,611.1875,9.32039223578081634542697069,5.32235648213959101882300577,0,14.64274871792040736424997646,3.44444402023494111131284457,3.44444402023494111131284457,0,0.6959166666666666666666666667,0.6959166666666666666666666667,0,1.208333333333333333333333333,0.4166666666666666666666666667,0,0,0,688.4492487179204073642499765,279.1572512820795926357500235,14.64274871792040736424997646,279.1572512820795926357500235,279.1572512820795926357500235,25,6.2,300,available_before_analytical_shutoff,,no,0,,,,0,no,no,PASS,SRC-001;SRC-002;SRC-003,P6M-BASE-P-0006:P6M-BASE-P-0006
Base,BASE,P007,monthly,2026-08-01,2026-08-31,FY2026,Q4,31,163.27791795,27.91591743027939068561819552,21.24542458761538197942361973,-9.1912405572414,-3.013546007593495494855904933,-0.0267738863605814244659023,-5.714727128249999999999999999,0,12.4903775654113050601018125,25,25,611.1875,0,0,0,0,0,0,0,611.1875,14.64274871792040736424997646,0,6.76155003022071673893367898,7.88119868769969062531629748,3.407910868523921654501466848,3.407910868523921654501466848,0,0.6959166666666666666666666667,0.6959166666666666666666666667,0,1.208333333333333333333333333,0.4166666666666666666666666667,0,0,0,681.6876986876996906253162975,285.9188013123003093746837025,7.88119868769969062531629748,285.9188013123003093746837025,285.9188013123003093746837025,25,6.2,300,available_before_analytical_shutoff,,no,0,,,,0,no,no,PASS,SRC-001;SRC-002;SRC-003,P6M-BASE-P-0007:P6M-BASE-P-0007
Base,BASE,P008,monthly,2026-09-01,2026-09-30,FY2026,Q4,30,163.27791795,27.91591743027939068561819552,21.24542458761538197942361973,-9.1912405572414,-3.013546007593495494855904933,-0.0267738863605814244659023,-5.714727128249999999999999999,0,12.4903775654113050601018125,25,25,611.1875,0,0,0,0,0,0,0,611.1875,7.88119868769969062531629748,0,6.79867113566231584948141014,1.08252755203737477583488734,3.370789763082322543953735688,3.370789763082322543953735688,0,0.6959166666666666666666666667,0.6959166666666666666666666667,0,1.208333333333333333333333333,0.4166666666666666666666666667,0,0,0,674.8890275520373747758348873,292.7174724479626252241651127,1.08252755203737477583488734,292.7174724479626252241651127,292.7174724479626252241651127,25,6.2,300,available_before_analytical_shutoff,,no,0,,,,0,no,no,PASS,SRC-001;SRC-002;SRC-003,P6M-BASE-P-0008:P6M-BASE-P-0008
Base,BASE,P009,monthly,2026-10-01,2026-10-31,FY2026,Q4,31,163.27791795,27.91591743027939068561819552,21.24542458761538197942361973,-9.1912405572414,-3.013546007593495494855904933,-0.0267738863605814244659023,-5.714727128249999999999999999,0,12.4903775654113050601018125,25,25,611.1875,11.90625,11.90625,0,0,0,0,0,599.28125,1.08252755203737477583488734,5.0702539629505660701827868,0,6.15278151498794084601767414,3.333464861695204463617932628,3.333464861695204463617932628,0,0.6959166666666666666666666667,0.6959166666666666666666666667,0,1.208333333333333333333333333,0.4166666666666666666666666667,0,0,0,668.0530315149879408460176741,287.6472184850120591539823259,6.15278151498794084601767414,287.6472184850120591539823259,287.6472184850120591539823259,25,6.2,300,available_before_analytical_shutoff,,no,0,222.2736607385570249999999998,3.005542938804458834451367297,,0,no,no,PASS,SRC-001;SRC-002;SRC-003,P6M-BASE-P-0009:P6M-BASE-P-0009
Base,BASE,P010,monthly,2026-11-01,2026-11-30,FY2027,Q1,30,133.3413326833425,22.90967547594190519832374179,10.6747410285917755343104325,-7.50605029941071601,-0.7921726822952648810776081259,0.0005084199225049231842327666666,-4.6669466439169875,0,5.216130122302028076417057143,25,25,599.28125,0,0,0,0,0,0,0,599.28125,6.15278151498794084601767414,0.39394963737478397308108002,0,6.54673115236272481909875416,3.315829759676812049498137162,3.315829759676812049498137162,0,0.66925,0.66925,0,1.208333333333333333333333333,0.4166666666666666666666666667,0,0,0,668.4469811523627248190987542,287.2532688476372751809012458,6.54673115236272481909875416,287.2532688476372751809012458,287.2532688476372751809012458,25,6.2,300,available_before_analytical_shutoff,,no,0,222.2733938633594302657432856,3.007318912686799097606924586,,0,no,no,PASS,SRC-001;SRC-002;SRC-003,P6M-BASE-P-0010:P6M-BASE-P-0010
Base,BASE,P011,monthly,2026-12-01,2026-12-31,FY2027,Q1,31,133.3413326833425,22.90967547594190519832374179,10.6747410285917755343104325,-7.50605029941071601,-0.7921726822952648810776081259,0.0005084199225049231842327666666,-4.6669466439169875,0,5.216130122302028076417057143,25,25,599.28125,0,0,0,0,0,0,0,599.28125,6.54673115236272481909875416,0.39611243229049233539006796,0,6.94284358465321715448882212,3.317992554592520411807125103,3.317992554592520411807125103,0,0.66925,0.66925,0,1.208333333333333333333333333,0.4166666666666666666666666667,0,0,0,668.8430935846532171544888221,286.8571564153467828455111779,6.94284358465321715448882212,286.8571564153467828455111779,286.8571564153467828455111779,25,6.2,300,available_before_analytical_shutoff,,no,0,222.2731269881618355314865715,3.009104621182008622045458679,,0,no,no,PASS,SRC-001;SRC-002;SRC-003,P6M-BASE-P-0011:P6M-BASE-P-0011
Base,BASE,P012,monthly,2027-01-01,2027-01-31,FY2027,Q1,31,133.3413326833425,22.90967547594190519832374179,10.6747410285917755343104325,-7.50605029941071601,-0.7921726822952648810776081259,0.0005084199225049231842327666666,-4.6669466439169875,0,5.216130122302028076417057143,25,25,599.28125,11.90625,11.90625,0,0,0,0,0,587.375,6.94284358465321715448882212,12.30453710101107966761976364,0,19.24738068566429682210858576,3.320167223313107744036820778,3.320167223313107744036820778,0,0.66925,0.66925,0,1.208333333333333333333333333,0.4166666666666666666666666667,0,0,0,669.2413806856642968221085858,274.5526193143357031778914142,19.24738068566429682210858576,274.5526193143357031778914142,274.5526193143357031778914142,25,6.2,300,available_before_analytical_shutoff,,no,0,222.2728601129642407972298573,3.010900117745100553008330918,5.385958143510740202126050031,0,no,no,PASS,SRC-001;SRC-002;SRC-003,P6M-BASE-P-0012:P6M-BASE-P-0012
Base,BASE,P013,monthly,2027-02-01,2027-02-28,FY2027,Q2,28,150.81845879426625,28.8693217195837322875299713,21.06213216467831191122405506,-8.489872682446835745,-3.143064870557869041556013766,0.0005524698596961096652975666666,-5.278646057799318749999999999,0,12.64097370618082022933333887,25,25,587.375,0,0,0,0,0,0,0,587.375,19.24738068566429682210858576,0,7.04475117827625940957881215,12.20262950738803741252977361,3.301972527904560819754526718,3.301972527904560819754526718,0,0.66925,0.66925,0,1.208333333333333333333333333,0.4166666666666666666666666667,0,0,0,662.1966295073880374125297736,281.5973704926119625874702264,12.20262950738803741252977361,281.5973704926119625874702264,281.5973704926119625874702264,25,6.2,300,available_before_analytical_shutoff,,no,0,222.2723335464959621324654576,2.979213017390068754424684087,5.428129284099075012980593613,0,no,no,PASS,SRC-001;SRC-002;SRC-003,P6M-BASE-P-0013:P6M-BASE-P-0013
Base,BASE,P014,monthly,2027-03-01,2027-03-31,FY2027,Q2,31,150.81845879426625,28.8693217195837322875299713,21.06213216467831191122405506,-8.489872682446835745,-3.143064870557869041556013766,0.0005524698596961096652975666666,-5.278646057799318749999999999,0,12.64097370618082022933333887,25,25,587.375,0,0,0,0,0,0,0,587.375,12.20262950738803741252977361,0,7.08342706622056353285166163,5.11920244116747387967811198,3.263296639960256696481677236,3.263296639960256696481677236,0,0.66925,0.66925,0,1.208333333333333333333333333,0.4166666666666666666666666667,0,0,0,655.113202441167473879678112,288.680797558832526120321888,5.11920244116747387967811198,288.680797558832526120321888,288.680797558832526120321888,25,6.2,300,available_before_analytical_shutoff,,no,0,222.271806980027683467701058,2.947351764229967844041096729,5.471414045177313272924929129,0,no,no,PASS,SRC-001;SRC-002;SRC-003,P6M-BASE-P-0014:P6M-BASE-P-0014
Base,BASE,P015,monthly,2027-04-01,2027-04-30,FY2027,Q2,30,150.81845879426625,28.8693217195837322875299713,21.06213216467831191122405506,-8.489872682446835745,-3.143064870557869041556013766,0.0005524698596961096652975666666,-5.278646057799318749999999999,0,12.64097370618082022933333887,25,25,587.375,11.90625,11.90625,0,0,0,0,0,575.46875,5.11920244116747387967811198,4.78393471408865594448787091,0,9.90313715525612982416598289,3.224408420269476173821209778,3.224408420269476173821209778,0,0.66925,0.66925,0,1.208333333333333333333333333,0.4166666666666666666666666667,0,0,0,647.9908871552561298241659829,283.8968628447438701758340171,9.90313715525612982416598289,283.8968628447438701758340171,283.8968628447438701758340171,25,6.2,300,available_before_analytical_shutoff,,no,0,222.2712804135594048029366584,2.915315401745110872919001337,5.515852506012362591373772084,0,no,no,PASS,SRC-001;SRC-002;SRC-003,P6M-BASE-P-0015:P6M-BASE-P-0015
Base,BASE,P016,monthly,2027-05-01,2027-05-31,FY2027,Q3,31,165.082745553181875,27.69017358369192354329321421,21.1076013204087413177163783,-9.2928379126797141075,-2.953690851932256802554094575,0.0006096140625172416626319999999,-5.777896094361365624999999999,0,12.37662398817763613182491573,25,25,575.46875,0,0,0,0,0,0,0,575.46875,9.90313715525612982416598289,0,6.89634164124445822380946816,3.00679551401167160035651473,3.186032346933177908015447565,3.186032346933177908015447565,0,0.66925,0.66925,0,1.208333333333333333333333333,0.4166666666666666666666666667,0,0,0,641.0945455140116716003565147,290.7932044859883283996434853,3.00679551401167160035651473,290.7932044859883283996434853,290.7932044859883283996434853,25,6.2,300,available_before_analytical_shutoff,,no,0,222.2707527103338139446322579,2.884295561591472929337597111,5.561398485309362394948444162,0,no,no,PASS,SRC-001;SRC-002;SRC-003,P6M-BASE-P-0016:P6M-BASE-P-0016
Base,BASE,P017,monthly,2027-06-01,2027-06-30,FY2027,Q3,30,165.082745553181875,27.69017358369192354329321421,21.1076013204087413177163783,-9.2928379126797141075,-2.953690851932256802554094575,0.0006096140625172416626319999999,-5.777896094361365624999999999,0,12.37662398817763613182491573,25,28.91665596519635758046242504,575.46875,0,0,0,0,0,0,0,575.46875,3.00679551401167160035651473,0,3.00679551401167160035651473,0,3.158922508969606951005975959,3.158922508969606951005975959,0,0.66925,0.66925,0,1.208333333333333333333333333,0.4166666666666666666666666667,0,0,0,638.08775,297.716655965196357580462425,0,293.8,293.8,25,6.2,300,available_before_analytical_shutoff,,no,0,222.2702250071082230863278574,2.87077475167712586170496535,5.606480694513450587560214191,0,no,no,PASS,SRC-001;SRC-002;SRC-003,P6M-BASE-P-0017:P6M-BASE-P-0017
Base,BASE,P018,monthly,2027-07-01,2027-07-31,FY2027,Q3,31,165.082745553181875,27.69017358369192354329321421,21.1076013204087413177163783,-9.2928379126797141075,-2.953690851932256802554094575,0.0006096140625172416626319999999,-5.777896094361365624999999999,0,12.37662398817763613182491573,28.91665596519635758046242504,25,575.46875,11.90625,11.90625,0,0,0,0,0,563.5625,0,1.02813260651117299728250816,0,1.02813260651117299728250816,3.120912559885166709569848927,3.120912559885166709569848927,0,0.66925,0.66925,0,1.208333333333333333333333333,0.4166666666666666666666666667,0,0,0,627.2096326065111729972825082,292.7718673934888270027174918,1.02813260651117299728250816,292.7718673934888270027174918,292.7718673934888270027174918,25,6.2,300,available_before_analytical_shutoff,,no,0,222.2696973038826322280234569,2.821840494743657547375663462,5.652596329943456315660689661,0,no,no,PASS,SRC-001;SRC-002;SRC-003,P6M-BASE-P-0018:P6M-BASE-P-0018
Base,BASE,P019,monthly,2027-08-01,2027-08-31,FY2027,Q4,31,163.27383600205125,27.91591743027939068561819552,21.24489345200069159487413413,-9.191010776227468965,-3.013470668943305657468533533,0.0006020078552603843986253333333,-5.714584260071793749999999999,0,12.51744053084085257180422593,25,31.1067387238193552384416569,563.5625,0,0,0,0,0,0,0,563.5625,1.02813260651117299728250816,0,1.02813260651117299728250816,0,3.088319200510324336080060866,3.088319200510324336080060866,0,0.66925,0.66925,0,1.208333333333333333333333333,0.4166666666666666666666666667,0,0,0,626.1815,299.9067387238193552384416569,0,293.8,293.8,25,6.2,300,available_before_analytical_shutoff,,no,0,222.2691661682679418434739712,2.817221618251592830378746049,5.698901302410461406751733336,0,no,no,PASS,SRC-001;SRC-002;SRC-003,P6M-BASE-P-0019:P6M-BASE-P-0019
Base,BASE,P020,monthly,2027-09-01,2027-09-30,FY2027,Q4,30,163.27383600205125,27.91591743027939068561819552,21.24489345200069159487413413,-9.191010776227468965,-3.013470668943305657468533533,0.0006020078552603843986253333333,-5.714584260071793749999999999,0,12.51744053084085257180422593,31.1067387238193552384416569,38.24442456716020781024588283,563.5625,0,0,0,0,0,0,0,563.5625,0,0,0,0,3.0855046875,3.0855046875,0,0.66925,0.66925,0,1.208333333333333333333333333,0.4166666666666666666666666667,0,0,0,626.1815,307.0444245671602078102458828,0,293.8,293.8,25,6.2,300,available_before_analytical_shutoff,,no,0,222.2686350326532514589244855,2.81722835031586140914540271,5.740879962202744982555662521,0,no,no,PASS,SRC-001;SRC-002;SRC-003,P6M-BASE-P-0020:P6M-BASE-P-0020
Base,BASE,P021,monthly,2027-10-01,2027-10-31,FY2027,Q4,31,163.27383600205125,27.91591743027939068561819552,21.24489345200069159487413413,-9.191010776227468965,-3.013470668943305657468533533,0.0006020078552603843986253333333,-5.714584260071793749999999999,0,12.51744053084085257180422593,38.24442456716020781024588283,29.25422688493803019102505438,563.5625,11.90625,11.90625,0,4.25422688493803019102505438,0,0,0,547.4020231150619698089749456,0,0,0,0,3.052911328125,3.052911328125,0,0.66925,0.66925,0,1.208333333333333333333333333,0.4166666666666666666666666667,0,0,0,610.0210231150619698089749456,298.0542268849380301910250544,0,293.8,293.8,25,6.2,300,available_before_analytical_shutoff,,no,0,222.2681038970385610743749999,2.744527948093004457878597482,5.782769901932487669463714308,0,no,no,PASS,SRC-001;SRC-002;SRC-003,P6M-BASE-P-0021:P6M-BASE-P-0021
Base,BASE,P022,monthly,2027-11-01,2027-11-30,FY2028,Q1,30,133.3379991500254164375,22.90967547594190519832374179,10.67447416006606073992207474,-7.50586264815323074209975,-0.7921528779782074994555811859,0.0005084072120068605611531333333,-4.6668299702508895753125,0,5.215999719048970525715146689,29.25422688493803019102505438,29.27903386076536976536939657,547.4020231150619698089749456,0,0,0,0,0,0,0,547.4020231150619698089749456,0,0,0,0,2.997026076554964284704137827,2.997026076554964284704137827,0,0.5691666666666666666666666667,0.5691666666666666666666666667,0,1.208333333333333333333333333,0.4166666666666666666666666667,0,0,0,610.0210231150619698089749456,298.0790338607653697653693966,0,293.8,293.8,25,6.2,300,available_before_analytical_shutoff,,no,0,222.2678370285128462799866421,2.744531243343172374313924959,5.831128349245143397056896194,0,no,no,PASS,SRC-001;SRC-002;SRC-003,P6M-BASE-P-0022:P6M-BASE-P-0022
Base,BASE,P023,monthly,2027-12-01,2027-12-31,FY2028,Q1,31,133.3379991500254164375,22.90967547594190519832374179,10.67447416006606073992207474,-7.50586264815323074209975,-0.7921528779782074994555811859,0.0005084072120068605611531333333,-4.6668299702508895753125,0,5.215999719048970525715146689,29.27903386076536976536939657,29.30384083659270933971373876,547.4020231150619698089749456,0,0,0,0,0,0,0,547.4020231150619698089749456,0,0,0,0,2.997026076554964284704137827,2.997026076554964284704137827,0,0.5691666666666666666666666667,0.5691666666666666666666666667,0,1.208333333333333333333333333,0.4166666666666666666666666667,0,0,0,610.0210231150619698089749456,298.1038408365927093397137388,0,293.8,293.8,25,6.2,300,available_before_analytical_shutoff,,no,0,222.2675701599871314855982843,2.744534538601253262970438827,5.880639015065919429517321473,0,no,no,PASS,SRC-001;SRC-002;SRC-003,P6M-BASE-P-0023:P6M-BASE-P-0023
Base,BASE,P024,monthly,2028-01-01,2028-01-31,FY2028,Q1,31,133.3379991500254164375,22.90967547594190519832374179,10.67447416006606073992207474,-7.50586264815323074209975,-0.7921528779782074994555811859,0.0005084072120068605611531333333,-4.6668299702508895753125,0,5.215999719048970525715146689,29.30384083659270933971373876,25,547.4020231150619698089749456,11.90625,11.90625,0,0,0,0,0,535.4957731150619698089749456,0,7.56571998666729287389533525,0,7.56571998666729287389533525,2.985143875642306072657554031,2.985143875642306072657554031,0,0.5691666666666666666666666667,0.5691666666666666666666666667,0,1.208333333333333333333333333,0.4166666666666666666666666667,0,0,0,605.6804931017292626828702808,286.2342800133327071261046648,7.56571998666729287389533525,286.2342800133327071261046648,286.2342800133327071261046648,25,6.2,300,available_before_analytical_shutoff,,no,0,222.2673032914614166912099265,2.725009410437189492599225438,5.933223288244630079441421771,0,no,no,PASS,SRC-001;SRC-002;SRC-003,P6M-BASE-P-0024:P6M-BASE-P-0024
Base,BASE,P025,quarterly,2028-02-01,2028-04-30,FY2028,Q2,90,452.44406499838918003125,28.8693217195837322875299713,63.18481683412258486027882335,-25.468981306889323722319125,-9.428958881808315284489924586,0.0016573681438488517876679,-15.83554227494362130109375,0,37.92197304551449712648281665,25,28.08347311487650658300719161,535.4957731150619698089749456,11.90625,11.90625,0,0,0,0,0,523.5895231150619698089749456,7.56571998666729287389533525,0,7.56571998666729287389533525,0,8.784029943970697669580289779,8.784029943970697669580289779,0,1.7075,1.7075,0,3.624999999999999999999999999,1.25,0,0,0,586.2085231150619698089749456,293.7280234765015141730448792,0.07197652349848582695512085,293.8,293.8,25,6.2,300,available_before_analytical_shutoff,,no,0,222.2657236315490658178165846,2.637422061922703800956262406,6.096850137243124700682331739,0,no,no,PASS,SRC-001;SRC-002;SRC-003,P6M-BASE-P-0025:P6M-BASE-P-0027
Base,BASE,P026,quarterly,2028-05-01,2028-07-31,FY2028,Q3,92,495.235855453629136359375,27.69017358369192354329321421,63.32122089112719329755030611,-27.8778167751956913439419375,-8.860851028982875488402092154,0.0018287964664970361947712,-17.333254940877019772578125,0,37.12894371773379507276486015,28.08347311487650658300719161,38.15630227482040880165963826,523.5895231150619698089749456,11.90625,11.90625,0,0,0,0,0,511.6832731150619698089749456,0,0,0,0,8.567364557789892854112413481,8.567364557789892854112413481,0,1.7075,1.7075,0,3.624999999999999999999999999,1.25,0,0,0,574.3022731150619698089749456,304.1989683817328073225580072,0,293.8,293.8,25,6.2,300,available_before_analytical_shutoff,,no,0,222.2641405614500351622177562,2.583872826558285472785338135,6.250867743685758182273646656,0,no,no,PASS,SRC-001;SRC-002;SRC-003,P6M-BASE-P-0028:P6M-BASE-P-0030
Base,BASE,P027,quarterly,2028-08-01,2028-10-31,FY2028,Q4,92,489.80926246845359615625,27.91591743027939068561819552,63.73308698899317473275278684,-27.572343002874189834827625,-9.04018599652974622448129046,0.0018059784151920086670461,-17.14332418639587586546875,0,37.55138278448274465146979249,38.15630227482040880165963826,36.92356532888163029950850863,511.6832731150619698089749456,11.90625,11.90625,0,11.92356532888163029950850862,0,0,0,487.853457786180339509466437,0,0,0,0,8.371804401539892854112413481,8.371804401539892854112413481,0,1.7075,1.7075,0,3.624999999999999999999999999,1.25,0,0,0,550.472457786180339509466437,305.7235653288816302995085086,0,293.8,293.8,25,6.2,300,available_before_analytical_shutoff,,no,0,222.2625471944411351103481406,2.47667663641329784196158705,6.404818676913543165599657855,0,no,no,PASS,SRC-001;SRC-002;SRC-003,P6M-BASE-P-0031:P6M-BASE-P-0033
Base,BASE,P028,quarterly,2028-11-01,2029-01-31,FY2029,Q1,92,400.0039971001399974062671875,22.90967547594190519832374179,32.02262189463617726521073007,-22.51702500476108073399359252,-2.37639922246877413280428439,0.0015251835054796811689173,-14.00013989850489990921935156,0,15.64760795716798290435601143,36.92356532888163029950850863,26.18502360128660112742153384,487.853457786180339509466437,11.90625,11.90625,0,0,0,0,0,475.947207786180339509466437,0,0,0,0,7.980399684763012076442986226,7.980399684763012076442986226,0,1.6245,1.6245,0,3.624999999999999999999999999,1.25,0,0,0,538.566207786180339509466437,294.9850236012866011274215338,0,293.8,293.8,25,6.2,300,available_before_analytical_shutoff,,no,0,222.2617466088791301557926465,2.423116960085407556309374778,6.594599862330297316972944091,0,no,no,PASS,SRC-001;SRC-002;SRC-003,P6M-BASE-P-0034:P6M-BASE-P-0036
Base,BASE,P029,quarterly,2029-02-01,2029-04-30,FY2029,Q2,89,452.4327538967642203017492189,28.8693217195837322875299713,63.18323721370173179565731637,-25.46834458235665148922606702,-9.428723157836270076607812339,0.0016573267096452555663732,-15.83514638638674771056122266,0,37.92102499618835926405465458,26.18502360128660112742153384,37.9154590689619483150332022,475.947207786180339509466437,11.90625,11.90625,0,0,0,0,0,464.040957786180339509466437,0,0,0,0,7.784839528513012076442986226,7.784839528513012076442986226,0,1.6245,1.6245,0,3.624999999999999999999999999,1.25,0,0,0,526.659957786180339509466437,302.85305430405338352329209,0,293.8,293.8,25,6.2,300,available_before_analytical_shutoff,,no,0,222.2601669884582770911711395,2.369565203348061933656841357,6.796030853560286667512885965,0,no,no,PASS,SRC-001;SRC-002;SRC-003,P6M-BASE-P-0037:P6M-BASE-P-0039
Base,BASE,P030,quarterly,2029-05-01,2029-07-31,FY2029,Q3,92,495.2234745572427956309660157,27.69017358369192354329321421,63.31963786060491511771786737,-27.87711982977631145165833895,-8.860629507707150916514882104,0.0018287507465853737688665,-17.33282160950349784708381055,0,37.12801549414085172788804121,37.9154590689619483150332022,49.04844519083978796647825719,464.040957786180339509466437,11.90625,11.90625,0,0,0,0,0,452.134707786180339509466437,0,0,0,0,7.589279372263012076442986226,7.589279372263012076442986226,0,1.6245,1.6245,0,3.624999999999999999999999999,1.25,0,0,0,514.753707786180339509466437,314.3843399897962281988482205,0,293.8,293.8,25,6.2,300,available_before_analytical_shutoff,,no,0,222.2585839579359989113387007,2.316012720946701888124698586,7.00549458720616603689615033,0,no,no,PASS,SRC-001;SRC-002;SRC-003,P6M-BASE-P-0040:P6M-BASE-P-0042
Base,BASE,P031,quarterly,2029-08-01,2029-10-31,FY2029,Q4,92,489.7970172368918848163460939,27.91591743027939068561819552,63.73149366181844990338446801,-27.57165369429911798008175431,-9.039959991879832980825678429,0.0018059332657316288668295,-17.14289560329121596857211328,0,37.55044399991313258285350583,49.04844519083978796647825719,42.8997099873699542364443884,452.134707786180339509466437,11.90625,11.90625,0,17.8997099873699542364443884,0,0,0,422.3287477988103852730220486,0,0,0,0,7.393719216013012076442986226,7.393719216013012076442986226,0,1.6245,1.6245,0,3.624999999999999999999999999,1.25,0,0,0,484.9477477988103852730220486,311.6997099873699542364443884,0,293.8,293.8,25,6.2,300,available_before_analytical_shutoff,,no,0,222.2569906307612740819703819,2.181923486062407068749216036,7.228283847197988965185121189,0,no,no,PASS,SRC-001;SRC-002;SRC-003,P6M-BASE-P-0043:P6M-BASE-P-0045
Base,BASE,P032,quarterly,2029-11-01,2030-01-31,FY2030,Q1,92,399.9939970002124939063320309,22.90967547594190519832374179,32.0218213290888113607790998,-22.51646207913596170697524268,-2.376339812488212413450964282,0.0015251453758920441768882,-13.99978989500743728672162108,0,15.64721676696905370478340265,42.8997099873699542364443884,33.32502043111854736311840388,422.3287477988103852730220486,11.90625,11.90625,0,0,0,0,0,410.4224977988103852730220486,0,0,0,0,6.904156323220460578109387148,6.904156323220460578109387148,0,1.5365,1.5365,0,3.624999999999999999999999999,1.25,0,0,0,473.0414977988103852730220486,302.1250204311185473631184039,0,293.8,293.8,25,6.2,300,available_before_analytical_shutoff,,no,0,222.2561900652139081775387517,2.128361408786912165603915641,7.49043649608956899442268267,0,no,no,PASS,SRC-001;SRC-002;SRC-003,P6M-BASE-P-0046:P6M-BASE-P-0048
Base,BASE,P033,quarterly,2030-02-01,2030-04-30,FY2030,Q2,89,452.4214430779168011962416752,28.8693217195837322875299713,63.181657632771389252362425,-25.46770787374209257293883637,-9.428487439757324169855897156,0.001657285276477514434984,-15.83475050772708804186845863,0,37.92007697056345455507305322,33.32502043111854736311840388,46.21875123471154134008206993,410.4224977988103852730220486,11.90625,11.90625,0,0,0,0,0,398.5162477988103852730220486,0,0,0,0,6.708596166970460578109387148,6.708596166970460578109387148,0,1.5365,1.5365,0,3.624999999999999999999999999,1.25,0,0,0,461.1352477988103852730220486,310.3808162458578786887729592,0,293.8,293.8,25,6.2,300,available_before_analytical_shutoff,,no,0,222.2546104842835656342438602,2.074806217940837456863248961,7.772294907534176185774114574,0,no,no,PASS,SRC-001;SRC-002;SRC-003,P6M-BASE-P-0049:P6M-BASE-P-0051
Base,BASE,P034,quarterly,2030-05-01,2030-07-31,FY2030,Q3,92,495.2110939703788645610752413,27.69017358369192354329321421,63.31805486965839999483992445,-27.87642290178056704387204749,-8.86040799196945823774196924,0.0018287050278167091345221,-17.33238828896326025963763345,0,37.12708729375349820659484387,46.21875123471154134008206993,58.51505251774457896856752663,398.5162477988103852730220486,11.90625,11.90625,0,0,0,0,0,386.6099977988103852730220486,0,0,0,0,6.513036010720460578109387148,6.513036010720460578109387148,0,1.5365,1.5365,0,3.624999999999999999999999999,1.25,0,0,0,449.2289977988103852730220486,323.0754038759308872162438888,0,293.8,293.8,25,6.2,300,available_before_analytical_shutoff,,no,0,222.2530274933370505113659174,2.021250296859411167773104688,8.076199246712988036691587232,0,no,no,PASS,SRC-001;SRC-002;SRC-003,P6M-BASE-P-0052:P6M-BASE-P-0054
Base,BASE,P035,quarterly,2030-08-01,2030-10-31,FY2030,Q4,92,489.7847723114609625192256851,27.91591743027939068561819552,63.72990037447690444213688346,-27.57096440295676050213225227,-9.039733992880035985001157798,0.0018058881173999855761078,-17.14246703090113368817289898,0,37.54950523881313475453893449,58.51505251774457896856752663,48.21466595104362657249853697,386.6099977988103852730220486,11.90625,11.90625,0,23.21466595104362657249853698,0,0,0,351.4890818477667587005235116,0,0,0,0,6.317475854470460578109387148,6.317475854470460578109387148,0,1.5365,1.5365,0,3.624999999999999999999999999,1.25,0,0,0,414.1080818477667587005235116,317.014665951043626572498537,0,293.8,293.8,25,6.2,300,available_before_analytical_shutoff,,no,0,222.2514342059955050501183328,1.86324143791102557146035377,8.404841067239944442227445196,0,no,no,PASS,SRC-001;SRC-002;SRC-003,P6M-BASE-P-0055:P6M-BASE-P-0057
Base,BASE,P036,quarterly,2030-11-01,2031-01-31,FY2031,Q1,92,399.9839971502874885939843726,22.90967547594190519832374179,32.02102078355558414049508032,-22.5158991675839833079325683,-2.376280403992900208140628008,0.0015251072472576468757836,-13.99943990026006210078945304,0,15.64682558654987947844078288,48.21466595104362657249853697,25,351.4890818477667587005235116,11.90625,11.90625,0,0,339.5828318477667587005235116,14.80312672761893703928322116,324.7797051201478216612402904,324.7797051201478216612402904,0,0,0,0,5.740614809974569011656098678,5.740614809974569011656098678,0,1.5365,1.5365,0,3.624999999999999999999999999,1.25,0,0,0,387.3987051201478216612402904,0,0,0,0,25,6.2,300,available_before_analytical_shutoff,,no,0,222.250633660462277829834313,1.74307131880661490859452398,8.791656263335984148619116133,324.7797051201478216612402904,yes,no,MATURITY_SHORTFALL,SRC-001;SRC-002;SRC-003,P6M-BASE-P-0058:P6M-BASE-P-0060
Moderate unmitigated,MODERATE_UNMITIGATED,P001,monthly,2026-02-01,2026-02-28,FY2026,Q2,28,84.61127066535,28.8693217195837322875299713,10.12392613486623731312952312,-8.4900849345702,-1.34024712164308877828238078,-14.68587377063740488468344816,-2.96139447328725,-0.44,-9.30358923070150634983630582,25,25,635,0,0,0,0,0,0,0,635,29.89771875,15.86895567082781015736170259,0,45.76667442082781015736170259,4.244449773459637140858730105,4.244449773459637140858730105,0,0.6959166666666666666666666667,0.6959166666666666666666666667,0,1.208333333333333333333333333,0.4166666666666666666666666667,0,0,0,743.3856744208278101573617026,248.0333255791721898426382974,45.76667442082781015736170259,248.0333255791721898426382974,248.0333255791721898426382974,25,6.2,300,available_before_analytical_shutoff,,no,0,,,,0,no,no,PASS,SRC-001;SRC-002;SRC-003,P6M-MODERATE_UNMITIGATED-P-0001:P6M-MODERATE_UNMITIGATED-P-0001
Moderate unmitigated,MODERATE_UNMITIGATED,P002,monthly,2026-03-01,2026-03-31,FY2026,Q2,31,126.916905998025,28.8693217195837322875299713,15.18588920229935596969428468,-8.4900849345702,-2.01037068246463316742357117,-22.02881065595610732702517224,-4.442091709930875,-0.66,-13.95538384605225952475445873,25,25,635,0,0,0,0,0,0,0,635,45.76667442082781015736170259,20.63589266196156514096089432,0,66.40256708278937529832259691,4.35959214924263894953976892,4.35959214924263894953976892,0,0.6959166666666666666666666667,0.6959166666666666666666666667,0,1.208333333333333333333333333,0.4166666666666666666666666667,0,0,0,764.0215670827893752983225969,227.3974329172106247016774031,66.40256708278937529832259691,227.3974329172106247016774031,227.3974329172106247016774031,25,6.2,300,available_before_analytical_shutoff,,no,0,,,,0,no,no,PASS,SRC-001;SRC-002;SRC-003,P6M-MODERATE_UNMITIGATED-P-0002:P6M-MODERATE_UNMITIGATED-P-0002
Moderate unmitigated,MODERATE_UNMITIGATED,P003,monthly,2026-04-01,2026-04-30,FY2026,Q2,30,211.528176663375,28.8693217195837322875299713,25.3098153371655932828238078,-8.4900849345702,-3.35061780410772194570595195,-36.7146844265935122117086204,-7.403486183218125,-1.1,-23.25897307675376587459076455,25,25,635,11.90625,11.90625,0,0,0,0,0,623.09375,66.40256708278937529832259691,42.00575980795357451707876302,0,108.4083268907429498154013599,4.519620064533141975821331798,4.519620064533141975821331798,0,0.6959166666666666666666666667,0.6959166666666666666666666667,0,1.208333333333333333333333333,0.4166666666666666666666666667,0,0,0,794.1210768907429498154013599,185.3916731092570501845986401,108.4083268907429498154013599,185.3916731092570501845986401,185.3916731092570501845986401,25,6.2,300,available_before_analytical_shutoff,,no,0,,,,0,no,no,PASS,SRC-001;SRC-002;SRC-003,P6M-MODERATE_UNMITIGATED-P-0003:P6M-MODERATE_UNMITIGATED-P-0003
Moderate unmitigated,MODERATE_UNMITIGATED,P004,monthly,2026-05-01,2026-05-31,FY2026,Q3,31,92.613735598725,27.69017358369192354329321421,9.98938567028436035074765692,-9.2930702394357,-1.19399331649023316268691423,0.95451854317287631526637478,-3.241480745955375,-0.3,6.20843015101162850332711747,25,25,623.09375,0,0,0,0,0,0,0,623.09375,108.4083268907429498154013599,0.7293459293259970422475034,0,109.1376728200689468576488633,4.616859413670958878907954199,4.616859413670958878907954199,0,0.6959166666666666666666666667,0.6959166666666666666666666667,0,1.208333333333333333333333333,0.4166666666666666666666666667,0,0,0,794.8504228200689468576488633,184.6623271799310531423511367,109.1376728200689468576488633,184.6623271799310531423511367,184.6623271799310531423511367,25,6.2,300,available_before_analytical_shutoff,,no,0,,,,0,no,no,PASS,SRC-001;SRC-002;SRC-003,P6M-MODERATE_UNMITIGATED-P-0004:P6M-MODERATE_UNMITIGATED-P-0004
Moderate unmitigated,MODERATE_UNMITIGATED,P005,monthly,2026-06-01,2026-06-30,FY2026,Q3,30,138.9206033980875,27.69017358369192354329321421,14.98407850542654052612148538,-9.2930702394357,-1.790989974735349744030371345,1.43177781475931447289956217,-4.8622211189330625,-0.45,9.312645226517442754990676205,25,25,623.09375,0,0,0,0,0,0,0,623.09375,109.1376728200689468576488633,0,2.38007582338636494194048125,106.757596996682581915708382,4.611652736464411146383528281,4.611652736464411146383528281,0,0.6959166666666666666666666667,0.6959166666666666666666666667,0,1.208333333333333333333333333,0.4166666666666666666666666667,0,0,0,792.470346996682581915708382,187.042403003317418084291618,106.757596996682581915708382,187.042403003317418084291618,187.042403003317418084291618,25,6.2,300,available_before_analytical_shutoff,,no,0,,,,0,no,no,PASS,SRC-001;SRC-002;SRC-003,P6M-MODERATE_UNMITIGATED-P-0005:P6M-MODERATE_UNMITIGATED-P-0005
Moderate unmitigated,MODERATE_UNMITIGATED,P006,monthly,2026-07-01,2026-07-31,FY2026,Q3,31,231.5343389968125,27.69017358369192354329321421,24.9734641757109008768691423,-9.2930702394357,-2.984983291225582906717285575,2.38629635793219078816593695,-8.1037018648884375,-0.75,15.52107537752907125831779368,25,25,623.09375,11.90625,11.90625,0,0,0,0,0,611.1875,106.757596996682581915708382,3.28303782136052096381779556,0,110.0406348180431028795261776,4.576946532222925555468922566,4.576946532222925555468922566,0,0.6959166666666666666666666667,0.6959166666666666666666666667,0,1.208333333333333333333333333,0.4166666666666666666666666667,0,0,0,783.8471348180431028795261776,183.7593651819568971204738224,110.0406348180431028795261776,183.7593651819568971204738224,183.7593651819568971204738224,25,6.2,300,available_before_analytical_shutoff,,no,0,,,,0,no,no,PASS,SRC-001;SRC-002;SRC-003,P6M-MODERATE_UNMITIGATED-P-0006:P6M-MODERATE_UNMITIGATED-P-0006
Moderate unmitigated,MODERATE_UNMITIGATED,P007,monthly,2026-08-01,2026-08-31,FY2026,Q4,31,91.59891196995,27.91591743027939068561819552,10.08670495425322929045665066,-9.1912405572414,-1.232604750410200972614162665,0.94214783681336861108942304,-3.20596191894825,0,6.590286121708146928931911036,25,25,611.1875,0,0,0,0,0,0,0,611.1875,110.0406348180431028795261776,0.28126518604323214104776885,0,110.3219000040863350205739464,4.550634641084712403313013219,4.550634641084712403313013219,0,0.6959166666666666666666666667,0.6959166666666666666666666667,0,1.208333333333333333333333333,0.4166666666666666666666666667,0,0,0,784.1284000040863350205739464,183.4780999959136649794260536,110.3219000040863350205739464,183.4780999959136649794260536,183.4780999959136649794260536,25,6.2,300,available_before_analytical_shutoff,,no,0,,,,0,no,no,PASS,SRC-001;SRC-002;SRC-003,P6M-MODERATE_UNMITIGATED-P-0007:P6M-MODERATE_UNMITIGATED-P-0007
Moderate unmitigated,MODERATE_UNMITIGATED,P008,monthly,2026-09-01,2026-09-30,FY2026,Q4,30,137.398367954925,27.91591743027939068561819552,15.13005743137984393568497599,-9.1912405572414,-1.848907125615301458921243998,1.41322175522005291663413456,-4.808942878422375,0,9.885429182562220393397866554,25,25,611.1875,0,0,0,0,0,0,0,611.1875,110.3219000040863350205739464,0,3.02252426281446241216333551,107.2993757412718726084106109,4.541988253081091314567864372,4.541988253081091314567864372,0,0.6959166666666666666666666667,0.6959166666666666666666666667,0,1.208333333333333333333333333,0.4166666666666666666666666667,0,0,0,781.1058757412718726084106109,186.5006242587281273915893891,107.2993757412718726084106109,186.5006242587281273915893891,186.5006242587281273915893891,25,6.2,300,available_before_analytical_shutoff,,no,0,,,,0,no,no,PASS,SRC-001;SRC-002;SRC-003,P6M-MODERATE_UNMITIGATED-P-0008:P6M-MODERATE_UNMITIGATED-P-0008
Moderate unmitigated,MODERATE_UNMITIGATED,P009,monthly,2026-10-01,2026-10-31,FY2026,Q4,31,228.997279924875,27.91591743027939068561819552,25.21676238563307322614162665,-9.1912405572414,-3.081511876025502431535406662,2.3553695920334215277235576,-8.014904797370625,0,16.47571530427036732232977759,25,25,611.1875,11.90625,11.90625,0,0,0,0,0,599.28125,107.2993757412718726084106109,2.25345956035173086312822391,0,109.5528353016236034715388348,4.502008197955431518791334829,4.502008197955431518791334829,0,0.6959166666666666666666666667,0.6959166666666666666666666667,0,1.208333333333333333333333333,0.4166666666666666666666666667,0,0,0,771.4530853016236034715388348,184.2471646983763965284611652,109.5528353016236034715388348,184.2471646983763965284611652,184.2471646983763965284611652,25,6.2,300,continued_draw_or_waiver_after_warning,,no,0,183.0251075083872455773705936,4.215012332481603705258689681,,0,no,no,BREACHED_ANALYTICAL_THRESHOLD,SRC-001;SRC-002;SRC-003,P6M-MODERATE_UNMITIGATED-P-0009:P6M-MODERATE_UNMITIGATED-P-0009
Moderate unmitigated,MODERATE_UNMITIGATED,P010,monthly,2026-11-01,2026-11-30,FY2027,Q1,30,74.8044876353551425,22.90967547594190519832374179,4.492439964332883224748152636,-7.50605029941071601,-0.070386436590867885784538159,0.8217626151708870363976837,-2.6181570672374299875,0,2.625659075675472387861298176,25,25,599.28125,0,0,0,0,0,0,0,599.28125,109.5528353016236034715388348,4.15325266354390538552769981,0,113.7060879651675088570665346,4.48466173921937777338899799,4.48466173921937777338899799,0,0.66925,0.66925,0,1.208333333333333333333333333,0.4166666666666666666666666667,0,0,0,775.6063379651675088570665346,180.0939120348324911429334654,113.7060879651675088570665346,180.0939120348324911429334654,180.0939120348324911429334654,25,6.2,300,continued_draw_or_waiver_after_warning,,no,0,176.8425395689307585335515996,4.385858401806353625677289282,,0,no,no,BREACHED_ANALYTICAL_THRESHOLD,SRC-001;SRC-002;SRC-003,P6M-MODERATE_UNMITIGATED-P-0010:P6M-MODERATE_UNMITIGATED-P-0010
Moderate unmitigated,MODERATE_UNMITIGATED,P011,monthly,2026-12-01,2026-12-31,FY2027,Q1,31,112.20673145303271375,22.90967547594190519832374179,6.738659946499324837122228954,-7.50605029941071601,-0.1055796548863018286768072385,1.23264392275633055459652555,-3.92723560085614498125,0,3.938488613513208581791947264,25,25,599.28125,0,0,0,0,0,0,0,599.28125,113.7060879651675088570665346,2.86255214336837334749663544,0,116.56864010853588220456317,4.5067907568815819292885827,4.5067907568815819292885827,0,0.66925,0.66925,0,1.208333333333333333333333333,0.4166666666666666666666666667,0,0,0,778.46889010853588220456317,177.23135989146411779543683,116.56864010853588220456317,177.23135989146411779543683,177.23135989146411779543683,25,6.2,300,continued_draw_or_waiver_after_warning,,no,0,172.9061916116407131021066818,4.502261502913851395813655637,,0,no,no,BREACHED_ANALYTICAL_THRESHOLD,SRC-001;SRC-002;SRC-003,P6M-MODERATE_UNMITIGATED-P-0011:P6M-MODERATE_UNMITIGATED-P-0011
Moderate unmitigated,MODERATE_UNMITIGATED,P012,monthly,2027-01-01,2027-01-31,FY2027,Q1,31,187.01121908838785625,22.90967547594190519832374179,11.23109991083220806187038159,-7.50605029941071601,-0.1759660914771697144613453975,2.05440653792721759099420925,-6.54539266809357496875,0,6.56414768918868096965324544,25,25,599.28125,11.90625,11.90625,0,0,0,0,0,587.375,116.56864010853588220456317,12.15295016769158148782581959,0,128.7215902762274636923889896,4.516597856880262457479065033,4.516597856880262457479065033,0,0.66925,0.66925,0,1.208333333333333333333333333,0.4166666666666666666666666667,0,0,0,778.7155902762274636923889896,165.0784097237725363076110104,128.7215902762274636923889896,165.0784097237725363076110104,165.0784097237725363076110104,25,6.2,300,continued_draw_or_waiver_after_warning,,no,0,173.4622836186835508954099168,4.489250193362220496112949436,3.21037383225652856657170589,0,no,no,BREACHED_ANALYTICAL_THRESHOLD,SRC-001;SRC-002;SRC-003,P6M-MODERATE_UNMITIGATED-P-0012:P6M-MODERATE_UNMITIGATED-P-0012
Moderate unmitigated,MODERATE_UNMITIGATED,P013,monthly,2027-02-01,2027-02-28,FY2027,Q2,28,86.0796353568274621875,28.8693217195837322875299713,10.73001740263773459051862942,-8.489872682446835745,-1.471105642282800772264969855,3.48264964411667209515148108,-3.0127872374889611765625,0,9.728774166982644736842640644,25,25,587.375,0,0,0,0,0,0,0,587.375,128.7215902762274636923889896,0,3.07571589979121108488729845,125.6458743764362526075016912,4.358808267191433651955342189,4.358808267191433651955342189,0,0.66925,0.66925,0,1.208333333333333333333333333,0.4166666666666666666666666667,0,0,0,775.6398743764362526075016912,168.1541256235637473924983088,125.6458743764362526075016912,168.1541256235637473924983088,168.1541256235637473924983088,25,6.2,300,continued_draw_or_waiver_after_warning,,no,0,174.068374886455048172799023,4.455949421498229158604842393,3.21478703070520068198674714,0,no,no,BREACHED_ANALYTICAL_THRESHOLD,SRC-001;SRC-002;SRC-003,P6M-MODERATE_UNMITIGATED-P-0013:P6M-MODERATE_UNMITIGATED-P-0013
Moderate unmitigated,MODERATE_UNMITIGATED,P014,monthly,2027-03-01,2027-03-31,FY2027,Q2,31,129.11945303524119328125,28.8693217195837322875299713,16.09502610395660188577794413,-8.489872682446835745,-2.206658463424201158397454782,5.22397446617500814272722162,-4.51918085623344176484375,0,14.59316125047396710526396097,25,25,587.375,0,0,0,0,0,0,0,587.375,125.6458743764362526075016912,0,7.97380401903366047107279473,117.6720703574025921364288965,4.325107231440306634191166242,4.325107231440306634191166242,0,0.66925,0.66925,0,1.208333333333333333333333333,0.4166666666666666666666666667,0,0,0,767.6660703574025921364288965,176.1279296425974078635711035,117.6720703574025921364288965,176.1279296425974078635711035,176.1279296425974078635711035,25,6.2,300,continued_draw_or_waiver_after_warning,,no,0,174.9775117881122940888826823,4.387227035706177283189638588,3.233636910239421507848417364,0,no,no,BREACHED_ANALYTICAL_THRESHOLD,SRC-001;SRC-002;SRC-003,P6M-MODERATE_UNMITIGATED-P-0014:P6M-MODERATE_UNMITIGATED-P-0014
Moderate unmitigated,MODERATE_UNMITIGATED,P015,monthly,2027-04-01,2027-04-30,FY2027,Q2,30,215.19908839206865546875,28.8693217195837322875299713,26.82504350659433647629657355,-8.489872682446835745,-3.677764105707001930662424638,8.7066241102916802378787027,-7.53196809372240294140625,0,24.32193541745661184210660161,25,25,587.375,11.90625,11.90625,0,0,0,0,0,575.46875,117.6720703574025921364288965,0,5.87488073702282979572115923,111.7971896203797623407077373,4.246554680433782046385442377,4.246554680433782046385442377,0,0.66925,0.66925,0,1.208333333333333333333333333,0.4166666666666666666666666667,0,0,0,749.8849396203797623407077373,182.0028103796202376592922627,111.7971896203797623407077373,182.0028103796202376592922627,182.0028103796202376592922627,25,6.2,300,continued_draw_or_waiver_after_warning,,no,0,176.4927399575410372823554482,4.248814652663786766936369992,3.278181568073400324238004522,0,no,no,BREACHED_ANALYTICAL_THRESHOLD,SRC-001;SRC-002;SRC-003,P6M-MODERATE_UNMITIGATED-P-0015:P6M-MODERATE_UNMITIGATED-P-0015
Moderate unmitigated,MODERATE_UNMITIGATED,P016,monthly,2027-05-01,2027-05-31,FY2027,Q3,31,95.8305337936220784375,27.69017358369192354329321421,11.2946572285610535505593576,-9.2928379126797141075,-1.4750412050626198777889019,3.26723358675641941251508474,-3.3540686827767727453125,0,9.73278092747808033997304044,25,25,575.46875,0,0,0,0,0,0,0,575.46875,111.7971896203797623407077373,0,3.39940317506714296167438784,108.3977864453126193790333495,4.039127752410937378298652596,4.039127752410937378298652596,0,0.66925,0.66925,0,1.208333333333333333333333333,0.4166666666666666666666666667,0,0,0,746.4855364453126193790333495,185.4022135546873806209666505,108.3977864453126193790333495,185.4022135546873806209666505,185.4022135546873806209666505,25,6.2,300,continued_draw_or_waiver_after_warning,,no,0,177.7980115158177304821671488,4.19850329079131363568036588,3.338247810367659947296048953,0,no,no,BREACHED_ANALYTICAL_THRESHOLD,SRC-001;SRC-002;SRC-003,P6M-MODERATE_UNMITIGATED-P-0016:P6M-MODERATE_UNMITIGATED-P-0016
Moderate unmitigated,MODERATE_UNMITIGATED,P017,monthly,2027-06-01,2027-06-30,FY2027,Q3,30,143.74580069043311765625,27.69017358369192354329321421,16.9419858428415803258390364,-9.2928379126797141075,-2.21256180759392981668335285,4.90085038013462911877262711,-5.03110302416515911796875,0,14.59917139121712050995956066,25,25,575.46875,0,0,0,0,0,0,0,575.46875,108.3977864453126193790333495,0,8.30025889331487448578054252,100.097527551997744893252807,4.004662497902246024179018137,4.004662497902246024179018137,0,0.66925,0.66925,0,1.208333333333333333333333333,0.4166666666666666666666666667,0,0,0,738.185277551997744893252807,193.702472448002255106747193,100.097527551997744893252807,193.702472448002255106747193,193.702472448002255106747193,25,6.2,300,continued_draw_or_waiver_after_warning,,no,0,179.7559188532327702818846998,4.106597892638582550163857719,3.413915368695649434300607459,0,no,no,BREACHED_ANALYTICAL_THRESHOLD,SRC-001;SRC-002;SRC-003,P6M-MODERATE_UNMITIGATED-P-0017:P6M-MODERATE_UNMITIGATED-P-0017
Moderate unmitigated,MODERATE_UNMITIGATED,P018,monthly,2027-07-01,2027-07-31,FY2027,Q3,31,239.57633448405519609375,27.69017358369192354329321421,28.236643071402633876398394,-9.2928379126797141075,-3.68760301265654969447225475,8.16808396689104853128771185,-8.38517170694193186328125,0,24.3319523186952008499326011,25,25,575.46875,11.90625,11.90625,0,0,0,0,0,563.5625,100.097527551997744893252807,0,6.20459252371776032998825205,93.89293502827998456326455495,3.926859794977440519944349053,3.926859794977440519944349053,0,0.66925,0.66925,0,1.208333333333333333333333333,0.4166666666666666666666666667,0,0,0,720.074435028279984563264555,199.907064971720015436735445,93.89293502827998456326455495,199.907064971720015436735445,199.907064971720015436735445,25,6.2,300,continued_draw_or_waiver_after_warning,,no,0,183.0190977489245032814139516,3.934422384794602359619831777,3.519340738052427494867174009,0,no,no,BREACHED_ANALYTICAL_THRESHOLD,SRC-001;SRC-002;SRC-003,P6M-MODERATE_UNMITIGATED-P-0018:P6M-MODERATE_UNMITIGATED-P-0018
Moderate unmitigated,MODERATE_UNMITIGATED,P019,monthly,2027-08-01,2027-08-31,FY2027,Q4,31,96.3723817002107503125,27.91591743027939068561819552,12.05793645154235446231195768,-9.191010776227468965,-1.65823558521852272643017692,3.12489942847702205566549618,-3.3730333595073762609375,0,10.15156693529347753060977694,25,25,563.5625,0,0,0,0,0,0,0,563.5625,93.89293502827998456326455495,0,4.13252179565129849511798858,89.76041323262868606814656637,3.724795139642179035491788358,3.724795139642179035491788358,0,0.66925,0.66925,0,1.208333333333333333333333333,0.4166666666666666666666666667,0,0,0,715.9419132326286860681465664,204.0395867673713139318534336,89.76041323262868606814656637,204.0395867673713139318534336,204.0395867673713139318534336,25,6.2,300,continued_draw_or_waiver_after_warning,,no,0,184.9903292462136284532692586,3.87015859774887418588665628,3.614648208127057522626588576,0,no,no,BREACHED_ANALYTICAL_THRESHOLD,SRC-001;SRC-002;SRC-003,P6M-MODERATE_UNMITIGATED-P-0019:P6M-MODERATE_UNMITIGATED-P-0019
Moderate unmitigated,MODERATE_UNMITIGATED,P020,monthly,2027-09-01,2027-09-30,FY2027,Q4,30,144.55857255031612546875,27.91591743027939068561819552,18.08690467731353169346793652,-9.191010776227468965,-2.48735337782778408964526538,4.68734914271553308349824427,-5.05955003926106439140625,0,15.22735040294021629591466541,25,25,563.5625,0,0,0,0,0,0,0,563.5625,89.76041323262868606814656637,0,9.24632348196097392772249077,80.5140897506677121404240756,3.686776920979242368192174638,3.686776920979242368192174638,0,0.66925,0.66925,0,1.208333333333333333333333333,0.4166666666666666666666666667,0,0,0,706.6955897506677121404240756,213.2859102493322878595759244,80.5140897506677121404240756,213.2859102493322878595759244,213.2859102493322878595759244,25,6.2,300,continued_draw_or_waiver_after_warning,,no,0,187.9471764921473162110522191,3.76007558581330641451992527,3.73483510678859037106652883,0,no,no,BREACHED_ANALYTICAL_THRESHOLD,SRC-001;SRC-002;SRC-003,P6M-MODERATE_UNMITIGATED-P-0020:P6M-MODERATE_UNMITIGATED-P-0020
Moderate unmitigated,MODERATE_UNMITIGATED,P021,monthly,2027-10-01,2027-10-31,FY2027,Q4,31,240.93095425052687578125,27.91591743027939068561819552,30.1448411288558861557798942,-9.191010776227468965,-4.1455889630463068160754423,7.81224857119255513916374045,-8.43258339876844065234375,0,25.37891733823369382652444235,25,25,563.5625,11.90625,11.90625,0,0,0,0,0,551.65625,80.5140897506677121404240756,0,7.57326968826348174883984798,72.94082006240423039158422762,3.605147649970212077684594373,3.605147649970212077684594373,0,0.66925,0.66925,0,1.208333333333333333333333333,0.4166666666666666666666666667,0,0,0,687.2160700624042303915842276,220.8591799375957696084157724,72.94082006240423039158422762,220.8591799375957696084157724,220.8591799375957696084157724,25,6.2,300,continued_draw_or_waiver_after_warning,,no,0,192.8752552353701291406904867,3.563007961927405287233048284,3.902312211510632767401693045,0,no,no,PASS,SRC-001;SRC-002;SRC-003,P6M-MODERATE_UNMITIGATED-P-0021:P6M-MODERATE_UNMITIGATED-P-0021
Moderate unmitigated,MODERATE_UNMITIGATED,P022,monthly,2027-11-01,2027-11-30,FY2028,Q1,30,133.3379991500254164375,22.90967547594190519832374179,10.67447416006606073992207474,-7.50586264815323074209975,-0.7921528779782074994555811859,5.215422709695344461705308933,-4.6668299702508895753125,0,10.43091402153230812685930249,25,25,551.65625,0,0,0,0,0,0,0,551.65625,72.94082006240423039158422762,0,4.83030134620848347236000741,68.11051871619574691922422021,3.406446008657157987832628412,3.406446008657157987832628412,0,0.5691666666666666666666666667,0.5691666666666666666666666667,0,1.208333333333333333333333333,0.4166666666666666666666666667,0,0,0,682.3857687161957469192242202,225.6894812838042530807757798,68.11051871619574691922422021,225.6894812838042530807757798,225.6894812838042530807757798,25,6.2,300,continued_draw_or_waiver_after_warning,,no,0,199.0572894311033066558644087,3.428087314292399361586549817,4.117205041473349501756695262,0,no,no,BREACHED_ANALYTICAL_THRESHOLD,SRC-001;SRC-002;SRC-003,P6M-MODERATE_UNMITIGATED-P-0022:P6M-MODERATE_UNMITIGATED-P-0022
Moderate unmitigated,MODERATE_UNMITIGATED,P023,monthly,2027-12-01,2027-12-31,FY2028,Q1,31,133.3379991500254164375,22.90967547594190519832374179,10.67447416006606073992207474,-7.50586264815323074209975,-0.7921528779782074994555811859,5.215422709695344461705308933,-4.6668299702508895753125,0,10.43091402153230812685930249,25,25,551.65625,0,0,0,0,0,0,0,551.65625,68.11051871619574691922422021,0,4.85681984045697610230501668,63.25369887573877081691920353,3.379927514408665357887619138,3.379927514408665357887619138,0,0.5691666666666666666666666667,0.5691666666666666666666666667,0,1.208333333333333333333333333,0.4166666666666666666666666667,0,0,0,677.5289488757387708169192035,230.5463011242612291830807965,63.25369887573877081691920353,230.5463011242612291830807965,230.5463011242612291830807965,25,6.2,300,continued_draw_or_waiver_after_warning,,no,0,202.9931036446700425586642545,3.337694417745942671169602411,4.298805928830879809008233535,0,no,no,BREACHED_ANALYTICAL_THRESHOLD,SRC-001;SRC-002;SRC-003,P6M-MODERATE_UNMITIGATED-P-0023:P6M-MODERATE_UNMITIGATED-P-0023
Moderate unmitigated,MODERATE_UNMITIGATED,P024,monthly,2028-01-01,2028-01-31,FY2028,Q1,31,133.3379991500254164375,22.90967547594190519832374179,10.67447416006606073992207474,-7.50586264815323074209975,-0.7921528779782074994555811859,5.215422709695344461705308933,-4.6668299702508895753125,0,10.43091402153230812685930249,25,25,551.65625,11.90625,11.90625,0,0,0,0,0,539.75,63.25369887573877081691920353,7.02276607799145322906793968,0,70.27646495373022404598714321,3.3532634328570946892605755,3.3532634328570946892605755,0,0.5691666666666666666666666667,0.5691666666666666666666666667,0,1.208333333333333333333333333,0.4166666666666666666666666667,0,0,0,672.6454649537302240459871432,223.5235350462697759540128568,70.27646495373022404598714321,223.5235350462697759540128568,223.5235350462697759540128568,25,6.2,300,continued_draw_or_waiver_after_warning,,no,0,202.4364778939038952367159476,3.322748310738052244339464583,4.395301079422132374274223598,0,no,no,BREACHED_ANALYTICAL_THRESHOLD,SRC-001;SRC-002;SRC-003,P6M-MODERATE_UNMITIGATED-P-0024:P6M-MODERATE_UNMITIGATED-P-0024
Moderate unmitigated,MODERATE_UNMITIGATED,P025,quarterly,2028-02-01,2028-04-30,FY2028,Q2,90,452.44406499838918003125,28.8693217195837322875299713,63.18481683412258486027882335,-25.468981306889323722319125,-9.428958881808315284489924586,-2.581229433135867538623284199,-15.83554227494362130109375,0,35.33908624423478073607186455,25,25,539.75,11.90625,11.90625,0,0,0,0,0,527.84375,70.27646495373022404598714321,5.57451736205630314817333371,12.55993924929389310573460892,63.291043066492634088425868,9.864914356997190778510589327,9.864914356997190778510589327,0,1.7075,1.7075,0,3.624999999999999999999999999,1.25,0,0,0,653.753793066492634088425868,229.7863132540692541263663326,64.01368674593074587363366743,230.508956933507365911574132,230.508956933507365911574132,25,6.2,300,continued_draw_or_waiver_after_warning,,no,0,211.9712077148378071444016238,3.084163175340206431681629538,4.930489320903070957383610661,0,no,no,PASS,SRC-001;SRC-002;SRC-003,P6M-MODERATE_UNMITIGATED-P-0025:P6M-MODERATE_UNMITIGATED-P-0027
Moderate unmitigated,MODERATE_UNMITIGATED,P026,quarterly,2028-05-01,2028-07-31,FY2028,Q3,92,495.235855453629136359375,27.69017358369192354329321421,63.32122089112719329755030611,-27.8778167751956913439419375,-8.860851028982875488402092154,-1.8939425246526275919674813,-17.333254940877019772578125,0,35.23317239661467044460260767,25,25,527.84375,11.90625,11.90625,0,0,0,0,0,515.9375,63.291043066492634088425868,5.50545090998539246351238431,12.6969428929690433547513739,56.09955108350898319718687841,9.552930413631019553363618068,9.552930413631019553363618068,0,1.7075,1.7075,0,3.624999999999999999999999999,1.25,0,0,0,634.6560510835089831971868784,236.8400494394071388752825512,56.95995056059286112471744883,237.7004489164910168028131216,237.7004489164910168028131216,25,6.2,300,continued_draw_or_waiver_after_warning,,no,0,218.8191424631597326891551422,2.900368057106152482618440384,5.393060977482271608421187914,0,no,no,PASS,SRC-001;SRC-002;SRC-003,P6M-MODERATE_UNMITIGATED-P-0028:P6M-MODERATE_UNMITIGATED-P-0030
Moderate unmitigated,MODERATE_UNMITIGATED,P027,quarterly,2028-08-01,2028-10-31,FY2028,Q4,92,489.80926246845359615625,27.91591743027939068561819552,63.73308698899317473275278684,-27.572343002874189834827625,-9.04018599652974622448129046,-0.9298862289664109053890738,-17.14332418639587586546875,0,36.61969057710114173741367258,25,25,515.9375,11.90625,11.90625,0,0,0,0,0,504.03125,56.09955108350898319718687841,4.93090538619565051879003054,13.83663992179029609979196494,47.19381654791433761618494401,9.225206041506496156411738169,9.225206041506496156411738169,0,1.7075,1.7075,0,3.624999999999999999999999999,1.25,0,0,0,613.844066547914337616184944,244.5998299764932172885098878,49.20017002350678271149011225,246.606183452085662383815056,246.606183452085662383815056,25,6.2,300,continued_draw_or_waiver_after_warning,,no,0,222.2625471944411351103481406,2.76179713719787152135407189,5.730973276625299687440374022,0,no,no,PASS,SRC-001;SRC-002;SRC-003,P6M-MODERATE_UNMITIGATED-P-0031:P6M-MODERATE_UNMITIGATED-P-0033
Moderate unmitigated,MODERATE_UNMITIGATED,P028,quarterly,2028-11-01,2029-01-31,FY2029,Q1,92,400.0039971001399974062671875,22.90967547594190519832374179,32.02262189463617726521073007,-22.51702500476108073399359252,-2.37639922246877413280428439,0.0015251835054796811689173,-14.00013989850489990921935156,0,15.64760795716798290435601143,25,25,504.03125,11.90625,11.90625,0,0,0,0,0,492.125,47.19381654791433761618494401,11.87440489107895340193682767,0.06316953924957526154721292,59.00505189974371575657455876,9.053093308997361044745626178,9.053093308997361044745626178,0,1.6245,1.6245,0,3.624999999999999999999999999,1.25,0,0,0,613.7490518997437157565745588,234.7949481002562842434254412,59.00505189974371575657455876,234.7949481002562842434254412,234.7949481002562842434254412,25,6.2,300,continued_draw_or_waiver_after_warning,,no,0,222.2617466088791301557926465,2.761379595292108025396152036,5.896140090473643419133914345,0,no,no,PASS,SRC-001;SRC-002;SRC-003,P6M-MODERATE_UNMITIGATED-P-0034:P6M-MODERATE_UNMITIGATED-P-0036
Moderate unmitigated,MODERATE_UNMITIGATED,P029,quarterly,2029-02-01,2029-04-30,FY2029,Q2,89,452.4327538967642203017492189,28.8693217195837322875299713,63.18323721370173179565731637,-25.46834458235665148922606702,-9.428723157836270076607812339,0.0016573267096452555663732,-15.83514638638674771056122266,0,37.92102499618835926405465458,25,25,492.125,11.90625,11.90625,0,0,0,0,0,480.21875,59.00505189974371575657455876,4.34705558023800736908042275,14.99479338670407365919832535,48.35731409327764946645665616,8.867537189722292973936751985,8.867537189722292973936751985,0,1.6245,1.6245,0,3.624999999999999999999999999,1.25,0,0,0,591.1950640932776494664566562,242.271820670160273018826817,51.52817932983972698117318299,245.4426859067223505335433438,245.4426859067223505335433438,25,6.2,300,continued_draw_or_waiver_after_warning,,no,0,222.2601669884582770911711395,2.659923602612868326723016423,6.056338821081233911190392221,0,no,no,PASS,SRC-001;SRC-002;SRC-003,P6M-MODERATE_UNMITIGATED-P-0037:P6M-MODERATE_UNMITIGATED-P-0039
Moderate unmitigated,MODERATE_UNMITIGATED,P030,quarterly,2029-05-01,2029-07-31,FY2029,Q3,92,495.2234745572427956309660157,27.69017358369192354329321421,63.31963786060491511771786737,-27.87711982977631145165833895,-8.860629507707150916514882104,0.0018287507465853737688665,-17.33282160950349784708381055,0,37.12801549414085172788804121,25,25,480.21875,11.90625,11.90625,0,0,0,0,0,468.3125,48.35731409327764946645665616,4.48985072344561168061252095,14.71153785044935438582988138,38.13562696627390676123929573,8.50057836713710902267068078,8.50057836713710902267068078,0,1.6245,1.6245,0,3.624999999999999999999999999,1.25,0,0,0,569.0671269662739067612392957,252.7783184145142282598253915,41.02168158548577174017460847,255.6643730337260932387607043,255.6643730337260932387607043,25,6.2,300,continued_draw_or_waiver_after_warning,,no,0,222.2585839579359989113387007,2.560383121463483566375412903,6.235089406200717803243810029,0,no,no,PASS,SRC-001;SRC-002;SRC-003,P6M-MODERATE_UNMITIGATED-P-0040:P6M-MODERATE_UNMITIGATED-P-0042
Moderate unmitigated,MODERATE_UNMITIGATED,P031,quarterly,2029-08-01,2029-10-31,FY2029,Q4,92,489.7970172368918848163460939,27.91591743027939068561819552,63.73149366181844990338446801,-27.57165369429911798008175431,-9.039959991879832980825678429,0.0018059332657316288668295,-17.14289560329121596857211328,0,37.55044399991313258285350583,25,25,468.3125,11.90625,11.90625,0,0,0,0,0,456.40625,38.13562696627390676123929573,4.22427953353102008538539898,15.2383380491346524178978029,27.12156845067027442872689181,8.130635484309500250341101905,8.130635484309500250341101905,0,1.6245,1.6245,0,3.624999999999999999999999999,1.25,0,0,0,546.1468184506702744287268918,263.2626845830886695899431416,30.53731541691133041005685837,266.6784315493297255712731082,266.6784315493297255712731082,25,6.2,300,continued_draw_or_waiver_after_warning,,no,0,222.2569906307612740819703819,2.457276222901766074038333173,6.43256517302792765742085601,0,no,no,PASS,SRC-001;SRC-002;SRC-003,P6M-MODERATE_UNMITIGATED-P-0043:P6M-MODERATE_UNMITIGATED-P-0045
Moderate unmitigated,MODERATE_UNMITIGATED,P032,quarterly,2029-11-01,2030-01-31,FY2030,Q1,92,399.9939970002124939063320309,22.90967547594190519832374179,32.0218213290888113607790998,-22.51646207913596170697524268,-2.376339812488212413450964282,0.0015251453758920441768882,-13.99978989500743728672162108,0,15.64721676696905370478340265,25,25,456.40625,11.90625,11.90625,0,0,0,0,0,444.5,27.12156845067027442872689181,11.46904747840616703655180958,0.86725663018812868759923068,37.72335929888831277767947071,7.931257615187092053735981539,7.931257615187092053735981539,0,1.5365,1.5365,0,3.624999999999999999999999999,1.25,0,0,0,544.8423592988883127776794707,256.0766407011116872223205293,37.72335929888831277767947071,256.0766407011116872223205293,256.0766407011116872223205293,25,6.2,300,continued_draw_or_waiver_after_warning,,no,0,222.2561900652139081775387517,2.4514159049474478125782618,6.648403604973542020177626453,0,no,no,PASS,SRC-001;SRC-002;SRC-003,P6M-MODERATE_UNMITIGATED-P-0046:P6M-MODERATE_UNMITIGATED-P-0048
Moderate unmitigated,MODERATE_UNMITIGATED,P033,quarterly,2030-02-01,2030-04-30,FY2030,Q2,89,452.4214430779168011962416752,28.8693217195837322875299713,63.181657632771389252362425,-25.46770787374209257293883637,-9.428487439757324169855897156,0.001657285276477514434984,-15.83475050772708804186845863,0,37.92007697056345455507305322,25,25,444.5,11.90625,11.90625,0,0,0,0,0,432.59375,37.72335929888831277767947071,3.93517334631570587580216198,15.81182343704573180696865098,25.84670920815828684651298171,7.725676879833428623906564214,7.725676879833428623906564214,0,1.5365,1.5365,0,3.624999999999999999999999999,1.25,0,0,0,521.0594592081582868465129817,263.9609099863051000984692025,29.83909001369489990153079752,267.9532907918417131534870183,267.9532907918417131534870183,25,6.2,300,continued_draw_or_waiver_after_warning,,no,0,222.2546104842835656342438602,2.344425872978703864523716244,6.883473406383862290050610276,0,no,no,PASS,SRC-001;SRC-002;SRC-003,P6M-MODERATE_UNMITIGATED-P-0049:P6M-MODERATE_UNMITIGATED-P-0051
Moderate unmitigated,MODERATE_UNMITIGATED,P034,quarterly,2030-05-01,2030-07-31,FY2030,Q3,92,495.2110939703788645610752413,27.69017358369192354329321421,63.31805486965839999483992445,-27.87642290178056704387204749,-8.86040799196945823774196924,0.0018287050278167091345221,-17.33238828896326025963763345,0,37.12708729375349820659484387,25,25,432.59375,11.90625,11.90625,0,0,0,0,0,420.6875,25.84670920815828684651298171,4.07114074277813552409114258,15.54211175825193541762686928,14.37573819268448695297725501,7.338366278279698313059117168,7.338366278279698313059117168,0,1.5365,1.5365,0,3.624999999999999999999999999,1.25,0,0,0,497.682238192684486952977255,275.7030734054985767871743307,18.09692659450142321282566932,279.424261807315513047022745,279.424261807315513047022745,25,6.2,300,continued_draw_or_waiver_after_warning,,no,0,222.2530274933370505113659174,2.239259657363293109435483122,7.140444729240884147401643736,0,no,no,PASS,SRC-001;SRC-002;SRC-003,P6M-MODERATE_UNMITIGATED-P-0052:P6M-MODERATE_UNMITIGATED-P-0054
Moderate unmitigated,MODERATE_UNMITIGATED,P035,quarterly,2030-08-01,2030-10-31,FY2030,Q4,92,489.7847723114609625192256851,27.91591743027939068561819552,63.72990037447690444213688346,-27.57096440295676050213225227,-9.039733992880035985001157798,0.0018058881173999855761078,-17.14246703090113368817289898,0,37.54950523881313475453893449,25,25,420.6875,11.90625,11.90625,0,0,0,0,0,408.78125,14.37573819268448695297725501,2.10108850258349751091587444,14.37573819268448695297725501,2.10108850258349751091587444,6.957105548712145312477553906,6.957105548712145312477553906,0,1.5365,1.5365,0,3.624999999999999999999999999,1.25,0,0,0,473.5013385025834975109158744,287.4435785373622171161074087,6.35642146263778288389259129,291.6989114974165024890841256,291.6989114974165024890841256,25,6.2,300,continued_draw_or_waiver_after_warning,,no,0,222.2514342059955050501183328,2.130475963829844289529531056,7.420152885768660147458403876,0,no,no,PASS,SRC-001;SRC-002;SRC-003,P6M-MODERATE_UNMITIGATED-P-0055:P6M-MODERATE_UNMITIGATED-P-0057
Moderate unmitigated,MODERATE_UNMITIGATED,P036,quarterly,2030-11-01,2031-01-31,FY2031,Q1,92,399.9839971502874885939843726,22.90967547594190519832374179,32.02102078355558414049508032,-22.5158991675839833079325683,-2.376280403992900208140628008,0.0015251072472576468757836,-13.99943990026006210078945304,0,15.64682558654987947844078288,25,25,408.78125,11.90625,11.90625,0,0,408.3752156813583357540139436,0,408.3752156813583357540139436,396.875,2.10108850258349751091587444,11.06596273007187540941913745,1.66683555129703716632106824,11.50021568135833575401394365,6.728202765324717721538852087,6.728202765324717721538852087,0,1.5365,1.5365,0,3.624999999999999999999999999,1.25,0,0,0,470.9942156813583357540139436,0,11.50021568135833575401394365,0,0,25,6.2,300,continued_draw_or_waiver_after_warning,,no,0,222.250633660462277829834313,2.11920302733943024195361102,7.730631206612101649131814013,408.3752156813583357540139436,yes,no,MATURITY_SHORTFALL,SRC-001;SRC-002;SRC-003,P6M-MODERATE_UNMITIGATED-P-0058:P6M-MODERATE_UNMITIGATED-P-0060
Moderate mitigated,MODERATE_MITIGATED,P001,monthly,2026-02-01,2026-02-28,FY2026,Q2,28,84.61127066535,28.8693217195837322875299713,10.12392613486623731312952312,-8.4900849345702,-1.34024712164308877828238078,-14.68587377063740488468344816,-2.96139447328725,-0.44,-9.30358923070150634983630582,25,25,635,0,0,0,0,0,0,0,635,29.89771875,15.86895567082781015736170259,0,45.76667442082781015736170259,4.244449773459637140858730105,4.244449773459637140858730105,0,0.6959166666666666666666666667,0.6959166666666666666666666667,0,1.208333333333333333333333333,0.4166666666666666666666666667,0,0,0,743.3856744208278101573617026,248.0333255791721898426382974,45.76667442082781015736170259,248.0333255791721898426382974,248.0333255791721898426382974,25,6.2,300,available_before_analytical_shutoff,,no,0,,,,0,no,no,PASS,SRC-001;SRC-002;SRC-003,P6M-MODERATE_MITIGATED-P-0001:P6M-MODERATE_MITIGATED-P-0001
Moderate mitigated,MODERATE_MITIGATED,P002,monthly,2026-03-01,2026-03-31,FY2026,Q2,31,126.916905998025,28.8693217195837322875299713,15.18588920229935596969428468,-8.4900849345702,-2.01037068246463316742357117,-22.02881065595610732702517224,-4.442091709930875,-0.66,-13.95538384605225952475445873,25,25,635,0,0,0,0,0,0,0,635,45.76667442082781015736170259,20.63589266196156514096089432,0,66.40256708278937529832259691,4.35959214924263894953976892,4.35959214924263894953976892,0,0.6959166666666666666666666667,0.6959166666666666666666666667,0,1.208333333333333333333333333,0.4166666666666666666666666667,0,0,0,764.0215670827893752983225969,227.3974329172106247016774031,66.40256708278937529832259691,227.3974329172106247016774031,227.3974329172106247016774031,25,6.2,300,available_before_analytical_shutoff,,no,0,,,,0,no,no,PASS,SRC-001;SRC-002;SRC-003,P6M-MODERATE_MITIGATED-P-0002:P6M-MODERATE_MITIGATED-P-0002
Moderate mitigated,MODERATE_MITIGATED,P003,monthly,2026-04-01,2026-04-30,FY2026,Q2,30,211.528176663375,28.8693217195837322875299713,25.3098153371655932828238078,-8.4900849345702,-3.35061780410772194570595195,-36.7146844265935122117086204,-7.403486183218125,-1.1,-23.25897307675376587459076455,25,25,635,11.90625,11.90625,0,0,0,0,0,623.09375,66.40256708278937529832259691,42.00575980795357451707876302,0,108.4083268907429498154013599,4.519620064533141975821331798,4.519620064533141975821331798,0,0.6959166666666666666666666667,0.6959166666666666666666666667,0,1.208333333333333333333333333,0.4166666666666666666666666667,0,0,0,794.1210768907429498154013599,185.3916731092570501845986401,108.4083268907429498154013599,185.3916731092570501845986401,185.3916731092570501845986401,25,6.2,300,available_before_analytical_shutoff,,no,0,,,,0,no,no,PASS,SRC-001;SRC-002;SRC-003,P6M-MODERATE_MITIGATED-P-0003:P6M-MODERATE_MITIGATED-P-0003
Moderate mitigated,MODERATE_MITIGATED,P004,monthly,2026-05-01,2026-05-31,FY2026,Q3,31,92.613735598725,27.69017358369192354329321421,9.98938567028436035074765692,-9.2930702394357,-1.19399331649023316268691423,0.95451854317287631526637478,-3.241480745955375,-0.3,6.20843015101162850332711747,25,25,623.09375,0,0,0,0,0,0,0,623.09375,108.4083268907429498154013599,0.31136086811221531948864903,0,108.7196877588551651348900089,4.615541019123843822815766498,4.615541019123843822815766498,0,0.6959166666666666666666666667,0.6959166666666666666666666667,0,1.208333333333333333333333333,0,0,0,0,794.4324377588551651348900089,185.0803122411448348651099911,108.7196877588551651348900089,185.0803122411448348651099911,185.0803122411448348651099911,25,6.2,300,available_before_analytical_shutoff,,no,0,,,,0,no,no,PASS,SRC-001;SRC-002;SRC-003,P6M-MODERATE_MITIGATED-P-0004:P6M-MODERATE_MITIGATED-P-0004
Moderate mitigated,MODERATE_MITIGATED,P005,monthly,2026-06-01,2026-06-30,FY2026,Q3,30,138.9206033980875,27.69017358369192354329321421,14.98407850542654052612148538,-9.2930702394357,-1.790989974735349744030371345,1.43177781475931447289956217,-4.8622211189330625,-0.45,9.312645226517442754990676205,25,25,623.09375,0,0,0,0,0,0,0,623.09375,108.7196877588551651348900089,0,2.80070601688271070194740876,105.9189817419724544329426001,4.607689209634732053043267445,4.607689209634732053043267445,0,0.6959166666666666666666666667,0.6959166666666666666666666667,0,1.208333333333333333333333333,0,0,0,0,791.6317317419724544329426001,187.8810182580275455670573999,105.9189817419724544329426001,187.8810182580275455670573999,187.8810182580275455670573999,25,6.2,300,available_before_analytical_shutoff,,no,0,,,,0,no,no,PASS,SRC-001;SRC-002;SRC-003,P6M-MODERATE_MITIGATED-P-0005:P6M-MODERATE_MITIGATED-P-0005
Moderate mitigated,MODERATE_MITIGATED,P006,monthly,2026-07-01,2026-07-31,FY2026,Q3,31,231.5343389968125,27.69017358369192354329321421,24.9734641757109008768691423,-9.2930702394357,-2.984983291225582906717285575,2.38629635793219078816593695,-8.1037018648884375,-0.75,15.52107537752907125831779368,25,25,623.09375,11.90625,11.90625,0,0,0,0,0,611.1875,105.9189817419724544329426001,2.85974575640731640892246795,0,108.778727498379770841865068,4.570321133936387667240261632,4.570321133936387667240261632,0,0.6959166666666666666666666667,0.6959166666666666666666666667,0,1.208333333333333333333333333,0,0,0,0,782.585227498379770841865068,185.021272501620229158134932,108.778727498379770841865068,185.021272501620229158134932,185.021272501620229158134932,25,6.2,300,available_before_analytical_shutoff,,no,0,,,,0,no,no,PASS,SRC-001;SRC-002;SRC-003,P6M-MODERATE_MITIGATED-P-0006:P6M-MODERATE_MITIGATED-P-0006
Moderate mitigated,MODERATE_MITIGATED,P007,monthly,2026-08-01,2026-08-31,FY2026,Q4,31,91.59891196995,27.91591743027939068561819552,10.08670495425322929045665066,-9.1912405572414,-1.232604750410200972614162665,0.94214783681336861108942304,-3.20596191894825,0,6.590286121708146928931911036,25,25,611.1875,0,0,0,0,0,0,0,611.1875,108.778727498379770841865068,0,0.14470559547153932122953341,108.6340219029082315206355346,4.541330526236607607702377634,4.541330526236607607702377634,0,0.6959166666666666666666666667,0.6959166666666666666666666667,0,1.208333333333333333333333333,0,0,0,0,782.4405219029082315206355346,185.1659780970917684793644654,108.6340219029082315206355346,185.1659780970917684793644654,185.1659780970917684793644654,25,6.2,300,available_before_analytical_shutoff,,no,0,,,,0,no,no,PASS,SRC-001;SRC-002;SRC-003,P6M-MODERATE_MITIGATED-P-0007:P6M-MODERATE_MITIGATED-P-0007
Moderate mitigated,MODERATE_MITIGATED,P008,monthly,2026-09-01,2026-09-30,FY2026,Q4,30,137.398367954925,27.91591743027939068561819552,15.13005743137984393568497599,-9.1912405572414,-1.848907125615301458921243998,1.41322175522005291663413456,-4.808942878422375,0,9.885429182562220393397866554,25,25,611.1875,0,0,0,0,0,0,0,611.1875,108.6340219029082315206355346,0,3.45119071259628103007085172,105.1828311903119504905646829,4.529988469965939363327014828,4.529988469965939363327014828,0,0.6959166666666666666666666667,0.6959166666666666666666666667,0,1.208333333333333333333333333,0,0,0,0,778.9893311903119504905646829,188.6171688096880495094353171,105.1828311903119504905646829,188.6171688096880495094353171,188.6171688096880495094353171,25,6.2,300,available_before_analytical_shutoff,,no,0,,,,0,no,no,PASS,SRC-001;SRC-002;SRC-003,P6M-MODERATE_MITIGATED-P-0008:P6M-MODERATE_MITIGATED-P-0008
Moderate mitigated,MODERATE_MITIGATED,P009,monthly,2026-10-01,2026-10-31,FY2026,Q4,31,228.997279924875,27.91591743027939068561819552,25.21676238563307322614162665,-9.1912405572414,-3.081511876025502431535406662,2.3553695920334215277235576,-8.014904797370625,0,16.47571530427036732232977759,25,25,611.1875,11.90625,11.90625,0,0,0,0,0,599.28125,105.1828311903119504905646829,1.82208038332201169735126854,0,107.0049115736339621879159514,4.487295687592379019681046125,4.487295687592379019681046125,0,0.6959166666666666666666666667,0.6959166666666666666666666667,0,1.208333333333333333333333333,0,0,0,0,768.9051615736339621879159514,186.7950884263660378120840486,107.0049115736339621879159514,186.7950884263660378120840486,186.7950884263660378120840486,25,6.2,300,continued_draw_or_waiver_after_warning,,no,0,183.0251075083872455773705936,4.201091161978409868818035499,,0,no,no,BREACHED_ANALYTICAL_THRESHOLD,SRC-001;SRC-002;SRC-003,P6M-MODERATE_MITIGATED-P-0009:P6M-MODERATE_MITIGATED-P-0009
Moderate mitigated,MODERATE_MITIGATED,P010,monthly,2026-11-01,2026-11-30,FY2027,Q1,30,74.8044876353551425,22.90967547594190519832374179,4.492439964332883224748152636,-7.50605029941071601,-0.070386436590867885784538159,0.8217626151708870363976837,-2.6181570672374299875,0,2.625659075675472387861298176,25,25,599.28125,0,0,0,0,0,0,0,599.28125,107.0049115736339621879159514,3.71914359233118905401881383,0,110.7240551659651512419347652,4.467219334673328108546778685,4.467219334673328108546778685,0,0.66925,0.66925,0,1.208333333333333333333333333,0,0,0,0,772.6243051659651512419347652,183.0759448340348487580652348,110.7240551659651512419347652,183.0759448340348487580652348,183.0759448340348487580652348,25,6.2,300,continued_draw_or_waiver_after_warning,,no,0,176.8425395689307585335515996,4.368995757747569326386685166,,0,no,no,BREACHED_ANALYTICAL_THRESHOLD,SRC-001;SRC-002;SRC-003,P6M-MODERATE_MITIGATED-P-0010:P6M-MODERATE_MITIGATED-P-0010
Moderate mitigated,MODERATE_MITIGATED,P011,monthly,2026-12-01,2026-12-31,FY2027,Q1,31,112.20673145303271375,22.90967547594190519832374179,6.738659946499324837122228954,-7.50605029941071601,-0.1055796548863018286768072385,1.23264392275633055459652555,-3.92723560085614498125,0,3.938488613513208581791947264,25,25,599.28125,0,0,0,0,0,0,0,599.28125,110.7240551659651512419347652,2.42569590240015383579100391,0,113.1497510683653050777257691,4.486601182580029084249617842,4.486601182580029084249617842,0,0.66925,0.66925,0,1.208333333333333333333333333,0,0,0,0,775.0500010683653050777257691,180.6502489316346949222742309,113.1497510683653050777257691,180.6502489316346949222742309,180.6502489316346949222742309,25,6.2,300,continued_draw_or_waiver_after_warning,,no,0,172.9061916116407131021066818,4.482488416662263374007735214,,0,no,no,BREACHED_ANALYTICAL_THRESHOLD,SRC-001;SRC-002;SRC-003,P6M-MODERATE_MITIGATED-P-0011:P6M-MODERATE_MITIGATED-P-0011
Moderate mitigated,MODERATE_MITIGATED,P012,monthly,2027-01-01,2027-01-31,FY2027,Q1,31,187.01121908838785625,22.90967547594190519832374179,11.23109991083220806187038159,-7.50605029941071601,-0.1759660914771697144613453975,2.05440653792721759099420925,-6.54539266809357496875,0,6.56414768918868096965324544,25,25,599.28125,11.90625,11.90625,0,0,0,0,0,587.375,113.1497510683653050777257691,11.71332937207031712396939632,0,124.8630804404356222016951654,4.493643727925664760289308433,4.493643727925664760289308433,0,0.66925,0.66925,0,1.208333333333333333333333333,0,0,0,0,774.8570804404356222016951654,168.9369195595643777983048346,124.8630804404356222016951654,168.9369195595643777983048346,168.9369195595643777983048346,25,6.2,300,continued_draw_or_waiver_after_warning,,no,0,173.4622836186835508954099168,4.46700610804697192532459313,3.21683406720595994209164216,0,no,no,BREACHED_ANALYTICAL_THRESHOLD,SRC-001;SRC-002;SRC-003,P6M-MODERATE_MITIGATED-P-0012:P6M-MODERATE_MITIGATED-P-0012
Moderate mitigated,MODERATE_MITIGATED,P013,monthly,2027-02-01,2027-02-28,FY2027,Q2,28,86.0796353568274621875,28.8693217195837322875299713,10.73001740263773459051862942,-8.489872682446835745,-1.471105642282800772264969855,3.48264964411667209515148108,-3.0127872374889611765625,0,9.728774166982644736842640644,25,25,587.375,0,0,0,0,0,0,0,587.375,124.8630804404356222016951654,0,3.51726620488663283526317568,121.3458142355489893664319897,4.333924628762678568246131632,4.333924628762678568246131632,0,0.66925,0.66925,0,1.208333333333333333333333333,0,0,0,0,771.3398142355489893664319897,172.4541857644510106335680103,121.3458142355489893664319897,172.4541857644510106335680103,172.4541857644510106335680103,25,6.2,300,continued_draw_or_waiver_after_warning,,no,0,174.068374886455048172799023,4.431246139562655300352772198,3.22272647972175541275439517,0,no,no,BREACHED_ANALYTICAL_THRESHOLD,SRC-001;SRC-002;SRC-003,P6M-MODERATE_MITIGATED-P-0013:P6M-MODERATE_MITIGATED-P-0013
Moderate mitigated,MODERATE_MITIGATED,P014,monthly,2027-03-01,2027-03-31,FY2027,Q2,31,129.11945303524119328125,28.8693217195837322875299713,16.09502610395660188577794413,-8.489872682446835745,-2.206658463424201158397454782,5.22397446617500814272722162,-4.51918085623344176484375,0,14.59316125047396710526396097,25,25,587.375,0,0,0,0,0,0,0,587.375,121.3458142355489893664319897,0,8.41805602116612656848326351,112.9277582143828627979487262,4.297521895974507203447364134,4.297521895974507203447364134,0,0.66925,0.66925,0,1.208333333333333333333333333,0,0,0,0,762.9217582143828627979487262,180.8722417856171372020512738,112.9277582143828627979487262,180.8722417856171372020512738,180.8722417856171372020512738,25,6.2,300,continued_draw_or_waiver_after_warning,,no,0,174.9775117881122940888826823,4.360113196364554809125547678,3.243285479226715655325189324,0,no,no,BREACHED_ANALYTICAL_THRESHOLD,SRC-001;SRC-002;SRC-003,P6M-MODERATE_MITIGATED-P-0014:P6M-MODERATE_MITIGATED-P-0014
Moderate mitigated,MODERATE_MITIGATED,P015,monthly,2027-04-01,2027-04-30,FY2027,Q2,30,215.19908839206865546875,28.8693217195837322875299713,26.82504350659433647629657355,-8.489872682446835745,-3.677764105707001930662424638,8.7066241102916802378787027,-7.53196809372240294140625,0,24.32193541745661184210660161,25,25,587.375,11.90625,11.90625,0,0,0,0,0,575.46875,112.9277582143828627979487262,0,6.32185096696311707568168892,106.6059072474197457222670373,4.216251117160161433091579362,4.216251117160161433091579362,0,0.66925,0.66925,0,1.208333333333333333333333333,0,0,0,0,744.6936572474197457222670373,187.1940927525802542777329627,106.6059072474197457222670373,187.1940927525802542777329627,187.1940927525802542777329627,25,6.2,300,continued_draw_or_waiver_after_warning,,no,0,176.4927399575410372823554482,4.219401078064577266955004226,3.289870097092243182187143439,0,no,no,BREACHED_ANALYTICAL_THRESHOLD,SRC-001;SRC-002;SRC-003,P6M-MODERATE_MITIGATED-P-0015:P6M-MODERATE_MITIGATED-P-0015
Moderate mitigated,MODERATE_MITIGATED,P016,monthly,2027-05-01,2027-05-31,FY2027,Q3,31,95.8305337936220784375,27.69017358369192354329321421,11.2946572285610535505593576,-9.2928379126797141075,-1.4750412050626198777889019,3.26723358675641941251508474,-3.3540686827767727453125,0,9.73278092747808033997304044,25,25,575.46875,0,0,0,0,0,0,0,575.46875,106.6059072474197457222670373,0,3.84797656950551621552152135,102.757930677914229506745516,4.007221024639230791118185764,4.007221024639230791118185764,0,0.66925,0.66925,0,1.208333333333333333333333333,0,0,0,0,740.845680677914229506745516,191.042069322085770493254484,102.757930677914229506745516,191.042069322085770493254484,191.042069322085770493254484,25,6.2,300,continued_draw_or_waiver_after_warning,,no,0,177.7980115158177304821671488,4.166782712370240336375863541,3.352212238208319873408704706,0,no,no,BREACHED_ANALYTICAL_THRESHOLD,SRC-001;SRC-002;SRC-003,P6M-MODERATE_MITIGATED-P-0016:P6M-MODERATE_MITIGATED-P-0016
Moderate mitigated,MODERATE_MITIGATED,P017,monthly,2027-06-01,2027-06-30,FY2027,Q3,30,143.74580069043311765625,27.69017358369192354329321421,16.9419858428415803258390364,-9.2928379126797141075,-2.21256180759392981668335285,4.90085038013462911877262711,-5.03110302416515911796875,0,14.59917139121712050995956066,25,25,575.46875,0,0,0,0,0,0,0,575.46875,102.757930677914229506745516,0,8.75148294105165479320351295,94.00644773686257471354200305,3.97010511683213238342271438,3.97010511683213238342271438,0,0.66925,0.66925,0,1.208333333333333333333333333,0,0,0,0,732.094197736862574713542003,199.793552263137425286457997,94.00644773686257471354200305,199.793552263137425286457997,199.793552263137425286457997,25,6.2,300,continued_draw_or_waiver_after_warning,,no,0,179.7559188532327702818846998,4.072712611675409265200174622,3.430363254642688381620396861,0,no,no,BREACHED_ANALYTICAL_THRESHOLD,SRC-001;SRC-002;SRC-003,P6M-MODERATE_MITIGATED-P-0017:P6M-MODERATE_MITIGATED-P-0017
Moderate mitigated,MODERATE_MITIGATED,P018,monthly,2027-07-01,2027-07-31,FY2027,Q3,31,239.57633448405519609375,27.69017358369192354329321421,28.236643071402633876398394,-9.2928379126797141075,-3.68760301265654969447225475,8.16808396689104853128771185,-8.38517170694193186328125,0,24.3319523186952008499326011,25,25,575.46875,11.90625,11.90625,0,0,0,0,0,563.5625,94.00644773686257471354200305,0,6.65848288765894137547550127,87.34796484920363333806650178,3.889636097702926141123766505,3.889636097702926141123766505,0,0.66925,0.66925,0,1.208333333333333333333333333,0,0,0,0,713.5294648492036333380665018,206.4520351507963666619334982,87.34796484920363333806650178,206.4520351507963666619334982,206.4520351507963666619334982,25,6.2,300,continued_draw_or_waiver_after_warning,,no,0,183.0190977489245032814139516,3.898661252434223797947545522,3.538601767099606480189821035,0,no,no,BREACHED_ANALYTICAL_THRESHOLD,SRC-001;SRC-002;SRC-003,P6M-MODERATE_MITIGATED-P-0018:P6M-MODERATE_MITIGATED-P-0018
Moderate mitigated,MODERATE_MITIGATED,P019,monthly,2027-08-01,2027-08-31,FY2027,Q4,31,96.3723817002107503125,27.91591743027939068561819552,12.05793645154235446231195768,-9.191010776227468965,-1.65823558521852272643017692,3.12489942847702205566549618,-3.3730333595073762609375,0,10.15156693529347753060977694,25,25,563.5625,0,0,0,0,0,0,0,563.5625,87.34796484920363333806650178,0,4.58767911488445253822607921,82.76028573431918079984042257,3.686304487075691659050364402,3.686304487075691659050364402,0,0.66925,0.66925,0,1.208333333333333333333333333,0,0,0,0,708.9417857343191807998404226,211.0397142656808192001595774,82.76028573431918079984042257,211.0397142656808192001595774,211.0397142656808192001595774,25,6.2,300,continued_draw_or_waiver_after_warning,,no,0,184.9903292462136284532692586,3.832318092643374010232736095,3.636837452361453124739776499,0,no,no,BREACHED_ANALYTICAL_THRESHOLD,SRC-001;SRC-002;SRC-003,P6M-MODERATE_MITIGATED-P-0019:P6M-MODERATE_MITIGATED-P-0019
Moderate mitigated,MODERATE_MITIGATED,P020,monthly,2027-09-01,2027-09-30,FY2027,Q4,30,144.55857255031612546875,27.91591743027939068561819552,18.08690467731353169346793652,-9.191010776227468965,-2.48735337782778408964526538,4.68734914271553308349824427,-5.05955003926106439140625,0,15.22735040294021629591466541,25,25,563.5625,0,0,0,0,0,0,0,563.5625,82.76028573431918079984042257,0,9.70407498376056220092081698,73.05621075055861859891960559,3.645692085846320761660515099,3.645692085846320761660515099,0,0.66925,0.66925,0,1.208333333333333333333333333,0,0,0,0,699.2377107505586185989196056,220.7437892494413814010803944,73.05621075055861859891960559,220.7437892494413814010803944,220.7437892494413814010803944,25,6.2,300,continued_draw_or_waiver_after_warning,,no,0,187.9471764921473162110522191,3.720394867330043146788569955,3.760341144352108508136588158,0,no,no,BREACHED_ANALYTICAL_THRESHOLD,SRC-001;SRC-002;SRC-003,P6M-MODERATE_MITIGATED-P-0020:P6M-MODERATE_MITIGATED-P-0020
Moderate mitigated,MODERATE_MITIGATED,P021,monthly,2027-10-01,2027-10-31,FY2027,Q4,31,240.93095425052687578125,27.91591743027939068561819552,30.1448411288558861557798942,-9.191010776227468965,-4.1455889630463068160754423,7.81224857119255513916374045,-8.43258339876844065234375,0,25.37891733823369382652444235,25,25,563.5625,11.90625,11.90625,0,0,0,0,0,551.65625,73.05621075055861859891960559,0,8.0336301582495604770432939,65.02258059230905812187631169,3.561453846650800016147815122,3.561453846650800016147815122,0,0.66925,0.66925,0,1.208333333333333333333333333,0,0,0,0,679.2978305923090581218763117,228.7774194076909418781236883,65.02258059230905812187631169,228.7774194076909418781236883,228.7774194076909418781236883,25,6.2,300,continued_draw_or_waiver_after_warning,,no,0,192.8752552353701291406904867,3.521954279533402169814328549,3.931770385345354853839668211,0,no,no,PASS,SRC-001;SRC-002;SRC-003,P6M-MODERATE_MITIGATED-P-0021:P6M-MODERATE_MITIGATED-P-0021
Moderate mitigated,MODERATE_MITIGATED,P022,monthly,2027-11-01,2027-11-30,FY2028,Q1,30,133.3379991500254164375,22.90967547594190519832374179,10.67447416006606073992207474,-7.50586264815323074209975,-0.7921528779782074994555811859,5.215422709695344461705308933,-4.6668299702508895753125,0,10.43091402153230812685930249,25,25,551.65625,0,0,0,0,0,0,0,551.65625,65.02258059230905812187631169,0,5.29158313286482221382693092,59.73099745944423590804938077,3.361830888667485913032371568,3.361830888667485913032371568,0,0.5691666666666666666666666667,0.5691666666666666666666666667,0,1.208333333333333333333333333,0,0,0,0,674.0062474594442359080493808,234.0690025405557640919506192,59.73099745944423590804938077,234.0690025405557640919506192,234.0690025405557640919506192,25,6.2,300,continued_draw_or_waiver_after_warning,,no,0,199.0572894311033066558644087,3.385991286155475553263868007,4.151335075461998904912305417,0,no,no,BREACHED_ANALYTICAL_THRESHOLD,SRC-001;SRC-002;SRC-003,P6M-MODERATE_MITIGATED-P-0022:P6M-MODERATE_MITIGATED-P-0022
Moderate mitigated,MODERATE_MITIGATED,P023,monthly,2027-12-01,2027-12-31,FY2028,Q1,31,133.3379991500254164375,22.90967547594190519832374179,10.67447416006606073992207474,-7.50586264815323074209975,-0.7921528779782074994555811859,5.215422709695344461705308933,-4.6668299702508895753125,0,10.43091402153230812685930249,25,25,551.65625,0,0,0,0,0,0,0,551.65625,59.73099745944423590804938077,0,5.32063407747813159598205957,54.4103633819661043120673212,3.332779944054176530877242918,3.332779944054176530877242918,0,0.5691666666666666666666666667,0.5691666666666666666666666667,0,1.208333333333333333333333333,0,0,0,0,668.6856133819661043120673212,239.3896366180338956879326788,54.4103633819661043120673212,239.3896366180338956879326788,239.3896366180338956879326788,25,6.2,300,continued_draw_or_waiver_after_warning,,no,0,202.9931036446700425586642545,3.294129708723844498279856356,4.337796413169229669918855226,0,no,no,PASS,SRC-001;SRC-002;SRC-003,P6M-MODERATE_MITIGATED-P-0023:P6M-MODERATE_MITIGATED-P-0023
Moderate mitigated,MODERATE_MITIGATED,P024,monthly,2028-01-01,2028-01-31,FY2028,Q1,31,133.3379991500254164375,22.90967547594190519832374179,10.67447416006606073992207474,-7.50586264815323074209975,-0.7921528779782074994555811859,5.215422709695344461705308933,-4.6668299702508895753125,0,10.43091402153230812685930249,25,25,551.65625,11.90625,11.90625,0,0,0,0,0,539.75,54.4103633819661043120673212,6.55640548737965290924156931,0,60.96676886934575722130889051,3.303569508911961036100871802,3.303569508911961036100871802,0,0.5691666666666666666666666667,0.5691666666666666666666666667,0,1.208333333333333333333333333,0,0,0,0,663.3357688693457572213088905,232.8332311306542427786911095,60.96676886934575722130889051,232.8332311306542427786911095,232.8332311306542427786911095,25,6.2,300,continued_draw_or_waiver_after_warning,,no,0,202.4364778939038952367159476,3.276760076891859567045887501,4.438784102871998526489981739,0,no,no,PASS,SRC-001;SRC-002;SRC-003,P6M-MODERATE_MITIGATED-P-0024:P6M-MODERATE_MITIGATED-P-0024
Moderate mitigated,MODERATE_MITIGATED,P025,quarterly,2028-02-01,2028-04-30,FY2028,Q2,90,452.44406499838918003125,28.8693217195837322875299713,63.18481683412258486027882335,-25.468981306889323722319125,-9.428958881808315284489924586,-2.581229433135867538623284199,-15.83554227494362130109375,0,35.33908624423478073607186455,25,25,539.75,11.90625,11.90625,0,0,0,0,0,527.84375,60.96676886934575722130889051,5.10043352592893059292653048,13.50035548625735132527507606,52.56684690901733648896034493,9.700414283906360003723318964,9.700414283906360003723318964,0,1.7075,1.7075,0,3.624999999999999999999999999,0,0,0,0,643.0295969090173364889603449,239.5649302622111065247210283,54.23506973778889347527897169,241.2331530909826635110396551,241.2331530909826635110396551,25,6.2,300,continued_draw_or_waiver_after_warning,,no,0,211.9712077148378071444016238,3.033570473278979213210831237,4.992373144656223294113228861,0,no,no,PASS,SRC-001;SRC-002;SRC-003,P6M-MODERATE_MITIGATED-P-0025:P6M-MODERATE_MITIGATED-P-0027
Moderate mitigated,MODERATE_MITIGATED,P026,quarterly,2028-05-01,2028-07-31,FY2028,Q3,92,495.235855453629136359375,27.69017358369192354329321421,63.32122089112719329755030611,-27.8778167751956913439419375,-8.860851028982875488402092154,-1.8939425246526275919674813,-17.333254940877019772578125,0,35.23317239661467044460260767,25,25,527.84375,11.90625,11.90625,0,0,0,0,0,515.9375,52.56684690901733648896034493,5.0235159261944219229217993,13.65293305626999765705360279,43.93742977894176075482854144,9.365005266539094710470804179,9.365005266539094710470804179,0,1.7075,1.7075,0,3.624999999999999999999999999,0,0,0,0,622.4939297789417607548285414,248.040932166996895645310271,45.75906783300310435468972904,249.8625702210582392451714586,249.8625702210582392451714586,25,6.2,300,continued_draw_or_waiver_after_warning,,no,0,218.8191424631597326891551422,2.844787356223848137055133281,5.476358759128668698833415787,0,no,no,PASS,SRC-001;SRC-002;SRC-003,P6M-MODERATE_MITIGATED-P-0028:P6M-MODERATE_MITIGATED-P-0030
Moderate mitigated,MODERATE_MITIGATED,P027,quarterly,2028-08-01,2028-10-31,FY2028,Q4,92,489.80926246845359615625,27.91591743027939068561819552,63.73308698899317473275278684,-27.572343002874189834827625,-9.04018599652974622448129046,-0.9298862289664109053890738,-17.14332418639587586546875,0,36.61969057710114173741367258,25,25,515.9375,11.90625,11.90625,0,0,0,0,0,504.03125,43.93742977894176075482854144,4.44098923444733154512474995,14.80846192613931009969183744,33.56995708724978220026145395,9.013467885409163182846585087,9.013467885409163182846585087,0,1.7075,1.7075,0,3.624999999999999999999999999,0,0,0,0,600.220207087249782200261454,257.2465321018664942218404323,36.55346789813350577815956774,260.230042912750217799738546,260.230042912750217799738546,25,6.2,300,continued_draw_or_waiver_after_warning,,no,0,222.2625471944411351103481406,2.70050089258700577780716115,5.837176026612170826376098298,0,no,no,PASS,SRC-001;SRC-002;SRC-003,P6M-MODERATE_MITIGATED-P-0031:P6M-MODERATE_MITIGATED-P-0033
Moderate mitigated,MODERATE_MITIGATED,P028,quarterly,2028-11-01,2029-01-31,FY2029,Q1,92,400.0039971001399974062671875,22.90967547594190519832374179,32.02262189463617726521073007,-22.51702500476108073399359252,-2.37639922246877413280428439,0.0015251835054796811689173,-14.00013989850489990921935156,0,15.64760795716798290435601143,25,25,504.03125,11.90625,11.90625,0,0,0,0,0,492.125,33.56995708724978220026145395,11.37637539785587141465613805,1.05108557060209532891215221,43.89524691450355828600543979,8.817147784421758990099997287,8.817147784421758990099997287,0,1.6245,1.6245,0,3.624999999999999999999999999,0,0,0,0,598.6392469145035582860054398,249.9047530854964417139945602,43.89524691450355828600543979,249.9047530854964417139945602,249.9047530854964417139945602,25,6.2,300,continued_draw_or_waiver_after_warning,,no,0,222.2617466088791301557926465,2.693397564124912400705688829,6.024000825073318963500974264,0,no,no,PASS,SRC-001;SRC-002;SRC-003,P6M-MODERATE_MITIGATED-P-0034:P6M-MODERATE_MITIGATED-P-0036
Moderate mitigated,MODERATE_MITIGATED,P029,quarterly,2029-02-01,2029-04-30,FY2029,Q2,89,452.4327538967642203017492189,28.8693217195837322875299713,63.18323721370173179565731637,-25.46834458235665148922606702,-9.428723157836270076607812339,0.0016573267096452555663732,-15.83514638638674771056122266,0,37.92102499618835926405465458,25,25,492.125,11.90625,11.90625,0,0,0,0,0,480.21875,43.89524691450355828600543979,3.84077838314030781795099299,15.99906997298091180913494994,31.73695532466295429482148284,8.606983406347755272870697637,8.606983406347755272870697637,0,1.6245,1.6245,0,3.624999999999999999999999999,0,0,0,0,574.5747053246629542948214828,257.8823893449613833528916769,35.91761065503861664710832314,262.0630446753370457051785172,262.0630446753370457051785172,25,6.2,300,continued_draw_or_waiver_after_warning,,no,0,222.2601669884582770911711395,2.585144756750317652539356888,6.207932944231914772131745246,0,no,no,PASS,SRC-001;SRC-002;SRC-003,P6M-MODERATE_MITIGATED-P-0037:P6M-MODERATE_MITIGATED-P-0039
Moderate mitigated,MODERATE_MITIGATED,P030,quarterly,2029-05-01,2029-07-31,FY2029,Q3,92,495.2234745572427956309660157,27.69017358369192354329321421,63.31963786060491511771786737,-27.87711982977631145165833895,-8.860629507707150916514882104,0.0018287507465853737688665,-17.33282160950349784708381055,0,37.12801549414085172788804121,25,25,480.21875,11.90625,11.90625,0,0,0,0,0,468.3125,31.73695532466295429482148284,3.97518923494157400675299621,15.73244593346390278782947633,19.97969862614062551374500272,8.215008795618522946811561103,8.215008795618522946811561103,0,1.6245,1.6245,0,3.624999999999999999999999999,0,0,0,0,550.9111986261406255137450027,269.9077338566975716835703614,23.89226614330242831642963857,273.8203013738593744862549973,273.8203013738593744862549973,25,6.2,300,continued_draw_or_waiver_after_warning,,no,0,222.2585839579359989113387007,2.478694810412381853010413068,6.413906415938931864937546742,0,no,no,PASS,SRC-001;SRC-002;SRC-003,P6M-MODERATE_MITIGATED-P-0040:P6M-MODERATE_MITIGATED-P-0042
Moderate mitigated,MODERATE_MITIGATED,P031,quarterly,2029-08-01,2029-10-31,FY2029,Q4,92,489.7970172368918848163460939,27.91591743027939068561819552,63.73149366181844990338446801,-27.57165369429911798008175431,-9.039959991879832980825678429,0.0018059332657316288668295,-17.14289560329121596857211328,0,37.55044399991313258285350583,25,25,468.3125,11.90625,11.90625,0,0,0,0,0,456.40625,19.97969862614062551374500272,3.70109490410739467316926843,16.27615305767566928917184253,7.40464047257235089774242862,7.819635846344857966850931747,7.819635846344857966850931747,0,1.6245,1.6245,0,3.624999999999999999999999999,0,0,0,0,526.4298904725723508977424286,281.936099918199518974015014,11.86390008180048102598498602,286.3953595274276491022575714,286.3953595274276491022575714,25,6.2,300,continued_draw_or_waiver_after_warning,,no,0,222.2569906307612740819703819,2.368563926734425543719193819,6.64271136941376376174289546,0,no,no,PASS,SRC-001;SRC-002;SRC-003,P6M-MODERATE_MITIGATED-P-0043:P6M-MODERATE_MITIGATED-P-0045
Moderate mitigated,MODERATE_MITIGATED,P032,quarterly,2029-11-01,2030-01-31,FY2030,Q1,92,399.9939970002124939063320309,22.90967547594190519832374179,32.0218213290888113607790998,-22.51646207913596170697524268,-2.376339812488212413450964282,0.0015251453758920441768882,-13.99978989500743728672162108,0,15.64721676696905370478340265,25,25,456.40625,11.90625,11.90625,0,0,0,0,0,444.5,7.40464047257235089774242862,10.937198559108237448118403,1.92225855433063969303783943,16.41958047734994865282299219,7.594406771746651459863966222,7.594406771746651459863966222,0,1.5365,1.5365,0,3.624999999999999999999999999,0,0,0,0,523.5385804773499486528229922,277.3804195226500513471770078,16.41958047734994865282299219,277.3804195226500513471770078,277.3804195226500513471770078,25,6.2,300,continued_draw_or_waiver_after_warning,,no,0,222.2561900652139081775387517,2.355563551790096120517618051,6.894650390652961906644685776,0,no,no,PASS,SRC-001;SRC-002;SRC-003,P6M-MODERATE_MITIGATED-P-0046:P6M-MODERATE_MITIGATED-P-0048
Moderate mitigated,MODERATE_MITIGATED,P033,quarterly,2030-02-01,2030-04-30,FY2030,Q2,89,452.4214430779168011962416752,28.8693217195837322875299713,63.181657632771389252362425,-25.46770787374209257293883637,-9.428487439757324169855897156,0.001657285276477514434984,-15.83475050772708804186845863,0,37.92007697056345455507305322,25,25,444.5,11.90625,11.90625,0,0,0,0,0,432.59375,16.41958047734994865282299219,2.93235153096282721851069587,16.41958047734994865282299219,2.93235153096282721851069587,7.365098024176333120760756906,7.365098024176333120760756906,0,1.5365,1.5365,0,3.624999999999999999999999999,0,0,0,0,498.1451015309628272185106959,285.7994575931076321059314653,8.00054240689236789406853469,290.8676484690371727814893041,290.8676484690371727814893041,25,6.2,300,continued_draw_or_waiver_after_warning,,no,0,222.2546104842835656342438602,2.2413262899047418624687756,7.170856904129327712964023077,0,no,no,PASS,SRC-001;SRC-002;SRC-003,P6M-MODERATE_MITIGATED-P-0049:P6M-MODERATE_MITIGATED-P-0051
Moderate mitigated,MODERATE_MITIGATED,P034,quarterly,2030-05-01,2030-07-31,FY2030,Q3,92,495.2110939703788645610752413,27.69017358369192354329321421,63.31805486965839999483992445,-27.87642290178056704387204749,-8.86040799196945823774196924,0.0018287050278167091345221,-17.33238828896326025963763345,0,37.12708729375349820659484387,25,35.04619946609966024857347497,432.59375,11.90625,11.90625,0,0,0,0,0,420.6875,2.93235153096282721851069587,0,2.93235153096282721851069587,0,7.08078629669101073951067303,7.08078629669101073951067303,0,1.5365,1.5365,0,3.624999999999999999999999999,0,0,0,0,483.3065,299.1463661400556614441769124,0,293.8,293.8,25,6.2,300,continued_draw_or_waiver_after_warning,,no,0,222.2530274933370505113659174,2.174577801935629884967042946,7.443187250513965941123089852,0,no,no,PASS,SRC-001;SRC-002;SRC-003,P6M-MODERATE_MITIGATED-P-0052:P6M-MODERATE_MITIGATED-P-0054
Moderate mitigated,MODERATE_MITIGATED,P035,quarterly,2030-08-01,2030-10-31,FY2030,Q4,92,489.7847723114609625192256851,27.91591743027939068561819552,63.72990037447690444213688346,-27.57096440295676050213225227,-9.039733992880035985001157798,0.0018058881173999855761078,-17.14246703090113368817289898,0,37.54950523881313475453893449,35.04619946609966024857347497,36.82537793839389750155620473,420.6875,11.90625,11.90625,0,11.82537793839389750155620473,0,0,0,396.9558720616061024984437953,0,0,0,0,6.877198828125,6.877198828125,0,1.5365,1.5365,0,3.624999999999999999999999999,0,0,0,0,459.5748720616061024984437953,305.6253779383938975015562047,0,293.8,293.8,25,6.2,300,continued_draw_or_waiver_after_warning,,no,0,222.2514342059955050501183328,2.067815101861819646302738238,7.685709749192360106251787338,0,no,no,PASS,SRC-001;SRC-002;SRC-003,P6M-MODERATE_MITIGATED-P-0055:P6M-MODERATE_MITIGATED-P-0057
Moderate mitigated,MODERATE_MITIGATED,P036,quarterly,2030-11-01,2031-01-31,FY2031,Q1,92,399.9839971502874885939843726,22.90967547594190519832374179,32.02102078355558414049508032,-22.5158991675839833079325683,-2.376280403992900208140628008,0.0015251072472576468757836,-13.99943990026006210078945304,0,15.64682558654987947844078288,36.82537793839389750155620473,25,396.9558720616061024984437953,11.90625,11.90625,0,0,385.0496220616061024984437953,3.91704668570689674646004828,381.132575375899205751983747,381.132575375899205751983747,0,0,0,0,6.487406839236880233536939337,6.487406839236880233536939337,0,1.5365,1.5365,0,3.624999999999999999999999999,0,0,0,0,443.751575375899205751983747,0,0,0,0,25,6.2,300,continued_draw_or_waiver_after_warning,,no,0,222.250633660462277829834313,1.996626817513732390047821058,7.99161157370940773763048371,381.132575375899205751983747,yes,no,MATURITY_SHORTFALL,SRC-001;SRC-002;SRC-003,P6M-MODERATE_MITIGATED-P-0058:P6M-MODERATE_MITIGATED-P-0060
Severe unmitigated,SEVERE_UNMITIGATED,P001,monthly,2026-02-01,2026-02-28,FY2026,Q2,28,38.45966848425,28.8693217195837322875299713,3.928740408283005596877055965,-8.4900849345702,-0.4409421874919011492192639912,-18.45157969353030785852827159,-1.34608839694875,-0.32,-16.62986986968795341087047962,25,25,635,0,0,0,0,0,0,0,635,29.89771875,23.78419380313284113378740034,0,53.68191255313284113378740034,4.833407266778221056250254048,4.833407266778221056250254048,0,0.6959166666666666666666666667,0.6959166666666666666666666667,0,1.208333333333333333333333333,0.4166666666666666666666666667,0,0,0,751.3009125531328411337874003,240.1180874468671588662125997,53.68191255313284113378740034,240.1180874468671588662125997,240.1180874468671588662125997,25,6.2,300,available_before_analytical_shutoff,,no,0,,,,0,no,no,PASS,SRC-001;SRC-002;SRC-003,P6M-SEVERE_UNMITIGATED-P-0001:P6M-SEVERE_UNMITIGATED-P-0001
Severe unmitigated,SEVERE_UNMITIGATED,P002,monthly,2026-03-01,2026-03-31,FY2026,Q2,31,96.149171210625,28.8693217195837322875299713,9.821851020707513992192639912,-8.4900849345702,-1.102355468729752873048159978,-46.12894923382576964632067898,-3.365220992371875,-0.8,-41.57467467421988352717619905,25,25,635,0,0,0,0,0,0,0,635,53.68191255313284113378740034,48.98885905056312519832708282,0,102.6707716036959663321144832,5.093267709676575004484217104,5.093267709676575004484217104,0,0.6959166666666666666666666667,0.6959166666666666666666666667,0,1.208333333333333333333333333,0.4166666666666666666666666667,0,0,0,800.2897716036959663321144832,191.1292283963040336678855168,102.6707716036959663321144832,191.1292283963040336678855168,191.1292283963040336678855168,25,6.2,300,available_before_analytical_shutoff,,no,0,,,,0,no,no,PASS,SRC-001;SRC-002;SRC-003,P6M-SEVERE_UNMITIGATED-P-0002:P6M-SEVERE_UNMITIGATED-P-0002
Severe unmitigated,SEVERE_UNMITIGATED,P003,monthly,2026-04-01,2026-04-30,FY2026,Q2,30,249.987845147625,28.8693217195837322875299713,25.53681265383953637970086377,-8.4900849345702,-2.866124218697357469925215943,-119.9352680079470010804337653,-8.749574580166875,-2.08,-108.0941541529716971706581175,25,25,635,11.90625,11.90625,0,0,0,0,0,623.09375,102.6707716036959663321144832,128.004085601468070348742276,0,230.6748572051640366808567592,5.682764781829706511417491775,5.682764781829706511417491775,0,0.6959166666666666666666666667,0.6959166666666666666666666667,0,1.208333333333333333333333333,0.4166666666666666666666666667,0,0,0,916.3876072051640366808567592,63.1251427948359633191432408,230.6748572051640366808567592,63.1251427948359633191432408,63.1251427948359633191432408,25,6.2,300,available_before_analytical_shutoff,,no,0,,,,0,no,no,PASS,SRC-001;SRC-002;SRC-003,P6M-SEVERE_UNMITIGATED-P-0003:P6M-SEVERE_UNMITIGATED-P-0003
Severe unmitigated,SEVERE_UNMITIGATED,P004,monthly,2026-05-01,2026-05-31,FY2026,Q3,31,42.097152544875,27.69017358369192354329321421,3.8039296805939422048852986,-9.2930702394357,-0.35854919238445967622132465,1.6014683605503179664396714,-1.473400339070625,-0.25,3.32344850968917549510364535,25,25,623.09375,0,0,0,0,0,0,0,623.09375,230.6748572051640366808567592,5.11305683387571100971792555,0,235.7879140390397476905746848,6.115588676898219838154904228,6.115588676898219838154904228,0,0.6959166666666666666666666667,0.6959166666666666666666666667,0,1.208333333333333333333333333,0.4166666666666666666666666667,0,0,0,921.5006640390397476905746848,58.0120859609602523094253152,235.7879140390397476905746848,58.0120859609602523094253152,58.0120859609602523094253152,25,6.2,300,available_before_analytical_shutoff,,no,0,,,,0,no,no,PASS,SRC-001;SRC-002;SRC-003,P6M-SEVERE_UNMITIGATED-P-0004:P6M-SEVERE_UNMITIGATED-P-0004
Severe unmitigated,SEVERE_UNMITIGATED,P005,monthly,2026-06-01,2026-06-30,FY2026,Q3,30,105.2428813621875,27.69017358369192354329321421,9.5098242014848555122132465,-9.2930702394357,-0.896372980961149190553311625,4.0036709013757949160991785,-3.6835008476765625,-0.625,8.308621274222938737759113375,25,25,623.09375,0,0,0,0,0,0,0,623.09375,235.7879140390397476905746848,0.14666566175630676140389376,0,235.9345797007960544519785786,6.134370269312578832496340468,6.134370269312578832496340468,0,0.6959166666666666666666666667,0.6959166666666666666666666667,0,1.208333333333333333333333333,0.4166666666666666666666666667,0,0,0,921.6473297007960544519785786,57.8654202992039455480214214,235.9345797007960544519785786,57.8654202992039455480214214,57.8654202992039455480214214,25,6.2,300,available_before_analytical_shutoff,,no,0,,,,0,no,no,PASS,SRC-001;SRC-002;SRC-003,P6M-SEVERE_UNMITIGATED-P-0005:P6M-SEVERE_UNMITIGATED-P-0005
Severe unmitigated,SEVERE_UNMITIGATED,P006,monthly,2026-07-01,2026-07-31,FY2026,Q3,31,273.6314915416875,27.69017358369192354329321421,24.7255429238606243317544409,-9.2930702394357,-2.330569750498987895438610225,10.4095443435770667818578641,-9.5771022039590625,-1.625,21.60241531297964071817369478,25,25,623.09375,11.90625,11.90625,0,0,0,0,0,611.1875,235.9345797007960544519785786,0,1.28746722361838141529819727,234.6471124771776730366803813,6.087781422694592636208830844,6.087781422694592636208830844,0,0.6959166666666666666666666667,0.6959166666666666666666666667,0,1.208333333333333333333333333,0.4166666666666666666666666667,0,0,0,908.4536124771776730366803813,59.1528875228223269633196187,234.6471124771776730366803813,59.1528875228223269633196187,59.1528875228223269633196187,25,6.2,300,available_before_analytical_shutoff,,no,0,,,,0,no,no,PASS,SRC-001;SRC-002;SRC-003,P6M-SEVERE_UNMITIGATED-P-0006:P6M-SEVERE_UNMITIGATED-P-0006
Severe unmitigated,SEVERE_UNMITIGATED,P007,monthly,2026-08-01,2026-08-31,FY2026,Q4,31,41.63586907725,27.91591743027939068561819552,3.85623817944504740475302303,-9.1912405572414,-0.3781179593371226011882557575,1.5809503490193561167678363,-1.45725541770375,-0.25,3.351815151423530920332603572,25,25,611.1875,0,0,0,0,0,0,0,611.1875,234.6471124771776730366803813,5.02772353547265475504068257,0,239.6748360126503277917210639,6.058622020229519008706619468,6.058622020229519008706619468,0,0.6959166666666666666666666667,0.6959166666666666666666666667,0,1.208333333333333333333333333,0.4166666666666666666666666667,0,0,0,913.4813360126503277917210639,54.1251639873496722082789361,239.6748360126503277917210639,54.1251639873496722082789361,54.1251639873496722082789361,25,6.2,300,available_before_analytical_shutoff,,no,0,,,,0,no,no,PASS,SRC-001;SRC-002;SRC-003,P6M-SEVERE_UNMITIGATED-P-0007:P6M-SEVERE_UNMITIGATED-P-0007
Severe unmitigated,SEVERE_UNMITIGATED,P008,monthly,2026-09-01,2026-09-30,FY2026,Q4,30,104.089672693125,27.91591743027939068561819552,9.640595448612618511882557575,-9.1912405572414,-0.9452948983428065029706393938,3.95237587254839029191959075,-3.643138544259375,-0.625,8.37953787855882730083150893,25,25,611.1875,0,0,0,0,0,0,0,611.1875,239.6748360126503277917210639,0.0180183115159697000362591,0,239.692854324166297491757323,6.076639523408130334201101358,6.076639523408130334201101358,0,0.6959166666666666666666666667,0.6959166666666666666666666667,0,1.208333333333333333333333333,0.4166666666666666666666666667,0,0,0,913.499354324166297491757323,54.107145675833702508242677,239.692854324166297491757323,54.107145675833702508242677,54.107145675833702508242677,25,6.2,300,available_before_analytical_shutoff,,no,0,,,,0,no,no,PASS,SRC-001;SRC-002;SRC-003,P6M-SEVERE_UNMITIGATED-P-0008:P6M-SEVERE_UNMITIGATED-P-0008
Severe unmitigated,SEVERE_UNMITIGATED,P009,monthly,2026-10-01,2026-10-31,FY2026,Q4,31,270.633149002125,27.91591743027939068561819552,25.0655481663928081308946497,-9.1912405572414,-2.457766735691296907723662424,10.27617726862581475899093595,-9.472160215074375,-1.625,21.78679848425295098216192322,25,25,611.1875,11.90625,11.90625,0,0,0,0,0,599.28125,239.692854324166297491757323,0,1.53090981194881160945341974,238.1619445122174858823039033,6.02872200563747270604183681,6.02872200563747270604183681,0,0.6959166666666666666666666667,0.6959166666666666666666666667,0,1.208333333333333333333333333,0.4166666666666666666666666667,0,0,0,900.0621945122174858823039033,55.6380554877825141176960967,238.1619445122174858823039033,55.6380554877825141176960967,55.6380554877825141176960967,25,6.2,300,continued_draw_or_waiver_after_warning,,no,0,147.914106394588062870855216,6.085032837308540174682076325,,0,no,no,BREACHED_ANALYTICAL_THRESHOLD,SRC-001;SRC-002;SRC-003,P6M-SEVERE_UNMITIGATED-P-0009:P6M-SEVERE_UNMITIGATED-P-0009
Severe unmitigated,SEVERE_UNMITIGATED,P010,monthly,2026-11-01,2026-11-30,FY2027,Q1,30,34.0020398342523375,22.90967547594190519832374179,1.446982468506440104999160289,-7.50605029941071601,0,1.35681565319945013700660506,-1.1900713941988318125,-0.25,1.363726727507058429505765349,25,25,599.28125,0,0,0,0,0,0,0,599.28125,238.1619445122174858823039033,6.93603083005667449636900651,0,245.0979753422741603786729098,6.005507557563732925874771861,6.005507557563732925874771861,0,0.66925,0.66925,0,1.208333333333333333333333333,0.4166666666666666666666666667,0,0,0,906.9982253422741603786729098,48.7020246577258396213270902,245.0979753422741603786729098,48.7020246577258396213270902,48.7020246577258396213270902,25,6.2,300,continued_draw_or_waiver_after_warning,,no,0,138.6860809593051327072872296,6.539936950186198041526668615,,0,no,no,BREACHED_ANALYTICAL_THRESHOLD,SRC-001;SRC-002;SRC-003,P6M-SEVERE_UNMITIGATED-P-0010:P6M-SEVERE_UNMITIGATED-P-0010
Severe unmitigated,SEVERE_UNMITIGATED,P011,monthly,2026-12-01,2026-12-31,FY2027,Q1,31,85.00509958563084375,22.90967547594190519832374179,3.617456171266100262497900722,-7.50605029941071601,0,3.39203913299862534251651265,-2.97517848549707953125,-0.625,3.409316818767646073764413372,25,25,599.28125,0,0,0,0,0,0,0,599.28125,245.0979753422741603786729098,4.93282243566292132473017272,0,250.0307977779370817034030825,6.047889254430567398494586089,6.047889254430567398494586089,0,0.66925,0.66925,0,1.208333333333333333333333333,0.4166666666666666666666666667,0,0,0,911.9310477779370817034030825,43.7692022220629182965969175,250.0307977779370817034030825,43.7692022220629182965969175,43.7692022220629182965969175,25,6.2,300,continued_draw_or_waiver_after_warning,,no,0,131.6285292267818627012179836,6.928065314828349443082584286,,0,no,no,BREACHED_ANALYTICAL_THRESHOLD,SRC-001;SRC-002;SRC-003,P6M-SEVERE_UNMITIGATED-P-0011:P6M-SEVERE_UNMITIGATED-P-0011
Severe unmitigated,SEVERE_UNMITIGATED,P012,monthly,2027-01-01,2027-01-31,FY2027,Q1,31,221.01325892264019375,22.90967547594190519832374179,9.405386045291860682494541878,-7.50605029941071601,0,8.81930174579642589054293289,-7.73546406229240678125,-1.625,8.864223728795879791787474768,25,25,599.28125,11.90625,11.90625,0,0,0,0,0,587.375,250.0307977779370817034030825,11.39997197798123865767660371,0,261.4307697559183203610796862,6.06369570677711844946407848,6.06369570677711844946407848,0,0.66925,0.66925,0,1.208333333333333333333333333,0.4166666666666666666666666667,0,0,0,911.4247697559183203610796862,32.3692302440816796389203138,261.4307697559183203610796862,32.3692302440816796389203138,32.3692302440816796389203138,25,6.2,300,continued_draw_or_waiver_after_warning,,no,0,130.3589073682843531151453789,6.991657019500788217956342007,1.856217346560380145864229925,0,no,no,BREACHED_ANALYTICAL_THRESHOLD,SRC-001;SRC-002;SRC-003,P6M-SEVERE_UNMITIGATED-P-0012:P6M-SEVERE_UNMITIGATED-P-0012
Severe unmitigated,SEVERE_UNMITIGATED,P013,monthly,2027-02-01,2027-02-28,FY2027,Q2,28,38.45870699253789375,28.8693217195837322875299713,3.928642189772798521737134038,-8.489872682446835745,-0.4409311639372138516905335095,0.00025014541421265337632338,-1.34605474473882628125,0,2.141906426510971042172923908,25,25,587.375,0,0,0,0,0,0,0,587.375,261.4307697559183203610796862,6.23650095130950042085087686,0,267.6672707072278207819305631,6.084157377820471463023800768,6.084157377820471463023800768,0,0.66925,0.66925,0,1.208333333333333333333333333,0.4166666666666666666666666667,0,0,0,917.6612707072278207819305631,26.1327292927721792180694369,267.6672707072278207819305631,26.1327292927721792180694369,26.1327292927721792180694369,25,6.2,300,continued_draw_or_waiver_after_warning,,no,0,130.3588091497741460400054569,7.039503326951170760098319338,1.823735609742569748415046814,0,no,no,BREACHED_ANALYTICAL_THRESHOLD,SRC-001;SRC-002;SRC-003,P6M-SEVERE_UNMITIGATED-P-0013:P6M-SEVERE_UNMITIGATED-P-0013
Severe unmitigated,SEVERE_UNMITIGATED,P014,monthly,2027-03-01,2027-03-31,FY2027,Q2,31,96.146767481344734375,28.8693217195837322875299713,9.821605474431996304342835095,-8.489872682446835745,-1.102327909843034629226333774,0.00062536353553163344080845,-3.365136861847065703125,0,5.35476606627742760543230977,25,25,587.375,0,0,0,0,0,0,0,587.375,267.6672707072278207819305631,3.05682623403227967612418773,0,270.7240969412601004580547508,6.117342300309707281556497504,6.117342300309707281556497504,0,0.66925,0.66925,0,1.208333333333333333333333333,0.4166666666666666666666666667,0,0,0,920.7180969412601004580547508,23.0759030587398995419452492,270.7240969412601004580547508,23.0759030587398995419452492,23.0759030587398995419452492,25,6.2,300,continued_draw_or_waiver_after_warning,,no,0,130.3585636034986283521556521,7.062965957048558699448683428,1.797972748066366605033824599,0,no,no,BREACHED_ANALYTICAL_THRESHOLD,SRC-001;SRC-002;SRC-003,P6M-SEVERE_UNMITIGATED-P-0014:P6M-SEVERE_UNMITIGATED-P-0014
Severe unmitigated,SEVERE_UNMITIGATED,P015,monthly,2027-04-01,2027-04-30,FY2027,Q2,30,249.981595451496309375,28.8693217195837322875299713,25.53617423352319039129137125,-8.489872682446835745,-2.866052565591890035988467812,0.00162594519238224694610197,-8.749355840802370828125,0,13.9223917723213117741240054,25,25,587.375,11.90625,11.90625,0,0,0,0,0,575.46875,270.7240969412601004580547508,6.38665639617384502209892963,0,277.1107533374339454801536804,6.108548168495156796222935032,6.108548168495156796222935032,0,0.66925,0.66925,0,1.208333333333333333333333333,0.4166666666666666666666666667,0,0,0,915.1985033374339454801536804,16.6892466625660545198463196,277.1107533374339454801536804,16.6892466625660545198463196,16.6892466625660545198463196,25,6.2,300,continued_draw_or_waiver_after_warning,,no,0,130.3579251831822823637461596,7.020658713702091058961565452,1.78746682076793799062597412,0,no,no,BREACHED_ANALYTICAL_THRESHOLD,SRC-001;SRC-002;SRC-003,P6M-SEVERE_UNMITIGATED-P-0015:P6M-SEVERE_UNMITIGATED-P-0015
Severe unmitigated,SEVERE_UNMITIGATED,P016,monthly,2027-05-01,2027-05-31,FY2027,Q3,31,42.096100116061378125,27.69017358369192354329321421,3.80383458235192735633017647,-9.2928379126797141075,-0.3585402286546500647294191175,0.00027602551325302287275681,-1.473363504062148234375,0,1.972206875148382080098514162,25,25,575.46875,0,0,0,0,0,0,0,575.46875,277.1107533374339454801536804,6.43385597188605517892616691,0,283.5446093093200006590798473,6.111812847034437259024681067,6.111812847034437259024681067,0,0.66925,0.66925,0,1.208333333333333333333333333,0.4166666666666666666666666667,0,0,0,921.6323593093200006590798473,10.2553906906799993409201527,283.5446093093200006590798473,10.2553906906799993409201527,10.2553906906799993409201527,25,6.2,300,continued_draw_or_waiver_after_warning,,no,0,130.3578300849402675151910375,7.070019182651250637933680949,1.787558066078728181329286775,0,no,no,BREACHED_ANALYTICAL_THRESHOLD,SRC-001;SRC-002;SRC-003,P6M-SEVERE_UNMITIGATED-P-0016:P6M-SEVERE_UNMITIGATED-P-0016
Severe unmitigated,SEVERE_UNMITIGATED,P017,monthly,2027-06-01,2027-06-30,FY2027,Q3,30,105.2402502901534453125,27.69017358369192354329321421,9.509586455879818390825441175,-9.2928379126797141075,-0.8963505716366251618235477938,0.000690063783132557181892025,-3.6834087601553705859375,0,4.930517187870955200246285405,25,25,575.46875,0,0,0,0,0,0,0,575.46875,283.5446093093200006590798473,3.51105728692312870547518828,0,287.0556665962431293645550356,6.147324474794083905721473683,6.147324474794083905721473683,0,0.66925,0.66925,0,1.208333333333333333333333333,0.4166666666666666666666666667,0,0,0,925.1434165962431293645550356,6.7443334037568706354449644,287.0556665962431293645550356,6.7443334037568706354449644,6.7443334037568706354449644,25,6.2,300,continued_draw_or_waiver_after_warning,,no,0,130.3575923393352303938032322,7.096966122141873372519232669,1.787237326184288560118603117,0,no,no,BREACHED_ANALYTICAL_THRESHOLD,SRC-001;SRC-002;SRC-003,P6M-SEVERE_UNMITIGATED-P-0017:P6M-SEVERE_UNMITIGATED-P-0017
Severe unmitigated,SEVERE_UNMITIGATED,P018,monthly,2027-07-01,2027-07-31,FY2027,Q3,31,273.6246507543989578125,27.69017358369192354329321421,24.72492478528752781614614706,-9.2928379126797141075,-2.330511486255225420741224264,0.001794165836144648672919265,-9.5768627764039635234375,0,12.81934468846448352064034205,25,24.22174856087560264831270784,575.46875,11.90625,11.90625,0,0,0,0,0,563.5625,287.0556665962431293645550356,6.7443334037568706354449644,0,293.8,6.141429531345751507772598607,6.141429531345751507772598607,0,0.66925,0.66925,0,1.208333333333333333333333333,0.4166666666666666666666666667,0,0,0,919.9815,0,293.8,0,0,25,6.2,300,continued_draw_or_waiver_after_warning,,yes,0.77825143912439735168729216,130.3569742007621338781949383,7.057401459649876678831184631,1.785915257332087817543707476,0,no,no,LIQUIDITY_FAILURE,SRC-001;SRC-002;SRC-003,P6M-SEVERE_UNMITIGATED-P-0018:P6M-SEVERE_UNMITIGATED-P-0018
Severe unmitigated,SEVERE_UNMITIGATED,P019,monthly,2027-08-01,2027-08-31,FY2027,Q4,31,41.63482818052306875,27.91591743027939068561819552,3.85614177349056127856790421,-9.191010776227468965,-0.3781085063881391731232260525,0.00027258029028026952173835,-1.45721898631830740625,0,2.021086861074394968716416508,24.22174856087560264831270784,17.82558823444999761702912435,563.5625,0,0,0,0,0,0,0,563.5625,293.8,0,0,293.8,6.1229971875,6.1229971875,0,0.66925,0.66925,0,1.208333333333333333333333333,0.4166666666666666666666666667,0,0,0,919.9815,0,293.8,0,0,25,6.2,300,continued_draw_or_waiver_after_warning,,yes,7.17441176555000238297087565,130.3568777948076477520098195,7.057406678979576952053852586,1.784340234123497086739427063,0,no,no,LIQUIDITY_FAILURE,SRC-001;SRC-002;SRC-003,P6M-SEVERE_UNMITIGATED-P-0019:P6M-SEVERE_UNMITIGATED-P-0019
Severe unmitigated,SEVERE_UNMITIGATED,P020,monthly,2027-09-01,2027-09-30,FY2027,Q4,30,104.087070451307671875,27.91591743027939068561819552,9.640354433726403196419760525,-9.191010776227468965,-0.9452712659703479328080651312,0.000681450725700673804345875,-3.643047465795768515625,0,5.05271715268598742179104127,17.82558823444999761702912435,14.46105819963598503882016562,563.5625,0,0,0,0,0,0,0,563.5625,293.8,0,0,293.8,6.1229971875,6.1229971875,0,0.66925,0.66925,0,1.208333333333333333333333333,0.4166666666666666666666666667,0,0,0,919.9815,0,293.8,0,0,25,6.2,300,continued_draw_or_waiver_after_warning,,yes,10.53894180036401496117983438,130.3566367799214324365470224,7.057419727337602490362761052,1.783205403621294439006883774,0,no,no,LIQUIDITY_FAILURE,SRC-001;SRC-002;SRC-003,P6M-SEVERE_UNMITIGATED-P-0020:P6M-SEVERE_UNMITIGATED-P-0020
Severe unmitigated,SEVERE_UNMITIGATED,P021,monthly,2027-10-01,2027-10-31,FY2027,Q4,31,270.626383173399946875,27.91591743027939068561819552,25.06492152768864831069137736,-9.191010776227468965,-2.457705291522904625300969341,0.001771771886821751891299275,-9.471923411068998140625,0,13.1370645969835672966567073,14.46105819963598503882016562,7.31714084349455233547687292,563.5625,11.90625,11.90625,0,0,0,0,0,551.65625,293.8,0,0,293.8,6.080481953125,6.080481953125,0,0.66925,0.66925,0,1.208333333333333333333333333,0.4166666666666666666666666667,0,0,0,908.07525,0,293.8,0,0,25,6.2,300,continued_draw_or_waiver_after_warning,,yes,17.68285915650544766452312708,130.3560101412172726163437501,6.966117243203929931493435938,1.781935137831290008599621829,0,no,no,LIQUIDITY_FAILURE,SRC-001;SRC-002;SRC-003,P6M-SEVERE_UNMITIGATED-P-0021:P6M-SEVERE_UNMITIGATED-P-0021
Severe unmitigated,SEVERE_UNMITIGATED,P022,monthly,2027-11-01,2027-11-30,FY2028,Q1,30,34.0011897832564811915625,22.90967547594190519832374179,1.44694629394472744399653531,-7.50586264815323074209975,0,0.00023022158667147858362833,-1.1900416424139768417046875,0,0.25713487311742208087547614,7.31714084349455233547687292,0,551.65625,0,0,0,0,0,0,0,551.65625,293.8,0,0,293.8,6.03796671875,6.03796671875,0,0.5691666666666666666666666667,0.5691666666666666666666666667,0,0.9671423311953077496856823933,0,0.2411910021380255836476509397,0.4166666666666666666666666667,0,908.07525,0,293.8,0,0,25,6.2,300,continued_draw_or_waiver_after_warning,,yes,25,130.3559739666555599553411251,6.966119176343090675840607438,1.781144333768107886591129097,0,no,no,LIQUIDITY_FAILURE,SRC-001;SRC-002;SRC-003,P6M-SEVERE_UNMITIGATED-P-0022:P6M-SEVERE_UNMITIGATED-P-0022
Severe unmitigated,SEVERE_UNMITIGATED,P023,monthly,2027-12-01,2027-12-31,FY2028,Q1,31,85.00297445814120297890625,22.90967547594190519832374179,3.617365734861818609991338275,-7.50586264815323074209975,0,0.000575553966678696459070825,-2.97510410603494210426171875,0,0.64283718279355520218869035,0,0,551.65625,0,0,0,0,0,0,0,551.65625,293.8,0,0,293.8,6.03796671875,0.64283718279355520218869035,5.39512953595644479781130965,0.5691666666666666666666666667,0,0.5691666666666666666666666667,0,0,1.208333333333333333333333333,0.4166666666666666666666666667,5.39512953595644479781130965,908.07525,0,293.8,0,0,25,6.2,300,continued_draw_or_waiver_after_warning,,yes,25,130.3558835302512783028345627,6.966124009195686544564470018,1.781384615537479292003758997,0,no,yes,MANDATORY_PAYMENT_FAILURE,SRC-001;SRC-002;SRC-003,P6M-SEVERE_UNMITIGATED-P-0023:P6M-SEVERE_UNMITIGATED-P-0023
Severe unmitigated,SEVERE_UNMITIGATED,P024,monthly,2028-01-01,2028-01-31,FY2028,Q1,31,221.00773359116712774515625,22.90967547594190519832374179,9.405150910640728385977479515,-7.50586264815323074209975,0,0.001496440313364610793584145,-7.73527067569084947108046875,0,1.67137667526324352569059491,0,0,551.65625,11.90625,0,11.90625,0,0,0,0,551.65625,293.8,0,0,293.8,5.995451484375,1.67137667526324352569059491,4.32407480911175647430940509,0.5691666666666666666666666667,0,0.5691666666666666666666666667,0,0,1.208333333333333333333333333,0.4166666666666666666666666667,4.32407480911175647430940509,908.07525,0,293.8,0,0,25,6.2,300,continued_draw_or_waiver_after_warning,,yes,25,130.3556483956001460063175003,6.966136574643818685715534627,1.783044259944765726323334852,0,no,yes,MANDATORY_PAYMENT_FAILURE,SRC-001;SRC-002;SRC-003,P6M-SEVERE_UNMITIGATED-P-0024:P6M-SEVERE_UNMITIGATED-P-0024
Severe unmitigated,SEVERE_UNMITIGATED,P025,quarterly,2028-02-01,2028-04-30,FY2028,Q2,90,398.1507771985824784275,28.8693217195837322875299713,43.6581154980704003242203646,-25.468981306889323722319125,-5.311352987001948862144883649,32.0373336585348705461590019,-13.9352772019503867449625,0,56.44881896765293526327198285,0,23.03758865942930840361145122,551.65625,11.90625,11.90625,0,0,0,0,0,539.75,293.8,0,0,293.8,17.227913046875,17.11664697489029352632719828,0.111266071984706473672801715,1.7075,1.138333333333333333333333333,0.5691666666666666666666666667,2.416666666666666666666666666,0.8333333333333333333333333334,1.208333333333333333333333333,0.4166666666666666666666666667,0.111266071984706473672801715,896.169,0,293.8,0,0,25,6.2,300,continued_draw_or_waiver_after_warning,,yes,25,134.7273419959425611131665245,6.651723300731257362628317304,1.870528751630894069961382495,0,no,yes,LIQUIDITY_FAILURE,SRC-001;SRC-002;SRC-003,P6M-SEVERE_UNMITIGATED-P-0025:P6M-SEVERE_UNMITIGATED-P-0027
Severe unmitigated,SEVERE_UNMITIGATED,P026,quarterly,2028-05-01,2028-07-31,FY2028,Q3,92,450.66462846280251408703125,27.69017358369192354329321421,47.48235687051268933381257548,-27.8778167751956913439419375,-5.528385901271152552706353088,29.5553832872862164091058058,-15.77326199619808799304609375,0,55.73609226032966519716593443,23.03758865942930840361145122,25,539.75,11.90625,11.90625,0,0,0,0,0,527.84375,293.8,0,19.20930510099771260998081497,274.590694899002287390019185,16.07562581876126099079657067,16.07562581876126099079657067,0,1.7075,1.7075,0,3.624999999999999999999999999,1.25,0,0,0,865.053444899002287390019185,0,293.8,19.209305100997712609980815,19.209305100997712609980815,25,6.2,300,continued_draw_or_waiver_after_warning,,yes,3.98020503120439174333862201,144.1713530429359768836773353,6.000175670414765986881510606,2.068414017562808117365825854,0,no,no,BREACHED_ANALYTICAL_THRESHOLD,SRC-001;SRC-002;SRC-003,P6M-SEVERE_UNMITIGATED-P-0028:P6M-SEVERE_UNMITIGATED-P-0030
Severe unmitigated,SEVERE_UNMITIGATED,P027,quarterly,2028-08-01,2028-10-31,FY2028,Q4,92,460.420706720346380386875,27.91591743027939068561819552,53.00279116884838854298449462,-27.572343002874189834827625,-6.77119718653666252456163178,28.3341955420845204571027842,-16.114724735212123313540625,0,58.45106478918412316198502204,25,25,527.84375,11.90625,11.90625,0,0,0,0,0,515.9375,274.590694899002287390019185,1.28127966647842207621406028,26.60341984437393633231442932,249.268554721106773133918816,14.640174611288608905884653,14.640174611288608905884653,0,1.7075,1.7075,0,3.624999999999999999999999999,1.25,0,0,0,827.825054721106773133918816,17.9280254345192905337667547,275.8719745654807094662332453,44.531445278893226866081184,44.531445278893226866081184,25,6.2,300,continued_draw_or_waiver_after_warning,,no,0,158.6127264768787526409827879,5.219159099706795858428833074,2.402673484158016091327474747,0,no,no,BREACHED_ANALYTICAL_THRESHOLD,SRC-001;SRC-002;SRC-003,P6M-SEVERE_UNMITIGATED-P-0031:P6M-SEVERE_UNMITIGATED-P-0033
Severe unmitigated,SEVERE_UNMITIGATED,P028,quarterly,2028-11-01,2029-01-31,FY2029,Q1,92,388.0038771871357974840791719,22.90967547594190519832374179,28.15191415889357346612381439,-22.51702500476108073399359252,-1.577599976068831288537507412,29.1491159280903734764619799,-13.58013570154975291194277101,0,42.14329440936536274210551588,25,25,515.9375,11.90625,11.90625,0,0,0,0,0,504.03125,249.268554721106773133918816,2.40372320637992545875748592,12.86737612089344614159564896,238.804901806593252451080653,13.27389149485184205926735284,13.27389149485184205926735284,0,1.6245,1.6245,0,3.624999999999999999999999999,1.25,0,0,0,805.455151806593252451080653,42.1277220725133014073236981,251.6722779274866985926763019,54.995098193406747548919347,54.995098193406747548919347,25,6.2,300,continued_draw_or_waiver_after_warning,,no,0,172.295177696325051667141249,4.674856038201080231713428729,2.814471062299132400721280448,0,no,no,BREACHED_ANALYTICAL_THRESHOLD,SRC-001;SRC-002;SRC-003,P6M-SEVERE_UNMITIGATED-P-0034:P6M-SEVERE_UNMITIGATED-P-0036
Severe unmitigated,SEVERE_UNMITIGATED,P029,quarterly,2029-02-01,2029-04-30,FY2029,Q2,89,452.4327538967642203017492189,28.8693217195837322875299713,63.18323721370173179565731637,-25.46834458235665148922606702,-9.428723157836270076607812339,30.56004479828804425222486941,-15.83514638638674771056122266,0,68.47941246776675826071315076,25,25,504.03125,11.90625,11.90625,0,0,0,0,0,492.125,238.804901806593252451080653,0,38.28376115884955920721202319,200.5211406477436932438686298,11.78990130891719905350112757,11.78990130891719905350112757,0,1.6245,1.6245,0,3.624999999999999999999999999,1.25,0,0,0,755.2651406477436932438686298,71.6335889533072456217972689,222.1664110466927543782027311,93.2788593522563067561313702,93.2788593522563067561313702,25,6.2,300,continued_draw_or_waiver_after_warning,,no,0,191.8202994119563831385782008,3.937357740359501990989405758,3.438897422716532418689311089,0,no,no,BREACHED_ANALYTICAL_THRESHOLD,SRC-001;SRC-002;SRC-003,P6M-SEVERE_UNMITIGATED-P-0037:P6M-SEVERE_UNMITIGATED-P-0039
Severe unmitigated,SEVERE_UNMITIGATED,P030,quarterly,2029-05-01,2029-07-31,FY2029,Q3,92,495.2234745572427956309660157,27.69017358369192354329321421,63.31963786060491511771786737,-27.87711982977631145165833895,-8.860629507707150916514882104,-5.5623637979150643405999348,-17.33282160950349784708381055,0,31.5638229454792020135192399,25,25,492.125,11.90625,11.90625,0,0,0,0,0,480.21875,200.5211406477436932438686298,7.28081674747188583451929583,9.17523906572875290468646968,198.6267183294868261737014559,11.26365062722233494335206606,11.26365062722233494335206606,0,1.6245,1.6245,0,3.624999999999999999999999999,1.25,0,0,0,741.4644683294868261737014559,95.1732816705131738262985441,198.6267183294868261737014559,95.1732816705131738262985441,95.1732816705131738262985441,25,6.2,300,continued_draw_or_waiver_after_warning,,no,0,207.6575804020486089224834928,3.570611132489975022115607797,4.074304202911485651394406909,0,no,no,BREACHED_ANALYTICAL_THRESHOLD,SRC-001;SRC-002;SRC-003,P6M-SEVERE_UNMITIGATED-P-0040:P6M-SEVERE_UNMITIGATED-P-0042
Severe unmitigated,SEVERE_UNMITIGATED,P031,quarterly,2029-08-01,2029-10-31,FY2029,Q4,92,489.7970172368918848163460939,27.91591743027939068561819552,63.73149366181844990338446801,-27.57165369429911798008175431,-9.039959991879832980825678429,-3.638182991584890842613500799,-17.14289560329121596857211328,0,33.91045507506251011137317553,25,25,480.21875,11.90625,11.90625,0,0,0,0,0,468.3125,198.6267183294868261737014559,6.41122263166534157951929466,10.90020913168274633712139955,194.137731829469421416099351,11.01571857504510535377107064,11.01571857504510535377107064,0,1.6245,1.6245,0,3.624999999999999999999999999,1.25,0,0,0,725.069231829469421416099351,99.662268170530578583900649,194.137731829469421416099351,99.662268170530578583900649,99.662268170530578583900649,25,6.2,300,continued_draw_or_waiver_after_warning,,no,0,218.3862828950186702828834663,3.320122592947013554177840308,4.612836862632313539064854489,0,no,no,BREACHED_ANALYTICAL_THRESHOLD,SRC-001;SRC-002;SRC-003,P6M-SEVERE_UNMITIGATED-P-0043:P6M-SEVERE_UNMITIGATED-P-0045
Severe unmitigated,SEVERE_UNMITIGATED,P032,quarterly,2029-11-01,2030-01-31,FY2030,Q1,92,399.9939970002124939063320309,22.90967547594190519832374179,32.0218213290888113607790998,-22.51646207913596170697524268,-2.376339812488212413450964282,-1.536121143932743278549447,-13.99978989500743728672162108,0,14.10957047766041838205706745,25,25,468.3125,11.90625,11.90625,0,0,0,0,0,456.40625,194.137731829469421416099351,15.11521407059047529135454983,0,209.2529459000598967074539008,10.90703454825089367341161727,10.90703454825089367341161727,0,1.5365,1.5365,0,3.624999999999999999999999999,1.25,0,0,0,728.2781959000598967074539008,84.5470540999401032925460992,209.2529459000598967074539008,84.5470540999401032925460992,84.5470540999401032925460992,25,6.2,300,continued_draw_or_waiver_after_warning,,no,0,222.2561900652139081775387517,3.276751012812602236352723192,4.94162848129710934201660474,0,no,no,PASS,SRC-001;SRC-002;SRC-003,P6M-SEVERE_UNMITIGATED-P-0046:P6M-SEVERE_UNMITIGATED-P-0048
Severe unmitigated,SEVERE_UNMITIGATED,P033,quarterly,2030-02-01,2030-04-30,FY2030,Q2,89,452.4214430779168011962416752,28.8693217195837322875299713,63.181657632771389252362425,-25.46770787374209257293883637,-9.428487439757324169855897156,0.001657285276477514434984,-15.83475050772708804186845863,0,37.92007697056345455507305322,25,25,456.40625,11.90625,11.90625,0,0,0,0,0,444.5,209.2529459000598967074539008,4.95332941951016104573235858,13.79215849589011101045332053,200.4141168236799467427329389,10.76349789418350459035209126,10.76349789418350459035209126,0,1.5365,1.5365,0,3.624999999999999999999999999,1.25,0,0,0,707.5331168236799467427329389,91.4242553309439121025802495,202.3757446690560878974197505,93.3858831763200532572670611,93.3858831763200532572670611,25,6.2,300,continued_draw_or_waiver_after_warning,,no,0,222.2546104842835656342438602,3.183435049027755465835096081,5.056999041340889165623612938,0,no,no,PASS,SRC-001;SRC-002;SRC-003,P6M-SEVERE_UNMITIGATED-P-0049:P6M-SEVERE_UNMITIGATED-P-0051
Severe unmitigated,SEVERE_UNMITIGATED,P034,quarterly,2030-05-01,2030-07-31,FY2030,Q3,92,495.2110939703788645610752413,27.69017358369192354329321421,63.31805486965839999483992445,-27.87642290178056704387204749,-8.86040799196945823774196924,0.0018287050278167091345221,-17.33238828896326025963763345,0,37.12708729375349820659484387,25,25,444.5,11.90625,11.90625,0,0,0,0,0,432.59375,200.4141168236799467427329389,5.10615816636271678298022616,13.48899980524808851241637159,192.0312751847945750132967936,10.42649565486812647715869843,10.42649565486812647715869843,0,1.5365,1.5365,0,3.624999999999999999999999999,1.25,0,0,0,687.2440251847945750132967936,100.1119200104606670229597642,193.6880799895393329770402358,101.7687248152054249867032064,101.7687248152054249867032064,25,6.2,300,continued_draw_or_waiver_after_warning,,no,0,222.2530274933370505113659174,3.092169465297373931029442809,5.155158152702188902064165901,0,no,no,PASS,SRC-001;SRC-002;SRC-003,P6M-SEVERE_UNMITIGATED-P-0052:P6M-SEVERE_UNMITIGATED-P-0054
Severe unmitigated,SEVERE_UNMITIGATED,P035,quarterly,2030-08-01,2030-10-31,FY2030,Q4,92,489.7847723114609625192256851,27.91591743027939068561819552,63.72990037447690444213688346,-27.57096440295676050213225227,-9.039733992880035985001157798,0.0018058881173999855761078,-17.14246703090113368817289898,0,37.54950523881313475453893449,25,25,432.59375,11.90625,11.90625,0,0,0,0,0,420.6875,192.0312751847945750132967936,4.8507970116058770757272345,13.99554687123696205440367723,182.8865253251634900346203508,10.08700537918204977586249175,10.08700537918204977586249175,0,1.5365,1.5365,0,3.624999999999999999999999999,1.25,0,0,0,666.1930253251634900346203508,108.7473418460439033590267154,185.0526581539560966409732846,110.9134746748365099653796492,110.9134746748365099653796492,25,6.2,300,continued_draw_or_waiver_after_warning,,no,0,222.2514342059955050501183328,2.997474584158126058237598345,5.268615063324592466281641821,0,no,no,PASS,SRC-001;SRC-002;SRC-003,P6M-SEVERE_UNMITIGATED-P-0055:P6M-SEVERE_UNMITIGATED-P-0057
Severe unmitigated,SEVERE_UNMITIGATED,P036,quarterly,2030-11-01,2031-01-31,FY2031,Q1,92,399.9839971502874885939843726,22.90967547594190519832374179,32.02102078355558414049508032,-22.5158991675839833079325683,-2.376280403992900208140628008,0.0015251072472576468757836,-13.99943990026006210078945304,0,15.64682558654987947844078288,25,25,420.6875,11.90625,11.90625,0,0,604.2580066325874107610893045,0,604.2580066325874107610893045,408.78125,182.8865253251634900346203508,12.59023130742392072646895363,0,195.4767566325874107610893045,9.919306893973800204909736506,9.919306893973800204909736506,0,1.5365,1.5365,0,3.624999999999999999999999999,1.25,0,0,0,666.8770066325874107610893045,0,195.4767566325874107610893045,0,0,25,6.2,300,continued_draw_or_waiver_after_warning,,no,0,222.250633660462277829834313,3.000562903462366295121569448,5.394916588386300645825817379,604.2580066325874107610893045,yes,no,MATURITY_SHORTFALL,SRC-001;SRC-002;SRC-003,P6M-SEVERE_UNMITIGATED-P-0058:P6M-SEVERE_UNMITIGATED-P-0060
Severe mitigated,SEVERE_MITIGATED,P001,monthly,2026-02-01,2026-02-28,FY2026,Q2,28,38.45966848425,28.8693217195837322875299713,3.928740408283005596877055965,-8.4900849345702,-0.4409421874919011492192639912,-18.45157969353030785852827159,-1.34608839694875,-0.32,-16.62986986968795341087047962,25,25,635,0,0,0,0,0,0,0,635,29.89771875,23.78419380313284113378740034,0,53.68191255313284113378740034,4.833407266778221056250254048,4.833407266778221056250254048,0,0.6959166666666666666666666667,0.6959166666666666666666666667,0,1.208333333333333333333333333,0.4166666666666666666666666667,0,0,0,751.3009125531328411337874003,240.1180874468671588662125997,53.68191255313284113378740034,240.1180874468671588662125997,240.1180874468671588662125997,25,6.2,300,available_before_analytical_shutoff,,no,0,,,,0,no,no,PASS,SRC-001;SRC-002;SRC-003,P6M-SEVERE_MITIGATED-P-0001:P6M-SEVERE_MITIGATED-P-0001
Severe mitigated,SEVERE_MITIGATED,P002,monthly,2026-03-01,2026-03-31,FY2026,Q2,31,96.149171210625,28.8693217195837322875299713,9.821851020707513992192639912,-8.4900849345702,-1.102355468729752873048159978,-46.12894923382576964632067898,-3.365220992371875,-0.8,-41.57467467421988352717619905,25,25,635,0,0,0,0,0,0,0,635,53.68191255313284113378740034,48.98885905056312519832708282,0,102.6707716036959663321144832,5.093267709676575004484217104,5.093267709676575004484217104,0,0.6959166666666666666666666667,0.6959166666666666666666666667,0,1.208333333333333333333333333,0.4166666666666666666666666667,0,0,0,800.2897716036959663321144832,191.1292283963040336678855168,102.6707716036959663321144832,191.1292283963040336678855168,191.1292283963040336678855168,25,6.2,300,available_before_analytical_shutoff,,no,0,,,,0,no,no,PASS,SRC-001;SRC-002;SRC-003,P6M-SEVERE_MITIGATED-P-0002:P6M-SEVERE_MITIGATED-P-0002
Severe mitigated,SEVERE_MITIGATED,P003,monthly,2026-04-01,2026-04-30,FY2026,Q2,30,249.987845147625,28.8693217195837322875299713,25.53681265383953637970086377,-8.4900849345702,-2.866124218697357469925215943,-119.9352680079470010804337653,-8.749574580166875,-2.08,-108.0941541529716971706581175,25,25,635,11.90625,11.90625,0,0,0,0,0,623.09375,102.6707716036959663321144832,128.004085601468070348742276,0,230.6748572051640366808567592,5.682764781829706511417491775,5.682764781829706511417491775,0,0.6959166666666666666666666667,0.6959166666666666666666666667,0,1.208333333333333333333333333,0.4166666666666666666666666667,0,0,0,916.3876072051640366808567592,63.1251427948359633191432408,230.6748572051640366808567592,63.1251427948359633191432408,63.1251427948359633191432408,25,6.2,300,available_before_analytical_shutoff,,no,0,,,,0,no,no,PASS,SRC-001;SRC-002;SRC-003,P6M-SEVERE_MITIGATED-P-0003:P6M-SEVERE_MITIGATED-P-0003
Severe mitigated,SEVERE_MITIGATED,P004,monthly,2026-05-01,2026-05-31,FY2026,Q3,31,42.097152544875,27.69017358369192354329321421,3.8039296805939422048852986,-9.2930702394357,-0.35854919238445967622132465,1.6014683605503179664396714,-1.473400339070625,-0.25,3.32344850968917549510364535,25,25,623.09375,0,0,0,0,0,0,0,623.09375,230.6748572051640366808567592,4.08856521170881604502758604,0,234.7634224168728527258843452,6.111930388064658206797898045,6.111930388064658206797898045,0,0.6959166666666666666666666667,0.6959166666666666666666666667,0,0.6041666666666666666666666665,0,0,0,0,920.4761724168728527258843452,59.0365775831271472741156548,234.7634224168728527258843452,59.0365775831271472741156548,59.0365775831271472741156548,25,6.2,300,available_before_analytical_shutoff,,no,0,,,,0,no,no,PASS,SRC-001;SRC-002;SRC-003,P6M-SEVERE_MITIGATED-P-0004:P6M-SEVERE_MITIGATED-P-0004
Severe mitigated,SEVERE_MITIGATED,P005,monthly,2026-06-01,2026-06-30,FY2026,Q3,30,105.2428813621875,27.69017358369192354329321421,9.5098242014848555122132465,-9.2930702394357,-0.896372980961149190553311625,4.0036709013757949160991785,-3.6835008476765625,-0.625,8.308621274222938737759113375,25,25,623.09375,0,0,0,0,0,0,0,623.09375,234.7634224168728527258843452,0,0.88516875798523198761909625,233.878253658887620738265249,6.123369182904373416806683788,6.123369182904373416806683788,0,0.6959166666666666666666666667,0.6959166666666666666666666667,0,0.6041666666666666666666666665,0,0,0,0,919.591003658887620738265249,59.921746341112379261734751,233.878253658887620738265249,59.921746341112379261734751,59.921746341112379261734751,25,6.2,300,available_before_analytical_shutoff,,no,0,,,,0,no,no,PASS,SRC-001;SRC-002;SRC-003,P6M-SEVERE_MITIGATED-P-0005:P6M-SEVERE_MITIGATED-P-0005
Severe mitigated,SEVERE_MITIGATED,P006,monthly,2026-07-01,2026-07-31,FY2026,Q3,31,273.6314915416875,27.69017358369192354329321421,24.7255429238606243317544409,-9.2930702394357,-2.330569750498987895438610225,10.4095443435770667818578641,-9.5771022039590625,-1.625,21.60241531297964071817369478,25,25,623.09375,11.90625,11.90625,0,0,0,0,0,611.1875,233.878253658887620738265249,0,2.32669706867212236407750905,231.55155659021549837418774,6.069384910974185020762852392,6.069384910974185020762852392,0,0.6959166666666666666666666667,0.6959166666666666666666666667,0,0.6041666666666666666666666665,0,0,0,0,905.35805659021549837418774,62.24844340978450162581226,231.55155659021549837418774,62.24844340978450162581226,62.24844340978450162581226,25,6.2,300,available_before_analytical_shutoff,,no,0,,,,0,no,no,PASS,SRC-001;SRC-002;SRC-003,P6M-SEVERE_MITIGATED-P-0006:P6M-SEVERE_MITIGATED-P-0006
Severe mitigated,SEVERE_MITIGATED,P007,monthly,2026-08-01,2026-08-31,FY2026,Q4,31,41.63586907725,27.91591743027939068561819552,3.85623817944504740475302303,-9.1912405572414,-0.3781179593371226011882557575,1.5809503490193561167678363,-1.45725541770375,-0.25,3.351815151423530920332603572,25,25,611.1875,0,0,0,0,0,0,0,611.1875,231.55155659021549837418774,3.98104526017248770193192626,0,235.5326018503879860761196663,6.032777078262685288931196486,6.032777078262685288931196486,0,0.6959166666666666666666666667,0.6959166666666666666666666667,0,0.6041666666666666666666666665,0,0,0,0,909.3391018503879860761196663,58.2673981496120139238803337,235.5326018503879860761196663,58.2673981496120139238803337,58.2673981496120139238803337,25,6.2,300,available_before_analytical_shutoff,,no,0,,,,0,no,no,PASS,SRC-001;SRC-002;SRC-003,P6M-SEVERE_MITIGATED-P-0007:P6M-SEVERE_MITIGATED-P-0007
Severe mitigated,SEVERE_MITIGATED,P008,monthly,2026-09-01,2026-09-30,FY2026,Q4,30,104.089672693125,27.91591743027939068561819552,9.640595448612618511882557575,-9.1912405572414,-0.9452948983428065029706393938,3.95237587254839029191959075,-3.643138544259375,-0.625,8.37953787855882730083150893,25,25,611.1875,0,0,0,0,0,0,0,611.1875,235.5326018503879860761196663,0,1.03616177886206030013494738,234.4964400715259257759847189,6.043292766363433667363228205,6.043292766363433667363228205,0,0.6959166666666666666666666667,0.6959166666666666666666666667,0,0.6041666666666666666666666665,0,0,0,0,908.3029400715259257759847189,59.3035599284740742240152811,234.4964400715259257759847189,59.3035599284740742240152811,59.3035599284740742240152811,25,6.2,300,available_before_analytical_shutoff,,no,0,,,,0,no,no,PASS,SRC-001;SRC-002;SRC-003,P6M-SEVERE_MITIGATED-P-0008:P6M-SEVERE_MITIGATED-P-0008
Severe mitigated,SEVERE_MITIGATED,P009,monthly,2026-10-01,2026-10-31,FY2026,Q4,31,270.633149002125,27.91591743027939068561819552,25.0655481663928081308946497,-9.1912405572414,-2.457766735691296907723662424,10.27617726862581475899093595,-9.472160215074375,-1.625,21.78679848425295098216192322,25,25,611.1875,11.90625,11.90625,0,0,0,0,0,599.28125,234.4964400715259257759847189,0,2.59264548486785247121937273,231.9037945866580733047653462,5.987819666051765177609217152,5.987819666051765177609217152,0,0.6959166666666666666666666667,0.6959166666666666666666666667,0,0.6041666666666666666666666665,0,0,0,0,893.8040445866580733047653462,61.8962054133419266952346538,231.9037945866580733047653462,61.8962054133419266952346538,61.8962054133419266952346538,25,6.2,300,continued_draw_or_waiver_after_warning,,no,0,147.914106394588062870855216,6.042723485765931740088159603,,0,no,no,BREACHED_ANALYTICAL_THRESHOLD,SRC-001;SRC-002;SRC-003,P6M-SEVERE_MITIGATED-P-0009:P6M-SEVERE_MITIGATED-P-0009
Severe mitigated,SEVERE_MITIGATED,P010,monthly,2026-11-01,2026-11-30,FY2027,Q1,30,34.0020398342523375,22.90967547594190519832374179,1.446982468506440104999160289,-7.50605029941071601,0,1.35681565319945013700660506,-1.1900713941988318125,-0.25,1.363726727507058429505765349,25,25,599.28125,0,0,0,0,0,0,0,599.28125,231.9037945866580733047653462,5.86668542177284470336354326,0,237.7704800084309180081288895,5.956995482613236466202641936,5.956995482613236466202641936,0,0.66925,0.66925,0,0.6041666666666666666666666665,0,0,0,0,899.6707300084309180081288895,56.0295199915690819918711105,237.7704800084309180081288895,56.0295199915690819918711105,56.0295199915690819918711105,25,6.2,300,continued_draw_or_waiver_after_warning,,no,0,138.6860809593051327072872296,6.48710183304136098717838043,,0,no,no,BREACHED_ANALYTICAL_THRESHOLD,SRC-001;SRC-002;SRC-003,P6M-SEVERE_MITIGATED-P-0010:P6M-SEVERE_MITIGATED-P-0010
Severe mitigated,SEVERE_MITIGATED,P011,monthly,2026-12-01,2026-12-31,FY2027,Q1,31,85.00509958563084375,22.90967547594190519832374179,3.617456171266100262497900722,-7.50605029941071601,0,3.39203913299862534251651265,-2.97517848549707953125,-0.625,3.409316818767646073764413372,25,25,599.28125,0,0,0,0,0,0,0,599.28125,237.7704800084309180081288895,3.85581275107228815333109381,0,241.6262927595032061614599833,5.991712903173267560428840507,5.991712903173267560428840507,0,0.66925,0.66925,0,0.6041666666666666666666666665,0,0,0,0,903.5265427595032061614599833,52.1737072404967938385400167,241.6262927595032061614599833,52.1737072404967938385400167,52.1737072404967938385400167,25,6.2,300,continued_draw_or_waiver_after_warning,,no,0,131.6285292267818627012179836,6.864215136847907123881903274,,0,no,no,BREACHED_ANALYTICAL_THRESHOLD,SRC-001;SRC-002;SRC-003,P6M-SEVERE_MITIGATED-P-0011:P6M-SEVERE_MITIGATED-P-0011
Severe mitigated,SEVERE_MITIGATED,P012,monthly,2027-01-01,2027-01-31,FY2027,Q1,31,221.01325892264019375,22.90967547594190519832374179,9.405386045291860682494541878,-7.50605029941071601,0,8.81930174579642589054293289,-7.73546406229240678125,-1.625,8.864223728795879791787474768,25,25,599.28125,11.90625,11.90625,0,0,0,0,0,587.375,241.6262927595032061614599833,10.31524308522002413369242393,0,251.9415358447232302951524072,5.999800147349237258813232029,5.999800147349237258813232029,0,0.66925,0.66925,0,0.6041666666666666666666666665,0,0,0,0,901.9355358447232302951524072,41.8584641552767697048475928,251.9415358447232302951524072,41.8584641552767697048475928,41.8584641552767697048475928,25,6.2,300,continued_draw_or_waiver_after_warning,,no,0,130.3589073682843531151453789,6.918863881672572794290344691,1.864226950094369393974978001,0,no,no,BREACHED_ANALYTICAL_THRESHOLD,SRC-001;SRC-002;SRC-003,P6M-SEVERE_MITIGATED-P-0012:P6M-SEVERE_MITIGATED-P-0012
Severe mitigated,SEVERE_MITIGATED,P013,monthly,2027-02-01,2027-02-28,FY2027,Q2,28,38.45870699253789375,28.8693217195837322875299713,3.928642189772798521737134038,-8.489872682446835745,-0.4409311639372138516905335095,0.00025014541421265337632338,-1.34605474473882628125,0,2.141906426510971042172923908,25,25,587.375,0,0,0,0,0,0,0,587.375,251.9415358447232302951524072,5.14399752480527713058315973,0,257.0855333695285074257355669,6.012487284649581506089416967,6.012487284649581506089416967,0,0.66925,0.66925,0,0.6041666666666666666666666665,0,0,0,0,907.0795333695285074257355669,36.7144666304714925742644331,257.0855333695285074257355669,36.7144666304714925742644331,36.7144666304714925742644331,25,6.2,300,continued_draw_or_waiver_after_warning,,no,0,130.3588091497741460400054569,6.958329393200812878660271166,1.833312776063322360318965684,0,no,no,BREACHED_ANALYTICAL_THRESHOLD,SRC-001;SRC-002;SRC-003,P6M-SEVERE_MITIGATED-P-0013:P6M-SEVERE_MITIGATED-P-0013
Severe mitigated,SEVERE_MITIGATED,P014,monthly,2027-03-01,2027-03-31,FY2027,Q2,31,96.146767481344734375,28.8693217195837322875299713,9.821605474431996304342835095,-8.489872682446835745,-1.102327909843034629226333774,0.00062536353553163344080845,-3.365136861847065703125,0,5.35476606627742760543230977,25,25,587.375,0,0,0,0,0,0,0,587.375,257.0855333695285074257355669,1.95649255168881214439302538,0,259.0420259212173195701285923,6.037841951299573083158668481,6.037841951299573083158668481,0,0.66925,0.66925,0,0.6041666666666666666666666665,0,0,0,0,909.0360259212173195701285923,34.7579740787826804298714077,259.0420259212173195701285923,34.7579740787826804298714077,34.7579740787826804298714077,25,6.2,300,continued_draw_or_waiver_after_warning,,no,0,130.3585636034986283521556521,6.97335104647333008730239425,1.809274728490506623946663931,0,no,no,BREACHED_ANALYTICAL_THRESHOLD,SRC-001;SRC-002;SRC-003,P6M-SEVERE_MITIGATED-P-0014:P6M-SEVERE_MITIGATED-P-0014
Severe mitigated,SEVERE_MITIGATED,P015,monthly,2027-04-01,2027-04-30,FY2027,Q2,30,249.981595451496309375,28.8693217195837322875299713,25.53617423352319039129137125,-8.489872682446835745,-2.866052565591890035988467812,0.00162594519238224694610197,-8.749355840802370828125,0,13.9223917723213117741240054,25,25,587.375,11.90625,11.90625,0,0,0,0,0,575.46875,259.0420259212173195701285923,5.27843633650626954203808537,0,264.3204622577235891121666777,6.021161442160914649495424097,6.021161442160914649495424097,0,0.66925,0.66925,0,0.6041666666666666666666666665,0,0,0,0,902.4082122577235891121666777,29.4795377422764108878333223,264.3204622577235891121666777,29.4795377422764108878333223,29.4795377422764108878333223,25,6.2,300,continued_draw_or_waiver_after_warning,,no,0,130.3579251831822823637461596,6.922542001106849051106938647,1.800808047646651465852370982,0,no,no,BREACHED_ANALYTICAL_THRESHOLD,SRC-001;SRC-002;SRC-003,P6M-SEVERE_MITIGATED-P-0015:P6M-SEVERE_MITIGATED-P-0015
Severe mitigated,SEVERE_MITIGATED,P016,monthly,2027-05-01,2027-05-31,FY2027,Q3,31,42.096100116061378125,27.69017358369192354329321421,3.80383458235192735633017647,-9.2928379126797141075,-0.3585402286546500647294191175,0.00027602551325302287275681,-1.473363504062148234375,0,1.972206875148382080098514162,25,25,575.46875,0,0,0,0,0,0,0,575.46875,264.3204622577235891121666777,5.31769301118321773737641934,0,269.638155268906806849543097,6.016483219664933150808266831,6.016483219664933150808266831,0,0.66925,0.66925,0,0.6041666666666666666666666665,0,0,0,0,907.725905268906806849543097,24.161844731093193150456903,269.638155268906806849543097,24.161844731093193150456903,24.161844731093193150456903,25,6.2,300,continued_draw_or_waiver_after_warning,,no,0,130.3578300849402675151910375,6.963340097617755958032090843,1.803184303041293220637808456,0,no,no,BREACHED_ANALYTICAL_THRESHOLD,SRC-001;SRC-002;SRC-003,P6M-SEVERE_MITIGATED-P-0016:P6M-SEVERE_MITIGATED-P-0016
Severe mitigated,SEVERE_MITIGATED,P017,monthly,2027-06-01,2027-06-30,FY2027,Q3,30,105.2402502901534453125,27.69017358369192354329321421,9.509586455879818390825441175,-9.2928379126797141075,-0.8963505716366251618235477938,0.000690063783132557181892025,-3.6834087601553705859375,0,4.930517187870955200246285405,25,25,575.46875,0,0,0,0,0,0,0,575.46875,269.638155268906806849543097,2.38689449635383694835403904,0,272.025049765260643797897136,6.043995017558125481933657766,6.043995017558125481933657766,0,0.66925,0.66925,0,0.6041666666666666666666666665,0,0,0,0,910.112799765260643797897136,21.774950234739356202102864,272.025049765260643797897136,21.774950234739356202102864,21.774950234739356202102864,25,6.2,300,continued_draw_or_waiver_after_warning,,no,0,130.3575923393352303938032322,6.981663157724916916533596752,1.805162991306532665680175729,0,no,no,BREACHED_ANALYTICAL_THRESHOLD,SRC-001;SRC-002;SRC-003,P6M-SEVERE_MITIGATED-P-0017:P6M-SEVERE_MITIGATED-P-0017
Severe mitigated,SEVERE_MITIGATED,P018,monthly,2027-07-01,2027-07-31,FY2027,Q3,31,273.6246507543989578125,27.69017358369192354329321421,24.72492478528752781614614706,-9.2928379126797141075,-2.330511486255225420741224264,0.001794165836144648672919265,-9.5768627764039635234375,0,12.81934468846448352064034205,25,25,575.46875,11.90625,11.90625,0,0,0,0,0,563.5625,272.025049765260643797897136,6.39315385069258781992016534,0,278.4182036159532316178173013,6.032831872490404673893840722,6.032831872490404673893840722,0,0.66925,0.66925,0,0.6041666666666666666666666665,0,0,0,0,904.5997036159532316178173013,15.3817963840467683821826987,278.4182036159532316178173013,15.3817963840467683821826987,15.3817963840467683821826987,25,6.2,300,continued_draw_or_waiver_after_warning,,no,0,130.3569742007621338781949383,6.939403964860243563107473789,1.806068624314958251269849516,0,no,no,BREACHED_ANALYTICAL_THRESHOLD,SRC-001;SRC-002;SRC-003,P6M-SEVERE_MITIGATED-P-0018:P6M-SEVERE_MITIGATED-P-0018
Severe mitigated,SEVERE_MITIGATED,P019,monthly,2027-08-01,2027-08-31,FY2027,Q4,31,41.63482818052306875,27.91591743027939068561819552,3.85614177349056127856790421,-9.191010776227468965,-0.3781085063881391731232260525,0.00027258029028026952173835,-1.45721898631830740625,0,2.021086861074394968716416508,25,25,563.5625,0,0,0,0,0,0,0,563.5625,278.4182036159532316178173013,5.2843448452982332048977856,0,283.7025484612514648227150869,6.032015039705961506947535442,6.032015039705961506947535442,0,0.66925,0.66925,0,0.6041666666666666666666666665,0,0,0,0,909.8840484612514648227150869,10.0974515387485351772849131,283.7025484612514648227150869,10.0974515387485351772849131,10.0974515387485351772849131,25,6.2,300,continued_draw_or_waiver_after_warning,,no,0,130.3568777948076477520098195,6.979946619260727693971241975,1.806086357082467960949412408,0,no,no,BREACHED_ANALYTICAL_THRESHOLD,SRC-001;SRC-002;SRC-003,P6M-SEVERE_MITIGATED-P-0019:P6M-SEVERE_MITIGATED-P-0019
Severe mitigated,SEVERE_MITIGATED,P020,monthly,2027-09-01,2027-09-30,FY2027,Q4,30,104.087070451307671875,27.91591743027939068561819552,9.640354433726403196419760525,-9.191010776227468965,-0.9452712659703479328080651312,0.000681450725700673804345875,-3.643047465795768515625,0,5.05271715268598742179104127,25,25,563.5625,0,0,0,0,0,0,0,563.5625,283.7025484612514648227150869,2.27972458494554103233880922,0,285.9822730461970058550538961,6.059025070964861787463183822,6.059025070964861787463183822,0,0.66925,0.66925,0,0.6041666666666666666666666665,0,0,0,0,912.1637730461970058550538961,7.8177269538029941449461039,285.9822730461970058550538961,7.8177269538029941449461039,7.8177269538029941449461039,25,6.2,300,continued_draw_or_waiver_after_warning,,no,0,130.3566367799214324365470224,6.997447890483591673146558223,1.805689431543999267050219296,0,no,no,BREACHED_ANALYTICAL_THRESHOLD,SRC-001;SRC-002;SRC-003,P6M-SEVERE_MITIGATED-P-0020:P6M-SEVERE_MITIGATED-P-0020
Severe mitigated,SEVERE_MITIGATED,P021,monthly,2027-10-01,2027-10-31,FY2027,Q4,31,270.626383173399946875,27.91591743027939068561819552,25.06492152768864831069137736,-9.191010776227468965,-2.457705291522904625300969341,0.001771771886821751891299275,-9.471923411068998140625,0,13.1370645969835672966567073,25,25,563.5625,11.90625,11.90625,0,0,0,0,0,551.65625,285.9822730461970058550538961,6.08899520987141642583005683,0,292.0712682560684222808839529,6.046393140188317055820097456,6.046393140188317055820097456,0,0.66925,0.66925,0,0.6041666666666666666666666665,0,0,0,0,906.3465182560684222808839529,1.7287317439315777191160471,292.0712682560684222808839529,1.7287317439315777191160471,1.7287317439315777191160471,25,6.2,300,continued_draw_or_waiver_after_warning,,no,0,130.3560101412172726163437501,6.952855624180312930251039561,1.804216891080964000615440467,0,no,no,BREACHED_ANALYTICAL_THRESHOLD,SRC-001;SRC-002;SRC-003,P6M-SEVERE_MITIGATED-P-0021:P6M-SEVERE_MITIGATED-P-0021
Severe mitigated,SEVERE_MITIGATED,P022,monthly,2027-11-01,2027-11-30,FY2028,Q1,30,34.0011897832564811915625,22.90967547594190519832374179,1.44694629394472744399653531,-7.50586264815323074209975,0,0.00023022158667147858362833,-1.1900416424139768417046875,0,0.25713487311742208087547614,25,19.78073957790128880876353345,551.65625,0,0,0,0,0,0,0,551.65625,292.0712682560684222808839529,1.7287317439315777191160471,0,293.8,6.031793705814377657894656448,6.031793705814377657894656448,0,0.5691666666666666666666666667,0.5691666666666666666666666667,0,0.6041666666666666666666666665,0,0,0,0,908.07525,0,293.8,0,0,25,6.2,300,continued_draw_or_waiver_after_warning,,yes,5.21926042209871119123646655,130.3559739666555599553411251,6.966119176343090675840607438,1.80235049104025595858205733,0,no,no,LIQUIDITY_FAILURE,SRC-001;SRC-002;SRC-003,P6M-SEVERE_MITIGATED-P-0022:P6M-SEVERE_MITIGATED-P-0022
Severe mitigated,SEVERE_MITIGATED,P023,monthly,2027-12-01,2027-12-31,FY2028,Q1,31,85.00297445814120297890625,22.90967547594190519832374179,3.617365734861818609991338275,-7.50586264815323074209975,0,0.000575553966678696459070825,-2.97510410603494210426171875,0,0.64283718279355520218869035,19.78073957790128880876353345,13.21227670861151067761889046,551.65625,0,0,0,0,0,0,0,551.65625,293.8,0,0,293.8,6.03796671875,6.03796671875,0,0.5691666666666666666666666667,0.5691666666666666666666666667,0,0.6041666666666666666666666665,0,0,0,0,908.07525,0,293.8,0,0,25,6.2,300,continued_draw_or_waiver_after_warning,,yes,11.78772329138848932238110954,130.3558835302512783028345627,6.966124009195686544564470018,1.801197334288091191563985722,0,no,no,LIQUIDITY_FAILURE,SRC-001;SRC-002;SRC-003,P6M-SEVERE_MITIGATED-P-0023:P6M-SEVERE_MITIGATED-P-0023
Severe mitigated,SEVERE_MITIGATED,P024,monthly,2028-01-01,2028-01-31,FY2028,Q1,31,221.00773359116712774515625,22.90967547594190519832374179,9.405150910640728385977479515,-7.50586264815323074209975,0,0.001496440313364610793584145,-7.73527067569084947108046875,0,1.67137667526324352569059491,13.21227670861151067761889046,0,551.65625,11.90625,8.319035232833087536642818703,3.587214767166912463357181297,0,0,0,0,543.3372147671669124633571813,293.8,0,0,293.8,5.995451484375,5.995451484375,0,0.5691666666666666666666666667,0.5691666666666666666666666667,0,0,0,0.6041666666666666666666666665,0,3.587214767166912463357181297,899.7562147671669124633571813,0,293.8,0,0,25,6.2,300,continued_draw_or_waiver_after_warning,,yes,25,130.3556483956001460063175003,6.902318586430629165291566537,1.801302321626061916656584818,0,no,yes,MANDATORY_PAYMENT_FAILURE,SRC-001;SRC-002;SRC-003,P6M-SEVERE_MITIGATED-P-0024:P6M-SEVERE_MITIGATED-P-0024
Severe mitigated,SEVERE_MITIGATED,P025,quarterly,2028-02-01,2028-04-30,FY2028,Q2,90,398.1507771985824784275,28.8693217195837322875299713,43.6581154980704003242203646,-25.468981306889323722319125,-5.311352987001948862144883649,32.0373336585348705461590019,-13.9352772019503867449625,0,56.44881896765293526327198285,0,25,543.3372147671669124633571813,11.90625,11.90625,0,0,0,0,0,531.4309647671669124633571813,293.8,0,0.19319050853911617141627041,293.6068094914608838285837296,17.05733909955498696121653762,17.00271179244715242518904576,0.054627307107834536027491859,1.7075,1.138333333333333333333333333,0.5691666666666666666666666667,1.208333333333333333333333333,0,0.6041666666666666666666666665,0,0.054627307107834536027491859,887.6567742586277962919409109,0,293.8,0.1931905085391161714162704,0.1931905085391161714162704,25,6.2,300,continued_draw_or_waiver_after_warning,,yes,25,134.7273419959425611131665245,6.588542170492463241069799043,1.888172693177702344906234239,0,no,yes,BREACHED_ANALYTICAL_THRESHOLD,SRC-001;SRC-002;SRC-003,P6M-SEVERE_MITIGATED-P-0025:P6M-SEVERE_MITIGATED-P-0027
Severe mitigated,SEVERE_MITIGATED,P026,quarterly,2028-05-01,2028-07-31,FY2028,Q3,92,450.66462846280251408703125,27.69017358369192354329321421,47.48235687051268933381257548,-27.8778167751956913439419375,-5.528385901271152552706353088,29.5553832872862164091058058,-15.77326199619808799304609375,0,55.73609226032966519716593443,25,25,531.4309647671669124633571813,11.90625,11.90625,0,0,0,0,0,519.5247147671669124633571813,293.6068094914608838285837296,0.1931905085391161714162704,24.63516536250992590678582692,269.164834637490074093214173,15.86786740635885546179637788,15.86786740635885546179637788,0,1.7075,1.7075,0,1.8125,0,0,0,0,851.3085494046569865565713543,0,293.8,24.635165362509925906785827,24.635165362509925906785827,25,6.2,300,continued_draw_or_waiver_after_warning,,yes,0.74927864135726101179574708,144.1713530429359768836773353,5.904838453941172204968515269,2.085575489024569781979845315,0,no,no,BREACHED_ANALYTICAL_THRESHOLD,SRC-001;SRC-002;SRC-003,P6M-SEVERE_MITIGATED-P-0028:P6M-SEVERE_MITIGATED-P-0030
Severe mitigated,SEVERE_MITIGATED,P027,quarterly,2028-08-01,2028-10-31,FY2028,Q4,92,460.420706720346380386875,27.91591743027939068561819552,53.00279116884838854298449462,-27.572343002874189834827625,-6.77119718653666252456163178,28.3341955420845204571027842,-16.114724735212123313540625,0,58.45106478918412316198502204,25,25,519.5247147671669124633571813,11.90625,11.90625,0,0,0,0,0,507.6184647671669124633571813,269.164834637490074093214173,0.17262527378672909535511951,28.84126058448790447463311756,240.4961993267888987139361749,14.35617947848294778270702397,14.35617947848294778270702397,0,1.7075,1.7075,0,1.8125,0,0,0,0,810.7336640939558111772933562,24.4625400887231968114307075,269.3374599112768031885692925,53.3038006732111012860638251,53.3038006732111012860638251,25,6.2,300,continued_draw_or_waiver_after_warning,,no,0,158.6127264768787526409827879,5.111403618751474135956057085,2.427253010719530652979163311,0,no,no,BREACHED_ANALYTICAL_THRESHOLD,SRC-001;SRC-002;SRC-003,P6M-SEVERE_MITIGATED-P-0031:P6M-SEVERE_MITIGATED-P-0033
Severe mitigated,SEVERE_MITIGATED,P028,quarterly,2028-11-01,2029-01-31,FY2029,Q1,92,388.0038771871357974840791719,22.90967547594190519832374179,28.15191415889357346612381439,-22.51702500476108073399359252,-1.577599976068831288537507412,29.1491159280903734764619799,-13.58013570154975291194277101,0,42.14329440936536274210551588,25,25,507.6184647671669124633571813,11.90625,11.90625,0,0,0,0,0,495.7122147671669124633571813,240.4961993267888987139361749,1.28035493045278328112155821,15.13378249857228344061966118,226.6427717586693985544380719,12.9466168412458625826074129,12.9466168412458625826074129,0,1.6245,1.6245,0,1.8125,0,0,0,0,784.9739865258363110177952532,52.0234457427583180049422669,241.7765542572416819950577331,67.1572282413306014455619281,67.1572282413306014455619281,25,6.2,300,continued_draw_or_waiver_after_warning,,no,0,172.295177696325051667141249,4.55598349890775448546775134,2.860715441538246041151632395,0,no,no,BREACHED_ANALYTICAL_THRESHOLD,SRC-001;SRC-002;SRC-003,P6M-SEVERE_MITIGATED-P-0034:P6M-SEVERE_MITIGATED-P-0036
Severe mitigated,SEVERE_MITIGATED,P029,quarterly,2029-02-01,2029-04-30,FY2029,Q2,89,452.4327538967642203017492189,28.8693217195837322875299713,63.18323721370173179565731637,-25.46834458235665148922606702,-9.428723157836270076607812339,30.56004479828804425222486941,-15.83514638638674771056122266,0,68.47941246776675826071315076,25,25,495.7122147671669124633571813,11.90625,11.90625,0,0,0,0,0,483.8059647671669124633571813,226.6427717586693985544380719,0,41.71073987760104499794748323,184.9320318810683535564905887,11.42542259016571326276566752,11.42542259016571326276566752,0,1.6245,1.6245,0,1.8125,0,0,0,0,731.35699664823526601984777,84.931796727251383457459501,208.868203272748616542540499,108.8679681189316464435094113,108.8679681189316464435094113,25,6.2,300,continued_draw_or_waiver_after_warning,,no,0,191.8202994119563831385782008,3.812719503046761123142586536,3.513444137750420466615322384,0,no,no,BREACHED_ANALYTICAL_THRESHOLD,SRC-001;SRC-002;SRC-003,P6M-SEVERE_MITIGATED-P-0037:P6M-SEVERE_MITIGATED-P-0039
Severe mitigated,SEVERE_MITIGATED,P030,quarterly,2029-05-01,2029-07-31,FY2029,Q3,92,495.2234745572427956309660157,27.69017358369192354329321421,63.31963786060491511771786737,-27.87711982977631145165833895,-8.860629507707150916514882104,-5.5623637979150643405999348,-17.33282160950349784708381055,0,31.5638229454792020135192399,25,25,483.8059647671669124633571813,11.90625,11.90625,0,0,0,0,0,471.8997147671669124633571813,184.9320318810683535564905887,6.11320921977249528191830358,11.49136333273341198480067562,179.5538777681074368536082167,10.84241883251828531063686785,10.84241883251828531063686785,0,1.6245,1.6245,0,1.8125,0,0,0,0,714.072592535274349316965398,114.2461222318925631463917833,179.5538777681074368536082167,114.2461222318925631463917833,114.2461222318925631463917833,25,6.2,300,continued_draw_or_waiver_after_warning,,no,0,207.6575804020486089224834928,3.43870226722640650189604716,4.189124648367718408246209274,0,no,no,BREACHED_ANALYTICAL_THRESHOLD,SRC-001;SRC-002;SRC-003,P6M-SEVERE_MITIGATED-P-0040:P6M-SEVERE_MITIGATED-P-0042
Severe mitigated,SEVERE_MITIGATED,P031,quarterly,2029-08-01,2029-10-31,FY2029,Q4,92,489.7970172368918848163460939,27.91591743027939068561819552,63.73149366181844990338446801,-27.57165369429911798008175431,-9.039959991879832980825678429,-3.638182991584890842613500799,-17.14289560329121596857211328,0,33.91045507506251011137317553,25,25,471.8997147671669124633571813,11.90625,11.90625,0,0,0,0,0,459.9934647671669124633571813,179.5538777681074368536082167,5.22427873682047094436193163,13.25468997666322708217356138,171.5234665282646807157965869,10.53679383521975397356154577,10.53679383521975397356154577,0,1.6245,1.6245,0,1.8125,0,0,0,0,694.1359312954315931791537682,120.8553248633186216768763423,172.9446751366813783231236577,122.2765334717353192842034131,122.2765334717353192842034131,25,6.2,300,continued_draw_or_waiver_after_warning,,no,0,218.3862828950186702828834663,3.178477705163892592757157233,4.773340026230185871188439543,0,no,no,PASS,SRC-001;SRC-002;SRC-003,P6M-SEVERE_MITIGATED-P-0043:P6M-SEVERE_MITIGATED-P-0045
Severe mitigated,SEVERE_MITIGATED,P032,quarterly,2029-11-01,2030-01-31,FY2030,Q1,92,399.9939970002124939063320309,22.90967547594190519832374179,32.0218213290888113607790998,-22.51646207913596170697524268,-2.376339812488212413450964282,-1.536121143932743278549447,-13.99978989500743728672162108,0,14.10957047766041838205706745,25,25,459.9934647671669124633571813,11.90625,11.90625,0,0,0,0,0,448.0872147671669124633571813,171.5234665282646807157965869,11.77516589365506778434366376,0.26002494204374762510192934,183.0386074798760008750383213,10.36946142927173854129880185,10.36946142927173854129880185,0,1.5365,1.5365,0,1.8125,0,0,0,0,693.7448222470429133383955026,110.7613925201239991249616787,183.0386074798760008750383213,110.7613925201239991249616787,110.7613925201239991249616787,25,6.2,300,continued_draw_or_waiver_after_warning,,no,0,222.2561900652139081775387517,3.121374581484033708999476136,5.147905969535507946380070459,0,no,no,PASS,SRC-001;SRC-002;SRC-003,P6M-SEVERE_MITIGATED-P-0046:P6M-SEVERE_MITIGATED-P-0048
Severe mitigated,SEVERE_MITIGATED,P033,quarterly,2030-02-01,2030-04-30,FY2030,Q2,89,452.4214430779168011962416752,28.8693217195837322875299713,63.181657632771389252362425,-25.46770787374209257293883637,-9.428487439757324169855897156,0.001657285276477514434984,-15.83475050772708804186845863,0,37.92007697056345455507305322,25,25,448.0872147671669124633571813,11.90625,11.90625,0,0,0,0,0,436.1809647671669124633571813,183.0386074798760008750383213,3.72674681746732860329840781,16.2252686486438868823283009,170.5400856486994425960084282,10.16630513938689627604316011,10.16630513938689627604316011,0,1.5365,1.5365,0,1.8125,0,0,0,0,669.3400504158663550593656095,118.8518185079831146507913143,174.9481814920168853492086857,123.2599143513005574039915718,123.2599143513005574039915718,25,6.2,300,continued_draw_or_waiver_after_warning,,no,0,222.2546104842835656342438602,3.011591295934883798500138138,5.30251033242287342337505002,0,no,no,PASS,SRC-001;SRC-002;SRC-003,P6M-SEVERE_MITIGATED-P-0049:P6M-SEVERE_MITIGATED-P-0051
Severe mitigated,SEVERE_MITIGATED,P034,quarterly,2030-05-01,2030-07-31,FY2030,Q3,92,495.2110939703788645610752413,27.69017358369192354329321421,63.31805486965839999483992445,-27.87642290178056704387204749,-8.86040799196945823774196924,0.0018287050278167091345221,-17.33238828896326025963763345,0,37.12708729375349820659484387,25,25,436.1809647671669124633571813,11.90625,11.90625,0,0,0,0,0,424.2747147671669124633571813,170.5400856486994425960084282,3.85926253021835636034121275,15.9624039010460161831633719,158.436944277871782773186269,9.768695922925838383772684694,9.768695922925838383772684694,0,1.5365,1.5365,0,1.8125,0,0,0,0,645.3306590450386952365434503,131.2192677614840121105966563,162.5807322385159878894033437,135.363055722128217226813731,135.363055722128217226813731,25,6.2,300,continued_draw_or_waiver_after_warning,,no,0,222.2530274933370505113659174,2.903585459884838412343735079,5.441875384902686904813842682,0,no,no,PASS,SRC-001;SRC-002;SRC-003,P6M-SEVERE_MITIGATED-P-0052:P6M-SEVERE_MITIGATED-P-0054
Severe mitigated,SEVERE_MITIGATED,P035,quarterly,2030-08-01,2030-10-31,FY2030,Q4,92,489.7847723114609625192256851,27.91591743027939068561819552,63.72990037447690444213688346,-27.57096440295676050213225227,-9.039733992880035985001157798,0.0018058881173999855761078,-17.14246703090113368817289898,0,37.54950523881313475453893449,25,25,424.2747147671669124633571813,11.90625,11.90625,0,0,0,0,0,412.3684647671669124633571813,158.436944277871782773186269,3.58325194383264511293406944,16.50991220491738156740745552,145.5102840167870463187128829,9.36759497772839830006554838,9.36759497772839830006554838,0,1.5365,1.5365,0,1.8125,0,0,0,0,620.4977487839539587820700642,143.5954138822564308090645438,150.2045861177435691909354562,148.2897159832129536812871171,148.2897159832129536812871171,25,6.2,300,continued_draw_or_waiver_after_warning,,no,0,222.2514342059955050501183328,2.791872866875813712564234941,5.602215977275981378654932274,0,no,no,PASS,SRC-001;SRC-002;SRC-003,P6M-SEVERE_MITIGATED-P-0055:P6M-SEVERE_MITIGATED-P-0057
Severe mitigated,SEVERE_MITIGATED,P036,quarterly,2030-11-01,2031-01-31,FY2031,Q1,92,399.9839971502874885939843726,22.90967547594190519832374179,32.02102078355558414049508032,-22.5158991675839833079325683,-2.376280403992900208140628008,0.0015251072472576468757836,-13.99943990026006210078945304,0,15.64682558654987947844078288,25,25,412.3684647671669124633571813,11.90625,11.90625,0,0,554.7181887062255298848742767,0,554.7181887062255298848742767,400.4622147671669124633571813,145.5102840167870463187128829,10.84695670304869948460605564,2.10126678077712838180184312,154.2559739390586174215170954,9.137265508821450581244995388,9.137265508821450581244995388,0,1.5365,1.5365,0,1.8125,0,0,0,0,617.3371887062255298848742767,0,154.2559739390586174215170954,0,0,25,6.2,300,continued_draw_or_waiver_after_warning,,no,0,222.250633660462277829834313,2.777662220974121645711710147,5.781775082044710537456586956,554.7181887062255298848742767,yes,no,MATURITY_SHORTFALL,SRC-001;SRC-002;SRC-003,P6M-SEVERE_MITIGATED-P-0058:P6M-SEVERE_MITIGATED-P-0060
Moderate Phase 6 analytical shutoff,MODERATE_NO_WAIVER,P001,monthly,2026-02-01,2026-02-28,FY2026,Q2,28,84.61127066535,28.8693217195837322875299713,10.12392613486623731312952312,-8.4900849345702,-1.34024712164308877828238078,-14.68587377063740488468344816,-2.96139447328725,-0.44,-9.30358923070150634983630582,25,25,635,0,0,0,0,0,0,0,635,29.89771875,15.86895567082781015736170259,0,45.76667442082781015736170259,4.244449773459637140858730105,4.244449773459637140858730105,0,0.6959166666666666666666666667,0.6959166666666666666666666667,0,1.208333333333333333333333333,0.4166666666666666666666666667,0,0,0,743.3856744208278101573617026,248.0333255791721898426382974,45.76667442082781015736170259,248.0333255791721898426382974,248.0333255791721898426382974,25,6.2,300,available_before_analytical_shutoff,,no,0,,,,0,no,no,PASS,SRC-001;SRC-002;SRC-003,P6M-MODERATE_NO_WAIVER-P-0001:P6M-MODERATE_NO_WAIVER-P-0001
Moderate Phase 6 analytical shutoff,MODERATE_NO_WAIVER,P002,monthly,2026-03-01,2026-03-31,FY2026,Q2,31,126.916905998025,28.8693217195837322875299713,15.18588920229935596969428468,-8.4900849345702,-2.01037068246463316742357117,-22.02881065595610732702517224,-4.442091709930875,-0.66,-13.95538384605225952475445873,25,25,635,0,0,0,0,0,0,0,635,45.76667442082781015736170259,20.63589266196156514096089432,0,66.40256708278937529832259691,4.35959214924263894953976892,4.35959214924263894953976892,0,0.6959166666666666666666666667,0.6959166666666666666666666667,0,1.208333333333333333333333333,0.4166666666666666666666666667,0,0,0,764.0215670827893752983225969,227.3974329172106247016774031,66.40256708278937529832259691,227.3974329172106247016774031,227.3974329172106247016774031,25,6.2,300,available_before_analytical_shutoff,,no,0,,,,0,no,no,PASS,SRC-001;SRC-002;SRC-003,P6M-MODERATE_NO_WAIVER-P-0002:P6M-MODERATE_NO_WAIVER-P-0002
Moderate Phase 6 analytical shutoff,MODERATE_NO_WAIVER,P003,monthly,2026-04-01,2026-04-30,FY2026,Q2,30,211.528176663375,28.8693217195837322875299713,25.3098153371655932828238078,-8.4900849345702,-3.35061780410772194570595195,-36.7146844265935122117086204,-7.403486183218125,-1.1,-23.25897307675376587459076455,25,25,635,11.90625,11.90625,0,0,0,0,0,623.09375,66.40256708278937529832259691,42.00575980795357451707876302,0,108.4083268907429498154013599,4.519620064533141975821331798,4.519620064533141975821331798,0,0.6959166666666666666666666667,0.6959166666666666666666666667,0,1.208333333333333333333333333,0.4166666666666666666666666667,0,0,0,794.1210768907429498154013599,185.3916731092570501845986401,108.4083268907429498154013599,185.3916731092570501845986401,185.3916731092570501845986401,25,6.2,300,available_before_analytical_shutoff,,no,0,,,,0,no,no,PASS,SRC-001;SRC-002;SRC-003,P6M-MODERATE_NO_WAIVER-P-0003:P6M-MODERATE_NO_WAIVER-P-0003
Moderate Phase 6 analytical shutoff,MODERATE_NO_WAIVER,P004,monthly,2026-05-01,2026-05-31,FY2026,Q3,31,92.613735598725,27.69017358369192354329321421,9.98938567028436035074765692,-9.2930702394357,-1.19399331649023316268691423,0.95451854317287631526637478,-3.241480745955375,-0.3,6.20843015101162850332711747,25,25,623.09375,0,0,0,0,0,0,0,623.09375,108.4083268907429498154013599,0.7293459293259970422475034,0,109.1376728200689468576488633,4.616859413670958878907954199,4.616859413670958878907954199,0,0.6959166666666666666666666667,0.6959166666666666666666666667,0,1.208333333333333333333333333,0.4166666666666666666666666667,0,0,0,794.8504228200689468576488633,184.6623271799310531423511367,109.1376728200689468576488633,184.6623271799310531423511367,184.6623271799310531423511367,25,6.2,300,available_before_analytical_shutoff,,no,0,,,,0,no,no,PASS,SRC-001;SRC-002;SRC-003,P6M-MODERATE_NO_WAIVER-P-0004:P6M-MODERATE_NO_WAIVER-P-0004
Moderate Phase 6 analytical shutoff,MODERATE_NO_WAIVER,P005,monthly,2026-06-01,2026-06-30,FY2026,Q3,30,138.9206033980875,27.69017358369192354329321421,14.98407850542654052612148538,-9.2930702394357,-1.790989974735349744030371345,1.43177781475931447289956217,-4.8622211189330625,-0.45,9.312645226517442754990676205,25,25,623.09375,0,0,0,0,0,0,0,623.09375,109.1376728200689468576488633,0,2.38007582338636494194048125,106.757596996682581915708382,4.611652736464411146383528281,4.611652736464411146383528281,0,0.6959166666666666666666666667,0.6959166666666666666666666667,0,1.208333333333333333333333333,0.4166666666666666666666666667,0,0,0,792.470346996682581915708382,187.042403003317418084291618,106.757596996682581915708382,187.042403003317418084291618,187.042403003317418084291618,25,6.2,300,available_before_analytical_shutoff,,no,0,,,,0,no,no,PASS,SRC-001;SRC-002;SRC-003,P6M-MODERATE_NO_WAIVER-P-0005:P6M-MODERATE_NO_WAIVER-P-0005
Moderate Phase 6 analytical shutoff,MODERATE_NO_WAIVER,P006,monthly,2026-07-01,2026-07-31,FY2026,Q3,31,231.5343389968125,27.69017358369192354329321421,24.9734641757109008768691423,-9.2930702394357,-2.984983291225582906717285575,2.38629635793219078816593695,-8.1037018648884375,-0.75,15.52107537752907125831779368,25,25,623.09375,11.90625,11.90625,0,0,0,0,0,611.1875,106.757596996682581915708382,3.28303782136052096381779556,0,110.0406348180431028795261776,4.576946532222925555468922566,4.576946532222925555468922566,0,0.6959166666666666666666666667,0.6959166666666666666666666667,0,1.208333333333333333333333333,0.4166666666666666666666666667,0,0,0,783.8471348180431028795261776,183.7593651819568971204738224,110.0406348180431028795261776,183.7593651819568971204738224,183.7593651819568971204738224,25,6.2,300,available_before_analytical_shutoff,,no,0,,,,0,no,no,PASS,SRC-001;SRC-002;SRC-003,P6M-MODERATE_NO_WAIVER-P-0006:P6M-MODERATE_NO_WAIVER-P-0006
Moderate Phase 6 analytical shutoff,MODERATE_NO_WAIVER,P007,monthly,2026-08-01,2026-08-31,FY2026,Q4,31,91.59891196995,27.91591743027939068561819552,10.08670495425322929045665066,-9.1912405572414,-1.232604750410200972614162665,0.94214783681336861108942304,-3.20596191894825,0,6.590286121708146928931911036,25,25,611.1875,0,0,0,0,0,0,0,611.1875,110.0406348180431028795261776,0.28126518604323214104776885,0,110.3219000040863350205739464,4.550634641084712403313013219,4.550634641084712403313013219,0,0.6959166666666666666666666667,0.6959166666666666666666666667,0,1.208333333333333333333333333,0.4166666666666666666666666667,0,0,0,784.1284000040863350205739464,183.4780999959136649794260536,110.3219000040863350205739464,183.4780999959136649794260536,183.4780999959136649794260536,25,6.2,300,available_before_analytical_shutoff,,no,0,,,,0,no,no,PASS,SRC-001;SRC-002;SRC-003,P6M-MODERATE_NO_WAIVER-P-0007:P6M-MODERATE_NO_WAIVER-P-0007
Moderate Phase 6 analytical shutoff,MODERATE_NO_WAIVER,P008,monthly,2026-09-01,2026-09-30,FY2026,Q4,30,137.398367954925,27.91591743027939068561819552,15.13005743137984393568497599,-9.1912405572414,-1.848907125615301458921243998,1.41322175522005291663413456,-4.808942878422375,0,9.885429182562220393397866554,25,25,611.1875,0,0,0,0,0,0,0,611.1875,110.3219000040863350205739464,0,3.02252426281446241216333551,107.2993757412718726084106109,4.541988253081091314567864372,4.541988253081091314567864372,0,0.6959166666666666666666666667,0.6959166666666666666666666667,0,1.208333333333333333333333333,0.4166666666666666666666666667,0,0,0,781.1058757412718726084106109,186.5006242587281273915893891,107.2993757412718726084106109,186.5006242587281273915893891,186.5006242587281273915893891,25,6.2,300,available_before_analytical_shutoff,,no,0,,,,0,no,no,PASS,SRC-001;SRC-002;SRC-003,P6M-MODERATE_NO_WAIVER-P-0008:P6M-MODERATE_NO_WAIVER-P-0008
Moderate Phase 6 analytical shutoff,MODERATE_NO_WAIVER,P009,monthly,2026-10-01,2026-10-31,FY2026,Q4,31,228.997279924875,27.91591743027939068561819552,25.21676238563307322614162665,-9.1912405572414,-3.081511876025502431535406662,2.3553695920334215277235576,-8.014904797370625,0,16.47571530427036732232977759,25,25,611.1875,11.90625,11.90625,0,0,0,0,0,599.28125,107.2993757412718726084106109,2.25345956035173086312822391,0,109.5528353016236034715388348,4.502008197955431518791334829,4.502008197955431518791334829,0,0.6959166666666666666666666667,0.6959166666666666666666666667,0,1.208333333333333333333333333,0.4166666666666666666666666667,0,0,0,771.4530853016236034715388348,184.2471646983763965284611652,109.5528353016236034715388348,184.2471646983763965284611652,184.2471646983763965284611652,25,6.2,300,continued_draw_or_waiver_after_warning,2026-11-01,no,0,183.0251075083872455773705936,4.215012332481603705258689681,,0,no,no,BREACHED_ANALYTICAL_THRESHOLD,SRC-001;SRC-002;SRC-003,P6M-MODERATE_NO_WAIVER-P-0009:P6M-MODERATE_NO_WAIVER-P-0009
Moderate Phase 6 analytical shutoff,MODERATE_NO_WAIVER,P010,monthly,2026-11-01,2026-11-30,FY2027,Q1,30,74.8044876353551425,22.90967547594190519832374179,4.492439964332883224748152636,-7.50605029941071601,-0.070386436590867885784538159,0.8217626151708870363976837,-2.6181570672374299875,0,2.625659075675472387861298176,25,20.8598473875643968226283407,599.28125,0,0,0,0,0,0,0,599.28125,109.5528353016236034715388348,0,0,109.5528353016236034715388348,4.471561688111075565232957482,4.471561688111075565232957482,0,0.66925,0.66925,0,1.208333333333333333333333333,0.4166666666666666666666666667,0,0,0,771.4530853016236034715388348,0,109.5528353016236034715388348,184.2471646983763965284611652,0,25,6.2,300,phase6_analytical_shutoff_active,2026-11-01,no,4.1401526124356031773716593,176.8425395689307585335515996,4.362372804541872896189271843,,0,no,no,LIQUIDITY_FAILURE,SRC-001;SRC-002;SRC-003,P6M-MODERATE_NO_WAIVER-P-0010:P6M-MODERATE_NO_WAIVER-P-0010
Moderate Phase 6 analytical shutoff,MODERATE_NO_WAIVER,P011,monthly,2026-12-01,2026-12-31,FY2027,Q1,31,112.20673145303271375,22.90967547594190519832374179,6.738659946499324837122228954,-7.50605029941071601,-0.1055796548863018286768072385,1.23264392275633055459652555,-3.92723560085614498125,0,3.938488613513208581791947264,20.8598473875643968226283407,18.03252431296652983918733048,599.28125,0,0,0,0,0,0,0,599.28125,109.5528353016236034715388348,0,0,109.5528353016236034715388348,4.471561688111075565232957482,4.471561688111075565232957482,0,0.66925,0.66925,0,1.208333333333333333333333333,0.4166666666666666666666666667,0,0,0,771.4530853016236034715388348,0,109.5528353016236034715388348,184.2471646983763965284611652,0,25,6.2,300,phase6_analytical_shutoff_active,2026-11-01,no,6.96747568703347016081266952,172.9061916116407131021066818,4.461685715884372067224233483,,0,no,no,LIQUIDITY_FAILURE,SRC-001;SRC-002;SRC-003,P6M-MODERATE_NO_WAIVER-P-0011:P6M-MODERATE_NO_WAIVER-P-0011
Moderate Phase 6 analytical shutoff,MODERATE_NO_WAIVER,P012,monthly,2027-01-01,2027-01-31,FY2027,Q1,31,187.01121908838785625,22.90967547594190519832374179,11.23109991083220806187038159,-7.50605029941071601,-0.1759660914771697144613453975,2.05440653792721759099420925,-6.54539266809357496875,0,6.56414768918868096965324544,18.03252431296652983918733048,5.96216461091913524360761844,599.28125,11.90625,11.90625,0,0,0,0,0,587.375,109.5528353016236034715388348,0,0,109.5528353016236034715388348,4.434007391236075565232957482,4.434007391236075565232957482,0,0.66925,0.66925,0,1.208333333333333333333333333,0.4166666666666666666666666667,0,0,0,759.5468353016236034715388348,0,109.5528353016236034715388348,184.2471646983763965284611652,0,25,6.2,300,phase6_analytical_shutoff_active,2026-11-01,no,19.03783538908086475639238156,173.4622836186835508954099168,4.378743433190989811687069384,3.218171493292327243011830521,0,no,no,LIQUIDITY_FAILURE,SRC-001;SRC-002;SRC-003,P6M-MODERATE_NO_WAIVER-P-0012:P6M-MODERATE_NO_WAIVER-P-0012
Moderate Phase 6 analytical shutoff,MODERATE_NO_WAIVER,P013,monthly,2027-02-01,2027-02-28,FY2027,Q2,28,86.0796353568274621875,28.8693217195837322875299713,10.73001740263773459051862942,-8.489872682446835745,-1.471105642282800772264969855,3.48264964411667209515148108,-3.0127872374889611765625,0,9.728774166982644736842640644,5.96216461091913524360761844,9.14542898256187599927387219,587.375,0,0,0,0,0,0,0,587.375,109.5528353016236034715388348,0,0,109.5528353016236034715388348,4.251259795339903981176386892,4.251259795339903981176386892,0,0.66925,0.66925,0,1.208333333333333333333333333,0.4166666666666666666666666667,0,0,0,759.5468353016236034715388348,0,109.5528353016236034715388348,184.2471646983763965284611652,0,25,6.2,300,phase6_analytical_shutoff_active,2026-11-01,no,15.85457101743812400072612781,174.068374886455048172799023,4.363497021196852458359942796,3.229008081204794102926298641,0,no,no,LIQUIDITY_FAILURE,SRC-001;SRC-002;SRC-003,P6M-MODERATE_NO_WAIVER-P-0013:P6M-MODERATE_NO_WAIVER-P-0013
Moderate Phase 6 analytical shutoff,MODERATE_NO_WAIVER,P014,monthly,2027-03-01,2027-03-31,FY2027,Q2,31,129.11945303524119328125,28.8693217195837322875299713,16.09502610395660188577794413,-8.489872682446835745,-2.206658463424201158397454782,5.22397446617500814272722162,-4.51918085623344176484375,0,14.59316125047396710526396097,9.14542898256187599927387219,17.19308043769593912336144627,587.375,0,0,0,0,0,0,0,587.375,109.5528353016236034715388348,0,0,109.5528353016236034715388348,4.251259795339903981176386892,4.251259795339903981176386892,0,0.66925,0.66925,0,1.208333333333333333333333333,0.4166666666666666666666666667,0,0,0,759.5468353016236034715388348,0,109.5528353016236034715388348,184.2471646983763965284611652,0,25,6.2,300,phase6_analytical_shutoff_active,2026-11-01,no,7.80691956230406087663855373,174.9775117881122940888826823,4.34082544402272189449190808,3.252408786031982555216926613,0,no,no,LIQUIDITY_FAILURE,SRC-001;SRC-002;SRC-003,P6M-MODERATE_NO_WAIVER-P-0014:P6M-MODERATE_NO_WAIVER-P-0014
Moderate Phase 6 analytical shutoff,MODERATE_NO_WAIVER,P015,monthly,2027-04-01,2027-04-30,FY2027,Q2,30,215.19908839206865546875,28.8693217195837322875299713,26.82504350659433647629657355,-8.489872682446835745,-3.677764105707001930662424638,8.7066241102916802378787027,-7.53196809372240294140625,0,24.32193541745661184210660161,17.19308043769593912336144627,23.09957012231264698429166099,587.375,11.90625,11.90625,0,0,0,0,0,575.46875,109.5528353016236034715388348,0,0,109.5528353016236034715388348,4.214945732839903981176386892,4.214945732839903981176386892,0,0.66925,0.66925,0,1.208333333333333333333333333,0.4166666666666666666666666667,0,0,0,747.6405853016236034715388348,0,109.5528353016236034715388348,184.2471646983763965284611652,0,25,6.2,300,phase6_analytical_shutoff_active,2026-11-01,no,1.90042987768735301570833901,176.4927399575410372823554482,4.236098241103197450268034578,3.29925743281176528836474993,0,no,no,LIQUIDITY_FAILURE,SRC-001;SRC-002;SRC-003,P6M-MODERATE_NO_WAIVER-P-0015:P6M-MODERATE_NO_WAIVER-P-0015
Moderate Phase 6 analytical shutoff,MODERATE_NO_WAIVER,P016,monthly,2027-05-01,2027-05-31,FY2027,Q3,31,95.8305337936220784375,27.69017358369192354329321421,11.2946572285610535505593576,-9.2928379126797141075,-1.4750412050626198777889019,3.26723358675641941251508474,-3.3540686827767727453125,0,9.73278092747808033997304044,23.09957012231264698429166099,25,575.46875,0,0,0,0,0,0,0,575.46875,109.5528353016236034715388348,0,1.50662046250077855911191449,108.0462148391228249124269203,4.031480587289948765152786943,4.031480587289948765152786943,0,0.66925,0.66925,0,1.208333333333333333333333333,0.4166666666666666666666666667,0,0,0,746.1339648391228249124269203,0,108.0462148391228249124269203,185.7537851608771750875730797,0,25,6.2,300,phase6_analytical_shutoff_active,2026-11-01,no,0,177.7980115158177304821671488,4.196525925559877866578354466,3.360429789498169621426972988,0,no,no,BREACHED_ANALYTICAL_THRESHOLD,SRC-001;SRC-002;SRC-003,P6M-MODERATE_NO_WAIVER-P-0016:P6M-MODERATE_NO_WAIVER-P-0016
Moderate Phase 6 analytical shutoff,MODERATE_NO_WAIVER,P017,monthly,2027-06-01,2027-06-30,FY2027,Q3,30,143.74580069043311765625,27.69017358369192354329321421,16.9419858428415803258390364,-9.2928379126797141075,-2.21256180759392981668335285,4.90085038013462911877262711,-5.03110302416515911796875,0,14.59917139121712050995956066,25,25,575.46875,0,0,0,0,0,0,0,575.46875,108.0462148391228249124269203,0,8.30233635588650114888362696,99.74387848323632376354329334,4.002585035330619361075933705,4.002585035330619361075933705,0,0.66925,0.66925,0,1.208333333333333333333333333,0.4166666666666666666666666667,0,0,0,737.8316284832363237635432933,0,99.74387848323632376354329334,194.0561215167636762364567067,0,25,6.2,300,phase6_analytical_shutoff_active,2026-11-01,no,0,179.7559188532327702818846998,4.104630507803537598171269967,3.436999928274206282797805526,0,no,no,BREACHED_ANALYTICAL_THRESHOLD,SRC-001;SRC-002;SRC-003,P6M-MODERATE_NO_WAIVER-P-0017:P6M-MODERATE_NO_WAIVER-P-0017
Moderate Phase 6 analytical shutoff,MODERATE_NO_WAIVER,P018,monthly,2027-07-01,2027-07-31,FY2027,Q3,31,239.57633448405519609375,27.69017358369192354329321421,28.236643071402633876398394,-9.2928379126797141075,-3.68760301265654969447225475,8.16808396689104853128771185,-8.38517170694193186328125,0,24.3319523186952008499326011,25,25,575.46875,11.90625,11.90625,0,0,0,0,0,563.5625,99.74387848323632376354329334,0,6.20668226216906704829547592,93.53719622106725671524781742,3.924770056526133801637125181,3.924770056526133801637125181,0,0.66925,0.66925,0,1.208333333333333333333333333,0.4166666666666666666666666667,0,0,0,719.7186962210672567152478174,0,93.53719622106725671524781742,200.2628037789327432847521826,0,25,6.2,300,phase6_analytical_shutoff_active,2026-11-01,no,0,183.0190977489245032814139516,3.932478659732091399241417926,3.543581067833413419573182419,0,no,no,BREACHED_ANALYTICAL_THRESHOLD,SRC-001;SRC-002;SRC-003,P6M-MODERATE_NO_WAIVER-P-0018:P6M-MODERATE_NO_WAIVER-P-0018
Moderate Phase 6 analytical shutoff,MODERATE_NO_WAIVER,P019,monthly,2027-08-01,2027-08-31,FY2027,Q4,31,96.3723817002107503125,27.91591743027939068561819552,12.05793645154235446231195768,-9.191010776227468965,-1.65823558521852272643017692,3.12489942847702205566549618,-3.3730333595073762609375,0,10.15156693529347753060977694,25,25,563.5625,0,0,0,0,0,0,0,563.5625,93.53719622106725671524781742,0,4.13454933947599229530859432,89.4026468815912644199392231,3.722767595817485235301182615,3.722767595817485235301182615,0,0.66925,0.66925,0,1.208333333333333333333333333,0.4166666666666666666666666667,0,0,0,715.5841468815912644199392231,0,89.4026468815912644199392231,204.3973531184087355800607769,0,25,6.2,300,phase6_analytical_shutoff_active,2026-11-01,no,0,184.9903292462136284532692586,3.868224624483919069917804047,3.640094774770815390514306928,0,no,no,BREACHED_ANALYTICAL_THRESHOLD,SRC-001;SRC-002;SRC-003,P6M-MODERATE_NO_WAIVER-P-0019:P6M-MODERATE_NO_WAIVER-P-0019
Moderate Phase 6 analytical shutoff,MODERATE_NO_WAIVER,P020,monthly,2027-09-01,2027-09-30,FY2027,Q4,30,144.55857255031612546875,27.91591743027939068561819552,18.08690467731353169346793652,-9.191010776227468965,-2.48735337782778408964526538,4.68734914271553308349824427,-5.05955003926106439140625,0,15.22735040294021629591466541,25,25,563.5625,0,0,0,0,0,0,0,563.5625,89.4026468815912644199392231,0,9.24836258183150164692884718,80.15428429975976277301037592,3.684737821108714648985818235,3.684737821108714648985818235,0,0.66925,0.66925,0,1.208333333333333333333333333,0.4166666666666666666666666667,0,0,0,706.3357842997597627730103759,0,80.15428429975976277301037592,213.6457157002402372269896241,0,25,6.2,300,phase6_analytical_shutoff_active,2026-11-01,no,0,187.9471764921473162110522191,3.758161189132157110214215861,3.761731319958364435091791471,0,no,no,BREACHED_ANALYTICAL_THRESHOLD,SRC-001;SRC-002;SRC-003,P6M-MODERATE_NO_WAIVER-P-0020:P6M-MODERATE_NO_WAIVER-P-0020
Moderate Phase 6 analytical shutoff,MODERATE_NO_WAIVER,P021,monthly,2027-10-01,2027-10-31,FY2027,Q4,31,240.93095425052687578125,27.91591743027939068561819552,30.1448411288558861557798942,-9.191010776227468965,-4.1455889630463068160754423,7.81224857119255513916374045,-8.43258339876844065234375,0,25.37891733823369382652444235,25,25,563.5625,11.90625,11.90625,0,0,0,0,0,551.65625,80.15428429975976277301037592,0,7.57532041004386747828207542,72.5789638897158952947283005,3.603096928189826348242366933,3.603096928189826348242366933,0,0.66925,0.66925,0,1.208333333333333333333333333,0.4166666666666666666666666667,0,0,0,686.8542138897158952947283005,0,72.5789638897158952947283005,221.2210361102841047052716995,0,25,6.2,300,phase6_analytical_shutoff_active,2026-11-01,no,0,192.8752552353701291406904867,3.561131846858902831327547557,3.931092473610066616839660158,0,no,no,BREACHED_ANALYTICAL_THRESHOLD,SRC-001;SRC-002;SRC-003,P6M-MODERATE_NO_WAIVER-P-0021:P6M-MODERATE_NO_WAIVER-P-0021
Moderate Phase 6 analytical shutoff,MODERATE_NO_WAIVER,P022,monthly,2027-11-01,2027-11-30,FY2028,Q1,30,133.3379991500254164375,22.90967547594190519832374179,10.67447416006606073992207474,-7.50586264815323074209975,-0.7921528779782074994555811859,5.215422709695344461705308933,-4.6668299702508895753125,0,10.43091402153230812685930249,25,25,551.65625,0,0,0,0,0,0,0,551.65625,72.5789638897158952947283005,0,4.83228794707382066300213433,67.74667594264207463172616617,3.404459407791820797190501494,3.404459407791820797190501494,0,0.5691666666666666666666666667,0.5691666666666666666666666667,0,1.208333333333333333333333333,0.4166666666666666666666666667,0,0,0,682.0219259426420746317261662,0,67.74667594264207463172616617,226.0533240573579253682738338,0,25,6.2,300,phase6_analytical_shutoff_active,2026-11-01,no,0,199.0572894311033066558644087,3.426259484853982318879846747,4.147291958488771887669210321,0,no,no,BREACHED_ANALYTICAL_THRESHOLD,SRC-001;SRC-002;SRC-003,P6M-MODERATE_NO_WAIVER-P-0022:P6M-MODERATE_NO_WAIVER-P-0022
Moderate Phase 6 analytical shutoff,MODERATE_NO_WAIVER,P023,monthly,2027-12-01,2027-12-31,FY2028,Q1,31,133.3379991500254164375,22.90967547594190519832374179,10.67447416006606073992207474,-7.50586264815323074209975,-0.7921528779782074994555811859,5.215422709695344461705308933,-4.6668299702508895753125,0,10.43091402153230812685930249,25,25,551.65625,0,0,0,0,0,0,0,551.65625,67.74667594264207463172616617,0,4.85881734781858455497359458,62.88785859482349007675257159,3.377930007047056905219041241,3.377930007047056905219041241,0,0.5691666666666666666666666667,0.5691666666666666666666666667,0,1.208333333333333333333333333,0.4166666666666666666666666667,0,0,0,677.1631085948234900767525716,0,62.88785859482349007675257159,230.9121414051765099232474284,0,25,6.2,300,phase6_analytical_shutoff_active,2026-11-01,no,0,202.9931036446700425586642545,3.335892187648728792003002082,4.327906628718866474394206584,0,no,no,BREACHED_ANALYTICAL_THRESHOLD,SRC-001;SRC-002;SRC-003,P6M-MODERATE_NO_WAIVER-P-0023:P6M-MODERATE_NO_WAIVER-P-0023
Moderate Phase 6 analytical shutoff,MODERATE_NO_WAIVER,P024,monthly,2028-01-01,2028-01-31,FY2028,Q1,31,133.3379991500254164375,22.90967547594190519832374179,10.67447416006606073992207474,-7.50586264815323074209975,-0.7921528779782074994555811859,5.215422709695344461705308933,-4.6668299702508895753125,0,10.43091402153230812685930249,25,17.99846171968398285202241549,551.65625,11.90625,11.90625,0,0,0,0,0,539.75,62.88785859482349007675257159,0,0,62.88785859482349007675257159,3.332035635181658608170220329,3.332035635181658608170220329,0,0.5691666666666666666666666667,0.5691666666666666666666666667,0,1.208333333333333333333333333,0.4166666666666666666666666667,0,0,0,665.2568585948234900767525716,0,62.88785859482349007675257159,230.9121414051765099232474284,0,25,6.2,300,phase6_analytical_shutoff_active,2026-11-01,no,7.00153828031601714797758451,202.4364778939038952367159476,3.286249916595969455199927092,4.419882238691017546125023902,0,no,no,LIQUIDITY_FAILURE,SRC-001;SRC-002;SRC-003,P6M-MODERATE_NO_WAIVER-P-0024:P6M-MODERATE_NO_WAIVER-P-0024
Moderate Phase 6 analytical shutoff,MODERATE_NO_WAIVER,P025,quarterly,2028-02-01,2028-04-30,FY2028,Q2,90,452.44406499838918003125,28.8693217195837322875299713,63.18481683412258486027882335,-25.468981306889323722319125,-9.428958881808315284489924586,-2.581229433135867538623284199,-15.83554227494362130109375,0,35.33908624423478073607186455,17.99846171968398285202241549,19.44301277724682139403795777,539.75,11.90625,11.90625,0,0,0,0,0,527.84375,62.88785859482349007675257159,0,5.58592613702643960746847873,57.30193245779705046928409286,9.819859049645502586587843527,9.819859049645502586587843527,0,1.7075,1.7075,0,3.624999999999999999999999999,1.25,0,0,0,647.7646824577970504692840929,0,62.88785859482349007675257159,236.4980675422029495307159071,0,25,6.2,300,phase6_analytical_shutoff_active,2026-11-01,no,5.55698722275317860596204223,211.9712077148378071444016238,3.055908816301253091375057776,4.940625130438618501106574104,0,no,no,LIQUIDITY_FAILURE,SRC-001;SRC-002;SRC-003,P6M-MODERATE_NO_WAIVER-P-0025:P6M-MODERATE_NO_WAIVER-P-0027
Moderate Phase 6 analytical shutoff,MODERATE_NO_WAIVER,P026,quarterly,2028-05-01,2028-07-31,FY2028,Q3,92,495.235855453629136359375,27.69017358369192354329321421,63.32122089112719329755030611,-27.8778167751956913439419375,-8.860851028982875488402092154,-1.8939425246526275919674813,-17.333254940877019772578125,0,35.23317239661467044460260767,19.44301277724682139403795777,19.51209616038723269447108909,527.84375,11.90625,11.90625,0,0,0,0,0,515.9375,57.30193245779705046928409286,0,7.16005118973176211681283528,50.14188126806528835247125758,9.515287823742497027356641068,9.515287823742497027356641068,0,1.7075,1.7075,0,3.624999999999999999999999999,1.25,0,0,0,628.6983812680652883524712576,0,56.51020079437327658042062578,243.6581187319347116475287424,0,25,6.2,300,phase6_analytical_shutoff_active,2026-11-01,no,5.48790383961276730552891091,218.8191424631597326891551422,2.873141600826411212852755602,5.408260009235478860711163491,0,no,no,LIQUIDITY_FAILURE,SRC-001;SRC-002;SRC-003,P6M-MODERATE_NO_WAIVER-P-0028:P6M-MODERATE_NO_WAIVER-P-0030
Moderate Phase 6 analytical shutoff,MODERATE_NO_WAIVER,P027,quarterly,2028-08-01,2028-10-31,FY2028,Q4,92,489.80926246845359615625,27.91591743027939068561819552,63.73308698899317473275278684,-27.572343002874189834827625,-9.04018599652974622448129046,-0.9298862289664109053890738,-17.14332418639587586546875,0,36.61969057710114173741367258,19.51209616038723269447108909,20.08527618416107588457866286,515.9375,11.90625,11.90625,0,0,0,0,0,504.03125,50.14188126806528835247125758,0,8.36905537808573987894407381,41.77282588997954847352718377,9.188705175241558668362024995,9.188705175241558668362024995,0,1.7075,1.7075,0,3.624999999999999999999999999,1.25,0,0,0,608.4230758899795484735271838,0,48.71276064337713448138508018,252.0271741100204515264728162,0,25,6.2,300,phase6_analytical_shutoff_active,2026-11-01,no,4.91472381583892411542133714,222.2625471944411351103481406,2.737407105110313541474649503,5.752392805377088650315848986,0,no,no,LIQUIDITY_FAILURE,SRC-001;SRC-002;SRC-003,P6M-MODERATE_NO_WAIVER-P-0031:P6M-MODERATE_NO_WAIVER-P-0033
Moderate Phase 6 analytical shutoff,MODERATE_NO_WAIVER,P028,quarterly,2028-11-01,2029-01-31,FY2029,Q1,92,400.0039971001399974062671875,22.90967547594190519832374179,32.02262189463617726521073007,-22.51702500476108073399359252,-2.37639922246877413280428439,0.0015251835054796811689173,-14.00013989850489990921935156,0,15.64760795716798290435601143,20.08527618416107588457866286,8.3948955542111447052569903,504.03125,11.90625,11.90625,0,0,0,0,0,492.125,41.77282588997954847352718377,0,0,41.77282588997954847352718377,8.932238587117914083677683996,8.932238587117914083677683996,0,1.6245,1.6245,0,3.624999999999999999999999999,1.25,0,0,0,596.5168258899795484735271838,0,41.77282588997954847352718377,252.0271741100204515264728162,0,25,6.2,300,phase6_analytical_shutoff_active,2026-11-01,no,16.6051044457888552947430097,222.2617466088791301557926465,2.683848367932105998739804483,5.933928043113933556451794899,0,no,no,LIQUIDITY_FAILURE,SRC-001;SRC-002;SRC-003,P6M-MODERATE_NO_WAIVER-P-0034:P6M-MODERATE_NO_WAIVER-P-0036
Moderate Phase 6 analytical shutoff,MODERATE_NO_WAIVER,P029,quarterly,2029-02-01,2029-04-30,FY2029,Q2,89,452.4327538967642203017492189,28.8693217195837322875299713,63.18323721370173179565731637,-25.46834458235665148922606702,-9.428723157836270076607812339,0.0016573267096452555663732,-15.83514638638674771056122266,0,37.92102499618835926405465458,8.3948955542111447052569903,19.17349211953158988563396089,492.125,11.90625,11.90625,0,0,0,0,0,480.21875,41.77282588997954847352718377,0,0,41.77282588997954847352718377,8.736678430867914083677683996,8.736678430867914083677683996,0,1.6245,1.6245,0,3.624999999999999999999999999,1.25,0,0,0,584.6105758899795484735271838,0,41.77282588997954847352718377,252.0271741100204515264728162,0,25,6.2,300,phase6_analytical_shutoff_active,2026-11-01,no,9.05435337714037356795068617,222.2601669884582770911711395,2.630298464233304227271754369,6.110596234526249581271423737,0,no,no,LIQUIDITY_FAILURE,SRC-001;SRC-002;SRC-003,P6M-MODERATE_NO_WAIVER-P-0037:P6M-MODERATE_NO_WAIVER-P-0039
Moderate Phase 6 analytical shutoff,MODERATE_NO_WAIVER,P030,quarterly,2029-05-01,2029-07-31,FY2029,Q3,92,495.2234745572427956309660157,27.69017358369192354329321421,63.31963786060491511771786737,-27.87711982977631145165833895,-8.860629507707150916514882104,0.0018287507465853737688665,-17.33282160950349784708381055,0,37.12801549414085172788804121,19.17349211953158988563396089,20.52672392392611728545578846,480.21875,11.90625,11.90625,0,0,0,0,0,468.3125,41.77282588997954847352718377,0,8.90945713883800378429273464,32.86336875114154468923444913,8.459576550908320543773478998,8.459576550908320543773478998,0,1.6245,1.6245,0,3.624999999999999999999999999,1.25,0,0,0,563.7948687511415446892344491,0,40.24354608025308764573446184,260.9366312488584553107655509,0,25,6.2,300,phase6_analytical_shutoff_active,2026-11-01,no,4.47327607607388271454421154,222.2585839579359989113387007,2.53666184095658456606021479,6.293211009404907284530846296,0,no,no,LIQUIDITY_FAILURE,SRC-001;SRC-002;SRC-003,P6M-MODERATE_NO_WAIVER-P-0040:P6M-MODERATE_NO_WAIVER-P-0042
Moderate Phase 6 analytical shutoff,MODERATE_NO_WAIVER,P031,quarterly,2029-08-01,2029-10-31,FY2029,Q4,92,489.7970172368918848163460939,27.91591743027939068561819552,63.73149366181844990338446801,-27.57165369429911798008175431,-9.039959991879832980825678429,0.0018059332657316288668295,-17.14289560329121596857211328,0,37.55044399991313258285350583,20.52672392392611728545578846,20.79177461996273227556620901,468.3125,11.90625,11.90625,0,0,0,0,0,456.40625,32.86336875114154468923444913,0,10.78620554566600397965278689,22.07716320547554070958166224,8.09343775821051361309029839,8.09343775821051361309029839,0,1.6245,1.6245,0,3.624999999999999999999999999,1.25,0,0,0,541.1024132054755407095816622,0,29.72166763518576922957433217,271.7228367945244592904183378,0,25,6.2,300,phase6_analytical_shutoff_active,2026-11-01,no,4.20822538003726772443379099,222.2569906307612740819703819,2.434579950308140092236464989,6.494577658588425128055625067,0,no,no,LIQUIDITY_FAILURE,SRC-001;SRC-002;SRC-003,P6M-MODERATE_NO_WAIVER-P-0043:P6M-MODERATE_NO_WAIVER-P-0045
Moderate Phase 6 analytical shutoff,MODERATE_NO_WAIVER,P032,quarterly,2029-11-01,2030-01-31,FY2030,Q1,92,399.9939970002124939063320309,22.90967547594190519832374179,32.0218213290888113607790998,-22.51646207913596170697524268,-2.376339812488212413450964282,0.0015251453758920441768882,-13.99978989500743728672162108,0,15.64721676696905370478340265,20.79177461996273227556620901,10.29474468440685022419473285,456.40625,11.90625,11.90625,0,0,0,0,0,444.5,22.07716320547554070958166224,0,0,22.07716320547554070958166224,7.826496702524935756154878803,7.826496702524935756154878803,0,1.5365,1.5365,0,3.624999999999999999999999999,1.25,0,0,0,529.1961632054755407095816622,0,22.07716320547554070958166224,271.7228367945244592904183378,0,25,6.2,300,phase6_analytical_shutoff_active,2026-11-01,no,14.70525531559314977580526715,222.2561900652139081775387517,2.381018783099809280540243412,6.711405925824930216316315703,0,no,no,LIQUIDITY_FAILURE,SRC-001;SRC-002;SRC-003,P6M-MODERATE_NO_WAIVER-P-0046:P6M-MODERATE_NO_WAIVER-P-0048
Moderate Phase 6 analytical shutoff,MODERATE_NO_WAIVER,P033,quarterly,2030-02-01,2030-04-30,FY2030,Q2,89,452.4214430779168011962416752,28.8693217195837322875299713,63.181657632771389252362425,-25.46770787374209257293883637,-9.428487439757324169855897156,0.001657285276477514434984,-15.83475050772708804186845863,0,37.92007697056345455507305322,10.29474468440685022419473285,21.0812334360851609250297427,444.5,11.90625,11.90625,0,0,0,0,0,432.59375,22.07716320547554070958166224,0,1.19471325521850692061209743,20.88244995025703378896956481,7.621124963666636933625945934,7.621124963666636933625945934,0,1.5365,1.5365,0,3.624999999999999999999999999,1.25,0,0,0,516.0951999502570337889695648,0,22.07716320547554070958166224,272.9175500497429662110304352,0,25,6.2,300,phase6_analytical_shutoff_active,2026-11-01,no,6.75690629395531017616587568,222.2546104842835656342438602,2.322089961714211585561830938,6.945318544786442832744808398,0,no,no,LIQUIDITY_FAILURE,SRC-001;SRC-002;SRC-003,P6M-MODERATE_NO_WAIVER-P-0049:P6M-MODERATE_NO_WAIVER-P-0051
Moderate Phase 6 analytical shutoff,MODERATE_NO_WAIVER,P034,quarterly,2030-05-01,2030-07-31,FY2030,Q3,92,495.2110939703788645610752413,27.69017358369192354329321421,63.31805486965839999483992445,-27.87642290178056704387204749,-8.86040799196945823774196924,0.0018287050278167091345221,-17.33238828896326025963763345,0,37.12708729375349820659484387,21.0812334360851609250297427,20.94585031897613794303661063,432.59375,11.90625,11.90625,0,0,0,0,0,420.6875,20.88244995025703378896956481,0,11.64567240382876118714235219,9.23677754642827260182721262,7.299048007033760001445623744,7.299048007033760001445623744,0,1.5365,1.5365,0,3.624999999999999999999999999,1.25,0,0,0,492.5432775464282726018272126,0,17.03493704440251050621885324,284.5632224535717273981727874,0,25,6.2,300,phase6_analytical_shutoff_active,2026-11-01,no,4.05414968102386205696338937,222.2530274933370505113659174,2.216137539729101260899170527,7.206622998556443339610136229,0,no,no,LIQUIDITY_FAILURE,SRC-001;SRC-002;SRC-003,P6M-MODERATE_NO_WAIVER-P-0052:P6M-MODERATE_NO_WAIVER-P-0054
Moderate Phase 6 analytical shutoff,MODERATE_NO_WAIVER,P035,quarterly,2030-08-01,2030-10-31,FY2030,Q4,92,489.7847723114609625192256851,27.91591743027939068561819552,63.72990037447690444213688346,-27.57096440295676050213225227,-9.039733992880035985001157798,0.0018058881173999855761078,-17.14246703090113368817289898,0,37.54950523881313475453893449,20.94585031897613794303661063,24.00957497400763885191737083,420.6875,11.90625,11.90625,0,0,0,0,0,408.78125,9.23677754642827260182721262,0,9.23677754642827260182721262,0,6.931253037353361243830961655,6.931253037353361243830961655,0,1.5365,1.5365,0,3.624999999999999999999999999,1.25,0,0,0,471.40025,0,5.25452615422891599357617072,293.8,0,25,6.2,300,phase6_analytical_shutoff_active,2026-11-01,no,0.99042502599236114808262917,222.2514342059955050501183328,2.121022308288363792431461716,7.488780005710237712248379295,0,no,no,LIQUIDITY_FAILURE,SRC-001;SRC-002;SRC-003,P6M-MODERATE_NO_WAIVER-P-0055:P6M-MODERATE_NO_WAIVER-P-0057
Moderate Phase 6 analytical shutoff,MODERATE_NO_WAIVER,P036,quarterly,2030-11-01,2031-01-31,FY2031,Q1,92,399.9839971502874885939843726,22.90967547594190519832374179,32.02102078355558414049508032,-22.5158991675839833079325683,-2.376280403992900208140628008,0.0015251072472576468757836,-13.99943990026006210078945304,0,15.64682558654987947844078288,24.00957497400763885191737083,14.65701188868251833035815371,408.78125,11.90625,11.90625,0,0,396.875,0,396.875,396.875,0,0,0,0,6.681638671875,6.681638671875,0,1.5365,1.5365,0,3.624999999999999999999999999,1.25,0,0,0,459.494,0,0,0,0,25,6.2,300,phase6_analytical_shutoff_active,2026-11-01,no,10.34298811131748166964184629,222.250633660462277829834313,2.067458672365273020079932274,7.78923106065090225125946936,396.875,yes,no,LIQUIDITY_FAILURE,SRC-001;SRC-002;SRC-003,P6M-MODERATE_NO_WAIVER-P-0058:P6M-MODERATE_NO_WAIVER-P-0060
Severe Phase 6 analytical shutoff,SEVERE_NO_WAIVER,P001,monthly,2026-02-01,2026-02-28,FY2026,Q2,28,38.45966848425,28.8693217195837322875299713,3.928740408283005596877055965,-8.4900849345702,-0.4409421874919011492192639912,-18.45157969353030785852827159,-1.34608839694875,-0.32,-16.62986986968795341087047962,25,25,635,0,0,0,0,0,0,0,635,29.89771875,23.78419380313284113378740034,0,53.68191255313284113378740034,4.833407266778221056250254048,4.833407266778221056250254048,0,0.6959166666666666666666666667,0.6959166666666666666666666667,0,1.208333333333333333333333333,0.4166666666666666666666666667,0,0,0,751.3009125531328411337874003,240.1180874468671588662125997,53.68191255313284113378740034,240.1180874468671588662125997,240.1180874468671588662125997,25,6.2,300,available_before_analytical_shutoff,,no,0,,,,0,no,no,PASS,SRC-001;SRC-002;SRC-003,P6M-SEVERE_NO_WAIVER-P-0001:P6M-SEVERE_NO_WAIVER-P-0001
Severe Phase 6 analytical shutoff,SEVERE_NO_WAIVER,P002,monthly,2026-03-01,2026-03-31,FY2026,Q2,31,96.149171210625,28.8693217195837322875299713,9.821851020707513992192639912,-8.4900849345702,-1.102355468729752873048159978,-46.12894923382576964632067898,-3.365220992371875,-0.8,-41.57467467421988352717619905,25,25,635,0,0,0,0,0,0,0,635,53.68191255313284113378740034,48.98885905056312519832708282,0,102.6707716036959663321144832,5.093267709676575004484217104,5.093267709676575004484217104,0,0.6959166666666666666666666667,0.6959166666666666666666666667,0,1.208333333333333333333333333,0.4166666666666666666666666667,0,0,0,800.2897716036959663321144832,191.1292283963040336678855168,102.6707716036959663321144832,191.1292283963040336678855168,191.1292283963040336678855168,25,6.2,300,available_before_analytical_shutoff,,no,0,,,,0,no,no,PASS,SRC-001;SRC-002;SRC-003,P6M-SEVERE_NO_WAIVER-P-0002:P6M-SEVERE_NO_WAIVER-P-0002
Severe Phase 6 analytical shutoff,SEVERE_NO_WAIVER,P003,monthly,2026-04-01,2026-04-30,FY2026,Q2,30,249.987845147625,28.8693217195837322875299713,25.53681265383953637970086377,-8.4900849345702,-2.866124218697357469925215943,-119.9352680079470010804337653,-8.749574580166875,-2.08,-108.0941541529716971706581175,25,25,635,11.90625,11.90625,0,0,0,0,0,623.09375,102.6707716036959663321144832,128.004085601468070348742276,0,230.6748572051640366808567592,5.682764781829706511417491775,5.682764781829706511417491775,0,0.6959166666666666666666666667,0.6959166666666666666666666667,0,1.208333333333333333333333333,0.4166666666666666666666666667,0,0,0,916.3876072051640366808567592,63.1251427948359633191432408,230.6748572051640366808567592,63.1251427948359633191432408,63.1251427948359633191432408,25,6.2,300,available_before_analytical_shutoff,,no,0,,,,0,no,no,PASS,SRC-001;SRC-002;SRC-003,P6M-SEVERE_NO_WAIVER-P-0003:P6M-SEVERE_NO_WAIVER-P-0003
Severe Phase 6 analytical shutoff,SEVERE_NO_WAIVER,P004,monthly,2026-05-01,2026-05-31,FY2026,Q3,31,42.097152544875,27.69017358369192354329321421,3.8039296805939422048852986,-9.2930702394357,-0.35854919238445967622132465,1.6014683605503179664396714,-1.473400339070625,-0.25,3.32344850968917549510364535,25,25,623.09375,0,0,0,0,0,0,0,623.09375,230.6748572051640366808567592,5.11305683387571100971792555,0,235.7879140390397476905746848,6.115588676898219838154904228,6.115588676898219838154904228,0,0.6959166666666666666666666667,0.6959166666666666666666666667,0,1.208333333333333333333333333,0.4166666666666666666666666667,0,0,0,921.5006640390397476905746848,58.0120859609602523094253152,235.7879140390397476905746848,58.0120859609602523094253152,58.0120859609602523094253152,25,6.2,300,available_before_analytical_shutoff,,no,0,,,,0,no,no,PASS,SRC-001;SRC-002;SRC-003,P6M-SEVERE_NO_WAIVER-P-0004:P6M-SEVERE_NO_WAIVER-P-0004
Severe Phase 6 analytical shutoff,SEVERE_NO_WAIVER,P005,monthly,2026-06-01,2026-06-30,FY2026,Q3,30,105.2428813621875,27.69017358369192354329321421,9.5098242014848555122132465,-9.2930702394357,-0.896372980961149190553311625,4.0036709013757949160991785,-3.6835008476765625,-0.625,8.308621274222938737759113375,25,25,623.09375,0,0,0,0,0,0,0,623.09375,235.7879140390397476905746848,0.14666566175630676140389376,0,235.9345797007960544519785786,6.134370269312578832496340468,6.134370269312578832496340468,0,0.6959166666666666666666666667,0.6959166666666666666666666667,0,1.208333333333333333333333333,0.4166666666666666666666666667,0,0,0,921.6473297007960544519785786,57.8654202992039455480214214,235.9345797007960544519785786,57.8654202992039455480214214,57.8654202992039455480214214,25,6.2,300,available_before_analytical_shutoff,,no,0,,,,0,no,no,PASS,SRC-001;SRC-002;SRC-003,P6M-SEVERE_NO_WAIVER-P-0005:P6M-SEVERE_NO_WAIVER-P-0005
Severe Phase 6 analytical shutoff,SEVERE_NO_WAIVER,P006,monthly,2026-07-01,2026-07-31,FY2026,Q3,31,273.6314915416875,27.69017358369192354329321421,24.7255429238606243317544409,-9.2930702394357,-2.330569750498987895438610225,10.4095443435770667818578641,-9.5771022039590625,-1.625,21.60241531297964071817369478,25,25,623.09375,11.90625,11.90625,0,0,0,0,0,611.1875,235.9345797007960544519785786,0,1.28746722361838141529819727,234.6471124771776730366803813,6.087781422694592636208830844,6.087781422694592636208830844,0,0.6959166666666666666666666667,0.6959166666666666666666666667,0,1.208333333333333333333333333,0.4166666666666666666666666667,0,0,0,908.4536124771776730366803813,59.1528875228223269633196187,234.6471124771776730366803813,59.1528875228223269633196187,59.1528875228223269633196187,25,6.2,300,available_before_analytical_shutoff,,no,0,,,,0,no,no,PASS,SRC-001;SRC-002;SRC-003,P6M-SEVERE_NO_WAIVER-P-0006:P6M-SEVERE_NO_WAIVER-P-0006
Severe Phase 6 analytical shutoff,SEVERE_NO_WAIVER,P007,monthly,2026-08-01,2026-08-31,FY2026,Q4,31,41.63586907725,27.91591743027939068561819552,3.85623817944504740475302303,-9.1912405572414,-0.3781179593371226011882557575,1.5809503490193561167678363,-1.45725541770375,-0.25,3.351815151423530920332603572,25,25,611.1875,0,0,0,0,0,0,0,611.1875,234.6471124771776730366803813,5.02772353547265475504068257,0,239.6748360126503277917210639,6.058622020229519008706619468,6.058622020229519008706619468,0,0.6959166666666666666666666667,0.6959166666666666666666666667,0,1.208333333333333333333333333,0.4166666666666666666666666667,0,0,0,913.4813360126503277917210639,54.1251639873496722082789361,239.6748360126503277917210639,54.1251639873496722082789361,54.1251639873496722082789361,25,6.2,300,available_before_analytical_shutoff,,no,0,,,,0,no,no,PASS,SRC-001;SRC-002;SRC-003,P6M-SEVERE_NO_WAIVER-P-0007:P6M-SEVERE_NO_WAIVER-P-0007
Severe Phase 6 analytical shutoff,SEVERE_NO_WAIVER,P008,monthly,2026-09-01,2026-09-30,FY2026,Q4,30,104.089672693125,27.91591743027939068561819552,9.640595448612618511882557575,-9.1912405572414,-0.9452948983428065029706393938,3.95237587254839029191959075,-3.643138544259375,-0.625,8.37953787855882730083150893,25,25,611.1875,0,0,0,0,0,0,0,611.1875,239.6748360126503277917210639,0.0180183115159697000362591,0,239.692854324166297491757323,6.076639523408130334201101358,6.076639523408130334201101358,0,0.6959166666666666666666666667,0.6959166666666666666666666667,0,1.208333333333333333333333333,0.4166666666666666666666666667,0,0,0,913.499354324166297491757323,54.107145675833702508242677,239.692854324166297491757323,54.107145675833702508242677,54.107145675833702508242677,25,6.2,300,available_before_analytical_shutoff,,no,0,,,,0,no,no,PASS,SRC-001;SRC-002;SRC-003,P6M-SEVERE_NO_WAIVER-P-0008:P6M-SEVERE_NO_WAIVER-P-0008
Severe Phase 6 analytical shutoff,SEVERE_NO_WAIVER,P009,monthly,2026-10-01,2026-10-31,FY2026,Q4,31,270.633149002125,27.91591743027939068561819552,25.0655481663928081308946497,-9.1912405572414,-2.457766735691296907723662424,10.27617726862581475899093595,-9.472160215074375,-1.625,21.78679848425295098216192322,25,25,611.1875,11.90625,11.90625,0,0,0,0,0,599.28125,239.692854324166297491757323,0,1.53090981194881160945341974,238.1619445122174858823039033,6.02872200563747270604183681,6.02872200563747270604183681,0,0.6959166666666666666666666667,0.6959166666666666666666666667,0,1.208333333333333333333333333,0.4166666666666666666666666667,0,0,0,900.0621945122174858823039033,55.6380554877825141176960967,238.1619445122174858823039033,55.6380554877825141176960967,55.6380554877825141176960967,25,6.2,300,continued_draw_or_waiver_after_warning,2026-11-01,no,0,147.914106394588062870855216,6.085032837308540174682076325,,0,no,no,BREACHED_ANALYTICAL_THRESHOLD,SRC-001;SRC-002;SRC-003,P6M-SEVERE_NO_WAIVER-P-0009:P6M-SEVERE_NO_WAIVER-P-0009
Severe Phase 6 analytical shutoff,SEVERE_NO_WAIVER,P010,monthly,2026-11-01,2026-11-30,FY2027,Q1,30,34.0020398342523375,22.90967547594190519832374179,1.446982468506440104999160289,-7.50605029941071601,0,1.35681565319945013700660506,-1.1900713941988318125,-0.25,1.363726727507058429505765349,25,18.08873658003230521782964497,599.28125,0,0,0,0,0,0,0,599.28125,238.1619445122174858823039033,0,0,238.1619445122174858823039033,5.980740147474753211676120376,5.980740147474753211676120376,0,0.66925,0.66925,0,1.208333333333333333333333333,0.4166666666666666666666666667,0,0,0,900.0621945122174858823039033,0,238.1619445122174858823039033,55.6380554877825141176960967,0,25,6.2,300,phase6_analytical_shutoff_active,2026-11-01,no,6.91126341996769478217035503,138.6860809593051327072872296,6.489924499173958936195720693,,0,no,no,LIQUIDITY_FAILURE,SRC-001;SRC-002;SRC-003,P6M-SEVERE_NO_WAIVER-P-0010:P6M-SEVERE_NO_WAIVER-P-0010
Severe Phase 6 analytical shutoff,SEVERE_NO_WAIVER,P011,monthly,2026-12-01,2026-12-31,FY2027,Q1,31,85.00509958563084375,22.90967547594190519832374179,3.617456171266100262497900722,-7.50605029941071601,0,3.39203913299862534251651265,-2.97517848549707953125,-0.625,3.409316818767646073764413372,18.08873658003230521782964497,13.22306325132519807991793796,599.28125,0,0,0,0,0,0,0,599.28125,238.1619445122174858823039033,0,0,238.1619445122174858823039033,5.980740147474753211676120376,5.980740147474753211676120376,0,0.66925,0.66925,0,1.208333333333333333333333333,0.4166666666666666666666666667,0,0,0,900.0621945122174858823039033,0,238.1619445122174858823039033,55.6380554877825141176960967,0,25,6.2,300,phase6_analytical_shutoff_active,2026-11-01,no,11.77693674867480192008206204,131.6285292267818627012179836,6.837896007798633777002154021,,0,no,no,LIQUIDITY_FAILURE,SRC-001;SRC-002;SRC-003,P6M-SEVERE_NO_WAIVER-P-0011:P6M-SEVERE_NO_WAIVER-P-0011
Severe Phase 6 analytical shutoff,SEVERE_NO_WAIVER,P012,monthly,2027-01-01,2027-01-31,FY2027,Q1,31,221.01325892264019375,22.90967547594190519832374179,9.405386045291860682494541878,-7.50605029941071601,0,8.81930174579642589054293289,-7.73546406229240678125,-1.625,8.864223728795879791787474768,13.22306325132519807991793796,1.94856206702132466002929235,599.28125,11.90625,11.90625,0,0,0,0,0,587.375,238.1619445122174858823039033,0,0,238.1619445122174858823039033,5.938224913099753211676120376,5.938224913099753211676120376,0,0.66925,0.66925,0,1.208333333333333333333333333,0.4166666666666666666666666667,0,0,0,888.1559445122174858823039033,0,238.1619445122174858823039033,55.6380554877825141176960967,0,25,6.2,300,phase6_analytical_shutoff_active,2026-11-01,no,23.05143793297867533997070765,130.3589073682843531151453789,6.81315885843563940769012503,1.861980995883890218713637955,0,no,no,LIQUIDITY_FAILURE,SRC-001;SRC-002;SRC-003,P6M-SEVERE_NO_WAIVER-P-0012:P6M-SEVERE_NO_WAIVER-P-0012
Severe Phase 6 analytical shutoff,SEVERE_NO_WAIVER,P013,monthly,2027-02-01,2027-02-28,FY2027,Q2,28,38.45870699253789375,28.8693217195837322875299713,3.928642189772798521737134038,-8.489872682446835745,-0.4409311639372138516905335095,0.00025014541421265337632338,-1.34605474473882628125,0,2.141906426510971042172923908,1.94856206702132466002929235,0,587.375,0,0,0,0,0,0,0,587.375,238.1619445122174858823039033,0,0,238.1619445122174858823039033,5.895709678724753211676120376,4.090468493532295702202216258,1.805241185192457509473904118,0.66925,0,0.66925,0,0,1.208333333333333333333333333,0.4166666666666666666666666667,1.805241185192457509473904118,888.1559445122174858823039033,0,238.1619445122174858823039033,55.6380554877825141176960967,0,25,6.2,300,phase6_analytical_shutoff_active,2026-11-01,no,25,130.3588091497741460400054569,6.813163991792696320054888385,1.834149324870009749710693204,0,no,yes,MANDATORY_PAYMENT_FAILURE,SRC-001;SRC-002;SRC-003,P6M-SEVERE_NO_WAIVER-P-0013:P6M-SEVERE_NO_WAIVER-P-0013
Severe Phase 6 analytical shutoff,SEVERE_NO_WAIVER,P014,monthly,2027-03-01,2027-03-31,FY2027,Q2,31,96.146767481344734375,28.8693217195837322875299713,9.821605474431996304342835095,-8.489872682446835745,-1.102327909843034629226333774,0.00062536353553163344080845,-3.365136861847065703125,0,5.35476606627742760543230977,0,0,587.375,0,0,0,0,0,0,0,587.375,238.1619445122174858823039033,0,0,238.1619445122174858823039033,5.895709678724753211676120376,5.35476606627742760543230977,0.540943612447325606243810606,0.66925,0,0.66925,0,0,1.208333333333333333333333333,0.4166666666666666666666666667,0.540943612447325606243810606,888.1559445122174858823039033,0,238.1619445122174858823039033,55.6380554877825141176960967,0,25,6.2,300,phase6_analytical_shutoff_active,2026-11-01,no,25,130.3585636034986283521556521,6.813176825219181168342838676,1.813668888249387744745027054,0,no,yes,MANDATORY_PAYMENT_FAILURE,SRC-001;SRC-002;SRC-003,P6M-SEVERE_NO_WAIVER-P-0014:P6M-SEVERE_NO_WAIVER-P-0014
Severe Phase 6 analytical shutoff,SEVERE_NO_WAIVER,P015,monthly,2027-04-01,2027-04-30,FY2027,Q2,30,249.981595451496309375,28.8693217195837322875299713,25.53617423352319039129137125,-8.489872682446835745,-2.866052565591890035988467812,0.00162594519238224694610197,-8.749355840802370828125,0,13.9223917723213117741240054,0,0,587.375,11.90625,7.399947327971558562447885024,4.506302672028441437552114976,0,0,0,0,579.975052672028441437552115,238.1619445122174858823039033,0,0,238.1619445122174858823039033,5.853194444349753211676120376,5.853194444349753211676120376,0,0.66925,0.66925,0,0,0,1.208333333333333333333333333,0.4166666666666666666666666667,4.506302672028441437552114976,880.7559971842459273198560183,0,238.1619445122174858823039033,55.6380554877825141176960967,0,25,6.2,300,phase6_analytical_shutoff_active,2026-11-01,no,25,130.3579251831822823637461596,6.756443813804071588626564852,1.809369673687760591049737676,0,no,yes,MANDATORY_PAYMENT_FAILURE,SRC-001;SRC-002;SRC-003,P6M-SEVERE_NO_WAIVER-P-0015:P6M-SEVERE_NO_WAIVER-P-0015
Severe Phase 6 analytical shutoff,SEVERE_NO_WAIVER,P016,monthly,2027-05-01,2027-05-31,FY2027,Q3,31,42.096100116061378125,27.69017358369192354329321421,3.80383458235192735633017647,-9.2928379126797141075,-0.3585402286546500647294191175,0.00027602551325302287275681,-1.473363504062148234375,0,1.972206875148382080098514162,0,0,579.975052672028441437552115,0,0,0,0,0,0,0,579.975052672028441437552115,238.1619445122174858823039033,0,0,238.1619445122174858823039033,5.842861721557489664275971731,1.972206875148382080098514162,3.870654846409107584177457569,0.66925,0,0.66925,0,0,1.208333333333333333333333333,0.4166666666666666666666666667,3.870654846409107584177457569,880.7559971842459273198560183,0,238.1619445122174858823039033,55.6380554877825141176960967,0,25,6.2,300,phase6_analytical_shutoff_active,2026-11-01,no,25,130.3578300849402675151910375,6.756448742744117201540517765,1.816243659893670859901504298,0,no,yes,MANDATORY_PAYMENT_FAILURE,SRC-001;SRC-002;SRC-003,P6M-SEVERE_NO_WAIVER-P-0016:P6M-SEVERE_NO_WAIVER-P-0016
Severe Phase 6 analytical shutoff,SEVERE_NO_WAIVER,P017,monthly,2027-06-01,2027-06-30,FY2027,Q3,30,105.2402502901534453125,27.69017358369192354329321421,9.509586455879818390825441175,-9.2928379126797141075,-0.8963505716366251618235477938,0.000690063783132557181892025,-3.6834087601553705859375,0,4.930517187870955200246285405,0,0,579.975052672028441437552115,0,0,0,0,0,0,0,579.975052672028441437552115,238.1619445122174858823039033,0,0,238.1619445122174858823039033,5.842861721557489664275971731,4.930517187870955200246285405,0.912344533686534464029686326,0.66925,0,0.66925,0,0,1.208333333333333333333333333,0.4166666666666666666666666667,0.912344533686534464029686326,880.7559971842459273198560183,0,238.1619445122174858823039033,55.6380554877825141176960967,0,25,6.2,300,phase6_analytical_shutoff_active,2026-11-01,no,25,130.3575923393352303938032322,6.756461065125694061138130255,1.823647121349450486374657116,0,no,yes,MANDATORY_PAYMENT_FAILURE,SRC-001;SRC-002;SRC-003,P6M-SEVERE_NO_WAIVER-P-0017:P6M-SEVERE_NO_WAIVER-P-0017
Severe Phase 6 analytical shutoff,SEVERE_NO_WAIVER,P018,monthly,2027-07-01,2027-07-31,FY2027,Q3,31,273.6246507543989578125,27.69017358369192354329321421,24.72492478528752781614614706,-9.2928379126797141075,-2.330511486255225420741224264,0.001794165836144648672919265,-9.5768627764039635234375,0,12.81934468846448352064034205,0,0,579.975052672028441437552115,11.90625,6.349748201281993856364370319,5.556501798718006143635629681,0,0,0,0,573.6253044707464475811877447,238.1619445122174858823039033,0,0,238.1619445122174858823039033,5.800346487182489664275971731,5.800346487182489664275971731,0,0.66925,0.66925,0,0,0,1.208333333333333333333333333,0.4166666666666666666666666667,5.556501798718006143635629681,874.406248982963933463491648,0,238.1619445122174858823039033,55.6380554877825141176960967,0,25,6.2,300,phase6_analytical_shutoff_active,2026-11-01,no,25,130.3569742007621338781949383,6.70778264334591854206623437,1.831001098017011000595972135,0,no,yes,MANDATORY_PAYMENT_FAILURE,SRC-001;SRC-002;SRC-003,P6M-SEVERE_NO_WAIVER-P-0018:P6M-SEVERE_NO_WAIVER-P-0018
Severe Phase 6 analytical shutoff,SEVERE_NO_WAIVER,P019,monthly,2027-08-01,2027-08-31,FY2027,Q4,31,41.63482818052306875,27.91591743027939068561819552,3.85614177349056127856790421,-9.191010776227468965,-0.3781085063881391731232260525,0.00027258029028026952173835,-1.45721898631830740625,0,2.021086861074394968716416508,0,0,573.6253044707464475811877447,0,0,0,0,0,0,0,573.6253044707464475811877447,238.1619445122174858823039033,0,0,238.1619445122174858823039033,5.797513936486667424818436185,2.021086861074394968716416508,3.776427075412272456102019677,0.66925,0,0.66925,0,0,1.208333333333333333333333333,0.4166666666666666666666666667,3.776427075412272456102019677,874.406248982963933463491648,0,238.1619445122174858823039033,55.6380554877825141176960967,0,25,6.2,300,phase6_analytical_shutoff_active,2026-11-01,no,25,130.3568777948076477520098195,6.707787604113613785161948988,1.83773972461321667470067431,0,no,yes,MANDATORY_PAYMENT_FAILURE,SRC-001;SRC-002;SRC-003,P6M-SEVERE_NO_WAIVER-P-0019:P6M-SEVERE_NO_WAIVER-P-0019
Severe Phase 6 analytical shutoff,SEVERE_NO_WAIVER,P020,monthly,2027-09-01,2027-09-30,FY2027,Q4,30,104.087070451307671875,27.91591743027939068561819552,9.640354433726403196419760525,-9.191010776227468965,-0.9452712659703479328080651312,0.000681450725700673804345875,-3.643047465795768515625,0,5.05271715268598742179104127,0,0,573.6253044707464475811877447,0,0,0,0,0,0,0,573.6253044707464475811877447,238.1619445122174858823039033,0,0,238.1619445122174858823039033,5.797513936486667424818436185,5.05271715268598742179104127,0.744796783800680003027394915,0.66925,0,0.66925,0,0,1.208333333333333333333333333,0.4166666666666666666666666667,0.744796783800680003027394915,874.406248982963933463491648,0,238.1619445122174858823039033,55.6380554877825141176960967,0,25,6.2,300,phase6_analytical_shutoff_active,2026-11-01,no,25,130.3566367799214324365470224,6.707800006064953565044699827,1.844996470968452457375672129,0,no,yes,MANDATORY_PAYMENT_FAILURE,SRC-001;SRC-002;SRC-003,P6M-SEVERE_NO_WAIVER-P-0020:P6M-SEVERE_NO_WAIVER-P-0020
Severe Phase 6 analytical shutoff,SEVERE_NO_WAIVER,P021,monthly,2027-10-01,2027-10-31,FY2027,Q4,31,270.626383173399946875,27.91591743027939068561819552,25.06492152768864831069137736,-9.191010776227468965,-2.457705291522904625300969341,0.001771771886821751891299275,-9.471923411068998140625,0,13.1370645969835672966567073,0,0,573.6253044707464475811877447,11.90625,6.712815894871899871838271115,5.193434105128100128161728885,0,0,0,0,566.9124885758745477093494736,238.1619445122174858823039033,0,0,238.1619445122174858823039033,5.754998702111667424818436185,5.754998702111667424818436185,0,0.66925,0.66925,0,0,0,1.208333333333333333333333333,0.4166666666666666666666666667,5.193434105128100128161728885,867.6934330880920335916533769,0,238.1619445122174858823039033,55.6380554877825141176960967,0,25,6.2,300,phase6_analytical_shutoff_active,2026-11-01,no,25,130.3560101412172726163437501,6.656336229899199780569628627,1.852163122182860566214852633,0,no,yes,MANDATORY_PAYMENT_FAILURE,SRC-001;SRC-002;SRC-003,P6M-SEVERE_NO_WAIVER-P-0021:P6M-SEVERE_NO_WAIVER-P-0021
Severe Phase 6 analytical shutoff,SEVERE_NO_WAIVER,P022,monthly,2027-11-01,2027-11-30,FY2028,Q1,30,34.0011897832564811915625,22.90967547594190519832374179,1.44694629394472744399653531,-7.50586264815323074209975,0,0.00023022158667147858362833,-1.1900416424139768417046875,0,0.25713487311742208087547614,0,0,566.9124885758745477093494736,0,0,0,0,0,0,0,566.9124885758745477093494736,238.1619445122174858823039033,0,0,238.1619445122174858823039033,5.749573242970790606567057866,0.25713487311742208087547614,5.492438369853368525691581726,0.5691666666666666666666666667,0,0.5691666666666666666666666667,0,0,1.208333333333333333333333333,0.4166666666666666666666666667,5.492438369853368525691581726,867.6934330880920335916533769,0,238.1619445122174858823039033,55.6380554877825141176960967,0,25,6.2,300,phase6_analytical_shutoff_active,2026-11-01,no,25,130.3559739666555599553411251,6.656338077072278248786433862,1.858266147511120840223372779,0,no,yes,MANDATORY_PAYMENT_FAILURE,SRC-001;SRC-002;SRC-003,P6M-SEVERE_NO_WAIVER-P-0022:P6M-SEVERE_NO_WAIVER-P-0022
Severe Phase 6 analytical shutoff,SEVERE_NO_WAIVER,P023,monthly,2027-12-01,2027-12-31,FY2028,Q1,31,85.00297445814120297890625,22.90967547594190519832374179,3.617365734861818609991338275,-7.50586264815323074209975,0,0.000575553966678696459070825,-2.97510410603494210426171875,0,0.64283718279355520218869035,0,0,566.9124885758745477093494736,0,0,0,0,0,0,0,566.9124885758745477093494736,238.1619445122174858823039033,0,0,238.1619445122174858823039033,5.749573242970790606567057866,0.64283718279355520218869035,5.106736060177235404378367516,0.5691666666666666666666666667,0,0.5691666666666666666666666667,0,0,1.208333333333333333333333333,0.4166666666666666666666666667,5.106736060177235404378367516,867.6934330880920335916533769,0,238.1619445122174858823039033,55.6380554877825141176960967,0,25,6.2,300,phase6_analytical_shutoff_active,2026-11-01,no,25,130.3558835302512783028345627,6.656342695009459686151276556,1.864408753060067734039162375,0,no,yes,MANDATORY_PAYMENT_FAILURE,SRC-001;SRC-002;SRC-003,P6M-SEVERE_NO_WAIVER-P-0023:P6M-SEVERE_NO_WAIVER-P-0023
Severe Phase 6 analytical shutoff,SEVERE_NO_WAIVER,P024,monthly,2028-01-01,2028-01-31,FY2028,Q1,31,221.00773359116712774515625,22.90967547594190519832374179,9.405150910640728385977479515,-7.50586264815323074209975,0,0.001496440313364610793584145,-7.73527067569084947108046875,0,1.67137667526324352569059491,0,0,566.9124885758745477093494736,11.90625,0,11.90625,0,0,0,0,566.9124885758745477093494736,238.1619445122174858823039033,0,0,238.1619445122174858823039033,5.707058008595790606567057866,1.67137667526324352569059491,4.035681333332547080876462956,0.5691666666666666666666666667,0,0.5691666666666666666666666667,0,0,1.208333333333333333333333333,0.4166666666666666666666666667,4.035681333332547080876462956,867.6934330880920335916533769,0,238.1619445122174858823039033,55.6380554877825141176960967,0,25,6.2,300,phase6_analytical_shutoff_active,2026-11-01,no,25,130.3556483956001460063175003,6.656354701676118718989014148,1.870590034965709367082469954,0,no,yes,MANDATORY_PAYMENT_FAILURE,SRC-001;SRC-002;SRC-003,P6M-SEVERE_NO_WAIVER-P-0024:P6M-SEVERE_NO_WAIVER-P-0024
Severe Phase 6 analytical shutoff,SEVERE_NO_WAIVER,P025,quarterly,2028-02-01,2028-04-30,FY2028,Q2,90,398.1507771985824784275,28.8693217195837322875299713,43.6581154980704003242203646,-25.468981306889323722319125,-5.311352987001948862144883649,32.0373336585348705461590019,-13.9352772019503867449625,0,56.44881896765293526327198285,0,23.58745439971312187953843774,566.9124885758745477093494736,11.90625,11.90625,0,0,0,0,0,555.0062385758745477093494736,238.1619445122174858823039033,0,0,238.1619445122174858823039033,16.40311443644927978610952022,16.40311443644927978610952022,0,1.7075,1.302000131490533597624024878,0.4054998685094664023759751217,2.416666666666666666666666666,0.8333333333333333333333333334,1.208333333333333333333333333,0.4166666666666666666666666667,0.4054998685094664023759751217,855.7871830880920335916533769,0,238.1619445122174858823039033,55.6380554877825141176960967,0,25,6.2,300,phase6_analytical_shutoff_active,2026-11-01,no,25,134.7273419959425611131665245,6.351993369793229190991987607,1.968391033015103971027166007,0,no,yes,LIQUIDITY_FAILURE,SRC-001;SRC-002;SRC-003,P6M-SEVERE_NO_WAIVER-P-0025:P6M-SEVERE_NO_WAIVER-P-0027
Severe Phase 6 analytical shutoff,SEVERE_NO_WAIVER,P026,quarterly,2028-05-01,2028-07-31,FY2028,Q3,92,450.66462846280251408703125,27.69017358369192354329321421,47.48235687051268933381257548,-27.8778167751956913439419375,-5.528385901271152552706353088,29.5553832872862164091058058,-15.77326199619808799304609375,0,55.73609226032966519716593443,23.58745439971312187953843774,25,555.0062385758745477093494736,11.90625,11.90625,0,0,0,0,0,543.0999885758745477093494736,238.1619445122174858823039033,0,20.55491304918642141865252915,217.6070314630310644636513741,15.279883610856365658051843,15.279883610856365658051843,0,1.7075,1.7075,0,3.624999999999999999999999999,1.25,0,0,0,823.3260200389056121730008477,0,238.1619445122174858823039033,76.1929685369689355363486259,0,25,6.2,300,phase6_analytical_shutoff_active,2026-11-01,no,3.16886702641597418491759111,144.1713530429359768836773353,5.710746293639272021819473694,2.176525224779400630931708732,0,no,no,BREACHED_ANALYTICAL_THRESHOLD,SRC-001;SRC-002;SRC-003,P6M-SEVERE_NO_WAIVER-P-0028:P6M-SEVERE_NO_WAIVER-P-0030
Severe Phase 6 analytical shutoff,SEVERE_NO_WAIVER,P027,quarterly,2028-08-01,2028-10-31,FY2028,Q4,92,460.420706720346380386875,27.91591743027939068561819552,53.00279116884838854298449462,-27.572343002874189834827625,-6.77119718653666252456163178,28.3341955420845204571027842,-16.114724735212123313540625,0,58.45106478918412316198502204,25,25,543.0999885758745477093494736,11.90625,11.90625,0,0,0,0,0,531.1937385758745477093494736,217.6070314630310644636513741,0,26.1044456012094663550703333,191.5025858618215981085810408,13.85786918797465680691468873,13.85786918797465680691468873,0,1.7075,1.7075,0,3.624999999999999999999999999,1.25,0,0,0,785.3153244376961458179305144,0,217.6070314630310644636513741,102.2974141381784018914189592,0,25,6.2,300,phase6_analytical_shutoff_active,2026-11-01,no,1.02106913582053298523067801,158.6127264768787526409827879,4.951149519217002417288539397,2.527810814181872230240215479,0,no,no,BREACHED_ANALYTICAL_THRESHOLD,SRC-001;SRC-002;SRC-003,P6M-SEVERE_NO_WAIVER-P-0031:P6M-SEVERE_NO_WAIVER-P-0033
Severe Phase 6 analytical shutoff,SEVERE_NO_WAIVER,P028,quarterly,2028-11-01,2029-01-31,FY2029,Q1,92,388.0038771871357974840791719,22.90967547594190519832374179,28.15191415889357346612381439,-22.51702500476108073399359252,-1.577599976068831288537507412,29.1491159280903734764619799,-13.58013570154975291194277101,0,42.14329440936536274210551588,25,25,531.1937385758745477093494736,11.90625,11.90625,0,0,0,0,0,519.2874885758745477093494736,191.5025858618215981085810408,0,11.22351130904566914298965268,180.2790745527759289655913882,12.5140331003196935991158632,12.5140331003196935991158632,0,1.6245,1.6245,0,3.624999999999999999999999999,1.25,0,0,0,762.1855631286504766749408618,0,191.5025858618215981085810408,113.5209254472240710344086118,0,25,6.2,300,phase6_analytical_shutoff_active,2026-11-01,no,2.14983171017241550608192815,172.295177696325051667141249,4.423719649728231586058743909,2.967797321162077326822325345,0,no,no,BREACHED_ANALYTICAL_THRESHOLD,SRC-001;SRC-002;SRC-003,P6M-SEVERE_NO_WAIVER-P-0034:P6M-SEVERE_NO_WAIVER-P-0036
Severe Phase 6 analytical shutoff,SEVERE_NO_WAIVER,P029,quarterly,2029-02-01,2029-04-30,FY2029,Q2,89,452.4327538967642203017492189,28.8693217195837322875299713,63.18323721370173179565731637,-25.46834458235665148922606702,-9.428723157836270076607812339,30.56004479828804425222486941,-15.83514638638674771056122266,0,68.47941246776675826071315076,25,25,519.2874885758745477093494736,11.90625,11.90625,0,0,0,0,0,507.3812385758745477093494736,180.2790745527759289655913882,0,39.00033469324528676254937089,141.2787398595306422030420174,11.07332777452147149816377987,11.07332777452147149816377987,0,1.6245,1.6245,0,3.624999999999999999999999999,1.25,0,0,0,711.278978435405189912391491,0,163.403032498194541680919553,152.5212601404693577969579826,0,25,6.2,300,phase6_analytical_shutoff_active,2026-11-01,no,0,191.8202994119563831385782008,3.708048525708172995597902478,3.638120167918009222719476071,0,no,no,BREACHED_ANALYTICAL_THRESHOLD,SRC-001;SRC-002;SRC-003,P6M-SEVERE_NO_WAIVER-P-0037:P6M-SEVERE_NO_WAIVER-P-0039
Severe Phase 6 analytical shutoff,SEVERE_NO_WAIVER,P030,quarterly,2029-05-01,2029-07-31,FY2029,Q3,92,495.2234745572427956309660157,27.69017358369192354329321421,63.31963786060491511771786737,-27.87711982977631145165833895,-8.860629507707150916514882104,-5.5623637979150643405999348,-17.33282160950349784708381055,0,31.5638229454792020135192399,25,17.98259024910918890212382017,507.3812385758745477093494736,11.90625,11.90625,0,0,0,0,0,495.4749885758745477093494736,141.2787398595306422030420174,0,9.65953543530562783337904752,131.6192044242250143696629699,10.5159472610643852780163722,10.5159472610643852780163722,0,1.6245,1.6245,0,3.624999999999999999999999999,1.25,0,0,0,689.7131930000995620790124435,0,136.4621936310049008374179202,162.1807955757749856303370301,0,25,6.2,300,phase6_analytical_shutoff_active,2026-11-01,no,7.01740975089081109787617983,207.6575804020486089224834928,3.321396655324292313943422352,4.329701479172289637742588794,0,no,no,LIQUIDITY_FAILURE,SRC-001;SRC-002;SRC-003,P6M-SEVERE_NO_WAIVER-P-0040:P6M-SEVERE_NO_WAIVER-P-0042
Severe Phase 6 analytical shutoff,SEVERE_NO_WAIVER,P031,quarterly,2029-08-01,2029-10-31,FY2029,Q4,92,489.7970172368918848163460939,27.91591743027939068561819552,63.73149366181844990338446801,-27.57165369429911798008175431,-9.039959991879832980825678429,-3.638182991584890842613500799,-17.14289560329121596857211328,0,33.91045507506251011137317553,17.98259024910918890212382017,18.85408823990903333925112003,495.4749885758745477093494736,11.90625,11.90625,0,0,0,0,0,483.5687385758745477093494736,131.6192044242250143696629699,0,4.40192916689346809911500444,127.2172752573315462705479655,10.23127791736919757513087122,10.23127791736919757513087122,0,1.6245,1.6245,0,3.624999999999999999999999999,1.25,0,0,0,673.4050138332060939798974391,0,131.6192044242250143696629699,166.5827247426684537294520345,0,25,6.2,300,phase6_analytical_shutoff_active,2026-11-01,no,6.14591176009096666074887997,218.3862828950186702828834663,3.083549959760619530324294488,4.92586719164569027915772541,0,no,no,LIQUIDITY_FAILURE,SRC-001;SRC-002;SRC-003,P6M-SEVERE_NO_WAIVER-P-0043:P6M-SEVERE_NO_WAIVER-P-0045
Severe Phase 6 analytical shutoff,SEVERE_NO_WAIVER,P032,quarterly,2029-11-01,2030-01-31,FY2030,Q1,92,399.9939970002124939063320309,22.90967547594190519832374179,32.0218213290888113607790998,-22.51646207913596170697524268,-2.376339812488212413450964282,-1.536121143932743278549447,-13.99978989500743728672162108,0,14.10957047766041838205706745,18.85408823990903333925112003,4.64634179973404162768837203,483.5687385758745477093494736,11.90625,11.90625,0,0,0,0,0,471.6624885758745477093494736,127.2172752573315462705479655,0,0,127.2172752573315462705479655,9.999566917835410093619815437,9.999566917835410093619815437,0,1.5365,1.5365,0,3.624999999999999999999999999,1.25,0,0,0,661.4987638332060939798974391,0,127.2172752573315462705479655,166.5827247426684537294520345,0,25,6.2,300,phase6_analytical_shutoff_active,2026-11-01,no,20.35365820026595837231162797,222.2561900652139081775387517,2.976289495645140970432014035,5.314575633735813227815475689,0,no,no,LIQUIDITY_FAILURE,SRC-001;SRC-002;SRC-003,P6M-SEVERE_NO_WAIVER-P-0046:P6M-SEVERE_NO_WAIVER-P-0048
Severe Phase 6 analytical shutoff,SEVERE_NO_WAIVER,P033,quarterly,2030-02-01,2030-04-30,FY2030,Q2,89,452.4214430779168011962416752,28.8693217195837322875299713,63.181657632771389252362425,-25.46770787374209257293883637,-9.428487439757324169855897156,0.001657285276477514434984,-15.83475050772708804186845863,0,37.92007697056345455507305322,4.64634179973404162768837203,14.4446620087120860891416098,471.6624885758745477093494736,11.90625,11.90625,0,0,0,0,0,459.7562385758745477093494736,127.2172752573315462705479655,0,0,127.2172752573315462705479655,9.804006761585410093619815437,9.804006761585410093619815437,0,1.5365,1.5365,0,3.624999999999999999999999999,1.25,0,0,0,649.5925138332060939798974391,0,127.2172752573315462705479655,166.5827247426684537294520345,0,25,6.2,300,phase6_analytical_shutoff_active,2026-11-01,no,13.12966591706494355182721538,222.2546104842835656342438602,2.922740331090414660089259702,5.48089351490628942188464922,0,no,no,LIQUIDITY_FAILURE,SRC-001;SRC-002;SRC-003,P6M-SEVERE_NO_WAIVER-P-0049:P6M-SEVERE_NO_WAIVER-P-0051
Severe Phase 6 analytical shutoff,SEVERE_NO_WAIVER,P034,quarterly,2030-05-01,2030-07-31,FY2030,Q3,92,495.2110939703788645610752413,27.69017358369192354329321421,63.31805486965839999483992445,-27.87642290178056704387204749,-8.86040799196945823774196924,0.0018287050278167091345221,-17.33238828896326025963763345,0,37.12708729375349820659484387,14.4446620087120860891416098,20.17037660788477606683632323,459.7562385758745477093494736,11.90625,11.90625,0,0,0,0,0,447.8499885758745477093494736,127.2172752573315462705479655,0,3.50395229748798097619124904,123.7133229598435652943567165,9.579670397092827252708881387,9.579670397092827252708881387,0,1.5365,1.5365,0,3.624999999999999999999999999,1.25,0,0,0,634.1823115357181130037061901,0,127.2172752573315462705479655,170.0866770401564347056432835,0,25,6.2,300,phase6_analytical_shutoff_active,2026-11-01,no,4.82962339211522393316367677,222.2530274933370505113659174,2.853424849543299645921927892,5.610392762726171290599918528,0,no,no,LIQUIDITY_FAILURE,SRC-001;SRC-002;SRC-003,P6M-SEVERE_NO_WAIVER-P-0052:P6M-SEVERE_NO_WAIVER-P-0054
Severe Phase 6 analytical shutoff,SEVERE_NO_WAIVER,P035,quarterly,2030-08-01,2030-10-31,FY2030,Q4,92,489.7847723114609625192256851,27.91591743027939068561819552,63.72990037447690444213688346,-27.57096440295676050213225227,-9.039733992880035985001157798,0.0018058881173999855761078,-17.14246703090113368817289898,0,37.54950523881313475453893449,20.17037660788477606683632323,20.42953319276274910236144299,447.8499885758745477093494736,11.90625,11.90625,0,0,0,0,0,435.9437385758745477093494736,123.7133229598435652943567165,0,9.71029852811461544178195791,114.0030244317289498525747586,9.262300125820546277231856812,9.262300125820546277231856812,0,1.5365,1.5365,0,3.624999999999999999999999999,1.25,0,0,0,612.5657630076034975619242322,0,121.2862763629538541592470645,179.7969755682710501474252414,0,25,6.2,300,phase6_analytical_shutoff_active,2026-11-01,no,4.57046680723725089763855701,222.2514342059955050501183328,2.756183622373577397301357928,5.751023534365742016096266472,0,no,no,LIQUIDITY_FAILURE,SRC-001;SRC-002;SRC-003,P6M-SEVERE_NO_WAIVER-P-0055:P6M-SEVERE_NO_WAIVER-P-0057
Severe Phase 6 analytical shutoff,SEVERE_NO_WAIVER,P036,quarterly,2030-11-01,2031-01-31,FY2031,Q1,92,399.9839971502874885939843726,22.90967547594190519832374179,32.02102078355558414049508032,-22.5158991675839833079325683,-2.376280403992900208140628008,0.0015251072472576468757836,-13.99943990026006210078945304,0,15.64682558654987947844078288,20.42953319276274910236144299,8.75832655628774113334762036,435.9437385758745477093494736,11.90625,11.90625,0,0,538.0405130076034975619242322,0,538.0405130076034975619242322,424.0374885758745477093494736,114.0030244317289498525747586,0,0,114.0030244317289498525747586,9.000282223024887447454605516,9.000282223024887447454605516,0,1.5365,1.5365,0,3.624999999999999999999999999,1.25,0,0,0,600.6595130076034975619242322,0,114.0030244317289498525747586,0,0,25,6.2,300,phase6_analytical_shutoff_active,2026-11-01,no,16.24167344371225886665237964,222.250633660462277829834313,2.702622274297969869743587085,5.903657802073140849788906251,538.0405130076034975619242322,yes,no,LIQUIDITY_FAILURE,SRC-001;SRC-002;SRC-003,P6M-SEVERE_NO_WAIVER-P-0058:P6M-SEVERE_NO_WAIVER-P-0060
Moderate Phase 7 covenant-linked no-waiver,MODERATE_PHASE7_COVENANT_NO_WAIVER,P001,monthly,2026-02-01,2026-02-28,FY2026,Q2,28,84.61127066535,28.8693217195837322875299713,10.12392613486623731312952312,-8.4900849345702,-1.34024712164308877828238078,-14.68587377063740488468344816,-2.96139447328725,-0.44,-9.30358923070150634983630582,25,25,635,0,0,0,0,0,0,0,635,29.89771875,15.86895567082781015736170259,0,45.76667442082781015736170259,4.244449773459637140858730105,4.244449773459637140858730105,0,0.6959166666666666666666666667,0.6959166666666666666666666667,0,1.208333333333333333333333333,0.4166666666666666666666666667,0,0,0,743.3856744208278101573617026,248.0333255791721898426382974,45.76667442082781015736170259,248.0333255791721898426382974,248.0333255791721898426382974,25,6.2,300,available_before_analytical_shutoff,,no,0,,,,0,no,no,PASS,SRC-001;SRC-002;SRC-003,P6M-MODERATE_PHASE7_COVENANT_NO_WAIVER-P-0001:P6M-MODERATE_PHASE7_COVENANT_NO_WAIVER-P-0001
Moderate Phase 7 covenant-linked no-waiver,MODERATE_PHASE7_COVENANT_NO_WAIVER,P002,monthly,2026-03-01,2026-03-31,FY2026,Q2,31,126.916905998025,28.8693217195837322875299713,15.18588920229935596969428468,-8.4900849345702,-2.01037068246463316742357117,-22.02881065595610732702517224,-4.442091709930875,-0.66,-13.95538384605225952475445873,25,25,635,0,0,0,0,0,0,0,635,45.76667442082781015736170259,20.63589266196156514096089432,0,66.40256708278937529832259691,4.35959214924263894953976892,4.35959214924263894953976892,0,0.6959166666666666666666666667,0.6959166666666666666666666667,0,1.208333333333333333333333333,0.4166666666666666666666666667,0,0,0,764.0215670827893752983225969,227.3974329172106247016774031,66.40256708278937529832259691,227.3974329172106247016774031,227.3974329172106247016774031,25,6.2,300,available_before_analytical_shutoff,,no,0,,,,0,no,no,PASS,SRC-001;SRC-002;SRC-003,P6M-MODERATE_PHASE7_COVENANT_NO_WAIVER-P-0002:P6M-MODERATE_PHASE7_COVENANT_NO_WAIVER-P-0002
Moderate Phase 7 covenant-linked no-waiver,MODERATE_PHASE7_COVENANT_NO_WAIVER,P003,monthly,2026-04-01,2026-04-30,FY2026,Q2,30,211.528176663375,28.8693217195837322875299713,25.3098153371655932828238078,-8.4900849345702,-3.35061780410772194570595195,-36.7146844265935122117086204,-7.403486183218125,-1.1,-23.25897307675376587459076455,25,25,635,11.90625,11.90625,0,0,0,0,0,623.09375,66.40256708278937529832259691,42.00575980795357451707876302,0,108.4083268907429498154013599,4.519620064533141975821331798,4.519620064533141975821331798,0,0.6959166666666666666666666667,0.6959166666666666666666666667,0,1.208333333333333333333333333,0.4166666666666666666666666667,0,0,0,794.1210768907429498154013599,185.3916731092570501845986401,108.4083268907429498154013599,185.3916731092570501845986401,185.3916731092570501845986401,25,6.2,300,available_before_analytical_shutoff,,no,0,,,,0,no,no,PASS,SRC-001;SRC-002;SRC-003,P6M-MODERATE_PHASE7_COVENANT_NO_WAIVER-P-0003:P6M-MODERATE_PHASE7_COVENANT_NO_WAIVER-P-0003
Moderate Phase 7 covenant-linked no-waiver,MODERATE_PHASE7_COVENANT_NO_WAIVER,P004,monthly,2026-05-01,2026-05-31,FY2026,Q3,31,92.613735598725,27.69017358369192354329321421,9.98938567028436035074765692,-9.2930702394357,-1.19399331649023316268691423,0.95451854317287631526637478,-3.241480745955375,-0.3,6.20843015101162850332711747,25,25,623.09375,0,0,0,0,0,0,0,623.09375,108.4083268907429498154013599,0.7293459293259970422475034,0,109.1376728200689468576488633,4.616859413670958878907954199,4.616859413670958878907954199,0,0.6959166666666666666666666667,0.6959166666666666666666666667,0,1.208333333333333333333333333,0.4166666666666666666666666667,0,0,0,794.8504228200689468576488633,184.6623271799310531423511367,109.1376728200689468576488633,184.6623271799310531423511367,184.6623271799310531423511367,25,6.2,300,available_before_analytical_shutoff,,no,0,,,,0,no,no,PASS,SRC-001;SRC-002;SRC-003,P6M-MODERATE_PHASE7_COVENANT_NO_WAIVER-P-0004:P6M-MODERATE_PHASE7_COVENANT_NO_WAIVER-P-0004
Moderate Phase 7 covenant-linked no-waiver,MODERATE_PHASE7_COVENANT_NO_WAIVER,P005,monthly,2026-06-01,2026-06-30,FY2026,Q3,30,138.9206033980875,27.69017358369192354329321421,14.98407850542654052612148538,-9.2930702394357,-1.790989974735349744030371345,1.43177781475931447289956217,-4.8622211189330625,-0.45,9.312645226517442754990676205,25,25,623.09375,0,0,0,0,0,0,0,623.09375,109.1376728200689468576488633,0,2.38007582338636494194048125,106.757596996682581915708382,4.611652736464411146383528281,4.611652736464411146383528281,0,0.6959166666666666666666666667,0.6959166666666666666666666667,0,1.208333333333333333333333333,0.4166666666666666666666666667,0,0,0,792.470346996682581915708382,187.042403003317418084291618,106.757596996682581915708382,187.042403003317418084291618,187.042403003317418084291618,25,6.2,300,available_before_analytical_shutoff,,no,0,,,,0,no,no,PASS,SRC-001;SRC-002;SRC-003,P6M-MODERATE_PHASE7_COVENANT_NO_WAIVER-P-0005:P6M-MODERATE_PHASE7_COVENANT_NO_WAIVER-P-0005
Moderate Phase 7 covenant-linked no-waiver,MODERATE_PHASE7_COVENANT_NO_WAIVER,P006,monthly,2026-07-01,2026-07-31,FY2026,Q3,31,231.5343389968125,27.69017358369192354329321421,24.9734641757109008768691423,-9.2930702394357,-2.984983291225582906717285575,2.38629635793219078816593695,-8.1037018648884375,-0.75,15.52107537752907125831779368,25,25,623.09375,11.90625,11.90625,0,0,0,0,0,611.1875,106.757596996682581915708382,3.28303782136052096381779556,0,110.0406348180431028795261776,4.576946532222925555468922566,4.576946532222925555468922566,0,0.6959166666666666666666666667,0.6959166666666666666666666667,0,1.208333333333333333333333333,0.4166666666666666666666666667,0,0,0,783.8471348180431028795261776,183.7593651819568971204738224,110.0406348180431028795261776,183.7593651819568971204738224,183.7593651819568971204738224,25,6.2,300,available_before_analytical_shutoff,,no,0,,,,0,no,no,PASS,SRC-001;SRC-002;SRC-003,P6M-MODERATE_PHASE7_COVENANT_NO_WAIVER-P-0006:P6M-MODERATE_PHASE7_COVENANT_NO_WAIVER-P-0006
Moderate Phase 7 covenant-linked no-waiver,MODERATE_PHASE7_COVENANT_NO_WAIVER,P007,monthly,2026-08-01,2026-08-31,FY2026,Q4,31,91.59891196995,27.91591743027939068561819552,10.08670495425322929045665066,-9.1912405572414,-1.232604750410200972614162665,0.94214783681336861108942304,-3.20596191894825,0,6.590286121708146928931911036,25,25,611.1875,0,0,0,0,0,0,0,611.1875,110.0406348180431028795261776,0.28126518604323214104776885,0,110.3219000040863350205739464,4.550634641084712403313013219,4.550634641084712403313013219,0,0.6959166666666666666666666667,0.6959166666666666666666666667,0,1.208333333333333333333333333,0.4166666666666666666666666667,0,0,0,784.1284000040863350205739464,183.4780999959136649794260536,110.3219000040863350205739464,183.4780999959136649794260536,183.4780999959136649794260536,25,6.2,300,available_before_analytical_shutoff,,no,0,,,,0,no,no,PASS,SRC-001;SRC-002;SRC-003,P6M-MODERATE_PHASE7_COVENANT_NO_WAIVER-P-0007:P6M-MODERATE_PHASE7_COVENANT_NO_WAIVER-P-0007
Moderate Phase 7 covenant-linked no-waiver,MODERATE_PHASE7_COVENANT_NO_WAIVER,P008,monthly,2026-09-01,2026-09-30,FY2026,Q4,30,137.398367954925,27.91591743027939068561819552,15.13005743137984393568497599,-9.1912405572414,-1.848907125615301458921243998,1.41322175522005291663413456,-4.808942878422375,0,9.885429182562220393397866554,25,25,611.1875,0,0,0,0,0,0,0,611.1875,110.3219000040863350205739464,0,3.02252426281446241216333551,107.2993757412718726084106109,4.541988253081091314567864372,4.541988253081091314567864372,0,0.6959166666666666666666666667,0.6959166666666666666666666667,0,1.208333333333333333333333333,0.4166666666666666666666666667,0,0,0,781.1058757412718726084106109,186.5006242587281273915893891,107.2993757412718726084106109,186.5006242587281273915893891,186.5006242587281273915893891,25,6.2,300,available_before_analytical_shutoff,,no,0,,,,0,no,no,PASS,SRC-001;SRC-002;SRC-003,P6M-MODERATE_PHASE7_COVENANT_NO_WAIVER-P-0008:P6M-MODERATE_PHASE7_COVENANT_NO_WAIVER-P-0008
Moderate Phase 7 covenant-linked no-waiver,MODERATE_PHASE7_COVENANT_NO_WAIVER,P009,monthly,2026-10-01,2026-10-31,FY2026,Q4,31,228.997279924875,27.91591743027939068561819552,25.21676238563307322614162665,-9.1912405572414,-3.081511876025502431535406662,2.3553695920334215277235576,-8.014904797370625,0,16.47571530427036732232977759,25,25,611.1875,11.90625,11.90625,0,0,0,0,0,599.28125,107.2993757412718726084106109,2.25345956035173086312822391,0,109.5528353016236034715388348,4.502008197955431518791334829,4.502008197955431518791334829,0,0.6959166666666666666666666667,0.6959166666666666666666666667,0,1.208333333333333333333333333,0.4166666666666666666666666667,0,0,0,771.4530853016236034715388348,184.2471646983763965284611652,109.5528353016236034715388348,184.2471646983763965284611652,184.2471646983763965284611652,25,6.2,300,continued_draw_or_waiver_after_warning,2026-11-01,no,0,183.0251075083872455773705936,4.215012332481603705258689681,,0,no,no,BREACHED_ANALYTICAL_THRESHOLD,SRC-001;SRC-002;SRC-003,P6M-MODERATE_PHASE7_COVENANT_NO_WAIVER-P-0009:P6M-MODERATE_PHASE7_COVENANT_NO_WAIVER-P-0009
Moderate Phase 7 covenant-linked no-waiver,MODERATE_PHASE7_COVENANT_NO_WAIVER,P010,monthly,2026-11-01,2026-11-30,FY2027,Q1,30,74.8044876353551425,22.90967547594190519832374179,4.492439964332883224748152636,-7.50605029941071601,-0.070386436590867885784538159,0.8217626151708870363976837,-2.6181570672374299875,0,2.625659075675472387861298176,25,20.8598473875643968226283407,599.28125,0,0,0,0,0,0,0,599.28125,109.5528353016236034715388348,0,0,109.5528353016236034715388348,4.471561688111075565232957482,4.471561688111075565232957482,0,0.66925,0.66925,0,1.208333333333333333333333333,0.4166666666666666666666666667,0,0,0,771.4530853016236034715388348,0,109.5528353016236034715388348,184.2471646983763965284611652,0,25,6.2,300,phase7_covenant_linked_shutoff_active,2026-11-01,no,4.1401526124356031773716593,176.8425395689307585335515996,4.362372804541872896189271843,,0,no,no,LIQUIDITY_FAILURE,SRC-001;SRC-002;SRC-003,P6M-MODERATE_PHASE7_COVENANT_NO_WAIVER-P-0010:P6M-MODERATE_PHASE7_COVENANT_NO_WAIVER-P-0010
Moderate Phase 7 covenant-linked no-waiver,MODERATE_PHASE7_COVENANT_NO_WAIVER,P011,monthly,2026-12-01,2026-12-31,FY2027,Q1,31,112.20673145303271375,22.90967547594190519832374179,6.738659946499324837122228954,-7.50605029941071601,-0.1055796548863018286768072385,1.23264392275633055459652555,-3.92723560085614498125,0,3.938488613513208581791947264,20.8598473875643968226283407,18.03252431296652983918733048,599.28125,0,0,0,0,0,0,0,599.28125,109.5528353016236034715388348,0,0,109.5528353016236034715388348,4.471561688111075565232957482,4.471561688111075565232957482,0,0.66925,0.66925,0,1.208333333333333333333333333,0.4166666666666666666666666667,0,0,0,771.4530853016236034715388348,0,109.5528353016236034715388348,184.2471646983763965284611652,0,25,6.2,300,phase7_covenant_linked_shutoff_active,2026-11-01,no,6.96747568703347016081266952,172.9061916116407131021066818,4.461685715884372067224233483,,0,no,no,LIQUIDITY_FAILURE,SRC-001;SRC-002;SRC-003,P6M-MODERATE_PHASE7_COVENANT_NO_WAIVER-P-0011:P6M-MODERATE_PHASE7_COVENANT_NO_WAIVER-P-0011
Moderate Phase 7 covenant-linked no-waiver,MODERATE_PHASE7_COVENANT_NO_WAIVER,P012,monthly,2027-01-01,2027-01-31,FY2027,Q1,31,187.01121908838785625,22.90967547594190519832374179,11.23109991083220806187038159,-7.50605029941071601,-0.1759660914771697144613453975,2.05440653792721759099420925,-6.54539266809357496875,0,6.56414768918868096965324544,18.03252431296652983918733048,5.96216461091913524360761844,599.28125,11.90625,11.90625,0,0,0,0,0,587.375,109.5528353016236034715388348,0,0,109.5528353016236034715388348,4.434007391236075565232957482,4.434007391236075565232957482,0,0.66925,0.66925,0,1.208333333333333333333333333,0.4166666666666666666666666667,0,0,0,759.5468353016236034715388348,0,109.5528353016236034715388348,184.2471646983763965284611652,0,25,6.2,300,phase7_covenant_linked_shutoff_active,2026-11-01,no,19.03783538908086475639238156,173.4622836186835508954099168,4.378743433190989811687069384,3.218171493292327243011830521,0,no,no,LIQUIDITY_FAILURE,SRC-001;SRC-002;SRC-003,P6M-MODERATE_PHASE7_COVENANT_NO_WAIVER-P-0012:P6M-MODERATE_PHASE7_COVENANT_NO_WAIVER-P-0012
Moderate Phase 7 covenant-linked no-waiver,MODERATE_PHASE7_COVENANT_NO_WAIVER,P013,monthly,2027-02-01,2027-02-28,FY2027,Q2,28,86.0796353568274621875,28.8693217195837322875299713,10.73001740263773459051862942,-8.489872682446835745,-1.471105642282800772264969855,3.48264964411667209515148108,-3.0127872374889611765625,0,9.728774166982644736842640644,5.96216461091913524360761844,9.14542898256187599927387219,587.375,0,0,0,0,0,0,0,587.375,109.5528353016236034715388348,0,0,109.5528353016236034715388348,4.251259795339903981176386892,4.251259795339903981176386892,0,0.66925,0.66925,0,1.208333333333333333333333333,0.4166666666666666666666666667,0,0,0,759.5468353016236034715388348,0,109.5528353016236034715388348,184.2471646983763965284611652,0,25,6.2,300,phase7_covenant_linked_shutoff_active,2026-11-01,no,15.85457101743812400072612781,174.068374886455048172799023,4.363497021196852458359942796,3.229008081204794102926298641,0,no,no,LIQUIDITY_FAILURE,SRC-001;SRC-002;SRC-003,P6M-MODERATE_PHASE7_COVENANT_NO_WAIVER-P-0013:P6M-MODERATE_PHASE7_COVENANT_NO_WAIVER-P-0013
Moderate Phase 7 covenant-linked no-waiver,MODERATE_PHASE7_COVENANT_NO_WAIVER,P014,monthly,2027-03-01,2027-03-31,FY2027,Q2,31,129.11945303524119328125,28.8693217195837322875299713,16.09502610395660188577794413,-8.489872682446835745,-2.206658463424201158397454782,5.22397446617500814272722162,-4.51918085623344176484375,0,14.59316125047396710526396097,9.14542898256187599927387219,17.19308043769593912336144627,587.375,0,0,0,0,0,0,0,587.375,109.5528353016236034715388348,0,0,109.5528353016236034715388348,4.251259795339903981176386892,4.251259795339903981176386892,0,0.66925,0.66925,0,1.208333333333333333333333333,0.4166666666666666666666666667,0,0,0,759.5468353016236034715388348,0,109.5528353016236034715388348,184.2471646983763965284611652,0,25,6.2,300,phase7_covenant_linked_shutoff_active,2026-11-01,no,7.80691956230406087663855373,174.9775117881122940888826823,4.34082544402272189449190808,3.252408786031982555216926613,0,no,no,LIQUIDITY_FAILURE,SRC-001;SRC-002;SRC-003,P6M-MODERATE_PHASE7_COVENANT_NO_WAIVER-P-0014:P6M-MODERATE_PHASE7_COVENANT_NO_WAIVER-P-0014
Moderate Phase 7 covenant-linked no-waiver,MODERATE_PHASE7_COVENANT_NO_WAIVER,P015,monthly,2027-04-01,2027-04-30,FY2027,Q2,30,215.19908839206865546875,28.8693217195837322875299713,26.82504350659433647629657355,-8.489872682446835745,-3.677764105707001930662424638,8.7066241102916802378787027,-7.53196809372240294140625,0,24.32193541745661184210660161,17.19308043769593912336144627,23.09957012231264698429166099,587.375,11.90625,11.90625,0,0,0,0,0,575.46875,109.5528353016236034715388348,0,0,109.5528353016236034715388348,4.214945732839903981176386892,4.214945732839903981176386892,0,0.66925,0.66925,0,1.208333333333333333333333333,0.4166666666666666666666666667,0,0,0,747.6405853016236034715388348,0,109.5528353016236034715388348,184.2471646983763965284611652,0,25,6.2,300,phase7_covenant_linked_shutoff_active,2026-11-01,no,1.90042987768735301570833901,176.4927399575410372823554482,4.236098241103197450268034578,3.29925743281176528836474993,0,no,no,LIQUIDITY_FAILURE,SRC-001;SRC-002;SRC-003,P6M-MODERATE_PHASE7_COVENANT_NO_WAIVER-P-0015:P6M-MODERATE_PHASE7_COVENANT_NO_WAIVER-P-0015
Moderate Phase 7 covenant-linked no-waiver,MODERATE_PHASE7_COVENANT_NO_WAIVER,P016,monthly,2027-05-01,2027-05-31,FY2027,Q3,31,95.8305337936220784375,27.69017358369192354329321421,11.2946572285610535505593576,-9.2928379126797141075,-1.4750412050626198777889019,3.26723358675641941251508474,-3.3540686827767727453125,0,9.73278092747808033997304044,23.09957012231264698429166099,25,575.46875,0,0,0,0,0,0,0,575.46875,109.5528353016236034715388348,0,1.50662046250077855911191449,108.0462148391228249124269203,4.031480587289948765152786943,4.031480587289948765152786943,0,0.66925,0.66925,0,1.208333333333333333333333333,0.4166666666666666666666666667,0,0,0,746.1339648391228249124269203,0,108.0462148391228249124269203,185.7537851608771750875730797,0,25,6.2,300,phase7_covenant_linked_shutoff_active,2026-11-01,no,0,177.7980115158177304821671488,4.196525925559877866578354466,3.360429789498169621426972988,0,no,no,BREACHED_ANALYTICAL_THRESHOLD,SRC-001;SRC-002;SRC-003,P6M-MODERATE_PHASE7_COVENANT_NO_WAIVER-P-0016:P6M-MODERATE_PHASE7_COVENANT_NO_WAIVER-P-0016
Moderate Phase 7 covenant-linked no-waiver,MODERATE_PHASE7_COVENANT_NO_WAIVER,P017,monthly,2027-06-01,2027-06-30,FY2027,Q3,30,143.74580069043311765625,27.69017358369192354329321421,16.9419858428415803258390364,-9.2928379126797141075,-2.21256180759392981668335285,4.90085038013462911877262711,-5.03110302416515911796875,0,14.59917139121712050995956066,25,25,575.46875,0,0,0,0,0,0,0,575.46875,108.0462148391228249124269203,0,8.30233635588650114888362696,99.74387848323632376354329334,4.002585035330619361075933705,4.002585035330619361075933705,0,0.66925,0.66925,0,1.208333333333333333333333333,0.4166666666666666666666666667,0,0,0,737.8316284832363237635432933,0,99.74387848323632376354329334,194.0561215167636762364567067,0,25,6.2,300,phase7_covenant_linked_shutoff_active,2026-11-01,no,0,179.7559188532327702818846998,4.104630507803537598171269967,3.436999928274206282797805526,0,no,no,BREACHED_ANALYTICAL_THRESHOLD,SRC-001;SRC-002;SRC-003,P6M-MODERATE_PHASE7_COVENANT_NO_WAIVER-P-0017:P6M-MODERATE_PHASE7_COVENANT_NO_WAIVER-P-0017
Moderate Phase 7 covenant-linked no-waiver,MODERATE_PHASE7_COVENANT_NO_WAIVER,P018,monthly,2027-07-01,2027-07-31,FY2027,Q3,31,239.57633448405519609375,27.69017358369192354329321421,28.236643071402633876398394,-9.2928379126797141075,-3.68760301265654969447225475,8.16808396689104853128771185,-8.38517170694193186328125,0,24.3319523186952008499326011,25,25,575.46875,11.90625,11.90625,0,0,0,0,0,563.5625,99.74387848323632376354329334,0,6.20668226216906704829547592,93.53719622106725671524781742,3.924770056526133801637125181,3.924770056526133801637125181,0,0.66925,0.66925,0,1.208333333333333333333333333,0.4166666666666666666666666667,0,0,0,719.7186962210672567152478174,0,93.53719622106725671524781742,200.2628037789327432847521826,0,25,6.2,300,phase7_covenant_linked_shutoff_active,2026-11-01,no,0,183.0190977489245032814139516,3.932478659732091399241417926,3.543581067833413419573182419,0,no,no,BREACHED_ANALYTICAL_THRESHOLD,SRC-001;SRC-002;SRC-003,P6M-MODERATE_PHASE7_COVENANT_NO_WAIVER-P-0018:P6M-MODERATE_PHASE7_COVENANT_NO_WAIVER-P-0018
Moderate Phase 7 covenant-linked no-waiver,MODERATE_PHASE7_COVENANT_NO_WAIVER,P019,monthly,2027-08-01,2027-08-31,FY2027,Q4,31,96.3723817002107503125,27.91591743027939068561819552,12.05793645154235446231195768,-9.191010776227468965,-1.65823558521852272643017692,3.12489942847702205566549618,-3.3730333595073762609375,0,10.15156693529347753060977694,25,25,563.5625,0,0,0,0,0,0,0,563.5625,93.53719622106725671524781742,0,4.13454933947599229530859432,89.4026468815912644199392231,3.722767595817485235301182615,3.722767595817485235301182615,0,0.66925,0.66925,0,1.208333333333333333333333333,0.4166666666666666666666666667,0,0,0,715.5841468815912644199392231,0,89.4026468815912644199392231,204.3973531184087355800607769,0,25,6.2,300,phase7_covenant_linked_shutoff_active,2026-11-01,no,0,184.9903292462136284532692586,3.868224624483919069917804047,3.640094774770815390514306928,0,no,no,BREACHED_ANALYTICAL_THRESHOLD,SRC-001;SRC-002;SRC-003,P6M-MODERATE_PHASE7_COVENANT_NO_WAIVER-P-0019:P6M-MODERATE_PHASE7_COVENANT_NO_WAIVER-P-0019
Moderate Phase 7 covenant-linked no-waiver,MODERATE_PHASE7_COVENANT_NO_WAIVER,P020,monthly,2027-09-01,2027-09-30,FY2027,Q4,30,144.55857255031612546875,27.91591743027939068561819552,18.08690467731353169346793652,-9.191010776227468965,-2.48735337782778408964526538,4.68734914271553308349824427,-5.05955003926106439140625,0,15.22735040294021629591466541,25,25,563.5625,0,0,0,0,0,0,0,563.5625,89.4026468815912644199392231,0,9.24836258183150164692884718,80.15428429975976277301037592,3.684737821108714648985818235,3.684737821108714648985818235,0,0.66925,0.66925,0,1.208333333333333333333333333,0.4166666666666666666666666667,0,0,0,706.3357842997597627730103759,0,80.15428429975976277301037592,213.6457157002402372269896241,0,25,6.2,300,phase7_covenant_linked_shutoff_active,2026-11-01,no,0,187.9471764921473162110522191,3.758161189132157110214215861,3.761731319958364435091791471,0,no,no,BREACHED_ANALYTICAL_THRESHOLD,SRC-001;SRC-002;SRC-003,P6M-MODERATE_PHASE7_COVENANT_NO_WAIVER-P-0020:P6M-MODERATE_PHASE7_COVENANT_NO_WAIVER-P-0020
Moderate Phase 7 covenant-linked no-waiver,MODERATE_PHASE7_COVENANT_NO_WAIVER,P021,monthly,2027-10-01,2027-10-31,FY2027,Q4,31,240.93095425052687578125,27.91591743027939068561819552,30.1448411288558861557798942,-9.191010776227468965,-4.1455889630463068160754423,7.81224857119255513916374045,-8.43258339876844065234375,0,25.37891733823369382652444235,25,25,563.5625,11.90625,11.90625,0,0,0,0,0,551.65625,80.15428429975976277301037592,0,7.57532041004386747828207542,72.5789638897158952947283005,3.603096928189826348242366933,3.603096928189826348242366933,0,0.66925,0.66925,0,1.208333333333333333333333333,0.4166666666666666666666666667,0,0,0,686.8542138897158952947283005,0,72.5789638897158952947283005,221.2210361102841047052716995,0,25,6.2,300,phase7_covenant_linked_shutoff_active,2026-11-01,no,0,192.8752552353701291406904867,3.561131846858902831327547557,3.931092473610066616839660158,0,no,no,BREACHED_ANALYTICAL_THRESHOLD,SRC-001;SRC-002;SRC-003,P6M-MODERATE_PHASE7_COVENANT_NO_WAIVER-P-0021:P6M-MODERATE_PHASE7_COVENANT_NO_WAIVER-P-0021
Moderate Phase 7 covenant-linked no-waiver,MODERATE_PHASE7_COVENANT_NO_WAIVER,P022,monthly,2027-11-01,2027-11-30,FY2028,Q1,30,133.3379991500254164375,22.90967547594190519832374179,10.67447416006606073992207474,-7.50586264815323074209975,-0.7921528779782074994555811859,5.215422709695344461705308933,-4.6668299702508895753125,0,10.43091402153230812685930249,25,25,551.65625,0,0,0,0,0,0,0,551.65625,72.5789638897158952947283005,0,4.83228794707382066300213433,67.74667594264207463172616617,3.404459407791820797190501494,3.404459407791820797190501494,0,0.5691666666666666666666666667,0.5691666666666666666666666667,0,1.208333333333333333333333333,0.4166666666666666666666666667,0,0,0,682.0219259426420746317261662,0,67.74667594264207463172616617,226.0533240573579253682738338,0,25,6.2,300,phase7_covenant_linked_shutoff_active,2026-11-01,no,0,199.0572894311033066558644087,3.426259484853982318879846747,4.147291958488771887669210321,0,no,no,BREACHED_ANALYTICAL_THRESHOLD,SRC-001;SRC-002;SRC-003,P6M-MODERATE_PHASE7_COVENANT_NO_WAIVER-P-0022:P6M-MODERATE_PHASE7_COVENANT_NO_WAIVER-P-0022
Moderate Phase 7 covenant-linked no-waiver,MODERATE_PHASE7_COVENANT_NO_WAIVER,P023,monthly,2027-12-01,2027-12-31,FY2028,Q1,31,133.3379991500254164375,22.90967547594190519832374179,10.67447416006606073992207474,-7.50586264815323074209975,-0.7921528779782074994555811859,5.215422709695344461705308933,-4.6668299702508895753125,0,10.43091402153230812685930249,25,25,551.65625,0,0,0,0,0,0,0,551.65625,67.74667594264207463172616617,0,4.85881734781858455497359458,62.88785859482349007675257159,3.377930007047056905219041241,3.377930007047056905219041241,0,0.5691666666666666666666666667,0.5691666666666666666666666667,0,1.208333333333333333333333333,0.4166666666666666666666666667,0,0,0,677.1631085948234900767525716,0,62.88785859482349007675257159,230.9121414051765099232474284,0,25,6.2,300,phase7_covenant_linked_shutoff_active,2026-11-01,no,0,202.9931036446700425586642545,3.335892187648728792003002082,4.327906628718866474394206584,0,no,no,BREACHED_ANALYTICAL_THRESHOLD,SRC-001;SRC-002;SRC-003,P6M-MODERATE_PHASE7_COVENANT_NO_WAIVER-P-0023:P6M-MODERATE_PHASE7_COVENANT_NO_WAIVER-P-0023
Moderate Phase 7 covenant-linked no-waiver,MODERATE_PHASE7_COVENANT_NO_WAIVER,P024,monthly,2028-01-01,2028-01-31,FY2028,Q1,31,133.3379991500254164375,22.90967547594190519832374179,10.67447416006606073992207474,-7.50586264815323074209975,-0.7921528779782074994555811859,5.215422709695344461705308933,-4.6668299702508895753125,0,10.43091402153230812685930249,25,17.99846171968398285202241549,551.65625,11.90625,11.90625,0,0,0,0,0,539.75,62.88785859482349007675257159,0,0,62.88785859482349007675257159,3.332035635181658608170220329,3.332035635181658608170220329,0,0.5691666666666666666666666667,0.5691666666666666666666666667,0,1.208333333333333333333333333,0.4166666666666666666666666667,0,0,0,665.2568585948234900767525716,0,62.88785859482349007675257159,230.9121414051765099232474284,0,25,6.2,300,phase7_covenant_linked_shutoff_active,2026-11-01,no,7.00153828031601714797758451,202.4364778939038952367159476,3.286249916595969455199927092,4.419882238691017546125023902,0,no,no,LIQUIDITY_FAILURE,SRC-001;SRC-002;SRC-003,P6M-MODERATE_PHASE7_COVENANT_NO_WAIVER-P-0024:P6M-MODERATE_PHASE7_COVENANT_NO_WAIVER-P-0024
Moderate Phase 7 covenant-linked no-waiver,MODERATE_PHASE7_COVENANT_NO_WAIVER,P025,quarterly,2028-02-01,2028-04-30,FY2028,Q2,90,452.44406499838918003125,28.8693217195837322875299713,63.18481683412258486027882335,-25.468981306889323722319125,-9.428958881808315284489924586,-2.581229433135867538623284199,-15.83554227494362130109375,0,35.33908624423478073607186455,17.99846171968398285202241549,19.44301277724682139403795777,539.75,11.90625,11.90625,0,0,0,0,0,527.84375,62.88785859482349007675257159,0,5.58592613702643960746847873,57.30193245779705046928409286,9.819859049645502586587843527,9.819859049645502586587843527,0,1.7075,1.7075,0,3.624999999999999999999999999,1.25,0,0,0,647.7646824577970504692840929,0,62.88785859482349007675257159,236.4980675422029495307159071,0,25,6.2,300,phase7_covenant_linked_shutoff_active,2026-11-01,no,5.55698722275317860596204223,211.9712077148378071444016238,3.055908816301253091375057776,4.940625130438618501106574104,0,no,no,LIQUIDITY_FAILURE,SRC-001;SRC-002;SRC-003,P6M-MODERATE_PHASE7_COVENANT_NO_WAIVER-P-0025:P6M-MODERATE_PHASE7_COVENANT_NO_WAIVER-P-0027
Moderate Phase 7 covenant-linked no-waiver,MODERATE_PHASE7_COVENANT_NO_WAIVER,P026,quarterly,2028-05-01,2028-07-31,FY2028,Q3,92,495.235855453629136359375,27.69017358369192354329321421,63.32122089112719329755030611,-27.8778167751956913439419375,-8.860851028982875488402092154,-1.8939425246526275919674813,-17.333254940877019772578125,0,35.23317239661467044460260767,19.44301277724682139403795777,19.51209616038723269447108909,527.84375,11.90625,11.90625,0,0,0,0,0,515.9375,57.30193245779705046928409286,0,7.16005118973176211681283528,50.14188126806528835247125758,9.515287823742497027356641068,9.515287823742497027356641068,0,1.7075,1.7075,0,3.624999999999999999999999999,1.25,0,0,0,628.6983812680652883524712576,0,56.51020079437327658042062578,243.6581187319347116475287424,0,25,6.2,300,phase7_covenant_linked_shutoff_active,2026-11-01,no,5.48790383961276730552891091,218.8191424631597326891551422,2.873141600826411212852755602,5.408260009235478860711163491,0,no,no,LIQUIDITY_FAILURE,SRC-001;SRC-002;SRC-003,P6M-MODERATE_PHASE7_COVENANT_NO_WAIVER-P-0028:P6M-MODERATE_PHASE7_COVENANT_NO_WAIVER-P-0030
Moderate Phase 7 covenant-linked no-waiver,MODERATE_PHASE7_COVENANT_NO_WAIVER,P027,quarterly,2028-08-01,2028-10-31,FY2028,Q4,92,489.80926246845359615625,27.91591743027939068561819552,63.73308698899317473275278684,-27.572343002874189834827625,-9.04018599652974622448129046,-0.9298862289664109053890738,-17.14332418639587586546875,0,36.61969057710114173741367258,19.51209616038723269447108909,20.08527618416107588457866286,515.9375,11.90625,11.90625,0,0,0,0,0,504.03125,50.14188126806528835247125758,0,8.36905537808573987894407381,41.77282588997954847352718377,9.188705175241558668362024995,9.188705175241558668362024995,0,1.7075,1.7075,0,3.624999999999999999999999999,1.25,0,0,0,608.4230758899795484735271838,0,48.71276064337713448138508018,252.0271741100204515264728162,0,25,6.2,300,phase7_covenant_linked_shutoff_active,2026-11-01,no,4.91472381583892411542133714,222.2625471944411351103481406,2.737407105110313541474649503,5.752392805377088650315848986,0,no,no,LIQUIDITY_FAILURE,SRC-001;SRC-002;SRC-003,P6M-MODERATE_PHASE7_COVENANT_NO_WAIVER-P-0031:P6M-MODERATE_PHASE7_COVENANT_NO_WAIVER-P-0033
Moderate Phase 7 covenant-linked no-waiver,MODERATE_PHASE7_COVENANT_NO_WAIVER,P028,quarterly,2028-11-01,2029-01-31,FY2029,Q1,92,400.0039971001399974062671875,22.90967547594190519832374179,32.02262189463617726521073007,-22.51702500476108073399359252,-2.37639922246877413280428439,0.0015251835054796811689173,-14.00013989850489990921935156,0,15.64760795716798290435601143,20.08527618416107588457866286,8.3948955542111447052569903,504.03125,11.90625,11.90625,0,0,0,0,0,492.125,41.77282588997954847352718377,0,0,41.77282588997954847352718377,8.932238587117914083677683996,8.932238587117914083677683996,0,1.6245,1.6245,0,3.624999999999999999999999999,1.25,0,0,0,596.5168258899795484735271838,0,41.77282588997954847352718377,252.0271741100204515264728162,0,25,6.2,300,phase7_covenant_linked_shutoff_active,2026-11-01,no,16.6051044457888552947430097,222.2617466088791301557926465,2.683848367932105998739804483,5.933928043113933556451794899,0,no,no,LIQUIDITY_FAILURE,SRC-001;SRC-002;SRC-003,P6M-MODERATE_PHASE7_COVENANT_NO_WAIVER-P-0034:P6M-MODERATE_PHASE7_COVENANT_NO_WAIVER-P-0036
Moderate Phase 7 covenant-linked no-waiver,MODERATE_PHASE7_COVENANT_NO_WAIVER,P029,quarterly,2029-02-01,2029-04-30,FY2029,Q2,89,452.4327538967642203017492189,28.8693217195837322875299713,63.18323721370173179565731637,-25.46834458235665148922606702,-9.428723157836270076607812339,0.0016573267096452555663732,-15.83514638638674771056122266,0,37.92102499618835926405465458,8.3948955542111447052569903,19.17349211953158988563396089,492.125,11.90625,11.90625,0,0,0,0,0,480.21875,41.77282588997954847352718377,0,0,41.77282588997954847352718377,8.736678430867914083677683996,8.736678430867914083677683996,0,1.6245,1.6245,0,3.624999999999999999999999999,1.25,0,0,0,584.6105758899795484735271838,0,41.77282588997954847352718377,252.0271741100204515264728162,0,25,6.2,300,phase7_covenant_linked_shutoff_active,2026-11-01,no,9.05435337714037356795068617,222.2601669884582770911711395,2.630298464233304227271754369,6.110596234526249581271423737,0,no,no,LIQUIDITY_FAILURE,SRC-001;SRC-002;SRC-003,P6M-MODERATE_PHASE7_COVENANT_NO_WAIVER-P-0037:P6M-MODERATE_PHASE7_COVENANT_NO_WAIVER-P-0039
Moderate Phase 7 covenant-linked no-waiver,MODERATE_PHASE7_COVENANT_NO_WAIVER,P030,quarterly,2029-05-01,2029-07-31,FY2029,Q3,92,495.2234745572427956309660157,27.69017358369192354329321421,63.31963786060491511771786737,-27.87711982977631145165833895,-8.860629507707150916514882104,0.0018287507465853737688665,-17.33282160950349784708381055,0,37.12801549414085172788804121,19.17349211953158988563396089,20.52672392392611728545578846,480.21875,11.90625,11.90625,0,0,0,0,0,468.3125,41.77282588997954847352718377,0,8.90945713883800378429273464,32.86336875114154468923444913,8.459576550908320543773478998,8.459576550908320543773478998,0,1.6245,1.6245,0,3.624999999999999999999999999,1.25,0,0,0,563.7948687511415446892344491,0,40.24354608025308764573446184,260.9366312488584553107655509,0,25,6.2,300,phase7_covenant_linked_shutoff_active,2026-11-01,no,4.47327607607388271454421154,222.2585839579359989113387007,2.53666184095658456606021479,6.293211009404907284530846296,0,no,no,LIQUIDITY_FAILURE,SRC-001;SRC-002;SRC-003,P6M-MODERATE_PHASE7_COVENANT_NO_WAIVER-P-0040:P6M-MODERATE_PHASE7_COVENANT_NO_WAIVER-P-0042
Moderate Phase 7 covenant-linked no-waiver,MODERATE_PHASE7_COVENANT_NO_WAIVER,P031,quarterly,2029-08-01,2029-10-31,FY2029,Q4,92,489.7970172368918848163460939,27.91591743027939068561819552,63.73149366181844990338446801,-27.57165369429911798008175431,-9.039959991879832980825678429,0.0018059332657316288668295,-17.14289560329121596857211328,0,37.55044399991313258285350583,20.52672392392611728545578846,20.79177461996273227556620901,468.3125,11.90625,11.90625,0,0,0,0,0,456.40625,32.86336875114154468923444913,0,10.78620554566600397965278689,22.07716320547554070958166224,8.09343775821051361309029839,8.09343775821051361309029839,0,1.6245,1.6245,0,3.624999999999999999999999999,1.25,0,0,0,541.1024132054755407095816622,0,29.72166763518576922957433217,271.7228367945244592904183378,0,25,6.2,300,phase7_covenant_linked_shutoff_active,2026-11-01,no,4.20822538003726772443379099,222.2569906307612740819703819,2.434579950308140092236464989,6.494577658588425128055625067,0,no,no,LIQUIDITY_FAILURE,SRC-001;SRC-002;SRC-003,P6M-MODERATE_PHASE7_COVENANT_NO_WAIVER-P-0043:P6M-MODERATE_PHASE7_COVENANT_NO_WAIVER-P-0045
Moderate Phase 7 covenant-linked no-waiver,MODERATE_PHASE7_COVENANT_NO_WAIVER,P032,quarterly,2029-11-01,2030-01-31,FY2030,Q1,92,399.9939970002124939063320309,22.90967547594190519832374179,32.0218213290888113607790998,-22.51646207913596170697524268,-2.376339812488212413450964282,0.0015251453758920441768882,-13.99978989500743728672162108,0,15.64721676696905370478340265,20.79177461996273227556620901,10.29474468440685022419473285,456.40625,11.90625,11.90625,0,0,0,0,0,444.5,22.07716320547554070958166224,0,0,22.07716320547554070958166224,7.826496702524935756154878803,7.826496702524935756154878803,0,1.5365,1.5365,0,3.624999999999999999999999999,1.25,0,0,0,529.1961632054755407095816622,0,22.07716320547554070958166224,271.7228367945244592904183378,0,25,6.2,300,phase7_covenant_linked_shutoff_active,2026-11-01,no,14.70525531559314977580526715,222.2561900652139081775387517,2.381018783099809280540243412,6.711405925824930216316315703,0,no,no,LIQUIDITY_FAILURE,SRC-001;SRC-002;SRC-003,P6M-MODERATE_PHASE7_COVENANT_NO_WAIVER-P-0046:P6M-MODERATE_PHASE7_COVENANT_NO_WAIVER-P-0048
Moderate Phase 7 covenant-linked no-waiver,MODERATE_PHASE7_COVENANT_NO_WAIVER,P033,quarterly,2030-02-01,2030-04-30,FY2030,Q2,89,452.4214430779168011962416752,28.8693217195837322875299713,63.181657632771389252362425,-25.46770787374209257293883637,-9.428487439757324169855897156,0.001657285276477514434984,-15.83475050772708804186845863,0,37.92007697056345455507305322,10.29474468440685022419473285,21.0812334360851609250297427,444.5,11.90625,11.90625,0,0,0,0,0,432.59375,22.07716320547554070958166224,0,1.19471325521850692061209743,20.88244995025703378896956481,7.621124963666636933625945934,7.621124963666636933625945934,0,1.5365,1.5365,0,3.624999999999999999999999999,1.25,0,0,0,516.0951999502570337889695648,0,22.07716320547554070958166224,272.9175500497429662110304352,0,25,6.2,300,phase7_covenant_linked_shutoff_active,2026-11-01,no,6.75690629395531017616587568,222.2546104842835656342438602,2.322089961714211585561830938,6.945318544786442832744808398,0,no,no,LIQUIDITY_FAILURE,SRC-001;SRC-002;SRC-003,P6M-MODERATE_PHASE7_COVENANT_NO_WAIVER-P-0049:P6M-MODERATE_PHASE7_COVENANT_NO_WAIVER-P-0051
Moderate Phase 7 covenant-linked no-waiver,MODERATE_PHASE7_COVENANT_NO_WAIVER,P034,quarterly,2030-05-01,2030-07-31,FY2030,Q3,92,495.2110939703788645610752413,27.69017358369192354329321421,63.31805486965839999483992445,-27.87642290178056704387204749,-8.86040799196945823774196924,0.0018287050278167091345221,-17.33238828896326025963763345,0,37.12708729375349820659484387,21.0812334360851609250297427,20.94585031897613794303661063,432.59375,11.90625,11.90625,0,0,0,0,0,420.6875,20.88244995025703378896956481,0,11.64567240382876118714235219,9.23677754642827260182721262,7.299048007033760001445623744,7.299048007033760001445623744,0,1.5365,1.5365,0,3.624999999999999999999999999,1.25,0,0,0,492.5432775464282726018272126,0,17.03493704440251050621885324,284.5632224535717273981727874,0,25,6.2,300,phase7_covenant_linked_shutoff_active,2026-11-01,no,4.05414968102386205696338937,222.2530274933370505113659174,2.216137539729101260899170527,7.206622998556443339610136229,0,no,no,LIQUIDITY_FAILURE,SRC-001;SRC-002;SRC-003,P6M-MODERATE_PHASE7_COVENANT_NO_WAIVER-P-0052:P6M-MODERATE_PHASE7_COVENANT_NO_WAIVER-P-0054
Moderate Phase 7 covenant-linked no-waiver,MODERATE_PHASE7_COVENANT_NO_WAIVER,P035,quarterly,2030-08-01,2030-10-31,FY2030,Q4,92,489.7847723114609625192256851,27.91591743027939068561819552,63.72990037447690444213688346,-27.57096440295676050213225227,-9.039733992880035985001157798,0.0018058881173999855761078,-17.14246703090113368817289898,0,37.54950523881313475453893449,20.94585031897613794303661063,24.00957497400763885191737083,420.6875,11.90625,11.90625,0,0,0,0,0,408.78125,9.23677754642827260182721262,0,9.23677754642827260182721262,0,6.931253037353361243830961655,6.931253037353361243830961655,0,1.5365,1.5365,0,3.624999999999999999999999999,1.25,0,0,0,471.40025,0,5.25452615422891599357617072,293.8,0,25,6.2,300,phase7_covenant_linked_shutoff_active,2026-11-01,no,0.99042502599236114808262917,222.2514342059955050501183328,2.121022308288363792431461716,7.488780005710237712248379295,0,no,no,LIQUIDITY_FAILURE,SRC-001;SRC-002;SRC-003,P6M-MODERATE_PHASE7_COVENANT_NO_WAIVER-P-0055:P6M-MODERATE_PHASE7_COVENANT_NO_WAIVER-P-0057
Moderate Phase 7 covenant-linked no-waiver,MODERATE_PHASE7_COVENANT_NO_WAIVER,P036,quarterly,2030-11-01,2031-01-31,FY2031,Q1,92,399.9839971502874885939843726,22.90967547594190519832374179,32.02102078355558414049508032,-22.5158991675839833079325683,-2.376280403992900208140628008,0.0015251072472576468757836,-13.99943990026006210078945304,0,15.64682558654987947844078288,24.00957497400763885191737083,14.65701188868251833035815371,408.78125,11.90625,11.90625,0,0,396.875,0,396.875,396.875,0,0,0,0,6.681638671875,6.681638671875,0,1.5365,1.5365,0,3.624999999999999999999999999,1.25,0,0,0,459.494,0,0,0,0,25,6.2,300,phase7_covenant_linked_shutoff_active,2026-11-01,no,10.34298811131748166964184629,222.250633660462277829834313,2.067458672365273020079932274,7.78923106065090225125946936,396.875,yes,no,LIQUIDITY_FAILURE,SRC-001;SRC-002;SRC-003,P6M-MODERATE_PHASE7_COVENANT_NO_WAIVER-P-0058:P6M-MODERATE_PHASE7_COVENANT_NO_WAIVER-P-0060
Severe Phase 7 covenant-linked no-waiver,SEVERE_PHASE7_COVENANT_NO_WAIVER,P001,monthly,2026-02-01,2026-02-28,FY2026,Q2,28,38.45966848425,28.8693217195837322875299713,3.928740408283005596877055965,-8.4900849345702,-0.4409421874919011492192639912,-18.45157969353030785852827159,-1.34608839694875,-0.32,-16.62986986968795341087047962,25,25,635,0,0,0,0,0,0,0,635,29.89771875,23.78419380313284113378740034,0,53.68191255313284113378740034,4.833407266778221056250254048,4.833407266778221056250254048,0,0.6959166666666666666666666667,0.6959166666666666666666666667,0,1.208333333333333333333333333,0.4166666666666666666666666667,0,0,0,751.3009125531328411337874003,240.1180874468671588662125997,53.68191255313284113378740034,240.1180874468671588662125997,240.1180874468671588662125997,25,6.2,300,available_before_analytical_shutoff,,no,0,,,,0,no,no,PASS,SRC-001;SRC-002;SRC-003,P6M-SEVERE_PHASE7_COVENANT_NO_WAIVER-P-0001:P6M-SEVERE_PHASE7_COVENANT_NO_WAIVER-P-0001
Severe Phase 7 covenant-linked no-waiver,SEVERE_PHASE7_COVENANT_NO_WAIVER,P002,monthly,2026-03-01,2026-03-31,FY2026,Q2,31,96.149171210625,28.8693217195837322875299713,9.821851020707513992192639912,-8.4900849345702,-1.102355468729752873048159978,-46.12894923382576964632067898,-3.365220992371875,-0.8,-41.57467467421988352717619905,25,25,635,0,0,0,0,0,0,0,635,53.68191255313284113378740034,48.98885905056312519832708282,0,102.6707716036959663321144832,5.093267709676575004484217104,5.093267709676575004484217104,0,0.6959166666666666666666666667,0.6959166666666666666666666667,0,1.208333333333333333333333333,0.4166666666666666666666666667,0,0,0,800.2897716036959663321144832,191.1292283963040336678855168,102.6707716036959663321144832,191.1292283963040336678855168,191.1292283963040336678855168,25,6.2,300,available_before_analytical_shutoff,,no,0,,,,0,no,no,PASS,SRC-001;SRC-002;SRC-003,P6M-SEVERE_PHASE7_COVENANT_NO_WAIVER-P-0002:P6M-SEVERE_PHASE7_COVENANT_NO_WAIVER-P-0002
Severe Phase 7 covenant-linked no-waiver,SEVERE_PHASE7_COVENANT_NO_WAIVER,P003,monthly,2026-04-01,2026-04-30,FY2026,Q2,30,249.987845147625,28.8693217195837322875299713,25.53681265383953637970086377,-8.4900849345702,-2.866124218697357469925215943,-119.9352680079470010804337653,-8.749574580166875,-2.08,-108.0941541529716971706581175,25,25,635,11.90625,11.90625,0,0,0,0,0,623.09375,102.6707716036959663321144832,128.004085601468070348742276,0,230.6748572051640366808567592,5.682764781829706511417491775,5.682764781829706511417491775,0,0.6959166666666666666666666667,0.6959166666666666666666666667,0,1.208333333333333333333333333,0.4166666666666666666666666667,0,0,0,916.3876072051640366808567592,63.1251427948359633191432408,230.6748572051640366808567592,63.1251427948359633191432408,63.1251427948359633191432408,25,6.2,300,available_before_analytical_shutoff,,no,0,,,,0,no,no,PASS,SRC-001;SRC-002;SRC-003,P6M-SEVERE_PHASE7_COVENANT_NO_WAIVER-P-0003:P6M-SEVERE_PHASE7_COVENANT_NO_WAIVER-P-0003
Severe Phase 7 covenant-linked no-waiver,SEVERE_PHASE7_COVENANT_NO_WAIVER,P004,monthly,2026-05-01,2026-05-31,FY2026,Q3,31,42.097152544875,27.69017358369192354329321421,3.8039296805939422048852986,-9.2930702394357,-0.35854919238445967622132465,1.6014683605503179664396714,-1.473400339070625,-0.25,3.32344850968917549510364535,25,25,623.09375,0,0,0,0,0,0,0,623.09375,230.6748572051640366808567592,5.11305683387571100971792555,0,235.7879140390397476905746848,6.115588676898219838154904228,6.115588676898219838154904228,0,0.6959166666666666666666666667,0.6959166666666666666666666667,0,1.208333333333333333333333333,0.4166666666666666666666666667,0,0,0,921.5006640390397476905746848,58.0120859609602523094253152,235.7879140390397476905746848,58.0120859609602523094253152,58.0120859609602523094253152,25,6.2,300,available_before_analytical_shutoff,,no,0,,,,0,no,no,PASS,SRC-001;SRC-002;SRC-003,P6M-SEVERE_PHASE7_COVENANT_NO_WAIVER-P-0004:P6M-SEVERE_PHASE7_COVENANT_NO_WAIVER-P-0004
Severe Phase 7 covenant-linked no-waiver,SEVERE_PHASE7_COVENANT_NO_WAIVER,P005,monthly,2026-06-01,2026-06-30,FY2026,Q3,30,105.2428813621875,27.69017358369192354329321421,9.5098242014848555122132465,-9.2930702394357,-0.896372980961149190553311625,4.0036709013757949160991785,-3.6835008476765625,-0.625,8.308621274222938737759113375,25,25,623.09375,0,0,0,0,0,0,0,623.09375,235.7879140390397476905746848,0.14666566175630676140389376,0,235.9345797007960544519785786,6.134370269312578832496340468,6.134370269312578832496340468,0,0.6959166666666666666666666667,0.6959166666666666666666666667,0,1.208333333333333333333333333,0.4166666666666666666666666667,0,0,0,921.6473297007960544519785786,57.8654202992039455480214214,235.9345797007960544519785786,57.8654202992039455480214214,57.8654202992039455480214214,25,6.2,300,available_before_analytical_shutoff,,no,0,,,,0,no,no,PASS,SRC-001;SRC-002;SRC-003,P6M-SEVERE_PHASE7_COVENANT_NO_WAIVER-P-0005:P6M-SEVERE_PHASE7_COVENANT_NO_WAIVER-P-0005
Severe Phase 7 covenant-linked no-waiver,SEVERE_PHASE7_COVENANT_NO_WAIVER,P006,monthly,2026-07-01,2026-07-31,FY2026,Q3,31,273.6314915416875,27.69017358369192354329321421,24.7255429238606243317544409,-9.2930702394357,-2.330569750498987895438610225,10.4095443435770667818578641,-9.5771022039590625,-1.625,21.60241531297964071817369478,25,25,623.09375,11.90625,11.90625,0,0,0,0,0,611.1875,235.9345797007960544519785786,0,1.28746722361838141529819727,234.6471124771776730366803813,6.087781422694592636208830844,6.087781422694592636208830844,0,0.6959166666666666666666666667,0.6959166666666666666666666667,0,1.208333333333333333333333333,0.4166666666666666666666666667,0,0,0,908.4536124771776730366803813,59.1528875228223269633196187,234.6471124771776730366803813,59.1528875228223269633196187,59.1528875228223269633196187,25,6.2,300,available_before_analytical_shutoff,,no,0,,,,0,no,no,PASS,SRC-001;SRC-002;SRC-003,P6M-SEVERE_PHASE7_COVENANT_NO_WAIVER-P-0006:P6M-SEVERE_PHASE7_COVENANT_NO_WAIVER-P-0006
Severe Phase 7 covenant-linked no-waiver,SEVERE_PHASE7_COVENANT_NO_WAIVER,P007,monthly,2026-08-01,2026-08-31,FY2026,Q4,31,41.63586907725,27.91591743027939068561819552,3.85623817944504740475302303,-9.1912405572414,-0.3781179593371226011882557575,1.5809503490193561167678363,-1.45725541770375,-0.25,3.351815151423530920332603572,25,25,611.1875,0,0,0,0,0,0,0,611.1875,234.6471124771776730366803813,5.02772353547265475504068257,0,239.6748360126503277917210639,6.058622020229519008706619468,6.058622020229519008706619468,0,0.6959166666666666666666666667,0.6959166666666666666666666667,0,1.208333333333333333333333333,0.4166666666666666666666666667,0,0,0,913.4813360126503277917210639,54.1251639873496722082789361,239.6748360126503277917210639,54.1251639873496722082789361,54.1251639873496722082789361,25,6.2,300,available_before_analytical_shutoff,,no,0,,,,0,no,no,PASS,SRC-001;SRC-002;SRC-003,P6M-SEVERE_PHASE7_COVENANT_NO_WAIVER-P-0007:P6M-SEVERE_PHASE7_COVENANT_NO_WAIVER-P-0007
Severe Phase 7 covenant-linked no-waiver,SEVERE_PHASE7_COVENANT_NO_WAIVER,P008,monthly,2026-09-01,2026-09-30,FY2026,Q4,30,104.089672693125,27.91591743027939068561819552,9.640595448612618511882557575,-9.1912405572414,-0.9452948983428065029706393938,3.95237587254839029191959075,-3.643138544259375,-0.625,8.37953787855882730083150893,25,25,611.1875,0,0,0,0,0,0,0,611.1875,239.6748360126503277917210639,0.0180183115159697000362591,0,239.692854324166297491757323,6.076639523408130334201101358,6.076639523408130334201101358,0,0.6959166666666666666666666667,0.6959166666666666666666666667,0,1.208333333333333333333333333,0.4166666666666666666666666667,0,0,0,913.499354324166297491757323,54.107145675833702508242677,239.692854324166297491757323,54.107145675833702508242677,54.107145675833702508242677,25,6.2,300,available_before_analytical_shutoff,,no,0,,,,0,no,no,PASS,SRC-001;SRC-002;SRC-003,P6M-SEVERE_PHASE7_COVENANT_NO_WAIVER-P-0008:P6M-SEVERE_PHASE7_COVENANT_NO_WAIVER-P-0008
Severe Phase 7 covenant-linked no-waiver,SEVERE_PHASE7_COVENANT_NO_WAIVER,P009,monthly,2026-10-01,2026-10-31,FY2026,Q4,31,270.633149002125,27.91591743027939068561819552,25.0655481663928081308946497,-9.1912405572414,-2.457766735691296907723662424,10.27617726862581475899093595,-9.472160215074375,-1.625,21.78679848425295098216192322,25,25,611.1875,11.90625,11.90625,0,0,0,0,0,599.28125,239.692854324166297491757323,0,1.53090981194881160945341974,238.1619445122174858823039033,6.02872200563747270604183681,6.02872200563747270604183681,0,0.6959166666666666666666666667,0.6959166666666666666666666667,0,1.208333333333333333333333333,0.4166666666666666666666666667,0,0,0,900.0621945122174858823039033,55.6380554877825141176960967,238.1619445122174858823039033,55.6380554877825141176960967,55.6380554877825141176960967,25,6.2,300,continued_draw_or_waiver_after_warning,2026-11-01,no,0,147.914106394588062870855216,6.085032837308540174682076325,,0,no,no,BREACHED_ANALYTICAL_THRESHOLD,SRC-001;SRC-002;SRC-003,P6M-SEVERE_PHASE7_COVENANT_NO_WAIVER-P-0009:P6M-SEVERE_PHASE7_COVENANT_NO_WAIVER-P-0009
Severe Phase 7 covenant-linked no-waiver,SEVERE_PHASE7_COVENANT_NO_WAIVER,P010,monthly,2026-11-01,2026-11-30,FY2027,Q1,30,34.0020398342523375,22.90967547594190519832374179,1.446982468506440104999160289,-7.50605029941071601,0,1.35681565319945013700660506,-1.1900713941988318125,-0.25,1.363726727507058429505765349,25,18.08873658003230521782964497,599.28125,0,0,0,0,0,0,0,599.28125,238.1619445122174858823039033,0,0,238.1619445122174858823039033,5.980740147474753211676120376,5.980740147474753211676120376,0,0.66925,0.66925,0,1.208333333333333333333333333,0.4166666666666666666666666667,0,0,0,900.0621945122174858823039033,0,238.1619445122174858823039033,55.6380554877825141176960967,0,25,6.2,300,phase7_covenant_linked_shutoff_active,2026-11-01,no,6.91126341996769478217035503,138.6860809593051327072872296,6.489924499173958936195720693,,0,no,no,LIQUIDITY_FAILURE,SRC-001;SRC-002;SRC-003,P6M-SEVERE_PHASE7_COVENANT_NO_WAIVER-P-0010:P6M-SEVERE_PHASE7_COVENANT_NO_WAIVER-P-0010
Severe Phase 7 covenant-linked no-waiver,SEVERE_PHASE7_COVENANT_NO_WAIVER,P011,monthly,2026-12-01,2026-12-31,FY2027,Q1,31,85.00509958563084375,22.90967547594190519832374179,3.617456171266100262497900722,-7.50605029941071601,0,3.39203913299862534251651265,-2.97517848549707953125,-0.625,3.409316818767646073764413372,18.08873658003230521782964497,13.22306325132519807991793796,599.28125,0,0,0,0,0,0,0,599.28125,238.1619445122174858823039033,0,0,238.1619445122174858823039033,5.980740147474753211676120376,5.980740147474753211676120376,0,0.66925,0.66925,0,1.208333333333333333333333333,0.4166666666666666666666666667,0,0,0,900.0621945122174858823039033,0,238.1619445122174858823039033,55.6380554877825141176960967,0,25,6.2,300,phase7_covenant_linked_shutoff_active,2026-11-01,no,11.77693674867480192008206204,131.6285292267818627012179836,6.837896007798633777002154021,,0,no,no,LIQUIDITY_FAILURE,SRC-001;SRC-002;SRC-003,P6M-SEVERE_PHASE7_COVENANT_NO_WAIVER-P-0011:P6M-SEVERE_PHASE7_COVENANT_NO_WAIVER-P-0011
Severe Phase 7 covenant-linked no-waiver,SEVERE_PHASE7_COVENANT_NO_WAIVER,P012,monthly,2027-01-01,2027-01-31,FY2027,Q1,31,221.01325892264019375,22.90967547594190519832374179,9.405386045291860682494541878,-7.50605029941071601,0,8.81930174579642589054293289,-7.73546406229240678125,-1.625,8.864223728795879791787474768,13.22306325132519807991793796,1.94856206702132466002929235,599.28125,11.90625,11.90625,0,0,0,0,0,587.375,238.1619445122174858823039033,0,0,238.1619445122174858823039033,5.938224913099753211676120376,5.938224913099753211676120376,0,0.66925,0.66925,0,1.208333333333333333333333333,0.4166666666666666666666666667,0,0,0,888.1559445122174858823039033,0,238.1619445122174858823039033,55.6380554877825141176960967,0,25,6.2,300,phase7_covenant_linked_shutoff_active,2026-11-01,no,23.05143793297867533997070765,130.3589073682843531151453789,6.81315885843563940769012503,1.861980995883890218713637955,0,no,no,LIQUIDITY_FAILURE,SRC-001;SRC-002;SRC-003,P6M-SEVERE_PHASE7_COVENANT_NO_WAIVER-P-0012:P6M-SEVERE_PHASE7_COVENANT_NO_WAIVER-P-0012
Severe Phase 7 covenant-linked no-waiver,SEVERE_PHASE7_COVENANT_NO_WAIVER,P013,monthly,2027-02-01,2027-02-28,FY2027,Q2,28,38.45870699253789375,28.8693217195837322875299713,3.928642189772798521737134038,-8.489872682446835745,-0.4409311639372138516905335095,0.00025014541421265337632338,-1.34605474473882628125,0,2.141906426510971042172923908,1.94856206702132466002929235,0,587.375,0,0,0,0,0,0,0,587.375,238.1619445122174858823039033,0,0,238.1619445122174858823039033,5.895709678724753211676120376,4.090468493532295702202216258,1.805241185192457509473904118,0.66925,0,0.66925,0,0,1.208333333333333333333333333,0.4166666666666666666666666667,1.805241185192457509473904118,888.1559445122174858823039033,0,238.1619445122174858823039033,55.6380554877825141176960967,0,25,6.2,300,phase7_covenant_linked_shutoff_active,2026-11-01,no,25,130.3588091497741460400054569,6.813163991792696320054888385,1.834149324870009749710693204,0,no,yes,MANDATORY_PAYMENT_FAILURE,SRC-001;SRC-002;SRC-003,P6M-SEVERE_PHASE7_COVENANT_NO_WAIVER-P-0013:P6M-SEVERE_PHASE7_COVENANT_NO_WAIVER-P-0013
Severe Phase 7 covenant-linked no-waiver,SEVERE_PHASE7_COVENANT_NO_WAIVER,P014,monthly,2027-03-01,2027-03-31,FY2027,Q2,31,96.146767481344734375,28.8693217195837322875299713,9.821605474431996304342835095,-8.489872682446835745,-1.102327909843034629226333774,0.00062536353553163344080845,-3.365136861847065703125,0,5.35476606627742760543230977,0,0,587.375,0,0,0,0,0,0,0,587.375,238.1619445122174858823039033,0,0,238.1619445122174858823039033,5.895709678724753211676120376,5.35476606627742760543230977,0.540943612447325606243810606,0.66925,0,0.66925,0,0,1.208333333333333333333333333,0.4166666666666666666666666667,0.540943612447325606243810606,888.1559445122174858823039033,0,238.1619445122174858823039033,55.6380554877825141176960967,0,25,6.2,300,phase7_covenant_linked_shutoff_active,2026-11-01,no,25,130.3585636034986283521556521,6.813176825219181168342838676,1.813668888249387744745027054,0,no,yes,MANDATORY_PAYMENT_FAILURE,SRC-001;SRC-002;SRC-003,P6M-SEVERE_PHASE7_COVENANT_NO_WAIVER-P-0014:P6M-SEVERE_PHASE7_COVENANT_NO_WAIVER-P-0014
Severe Phase 7 covenant-linked no-waiver,SEVERE_PHASE7_COVENANT_NO_WAIVER,P015,monthly,2027-04-01,2027-04-30,FY2027,Q2,30,249.981595451496309375,28.8693217195837322875299713,25.53617423352319039129137125,-8.489872682446835745,-2.866052565591890035988467812,0.00162594519238224694610197,-8.749355840802370828125,0,13.9223917723213117741240054,0,0,587.375,11.90625,7.399947327971558562447885024,4.506302672028441437552114976,0,0,0,0,579.975052672028441437552115,238.1619445122174858823039033,0,0,238.1619445122174858823039033,5.853194444349753211676120376,5.853194444349753211676120376,0,0.66925,0.66925,0,0,0,1.208333333333333333333333333,0.4166666666666666666666666667,4.506302672028441437552114976,880.7559971842459273198560183,0,238.1619445122174858823039033,55.6380554877825141176960967,0,25,6.2,300,phase7_covenant_linked_shutoff_active,2026-11-01,no,25,130.3579251831822823637461596,6.756443813804071588626564852,1.809369673687760591049737676,0,no,yes,MANDATORY_PAYMENT_FAILURE,SRC-001;SRC-002;SRC-003,P6M-SEVERE_PHASE7_COVENANT_NO_WAIVER-P-0015:P6M-SEVERE_PHASE7_COVENANT_NO_WAIVER-P-0015
Severe Phase 7 covenant-linked no-waiver,SEVERE_PHASE7_COVENANT_NO_WAIVER,P016,monthly,2027-05-01,2027-05-31,FY2027,Q3,31,42.096100116061378125,27.69017358369192354329321421,3.80383458235192735633017647,-9.2928379126797141075,-0.3585402286546500647294191175,0.00027602551325302287275681,-1.473363504062148234375,0,1.972206875148382080098514162,0,0,579.975052672028441437552115,0,0,0,0,0,0,0,579.975052672028441437552115,238.1619445122174858823039033,0,0,238.1619445122174858823039033,5.842861721557489664275971731,1.972206875148382080098514162,3.870654846409107584177457569,0.66925,0,0.66925,0,0,1.208333333333333333333333333,0.4166666666666666666666666667,3.870654846409107584177457569,880.7559971842459273198560183,0,238.1619445122174858823039033,55.6380554877825141176960967,0,25,6.2,300,phase7_covenant_linked_shutoff_active,2026-11-01,no,25,130.3578300849402675151910375,6.756448742744117201540517765,1.816243659893670859901504298,0,no,yes,MANDATORY_PAYMENT_FAILURE,SRC-001;SRC-002;SRC-003,P6M-SEVERE_PHASE7_COVENANT_NO_WAIVER-P-0016:P6M-SEVERE_PHASE7_COVENANT_NO_WAIVER-P-0016
Severe Phase 7 covenant-linked no-waiver,SEVERE_PHASE7_COVENANT_NO_WAIVER,P017,monthly,2027-06-01,2027-06-30,FY2027,Q3,30,105.2402502901534453125,27.69017358369192354329321421,9.509586455879818390825441175,-9.2928379126797141075,-0.8963505716366251618235477938,0.000690063783132557181892025,-3.6834087601553705859375,0,4.930517187870955200246285405,0,0,579.975052672028441437552115,0,0,0,0,0,0,0,579.975052672028441437552115,238.1619445122174858823039033,0,0,238.1619445122174858823039033,5.842861721557489664275971731,4.930517187870955200246285405,0.912344533686534464029686326,0.66925,0,0.66925,0,0,1.208333333333333333333333333,0.4166666666666666666666666667,0.912344533686534464029686326,880.7559971842459273198560183,0,238.1619445122174858823039033,55.6380554877825141176960967,0,25,6.2,300,phase7_covenant_linked_shutoff_active,2026-11-01,no,25,130.3575923393352303938032322,6.756461065125694061138130255,1.823647121349450486374657116,0,no,yes,MANDATORY_PAYMENT_FAILURE,SRC-001;SRC-002;SRC-003,P6M-SEVERE_PHASE7_COVENANT_NO_WAIVER-P-0017:P6M-SEVERE_PHASE7_COVENANT_NO_WAIVER-P-0017
Severe Phase 7 covenant-linked no-waiver,SEVERE_PHASE7_COVENANT_NO_WAIVER,P018,monthly,2027-07-01,2027-07-31,FY2027,Q3,31,273.6246507543989578125,27.69017358369192354329321421,24.72492478528752781614614706,-9.2928379126797141075,-2.330511486255225420741224264,0.001794165836144648672919265,-9.5768627764039635234375,0,12.81934468846448352064034205,0,0,579.975052672028441437552115,11.90625,6.349748201281993856364370319,5.556501798718006143635629681,0,0,0,0,573.6253044707464475811877447,238.1619445122174858823039033,0,0,238.1619445122174858823039033,5.800346487182489664275971731,5.800346487182489664275971731,0,0.66925,0.66925,0,0,0,1.208333333333333333333333333,0.4166666666666666666666666667,5.556501798718006143635629681,874.406248982963933463491648,0,238.1619445122174858823039033,55.6380554877825141176960967,0,25,6.2,300,phase7_covenant_linked_shutoff_active,2026-11-01,no,25,130.3569742007621338781949383,6.70778264334591854206623437,1.831001098017011000595972135,0,no,yes,MANDATORY_PAYMENT_FAILURE,SRC-001;SRC-002;SRC-003,P6M-SEVERE_PHASE7_COVENANT_NO_WAIVER-P-0018:P6M-SEVERE_PHASE7_COVENANT_NO_WAIVER-P-0018
Severe Phase 7 covenant-linked no-waiver,SEVERE_PHASE7_COVENANT_NO_WAIVER,P019,monthly,2027-08-01,2027-08-31,FY2027,Q4,31,41.63482818052306875,27.91591743027939068561819552,3.85614177349056127856790421,-9.191010776227468965,-0.3781085063881391731232260525,0.00027258029028026952173835,-1.45721898631830740625,0,2.021086861074394968716416508,0,0,573.6253044707464475811877447,0,0,0,0,0,0,0,573.6253044707464475811877447,238.1619445122174858823039033,0,0,238.1619445122174858823039033,5.797513936486667424818436185,2.021086861074394968716416508,3.776427075412272456102019677,0.66925,0,0.66925,0,0,1.208333333333333333333333333,0.4166666666666666666666666667,3.776427075412272456102019677,874.406248982963933463491648,0,238.1619445122174858823039033,55.6380554877825141176960967,0,25,6.2,300,phase7_covenant_linked_shutoff_active,2026-11-01,no,25,130.3568777948076477520098195,6.707787604113613785161948988,1.83773972461321667470067431,0,no,yes,MANDATORY_PAYMENT_FAILURE,SRC-001;SRC-002;SRC-003,P6M-SEVERE_PHASE7_COVENANT_NO_WAIVER-P-0019:P6M-SEVERE_PHASE7_COVENANT_NO_WAIVER-P-0019
Severe Phase 7 covenant-linked no-waiver,SEVERE_PHASE7_COVENANT_NO_WAIVER,P020,monthly,2027-09-01,2027-09-30,FY2027,Q4,30,104.087070451307671875,27.91591743027939068561819552,9.640354433726403196419760525,-9.191010776227468965,-0.9452712659703479328080651312,0.000681450725700673804345875,-3.643047465795768515625,0,5.05271715268598742179104127,0,0,573.6253044707464475811877447,0,0,0,0,0,0,0,573.6253044707464475811877447,238.1619445122174858823039033,0,0,238.1619445122174858823039033,5.797513936486667424818436185,5.05271715268598742179104127,0.744796783800680003027394915,0.66925,0,0.66925,0,0,1.208333333333333333333333333,0.4166666666666666666666666667,0.744796783800680003027394915,874.406248982963933463491648,0,238.1619445122174858823039033,55.6380554877825141176960967,0,25,6.2,300,phase7_covenant_linked_shutoff_active,2026-11-01,no,25,130.3566367799214324365470224,6.707800006064953565044699827,1.844996470968452457375672129,0,no,yes,MANDATORY_PAYMENT_FAILURE,SRC-001;SRC-002;SRC-003,P6M-SEVERE_PHASE7_COVENANT_NO_WAIVER-P-0020:P6M-SEVERE_PHASE7_COVENANT_NO_WAIVER-P-0020
Severe Phase 7 covenant-linked no-waiver,SEVERE_PHASE7_COVENANT_NO_WAIVER,P021,monthly,2027-10-01,2027-10-31,FY2027,Q4,31,270.626383173399946875,27.91591743027939068561819552,25.06492152768864831069137736,-9.191010776227468965,-2.457705291522904625300969341,0.001771771886821751891299275,-9.471923411068998140625,0,13.1370645969835672966567073,0,0,573.6253044707464475811877447,11.90625,6.712815894871899871838271115,5.193434105128100128161728885,0,0,0,0,566.9124885758745477093494736,238.1619445122174858823039033,0,0,238.1619445122174858823039033,5.754998702111667424818436185,5.754998702111667424818436185,0,0.66925,0.66925,0,0,0,1.208333333333333333333333333,0.4166666666666666666666666667,5.193434105128100128161728885,867.6934330880920335916533769,0,238.1619445122174858823039033,55.6380554877825141176960967,0,25,6.2,300,phase7_covenant_linked_shutoff_active,2026-11-01,no,25,130.3560101412172726163437501,6.656336229899199780569628627,1.852163122182860566214852633,0,no,yes,MANDATORY_PAYMENT_FAILURE,SRC-001;SRC-002;SRC-003,P6M-SEVERE_PHASE7_COVENANT_NO_WAIVER-P-0021:P6M-SEVERE_PHASE7_COVENANT_NO_WAIVER-P-0021
Severe Phase 7 covenant-linked no-waiver,SEVERE_PHASE7_COVENANT_NO_WAIVER,P022,monthly,2027-11-01,2027-11-30,FY2028,Q1,30,34.0011897832564811915625,22.90967547594190519832374179,1.44694629394472744399653531,-7.50586264815323074209975,0,0.00023022158667147858362833,-1.1900416424139768417046875,0,0.25713487311742208087547614,0,0,566.9124885758745477093494736,0,0,0,0,0,0,0,566.9124885758745477093494736,238.1619445122174858823039033,0,0,238.1619445122174858823039033,5.749573242970790606567057866,0.25713487311742208087547614,5.492438369853368525691581726,0.5691666666666666666666666667,0,0.5691666666666666666666666667,0,0,1.208333333333333333333333333,0.4166666666666666666666666667,5.492438369853368525691581726,867.6934330880920335916533769,0,238.1619445122174858823039033,55.6380554877825141176960967,0,25,6.2,300,phase7_covenant_linked_shutoff_active,2026-11-01,no,25,130.3559739666555599553411251,6.656338077072278248786433862,1.858266147511120840223372779,0,no,yes,MANDATORY_PAYMENT_FAILURE,SRC-001;SRC-002;SRC-003,P6M-SEVERE_PHASE7_COVENANT_NO_WAIVER-P-0022:P6M-SEVERE_PHASE7_COVENANT_NO_WAIVER-P-0022
Severe Phase 7 covenant-linked no-waiver,SEVERE_PHASE7_COVENANT_NO_WAIVER,P023,monthly,2027-12-01,2027-12-31,FY2028,Q1,31,85.00297445814120297890625,22.90967547594190519832374179,3.617365734861818609991338275,-7.50586264815323074209975,0,0.000575553966678696459070825,-2.97510410603494210426171875,0,0.64283718279355520218869035,0,0,566.9124885758745477093494736,0,0,0,0,0,0,0,566.9124885758745477093494736,238.1619445122174858823039033,0,0,238.1619445122174858823039033,5.749573242970790606567057866,0.64283718279355520218869035,5.106736060177235404378367516,0.5691666666666666666666666667,0,0.5691666666666666666666666667,0,0,1.208333333333333333333333333,0.4166666666666666666666666667,5.106736060177235404378367516,867.6934330880920335916533769,0,238.1619445122174858823039033,55.6380554877825141176960967,0,25,6.2,300,phase7_covenant_linked_shutoff_active,2026-11-01,no,25,130.3558835302512783028345627,6.656342695009459686151276556,1.864408753060067734039162375,0,no,yes,MANDATORY_PAYMENT_FAILURE,SRC-001;SRC-002;SRC-003,P6M-SEVERE_PHASE7_COVENANT_NO_WAIVER-P-0023:P6M-SEVERE_PHASE7_COVENANT_NO_WAIVER-P-0023
Severe Phase 7 covenant-linked no-waiver,SEVERE_PHASE7_COVENANT_NO_WAIVER,P024,monthly,2028-01-01,2028-01-31,FY2028,Q1,31,221.00773359116712774515625,22.90967547594190519832374179,9.405150910640728385977479515,-7.50586264815323074209975,0,0.001496440313364610793584145,-7.73527067569084947108046875,0,1.67137667526324352569059491,0,0,566.9124885758745477093494736,11.90625,0,11.90625,0,0,0,0,566.9124885758745477093494736,238.1619445122174858823039033,0,0,238.1619445122174858823039033,5.707058008595790606567057866,1.67137667526324352569059491,4.035681333332547080876462956,0.5691666666666666666666666667,0,0.5691666666666666666666666667,0,0,1.208333333333333333333333333,0.4166666666666666666666666667,4.035681333332547080876462956,867.6934330880920335916533769,0,238.1619445122174858823039033,55.6380554877825141176960967,0,25,6.2,300,phase7_covenant_linked_shutoff_active,2026-11-01,no,25,130.3556483956001460063175003,6.656354701676118718989014148,1.870590034965709367082469954,0,no,yes,MANDATORY_PAYMENT_FAILURE,SRC-001;SRC-002;SRC-003,P6M-SEVERE_PHASE7_COVENANT_NO_WAIVER-P-0024:P6M-SEVERE_PHASE7_COVENANT_NO_WAIVER-P-0024
Severe Phase 7 covenant-linked no-waiver,SEVERE_PHASE7_COVENANT_NO_WAIVER,P025,quarterly,2028-02-01,2028-04-30,FY2028,Q2,90,398.1507771985824784275,28.8693217195837322875299713,43.6581154980704003242203646,-25.468981306889323722319125,-5.311352987001948862144883649,32.0373336585348705461590019,-13.9352772019503867449625,0,56.44881896765293526327198285,0,23.58745439971312187953843774,566.9124885758745477093494736,11.90625,11.90625,0,0,0,0,0,555.0062385758745477093494736,238.1619445122174858823039033,0,0,238.1619445122174858823039033,16.40311443644927978610952022,16.40311443644927978610952022,0,1.7075,1.302000131490533597624024878,0.4054998685094664023759751217,2.416666666666666666666666666,0.8333333333333333333333333334,1.208333333333333333333333333,0.4166666666666666666666666667,0.4054998685094664023759751217,855.7871830880920335916533769,0,238.1619445122174858823039033,55.6380554877825141176960967,0,25,6.2,300,phase7_covenant_linked_shutoff_active,2026-11-01,no,25,134.7273419959425611131665245,6.351993369793229190991987607,1.968391033015103971027166007,0,no,yes,LIQUIDITY_FAILURE,SRC-001;SRC-002;SRC-003,P6M-SEVERE_PHASE7_COVENANT_NO_WAIVER-P-0025:P6M-SEVERE_PHASE7_COVENANT_NO_WAIVER-P-0027
Severe Phase 7 covenant-linked no-waiver,SEVERE_PHASE7_COVENANT_NO_WAIVER,P026,quarterly,2028-05-01,2028-07-31,FY2028,Q3,92,450.66462846280251408703125,27.69017358369192354329321421,47.48235687051268933381257548,-27.8778167751956913439419375,-5.528385901271152552706353088,29.5553832872862164091058058,-15.77326199619808799304609375,0,55.73609226032966519716593443,23.58745439971312187953843774,25,555.0062385758745477093494736,11.90625,11.90625,0,0,0,0,0,543.0999885758745477093494736,238.1619445122174858823039033,0,20.55491304918642141865252915,217.6070314630310644636513741,15.279883610856365658051843,15.279883610856365658051843,0,1.7075,1.7075,0,3.624999999999999999999999999,1.25,0,0,0,823.3260200389056121730008477,0,238.1619445122174858823039033,76.1929685369689355363486259,0,25,6.2,300,phase7_covenant_linked_shutoff_active,2026-11-01,no,3.16886702641597418491759111,144.1713530429359768836773353,5.710746293639272021819473694,2.176525224779400630931708732,0,no,no,BREACHED_ANALYTICAL_THRESHOLD,SRC-001;SRC-002;SRC-003,P6M-SEVERE_PHASE7_COVENANT_NO_WAIVER-P-0028:P6M-SEVERE_PHASE7_COVENANT_NO_WAIVER-P-0030
Severe Phase 7 covenant-linked no-waiver,SEVERE_PHASE7_COVENANT_NO_WAIVER,P027,quarterly,2028-08-01,2028-10-31,FY2028,Q4,92,460.420706720346380386875,27.91591743027939068561819552,53.00279116884838854298449462,-27.572343002874189834827625,-6.77119718653666252456163178,28.3341955420845204571027842,-16.114724735212123313540625,0,58.45106478918412316198502204,25,25,543.0999885758745477093494736,11.90625,11.90625,0,0,0,0,0,531.1937385758745477093494736,217.6070314630310644636513741,0,26.1044456012094663550703333,191.5025858618215981085810408,13.85786918797465680691468873,13.85786918797465680691468873,0,1.7075,1.7075,0,3.624999999999999999999999999,1.25,0,0,0,785.3153244376961458179305144,0,217.6070314630310644636513741,102.2974141381784018914189592,0,25,6.2,300,phase7_covenant_linked_shutoff_active,2026-11-01,no,1.02106913582053298523067801,158.6127264768787526409827879,4.951149519217002417288539397,2.527810814181872230240215479,0,no,no,BREACHED_ANALYTICAL_THRESHOLD,SRC-001;SRC-002;SRC-003,P6M-SEVERE_PHASE7_COVENANT_NO_WAIVER-P-0031:P6M-SEVERE_PHASE7_COVENANT_NO_WAIVER-P-0033
Severe Phase 7 covenant-linked no-waiver,SEVERE_PHASE7_COVENANT_NO_WAIVER,P028,quarterly,2028-11-01,2029-01-31,FY2029,Q1,92,388.0038771871357974840791719,22.90967547594190519832374179,28.15191415889357346612381439,-22.51702500476108073399359252,-1.577599976068831288537507412,29.1491159280903734764619799,-13.58013570154975291194277101,0,42.14329440936536274210551588,25,25,531.1937385758745477093494736,11.90625,11.90625,0,0,0,0,0,519.2874885758745477093494736,191.5025858618215981085810408,0,11.22351130904566914298965268,180.2790745527759289655913882,12.5140331003196935991158632,12.5140331003196935991158632,0,1.6245,1.6245,0,3.624999999999999999999999999,1.25,0,0,0,762.1855631286504766749408618,0,191.5025858618215981085810408,113.5209254472240710344086118,0,25,6.2,300,phase7_covenant_linked_shutoff_active,2026-11-01,no,2.14983171017241550608192815,172.295177696325051667141249,4.423719649728231586058743909,2.967797321162077326822325345,0,no,no,BREACHED_ANALYTICAL_THRESHOLD,SRC-001;SRC-002;SRC-003,P6M-SEVERE_PHASE7_COVENANT_NO_WAIVER-P-0034:P6M-SEVERE_PHASE7_COVENANT_NO_WAIVER-P-0036
Severe Phase 7 covenant-linked no-waiver,SEVERE_PHASE7_COVENANT_NO_WAIVER,P029,quarterly,2029-02-01,2029-04-30,FY2029,Q2,89,452.4327538967642203017492189,28.8693217195837322875299713,63.18323721370173179565731637,-25.46834458235665148922606702,-9.428723157836270076607812339,30.56004479828804425222486941,-15.83514638638674771056122266,0,68.47941246776675826071315076,25,25,519.2874885758745477093494736,11.90625,11.90625,0,0,0,0,0,507.3812385758745477093494736,180.2790745527759289655913882,0,39.00033469324528676254937089,141.2787398595306422030420174,11.07332777452147149816377987,11.07332777452147149816377987,0,1.6245,1.6245,0,3.624999999999999999999999999,1.25,0,0,0,711.278978435405189912391491,0,163.403032498194541680919553,152.5212601404693577969579826,0,25,6.2,300,phase7_covenant_linked_shutoff_active,2026-11-01,no,0,191.8202994119563831385782008,3.708048525708172995597902478,3.638120167918009222719476071,0,no,no,BREACHED_ANALYTICAL_THRESHOLD,SRC-001;SRC-002;SRC-003,P6M-SEVERE_PHASE7_COVENANT_NO_WAIVER-P-0037:P6M-SEVERE_PHASE7_COVENANT_NO_WAIVER-P-0039
Severe Phase 7 covenant-linked no-waiver,SEVERE_PHASE7_COVENANT_NO_WAIVER,P030,quarterly,2029-05-01,2029-07-31,FY2029,Q3,92,495.2234745572427956309660157,27.69017358369192354329321421,63.31963786060491511771786737,-27.87711982977631145165833895,-8.860629507707150916514882104,-5.5623637979150643405999348,-17.33282160950349784708381055,0,31.5638229454792020135192399,25,17.98259024910918890212382017,507.3812385758745477093494736,11.90625,11.90625,0,0,0,0,0,495.4749885758745477093494736,141.2787398595306422030420174,0,9.65953543530562783337904752,131.6192044242250143696629699,10.5159472610643852780163722,10.5159472610643852780163722,0,1.6245,1.6245,0,3.624999999999999999999999999,1.25,0,0,0,689.7131930000995620790124435,0,136.4621936310049008374179202,162.1807955757749856303370301,0,25,6.2,300,phase7_covenant_linked_shutoff_active,2026-11-01,no,7.01740975089081109787617983,207.6575804020486089224834928,3.321396655324292313943422352,4.329701479172289637742588794,0,no,no,LIQUIDITY_FAILURE,SRC-001;SRC-002;SRC-003,P6M-SEVERE_PHASE7_COVENANT_NO_WAIVER-P-0040:P6M-SEVERE_PHASE7_COVENANT_NO_WAIVER-P-0042
Severe Phase 7 covenant-linked no-waiver,SEVERE_PHASE7_COVENANT_NO_WAIVER,P031,quarterly,2029-08-01,2029-10-31,FY2029,Q4,92,489.7970172368918848163460939,27.91591743027939068561819552,63.73149366181844990338446801,-27.57165369429911798008175431,-9.039959991879832980825678429,-3.638182991584890842613500799,-17.14289560329121596857211328,0,33.91045507506251011137317553,17.98259024910918890212382017,18.85408823990903333925112003,495.4749885758745477093494736,11.90625,11.90625,0,0,0,0,0,483.5687385758745477093494736,131.6192044242250143696629699,0,4.40192916689346809911500444,127.2172752573315462705479655,10.23127791736919757513087122,10.23127791736919757513087122,0,1.6245,1.6245,0,3.624999999999999999999999999,1.25,0,0,0,673.4050138332060939798974391,0,131.6192044242250143696629699,166.5827247426684537294520345,0,25,6.2,300,phase7_covenant_linked_shutoff_active,2026-11-01,no,6.14591176009096666074887997,218.3862828950186702828834663,3.083549959760619530324294488,4.92586719164569027915772541,0,no,no,LIQUIDITY_FAILURE,SRC-001;SRC-002;SRC-003,P6M-SEVERE_PHASE7_COVENANT_NO_WAIVER-P-0043:P6M-SEVERE_PHASE7_COVENANT_NO_WAIVER-P-0045
Severe Phase 7 covenant-linked no-waiver,SEVERE_PHASE7_COVENANT_NO_WAIVER,P032,quarterly,2029-11-01,2030-01-31,FY2030,Q1,92,399.9939970002124939063320309,22.90967547594190519832374179,32.0218213290888113607790998,-22.51646207913596170697524268,-2.376339812488212413450964282,-1.536121143932743278549447,-13.99978989500743728672162108,0,14.10957047766041838205706745,18.85408823990903333925112003,4.64634179973404162768837203,483.5687385758745477093494736,11.90625,11.90625,0,0,0,0,0,471.6624885758745477093494736,127.2172752573315462705479655,0,0,127.2172752573315462705479655,9.999566917835410093619815437,9.999566917835410093619815437,0,1.5365,1.5365,0,3.624999999999999999999999999,1.25,0,0,0,661.4987638332060939798974391,0,127.2172752573315462705479655,166.5827247426684537294520345,0,25,6.2,300,phase7_covenant_linked_shutoff_active,2026-11-01,no,20.35365820026595837231162797,222.2561900652139081775387517,2.976289495645140970432014035,5.314575633735813227815475689,0,no,no,LIQUIDITY_FAILURE,SRC-001;SRC-002;SRC-003,P6M-SEVERE_PHASE7_COVENANT_NO_WAIVER-P-0046:P6M-SEVERE_PHASE7_COVENANT_NO_WAIVER-P-0048
Severe Phase 7 covenant-linked no-waiver,SEVERE_PHASE7_COVENANT_NO_WAIVER,P033,quarterly,2030-02-01,2030-04-30,FY2030,Q2,89,452.4214430779168011962416752,28.8693217195837322875299713,63.181657632771389252362425,-25.46770787374209257293883637,-9.428487439757324169855897156,0.001657285276477514434984,-15.83475050772708804186845863,0,37.92007697056345455507305322,4.64634179973404162768837203,14.4446620087120860891416098,471.6624885758745477093494736,11.90625,11.90625,0,0,0,0,0,459.7562385758745477093494736,127.2172752573315462705479655,0,0,127.2172752573315462705479655,9.804006761585410093619815437,9.804006761585410093619815437,0,1.5365,1.5365,0,3.624999999999999999999999999,1.25,0,0,0,649.5925138332060939798974391,0,127.2172752573315462705479655,166.5827247426684537294520345,0,25,6.2,300,phase7_covenant_linked_shutoff_active,2026-11-01,no,13.12966591706494355182721538,222.2546104842835656342438602,2.922740331090414660089259702,5.48089351490628942188464922,0,no,no,LIQUIDITY_FAILURE,SRC-001;SRC-002;SRC-003,P6M-SEVERE_PHASE7_COVENANT_NO_WAIVER-P-0049:P6M-SEVERE_PHASE7_COVENANT_NO_WAIVER-P-0051
Severe Phase 7 covenant-linked no-waiver,SEVERE_PHASE7_COVENANT_NO_WAIVER,P034,quarterly,2030-05-01,2030-07-31,FY2030,Q3,92,495.2110939703788645610752413,27.69017358369192354329321421,63.31805486965839999483992445,-27.87642290178056704387204749,-8.86040799196945823774196924,0.0018287050278167091345221,-17.33238828896326025963763345,0,37.12708729375349820659484387,14.4446620087120860891416098,20.17037660788477606683632323,459.7562385758745477093494736,11.90625,11.90625,0,0,0,0,0,447.8499885758745477093494736,127.2172752573315462705479655,0,3.50395229748798097619124904,123.7133229598435652943567165,9.579670397092827252708881387,9.579670397092827252708881387,0,1.5365,1.5365,0,3.624999999999999999999999999,1.25,0,0,0,634.1823115357181130037061901,0,127.2172752573315462705479655,170.0866770401564347056432835,0,25,6.2,300,phase7_covenant_linked_shutoff_active,2026-11-01,no,4.82962339211522393316367677,222.2530274933370505113659174,2.853424849543299645921927892,5.610392762726171290599918528,0,no,no,LIQUIDITY_FAILURE,SRC-001;SRC-002;SRC-003,P6M-SEVERE_PHASE7_COVENANT_NO_WAIVER-P-0052:P6M-SEVERE_PHASE7_COVENANT_NO_WAIVER-P-0054
Severe Phase 7 covenant-linked no-waiver,SEVERE_PHASE7_COVENANT_NO_WAIVER,P035,quarterly,2030-08-01,2030-10-31,FY2030,Q4,92,489.7847723114609625192256851,27.91591743027939068561819552,63.72990037447690444213688346,-27.57096440295676050213225227,-9.039733992880035985001157798,0.0018058881173999855761078,-17.14246703090113368817289898,0,37.54950523881313475453893449,20.17037660788477606683632323,20.42953319276274910236144299,447.8499885758745477093494736,11.90625,11.90625,0,0,0,0,0,435.9437385758745477093494736,123.7133229598435652943567165,0,9.71029852811461544178195791,114.0030244317289498525747586,9.262300125820546277231856812,9.262300125820546277231856812,0,1.5365,1.5365,0,3.624999999999999999999999999,1.25,0,0,0,612.5657630076034975619242322,0,121.2862763629538541592470645,179.7969755682710501474252414,0,25,6.2,300,phase7_covenant_linked_shutoff_active,2026-11-01,no,4.57046680723725089763855701,222.2514342059955050501183328,2.756183622373577397301357928,5.751023534365742016096266472,0,no,no,LIQUIDITY_FAILURE,SRC-001;SRC-002;SRC-003,P6M-SEVERE_PHASE7_COVENANT_NO_WAIVER-P-0055:P6M-SEVERE_PHASE7_COVENANT_NO_WAIVER-P-0057
Severe Phase 7 covenant-linked no-waiver,SEVERE_PHASE7_COVENANT_NO_WAIVER,P036,quarterly,2030-11-01,2031-01-31,FY2031,Q1,92,399.9839971502874885939843726,22.90967547594190519832374179,32.02102078355558414049508032,-22.5158991675839833079325683,-2.376280403992900208140628008,0.0015251072472576468757836,-13.99943990026006210078945304,0,15.64682558654987947844078288,20.42953319276274910236144299,8.75832655628774113334762036,435.9437385758745477093494736,11.90625,11.90625,0,0,538.0405130076034975619242322,0,538.0405130076034975619242322,424.0374885758745477093494736,114.0030244317289498525747586,0,0,114.0030244317289498525747586,9.000282223024887447454605516,9.000282223024887447454605516,0,1.5365,1.5365,0,3.624999999999999999999999999,1.25,0,0,0,600.6595130076034975619242322,0,114.0030244317289498525747586,0,0,25,6.2,300,phase7_covenant_linked_shutoff_active,2026-11-01,no,16.24167344371225886665237964,222.250633660462277829834313,2.702622274297969869743587085,5.903657802073140849788906251,538.0405130076034975619242322,yes,no,LIQUIDITY_FAILURE,SRC-001;SRC-002;SRC-003,P6M-SEVERE_PHASE7_COVENANT_NO_WAIVER-P-0058:P6M-SEVERE_PHASE7_COVENANT_NO_WAIVER-P-0060
