ledger_id,artifact_path,record_id,metric_or_term,source_ids,upstream_ids,classification,review_status,cutoff_status,notes
P7L-00001,data/phase7/raw/STRUCTURE_CANDIDATES.csv,STR-001,Retain existing facilities,SRC-001;SRC-002;SRC-003,PT-002;PT-003;PT-007;PT-008;PT-009;PT-010;PT-017;P5A-016;P5A-018;P5A-020;P5A-022;P5A-025:P5A-032;P6R-001:P6R-014,phase7_record,owner_reviewed,within_cutoff,"No new evidence source. Trace source IDs through the approved Phase 1-6 ledgers. Owner review is workflow and underwriting-judgment metadata, not an observed borrower fact or post-cutoff analytical evidence; stated conditions remain open."
P7L-00002,data/phase7/raw/STRUCTURE_CANDIDATES.csv,STR-002,Limited amendment or extension,SRC-001;SRC-002;SRC-003,PT-002;PT-003;PT-007;PT-008;PT-009;PT-010;PT-017;P5A-016;P5A-018;P5A-020;P5A-022;P5A-025:P5A-032;P6R-001:P6R-014,phase7_record,owner_reviewed,within_cutoff,"No new evidence source. Trace source IDs through the approved Phase 1-6 ledgers. Owner review is workflow and underwriting-judgment metadata, not an observed borrower fact or post-cutoff analytical evidence; stated conditions remain open."
P7L-00003,data/phase7/raw/STRUCTURE_CANDIDATES.csv,STR-003,$650m reference term / 10% amortization,SRC-001;SRC-002;SRC-003,PT-002;PT-003;PT-007;PT-008;PT-009;PT-010;PT-017;P5A-016;P5A-018;P5A-020;P5A-022;P5A-025:P5A-032;P6R-001:P6R-014,phase7_record,owner_reviewed,within_cutoff,"No new evidence source. Trace source IDs through the approved Phase 1-6 ledgers. Owner review is workflow and underwriting-judgment metadata, not an observed borrower fact or post-cutoff analytical evidence; stated conditions remain open."
P7L-00004,data/phase7/raw/STRUCTURE_CANDIDATES.csv,STR-004,$650m term / 5% amortization,SRC-001;SRC-002;SRC-003,PT-002;PT-003;PT-007;PT-008;PT-009;PT-010;PT-017;P5A-016;P5A-018;P5A-020;P5A-022;P5A-025:P5A-032;P6R-001:P6R-014,phase7_record,owner_reviewed,within_cutoff,"No new evidence source. Trace source IDs through the approved Phase 1-6 ledgers. Owner review is workflow and underwriting-judgment metadata, not an observed borrower fact or post-cutoff analytical evidence; stated conditions remain open."
P7L-00005,data/phase7/raw/STRUCTURE_CANDIDATES.csv,STR-005,$650m term / 7.5% amortization,SRC-001;SRC-002;SRC-003,PT-002;PT-003;PT-007;PT-008;PT-009;PT-010;PT-017;P5A-016;P5A-018;P5A-020;P5A-022;P5A-025:P5A-032;P6R-001:P6R-014,phase7_record,owner_reviewed,within_cutoff,"No new evidence source. Trace source IDs through the approved Phase 1-6 ledgers. Owner review is workflow and underwriting-judgment metadata, not an observed borrower fact or post-cutoff analytical evidence; stated conditions remain open."
P7L-00006,data/phase7/raw/STRUCTURE_CANDIDATES.csv,STR-006,$650m term / 15% amortization,SRC-001;SRC-002;SRC-003,PT-002;PT-003;PT-007;PT-008;PT-009;PT-010;PT-017;P5A-016;P5A-018;P5A-020;P5A-022;P5A-025:P5A-032;P6R-001:P6R-014,phase7_record,owner_reviewed,within_cutoff,"No new evidence source. Trace source IDs through the approved Phase 1-6 ledgers. Owner review is workflow and underwriting-judgment metadata, not an observed borrower fact or post-cutoff analytical evidence; stated conditions remain open."
P7L-00007,data/phase7/raw/STRUCTURE_CANDIDATES.csv,STR-007,$625m term / conditional $25m contribution / 7.5% amortization,SRC-001;SRC-002;SRC-003,PT-002;PT-003;PT-007;PT-008;PT-009;PT-010;PT-017;P5A-016;P5A-018;P5A-020;P5A-022;P5A-025:P5A-032;P6R-001:P6R-014,phase7_record,owner_reviewed,within_cutoff,"No new evidence source. Trace source IDs through the approved Phase 1-6 ledgers. Owner review is workflow and underwriting-judgment metadata, not an observed borrower fact or post-cutoff analytical evidence; stated conditions remain open."
P7L-00008,data/phase7/raw/STRUCTURE_CANDIDATES.csv,STR-008,$635m practical term / $15m conditional contribution / 7.5% amortization,SRC-001;SRC-002;SRC-003,PT-002;PT-003;PT-007;PT-008;PT-009;PT-010;PT-017;P5A-016;P5A-018;P5A-020;P5A-022;P5A-025:P5A-032;P6R-001:P6R-014,phase7_record,owner_reviewed,within_cutoff,"No new evidence source. Trace source IDs through the approved Phase 1-6 ledgers. Owner review is workflow and underwriting-judgment metadata, not an observed borrower fact or post-cutoff analytical evidence; stated conditions remain open."
P7L-00009,data/phase7/raw/STRUCTURE_CANDIDATES.csv,STR-009,Exact 3.25x analytical total-funded-debt boundary / 7.5% amortization,SRC-001;SRC-002;SRC-003,PT-002;PT-003;PT-007;PT-008;PT-009;PT-010;PT-017;P5A-016;P5A-018;P5A-020;P5A-022;P5A-025:P5A-032;P6R-001:P6R-014,phase7_record,owner_reviewed,within_cutoff,"No new evidence source. Trace source IDs through the approved Phase 1-6 ledgers. Owner review is workflow and underwriting-judgment metadata, not an observed borrower fact or post-cutoff analytical evidence; stated conditions remain open."
P7L-00010,data/phase7/raw/STRUCTURE_CANDIDATES.csv,STR-010,$640m rounded term / $10m contribution / reference revolver,SRC-001;SRC-002;SRC-003,PT-002;PT-003;PT-007;PT-008;PT-009;PT-010;PT-017;P5A-016;P5A-018;P5A-020;P5A-022;P5A-025:P5A-032;P6R-001:P6R-014,phase7_record,owner_reviewed,within_cutoff,"No new evidence source. Trace source IDs through the approved Phase 1-6 ledgers. Owner review is workflow and underwriting-judgment metadata, not an observed borrower fact or post-cutoff analytical evidence; stated conditions remain open."
P7L-00011,data/phase7/raw/STRUCTURE_CANDIDATES.csv,STR-011,$640m rounded term / exact non-debt source / reallocated revolver,SRC-001;SRC-002;SRC-003,PT-002;PT-003;PT-007;PT-008;PT-009;PT-010;PT-017;P5A-016;P5A-018;P5A-020;P5A-022;P5A-025:P5A-032;P6R-001:P6R-014,phase7_record,owner_reviewed,within_cutoff,"No new evidence source. Trace source IDs through the approved Phase 1-6 ledgers. Owner review is workflow and underwriting-judgment metadata, not an observed borrower fact or post-cutoff analytical evidence; stated conditions remain open."
P7L-00012,data/phase7/raw/COVENANT_PROPOSALS.csv,P7CP-001,maximum Consolidated Net Leverage Ratio,SRC-001;SRC-003,PT-017:PT-024;P6T-0001:P6T-0238,existing_contractual,owner_reviewed,within_cutoff,"No new evidence source. Trace source IDs through the approved Phase 1-6 ledgers. Owner review is workflow and underwriting-judgment metadata, not an observed borrower fact or post-cutoff analytical evidence; stated conditions remain open."
P7L-00013,data/phase7/raw/COVENANT_PROPOSALS.csv,P7CP-002,maximum gross total funded leverage,SRC-001;SRC-003,PT-017:PT-024;P6T-0001:P6T-0238,proposed_contractual,owner_reviewed,within_cutoff,"No new evidence source. Trace source IDs through the approved Phase 1-6 ledgers. Owner review is workflow and underwriting-judgment metadata, not an observed borrower fact or post-cutoff analytical evidence; stated conditions remain open."
P7L-00014,data/phase7/raw/COVENANT_PROPOSALS.csv,P7CP-003,maximum gross total funded leverage,SRC-001;SRC-003,PT-017:PT-024;P6T-0001:P6T-0238,proposed_contractual,owner_reviewed,within_cutoff,"No new evidence source. Trace source IDs through the approved Phase 1-6 ledgers. Owner review is workflow and underwriting-judgment metadata, not an observed borrower fact or post-cutoff analytical evidence; stated conditions remain open."
P7L-00015,data/phase7/raw/COVENANT_PROPOSALS.csv,P7CP-004,maximum gross total funded leverage,SRC-001;SRC-003,PT-017:PT-024;P6T-0001:P6T-0238,proposed_contractual,owner_reviewed,within_cutoff,"No new evidence source. Trace source IDs through the approved Phase 1-6 ledgers. Owner review is workflow and underwriting-judgment metadata, not an observed borrower fact or post-cutoff analytical evidence; stated conditions remain open."
P7L-00016,data/phase7/raw/COVENANT_PROPOSALS.csv,P7CP-005,minimum EBITDA to cash-interest coverage,SRC-001;SRC-003,PT-017:PT-024;P6T-0001:P6T-0238,proposed_contractual,owner_reviewed,within_cutoff,"No new evidence source. Trace source IDs through the approved Phase 1-6 ledgers. Owner review is workflow and underwriting-judgment metadata, not an observed borrower fact or post-cutoff analytical evidence; stated conditions remain open."
P7L-00017,data/phase7/raw/COVENANT_PROPOSALS.csv,P7CP-006,minimum usable liquidity,SRC-001;SRC-003,PT-017:PT-024;P6T-0001:P6T-0238,proposed_contractual,owner_reviewed,within_cutoff,"No new evidence source. Trace source IDs through the approved Phase 1-6 ledgers. Owner review is workflow and underwriting-judgment metadata, not an observed borrower fact or post-cutoff analytical evidence; stated conditions remain open."
P7L-00018,data/phase7/raw/COVENANT_PROPOSALS.csv,P7CP-007,gross total funded leverage warning,SRC-001;SRC-003,PT-017:PT-024;P6T-0001:P6T-0238,analyst_warning,owner_reviewed,within_cutoff,"No new evidence source. Trace source IDs through the approved Phase 1-6 ledgers. Owner review is workflow and underwriting-judgment metadata, not an observed borrower fact or post-cutoff analytical evidence; stated conditions remain open."
P7L-00019,data/phase7/raw/COVENANT_PROPOSALS.csv,P7CP-008,gross total funded leverage warning,SRC-001;SRC-003,PT-017:PT-024;P6T-0001:P6T-0238,analyst_warning,owner_reviewed,within_cutoff,"No new evidence source. Trace source IDs through the approved Phase 1-6 ledgers. Owner review is workflow and underwriting-judgment metadata, not an observed borrower fact or post-cutoff analytical evidence; stated conditions remain open."
P7L-00020,data/phase7/raw/COVENANT_PROPOSALS.csv,P7CP-009,gross total funded leverage warning,SRC-001;SRC-003,PT-017:PT-024;P6T-0001:P6T-0238,analyst_warning,owner_reviewed,within_cutoff,"No new evidence source. Trace source IDs through the approved Phase 1-6 ledgers. Owner review is workflow and underwriting-judgment metadata, not an observed borrower fact or post-cutoff analytical evidence; stated conditions remain open."
P7L-00021,data/phase7/raw/COVENANT_PROPOSALS.csv,P7CP-010,minimum EBITDA to cash-interest coverage warning,SRC-001;SRC-003,PT-017:PT-024;P6T-0001:P6T-0238,analyst_warning,owner_reviewed,within_cutoff,"No new evidence source. Trace source IDs through the approved Phase 1-6 ledgers. Owner review is workflow and underwriting-judgment metadata, not an observed borrower fact or post-cutoff analytical evidence; stated conditions remain open."
P7L-00022,data/phase7/raw/COVENANT_PROPOSALS.csv,P7CP-011,minimum usable liquidity warning,SRC-001;SRC-003,PT-017:PT-024;P6T-0001:P6T-0238,analyst_warning,owner_reviewed,within_cutoff,"No new evidence source. Trace source IDs through the approved Phase 1-6 ledgers. Owner review is workflow and underwriting-judgment metadata, not an observed borrower fact or post-cutoff analytical evidence; stated conditions remain open."
P7L-00023,data/phase7/raw/COVENANT_PROPOSALS.csv,P7CP-012,operating cash floor,SRC-001;SRC-003,PT-017:PT-024;P6T-0001:P6T-0238,model_control,owner_reviewed,within_cutoff,"No new evidence source. Trace source IDs through the approved Phase 1-6 ledgers. Owner review is workflow and underwriting-judgment metadata, not an observed borrower fact or post-cutoff analytical evidence; stated conditions remain open."
P7L-00024,data/phase7/raw/COVENANT_PROPOSALS.csv,P7CP-013,excess cash flow sweep,SRC-001;SRC-003,PT-017:PT-024;P6T-0001:P6T-0238,proposed_contractual,owner_reviewed,within_cutoff,"No new evidence source. Trace source IDs through the approved Phase 1-6 ledgers. Owner review is workflow and underwriting-judgment metadata, not an observed borrower fact or post-cutoff analytical evidence; stated conditions remain open."
P7L-00025,data/phase7/raw/COVENANT_PROPOSALS.csv,P7CP-014,restricted payments,SRC-001;SRC-003,PT-017:PT-024;P6T-0001:P6T-0238,proposed_contractual,owner_reviewed,within_cutoff,"No new evidence source. Trace source IDs through the approved Phase 1-6 ledgers. Owner review is workflow and underwriting-judgment metadata, not an observed borrower fact or post-cutoff analytical evidence; stated conditions remain open."
P7L-00026,data/phase7/raw/COVENANT_PROPOSALS.csv,P7CP-015,additional debt and acquisitions,SRC-001;SRC-003,PT-017:PT-024;P6T-0001:P6T-0238,proposed_contractual,owner_reviewed,within_cutoff,"No new evidence source. Trace source IDs through the approved Phase 1-6 ledgers. Owner review is workflow and underwriting-judgment metadata, not an observed borrower fact or post-cutoff analytical evidence; stated conditions remain open."
P7L-00027,data/phase7/raw/COVENANT_PROPOSALS.csv,P7CP-016,"cures, waivers and drawability",SRC-001;SRC-003,PT-017:PT-024;P6T-0001:P6T-0238,proposed_contractual,owner_reviewed,within_cutoff,"No new evidence source. Trace source IDs through the approved Phase 1-6 ledgers. Owner review is workflow and underwriting-judgment metadata, not an observed borrower fact or post-cutoff analytical evidence; stated conditions remain open."
P7L-00028,data/phase7/raw/COVENANT_PROPOSALS.csv,P7CP-017,reporting and control remediation,SRC-001;SRC-003,PT-017:PT-024;P6T-0001:P6T-0238,proposed_contractual,owner_reviewed,within_cutoff,"No new evidence source. Trace source IDs through the approved Phase 1-6 ledgers. Owner review is workflow and underwriting-judgment metadata, not an observed borrower fact or post-cutoff analytical evidence; stated conditions remain open."
P7L-00029,data/phase7/raw/OWNER_REVIEW_DECISIONS.csv,P7OD-001,recommended structure,SRC-001;SRC-002;SRC-003,PT-002:PT-024;P6R-001:P6R-014;P6RS-001:P6RS-024,phase7_record,owner_reviewed,within_cutoff,"No new evidence source. Trace source IDs through the approved Phase 1-6 ledgers. Owner review is workflow and underwriting-judgment metadata, not an observed borrower fact or post-cutoff analytical evidence; stated conditions remain open."
P7L-00030,data/phase7/raw/OWNER_REVIEW_DECISIONS.csv,P7OD-002,term commitment and funding,SRC-001;SRC-002;SRC-003,PT-002:PT-024;P6R-001:P6R-014;P6RS-001:P6RS-024,phase7_record,owner_reviewed,within_cutoff,"No new evidence source. Trace source IDs through the approved Phase 1-6 ledgers. Owner review is workflow and underwriting-judgment metadata, not an observed borrower fact or post-cutoff analytical evidence; stated conditions remain open."
P7L-00031,data/phase7/raw/OWNER_REVIEW_DECISIONS.csv,P7OD-003,amortization,SRC-001;SRC-002;SRC-003,PT-002:PT-024;P6R-001:P6R-014;P6RS-001:P6RS-024,phase7_record,owner_reviewed,within_cutoff,"No new evidence source. Trace source IDs through the approved Phase 1-6 ledgers. Owner review is workflow and underwriting-judgment metadata, not an observed borrower fact or post-cutoff analytical evidence; stated conditions remain open."
P7L-00032,data/phase7/raw/OWNER_REVIEW_DECISIONS.csv,P7OD-004,gross or net leverage,SRC-001;SRC-002;SRC-003,PT-002:PT-024;P6R-001:P6R-014;P6RS-001:P6RS-024,phase7_record,owner_reviewed,within_cutoff,"No new evidence source. Trace source IDs through the approved Phase 1-6 ledgers. Owner review is workflow and underwriting-judgment metadata, not an observed borrower fact or post-cutoff analytical evidence; stated conditions remain open."
P7L-00033,data/phase7/raw/OWNER_REVIEW_DECISIONS.csv,P7OD-005,leverage covenant,SRC-001;SRC-002;SRC-003,PT-002:PT-024;P6R-001:P6R-014;P6RS-001:P6RS-024,phase7_record,owner_reviewed,within_cutoff,"No new evidence source. Trace source IDs through the approved Phase 1-6 ledgers. Owner review is workflow and underwriting-judgment metadata, not an observed borrower fact or post-cutoff analytical evidence; stated conditions remain open."
P7L-00034,data/phase7/raw/OWNER_REVIEW_DECISIONS.csv,P7OD-006,analyst leverage warning,SRC-001;SRC-002;SRC-003,PT-002:PT-024;P6R-001:P6R-014;P6RS-001:P6RS-024,phase7_record,owner_reviewed,within_cutoff,"No new evidence source. Trace source IDs through the approved Phase 1-6 ledgers. Owner review is workflow and underwriting-judgment metadata, not an observed borrower fact or post-cutoff analytical evidence; stated conditions remain open."
P7L-00035,data/phase7/raw/OWNER_REVIEW_DECISIONS.csv,P7OD-007,cash-interest coverage,SRC-001;SRC-002;SRC-003,PT-002:PT-024;P6R-001:P6R-014;P6RS-001:P6RS-024,phase7_record,owner_reviewed,within_cutoff,"No new evidence source. Trace source IDs through the approved Phase 1-6 ledgers. Owner review is workflow and underwriting-judgment metadata, not an observed borrower fact or post-cutoff analytical evidence; stated conditions remain open."
P7L-00036,data/phase7/raw/OWNER_REVIEW_DECISIONS.csv,P7OD-008,minimum liquidity,SRC-001;SRC-002;SRC-003,PT-002:PT-024;P6R-001:P6R-014;P6RS-001:P6RS-024,phase7_record,owner_reviewed,within_cutoff,"No new evidence source. Trace source IDs through the approved Phase 1-6 ledgers. Owner review is workflow and underwriting-judgment metadata, not an observed borrower fact or post-cutoff analytical evidence; stated conditions remain open."
P7L-00037,data/phase7/raw/OWNER_REVIEW_DECISIONS.csv,P7OD-009,operating cash floor,SRC-001;SRC-002;SRC-003,PT-002:PT-024;P6R-001:P6R-014;P6RS-001:P6RS-024,phase7_record,owner_reviewed,within_cutoff,"No new evidence source. Trace source IDs through the approved Phase 1-6 ledgers. Owner review is workflow and underwriting-judgment metadata, not an observed borrower fact or post-cutoff analytical evidence; stated conditions remain open."
P7L-00038,data/phase7/raw/OWNER_REVIEW_DECISIONS.csv,P7OD-010,ECF sweep,SRC-001;SRC-002;SRC-003,PT-002:PT-024;P6R-001:P6R-014;P6RS-001:P6RS-024,phase7_record,owner_reviewed,within_cutoff,"No new evidence source. Trace source IDs through the approved Phase 1-6 ledgers. Owner review is workflow and underwriting-judgment metadata, not an observed borrower fact or post-cutoff analytical evidence; stated conditions remain open."
P7L-00039,data/phase7/raw/OWNER_REVIEW_DECISIONS.csv,P7OD-011,share repurchases,SRC-001;SRC-002;SRC-003,PT-002:PT-024;P6R-001:P6R-014;P6RS-001:P6RS-024,phase7_record,owner_reviewed,within_cutoff,"No new evidence source. Trace source IDs through the approved Phase 1-6 ledgers. Owner review is workflow and underwriting-judgment metadata, not an observed borrower fact or post-cutoff analytical evidence; stated conditions remain open."
P7L-00040,data/phase7/raw/OWNER_REVIEW_DECISIONS.csv,P7OD-012,dividends,SRC-001;SRC-002;SRC-003,PT-002:PT-024;P6R-001:P6R-014;P6RS-001:P6RS-024,phase7_record,owner_reviewed,within_cutoff,"No new evidence source. Trace source IDs through the approved Phase 1-6 ledgers. Owner review is workflow and underwriting-judgment metadata, not an observed borrower fact or post-cutoff analytical evidence; stated conditions remain open."
P7L-00041,data/phase7/raw/OWNER_REVIEW_DECISIONS.csv,P7OD-013,warning response,SRC-001;SRC-002;SRC-003,PT-002:PT-024;P6R-001:P6R-014;P6RS-001:P6RS-024,phase7_record,owner_reviewed,within_cutoff,"No new evidence source. Trace source IDs through the approved Phase 1-6 ledgers. Owner review is workflow and underwriting-judgment metadata, not an observed borrower fact or post-cutoff analytical evidence; stated conditions remain open."
P7L-00042,data/phase7/raw/OWNER_REVIEW_DECISIONS.csv,P7OD-014,breach response,SRC-001;SRC-002;SRC-003,PT-002:PT-024;P6R-001:P6R-014;P6RS-001:P6RS-024,phase7_record,owner_reviewed,within_cutoff,"No new evidence source. Trace source IDs through the approved Phase 1-6 ledgers. Owner review is workflow and underwriting-judgment metadata, not an observed borrower fact or post-cutoff analytical evidence; stated conditions remain open."
P7L-00043,data/phase7/raw/OWNER_REVIEW_DECISIONS.csv,P7OD-015,equity cures and acquisition step-ups,SRC-001;SRC-002;SRC-003,PT-002:PT-024;P6R-001:P6R-014;P6RS-001:P6RS-024,phase7_record,owner_reviewed,within_cutoff,"No new evidence source. Trace source IDs through the approved Phase 1-6 ledgers. Owner review is workflow and underwriting-judgment metadata, not an observed borrower fact or post-cutoff analytical evidence; stated conditions remain open."
P7L-00044,data/phase7/raw/OWNER_REVIEW_DECISIONS.csv,P7OD-016,maturity refinancing,SRC-001;SRC-002;SRC-003,PT-002:PT-024;P6R-001:P6R-014;P6RS-001:P6RS-024,phase7_record,owner_reviewed,within_cutoff,"No new evidence source. Trace source IDs through the approved Phase 1-6 ledgers. Owner review is workflow and underwriting-judgment metadata, not an observed borrower fact or post-cutoff analytical evidence; stated conditions remain open."
P7L-00045,data/phase7/raw/OWNER_REVIEW_DECISIONS.csv,P7OD-017,book-cash leverage,SRC-001;SRC-002;SRC-003,PT-002:PT-024;P6R-001:P6R-014;P6RS-001:P6RS-024,phase7_record,owner_reviewed,within_cutoff,"No new evidence source. Trace source IDs through the approved Phase 1-6 ledgers. Owner review is workflow and underwriting-judgment metadata, not an observed borrower fact or post-cutoff analytical evidence; stated conditions remain open."
P7L-00046,data/phase7/raw/OWNER_REVIEW_DECISIONS.csv,P7OD-018,amend/extend option,SRC-001;SRC-002;SRC-003,PT-002:PT-024;P6R-001:P6R-014;P6RS-001:P6RS-024,phase7_record,owner_reviewed,within_cutoff,"No new evidence source. Trace source IDs through the approved Phase 1-6 ledgers. Owner review is workflow and underwriting-judgment metadata, not an observed borrower fact or post-cutoff analytical evidence; stated conditions remain open."
P7L-00047,data/phase7/raw/OWNER_REVIEW_DECISIONS.csv,P7OD-019,financing comparison horizon,SRC-001;SRC-002;SRC-003,PT-002:PT-024;P6R-001:P6R-014;P6RS-001:P6RS-024,phase7_record,owner_reviewed,within_cutoff,"No new evidence source. Trace source IDs through the approved Phase 1-6 ledgers. Owner review is workflow and underwriting-judgment metadata, not an observed borrower fact or post-cutoff analytical evidence; stated conditions remain open."
P7L-00048,data/phase7/raw/OWNER_REVIEW_DECISIONS.csv,P7OD-020,coverage status terminology,SRC-001;SRC-002;SRC-003,PT-002:PT-024;P6R-001:P6R-014;P6RS-001:P6RS-024,phase7_record,owner_reviewed,within_cutoff,"No new evidence source. Trace source IDs through the approved Phase 1-6 ledgers. Owner review is workflow and underwriting-judgment metadata, not an observed borrower fact or post-cutoff analytical evidence; stated conditions remain open."
P7L-00049,data/phase7/raw/OWNER_REVIEW_DECISIONS.csv,P7OD-021,drawability path taxonomy,SRC-001;SRC-002;SRC-003,PT-002:PT-024;P6R-001:P6R-014;P6RS-001:P6RS-024,phase7_record,owner_reviewed,within_cutoff,"No new evidence source. Trace source IDs through the approved Phase 1-6 ledgers. Owner review is workflow and underwriting-judgment metadata, not an observed borrower fact or post-cutoff analytical evidence; stated conditions remain open."
P7L-00050,data/phase7/processed/STRUCTURE_COMPARISON.csv,P7SC-001,Retain existing facilities,SRC-001;SRC-002;SRC-003,STR-001;BASE;P6R-001:P6R-014,formula_calculated_structure_scenario_comparison,owner_reviewed,within_cutoff,"No new evidence source. Trace source IDs through the approved Phase 1-6 ledgers. Owner review is workflow and underwriting-judgment metadata, not an observed borrower fact or post-cutoff analytical evidence; stated conditions remain open."
P7L-00051,data/phase7/processed/STRUCTURE_COMPARISON.csv,P7SC-002,Retain existing facilities,SRC-001;SRC-002;SRC-003,STR-001;MODERATE_UNMITIGATED;P6R-001:P6R-014,formula_calculated_structure_scenario_comparison,owner_reviewed,within_cutoff,"No new evidence source. Trace source IDs through the approved Phase 1-6 ledgers. Owner review is workflow and underwriting-judgment metadata, not an observed borrower fact or post-cutoff analytical evidence; stated conditions remain open."
P7L-00052,data/phase7/processed/STRUCTURE_COMPARISON.csv,P7SC-003,Retain existing facilities,SRC-001;SRC-002;SRC-003,STR-001;SEVERE_UNMITIGATED;P6R-001:P6R-014,formula_calculated_structure_scenario_comparison,owner_reviewed,within_cutoff,"No new evidence source. Trace source IDs through the approved Phase 1-6 ledgers. Owner review is workflow and underwriting-judgment metadata, not an observed borrower fact or post-cutoff analytical evidence; stated conditions remain open."
P7L-00053,data/phase7/processed/STRUCTURE_COMPARISON.csv,P7SC-004,Retain existing facilities,SRC-001;SRC-002;SRC-003,STR-001;MODERATE_MITIGATED;P6R-001:P6R-014,formula_calculated_structure_scenario_comparison,owner_reviewed,within_cutoff,"No new evidence source. Trace source IDs through the approved Phase 1-6 ledgers. Owner review is workflow and underwriting-judgment metadata, not an observed borrower fact or post-cutoff analytical evidence; stated conditions remain open."
P7L-00054,data/phase7/processed/STRUCTURE_COMPARISON.csv,P7SC-005,Retain existing facilities,SRC-001;SRC-002;SRC-003,STR-001;SEVERE_MITIGATED;P6R-001:P6R-014,formula_calculated_structure_scenario_comparison,owner_reviewed,within_cutoff,"No new evidence source. Trace source IDs through the approved Phase 1-6 ledgers. Owner review is workflow and underwriting-judgment metadata, not an observed borrower fact or post-cutoff analytical evidence; stated conditions remain open."
P7L-00055,data/phase7/processed/STRUCTURE_COMPARISON.csv,P7SC-006,Retain existing facilities,SRC-001;SRC-002;SRC-003,STR-001;MODERATE_NO_WAIVER;P6R-001:P6R-014,formula_calculated_structure_scenario_comparison,owner_reviewed,within_cutoff,"No new evidence source. Trace source IDs through the approved Phase 1-6 ledgers. Owner review is workflow and underwriting-judgment metadata, not an observed borrower fact or post-cutoff analytical evidence; stated conditions remain open."
P7L-00056,data/phase7/processed/STRUCTURE_COMPARISON.csv,P7SC-007,Retain existing facilities,SRC-001;SRC-002;SRC-003,STR-001;SEVERE_NO_WAIVER;P6R-001:P6R-014,formula_calculated_structure_scenario_comparison,owner_reviewed,within_cutoff,"No new evidence source. Trace source IDs through the approved Phase 1-6 ledgers. Owner review is workflow and underwriting-judgment metadata, not an observed borrower fact or post-cutoff analytical evidence; stated conditions remain open."
P7L-00057,data/phase7/processed/STRUCTURE_COMPARISON.csv,P7SC-008,Limited amendment or extension,SRC-001;SRC-003,PT-002:PT-024,qualitative_not_determinable,owner_reviewed,within_cutoff,"No new evidence source. Trace source IDs through the approved Phase 1-6 ledgers. Owner review is workflow and underwriting-judgment metadata, not an observed borrower fact or post-cutoff analytical evidence; stated conditions remain open."
P7L-00058,data/phase7/processed/STRUCTURE_COMPARISON.csv,P7SC-009,$650m reference term / 10% amortization,SRC-001;SRC-002;SRC-003,STR-003;BASE;P6R-001:P6R-014,formula_calculated_structure_scenario_comparison,owner_reviewed,within_cutoff,"No new evidence source. Trace source IDs through the approved Phase 1-6 ledgers. Owner review is workflow and underwriting-judgment metadata, not an observed borrower fact or post-cutoff analytical evidence; stated conditions remain open."
P7L-00059,data/phase7/processed/STRUCTURE_COMPARISON.csv,P7SC-010,$650m reference term / 10% amortization,SRC-001;SRC-002;SRC-003,STR-003;MODERATE_UNMITIGATED;P6R-001:P6R-014,formula_calculated_structure_scenario_comparison,owner_reviewed,within_cutoff,"No new evidence source. Trace source IDs through the approved Phase 1-6 ledgers. Owner review is workflow and underwriting-judgment metadata, not an observed borrower fact or post-cutoff analytical evidence; stated conditions remain open."
P7L-00060,data/phase7/processed/STRUCTURE_COMPARISON.csv,P7SC-011,$650m reference term / 10% amortization,SRC-001;SRC-002;SRC-003,STR-003;SEVERE_UNMITIGATED;P6R-001:P6R-014,formula_calculated_structure_scenario_comparison,owner_reviewed,within_cutoff,"No new evidence source. Trace source IDs through the approved Phase 1-6 ledgers. Owner review is workflow and underwriting-judgment metadata, not an observed borrower fact or post-cutoff analytical evidence; stated conditions remain open."
P7L-00061,data/phase7/processed/STRUCTURE_COMPARISON.csv,P7SC-012,$650m reference term / 10% amortization,SRC-001;SRC-002;SRC-003,STR-003;MODERATE_MITIGATED;P6R-001:P6R-014,formula_calculated_structure_scenario_comparison,owner_reviewed,within_cutoff,"No new evidence source. Trace source IDs through the approved Phase 1-6 ledgers. Owner review is workflow and underwriting-judgment metadata, not an observed borrower fact or post-cutoff analytical evidence; stated conditions remain open."
P7L-00062,data/phase7/processed/STRUCTURE_COMPARISON.csv,P7SC-013,$650m reference term / 10% amortization,SRC-001;SRC-002;SRC-003,STR-003;SEVERE_MITIGATED;P6R-001:P6R-014,formula_calculated_structure_scenario_comparison,owner_reviewed,within_cutoff,"No new evidence source. Trace source IDs through the approved Phase 1-6 ledgers. Owner review is workflow and underwriting-judgment metadata, not an observed borrower fact or post-cutoff analytical evidence; stated conditions remain open."
P7L-00063,data/phase7/processed/STRUCTURE_COMPARISON.csv,P7SC-014,$650m reference term / 10% amortization,SRC-001;SRC-002;SRC-003,STR-003;MODERATE_NO_WAIVER;P6R-001:P6R-014,formula_calculated_structure_scenario_comparison,owner_reviewed,within_cutoff,"No new evidence source. Trace source IDs through the approved Phase 1-6 ledgers. Owner review is workflow and underwriting-judgment metadata, not an observed borrower fact or post-cutoff analytical evidence; stated conditions remain open."
P7L-00064,data/phase7/processed/STRUCTURE_COMPARISON.csv,P7SC-015,$650m reference term / 10% amortization,SRC-001;SRC-002;SRC-003,STR-003;SEVERE_NO_WAIVER;P6R-001:P6R-014,formula_calculated_structure_scenario_comparison,owner_reviewed,within_cutoff,"No new evidence source. Trace source IDs through the approved Phase 1-6 ledgers. Owner review is workflow and underwriting-judgment metadata, not an observed borrower fact or post-cutoff analytical evidence; stated conditions remain open."
P7L-00065,data/phase7/processed/STRUCTURE_COMPARISON.csv,P7SC-016,$650m term / 5% amortization,SRC-001;SRC-002;SRC-003,STR-004;BASE;P6R-001:P6R-014,formula_calculated_structure_scenario_comparison,owner_reviewed,within_cutoff,"No new evidence source. Trace source IDs through the approved Phase 1-6 ledgers. Owner review is workflow and underwriting-judgment metadata, not an observed borrower fact or post-cutoff analytical evidence; stated conditions remain open."
P7L-00066,data/phase7/processed/STRUCTURE_COMPARISON.csv,P7SC-017,$650m term / 5% amortization,SRC-001;SRC-002;SRC-003,STR-004;MODERATE_UNMITIGATED;P6R-001:P6R-014,formula_calculated_structure_scenario_comparison,owner_reviewed,within_cutoff,"No new evidence source. Trace source IDs through the approved Phase 1-6 ledgers. Owner review is workflow and underwriting-judgment metadata, not an observed borrower fact or post-cutoff analytical evidence; stated conditions remain open."
P7L-00067,data/phase7/processed/STRUCTURE_COMPARISON.csv,P7SC-018,$650m term / 5% amortization,SRC-001;SRC-002;SRC-003,STR-004;SEVERE_UNMITIGATED;P6R-001:P6R-014,formula_calculated_structure_scenario_comparison,owner_reviewed,within_cutoff,"No new evidence source. Trace source IDs through the approved Phase 1-6 ledgers. Owner review is workflow and underwriting-judgment metadata, not an observed borrower fact or post-cutoff analytical evidence; stated conditions remain open."
P7L-00068,data/phase7/processed/STRUCTURE_COMPARISON.csv,P7SC-019,$650m term / 5% amortization,SRC-001;SRC-002;SRC-003,STR-004;MODERATE_MITIGATED;P6R-001:P6R-014,formula_calculated_structure_scenario_comparison,owner_reviewed,within_cutoff,"No new evidence source. Trace source IDs through the approved Phase 1-6 ledgers. Owner review is workflow and underwriting-judgment metadata, not an observed borrower fact or post-cutoff analytical evidence; stated conditions remain open."
P7L-00069,data/phase7/processed/STRUCTURE_COMPARISON.csv,P7SC-020,$650m term / 5% amortization,SRC-001;SRC-002;SRC-003,STR-004;SEVERE_MITIGATED;P6R-001:P6R-014,formula_calculated_structure_scenario_comparison,owner_reviewed,within_cutoff,"No new evidence source. Trace source IDs through the approved Phase 1-6 ledgers. Owner review is workflow and underwriting-judgment metadata, not an observed borrower fact or post-cutoff analytical evidence; stated conditions remain open."
P7L-00070,data/phase7/processed/STRUCTURE_COMPARISON.csv,P7SC-021,$650m term / 5% amortization,SRC-001;SRC-002;SRC-003,STR-004;MODERATE_NO_WAIVER;P6R-001:P6R-014,formula_calculated_structure_scenario_comparison,owner_reviewed,within_cutoff,"No new evidence source. Trace source IDs through the approved Phase 1-6 ledgers. Owner review is workflow and underwriting-judgment metadata, not an observed borrower fact or post-cutoff analytical evidence; stated conditions remain open."
P7L-00071,data/phase7/processed/STRUCTURE_COMPARISON.csv,P7SC-022,$650m term / 5% amortization,SRC-001;SRC-002;SRC-003,STR-004;SEVERE_NO_WAIVER;P6R-001:P6R-014,formula_calculated_structure_scenario_comparison,owner_reviewed,within_cutoff,"No new evidence source. Trace source IDs through the approved Phase 1-6 ledgers. Owner review is workflow and underwriting-judgment metadata, not an observed borrower fact or post-cutoff analytical evidence; stated conditions remain open."
P7L-00072,data/phase7/processed/STRUCTURE_COMPARISON.csv,P7SC-023,$650m term / 7.5% amortization,SRC-001;SRC-002;SRC-003,STR-005;BASE;P6R-001:P6R-014,formula_calculated_structure_scenario_comparison,owner_reviewed,within_cutoff,"No new evidence source. Trace source IDs through the approved Phase 1-6 ledgers. Owner review is workflow and underwriting-judgment metadata, not an observed borrower fact or post-cutoff analytical evidence; stated conditions remain open."
P7L-00073,data/phase7/processed/STRUCTURE_COMPARISON.csv,P7SC-024,$650m term / 7.5% amortization,SRC-001;SRC-002;SRC-003,STR-005;MODERATE_UNMITIGATED;P6R-001:P6R-014,formula_calculated_structure_scenario_comparison,owner_reviewed,within_cutoff,"No new evidence source. Trace source IDs through the approved Phase 1-6 ledgers. Owner review is workflow and underwriting-judgment metadata, not an observed borrower fact or post-cutoff analytical evidence; stated conditions remain open."
P7L-00074,data/phase7/processed/STRUCTURE_COMPARISON.csv,P7SC-025,$650m term / 7.5% amortization,SRC-001;SRC-002;SRC-003,STR-005;SEVERE_UNMITIGATED;P6R-001:P6R-014,formula_calculated_structure_scenario_comparison,owner_reviewed,within_cutoff,"No new evidence source. Trace source IDs through the approved Phase 1-6 ledgers. Owner review is workflow and underwriting-judgment metadata, not an observed borrower fact or post-cutoff analytical evidence; stated conditions remain open."
P7L-00075,data/phase7/processed/STRUCTURE_COMPARISON.csv,P7SC-026,$650m term / 7.5% amortization,SRC-001;SRC-002;SRC-003,STR-005;MODERATE_MITIGATED;P6R-001:P6R-014,formula_calculated_structure_scenario_comparison,owner_reviewed,within_cutoff,"No new evidence source. Trace source IDs through the approved Phase 1-6 ledgers. Owner review is workflow and underwriting-judgment metadata, not an observed borrower fact or post-cutoff analytical evidence; stated conditions remain open."
P7L-00076,data/phase7/processed/STRUCTURE_COMPARISON.csv,P7SC-027,$650m term / 7.5% amortization,SRC-001;SRC-002;SRC-003,STR-005;SEVERE_MITIGATED;P6R-001:P6R-014,formula_calculated_structure_scenario_comparison,owner_reviewed,within_cutoff,"No new evidence source. Trace source IDs through the approved Phase 1-6 ledgers. Owner review is workflow and underwriting-judgment metadata, not an observed borrower fact or post-cutoff analytical evidence; stated conditions remain open."
P7L-00077,data/phase7/processed/STRUCTURE_COMPARISON.csv,P7SC-028,$650m term / 7.5% amortization,SRC-001;SRC-002;SRC-003,STR-005;MODERATE_NO_WAIVER;P6R-001:P6R-014,formula_calculated_structure_scenario_comparison,owner_reviewed,within_cutoff,"No new evidence source. Trace source IDs through the approved Phase 1-6 ledgers. Owner review is workflow and underwriting-judgment metadata, not an observed borrower fact or post-cutoff analytical evidence; stated conditions remain open."
P7L-00078,data/phase7/processed/STRUCTURE_COMPARISON.csv,P7SC-029,$650m term / 7.5% amortization,SRC-001;SRC-002;SRC-003,STR-005;SEVERE_NO_WAIVER;P6R-001:P6R-014,formula_calculated_structure_scenario_comparison,owner_reviewed,within_cutoff,"No new evidence source. Trace source IDs through the approved Phase 1-6 ledgers. Owner review is workflow and underwriting-judgment metadata, not an observed borrower fact or post-cutoff analytical evidence; stated conditions remain open."
P7L-00079,data/phase7/processed/STRUCTURE_COMPARISON.csv,P7SC-030,$650m term / 15% amortization,SRC-001;SRC-002;SRC-003,STR-006;BASE;P6R-001:P6R-014,formula_calculated_structure_scenario_comparison,owner_reviewed,within_cutoff,"No new evidence source. Trace source IDs through the approved Phase 1-6 ledgers. Owner review is workflow and underwriting-judgment metadata, not an observed borrower fact or post-cutoff analytical evidence; stated conditions remain open."
P7L-00080,data/phase7/processed/STRUCTURE_COMPARISON.csv,P7SC-031,$650m term / 15% amortization,SRC-001;SRC-002;SRC-003,STR-006;MODERATE_UNMITIGATED;P6R-001:P6R-014,formula_calculated_structure_scenario_comparison,owner_reviewed,within_cutoff,"No new evidence source. Trace source IDs through the approved Phase 1-6 ledgers. Owner review is workflow and underwriting-judgment metadata, not an observed borrower fact or post-cutoff analytical evidence; stated conditions remain open."
P7L-00081,data/phase7/processed/STRUCTURE_COMPARISON.csv,P7SC-032,$650m term / 15% amortization,SRC-001;SRC-002;SRC-003,STR-006;SEVERE_UNMITIGATED;P6R-001:P6R-014,formula_calculated_structure_scenario_comparison,owner_reviewed,within_cutoff,"No new evidence source. Trace source IDs through the approved Phase 1-6 ledgers. Owner review is workflow and underwriting-judgment metadata, not an observed borrower fact or post-cutoff analytical evidence; stated conditions remain open."
P7L-00082,data/phase7/processed/STRUCTURE_COMPARISON.csv,P7SC-033,$650m term / 15% amortization,SRC-001;SRC-002;SRC-003,STR-006;MODERATE_MITIGATED;P6R-001:P6R-014,formula_calculated_structure_scenario_comparison,owner_reviewed,within_cutoff,"No new evidence source. Trace source IDs through the approved Phase 1-6 ledgers. Owner review is workflow and underwriting-judgment metadata, not an observed borrower fact or post-cutoff analytical evidence; stated conditions remain open."
P7L-00083,data/phase7/processed/STRUCTURE_COMPARISON.csv,P7SC-034,$650m term / 15% amortization,SRC-001;SRC-002;SRC-003,STR-006;SEVERE_MITIGATED;P6R-001:P6R-014,formula_calculated_structure_scenario_comparison,owner_reviewed,within_cutoff,"No new evidence source. Trace source IDs through the approved Phase 1-6 ledgers. Owner review is workflow and underwriting-judgment metadata, not an observed borrower fact or post-cutoff analytical evidence; stated conditions remain open."
P7L-00084,data/phase7/processed/STRUCTURE_COMPARISON.csv,P7SC-035,$650m term / 15% amortization,SRC-001;SRC-002;SRC-003,STR-006;MODERATE_NO_WAIVER;P6R-001:P6R-014,formula_calculated_structure_scenario_comparison,owner_reviewed,within_cutoff,"No new evidence source. Trace source IDs through the approved Phase 1-6 ledgers. Owner review is workflow and underwriting-judgment metadata, not an observed borrower fact or post-cutoff analytical evidence; stated conditions remain open."
P7L-00085,data/phase7/processed/STRUCTURE_COMPARISON.csv,P7SC-036,$650m term / 15% amortization,SRC-001;SRC-002;SRC-003,STR-006;SEVERE_NO_WAIVER;P6R-001:P6R-014,formula_calculated_structure_scenario_comparison,owner_reviewed,within_cutoff,"No new evidence source. Trace source IDs through the approved Phase 1-6 ledgers. Owner review is workflow and underwriting-judgment metadata, not an observed borrower fact or post-cutoff analytical evidence; stated conditions remain open."
P7L-00086,data/phase7/processed/STRUCTURE_COMPARISON.csv,P7SC-037,$625m term / conditional $25m contribution / 7.5% amortization,SRC-001;SRC-002;SRC-003,STR-007;BASE;P6R-001:P6R-014,formula_calculated_structure_scenario_comparison,owner_reviewed,within_cutoff,"No new evidence source. Trace source IDs through the approved Phase 1-6 ledgers. Owner review is workflow and underwriting-judgment metadata, not an observed borrower fact or post-cutoff analytical evidence; stated conditions remain open."
P7L-00087,data/phase7/processed/STRUCTURE_COMPARISON.csv,P7SC-038,$625m term / conditional $25m contribution / 7.5% amortization,SRC-001;SRC-002;SRC-003,STR-007;MODERATE_UNMITIGATED;P6R-001:P6R-014,formula_calculated_structure_scenario_comparison,owner_reviewed,within_cutoff,"No new evidence source. Trace source IDs through the approved Phase 1-6 ledgers. Owner review is workflow and underwriting-judgment metadata, not an observed borrower fact or post-cutoff analytical evidence; stated conditions remain open."
P7L-00088,data/phase7/processed/STRUCTURE_COMPARISON.csv,P7SC-039,$625m term / conditional $25m contribution / 7.5% amortization,SRC-001;SRC-002;SRC-003,STR-007;SEVERE_UNMITIGATED;P6R-001:P6R-014,formula_calculated_structure_scenario_comparison,owner_reviewed,within_cutoff,"No new evidence source. Trace source IDs through the approved Phase 1-6 ledgers. Owner review is workflow and underwriting-judgment metadata, not an observed borrower fact or post-cutoff analytical evidence; stated conditions remain open."
P7L-00089,data/phase7/processed/STRUCTURE_COMPARISON.csv,P7SC-040,$625m term / conditional $25m contribution / 7.5% amortization,SRC-001;SRC-002;SRC-003,STR-007;MODERATE_MITIGATED;P6R-001:P6R-014,formula_calculated_structure_scenario_comparison,owner_reviewed,within_cutoff,"No new evidence source. Trace source IDs through the approved Phase 1-6 ledgers. Owner review is workflow and underwriting-judgment metadata, not an observed borrower fact or post-cutoff analytical evidence; stated conditions remain open."
P7L-00090,data/phase7/processed/STRUCTURE_COMPARISON.csv,P7SC-041,$625m term / conditional $25m contribution / 7.5% amortization,SRC-001;SRC-002;SRC-003,STR-007;SEVERE_MITIGATED;P6R-001:P6R-014,formula_calculated_structure_scenario_comparison,owner_reviewed,within_cutoff,"No new evidence source. Trace source IDs through the approved Phase 1-6 ledgers. Owner review is workflow and underwriting-judgment metadata, not an observed borrower fact or post-cutoff analytical evidence; stated conditions remain open."
P7L-00091,data/phase7/processed/STRUCTURE_COMPARISON.csv,P7SC-042,$625m term / conditional $25m contribution / 7.5% amortization,SRC-001;SRC-002;SRC-003,STR-007;MODERATE_NO_WAIVER;P6R-001:P6R-014,formula_calculated_structure_scenario_comparison,owner_reviewed,within_cutoff,"No new evidence source. Trace source IDs through the approved Phase 1-6 ledgers. Owner review is workflow and underwriting-judgment metadata, not an observed borrower fact or post-cutoff analytical evidence; stated conditions remain open."
P7L-00092,data/phase7/processed/STRUCTURE_COMPARISON.csv,P7SC-043,$625m term / conditional $25m contribution / 7.5% amortization,SRC-001;SRC-002;SRC-003,STR-007;SEVERE_NO_WAIVER;P6R-001:P6R-014,formula_calculated_structure_scenario_comparison,owner_reviewed,within_cutoff,"No new evidence source. Trace source IDs through the approved Phase 1-6 ledgers. Owner review is workflow and underwriting-judgment metadata, not an observed borrower fact or post-cutoff analytical evidence; stated conditions remain open."
P7L-00093,data/phase7/processed/STRUCTURE_COMPARISON.csv,P7SC-044,$635m practical term / $15m conditional contribution / 7.5% amortization,SRC-001;SRC-002;SRC-003,STR-008;BASE;P6R-001:P6R-014,formula_calculated_structure_scenario_comparison,owner_reviewed,within_cutoff,"No new evidence source. Trace source IDs through the approved Phase 1-6 ledgers. Owner review is workflow and underwriting-judgment metadata, not an observed borrower fact or post-cutoff analytical evidence; stated conditions remain open."
P7L-00094,data/phase7/processed/STRUCTURE_COMPARISON.csv,P7SC-045,$635m practical term / $15m conditional contribution / 7.5% amortization,SRC-001;SRC-002;SRC-003,STR-008;MODERATE_UNMITIGATED;P6R-001:P6R-014,formula_calculated_structure_scenario_comparison,owner_reviewed,within_cutoff,"No new evidence source. Trace source IDs through the approved Phase 1-6 ledgers. Owner review is workflow and underwriting-judgment metadata, not an observed borrower fact or post-cutoff analytical evidence; stated conditions remain open."
P7L-00095,data/phase7/processed/STRUCTURE_COMPARISON.csv,P7SC-046,$635m practical term / $15m conditional contribution / 7.5% amortization,SRC-001;SRC-002;SRC-003,STR-008;SEVERE_UNMITIGATED;P6R-001:P6R-014,formula_calculated_structure_scenario_comparison,owner_reviewed,within_cutoff,"No new evidence source. Trace source IDs through the approved Phase 1-6 ledgers. Owner review is workflow and underwriting-judgment metadata, not an observed borrower fact or post-cutoff analytical evidence; stated conditions remain open."
P7L-00096,data/phase7/processed/STRUCTURE_COMPARISON.csv,P7SC-047,$635m practical term / $15m conditional contribution / 7.5% amortization,SRC-001;SRC-002;SRC-003,STR-008;MODERATE_MITIGATED;P6R-001:P6R-014,formula_calculated_structure_scenario_comparison,owner_reviewed,within_cutoff,"No new evidence source. Trace source IDs through the approved Phase 1-6 ledgers. Owner review is workflow and underwriting-judgment metadata, not an observed borrower fact or post-cutoff analytical evidence; stated conditions remain open."
P7L-00097,data/phase7/processed/STRUCTURE_COMPARISON.csv,P7SC-048,$635m practical term / $15m conditional contribution / 7.5% amortization,SRC-001;SRC-002;SRC-003,STR-008;SEVERE_MITIGATED;P6R-001:P6R-014,formula_calculated_structure_scenario_comparison,owner_reviewed,within_cutoff,"No new evidence source. Trace source IDs through the approved Phase 1-6 ledgers. Owner review is workflow and underwriting-judgment metadata, not an observed borrower fact or post-cutoff analytical evidence; stated conditions remain open."
P7L-00098,data/phase7/processed/STRUCTURE_COMPARISON.csv,P7SC-049,$635m practical term / $15m conditional contribution / 7.5% amortization,SRC-001;SRC-002;SRC-003,STR-008;MODERATE_NO_WAIVER;P6R-001:P6R-014,formula_calculated_structure_scenario_comparison,owner_reviewed,within_cutoff,"No new evidence source. Trace source IDs through the approved Phase 1-6 ledgers. Owner review is workflow and underwriting-judgment metadata, not an observed borrower fact or post-cutoff analytical evidence; stated conditions remain open."
P7L-00099,data/phase7/processed/STRUCTURE_COMPARISON.csv,P7SC-050,$635m practical term / $15m conditional contribution / 7.5% amortization,SRC-001;SRC-002;SRC-003,STR-008;SEVERE_NO_WAIVER;P6R-001:P6R-014,formula_calculated_structure_scenario_comparison,owner_reviewed,within_cutoff,"No new evidence source. Trace source IDs through the approved Phase 1-6 ledgers. Owner review is workflow and underwriting-judgment metadata, not an observed borrower fact or post-cutoff analytical evidence; stated conditions remain open."
P7L-00100,data/phase7/processed/STRUCTURE_COMPARISON.csv,P7SC-051,$635m practical term / $15m conditional contribution / 7.5% amortization,SRC-001;SRC-002;SRC-003,STR-008;MODERATE_PHASE7_COVENANT_NO_WAIVER;P6R-001:P6R-014,formula_calculated_structure_scenario_comparison,owner_reviewed,within_cutoff,"No new evidence source. Trace source IDs through the approved Phase 1-6 ledgers. Owner review is workflow and underwriting-judgment metadata, not an observed borrower fact or post-cutoff analytical evidence; stated conditions remain open."
P7L-00101,data/phase7/processed/STRUCTURE_COMPARISON.csv,P7SC-052,$635m practical term / $15m conditional contribution / 7.5% amortization,SRC-001;SRC-002;SRC-003,STR-008;SEVERE_PHASE7_COVENANT_NO_WAIVER;P6R-001:P6R-014,formula_calculated_structure_scenario_comparison,owner_reviewed,within_cutoff,"No new evidence source. Trace source IDs through the approved Phase 1-6 ledgers. Owner review is workflow and underwriting-judgment metadata, not an observed borrower fact or post-cutoff analytical evidence; stated conditions remain open."
P7L-00102,data/phase7/processed/STRUCTURE_COMPARISON.csv,P7SC-053,Exact 3.25x analytical total-funded-debt boundary / 7.5% amortization,SRC-001;SRC-002;SRC-003,STR-009;BASE;P6R-001:P6R-014,formula_calculated_structure_scenario_comparison,owner_reviewed,within_cutoff,"No new evidence source. Trace source IDs through the approved Phase 1-6 ledgers. Owner review is workflow and underwriting-judgment metadata, not an observed borrower fact or post-cutoff analytical evidence; stated conditions remain open."
P7L-00103,data/phase7/processed/STRUCTURE_COMPARISON.csv,P7SC-054,Exact 3.25x analytical total-funded-debt boundary / 7.5% amortization,SRC-001;SRC-002;SRC-003,STR-009;MODERATE_UNMITIGATED;P6R-001:P6R-014,formula_calculated_structure_scenario_comparison,owner_reviewed,within_cutoff,"No new evidence source. Trace source IDs through the approved Phase 1-6 ledgers. Owner review is workflow and underwriting-judgment metadata, not an observed borrower fact or post-cutoff analytical evidence; stated conditions remain open."
P7L-00104,data/phase7/processed/STRUCTURE_COMPARISON.csv,P7SC-055,Exact 3.25x analytical total-funded-debt boundary / 7.5% amortization,SRC-001;SRC-002;SRC-003,STR-009;SEVERE_UNMITIGATED;P6R-001:P6R-014,formula_calculated_structure_scenario_comparison,owner_reviewed,within_cutoff,"No new evidence source. Trace source IDs through the approved Phase 1-6 ledgers. Owner review is workflow and underwriting-judgment metadata, not an observed borrower fact or post-cutoff analytical evidence; stated conditions remain open."
P7L-00105,data/phase7/processed/STRUCTURE_COMPARISON.csv,P7SC-056,Exact 3.25x analytical total-funded-debt boundary / 7.5% amortization,SRC-001;SRC-002;SRC-003,STR-009;MODERATE_MITIGATED;P6R-001:P6R-014,formula_calculated_structure_scenario_comparison,owner_reviewed,within_cutoff,"No new evidence source. Trace source IDs through the approved Phase 1-6 ledgers. Owner review is workflow and underwriting-judgment metadata, not an observed borrower fact or post-cutoff analytical evidence; stated conditions remain open."
P7L-00106,data/phase7/processed/STRUCTURE_COMPARISON.csv,P7SC-057,Exact 3.25x analytical total-funded-debt boundary / 7.5% amortization,SRC-001;SRC-002;SRC-003,STR-009;SEVERE_MITIGATED;P6R-001:P6R-014,formula_calculated_structure_scenario_comparison,owner_reviewed,within_cutoff,"No new evidence source. Trace source IDs through the approved Phase 1-6 ledgers. Owner review is workflow and underwriting-judgment metadata, not an observed borrower fact or post-cutoff analytical evidence; stated conditions remain open."
P7L-00107,data/phase7/processed/STRUCTURE_COMPARISON.csv,P7SC-058,Exact 3.25x analytical total-funded-debt boundary / 7.5% amortization,SRC-001;SRC-002;SRC-003,STR-009;MODERATE_NO_WAIVER;P6R-001:P6R-014,formula_calculated_structure_scenario_comparison,owner_reviewed,within_cutoff,"No new evidence source. Trace source IDs through the approved Phase 1-6 ledgers. Owner review is workflow and underwriting-judgment metadata, not an observed borrower fact or post-cutoff analytical evidence; stated conditions remain open."
P7L-00108,data/phase7/processed/STRUCTURE_COMPARISON.csv,P7SC-059,Exact 3.25x analytical total-funded-debt boundary / 7.5% amortization,SRC-001;SRC-002;SRC-003,STR-009;SEVERE_NO_WAIVER;P6R-001:P6R-014,formula_calculated_structure_scenario_comparison,owner_reviewed,within_cutoff,"No new evidence source. Trace source IDs through the approved Phase 1-6 ledgers. Owner review is workflow and underwriting-judgment metadata, not an observed borrower fact or post-cutoff analytical evidence; stated conditions remain open."
P7L-00109,data/phase7/processed/STRUCTURE_COMPARISON.csv,P7SC-060,$640m rounded term / $10m contribution / reference revolver,SRC-001;SRC-002;SRC-003,STR-010;BASE;P6R-001:P6R-014,formula_calculated_structure_scenario_comparison,owner_reviewed,within_cutoff,"No new evidence source. Trace source IDs through the approved Phase 1-6 ledgers. Owner review is workflow and underwriting-judgment metadata, not an observed borrower fact or post-cutoff analytical evidence; stated conditions remain open."
P7L-00110,data/phase7/processed/STRUCTURE_COMPARISON.csv,P7SC-061,$640m rounded term / $10m contribution / reference revolver,SRC-001;SRC-002;SRC-003,STR-010;MODERATE_UNMITIGATED;P6R-001:P6R-014,formula_calculated_structure_scenario_comparison,owner_reviewed,within_cutoff,"No new evidence source. Trace source IDs through the approved Phase 1-6 ledgers. Owner review is workflow and underwriting-judgment metadata, not an observed borrower fact or post-cutoff analytical evidence; stated conditions remain open."
P7L-00111,data/phase7/processed/STRUCTURE_COMPARISON.csv,P7SC-062,$640m rounded term / $10m contribution / reference revolver,SRC-001;SRC-002;SRC-003,STR-010;SEVERE_UNMITIGATED;P6R-001:P6R-014,formula_calculated_structure_scenario_comparison,owner_reviewed,within_cutoff,"No new evidence source. Trace source IDs through the approved Phase 1-6 ledgers. Owner review is workflow and underwriting-judgment metadata, not an observed borrower fact or post-cutoff analytical evidence; stated conditions remain open."
P7L-00112,data/phase7/processed/STRUCTURE_COMPARISON.csv,P7SC-063,$640m rounded term / $10m contribution / reference revolver,SRC-001;SRC-002;SRC-003,STR-010;MODERATE_MITIGATED;P6R-001:P6R-014,formula_calculated_structure_scenario_comparison,owner_reviewed,within_cutoff,"No new evidence source. Trace source IDs through the approved Phase 1-6 ledgers. Owner review is workflow and underwriting-judgment metadata, not an observed borrower fact or post-cutoff analytical evidence; stated conditions remain open."
P7L-00113,data/phase7/processed/STRUCTURE_COMPARISON.csv,P7SC-064,$640m rounded term / $10m contribution / reference revolver,SRC-001;SRC-002;SRC-003,STR-010;SEVERE_MITIGATED;P6R-001:P6R-014,formula_calculated_structure_scenario_comparison,owner_reviewed,within_cutoff,"No new evidence source. Trace source IDs through the approved Phase 1-6 ledgers. Owner review is workflow and underwriting-judgment metadata, not an observed borrower fact or post-cutoff analytical evidence; stated conditions remain open."
P7L-00114,data/phase7/processed/STRUCTURE_COMPARISON.csv,P7SC-065,$640m rounded term / $10m contribution / reference revolver,SRC-001;SRC-002;SRC-003,STR-010;MODERATE_NO_WAIVER;P6R-001:P6R-014,formula_calculated_structure_scenario_comparison,owner_reviewed,within_cutoff,"No new evidence source. Trace source IDs through the approved Phase 1-6 ledgers. Owner review is workflow and underwriting-judgment metadata, not an observed borrower fact or post-cutoff analytical evidence; stated conditions remain open."
P7L-00115,data/phase7/processed/STRUCTURE_COMPARISON.csv,P7SC-066,$640m rounded term / $10m contribution / reference revolver,SRC-001;SRC-002;SRC-003,STR-010;SEVERE_NO_WAIVER;P6R-001:P6R-014,formula_calculated_structure_scenario_comparison,owner_reviewed,within_cutoff,"No new evidence source. Trace source IDs through the approved Phase 1-6 ledgers. Owner review is workflow and underwriting-judgment metadata, not an observed borrower fact or post-cutoff analytical evidence; stated conditions remain open."
P7L-00116,data/phase7/processed/STRUCTURE_COMPARISON.csv,P7SC-067,$640m rounded term / exact non-debt source / reallocated revolver,SRC-001;SRC-002;SRC-003,STR-011;BASE;P6R-001:P6R-014,formula_calculated_structure_scenario_comparison,owner_reviewed,within_cutoff,"No new evidence source. Trace source IDs through the approved Phase 1-6 ledgers. Owner review is workflow and underwriting-judgment metadata, not an observed borrower fact or post-cutoff analytical evidence; stated conditions remain open."
P7L-00117,data/phase7/processed/STRUCTURE_COMPARISON.csv,P7SC-068,$640m rounded term / exact non-debt source / reallocated revolver,SRC-001;SRC-002;SRC-003,STR-011;MODERATE_UNMITIGATED;P6R-001:P6R-014,formula_calculated_structure_scenario_comparison,owner_reviewed,within_cutoff,"No new evidence source. Trace source IDs through the approved Phase 1-6 ledgers. Owner review is workflow and underwriting-judgment metadata, not an observed borrower fact or post-cutoff analytical evidence; stated conditions remain open."
P7L-00118,data/phase7/processed/STRUCTURE_COMPARISON.csv,P7SC-069,$640m rounded term / exact non-debt source / reallocated revolver,SRC-001;SRC-002;SRC-003,STR-011;SEVERE_UNMITIGATED;P6R-001:P6R-014,formula_calculated_structure_scenario_comparison,owner_reviewed,within_cutoff,"No new evidence source. Trace source IDs through the approved Phase 1-6 ledgers. Owner review is workflow and underwriting-judgment metadata, not an observed borrower fact or post-cutoff analytical evidence; stated conditions remain open."
P7L-00119,data/phase7/processed/STRUCTURE_COMPARISON.csv,P7SC-070,$640m rounded term / exact non-debt source / reallocated revolver,SRC-001;SRC-002;SRC-003,STR-011;MODERATE_MITIGATED;P6R-001:P6R-014,formula_calculated_structure_scenario_comparison,owner_reviewed,within_cutoff,"No new evidence source. Trace source IDs through the approved Phase 1-6 ledgers. Owner review is workflow and underwriting-judgment metadata, not an observed borrower fact or post-cutoff analytical evidence; stated conditions remain open."
P7L-00120,data/phase7/processed/STRUCTURE_COMPARISON.csv,P7SC-071,$640m rounded term / exact non-debt source / reallocated revolver,SRC-001;SRC-002;SRC-003,STR-011;SEVERE_MITIGATED;P6R-001:P6R-014,formula_calculated_structure_scenario_comparison,owner_reviewed,within_cutoff,"No new evidence source. Trace source IDs through the approved Phase 1-6 ledgers. Owner review is workflow and underwriting-judgment metadata, not an observed borrower fact or post-cutoff analytical evidence; stated conditions remain open."
P7L-00121,data/phase7/processed/STRUCTURE_COMPARISON.csv,P7SC-072,$640m rounded term / exact non-debt source / reallocated revolver,SRC-001;SRC-002;SRC-003,STR-011;MODERATE_NO_WAIVER;P6R-001:P6R-014,formula_calculated_structure_scenario_comparison,owner_reviewed,within_cutoff,"No new evidence source. Trace source IDs through the approved Phase 1-6 ledgers. Owner review is workflow and underwriting-judgment metadata, not an observed borrower fact or post-cutoff analytical evidence; stated conditions remain open."
P7L-00122,data/phase7/processed/STRUCTURE_COMPARISON.csv,P7SC-073,$640m rounded term / exact non-debt source / reallocated revolver,SRC-001;SRC-002;SRC-003,STR-011;SEVERE_NO_WAIVER;P6R-001:P6R-014,formula_calculated_structure_scenario_comparison,owner_reviewed,within_cutoff,"No new evidence source. Trace source IDs through the approved Phase 1-6 ledgers. Owner review is workflow and underwriting-judgment metadata, not an observed borrower fact or post-cutoff analytical evidence; stated conditions remain open."
P7L-00123,data/phase7/processed/FINAL_FINANCING_ASSUMPTIONS.csv,P7FA-001,selected_candidate,SRC-001;SRC-002;SRC-003,STR-008;P7CP-001:P7CP-017;CP-001:CP-024,phase7_record,owner_reviewed,within_cutoff,"No new evidence source. Trace source IDs through the approved Phase 1-6 ledgers. Owner review is workflow and underwriting-judgment metadata, not an observed borrower fact or post-cutoff analytical evidence; stated conditions remain open."
P7L-00124,data/phase7/processed/FINAL_FINANCING_ASSUMPTIONS.csv,P7FA-002,term_commitment,SRC-001;SRC-002;SRC-003,STR-008;P7CP-001:P7CP-017;CP-001:CP-024,phase7_record,owner_reviewed,within_cutoff,"No new evidence source. Trace source IDs through the approved Phase 1-6 ledgers. Owner review is workflow and underwriting-judgment metadata, not an observed borrower fact or post-cutoff analytical evidence; stated conditions remain open."
P7L-00125,data/phase7/processed/FINAL_FINANCING_ASSUMPTIONS.csv,P7FA-003,initial_term_funding,SRC-001;SRC-002;SRC-003,STR-008;P7CP-001:P7CP-017;CP-001:CP-024,phase7_record,owner_reviewed,within_cutoff,"No new evidence source. Trace source IDs through the approved Phase 1-6 ledgers. Owner review is workflow and underwriting-judgment metadata, not an observed borrower fact or post-cutoff analytical evidence; stated conditions remain open."
P7L-00126,data/phase7/processed/FINAL_FINANCING_ASSUMPTIONS.csv,P7FA-004,analytical_total_funded_debt_capacity,SRC-001;SRC-002;SRC-003,STR-008;P7CP-001:P7CP-017;CP-001:CP-024,phase7_record,owner_reviewed,within_cutoff,"No new evidence source. Trace source IDs through the approved Phase 1-6 ledgers. Owner review is workflow and underwriting-judgment metadata, not an observed borrower fact or post-cutoff analytical evidence; stated conditions remain open."
P7L-00127,data/phase7/processed/FINAL_FINANCING_ASSUMPTIONS.csv,P7FA-005,analytical_bank_debt_capacity,SRC-001;SRC-002;SRC-003,STR-008;P7CP-001:P7CP-017;CP-001:CP-024,phase7_record,owner_reviewed,within_cutoff,"No new evidence source. Trace source IDs through the approved Phase 1-6 ledgers. Owner review is workflow and underwriting-judgment metadata, not an observed borrower fact or post-cutoff analytical evidence; stated conditions remain open."
P7L-00128,data/phase7/processed/FINAL_FINANCING_ASSUMPTIONS.csv,P7FA-006,analytical_term_capacity_at_reference_revolver,SRC-001;SRC-002;SRC-003,STR-008;P7CP-001:P7CP-017;CP-001:CP-024,phase7_record,owner_reviewed,within_cutoff,"No new evidence source. Trace source IDs through the approved Phase 1-6 ledgers. Owner review is workflow and underwriting-judgment metadata, not an observed borrower fact or post-cutoff analytical evidence; stated conditions remain open."
P7L-00129,data/phase7/processed/FINAL_FINANCING_ASSUMPTIONS.csv,P7FA-007,required_non_debt_contribution,SRC-001;SRC-002;SRC-003,STR-008;P7CP-001:P7CP-017;CP-001:CP-024,phase7_record,owner_reviewed,within_cutoff,"No new evidence source. Trace source IDs through the approved Phase 1-6 ledgers. Owner review is workflow and underwriting-judgment metadata, not an observed borrower fact or post-cutoff analytical evidence; stated conditions remain open."
P7L-00130,data/phase7/processed/FINAL_FINANCING_ASSUMPTIONS.csv,P7FA-008,opening_revolver_draw,SRC-001;SRC-002;SRC-003,STR-008;P7CP-001:P7CP-017;CP-001:CP-024,phase7_record,owner_reviewed,within_cutoff,"No new evidence source. Trace source IDs through the approved Phase 1-6 ledgers. Owner review is workflow and underwriting-judgment metadata, not an observed borrower fact or post-cutoff analytical evidence; stated conditions remain open."
P7L-00131,data/phase7/processed/FINAL_FINANCING_ASSUMPTIONS.csv,P7FA-009,revolver_commitment,SRC-001;SRC-002;SRC-003,STR-008;P7CP-001:P7CP-017;CP-001:CP-024,phase7_record,owner_reviewed,within_cutoff,"No new evidence source. Trace source IDs through the approved Phase 1-6 ledgers. Owner review is workflow and underwriting-judgment metadata, not an observed borrower fact or post-cutoff analytical evidence; stated conditions remain open."
P7L-00132,data/phase7/processed/FINAL_FINANCING_ASSUMPTIONS.csv,P7FA-010,letters_of_credit,SRC-001;SRC-002;SRC-003,STR-008;P7CP-001:P7CP-017;CP-001:CP-024,phase7_record,owner_reviewed,within_cutoff,"No new evidence source. Trace source IDs through the approved Phase 1-6 ledgers. Owner review is workflow and underwriting-judgment metadata, not an observed borrower fact or post-cutoff analytical evidence; stated conditions remain open."
P7L-00133,data/phase7/processed/FINAL_FINANCING_ASSUMPTIONS.csv,P7FA-011,total_term_plus_revolver_commitments,SRC-001;SRC-002;SRC-003,STR-008;P7CP-001:P7CP-017;CP-001:CP-024,phase7_record,owner_reviewed,within_cutoff,"No new evidence source. Trace source IDs through the approved Phase 1-6 ledgers. Owner review is workflow and underwriting-judgment metadata, not an observed borrower fact or post-cutoff analytical evidence; stated conditions remain open."
P7L-00134,data/phase7/processed/FINAL_FINANCING_ASSUMPTIONS.csv,P7FA-012,undrawn_term_commitment,SRC-001;SRC-002;SRC-003,STR-008;P7CP-001:P7CP-017;CP-001:CP-024,phase7_record,owner_reviewed,within_cutoff,"No new evidence source. Trace source IDs through the approved Phase 1-6 ledgers. Owner review is workflow and underwriting-judgment metadata, not an observed borrower fact or post-cutoff analytical evidence; stated conditions remain open."
P7L-00135,data/phase7/processed/FINAL_FINANCING_ASSUMPTIONS.csv,P7FA-013,unused_term_commitment_treatment,SRC-001;SRC-002;SRC-003,STR-008;P7CP-001:P7CP-017;CP-001:CP-024,phase7_record,owner_reviewed,within_cutoff,"No new evidence source. Trace source IDs through the approved Phase 1-6 ledgers. Owner review is workflow and underwriting-judgment metadata, not an observed borrower fact or post-cutoff analytical evidence; stated conditions remain open."
P7L-00136,data/phase7/processed/FINAL_FINANCING_ASSUMPTIONS.csv,P7FA-014,opening_total_funded_debt,SRC-001;SRC-002;SRC-003,STR-008;P7CP-001:P7CP-017;CP-001:CP-024,phase7_record,owner_reviewed,within_cutoff,"No new evidence source. Trace source IDs through the approved Phase 1-6 ledgers. Owner review is workflow and underwriting-judgment metadata, not an observed borrower fact or post-cutoff analytical evidence; stated conditions remain open."
P7L-00137,data/phase7/processed/FINAL_FINANCING_ASSUMPTIONS.csv,P7FA-015,closing_gross_funded_leverage,SRC-001;SRC-002;SRC-003,STR-008;P7CP-001:P7CP-017;CP-001:CP-024,phase7_record,owner_reviewed,within_cutoff,"No new evidence source. Trace source IDs through the approved Phase 1-6 ledgers. Owner review is workflow and underwriting-judgment metadata, not an observed borrower fact or post-cutoff analytical evidence; stated conditions remain open."
P7L-00138,data/phase7/processed/FINAL_FINANCING_ASSUMPTIONS.csv,P7FA-016,annual_amortization,SRC-001;SRC-002;SRC-003,STR-008;P7CP-001:P7CP-017;CP-001:CP-024,phase7_record,owner_reviewed,within_cutoff,"No new evidence source. Trace source IDs through the approved Phase 1-6 ledgers. Owner review is workflow and underwriting-judgment metadata, not an observed borrower fact or post-cutoff analytical evidence; stated conditions remain open."
P7L-00139,data/phase7/processed/FINAL_FINANCING_ASSUMPTIONS.csv,P7FA-017,term_and_revolver_maturity,SRC-001;SRC-002;SRC-003,STR-008;P7CP-001:P7CP-017;CP-001:CP-024,phase7_record,owner_reviewed,within_cutoff,"No new evidence source. Trace source IDs through the approved Phase 1-6 ledgers. Owner review is workflow and underwriting-judgment metadata, not an observed borrower fact or post-cutoff analytical evidence; stated conditions remain open."
P7L-00140,data/phase7/processed/FINAL_FINANCING_ASSUMPTIONS.csv,P7FA-018,term_and_drawn_revolver_margin,SRC-001;SRC-002;SRC-003,STR-008;P7CP-001:P7CP-017;CP-001:CP-024,phase7_record,owner_reviewed,within_cutoff,"No new evidence source. Trace source IDs through the approved Phase 1-6 ledgers. Owner review is workflow and underwriting-judgment metadata, not an observed borrower fact or post-cutoff analytical evidence; stated conditions remain open."
P7L-00141,data/phase7/processed/FINAL_FINANCING_ASSUMPTIONS.csv,P7FA-019,modeled_all_in_rate,SRC-001;SRC-002;SRC-003,STR-008;P7CP-001:P7CP-017;CP-001:CP-024,phase7_record,owner_reviewed,within_cutoff,"No new evidence source. Trace source IDs through the approved Phase 1-6 ledgers. Owner review is workflow and underwriting-judgment metadata, not an observed borrower fact or post-cutoff analytical evidence; stated conditions remain open."
P7L-00142,data/phase7/processed/FINAL_FINANCING_ASSUMPTIONS.csv,P7FA-020,operating_cash_floor,SRC-001;SRC-002;SRC-003,STR-008;P7CP-001:P7CP-017;CP-001:CP-024,phase7_record,owner_reviewed,within_cutoff,"No new evidence source. Trace source IDs through the approved Phase 1-6 ledgers. Owner review is workflow and underwriting-judgment metadata, not an observed borrower fact or post-cutoff analytical evidence; stated conditions remain open."
P7L-00143,data/phase7/processed/FINAL_FINANCING_ASSUMPTIONS.csv,P7FA-021,contractual_cash_netting,SRC-001;SRC-002;SRC-003,STR-008;P7CP-001:P7CP-017;CP-001:CP-024,phase7_record,owner_reviewed,within_cutoff,"No new evidence source. Trace source IDs through the approved Phase 1-6 ledgers. Owner review is workflow and underwriting-judgment metadata, not an observed borrower fact or post-cutoff analytical evidence; stated conditions remain open."
P7L-00144,data/phase7/processed/FINAL_FINANCING_ASSUMPTIONS.csv,P7FA-022,maximum_gross_total_funded_leverage_initial,SRC-001;SRC-002;SRC-003,STR-008;P7CP-001:P7CP-017;CP-001:CP-024,phase7_record,owner_reviewed,within_cutoff,"No new evidence source. Trace source IDs through the approved Phase 1-6 ledgers. Owner review is workflow and underwriting-judgment metadata, not an observed borrower fact or post-cutoff analytical evidence; stated conditions remain open."
P7L-00145,data/phase7/processed/FINAL_FINANCING_ASSUMPTIONS.csv,P7FA-023,maximum_gross_total_funded_leverage_step1,SRC-001;SRC-002;SRC-003,STR-008;P7CP-001:P7CP-017;CP-001:CP-024,phase7_record,owner_reviewed,within_cutoff,"No new evidence source. Trace source IDs through the approved Phase 1-6 ledgers. Owner review is workflow and underwriting-judgment metadata, not an observed borrower fact or post-cutoff analytical evidence; stated conditions remain open."
P7L-00146,data/phase7/processed/FINAL_FINANCING_ASSUMPTIONS.csv,P7FA-024,maximum_gross_total_funded_leverage_step2,SRC-001;SRC-002;SRC-003,STR-008;P7CP-001:P7CP-017;CP-001:CP-024,phase7_record,owner_reviewed,within_cutoff,"No new evidence source. Trace source IDs through the approved Phase 1-6 ledgers. Owner review is workflow and underwriting-judgment metadata, not an observed borrower fact or post-cutoff analytical evidence; stated conditions remain open."
P7L-00147,data/phase7/processed/FINAL_FINANCING_ASSUMPTIONS.csv,P7FA-025,minimum_cash_interest_coverage,SRC-001;SRC-002;SRC-003,STR-008;P7CP-001:P7CP-017;CP-001:CP-024,phase7_record,owner_reviewed,within_cutoff,"No new evidence source. Trace source IDs through the approved Phase 1-6 ledgers. Owner review is workflow and underwriting-judgment metadata, not an observed borrower fact or post-cutoff analytical evidence; stated conditions remain open."
P7L-00148,data/phase7/processed/FINAL_FINANCING_ASSUMPTIONS.csv,P7FA-026,minimum_usable_liquidity,SRC-001;SRC-002;SRC-003,STR-008;P7CP-001:P7CP-017;CP-001:CP-024,phase7_record,owner_reviewed,within_cutoff,"No new evidence source. Trace source IDs through the approved Phase 1-6 ledgers. Owner review is workflow and underwriting-judgment metadata, not an observed borrower fact or post-cutoff analytical evidence; stated conditions remain open."
P7L-00149,data/phase7/processed/FINAL_FINANCING_ASSUMPTIONS.csv,P7FA-027,leverage_warning_schedule,SRC-001;SRC-002;SRC-003,STR-008;P7CP-001:P7CP-017;CP-001:CP-024,phase7_record,owner_reviewed,within_cutoff,"No new evidence source. Trace source IDs through the approved Phase 1-6 ledgers. Owner review is workflow and underwriting-judgment metadata, not an observed borrower fact or post-cutoff analytical evidence; stated conditions remain open."
P7L-00150,data/phase7/processed/FINAL_FINANCING_ASSUMPTIONS.csv,P7FA-028,cash_interest_coverage_warning,SRC-001;SRC-002;SRC-003,STR-008;P7CP-001:P7CP-017;CP-001:CP-024,phase7_record,owner_reviewed,within_cutoff,"No new evidence source. Trace source IDs through the approved Phase 1-6 ledgers. Owner review is workflow and underwriting-judgment metadata, not an observed borrower fact or post-cutoff analytical evidence; stated conditions remain open."
P7L-00151,data/phase7/processed/FINAL_FINANCING_ASSUMPTIONS.csv,P7FA-029,usable_liquidity_warning,SRC-001;SRC-002;SRC-003,STR-008;P7CP-001:P7CP-017;CP-001:CP-024,phase7_record,owner_reviewed,within_cutoff,"No new evidence source. Trace source IDs through the approved Phase 1-6 ledgers. Owner review is workflow and underwriting-judgment metadata, not an observed borrower fact or post-cutoff analytical evidence; stated conditions remain open."
P7L-00152,data/phase7/processed/FINAL_FINANCING_ASSUMPTIONS.csv,P7FA-030,annual_excess_cash_flow_sweep,SRC-001;SRC-002;SRC-003,STR-008;P7CP-001:P7CP-017;CP-001:CP-024,phase7_record,owner_reviewed,within_cutoff,"No new evidence source. Trace source IDs through the approved Phase 1-6 ledgers. Owner review is workflow and underwriting-judgment metadata, not an observed borrower fact or post-cutoff analytical evidence; stated conditions remain open."
P7L-00153,data/phase7/processed/FINAL_FINANCING_ASSUMPTIONS.csv,P7FA-031,share_repurchase_rule,SRC-001;SRC-002;SRC-003,STR-008;P7CP-001:P7CP-017;CP-001:CP-024,phase7_record,owner_reviewed,within_cutoff,"No new evidence source. Trace source IDs through the approved Phase 1-6 ledgers. Owner review is workflow and underwriting-judgment metadata, not an observed borrower fact or post-cutoff analytical evidence; stated conditions remain open."
P7L-00154,data/phase7/processed/FINAL_FINANCING_ASSUMPTIONS.csv,P7FA-032,dividend_rule,SRC-001;SRC-002;SRC-003,STR-008;P7CP-001:P7CP-017;CP-001:CP-024,phase7_record,owner_reviewed,within_cutoff,"No new evidence source. Trace source IDs through the approved Phase 1-6 ledgers. Owner review is workflow and underwriting-judgment metadata, not an observed borrower fact or post-cutoff analytical evidence; stated conditions remain open."
P7L-00155,data/phase7/processed/FINAL_FINANCING_ASSUMPTIONS.csv,P7FA-033,participating_bank_hold_cap,SRC-001;SRC-002;SRC-003,STR-008;P7CP-001:P7CP-017;CP-001:CP-024,phase7_record,owner_reviewed,within_cutoff,"No new evidence source. Trace source IDs through the approved Phase 1-6 ledgers. Owner review is workflow and underwriting-judgment metadata, not an observed borrower fact or post-cutoff analytical evidence; stated conditions remain open."
P7L-00156,data/phase7/processed/FINAL_FINANCING_ASSUMPTIONS.csv,P7FA-034,collateral,SRC-001;SRC-002;SRC-003,STR-008;P7CP-001:P7CP-017;CP-001:CP-024,phase7_record,owner_reviewed,within_cutoff,"No new evidence source. Trace source IDs through the approved Phase 1-6 ledgers. Owner review is workflow and underwriting-judgment metadata, not an observed borrower fact or post-cutoff analytical evidence; stated conditions remain open."
P7L-00157,data/phase7/processed/FINAL_FINANCING_ASSUMPTIONS.csv,P7FA-035,guarantors,SRC-001;SRC-002;SRC-003,STR-008;P7CP-001:P7CP-017;CP-001:CP-024,phase7_record,owner_reviewed,within_cutoff,"No new evidence source. Trace source IDs through the approved Phase 1-6 ledgers. Owner review is workflow and underwriting-judgment metadata, not an observed borrower fact or post-cutoff analytical evidence; stated conditions remain open."
P7L-00158,data/phase7/processed/FINAL_FINANCING_ASSUMPTIONS.csv,P7FA-036,covenant_linked_no_waiver,SRC-001;SRC-002;SRC-003,STR-008;P7CP-001:P7CP-017;CP-001:CP-024,phase7_record,owner_reviewed,within_cutoff,"No new evidence source. Trace source IDs through the approved Phase 1-6 ledgers. Owner review is workflow and underwriting-judgment metadata, not an observed borrower fact or post-cutoff analytical evidence; stated conditions remain open."
P7L-00159,data/phase7/processed/FINAL_FINANCING_ASSUMPTIONS.csv,P7FA-037,common_horizon_end,SRC-001;SRC-002;SRC-003,STR-008;P7CP-001:P7CP-017;CP-001:CP-024,phase7_record,owner_reviewed,within_cutoff,"No new evidence source. Trace source IDs through the approved Phase 1-6 ledgers. Owner review is workflow and underwriting-judgment metadata, not an observed borrower fact or post-cutoff analytical evidence; stated conditions remain open."
P7L-00160,data/phase7/processed/FINAL_FINANCING_ASSUMPTIONS.csv,P7FA-038,reporting_cadence,SRC-001;SRC-002;SRC-003,STR-008;P7CP-001:P7CP-017;CP-001:CP-024,phase7_record,owner_reviewed,within_cutoff,"No new evidence source. Trace source IDs through the approved Phase 1-6 ledgers. Owner review is workflow and underwriting-judgment metadata, not an observed borrower fact or post-cutoff analytical evidence; stated conditions remain open."
P7L-00161,data/phase7/processed/FINAL_FINANCING_ASSUMPTIONS.csv,P7FA-039,required_conditions,SRC-001;SRC-002;SRC-003,STR-008;P7CP-001:P7CP-017;CP-001:CP-024,phase7_record,owner_reviewed,within_cutoff,"No new evidence source. Trace source IDs through the approved Phase 1-6 ledgers. Owner review is workflow and underwriting-judgment metadata, not an observed borrower fact or post-cutoff analytical evidence; stated conditions remain open."
P7L-00162,data/phase7/processed/FINAL_FINANCING_ASSUMPTIONS.csv,P7FA-040,opening_usable_liquidity,SRC-001;SRC-002;SRC-003,STR-008;P7CP-001:P7CP-017;CP-001:CP-024,phase7_record,owner_reviewed,within_cutoff,"No new evidence source. Trace source IDs through the approved Phase 1-6 ledgers. Owner review is workflow and underwriting-judgment metadata, not an observed borrower fact or post-cutoff analytical evidence; stated conditions remain open."
P7L-00163,data/phase7/processed/FINAL_FINANCING_ASSUMPTIONS.csv,P7FA-041,subsequent_minimum_usable_liquidity,SRC-001;SRC-002;SRC-003,STR-008;P7CP-001:P7CP-017;CP-001:CP-024,phase7_record,owner_reviewed,within_cutoff,"No new evidence source. Trace source IDs through the approved Phase 1-6 ledgers. Owner review is workflow and underwriting-judgment metadata, not an observed borrower fact or post-cutoff analytical evidence; stated conditions remain open."
P7L-00164,data/phase7/processed/FINAL_FINANCING_ASSUMPTIONS.csv,P7FA-042,subsequent_minimum_liquidity_date,SRC-001;SRC-002;SRC-003,STR-008;P7CP-001:P7CP-017;CP-001:CP-024,phase7_record,owner_reviewed,within_cutoff,"No new evidence source. Trace source IDs through the approved Phase 1-6 ledgers. Owner review is workflow and underwriting-judgment metadata, not an observed borrower fact or post-cutoff analytical evidence; stated conditions remain open."
P7L-00165,data/phase7/processed/FINAL_FINANCING_ASSUMPTIONS.csv,P7FA-043,all_in_minimum_usable_liquidity,SRC-001;SRC-002;SRC-003,STR-008;P7CP-001:P7CP-017;CP-001:CP-024,phase7_record,owner_reviewed,within_cutoff,"No new evidence source. Trace source IDs through the approved Phase 1-6 ledgers. Owner review is workflow and underwriting-judgment metadata, not an observed borrower fact or post-cutoff analytical evidence; stated conditions remain open."
P7L-00166,data/phase7/processed/FINAL_FINANCING_ASSUMPTIONS.csv,P7FA-044,all_in_minimum_liquidity_date,SRC-001;SRC-002;SRC-003,STR-008;P7CP-001:P7CP-017;CP-001:CP-024,phase7_record,owner_reviewed,within_cutoff,"No new evidence source. Trace source IDs through the approved Phase 1-6 ledgers. Owner review is workflow and underwriting-judgment metadata, not an observed borrower fact or post-cutoff analytical evidence; stated conditions remain open."
P7L-00167,data/phase7/processed/COVENANT_MATRIX.csv,P7CM-001,maximum Consolidated Net Leverage Ratio,SRC-001;SRC-003,P7CP-001,existing_contractual,owner_reviewed,within_cutoff,"No new evidence source. Trace source IDs through the approved Phase 1-6 ledgers. Owner review is workflow and underwriting-judgment metadata, not an observed borrower fact or post-cutoff analytical evidence; stated conditions remain open."
P7L-00168,data/phase7/processed/COVENANT_MATRIX.csv,P7CM-002,maximum gross total funded leverage,SRC-001;SRC-003,P7CP-002,proposed_contractual,owner_reviewed,within_cutoff,"No new evidence source. Trace source IDs through the approved Phase 1-6 ledgers. Owner review is workflow and underwriting-judgment metadata, not an observed borrower fact or post-cutoff analytical evidence; stated conditions remain open."
P7L-00169,data/phase7/processed/COVENANT_MATRIX.csv,P7CM-003,maximum gross total funded leverage,SRC-001;SRC-003,P7CP-003,proposed_contractual,owner_reviewed,within_cutoff,"No new evidence source. Trace source IDs through the approved Phase 1-6 ledgers. Owner review is workflow and underwriting-judgment metadata, not an observed borrower fact or post-cutoff analytical evidence; stated conditions remain open."
P7L-00170,data/phase7/processed/COVENANT_MATRIX.csv,P7CM-004,maximum gross total funded leverage,SRC-001;SRC-003,P7CP-004,proposed_contractual,owner_reviewed,within_cutoff,"No new evidence source. Trace source IDs through the approved Phase 1-6 ledgers. Owner review is workflow and underwriting-judgment metadata, not an observed borrower fact or post-cutoff analytical evidence; stated conditions remain open."
P7L-00171,data/phase7/processed/COVENANT_MATRIX.csv,P7CM-005,minimum EBITDA to cash-interest coverage,SRC-001;SRC-003,P7CP-005,proposed_contractual,owner_reviewed,within_cutoff,"No new evidence source. Trace source IDs through the approved Phase 1-6 ledgers. Owner review is workflow and underwriting-judgment metadata, not an observed borrower fact or post-cutoff analytical evidence; stated conditions remain open."
P7L-00172,data/phase7/processed/COVENANT_MATRIX.csv,P7CM-006,minimum usable liquidity,SRC-001;SRC-003,P7CP-006,proposed_contractual,owner_reviewed,within_cutoff,"No new evidence source. Trace source IDs through the approved Phase 1-6 ledgers. Owner review is workflow and underwriting-judgment metadata, not an observed borrower fact or post-cutoff analytical evidence; stated conditions remain open."
P7L-00173,data/phase7/processed/COVENANT_MATRIX.csv,P7CM-007,gross total funded leverage warning,SRC-001;SRC-003,P7CP-007,analyst_warning,owner_reviewed,within_cutoff,"No new evidence source. Trace source IDs through the approved Phase 1-6 ledgers. Owner review is workflow and underwriting-judgment metadata, not an observed borrower fact or post-cutoff analytical evidence; stated conditions remain open."
P7L-00174,data/phase7/processed/COVENANT_MATRIX.csv,P7CM-008,gross total funded leverage warning,SRC-001;SRC-003,P7CP-008,analyst_warning,owner_reviewed,within_cutoff,"No new evidence source. Trace source IDs through the approved Phase 1-6 ledgers. Owner review is workflow and underwriting-judgment metadata, not an observed borrower fact or post-cutoff analytical evidence; stated conditions remain open."
P7L-00175,data/phase7/processed/COVENANT_MATRIX.csv,P7CM-009,gross total funded leverage warning,SRC-001;SRC-003,P7CP-009,analyst_warning,owner_reviewed,within_cutoff,"No new evidence source. Trace source IDs through the approved Phase 1-6 ledgers. Owner review is workflow and underwriting-judgment metadata, not an observed borrower fact or post-cutoff analytical evidence; stated conditions remain open."
P7L-00176,data/phase7/processed/COVENANT_MATRIX.csv,P7CM-010,minimum EBITDA to cash-interest coverage warning,SRC-001;SRC-003,P7CP-010,analyst_warning,owner_reviewed,within_cutoff,"No new evidence source. Trace source IDs through the approved Phase 1-6 ledgers. Owner review is workflow and underwriting-judgment metadata, not an observed borrower fact or post-cutoff analytical evidence; stated conditions remain open."
P7L-00177,data/phase7/processed/COVENANT_MATRIX.csv,P7CM-011,minimum usable liquidity warning,SRC-001;SRC-003,P7CP-011,analyst_warning,owner_reviewed,within_cutoff,"No new evidence source. Trace source IDs through the approved Phase 1-6 ledgers. Owner review is workflow and underwriting-judgment metadata, not an observed borrower fact or post-cutoff analytical evidence; stated conditions remain open."
P7L-00178,data/phase7/processed/COVENANT_MATRIX.csv,P7CM-012,operating cash floor,SRC-001;SRC-003,P7CP-012,model_control,owner_reviewed,within_cutoff,"No new evidence source. Trace source IDs through the approved Phase 1-6 ledgers. Owner review is workflow and underwriting-judgment metadata, not an observed borrower fact or post-cutoff analytical evidence; stated conditions remain open."
P7L-00179,data/phase7/processed/COVENANT_MATRIX.csv,P7CM-013,excess cash flow sweep,SRC-001;SRC-003,P7CP-013,proposed_contractual,owner_reviewed,within_cutoff,"No new evidence source. Trace source IDs through the approved Phase 1-6 ledgers. Owner review is workflow and underwriting-judgment metadata, not an observed borrower fact or post-cutoff analytical evidence; stated conditions remain open."
P7L-00180,data/phase7/processed/COVENANT_MATRIX.csv,P7CM-014,restricted payments,SRC-001;SRC-003,P7CP-014,proposed_contractual,owner_reviewed,within_cutoff,"No new evidence source. Trace source IDs through the approved Phase 1-6 ledgers. Owner review is workflow and underwriting-judgment metadata, not an observed borrower fact or post-cutoff analytical evidence; stated conditions remain open."
P7L-00181,data/phase7/processed/COVENANT_MATRIX.csv,P7CM-015,additional debt and acquisitions,SRC-001;SRC-003,P7CP-015,proposed_contractual,owner_reviewed,within_cutoff,"No new evidence source. Trace source IDs through the approved Phase 1-6 ledgers. Owner review is workflow and underwriting-judgment metadata, not an observed borrower fact or post-cutoff analytical evidence; stated conditions remain open."
P7L-00182,data/phase7/processed/COVENANT_MATRIX.csv,P7CM-016,"cures, waivers and drawability",SRC-001;SRC-003,P7CP-016,proposed_contractual,owner_reviewed,within_cutoff,"No new evidence source. Trace source IDs through the approved Phase 1-6 ledgers. Owner review is workflow and underwriting-judgment metadata, not an observed borrower fact or post-cutoff analytical evidence; stated conditions remain open."
P7L-00183,data/phase7/processed/COVENANT_MATRIX.csv,P7CM-017,reporting and control remediation,SRC-001;SRC-003,P7CP-017,proposed_contractual,owner_reviewed,within_cutoff,"No new evidence source. Trace source IDs through the approved Phase 1-6 ledgers. Owner review is workflow and underwriting-judgment metadata, not an observed borrower fact or post-cutoff analytical evidence; stated conditions remain open."
P7L-00184,data/phase7/processed/COVENANT_TEST_RESULTS.csv,P7CT-0001,record,SRC-001;SRC-002;SRC-003,STR-008;;BASE,proposed_covenant_test_not_official_compliance,owner_reviewed,within_cutoff,"No new evidence source. Trace source IDs through the approved Phase 1-6 ledgers. Owner review is workflow and underwriting-judgment metadata, not an observed borrower fact or post-cutoff analytical evidence; stated conditions remain open."
P7L-00185,data/phase7/processed/COVENANT_TEST_RESULTS.csv,P7CT-0002,record,SRC-001;SRC-002;SRC-003,STR-008;P6M-BASE-P-0003;BASE,proposed_covenant_test_not_official_compliance,owner_reviewed,within_cutoff,"No new evidence source. Trace source IDs through the approved Phase 1-6 ledgers. Owner review is workflow and underwriting-judgment metadata, not an observed borrower fact or post-cutoff analytical evidence; stated conditions remain open."
P7L-00186,data/phase7/processed/COVENANT_TEST_RESULTS.csv,P7CT-0003,record,SRC-001;SRC-002;SRC-003,STR-008;P6M-BASE-P-0006;BASE,proposed_covenant_test_not_official_compliance,owner_reviewed,within_cutoff,"No new evidence source. Trace source IDs through the approved Phase 1-6 ledgers. Owner review is workflow and underwriting-judgment metadata, not an observed borrower fact or post-cutoff analytical evidence; stated conditions remain open."
P7L-00187,data/phase7/processed/COVENANT_TEST_RESULTS.csv,P7CT-0004,record,SRC-001;SRC-002;SRC-003,STR-008;P6M-BASE-P-0009;BASE,proposed_covenant_test_not_official_compliance,owner_reviewed,within_cutoff,"No new evidence source. Trace source IDs through the approved Phase 1-6 ledgers. Owner review is workflow and underwriting-judgment metadata, not an observed borrower fact or post-cutoff analytical evidence; stated conditions remain open."
P7L-00188,data/phase7/processed/COVENANT_TEST_RESULTS.csv,P7CT-0005,record,SRC-001;SRC-002;SRC-003,STR-008;P6M-BASE-P-0012;BASE,proposed_covenant_test_not_official_compliance,owner_reviewed,within_cutoff,"No new evidence source. Trace source IDs through the approved Phase 1-6 ledgers. Owner review is workflow and underwriting-judgment metadata, not an observed borrower fact or post-cutoff analytical evidence; stated conditions remain open."
P7L-00189,data/phase7/processed/COVENANT_TEST_RESULTS.csv,P7CT-0006,record,SRC-001;SRC-002;SRC-003,STR-008;P6M-BASE-P-0015;BASE,proposed_covenant_test_not_official_compliance,owner_reviewed,within_cutoff,"No new evidence source. Trace source IDs through the approved Phase 1-6 ledgers. Owner review is workflow and underwriting-judgment metadata, not an observed borrower fact or post-cutoff analytical evidence; stated conditions remain open."
P7L-00190,data/phase7/processed/COVENANT_TEST_RESULTS.csv,P7CT-0007,record,SRC-001;SRC-002;SRC-003,STR-008;P6M-BASE-P-0018;BASE,proposed_covenant_test_not_official_compliance,owner_reviewed,within_cutoff,"No new evidence source. Trace source IDs through the approved Phase 1-6 ledgers. Owner review is workflow and underwriting-judgment metadata, not an observed borrower fact or post-cutoff analytical evidence; stated conditions remain open."
P7L-00191,data/phase7/processed/COVENANT_TEST_RESULTS.csv,P7CT-0008,record,SRC-001;SRC-002;SRC-003,STR-008;P6M-BASE-P-0021;BASE,proposed_covenant_test_not_official_compliance,owner_reviewed,within_cutoff,"No new evidence source. Trace source IDs through the approved Phase 1-6 ledgers. Owner review is workflow and underwriting-judgment metadata, not an observed borrower fact or post-cutoff analytical evidence; stated conditions remain open."
P7L-00192,data/phase7/processed/COVENANT_TEST_RESULTS.csv,P7CT-0009,record,SRC-001;SRC-002;SRC-003,STR-008;P6M-BASE-P-0024;BASE,proposed_covenant_test_not_official_compliance,owner_reviewed,within_cutoff,"No new evidence source. Trace source IDs through the approved Phase 1-6 ledgers. Owner review is workflow and underwriting-judgment metadata, not an observed borrower fact or post-cutoff analytical evidence; stated conditions remain open."
P7L-00193,data/phase7/processed/COVENANT_TEST_RESULTS.csv,P7CT-0010,record,SRC-001;SRC-002;SRC-003,STR-008;P6M-BASE-P-0027;BASE,proposed_covenant_test_not_official_compliance,owner_reviewed,within_cutoff,"No new evidence source. Trace source IDs through the approved Phase 1-6 ledgers. Owner review is workflow and underwriting-judgment metadata, not an observed borrower fact or post-cutoff analytical evidence; stated conditions remain open."
P7L-00194,data/phase7/processed/COVENANT_TEST_RESULTS.csv,P7CT-0011,record,SRC-001;SRC-002;SRC-003,STR-008;P6M-BASE-P-0030;BASE,proposed_covenant_test_not_official_compliance,owner_reviewed,within_cutoff,"No new evidence source. Trace source IDs through the approved Phase 1-6 ledgers. Owner review is workflow and underwriting-judgment metadata, not an observed borrower fact or post-cutoff analytical evidence; stated conditions remain open."
P7L-00195,data/phase7/processed/COVENANT_TEST_RESULTS.csv,P7CT-0012,record,SRC-001;SRC-002;SRC-003,STR-008;P6M-BASE-P-0033;BASE,proposed_covenant_test_not_official_compliance,owner_reviewed,within_cutoff,"No new evidence source. Trace source IDs through the approved Phase 1-6 ledgers. Owner review is workflow and underwriting-judgment metadata, not an observed borrower fact or post-cutoff analytical evidence; stated conditions remain open."
P7L-00196,data/phase7/processed/COVENANT_TEST_RESULTS.csv,P7CT-0013,record,SRC-001;SRC-002;SRC-003,STR-008;P6M-BASE-P-0036;BASE,proposed_covenant_test_not_official_compliance,owner_reviewed,within_cutoff,"No new evidence source. Trace source IDs through the approved Phase 1-6 ledgers. Owner review is workflow and underwriting-judgment metadata, not an observed borrower fact or post-cutoff analytical evidence; stated conditions remain open."
P7L-00197,data/phase7/processed/COVENANT_TEST_RESULTS.csv,P7CT-0014,record,SRC-001;SRC-002;SRC-003,STR-008;P6M-BASE-P-0039;BASE,proposed_covenant_test_not_official_compliance,owner_reviewed,within_cutoff,"No new evidence source. Trace source IDs through the approved Phase 1-6 ledgers. Owner review is workflow and underwriting-judgment metadata, not an observed borrower fact or post-cutoff analytical evidence; stated conditions remain open."
P7L-00198,data/phase7/processed/COVENANT_TEST_RESULTS.csv,P7CT-0015,record,SRC-001;SRC-002;SRC-003,STR-008;P6M-BASE-P-0042;BASE,proposed_covenant_test_not_official_compliance,owner_reviewed,within_cutoff,"No new evidence source. Trace source IDs through the approved Phase 1-6 ledgers. Owner review is workflow and underwriting-judgment metadata, not an observed borrower fact or post-cutoff analytical evidence; stated conditions remain open."
P7L-00199,data/phase7/processed/COVENANT_TEST_RESULTS.csv,P7CT-0016,record,SRC-001;SRC-002;SRC-003,STR-008;P6M-BASE-P-0045;BASE,proposed_covenant_test_not_official_compliance,owner_reviewed,within_cutoff,"No new evidence source. Trace source IDs through the approved Phase 1-6 ledgers. Owner review is workflow and underwriting-judgment metadata, not an observed borrower fact or post-cutoff analytical evidence; stated conditions remain open."
P7L-00200,data/phase7/processed/COVENANT_TEST_RESULTS.csv,P7CT-0017,record,SRC-001;SRC-002;SRC-003,STR-008;P6M-BASE-P-0048;BASE,proposed_covenant_test_not_official_compliance,owner_reviewed,within_cutoff,"No new evidence source. Trace source IDs through the approved Phase 1-6 ledgers. Owner review is workflow and underwriting-judgment metadata, not an observed borrower fact or post-cutoff analytical evidence; stated conditions remain open."
P7L-00201,data/phase7/processed/COVENANT_TEST_RESULTS.csv,P7CT-0018,record,SRC-001;SRC-002;SRC-003,STR-008;P6M-BASE-P-0051;BASE,proposed_covenant_test_not_official_compliance,owner_reviewed,within_cutoff,"No new evidence source. Trace source IDs through the approved Phase 1-6 ledgers. Owner review is workflow and underwriting-judgment metadata, not an observed borrower fact or post-cutoff analytical evidence; stated conditions remain open."
P7L-00202,data/phase7/processed/COVENANT_TEST_RESULTS.csv,P7CT-0019,record,SRC-001;SRC-002;SRC-003,STR-008;P6M-BASE-P-0054;BASE,proposed_covenant_test_not_official_compliance,owner_reviewed,within_cutoff,"No new evidence source. Trace source IDs through the approved Phase 1-6 ledgers. Owner review is workflow and underwriting-judgment metadata, not an observed borrower fact or post-cutoff analytical evidence; stated conditions remain open."
P7L-00203,data/phase7/processed/COVENANT_TEST_RESULTS.csv,P7CT-0020,record,SRC-001;SRC-002;SRC-003,STR-008;P6M-BASE-P-0057;BASE,proposed_covenant_test_not_official_compliance,owner_reviewed,within_cutoff,"No new evidence source. Trace source IDs through the approved Phase 1-6 ledgers. Owner review is workflow and underwriting-judgment metadata, not an observed borrower fact or post-cutoff analytical evidence; stated conditions remain open."
P7L-00204,data/phase7/processed/COVENANT_TEST_RESULTS.csv,P7CT-0021,record,SRC-001;SRC-002;SRC-003,STR-008;;MODERATE_UNMITIGATED,proposed_covenant_test_not_official_compliance,owner_reviewed,within_cutoff,"No new evidence source. Trace source IDs through the approved Phase 1-6 ledgers. Owner review is workflow and underwriting-judgment metadata, not an observed borrower fact or post-cutoff analytical evidence; stated conditions remain open."
P7L-00205,data/phase7/processed/COVENANT_TEST_RESULTS.csv,P7CT-0022,record,SRC-001;SRC-002;SRC-003,STR-008;P6M-MODERATE_UNMITIGATED-P-0003;MODERATE_UNMITIGATED,proposed_covenant_test_not_official_compliance,owner_reviewed,within_cutoff,"No new evidence source. Trace source IDs through the approved Phase 1-6 ledgers. Owner review is workflow and underwriting-judgment metadata, not an observed borrower fact or post-cutoff analytical evidence; stated conditions remain open."
P7L-00206,data/phase7/processed/COVENANT_TEST_RESULTS.csv,P7CT-0023,record,SRC-001;SRC-002;SRC-003,STR-008;P6M-MODERATE_UNMITIGATED-P-0006;MODERATE_UNMITIGATED,proposed_covenant_test_not_official_compliance,owner_reviewed,within_cutoff,"No new evidence source. Trace source IDs through the approved Phase 1-6 ledgers. Owner review is workflow and underwriting-judgment metadata, not an observed borrower fact or post-cutoff analytical evidence; stated conditions remain open."
P7L-00207,data/phase7/processed/COVENANT_TEST_RESULTS.csv,P7CT-0024,record,SRC-001;SRC-002;SRC-003,STR-008;P6M-MODERATE_UNMITIGATED-P-0009;MODERATE_UNMITIGATED,proposed_covenant_test_not_official_compliance,owner_reviewed,within_cutoff,"No new evidence source. Trace source IDs through the approved Phase 1-6 ledgers. Owner review is workflow and underwriting-judgment metadata, not an observed borrower fact or post-cutoff analytical evidence; stated conditions remain open."
P7L-00208,data/phase7/processed/COVENANT_TEST_RESULTS.csv,P7CT-0025,record,SRC-001;SRC-002;SRC-003,STR-008;P6M-MODERATE_UNMITIGATED-P-0012;MODERATE_UNMITIGATED,proposed_covenant_test_not_official_compliance,owner_reviewed,within_cutoff,"No new evidence source. Trace source IDs through the approved Phase 1-6 ledgers. Owner review is workflow and underwriting-judgment metadata, not an observed borrower fact or post-cutoff analytical evidence; stated conditions remain open."
P7L-00209,data/phase7/processed/COVENANT_TEST_RESULTS.csv,P7CT-0026,record,SRC-001;SRC-002;SRC-003,STR-008;P6M-MODERATE_UNMITIGATED-P-0015;MODERATE_UNMITIGATED,proposed_covenant_test_not_official_compliance,owner_reviewed,within_cutoff,"No new evidence source. Trace source IDs through the approved Phase 1-6 ledgers. Owner review is workflow and underwriting-judgment metadata, not an observed borrower fact or post-cutoff analytical evidence; stated conditions remain open."
P7L-00210,data/phase7/processed/COVENANT_TEST_RESULTS.csv,P7CT-0027,record,SRC-001;SRC-002;SRC-003,STR-008;P6M-MODERATE_UNMITIGATED-P-0018;MODERATE_UNMITIGATED,proposed_covenant_test_not_official_compliance,owner_reviewed,within_cutoff,"No new evidence source. Trace source IDs through the approved Phase 1-6 ledgers. Owner review is workflow and underwriting-judgment metadata, not an observed borrower fact or post-cutoff analytical evidence; stated conditions remain open."
P7L-00211,data/phase7/processed/COVENANT_TEST_RESULTS.csv,P7CT-0028,record,SRC-001;SRC-002;SRC-003,STR-008;P6M-MODERATE_UNMITIGATED-P-0021;MODERATE_UNMITIGATED,proposed_covenant_test_not_official_compliance,owner_reviewed,within_cutoff,"No new evidence source. Trace source IDs through the approved Phase 1-6 ledgers. Owner review is workflow and underwriting-judgment metadata, not an observed borrower fact or post-cutoff analytical evidence; stated conditions remain open."
P7L-00212,data/phase7/processed/COVENANT_TEST_RESULTS.csv,P7CT-0029,record,SRC-001;SRC-002;SRC-003,STR-008;P6M-MODERATE_UNMITIGATED-P-0024;MODERATE_UNMITIGATED,proposed_covenant_test_not_official_compliance,owner_reviewed,within_cutoff,"No new evidence source. Trace source IDs through the approved Phase 1-6 ledgers. Owner review is workflow and underwriting-judgment metadata, not an observed borrower fact or post-cutoff analytical evidence; stated conditions remain open."
P7L-00213,data/phase7/processed/COVENANT_TEST_RESULTS.csv,P7CT-0030,record,SRC-001;SRC-002;SRC-003,STR-008;P6M-MODERATE_UNMITIGATED-P-0027;MODERATE_UNMITIGATED,proposed_covenant_test_not_official_compliance,owner_reviewed,within_cutoff,"No new evidence source. Trace source IDs through the approved Phase 1-6 ledgers. Owner review is workflow and underwriting-judgment metadata, not an observed borrower fact or post-cutoff analytical evidence; stated conditions remain open."
P7L-00214,data/phase7/processed/COVENANT_TEST_RESULTS.csv,P7CT-0031,record,SRC-001;SRC-002;SRC-003,STR-008;P6M-MODERATE_UNMITIGATED-P-0030;MODERATE_UNMITIGATED,proposed_covenant_test_not_official_compliance,owner_reviewed,within_cutoff,"No new evidence source. Trace source IDs through the approved Phase 1-6 ledgers. Owner review is workflow and underwriting-judgment metadata, not an observed borrower fact or post-cutoff analytical evidence; stated conditions remain open."
P7L-00215,data/phase7/processed/COVENANT_TEST_RESULTS.csv,P7CT-0032,record,SRC-001;SRC-002;SRC-003,STR-008;P6M-MODERATE_UNMITIGATED-P-0033;MODERATE_UNMITIGATED,proposed_covenant_test_not_official_compliance,owner_reviewed,within_cutoff,"No new evidence source. Trace source IDs through the approved Phase 1-6 ledgers. Owner review is workflow and underwriting-judgment metadata, not an observed borrower fact or post-cutoff analytical evidence; stated conditions remain open."
P7L-00216,data/phase7/processed/COVENANT_TEST_RESULTS.csv,P7CT-0033,record,SRC-001;SRC-002;SRC-003,STR-008;P6M-MODERATE_UNMITIGATED-P-0036;MODERATE_UNMITIGATED,proposed_covenant_test_not_official_compliance,owner_reviewed,within_cutoff,"No new evidence source. Trace source IDs through the approved Phase 1-6 ledgers. Owner review is workflow and underwriting-judgment metadata, not an observed borrower fact or post-cutoff analytical evidence; stated conditions remain open."
P7L-00217,data/phase7/processed/COVENANT_TEST_RESULTS.csv,P7CT-0034,record,SRC-001;SRC-002;SRC-003,STR-008;P6M-MODERATE_UNMITIGATED-P-0039;MODERATE_UNMITIGATED,proposed_covenant_test_not_official_compliance,owner_reviewed,within_cutoff,"No new evidence source. Trace source IDs through the approved Phase 1-6 ledgers. Owner review is workflow and underwriting-judgment metadata, not an observed borrower fact or post-cutoff analytical evidence; stated conditions remain open."
P7L-00218,data/phase7/processed/COVENANT_TEST_RESULTS.csv,P7CT-0035,record,SRC-001;SRC-002;SRC-003,STR-008;P6M-MODERATE_UNMITIGATED-P-0042;MODERATE_UNMITIGATED,proposed_covenant_test_not_official_compliance,owner_reviewed,within_cutoff,"No new evidence source. Trace source IDs through the approved Phase 1-6 ledgers. Owner review is workflow and underwriting-judgment metadata, not an observed borrower fact or post-cutoff analytical evidence; stated conditions remain open."
P7L-00219,data/phase7/processed/COVENANT_TEST_RESULTS.csv,P7CT-0036,record,SRC-001;SRC-002;SRC-003,STR-008;P6M-MODERATE_UNMITIGATED-P-0045;MODERATE_UNMITIGATED,proposed_covenant_test_not_official_compliance,owner_reviewed,within_cutoff,"No new evidence source. Trace source IDs through the approved Phase 1-6 ledgers. Owner review is workflow and underwriting-judgment metadata, not an observed borrower fact or post-cutoff analytical evidence; stated conditions remain open."
P7L-00220,data/phase7/processed/COVENANT_TEST_RESULTS.csv,P7CT-0037,record,SRC-001;SRC-002;SRC-003,STR-008;P6M-MODERATE_UNMITIGATED-P-0048;MODERATE_UNMITIGATED,proposed_covenant_test_not_official_compliance,owner_reviewed,within_cutoff,"No new evidence source. Trace source IDs through the approved Phase 1-6 ledgers. Owner review is workflow and underwriting-judgment metadata, not an observed borrower fact or post-cutoff analytical evidence; stated conditions remain open."
P7L-00221,data/phase7/processed/COVENANT_TEST_RESULTS.csv,P7CT-0038,record,SRC-001;SRC-002;SRC-003,STR-008;P6M-MODERATE_UNMITIGATED-P-0051;MODERATE_UNMITIGATED,proposed_covenant_test_not_official_compliance,owner_reviewed,within_cutoff,"No new evidence source. Trace source IDs through the approved Phase 1-6 ledgers. Owner review is workflow and underwriting-judgment metadata, not an observed borrower fact or post-cutoff analytical evidence; stated conditions remain open."
P7L-00222,data/phase7/processed/COVENANT_TEST_RESULTS.csv,P7CT-0039,record,SRC-001;SRC-002;SRC-003,STR-008;P6M-MODERATE_UNMITIGATED-P-0054;MODERATE_UNMITIGATED,proposed_covenant_test_not_official_compliance,owner_reviewed,within_cutoff,"No new evidence source. Trace source IDs through the approved Phase 1-6 ledgers. Owner review is workflow and underwriting-judgment metadata, not an observed borrower fact or post-cutoff analytical evidence; stated conditions remain open."
P7L-00223,data/phase7/processed/COVENANT_TEST_RESULTS.csv,P7CT-0040,record,SRC-001;SRC-002;SRC-003,STR-008;P6M-MODERATE_UNMITIGATED-P-0057;MODERATE_UNMITIGATED,proposed_covenant_test_not_official_compliance,owner_reviewed,within_cutoff,"No new evidence source. Trace source IDs through the approved Phase 1-6 ledgers. Owner review is workflow and underwriting-judgment metadata, not an observed borrower fact or post-cutoff analytical evidence; stated conditions remain open."
P7L-00224,data/phase7/processed/COVENANT_TEST_RESULTS.csv,P7CT-0041,record,SRC-001;SRC-002;SRC-003,STR-008;;SEVERE_UNMITIGATED,proposed_covenant_test_not_official_compliance,owner_reviewed,within_cutoff,"No new evidence source. Trace source IDs through the approved Phase 1-6 ledgers. Owner review is workflow and underwriting-judgment metadata, not an observed borrower fact or post-cutoff analytical evidence; stated conditions remain open."
P7L-00225,data/phase7/processed/COVENANT_TEST_RESULTS.csv,P7CT-0042,record,SRC-001;SRC-002;SRC-003,STR-008;P6M-SEVERE_UNMITIGATED-P-0003;SEVERE_UNMITIGATED,proposed_covenant_test_not_official_compliance,owner_reviewed,within_cutoff,"No new evidence source. Trace source IDs through the approved Phase 1-6 ledgers. Owner review is workflow and underwriting-judgment metadata, not an observed borrower fact or post-cutoff analytical evidence; stated conditions remain open."
P7L-00226,data/phase7/processed/COVENANT_TEST_RESULTS.csv,P7CT-0043,record,SRC-001;SRC-002;SRC-003,STR-008;P6M-SEVERE_UNMITIGATED-P-0006;SEVERE_UNMITIGATED,proposed_covenant_test_not_official_compliance,owner_reviewed,within_cutoff,"No new evidence source. Trace source IDs through the approved Phase 1-6 ledgers. Owner review is workflow and underwriting-judgment metadata, not an observed borrower fact or post-cutoff analytical evidence; stated conditions remain open."
P7L-00227,data/phase7/processed/COVENANT_TEST_RESULTS.csv,P7CT-0044,record,SRC-001;SRC-002;SRC-003,STR-008;P6M-SEVERE_UNMITIGATED-P-0009;SEVERE_UNMITIGATED,proposed_covenant_test_not_official_compliance,owner_reviewed,within_cutoff,"No new evidence source. Trace source IDs through the approved Phase 1-6 ledgers. Owner review is workflow and underwriting-judgment metadata, not an observed borrower fact or post-cutoff analytical evidence; stated conditions remain open."
P7L-00228,data/phase7/processed/COVENANT_TEST_RESULTS.csv,P7CT-0045,record,SRC-001;SRC-002;SRC-003,STR-008;P6M-SEVERE_UNMITIGATED-P-0012;SEVERE_UNMITIGATED,proposed_covenant_test_not_official_compliance,owner_reviewed,within_cutoff,"No new evidence source. Trace source IDs through the approved Phase 1-6 ledgers. Owner review is workflow and underwriting-judgment metadata, not an observed borrower fact or post-cutoff analytical evidence; stated conditions remain open."
P7L-00229,data/phase7/processed/COVENANT_TEST_RESULTS.csv,P7CT-0046,record,SRC-001;SRC-002;SRC-003,STR-008;P6M-SEVERE_UNMITIGATED-P-0015;SEVERE_UNMITIGATED,proposed_covenant_test_not_official_compliance,owner_reviewed,within_cutoff,"No new evidence source. Trace source IDs through the approved Phase 1-6 ledgers. Owner review is workflow and underwriting-judgment metadata, not an observed borrower fact or post-cutoff analytical evidence; stated conditions remain open."
P7L-00230,data/phase7/processed/COVENANT_TEST_RESULTS.csv,P7CT-0047,record,SRC-001;SRC-002;SRC-003,STR-008;P6M-SEVERE_UNMITIGATED-P-0018;SEVERE_UNMITIGATED,proposed_covenant_test_not_official_compliance,owner_reviewed,within_cutoff,"No new evidence source. Trace source IDs through the approved Phase 1-6 ledgers. Owner review is workflow and underwriting-judgment metadata, not an observed borrower fact or post-cutoff analytical evidence; stated conditions remain open."
P7L-00231,data/phase7/processed/COVENANT_TEST_RESULTS.csv,P7CT-0048,record,SRC-001;SRC-002;SRC-003,STR-008;P6M-SEVERE_UNMITIGATED-P-0021;SEVERE_UNMITIGATED,proposed_covenant_test_not_official_compliance,owner_reviewed,within_cutoff,"No new evidence source. Trace source IDs through the approved Phase 1-6 ledgers. Owner review is workflow and underwriting-judgment metadata, not an observed borrower fact or post-cutoff analytical evidence; stated conditions remain open."
P7L-00232,data/phase7/processed/COVENANT_TEST_RESULTS.csv,P7CT-0049,record,SRC-001;SRC-002;SRC-003,STR-008;P6M-SEVERE_UNMITIGATED-P-0024;SEVERE_UNMITIGATED,proposed_covenant_test_not_official_compliance,owner_reviewed,within_cutoff,"No new evidence source. Trace source IDs through the approved Phase 1-6 ledgers. Owner review is workflow and underwriting-judgment metadata, not an observed borrower fact or post-cutoff analytical evidence; stated conditions remain open."
P7L-00233,data/phase7/processed/COVENANT_TEST_RESULTS.csv,P7CT-0050,record,SRC-001;SRC-002;SRC-003,STR-008;P6M-SEVERE_UNMITIGATED-P-0027;SEVERE_UNMITIGATED,proposed_covenant_test_not_official_compliance,owner_reviewed,within_cutoff,"No new evidence source. Trace source IDs through the approved Phase 1-6 ledgers. Owner review is workflow and underwriting-judgment metadata, not an observed borrower fact or post-cutoff analytical evidence; stated conditions remain open."
P7L-00234,data/phase7/processed/COVENANT_TEST_RESULTS.csv,P7CT-0051,record,SRC-001;SRC-002;SRC-003,STR-008;P6M-SEVERE_UNMITIGATED-P-0030;SEVERE_UNMITIGATED,proposed_covenant_test_not_official_compliance,owner_reviewed,within_cutoff,"No new evidence source. Trace source IDs through the approved Phase 1-6 ledgers. Owner review is workflow and underwriting-judgment metadata, not an observed borrower fact or post-cutoff analytical evidence; stated conditions remain open."
P7L-00235,data/phase7/processed/COVENANT_TEST_RESULTS.csv,P7CT-0052,record,SRC-001;SRC-002;SRC-003,STR-008;P6M-SEVERE_UNMITIGATED-P-0033;SEVERE_UNMITIGATED,proposed_covenant_test_not_official_compliance,owner_reviewed,within_cutoff,"No new evidence source. Trace source IDs through the approved Phase 1-6 ledgers. Owner review is workflow and underwriting-judgment metadata, not an observed borrower fact or post-cutoff analytical evidence; stated conditions remain open."
P7L-00236,data/phase7/processed/COVENANT_TEST_RESULTS.csv,P7CT-0053,record,SRC-001;SRC-002;SRC-003,STR-008;P6M-SEVERE_UNMITIGATED-P-0036;SEVERE_UNMITIGATED,proposed_covenant_test_not_official_compliance,owner_reviewed,within_cutoff,"No new evidence source. Trace source IDs through the approved Phase 1-6 ledgers. Owner review is workflow and underwriting-judgment metadata, not an observed borrower fact or post-cutoff analytical evidence; stated conditions remain open."
P7L-00237,data/phase7/processed/COVENANT_TEST_RESULTS.csv,P7CT-0054,record,SRC-001;SRC-002;SRC-003,STR-008;P6M-SEVERE_UNMITIGATED-P-0039;SEVERE_UNMITIGATED,proposed_covenant_test_not_official_compliance,owner_reviewed,within_cutoff,"No new evidence source. Trace source IDs through the approved Phase 1-6 ledgers. Owner review is workflow and underwriting-judgment metadata, not an observed borrower fact or post-cutoff analytical evidence; stated conditions remain open."
P7L-00238,data/phase7/processed/COVENANT_TEST_RESULTS.csv,P7CT-0055,record,SRC-001;SRC-002;SRC-003,STR-008;P6M-SEVERE_UNMITIGATED-P-0042;SEVERE_UNMITIGATED,proposed_covenant_test_not_official_compliance,owner_reviewed,within_cutoff,"No new evidence source. Trace source IDs through the approved Phase 1-6 ledgers. Owner review is workflow and underwriting-judgment metadata, not an observed borrower fact or post-cutoff analytical evidence; stated conditions remain open."
P7L-00239,data/phase7/processed/COVENANT_TEST_RESULTS.csv,P7CT-0056,record,SRC-001;SRC-002;SRC-003,STR-008;P6M-SEVERE_UNMITIGATED-P-0045;SEVERE_UNMITIGATED,proposed_covenant_test_not_official_compliance,owner_reviewed,within_cutoff,"No new evidence source. Trace source IDs through the approved Phase 1-6 ledgers. Owner review is workflow and underwriting-judgment metadata, not an observed borrower fact or post-cutoff analytical evidence; stated conditions remain open."
P7L-00240,data/phase7/processed/COVENANT_TEST_RESULTS.csv,P7CT-0057,record,SRC-001;SRC-002;SRC-003,STR-008;P6M-SEVERE_UNMITIGATED-P-0048;SEVERE_UNMITIGATED,proposed_covenant_test_not_official_compliance,owner_reviewed,within_cutoff,"No new evidence source. Trace source IDs through the approved Phase 1-6 ledgers. Owner review is workflow and underwriting-judgment metadata, not an observed borrower fact or post-cutoff analytical evidence; stated conditions remain open."
P7L-00241,data/phase7/processed/COVENANT_TEST_RESULTS.csv,P7CT-0058,record,SRC-001;SRC-002;SRC-003,STR-008;P6M-SEVERE_UNMITIGATED-P-0051;SEVERE_UNMITIGATED,proposed_covenant_test_not_official_compliance,owner_reviewed,within_cutoff,"No new evidence source. Trace source IDs through the approved Phase 1-6 ledgers. Owner review is workflow and underwriting-judgment metadata, not an observed borrower fact or post-cutoff analytical evidence; stated conditions remain open."
P7L-00242,data/phase7/processed/COVENANT_TEST_RESULTS.csv,P7CT-0059,record,SRC-001;SRC-002;SRC-003,STR-008;P6M-SEVERE_UNMITIGATED-P-0054;SEVERE_UNMITIGATED,proposed_covenant_test_not_official_compliance,owner_reviewed,within_cutoff,"No new evidence source. Trace source IDs through the approved Phase 1-6 ledgers. Owner review is workflow and underwriting-judgment metadata, not an observed borrower fact or post-cutoff analytical evidence; stated conditions remain open."
P7L-00243,data/phase7/processed/COVENANT_TEST_RESULTS.csv,P7CT-0060,record,SRC-001;SRC-002;SRC-003,STR-008;P6M-SEVERE_UNMITIGATED-P-0057;SEVERE_UNMITIGATED,proposed_covenant_test_not_official_compliance,owner_reviewed,within_cutoff,"No new evidence source. Trace source IDs through the approved Phase 1-6 ledgers. Owner review is workflow and underwriting-judgment metadata, not an observed borrower fact or post-cutoff analytical evidence; stated conditions remain open."
P7L-00244,data/phase7/processed/COVENANT_TEST_RESULTS.csv,P7CT-0061,record,SRC-001;SRC-002;SRC-003,STR-008;;MODERATE_MITIGATED,proposed_covenant_test_not_official_compliance,owner_reviewed,within_cutoff,"No new evidence source. Trace source IDs through the approved Phase 1-6 ledgers. Owner review is workflow and underwriting-judgment metadata, not an observed borrower fact or post-cutoff analytical evidence; stated conditions remain open."
P7L-00245,data/phase7/processed/COVENANT_TEST_RESULTS.csv,P7CT-0062,record,SRC-001;SRC-002;SRC-003,STR-008;P6M-MODERATE_MITIGATED-P-0003;MODERATE_MITIGATED,proposed_covenant_test_not_official_compliance,owner_reviewed,within_cutoff,"No new evidence source. Trace source IDs through the approved Phase 1-6 ledgers. Owner review is workflow and underwriting-judgment metadata, not an observed borrower fact or post-cutoff analytical evidence; stated conditions remain open."
P7L-00246,data/phase7/processed/COVENANT_TEST_RESULTS.csv,P7CT-0063,record,SRC-001;SRC-002;SRC-003,STR-008;P6M-MODERATE_MITIGATED-P-0006;MODERATE_MITIGATED,proposed_covenant_test_not_official_compliance,owner_reviewed,within_cutoff,"No new evidence source. Trace source IDs through the approved Phase 1-6 ledgers. Owner review is workflow and underwriting-judgment metadata, not an observed borrower fact or post-cutoff analytical evidence; stated conditions remain open."
P7L-00247,data/phase7/processed/COVENANT_TEST_RESULTS.csv,P7CT-0064,record,SRC-001;SRC-002;SRC-003,STR-008;P6M-MODERATE_MITIGATED-P-0009;MODERATE_MITIGATED,proposed_covenant_test_not_official_compliance,owner_reviewed,within_cutoff,"No new evidence source. Trace source IDs through the approved Phase 1-6 ledgers. Owner review is workflow and underwriting-judgment metadata, not an observed borrower fact or post-cutoff analytical evidence; stated conditions remain open."
P7L-00248,data/phase7/processed/COVENANT_TEST_RESULTS.csv,P7CT-0065,record,SRC-001;SRC-002;SRC-003,STR-008;P6M-MODERATE_MITIGATED-P-0012;MODERATE_MITIGATED,proposed_covenant_test_not_official_compliance,owner_reviewed,within_cutoff,"No new evidence source. Trace source IDs through the approved Phase 1-6 ledgers. Owner review is workflow and underwriting-judgment metadata, not an observed borrower fact or post-cutoff analytical evidence; stated conditions remain open."
P7L-00249,data/phase7/processed/COVENANT_TEST_RESULTS.csv,P7CT-0066,record,SRC-001;SRC-002;SRC-003,STR-008;P6M-MODERATE_MITIGATED-P-0015;MODERATE_MITIGATED,proposed_covenant_test_not_official_compliance,owner_reviewed,within_cutoff,"No new evidence source. Trace source IDs through the approved Phase 1-6 ledgers. Owner review is workflow and underwriting-judgment metadata, not an observed borrower fact or post-cutoff analytical evidence; stated conditions remain open."
P7L-00250,data/phase7/processed/COVENANT_TEST_RESULTS.csv,P7CT-0067,record,SRC-001;SRC-002;SRC-003,STR-008;P6M-MODERATE_MITIGATED-P-0018;MODERATE_MITIGATED,proposed_covenant_test_not_official_compliance,owner_reviewed,within_cutoff,"No new evidence source. Trace source IDs through the approved Phase 1-6 ledgers. Owner review is workflow and underwriting-judgment metadata, not an observed borrower fact or post-cutoff analytical evidence; stated conditions remain open."
P7L-00251,data/phase7/processed/COVENANT_TEST_RESULTS.csv,P7CT-0068,record,SRC-001;SRC-002;SRC-003,STR-008;P6M-MODERATE_MITIGATED-P-0021;MODERATE_MITIGATED,proposed_covenant_test_not_official_compliance,owner_reviewed,within_cutoff,"No new evidence source. Trace source IDs through the approved Phase 1-6 ledgers. Owner review is workflow and underwriting-judgment metadata, not an observed borrower fact or post-cutoff analytical evidence; stated conditions remain open."
P7L-00252,data/phase7/processed/COVENANT_TEST_RESULTS.csv,P7CT-0069,record,SRC-001;SRC-002;SRC-003,STR-008;P6M-MODERATE_MITIGATED-P-0024;MODERATE_MITIGATED,proposed_covenant_test_not_official_compliance,owner_reviewed,within_cutoff,"No new evidence source. Trace source IDs through the approved Phase 1-6 ledgers. Owner review is workflow and underwriting-judgment metadata, not an observed borrower fact or post-cutoff analytical evidence; stated conditions remain open."
P7L-00253,data/phase7/processed/COVENANT_TEST_RESULTS.csv,P7CT-0070,record,SRC-001;SRC-002;SRC-003,STR-008;P6M-MODERATE_MITIGATED-P-0027;MODERATE_MITIGATED,proposed_covenant_test_not_official_compliance,owner_reviewed,within_cutoff,"No new evidence source. Trace source IDs through the approved Phase 1-6 ledgers. Owner review is workflow and underwriting-judgment metadata, not an observed borrower fact or post-cutoff analytical evidence; stated conditions remain open."
P7L-00254,data/phase7/processed/COVENANT_TEST_RESULTS.csv,P7CT-0071,record,SRC-001;SRC-002;SRC-003,STR-008;P6M-MODERATE_MITIGATED-P-0030;MODERATE_MITIGATED,proposed_covenant_test_not_official_compliance,owner_reviewed,within_cutoff,"No new evidence source. Trace source IDs through the approved Phase 1-6 ledgers. Owner review is workflow and underwriting-judgment metadata, not an observed borrower fact or post-cutoff analytical evidence; stated conditions remain open."
P7L-00255,data/phase7/processed/COVENANT_TEST_RESULTS.csv,P7CT-0072,record,SRC-001;SRC-002;SRC-003,STR-008;P6M-MODERATE_MITIGATED-P-0033;MODERATE_MITIGATED,proposed_covenant_test_not_official_compliance,owner_reviewed,within_cutoff,"No new evidence source. Trace source IDs through the approved Phase 1-6 ledgers. Owner review is workflow and underwriting-judgment metadata, not an observed borrower fact or post-cutoff analytical evidence; stated conditions remain open."
P7L-00256,data/phase7/processed/COVENANT_TEST_RESULTS.csv,P7CT-0073,record,SRC-001;SRC-002;SRC-003,STR-008;P6M-MODERATE_MITIGATED-P-0036;MODERATE_MITIGATED,proposed_covenant_test_not_official_compliance,owner_reviewed,within_cutoff,"No new evidence source. Trace source IDs through the approved Phase 1-6 ledgers. Owner review is workflow and underwriting-judgment metadata, not an observed borrower fact or post-cutoff analytical evidence; stated conditions remain open."
P7L-00257,data/phase7/processed/COVENANT_TEST_RESULTS.csv,P7CT-0074,record,SRC-001;SRC-002;SRC-003,STR-008;P6M-MODERATE_MITIGATED-P-0039;MODERATE_MITIGATED,proposed_covenant_test_not_official_compliance,owner_reviewed,within_cutoff,"No new evidence source. Trace source IDs through the approved Phase 1-6 ledgers. Owner review is workflow and underwriting-judgment metadata, not an observed borrower fact or post-cutoff analytical evidence; stated conditions remain open."
P7L-00258,data/phase7/processed/COVENANT_TEST_RESULTS.csv,P7CT-0075,record,SRC-001;SRC-002;SRC-003,STR-008;P6M-MODERATE_MITIGATED-P-0042;MODERATE_MITIGATED,proposed_covenant_test_not_official_compliance,owner_reviewed,within_cutoff,"No new evidence source. Trace source IDs through the approved Phase 1-6 ledgers. Owner review is workflow and underwriting-judgment metadata, not an observed borrower fact or post-cutoff analytical evidence; stated conditions remain open."
P7L-00259,data/phase7/processed/COVENANT_TEST_RESULTS.csv,P7CT-0076,record,SRC-001;SRC-002;SRC-003,STR-008;P6M-MODERATE_MITIGATED-P-0045;MODERATE_MITIGATED,proposed_covenant_test_not_official_compliance,owner_reviewed,within_cutoff,"No new evidence source. Trace source IDs through the approved Phase 1-6 ledgers. Owner review is workflow and underwriting-judgment metadata, not an observed borrower fact or post-cutoff analytical evidence; stated conditions remain open."
P7L-00260,data/phase7/processed/COVENANT_TEST_RESULTS.csv,P7CT-0077,record,SRC-001;SRC-002;SRC-003,STR-008;P6M-MODERATE_MITIGATED-P-0048;MODERATE_MITIGATED,proposed_covenant_test_not_official_compliance,owner_reviewed,within_cutoff,"No new evidence source. Trace source IDs through the approved Phase 1-6 ledgers. Owner review is workflow and underwriting-judgment metadata, not an observed borrower fact or post-cutoff analytical evidence; stated conditions remain open."
P7L-00261,data/phase7/processed/COVENANT_TEST_RESULTS.csv,P7CT-0078,record,SRC-001;SRC-002;SRC-003,STR-008;P6M-MODERATE_MITIGATED-P-0051;MODERATE_MITIGATED,proposed_covenant_test_not_official_compliance,owner_reviewed,within_cutoff,"No new evidence source. Trace source IDs through the approved Phase 1-6 ledgers. Owner review is workflow and underwriting-judgment metadata, not an observed borrower fact or post-cutoff analytical evidence; stated conditions remain open."
P7L-00262,data/phase7/processed/COVENANT_TEST_RESULTS.csv,P7CT-0079,record,SRC-001;SRC-002;SRC-003,STR-008;P6M-MODERATE_MITIGATED-P-0054;MODERATE_MITIGATED,proposed_covenant_test_not_official_compliance,owner_reviewed,within_cutoff,"No new evidence source. Trace source IDs through the approved Phase 1-6 ledgers. Owner review is workflow and underwriting-judgment metadata, not an observed borrower fact or post-cutoff analytical evidence; stated conditions remain open."
P7L-00263,data/phase7/processed/COVENANT_TEST_RESULTS.csv,P7CT-0080,record,SRC-001;SRC-002;SRC-003,STR-008;P6M-MODERATE_MITIGATED-P-0057;MODERATE_MITIGATED,proposed_covenant_test_not_official_compliance,owner_reviewed,within_cutoff,"No new evidence source. Trace source IDs through the approved Phase 1-6 ledgers. Owner review is workflow and underwriting-judgment metadata, not an observed borrower fact or post-cutoff analytical evidence; stated conditions remain open."
P7L-00264,data/phase7/processed/COVENANT_TEST_RESULTS.csv,P7CT-0081,record,SRC-001;SRC-002;SRC-003,STR-008;;SEVERE_MITIGATED,proposed_covenant_test_not_official_compliance,owner_reviewed,within_cutoff,"No new evidence source. Trace source IDs through the approved Phase 1-6 ledgers. Owner review is workflow and underwriting-judgment metadata, not an observed borrower fact or post-cutoff analytical evidence; stated conditions remain open."
P7L-00265,data/phase7/processed/COVENANT_TEST_RESULTS.csv,P7CT-0082,record,SRC-001;SRC-002;SRC-003,STR-008;P6M-SEVERE_MITIGATED-P-0003;SEVERE_MITIGATED,proposed_covenant_test_not_official_compliance,owner_reviewed,within_cutoff,"No new evidence source. Trace source IDs through the approved Phase 1-6 ledgers. Owner review is workflow and underwriting-judgment metadata, not an observed borrower fact or post-cutoff analytical evidence; stated conditions remain open."
P7L-00266,data/phase7/processed/COVENANT_TEST_RESULTS.csv,P7CT-0083,record,SRC-001;SRC-002;SRC-003,STR-008;P6M-SEVERE_MITIGATED-P-0006;SEVERE_MITIGATED,proposed_covenant_test_not_official_compliance,owner_reviewed,within_cutoff,"No new evidence source. Trace source IDs through the approved Phase 1-6 ledgers. Owner review is workflow and underwriting-judgment metadata, not an observed borrower fact or post-cutoff analytical evidence; stated conditions remain open."
P7L-00267,data/phase7/processed/COVENANT_TEST_RESULTS.csv,P7CT-0084,record,SRC-001;SRC-002;SRC-003,STR-008;P6M-SEVERE_MITIGATED-P-0009;SEVERE_MITIGATED,proposed_covenant_test_not_official_compliance,owner_reviewed,within_cutoff,"No new evidence source. Trace source IDs through the approved Phase 1-6 ledgers. Owner review is workflow and underwriting-judgment metadata, not an observed borrower fact or post-cutoff analytical evidence; stated conditions remain open."
P7L-00268,data/phase7/processed/COVENANT_TEST_RESULTS.csv,P7CT-0085,record,SRC-001;SRC-002;SRC-003,STR-008;P6M-SEVERE_MITIGATED-P-0012;SEVERE_MITIGATED,proposed_covenant_test_not_official_compliance,owner_reviewed,within_cutoff,"No new evidence source. Trace source IDs through the approved Phase 1-6 ledgers. Owner review is workflow and underwriting-judgment metadata, not an observed borrower fact or post-cutoff analytical evidence; stated conditions remain open."
P7L-00269,data/phase7/processed/COVENANT_TEST_RESULTS.csv,P7CT-0086,record,SRC-001;SRC-002;SRC-003,STR-008;P6M-SEVERE_MITIGATED-P-0015;SEVERE_MITIGATED,proposed_covenant_test_not_official_compliance,owner_reviewed,within_cutoff,"No new evidence source. Trace source IDs through the approved Phase 1-6 ledgers. Owner review is workflow and underwriting-judgment metadata, not an observed borrower fact or post-cutoff analytical evidence; stated conditions remain open."
P7L-00270,data/phase7/processed/COVENANT_TEST_RESULTS.csv,P7CT-0087,record,SRC-001;SRC-002;SRC-003,STR-008;P6M-SEVERE_MITIGATED-P-0018;SEVERE_MITIGATED,proposed_covenant_test_not_official_compliance,owner_reviewed,within_cutoff,"No new evidence source. Trace source IDs through the approved Phase 1-6 ledgers. Owner review is workflow and underwriting-judgment metadata, not an observed borrower fact or post-cutoff analytical evidence; stated conditions remain open."
P7L-00271,data/phase7/processed/COVENANT_TEST_RESULTS.csv,P7CT-0088,record,SRC-001;SRC-002;SRC-003,STR-008;P6M-SEVERE_MITIGATED-P-0021;SEVERE_MITIGATED,proposed_covenant_test_not_official_compliance,owner_reviewed,within_cutoff,"No new evidence source. Trace source IDs through the approved Phase 1-6 ledgers. Owner review is workflow and underwriting-judgment metadata, not an observed borrower fact or post-cutoff analytical evidence; stated conditions remain open."
P7L-00272,data/phase7/processed/COVENANT_TEST_RESULTS.csv,P7CT-0089,record,SRC-001;SRC-002;SRC-003,STR-008;P6M-SEVERE_MITIGATED-P-0024;SEVERE_MITIGATED,proposed_covenant_test_not_official_compliance,owner_reviewed,within_cutoff,"No new evidence source. Trace source IDs through the approved Phase 1-6 ledgers. Owner review is workflow and underwriting-judgment metadata, not an observed borrower fact or post-cutoff analytical evidence; stated conditions remain open."
P7L-00273,data/phase7/processed/COVENANT_TEST_RESULTS.csv,P7CT-0090,record,SRC-001;SRC-002;SRC-003,STR-008;P6M-SEVERE_MITIGATED-P-0027;SEVERE_MITIGATED,proposed_covenant_test_not_official_compliance,owner_reviewed,within_cutoff,"No new evidence source. Trace source IDs through the approved Phase 1-6 ledgers. Owner review is workflow and underwriting-judgment metadata, not an observed borrower fact or post-cutoff analytical evidence; stated conditions remain open."
P7L-00274,data/phase7/processed/COVENANT_TEST_RESULTS.csv,P7CT-0091,record,SRC-001;SRC-002;SRC-003,STR-008;P6M-SEVERE_MITIGATED-P-0030;SEVERE_MITIGATED,proposed_covenant_test_not_official_compliance,owner_reviewed,within_cutoff,"No new evidence source. Trace source IDs through the approved Phase 1-6 ledgers. Owner review is workflow and underwriting-judgment metadata, not an observed borrower fact or post-cutoff analytical evidence; stated conditions remain open."
P7L-00275,data/phase7/processed/COVENANT_TEST_RESULTS.csv,P7CT-0092,record,SRC-001;SRC-002;SRC-003,STR-008;P6M-SEVERE_MITIGATED-P-0033;SEVERE_MITIGATED,proposed_covenant_test_not_official_compliance,owner_reviewed,within_cutoff,"No new evidence source. Trace source IDs through the approved Phase 1-6 ledgers. Owner review is workflow and underwriting-judgment metadata, not an observed borrower fact or post-cutoff analytical evidence; stated conditions remain open."
P7L-00276,data/phase7/processed/COVENANT_TEST_RESULTS.csv,P7CT-0093,record,SRC-001;SRC-002;SRC-003,STR-008;P6M-SEVERE_MITIGATED-P-0036;SEVERE_MITIGATED,proposed_covenant_test_not_official_compliance,owner_reviewed,within_cutoff,"No new evidence source. Trace source IDs through the approved Phase 1-6 ledgers. Owner review is workflow and underwriting-judgment metadata, not an observed borrower fact or post-cutoff analytical evidence; stated conditions remain open."
P7L-00277,data/phase7/processed/COVENANT_TEST_RESULTS.csv,P7CT-0094,record,SRC-001;SRC-002;SRC-003,STR-008;P6M-SEVERE_MITIGATED-P-0039;SEVERE_MITIGATED,proposed_covenant_test_not_official_compliance,owner_reviewed,within_cutoff,"No new evidence source. Trace source IDs through the approved Phase 1-6 ledgers. Owner review is workflow and underwriting-judgment metadata, not an observed borrower fact or post-cutoff analytical evidence; stated conditions remain open."
P7L-00278,data/phase7/processed/COVENANT_TEST_RESULTS.csv,P7CT-0095,record,SRC-001;SRC-002;SRC-003,STR-008;P6M-SEVERE_MITIGATED-P-0042;SEVERE_MITIGATED,proposed_covenant_test_not_official_compliance,owner_reviewed,within_cutoff,"No new evidence source. Trace source IDs through the approved Phase 1-6 ledgers. Owner review is workflow and underwriting-judgment metadata, not an observed borrower fact or post-cutoff analytical evidence; stated conditions remain open."
P7L-00279,data/phase7/processed/COVENANT_TEST_RESULTS.csv,P7CT-0096,record,SRC-001;SRC-002;SRC-003,STR-008;P6M-SEVERE_MITIGATED-P-0045;SEVERE_MITIGATED,proposed_covenant_test_not_official_compliance,owner_reviewed,within_cutoff,"No new evidence source. Trace source IDs through the approved Phase 1-6 ledgers. Owner review is workflow and underwriting-judgment metadata, not an observed borrower fact or post-cutoff analytical evidence; stated conditions remain open."
P7L-00280,data/phase7/processed/COVENANT_TEST_RESULTS.csv,P7CT-0097,record,SRC-001;SRC-002;SRC-003,STR-008;P6M-SEVERE_MITIGATED-P-0048;SEVERE_MITIGATED,proposed_covenant_test_not_official_compliance,owner_reviewed,within_cutoff,"No new evidence source. Trace source IDs through the approved Phase 1-6 ledgers. Owner review is workflow and underwriting-judgment metadata, not an observed borrower fact or post-cutoff analytical evidence; stated conditions remain open."
P7L-00281,data/phase7/processed/COVENANT_TEST_RESULTS.csv,P7CT-0098,record,SRC-001;SRC-002;SRC-003,STR-008;P6M-SEVERE_MITIGATED-P-0051;SEVERE_MITIGATED,proposed_covenant_test_not_official_compliance,owner_reviewed,within_cutoff,"No new evidence source. Trace source IDs through the approved Phase 1-6 ledgers. Owner review is workflow and underwriting-judgment metadata, not an observed borrower fact or post-cutoff analytical evidence; stated conditions remain open."
P7L-00282,data/phase7/processed/COVENANT_TEST_RESULTS.csv,P7CT-0099,record,SRC-001;SRC-002;SRC-003,STR-008;P6M-SEVERE_MITIGATED-P-0054;SEVERE_MITIGATED,proposed_covenant_test_not_official_compliance,owner_reviewed,within_cutoff,"No new evidence source. Trace source IDs through the approved Phase 1-6 ledgers. Owner review is workflow and underwriting-judgment metadata, not an observed borrower fact or post-cutoff analytical evidence; stated conditions remain open."
P7L-00283,data/phase7/processed/COVENANT_TEST_RESULTS.csv,P7CT-0100,record,SRC-001;SRC-002;SRC-003,STR-008;P6M-SEVERE_MITIGATED-P-0057;SEVERE_MITIGATED,proposed_covenant_test_not_official_compliance,owner_reviewed,within_cutoff,"No new evidence source. Trace source IDs through the approved Phase 1-6 ledgers. Owner review is workflow and underwriting-judgment metadata, not an observed borrower fact or post-cutoff analytical evidence; stated conditions remain open."
P7L-00284,data/phase7/processed/COVENANT_TEST_RESULTS.csv,P7CT-0101,record,SRC-001;SRC-002;SRC-003,STR-008;;MODERATE_NO_WAIVER,proposed_covenant_test_not_official_compliance,owner_reviewed,within_cutoff,"No new evidence source. Trace source IDs through the approved Phase 1-6 ledgers. Owner review is workflow and underwriting-judgment metadata, not an observed borrower fact or post-cutoff analytical evidence; stated conditions remain open."
P7L-00285,data/phase7/processed/COVENANT_TEST_RESULTS.csv,P7CT-0102,record,SRC-001;SRC-002;SRC-003,STR-008;P6M-MODERATE_NO_WAIVER-P-0003;MODERATE_NO_WAIVER,proposed_covenant_test_not_official_compliance,owner_reviewed,within_cutoff,"No new evidence source. Trace source IDs through the approved Phase 1-6 ledgers. Owner review is workflow and underwriting-judgment metadata, not an observed borrower fact or post-cutoff analytical evidence; stated conditions remain open."
P7L-00286,data/phase7/processed/COVENANT_TEST_RESULTS.csv,P7CT-0103,record,SRC-001;SRC-002;SRC-003,STR-008;P6M-MODERATE_NO_WAIVER-P-0006;MODERATE_NO_WAIVER,proposed_covenant_test_not_official_compliance,owner_reviewed,within_cutoff,"No new evidence source. Trace source IDs through the approved Phase 1-6 ledgers. Owner review is workflow and underwriting-judgment metadata, not an observed borrower fact or post-cutoff analytical evidence; stated conditions remain open."
P7L-00287,data/phase7/processed/COVENANT_TEST_RESULTS.csv,P7CT-0104,record,SRC-001;SRC-002;SRC-003,STR-008;P6M-MODERATE_NO_WAIVER-P-0009;MODERATE_NO_WAIVER,proposed_covenant_test_not_official_compliance,owner_reviewed,within_cutoff,"No new evidence source. Trace source IDs through the approved Phase 1-6 ledgers. Owner review is workflow and underwriting-judgment metadata, not an observed borrower fact or post-cutoff analytical evidence; stated conditions remain open."
P7L-00288,data/phase7/processed/COVENANT_TEST_RESULTS.csv,P7CT-0105,record,SRC-001;SRC-002;SRC-003,STR-008;P6M-MODERATE_NO_WAIVER-P-0012;MODERATE_NO_WAIVER,proposed_covenant_test_not_official_compliance,owner_reviewed,within_cutoff,"No new evidence source. Trace source IDs through the approved Phase 1-6 ledgers. Owner review is workflow and underwriting-judgment metadata, not an observed borrower fact or post-cutoff analytical evidence; stated conditions remain open."
P7L-00289,data/phase7/processed/COVENANT_TEST_RESULTS.csv,P7CT-0106,record,SRC-001;SRC-002;SRC-003,STR-008;P6M-MODERATE_NO_WAIVER-P-0015;MODERATE_NO_WAIVER,proposed_covenant_test_not_official_compliance,owner_reviewed,within_cutoff,"No new evidence source. Trace source IDs through the approved Phase 1-6 ledgers. Owner review is workflow and underwriting-judgment metadata, not an observed borrower fact or post-cutoff analytical evidence; stated conditions remain open."
P7L-00290,data/phase7/processed/COVENANT_TEST_RESULTS.csv,P7CT-0107,record,SRC-001;SRC-002;SRC-003,STR-008;P6M-MODERATE_NO_WAIVER-P-0018;MODERATE_NO_WAIVER,proposed_covenant_test_not_official_compliance,owner_reviewed,within_cutoff,"No new evidence source. Trace source IDs through the approved Phase 1-6 ledgers. Owner review is workflow and underwriting-judgment metadata, not an observed borrower fact or post-cutoff analytical evidence; stated conditions remain open."
P7L-00291,data/phase7/processed/COVENANT_TEST_RESULTS.csv,P7CT-0108,record,SRC-001;SRC-002;SRC-003,STR-008;P6M-MODERATE_NO_WAIVER-P-0021;MODERATE_NO_WAIVER,proposed_covenant_test_not_official_compliance,owner_reviewed,within_cutoff,"No new evidence source. Trace source IDs through the approved Phase 1-6 ledgers. Owner review is workflow and underwriting-judgment metadata, not an observed borrower fact or post-cutoff analytical evidence; stated conditions remain open."
P7L-00292,data/phase7/processed/COVENANT_TEST_RESULTS.csv,P7CT-0109,record,SRC-001;SRC-002;SRC-003,STR-008;P6M-MODERATE_NO_WAIVER-P-0024;MODERATE_NO_WAIVER,proposed_covenant_test_not_official_compliance,owner_reviewed,within_cutoff,"No new evidence source. Trace source IDs through the approved Phase 1-6 ledgers. Owner review is workflow and underwriting-judgment metadata, not an observed borrower fact or post-cutoff analytical evidence; stated conditions remain open."
P7L-00293,data/phase7/processed/COVENANT_TEST_RESULTS.csv,P7CT-0110,record,SRC-001;SRC-002;SRC-003,STR-008;P6M-MODERATE_NO_WAIVER-P-0027;MODERATE_NO_WAIVER,proposed_covenant_test_not_official_compliance,owner_reviewed,within_cutoff,"No new evidence source. Trace source IDs through the approved Phase 1-6 ledgers. Owner review is workflow and underwriting-judgment metadata, not an observed borrower fact or post-cutoff analytical evidence; stated conditions remain open."
P7L-00294,data/phase7/processed/COVENANT_TEST_RESULTS.csv,P7CT-0111,record,SRC-001;SRC-002;SRC-003,STR-008;P6M-MODERATE_NO_WAIVER-P-0030;MODERATE_NO_WAIVER,proposed_covenant_test_not_official_compliance,owner_reviewed,within_cutoff,"No new evidence source. Trace source IDs through the approved Phase 1-6 ledgers. Owner review is workflow and underwriting-judgment metadata, not an observed borrower fact or post-cutoff analytical evidence; stated conditions remain open."
P7L-00295,data/phase7/processed/COVENANT_TEST_RESULTS.csv,P7CT-0112,record,SRC-001;SRC-002;SRC-003,STR-008;P6M-MODERATE_NO_WAIVER-P-0033;MODERATE_NO_WAIVER,proposed_covenant_test_not_official_compliance,owner_reviewed,within_cutoff,"No new evidence source. Trace source IDs through the approved Phase 1-6 ledgers. Owner review is workflow and underwriting-judgment metadata, not an observed borrower fact or post-cutoff analytical evidence; stated conditions remain open."
P7L-00296,data/phase7/processed/COVENANT_TEST_RESULTS.csv,P7CT-0113,record,SRC-001;SRC-002;SRC-003,STR-008;P6M-MODERATE_NO_WAIVER-P-0036;MODERATE_NO_WAIVER,proposed_covenant_test_not_official_compliance,owner_reviewed,within_cutoff,"No new evidence source. Trace source IDs through the approved Phase 1-6 ledgers. Owner review is workflow and underwriting-judgment metadata, not an observed borrower fact or post-cutoff analytical evidence; stated conditions remain open."
P7L-00297,data/phase7/processed/COVENANT_TEST_RESULTS.csv,P7CT-0114,record,SRC-001;SRC-002;SRC-003,STR-008;P6M-MODERATE_NO_WAIVER-P-0039;MODERATE_NO_WAIVER,proposed_covenant_test_not_official_compliance,owner_reviewed,within_cutoff,"No new evidence source. Trace source IDs through the approved Phase 1-6 ledgers. Owner review is workflow and underwriting-judgment metadata, not an observed borrower fact or post-cutoff analytical evidence; stated conditions remain open."
P7L-00298,data/phase7/processed/COVENANT_TEST_RESULTS.csv,P7CT-0115,record,SRC-001;SRC-002;SRC-003,STR-008;P6M-MODERATE_NO_WAIVER-P-0042;MODERATE_NO_WAIVER,proposed_covenant_test_not_official_compliance,owner_reviewed,within_cutoff,"No new evidence source. Trace source IDs through the approved Phase 1-6 ledgers. Owner review is workflow and underwriting-judgment metadata, not an observed borrower fact or post-cutoff analytical evidence; stated conditions remain open."
P7L-00299,data/phase7/processed/COVENANT_TEST_RESULTS.csv,P7CT-0116,record,SRC-001;SRC-002;SRC-003,STR-008;P6M-MODERATE_NO_WAIVER-P-0045;MODERATE_NO_WAIVER,proposed_covenant_test_not_official_compliance,owner_reviewed,within_cutoff,"No new evidence source. Trace source IDs through the approved Phase 1-6 ledgers. Owner review is workflow and underwriting-judgment metadata, not an observed borrower fact or post-cutoff analytical evidence; stated conditions remain open."
P7L-00300,data/phase7/processed/COVENANT_TEST_RESULTS.csv,P7CT-0117,record,SRC-001;SRC-002;SRC-003,STR-008;P6M-MODERATE_NO_WAIVER-P-0048;MODERATE_NO_WAIVER,proposed_covenant_test_not_official_compliance,owner_reviewed,within_cutoff,"No new evidence source. Trace source IDs through the approved Phase 1-6 ledgers. Owner review is workflow and underwriting-judgment metadata, not an observed borrower fact or post-cutoff analytical evidence; stated conditions remain open."
P7L-00301,data/phase7/processed/COVENANT_TEST_RESULTS.csv,P7CT-0118,record,SRC-001;SRC-002;SRC-003,STR-008;P6M-MODERATE_NO_WAIVER-P-0051;MODERATE_NO_WAIVER,proposed_covenant_test_not_official_compliance,owner_reviewed,within_cutoff,"No new evidence source. Trace source IDs through the approved Phase 1-6 ledgers. Owner review is workflow and underwriting-judgment metadata, not an observed borrower fact or post-cutoff analytical evidence; stated conditions remain open."
P7L-00302,data/phase7/processed/COVENANT_TEST_RESULTS.csv,P7CT-0119,record,SRC-001;SRC-002;SRC-003,STR-008;P6M-MODERATE_NO_WAIVER-P-0054;MODERATE_NO_WAIVER,proposed_covenant_test_not_official_compliance,owner_reviewed,within_cutoff,"No new evidence source. Trace source IDs through the approved Phase 1-6 ledgers. Owner review is workflow and underwriting-judgment metadata, not an observed borrower fact or post-cutoff analytical evidence; stated conditions remain open."
P7L-00303,data/phase7/processed/COVENANT_TEST_RESULTS.csv,P7CT-0120,record,SRC-001;SRC-002;SRC-003,STR-008;P6M-MODERATE_NO_WAIVER-P-0057;MODERATE_NO_WAIVER,proposed_covenant_test_not_official_compliance,owner_reviewed,within_cutoff,"No new evidence source. Trace source IDs through the approved Phase 1-6 ledgers. Owner review is workflow and underwriting-judgment metadata, not an observed borrower fact or post-cutoff analytical evidence; stated conditions remain open."
P7L-00304,data/phase7/processed/COVENANT_TEST_RESULTS.csv,P7CT-0121,record,SRC-001;SRC-002;SRC-003,STR-008;;SEVERE_NO_WAIVER,proposed_covenant_test_not_official_compliance,owner_reviewed,within_cutoff,"No new evidence source. Trace source IDs through the approved Phase 1-6 ledgers. Owner review is workflow and underwriting-judgment metadata, not an observed borrower fact or post-cutoff analytical evidence; stated conditions remain open."
P7L-00305,data/phase7/processed/COVENANT_TEST_RESULTS.csv,P7CT-0122,record,SRC-001;SRC-002;SRC-003,STR-008;P6M-SEVERE_NO_WAIVER-P-0003;SEVERE_NO_WAIVER,proposed_covenant_test_not_official_compliance,owner_reviewed,within_cutoff,"No new evidence source. Trace source IDs through the approved Phase 1-6 ledgers. Owner review is workflow and underwriting-judgment metadata, not an observed borrower fact or post-cutoff analytical evidence; stated conditions remain open."
P7L-00306,data/phase7/processed/COVENANT_TEST_RESULTS.csv,P7CT-0123,record,SRC-001;SRC-002;SRC-003,STR-008;P6M-SEVERE_NO_WAIVER-P-0006;SEVERE_NO_WAIVER,proposed_covenant_test_not_official_compliance,owner_reviewed,within_cutoff,"No new evidence source. Trace source IDs through the approved Phase 1-6 ledgers. Owner review is workflow and underwriting-judgment metadata, not an observed borrower fact or post-cutoff analytical evidence; stated conditions remain open."
P7L-00307,data/phase7/processed/COVENANT_TEST_RESULTS.csv,P7CT-0124,record,SRC-001;SRC-002;SRC-003,STR-008;P6M-SEVERE_NO_WAIVER-P-0009;SEVERE_NO_WAIVER,proposed_covenant_test_not_official_compliance,owner_reviewed,within_cutoff,"No new evidence source. Trace source IDs through the approved Phase 1-6 ledgers. Owner review is workflow and underwriting-judgment metadata, not an observed borrower fact or post-cutoff analytical evidence; stated conditions remain open."
P7L-00308,data/phase7/processed/COVENANT_TEST_RESULTS.csv,P7CT-0125,record,SRC-001;SRC-002;SRC-003,STR-008;P6M-SEVERE_NO_WAIVER-P-0012;SEVERE_NO_WAIVER,proposed_covenant_test_not_official_compliance,owner_reviewed,within_cutoff,"No new evidence source. Trace source IDs through the approved Phase 1-6 ledgers. Owner review is workflow and underwriting-judgment metadata, not an observed borrower fact or post-cutoff analytical evidence; stated conditions remain open."
P7L-00309,data/phase7/processed/COVENANT_TEST_RESULTS.csv,P7CT-0126,record,SRC-001;SRC-002;SRC-003,STR-008;P6M-SEVERE_NO_WAIVER-P-0015;SEVERE_NO_WAIVER,proposed_covenant_test_not_official_compliance,owner_reviewed,within_cutoff,"No new evidence source. Trace source IDs through the approved Phase 1-6 ledgers. Owner review is workflow and underwriting-judgment metadata, not an observed borrower fact or post-cutoff analytical evidence; stated conditions remain open."
P7L-00310,data/phase7/processed/COVENANT_TEST_RESULTS.csv,P7CT-0127,record,SRC-001;SRC-002;SRC-003,STR-008;P6M-SEVERE_NO_WAIVER-P-0018;SEVERE_NO_WAIVER,proposed_covenant_test_not_official_compliance,owner_reviewed,within_cutoff,"No new evidence source. Trace source IDs through the approved Phase 1-6 ledgers. Owner review is workflow and underwriting-judgment metadata, not an observed borrower fact or post-cutoff analytical evidence; stated conditions remain open."
P7L-00311,data/phase7/processed/COVENANT_TEST_RESULTS.csv,P7CT-0128,record,SRC-001;SRC-002;SRC-003,STR-008;P6M-SEVERE_NO_WAIVER-P-0021;SEVERE_NO_WAIVER,proposed_covenant_test_not_official_compliance,owner_reviewed,within_cutoff,"No new evidence source. Trace source IDs through the approved Phase 1-6 ledgers. Owner review is workflow and underwriting-judgment metadata, not an observed borrower fact or post-cutoff analytical evidence; stated conditions remain open."
P7L-00312,data/phase7/processed/COVENANT_TEST_RESULTS.csv,P7CT-0129,record,SRC-001;SRC-002;SRC-003,STR-008;P6M-SEVERE_NO_WAIVER-P-0024;SEVERE_NO_WAIVER,proposed_covenant_test_not_official_compliance,owner_reviewed,within_cutoff,"No new evidence source. Trace source IDs through the approved Phase 1-6 ledgers. Owner review is workflow and underwriting-judgment metadata, not an observed borrower fact or post-cutoff analytical evidence; stated conditions remain open."
P7L-00313,data/phase7/processed/COVENANT_TEST_RESULTS.csv,P7CT-0130,record,SRC-001;SRC-002;SRC-003,STR-008;P6M-SEVERE_NO_WAIVER-P-0027;SEVERE_NO_WAIVER,proposed_covenant_test_not_official_compliance,owner_reviewed,within_cutoff,"No new evidence source. Trace source IDs through the approved Phase 1-6 ledgers. Owner review is workflow and underwriting-judgment metadata, not an observed borrower fact or post-cutoff analytical evidence; stated conditions remain open."
P7L-00314,data/phase7/processed/COVENANT_TEST_RESULTS.csv,P7CT-0131,record,SRC-001;SRC-002;SRC-003,STR-008;P6M-SEVERE_NO_WAIVER-P-0030;SEVERE_NO_WAIVER,proposed_covenant_test_not_official_compliance,owner_reviewed,within_cutoff,"No new evidence source. Trace source IDs through the approved Phase 1-6 ledgers. Owner review is workflow and underwriting-judgment metadata, not an observed borrower fact or post-cutoff analytical evidence; stated conditions remain open."
P7L-00315,data/phase7/processed/COVENANT_TEST_RESULTS.csv,P7CT-0132,record,SRC-001;SRC-002;SRC-003,STR-008;P6M-SEVERE_NO_WAIVER-P-0033;SEVERE_NO_WAIVER,proposed_covenant_test_not_official_compliance,owner_reviewed,within_cutoff,"No new evidence source. Trace source IDs through the approved Phase 1-6 ledgers. Owner review is workflow and underwriting-judgment metadata, not an observed borrower fact or post-cutoff analytical evidence; stated conditions remain open."
P7L-00316,data/phase7/processed/COVENANT_TEST_RESULTS.csv,P7CT-0133,record,SRC-001;SRC-002;SRC-003,STR-008;P6M-SEVERE_NO_WAIVER-P-0036;SEVERE_NO_WAIVER,proposed_covenant_test_not_official_compliance,owner_reviewed,within_cutoff,"No new evidence source. Trace source IDs through the approved Phase 1-6 ledgers. Owner review is workflow and underwriting-judgment metadata, not an observed borrower fact or post-cutoff analytical evidence; stated conditions remain open."
P7L-00317,data/phase7/processed/COVENANT_TEST_RESULTS.csv,P7CT-0134,record,SRC-001;SRC-002;SRC-003,STR-008;P6M-SEVERE_NO_WAIVER-P-0039;SEVERE_NO_WAIVER,proposed_covenant_test_not_official_compliance,owner_reviewed,within_cutoff,"No new evidence source. Trace source IDs through the approved Phase 1-6 ledgers. Owner review is workflow and underwriting-judgment metadata, not an observed borrower fact or post-cutoff analytical evidence; stated conditions remain open."
P7L-00318,data/phase7/processed/COVENANT_TEST_RESULTS.csv,P7CT-0135,record,SRC-001;SRC-002;SRC-003,STR-008;P6M-SEVERE_NO_WAIVER-P-0042;SEVERE_NO_WAIVER,proposed_covenant_test_not_official_compliance,owner_reviewed,within_cutoff,"No new evidence source. Trace source IDs through the approved Phase 1-6 ledgers. Owner review is workflow and underwriting-judgment metadata, not an observed borrower fact or post-cutoff analytical evidence; stated conditions remain open."
P7L-00319,data/phase7/processed/COVENANT_TEST_RESULTS.csv,P7CT-0136,record,SRC-001;SRC-002;SRC-003,STR-008;P6M-SEVERE_NO_WAIVER-P-0045;SEVERE_NO_WAIVER,proposed_covenant_test_not_official_compliance,owner_reviewed,within_cutoff,"No new evidence source. Trace source IDs through the approved Phase 1-6 ledgers. Owner review is workflow and underwriting-judgment metadata, not an observed borrower fact or post-cutoff analytical evidence; stated conditions remain open."
P7L-00320,data/phase7/processed/COVENANT_TEST_RESULTS.csv,P7CT-0137,record,SRC-001;SRC-002;SRC-003,STR-008;P6M-SEVERE_NO_WAIVER-P-0048;SEVERE_NO_WAIVER,proposed_covenant_test_not_official_compliance,owner_reviewed,within_cutoff,"No new evidence source. Trace source IDs through the approved Phase 1-6 ledgers. Owner review is workflow and underwriting-judgment metadata, not an observed borrower fact or post-cutoff analytical evidence; stated conditions remain open."
P7L-00321,data/phase7/processed/COVENANT_TEST_RESULTS.csv,P7CT-0138,record,SRC-001;SRC-002;SRC-003,STR-008;P6M-SEVERE_NO_WAIVER-P-0051;SEVERE_NO_WAIVER,proposed_covenant_test_not_official_compliance,owner_reviewed,within_cutoff,"No new evidence source. Trace source IDs through the approved Phase 1-6 ledgers. Owner review is workflow and underwriting-judgment metadata, not an observed borrower fact or post-cutoff analytical evidence; stated conditions remain open."
P7L-00322,data/phase7/processed/COVENANT_TEST_RESULTS.csv,P7CT-0139,record,SRC-001;SRC-002;SRC-003,STR-008;P6M-SEVERE_NO_WAIVER-P-0054;SEVERE_NO_WAIVER,proposed_covenant_test_not_official_compliance,owner_reviewed,within_cutoff,"No new evidence source. Trace source IDs through the approved Phase 1-6 ledgers. Owner review is workflow and underwriting-judgment metadata, not an observed borrower fact or post-cutoff analytical evidence; stated conditions remain open."
P7L-00323,data/phase7/processed/COVENANT_TEST_RESULTS.csv,P7CT-0140,record,SRC-001;SRC-002;SRC-003,STR-008;P6M-SEVERE_NO_WAIVER-P-0057;SEVERE_NO_WAIVER,proposed_covenant_test_not_official_compliance,owner_reviewed,within_cutoff,"No new evidence source. Trace source IDs through the approved Phase 1-6 ledgers. Owner review is workflow and underwriting-judgment metadata, not an observed borrower fact or post-cutoff analytical evidence; stated conditions remain open."
P7L-00324,data/phase7/processed/COVENANT_TEST_RESULTS.csv,P7CT-0141,record,SRC-001;SRC-002;SRC-003,STR-008;;MODERATE_PHASE7_COVENANT_NO_WAIVER,proposed_covenant_test_not_official_compliance,owner_reviewed,within_cutoff,"No new evidence source. Trace source IDs through the approved Phase 1-6 ledgers. Owner review is workflow and underwriting-judgment metadata, not an observed borrower fact or post-cutoff analytical evidence; stated conditions remain open."
P7L-00325,data/phase7/processed/COVENANT_TEST_RESULTS.csv,P7CT-0142,record,SRC-001;SRC-002;SRC-003,STR-008;P6M-MODERATE_PHASE7_COVENANT_NO_WAIVER-P-0003;MODERATE_PHASE7_COVENANT_NO_WAIVER,proposed_covenant_test_not_official_compliance,owner_reviewed,within_cutoff,"No new evidence source. Trace source IDs through the approved Phase 1-6 ledgers. Owner review is workflow and underwriting-judgment metadata, not an observed borrower fact or post-cutoff analytical evidence; stated conditions remain open."
P7L-00326,data/phase7/processed/COVENANT_TEST_RESULTS.csv,P7CT-0143,record,SRC-001;SRC-002;SRC-003,STR-008;P6M-MODERATE_PHASE7_COVENANT_NO_WAIVER-P-0006;MODERATE_PHASE7_COVENANT_NO_WAIVER,proposed_covenant_test_not_official_compliance,owner_reviewed,within_cutoff,"No new evidence source. Trace source IDs through the approved Phase 1-6 ledgers. Owner review is workflow and underwriting-judgment metadata, not an observed borrower fact or post-cutoff analytical evidence; stated conditions remain open."
P7L-00327,data/phase7/processed/COVENANT_TEST_RESULTS.csv,P7CT-0144,record,SRC-001;SRC-002;SRC-003,STR-008;P6M-MODERATE_PHASE7_COVENANT_NO_WAIVER-P-0009;MODERATE_PHASE7_COVENANT_NO_WAIVER,proposed_covenant_test_not_official_compliance,owner_reviewed,within_cutoff,"No new evidence source. Trace source IDs through the approved Phase 1-6 ledgers. Owner review is workflow and underwriting-judgment metadata, not an observed borrower fact or post-cutoff analytical evidence; stated conditions remain open."
P7L-00328,data/phase7/processed/COVENANT_TEST_RESULTS.csv,P7CT-0145,record,SRC-001;SRC-002;SRC-003,STR-008;P6M-MODERATE_PHASE7_COVENANT_NO_WAIVER-P-0012;MODERATE_PHASE7_COVENANT_NO_WAIVER,proposed_covenant_test_not_official_compliance,owner_reviewed,within_cutoff,"No new evidence source. Trace source IDs through the approved Phase 1-6 ledgers. Owner review is workflow and underwriting-judgment metadata, not an observed borrower fact or post-cutoff analytical evidence; stated conditions remain open."
P7L-00329,data/phase7/processed/COVENANT_TEST_RESULTS.csv,P7CT-0146,record,SRC-001;SRC-002;SRC-003,STR-008;P6M-MODERATE_PHASE7_COVENANT_NO_WAIVER-P-0015;MODERATE_PHASE7_COVENANT_NO_WAIVER,proposed_covenant_test_not_official_compliance,owner_reviewed,within_cutoff,"No new evidence source. Trace source IDs through the approved Phase 1-6 ledgers. Owner review is workflow and underwriting-judgment metadata, not an observed borrower fact or post-cutoff analytical evidence; stated conditions remain open."
P7L-00330,data/phase7/processed/COVENANT_TEST_RESULTS.csv,P7CT-0147,record,SRC-001;SRC-002;SRC-003,STR-008;P6M-MODERATE_PHASE7_COVENANT_NO_WAIVER-P-0018;MODERATE_PHASE7_COVENANT_NO_WAIVER,proposed_covenant_test_not_official_compliance,owner_reviewed,within_cutoff,"No new evidence source. Trace source IDs through the approved Phase 1-6 ledgers. Owner review is workflow and underwriting-judgment metadata, not an observed borrower fact or post-cutoff analytical evidence; stated conditions remain open."
P7L-00331,data/phase7/processed/COVENANT_TEST_RESULTS.csv,P7CT-0148,record,SRC-001;SRC-002;SRC-003,STR-008;P6M-MODERATE_PHASE7_COVENANT_NO_WAIVER-P-0021;MODERATE_PHASE7_COVENANT_NO_WAIVER,proposed_covenant_test_not_official_compliance,owner_reviewed,within_cutoff,"No new evidence source. Trace source IDs through the approved Phase 1-6 ledgers. Owner review is workflow and underwriting-judgment metadata, not an observed borrower fact or post-cutoff analytical evidence; stated conditions remain open."
P7L-00332,data/phase7/processed/COVENANT_TEST_RESULTS.csv,P7CT-0149,record,SRC-001;SRC-002;SRC-003,STR-008;P6M-MODERATE_PHASE7_COVENANT_NO_WAIVER-P-0024;MODERATE_PHASE7_COVENANT_NO_WAIVER,proposed_covenant_test_not_official_compliance,owner_reviewed,within_cutoff,"No new evidence source. Trace source IDs through the approved Phase 1-6 ledgers. Owner review is workflow and underwriting-judgment metadata, not an observed borrower fact or post-cutoff analytical evidence; stated conditions remain open."
P7L-00333,data/phase7/processed/COVENANT_TEST_RESULTS.csv,P7CT-0150,record,SRC-001;SRC-002;SRC-003,STR-008;P6M-MODERATE_PHASE7_COVENANT_NO_WAIVER-P-0027;MODERATE_PHASE7_COVENANT_NO_WAIVER,proposed_covenant_test_not_official_compliance,owner_reviewed,within_cutoff,"No new evidence source. Trace source IDs through the approved Phase 1-6 ledgers. Owner review is workflow and underwriting-judgment metadata, not an observed borrower fact or post-cutoff analytical evidence; stated conditions remain open."
P7L-00334,data/phase7/processed/COVENANT_TEST_RESULTS.csv,P7CT-0151,record,SRC-001;SRC-002;SRC-003,STR-008;P6M-MODERATE_PHASE7_COVENANT_NO_WAIVER-P-0030;MODERATE_PHASE7_COVENANT_NO_WAIVER,proposed_covenant_test_not_official_compliance,owner_reviewed,within_cutoff,"No new evidence source. Trace source IDs through the approved Phase 1-6 ledgers. Owner review is workflow and underwriting-judgment metadata, not an observed borrower fact or post-cutoff analytical evidence; stated conditions remain open."
P7L-00335,data/phase7/processed/COVENANT_TEST_RESULTS.csv,P7CT-0152,record,SRC-001;SRC-002;SRC-003,STR-008;P6M-MODERATE_PHASE7_COVENANT_NO_WAIVER-P-0033;MODERATE_PHASE7_COVENANT_NO_WAIVER,proposed_covenant_test_not_official_compliance,owner_reviewed,within_cutoff,"No new evidence source. Trace source IDs through the approved Phase 1-6 ledgers. Owner review is workflow and underwriting-judgment metadata, not an observed borrower fact or post-cutoff analytical evidence; stated conditions remain open."
P7L-00336,data/phase7/processed/COVENANT_TEST_RESULTS.csv,P7CT-0153,record,SRC-001;SRC-002;SRC-003,STR-008;P6M-MODERATE_PHASE7_COVENANT_NO_WAIVER-P-0036;MODERATE_PHASE7_COVENANT_NO_WAIVER,proposed_covenant_test_not_official_compliance,owner_reviewed,within_cutoff,"No new evidence source. Trace source IDs through the approved Phase 1-6 ledgers. Owner review is workflow and underwriting-judgment metadata, not an observed borrower fact or post-cutoff analytical evidence; stated conditions remain open."
P7L-00337,data/phase7/processed/COVENANT_TEST_RESULTS.csv,P7CT-0154,record,SRC-001;SRC-002;SRC-003,STR-008;P6M-MODERATE_PHASE7_COVENANT_NO_WAIVER-P-0039;MODERATE_PHASE7_COVENANT_NO_WAIVER,proposed_covenant_test_not_official_compliance,owner_reviewed,within_cutoff,"No new evidence source. Trace source IDs through the approved Phase 1-6 ledgers. Owner review is workflow and underwriting-judgment metadata, not an observed borrower fact or post-cutoff analytical evidence; stated conditions remain open."
P7L-00338,data/phase7/processed/COVENANT_TEST_RESULTS.csv,P7CT-0155,record,SRC-001;SRC-002;SRC-003,STR-008;P6M-MODERATE_PHASE7_COVENANT_NO_WAIVER-P-0042;MODERATE_PHASE7_COVENANT_NO_WAIVER,proposed_covenant_test_not_official_compliance,owner_reviewed,within_cutoff,"No new evidence source. Trace source IDs through the approved Phase 1-6 ledgers. Owner review is workflow and underwriting-judgment metadata, not an observed borrower fact or post-cutoff analytical evidence; stated conditions remain open."
P7L-00339,data/phase7/processed/COVENANT_TEST_RESULTS.csv,P7CT-0156,record,SRC-001;SRC-002;SRC-003,STR-008;P6M-MODERATE_PHASE7_COVENANT_NO_WAIVER-P-0045;MODERATE_PHASE7_COVENANT_NO_WAIVER,proposed_covenant_test_not_official_compliance,owner_reviewed,within_cutoff,"No new evidence source. Trace source IDs through the approved Phase 1-6 ledgers. Owner review is workflow and underwriting-judgment metadata, not an observed borrower fact or post-cutoff analytical evidence; stated conditions remain open."
P7L-00340,data/phase7/processed/COVENANT_TEST_RESULTS.csv,P7CT-0157,record,SRC-001;SRC-002;SRC-003,STR-008;P6M-MODERATE_PHASE7_COVENANT_NO_WAIVER-P-0048;MODERATE_PHASE7_COVENANT_NO_WAIVER,proposed_covenant_test_not_official_compliance,owner_reviewed,within_cutoff,"No new evidence source. Trace source IDs through the approved Phase 1-6 ledgers. Owner review is workflow and underwriting-judgment metadata, not an observed borrower fact or post-cutoff analytical evidence; stated conditions remain open."
P7L-00341,data/phase7/processed/COVENANT_TEST_RESULTS.csv,P7CT-0158,record,SRC-001;SRC-002;SRC-003,STR-008;P6M-MODERATE_PHASE7_COVENANT_NO_WAIVER-P-0051;MODERATE_PHASE7_COVENANT_NO_WAIVER,proposed_covenant_test_not_official_compliance,owner_reviewed,within_cutoff,"No new evidence source. Trace source IDs through the approved Phase 1-6 ledgers. Owner review is workflow and underwriting-judgment metadata, not an observed borrower fact or post-cutoff analytical evidence; stated conditions remain open."
P7L-00342,data/phase7/processed/COVENANT_TEST_RESULTS.csv,P7CT-0159,record,SRC-001;SRC-002;SRC-003,STR-008;P6M-MODERATE_PHASE7_COVENANT_NO_WAIVER-P-0054;MODERATE_PHASE7_COVENANT_NO_WAIVER,proposed_covenant_test_not_official_compliance,owner_reviewed,within_cutoff,"No new evidence source. Trace source IDs through the approved Phase 1-6 ledgers. Owner review is workflow and underwriting-judgment metadata, not an observed borrower fact or post-cutoff analytical evidence; stated conditions remain open."
P7L-00343,data/phase7/processed/COVENANT_TEST_RESULTS.csv,P7CT-0160,record,SRC-001;SRC-002;SRC-003,STR-008;P6M-MODERATE_PHASE7_COVENANT_NO_WAIVER-P-0057;MODERATE_PHASE7_COVENANT_NO_WAIVER,proposed_covenant_test_not_official_compliance,owner_reviewed,within_cutoff,"No new evidence source. Trace source IDs through the approved Phase 1-6 ledgers. Owner review is workflow and underwriting-judgment metadata, not an observed borrower fact or post-cutoff analytical evidence; stated conditions remain open."
P7L-00344,data/phase7/processed/COVENANT_TEST_RESULTS.csv,P7CT-0161,record,SRC-001;SRC-002;SRC-003,STR-008;;SEVERE_PHASE7_COVENANT_NO_WAIVER,proposed_covenant_test_not_official_compliance,owner_reviewed,within_cutoff,"No new evidence source. Trace source IDs through the approved Phase 1-6 ledgers. Owner review is workflow and underwriting-judgment metadata, not an observed borrower fact or post-cutoff analytical evidence; stated conditions remain open."
P7L-00345,data/phase7/processed/COVENANT_TEST_RESULTS.csv,P7CT-0162,record,SRC-001;SRC-002;SRC-003,STR-008;P6M-SEVERE_PHASE7_COVENANT_NO_WAIVER-P-0003;SEVERE_PHASE7_COVENANT_NO_WAIVER,proposed_covenant_test_not_official_compliance,owner_reviewed,within_cutoff,"No new evidence source. Trace source IDs through the approved Phase 1-6 ledgers. Owner review is workflow and underwriting-judgment metadata, not an observed borrower fact or post-cutoff analytical evidence; stated conditions remain open."
P7L-00346,data/phase7/processed/COVENANT_TEST_RESULTS.csv,P7CT-0163,record,SRC-001;SRC-002;SRC-003,STR-008;P6M-SEVERE_PHASE7_COVENANT_NO_WAIVER-P-0006;SEVERE_PHASE7_COVENANT_NO_WAIVER,proposed_covenant_test_not_official_compliance,owner_reviewed,within_cutoff,"No new evidence source. Trace source IDs through the approved Phase 1-6 ledgers. Owner review is workflow and underwriting-judgment metadata, not an observed borrower fact or post-cutoff analytical evidence; stated conditions remain open."
P7L-00347,data/phase7/processed/COVENANT_TEST_RESULTS.csv,P7CT-0164,record,SRC-001;SRC-002;SRC-003,STR-008;P6M-SEVERE_PHASE7_COVENANT_NO_WAIVER-P-0009;SEVERE_PHASE7_COVENANT_NO_WAIVER,proposed_covenant_test_not_official_compliance,owner_reviewed,within_cutoff,"No new evidence source. Trace source IDs through the approved Phase 1-6 ledgers. Owner review is workflow and underwriting-judgment metadata, not an observed borrower fact or post-cutoff analytical evidence; stated conditions remain open."
P7L-00348,data/phase7/processed/COVENANT_TEST_RESULTS.csv,P7CT-0165,record,SRC-001;SRC-002;SRC-003,STR-008;P6M-SEVERE_PHASE7_COVENANT_NO_WAIVER-P-0012;SEVERE_PHASE7_COVENANT_NO_WAIVER,proposed_covenant_test_not_official_compliance,owner_reviewed,within_cutoff,"No new evidence source. Trace source IDs through the approved Phase 1-6 ledgers. Owner review is workflow and underwriting-judgment metadata, not an observed borrower fact or post-cutoff analytical evidence; stated conditions remain open."
P7L-00349,data/phase7/processed/COVENANT_TEST_RESULTS.csv,P7CT-0166,record,SRC-001;SRC-002;SRC-003,STR-008;P6M-SEVERE_PHASE7_COVENANT_NO_WAIVER-P-0015;SEVERE_PHASE7_COVENANT_NO_WAIVER,proposed_covenant_test_not_official_compliance,owner_reviewed,within_cutoff,"No new evidence source. Trace source IDs through the approved Phase 1-6 ledgers. Owner review is workflow and underwriting-judgment metadata, not an observed borrower fact or post-cutoff analytical evidence; stated conditions remain open."
P7L-00350,data/phase7/processed/COVENANT_TEST_RESULTS.csv,P7CT-0167,record,SRC-001;SRC-002;SRC-003,STR-008;P6M-SEVERE_PHASE7_COVENANT_NO_WAIVER-P-0018;SEVERE_PHASE7_COVENANT_NO_WAIVER,proposed_covenant_test_not_official_compliance,owner_reviewed,within_cutoff,"No new evidence source. Trace source IDs through the approved Phase 1-6 ledgers. Owner review is workflow and underwriting-judgment metadata, not an observed borrower fact or post-cutoff analytical evidence; stated conditions remain open."
P7L-00351,data/phase7/processed/COVENANT_TEST_RESULTS.csv,P7CT-0168,record,SRC-001;SRC-002;SRC-003,STR-008;P6M-SEVERE_PHASE7_COVENANT_NO_WAIVER-P-0021;SEVERE_PHASE7_COVENANT_NO_WAIVER,proposed_covenant_test_not_official_compliance,owner_reviewed,within_cutoff,"No new evidence source. Trace source IDs through the approved Phase 1-6 ledgers. Owner review is workflow and underwriting-judgment metadata, not an observed borrower fact or post-cutoff analytical evidence; stated conditions remain open."
P7L-00352,data/phase7/processed/COVENANT_TEST_RESULTS.csv,P7CT-0169,record,SRC-001;SRC-002;SRC-003,STR-008;P6M-SEVERE_PHASE7_COVENANT_NO_WAIVER-P-0024;SEVERE_PHASE7_COVENANT_NO_WAIVER,proposed_covenant_test_not_official_compliance,owner_reviewed,within_cutoff,"No new evidence source. Trace source IDs through the approved Phase 1-6 ledgers. Owner review is workflow and underwriting-judgment metadata, not an observed borrower fact or post-cutoff analytical evidence; stated conditions remain open."
P7L-00353,data/phase7/processed/COVENANT_TEST_RESULTS.csv,P7CT-0170,record,SRC-001;SRC-002;SRC-003,STR-008;P6M-SEVERE_PHASE7_COVENANT_NO_WAIVER-P-0027;SEVERE_PHASE7_COVENANT_NO_WAIVER,proposed_covenant_test_not_official_compliance,owner_reviewed,within_cutoff,"No new evidence source. Trace source IDs through the approved Phase 1-6 ledgers. Owner review is workflow and underwriting-judgment metadata, not an observed borrower fact or post-cutoff analytical evidence; stated conditions remain open."
P7L-00354,data/phase7/processed/COVENANT_TEST_RESULTS.csv,P7CT-0171,record,SRC-001;SRC-002;SRC-003,STR-008;P6M-SEVERE_PHASE7_COVENANT_NO_WAIVER-P-0030;SEVERE_PHASE7_COVENANT_NO_WAIVER,proposed_covenant_test_not_official_compliance,owner_reviewed,within_cutoff,"No new evidence source. Trace source IDs through the approved Phase 1-6 ledgers. Owner review is workflow and underwriting-judgment metadata, not an observed borrower fact or post-cutoff analytical evidence; stated conditions remain open."
P7L-00355,data/phase7/processed/COVENANT_TEST_RESULTS.csv,P7CT-0172,record,SRC-001;SRC-002;SRC-003,STR-008;P6M-SEVERE_PHASE7_COVENANT_NO_WAIVER-P-0033;SEVERE_PHASE7_COVENANT_NO_WAIVER,proposed_covenant_test_not_official_compliance,owner_reviewed,within_cutoff,"No new evidence source. Trace source IDs through the approved Phase 1-6 ledgers. Owner review is workflow and underwriting-judgment metadata, not an observed borrower fact or post-cutoff analytical evidence; stated conditions remain open."
P7L-00356,data/phase7/processed/COVENANT_TEST_RESULTS.csv,P7CT-0173,record,SRC-001;SRC-002;SRC-003,STR-008;P6M-SEVERE_PHASE7_COVENANT_NO_WAIVER-P-0036;SEVERE_PHASE7_COVENANT_NO_WAIVER,proposed_covenant_test_not_official_compliance,owner_reviewed,within_cutoff,"No new evidence source. Trace source IDs through the approved Phase 1-6 ledgers. Owner review is workflow and underwriting-judgment metadata, not an observed borrower fact or post-cutoff analytical evidence; stated conditions remain open."
P7L-00357,data/phase7/processed/COVENANT_TEST_RESULTS.csv,P7CT-0174,record,SRC-001;SRC-002;SRC-003,STR-008;P6M-SEVERE_PHASE7_COVENANT_NO_WAIVER-P-0039;SEVERE_PHASE7_COVENANT_NO_WAIVER,proposed_covenant_test_not_official_compliance,owner_reviewed,within_cutoff,"No new evidence source. Trace source IDs through the approved Phase 1-6 ledgers. Owner review is workflow and underwriting-judgment metadata, not an observed borrower fact or post-cutoff analytical evidence; stated conditions remain open."
P7L-00358,data/phase7/processed/COVENANT_TEST_RESULTS.csv,P7CT-0175,record,SRC-001;SRC-002;SRC-003,STR-008;P6M-SEVERE_PHASE7_COVENANT_NO_WAIVER-P-0042;SEVERE_PHASE7_COVENANT_NO_WAIVER,proposed_covenant_test_not_official_compliance,owner_reviewed,within_cutoff,"No new evidence source. Trace source IDs through the approved Phase 1-6 ledgers. Owner review is workflow and underwriting-judgment metadata, not an observed borrower fact or post-cutoff analytical evidence; stated conditions remain open."
P7L-00359,data/phase7/processed/COVENANT_TEST_RESULTS.csv,P7CT-0176,record,SRC-001;SRC-002;SRC-003,STR-008;P6M-SEVERE_PHASE7_COVENANT_NO_WAIVER-P-0045;SEVERE_PHASE7_COVENANT_NO_WAIVER,proposed_covenant_test_not_official_compliance,owner_reviewed,within_cutoff,"No new evidence source. Trace source IDs through the approved Phase 1-6 ledgers. Owner review is workflow and underwriting-judgment metadata, not an observed borrower fact or post-cutoff analytical evidence; stated conditions remain open."
P7L-00360,data/phase7/processed/COVENANT_TEST_RESULTS.csv,P7CT-0177,record,SRC-001;SRC-002;SRC-003,STR-008;P6M-SEVERE_PHASE7_COVENANT_NO_WAIVER-P-0048;SEVERE_PHASE7_COVENANT_NO_WAIVER,proposed_covenant_test_not_official_compliance,owner_reviewed,within_cutoff,"No new evidence source. Trace source IDs through the approved Phase 1-6 ledgers. Owner review is workflow and underwriting-judgment metadata, not an observed borrower fact or post-cutoff analytical evidence; stated conditions remain open."
P7L-00361,data/phase7/processed/COVENANT_TEST_RESULTS.csv,P7CT-0178,record,SRC-001;SRC-002;SRC-003,STR-008;P6M-SEVERE_PHASE7_COVENANT_NO_WAIVER-P-0051;SEVERE_PHASE7_COVENANT_NO_WAIVER,proposed_covenant_test_not_official_compliance,owner_reviewed,within_cutoff,"No new evidence source. Trace source IDs through the approved Phase 1-6 ledgers. Owner review is workflow and underwriting-judgment metadata, not an observed borrower fact or post-cutoff analytical evidence; stated conditions remain open."
P7L-00362,data/phase7/processed/COVENANT_TEST_RESULTS.csv,P7CT-0179,record,SRC-001;SRC-002;SRC-003,STR-008;P6M-SEVERE_PHASE7_COVENANT_NO_WAIVER-P-0054;SEVERE_PHASE7_COVENANT_NO_WAIVER,proposed_covenant_test_not_official_compliance,owner_reviewed,within_cutoff,"No new evidence source. Trace source IDs through the approved Phase 1-6 ledgers. Owner review is workflow and underwriting-judgment metadata, not an observed borrower fact or post-cutoff analytical evidence; stated conditions remain open."
P7L-00363,data/phase7/processed/COVENANT_TEST_RESULTS.csv,P7CT-0180,record,SRC-001;SRC-002;SRC-003,STR-008;P6M-SEVERE_PHASE7_COVENANT_NO_WAIVER-P-0057;SEVERE_PHASE7_COVENANT_NO_WAIVER,proposed_covenant_test_not_official_compliance,owner_reviewed,within_cutoff,"No new evidence source. Trace source IDs through the approved Phase 1-6 ledgers. Owner review is workflow and underwriting-judgment metadata, not an observed borrower fact or post-cutoff analytical evidence; stated conditions remain open."
P7L-00364,data/phase7/processed/COVENANT_HEADROOM.csv,P7H-00001,record,SRC-001;SRC-002;SRC-003,P7CT-0001,proposed_contractual,owner_reviewed,within_cutoff,"No new evidence source. Trace source IDs through the approved Phase 1-6 ledgers. Owner review is workflow and underwriting-judgment metadata, not an observed borrower fact or post-cutoff analytical evidence; stated conditions remain open."
P7L-00365,data/phase7/processed/COVENANT_HEADROOM.csv,P7H-00002,record,SRC-001;SRC-002;SRC-003,P7CT-0001,proposed_contractual,owner_reviewed,within_cutoff,"No new evidence source. Trace source IDs through the approved Phase 1-6 ledgers. Owner review is workflow and underwriting-judgment metadata, not an observed borrower fact or post-cutoff analytical evidence; stated conditions remain open."
P7L-00366,data/phase7/processed/COVENANT_HEADROOM.csv,P7H-00003,record,SRC-001;SRC-002;SRC-003,P7CT-0001,proposed_contractual,owner_reviewed,within_cutoff,"No new evidence source. Trace source IDs through the approved Phase 1-6 ledgers. Owner review is workflow and underwriting-judgment metadata, not an observed borrower fact or post-cutoff analytical evidence; stated conditions remain open."
P7L-00367,data/phase7/processed/COVENANT_HEADROOM.csv,P7H-00004,record,SRC-001;SRC-002;SRC-003,P7CT-0001,analyst_warning,owner_reviewed,within_cutoff,"No new evidence source. Trace source IDs through the approved Phase 1-6 ledgers. Owner review is workflow and underwriting-judgment metadata, not an observed borrower fact or post-cutoff analytical evidence; stated conditions remain open."
P7L-00368,data/phase7/processed/COVENANT_HEADROOM.csv,P7H-00005,record,SRC-001;SRC-002;SRC-003,P7CT-0002,proposed_contractual,owner_reviewed,within_cutoff,"No new evidence source. Trace source IDs through the approved Phase 1-6 ledgers. Owner review is workflow and underwriting-judgment metadata, not an observed borrower fact or post-cutoff analytical evidence; stated conditions remain open."
P7L-00369,data/phase7/processed/COVENANT_HEADROOM.csv,P7H-00006,record,SRC-001;SRC-002;SRC-003,P7CT-0002,proposed_contractual,owner_reviewed,within_cutoff,"No new evidence source. Trace source IDs through the approved Phase 1-6 ledgers. Owner review is workflow and underwriting-judgment metadata, not an observed borrower fact or post-cutoff analytical evidence; stated conditions remain open."
P7L-00370,data/phase7/processed/COVENANT_HEADROOM.csv,P7H-00007,record,SRC-001;SRC-002;SRC-003,P7CT-0002,proposed_contractual,owner_reviewed,within_cutoff,"No new evidence source. Trace source IDs through the approved Phase 1-6 ledgers. Owner review is workflow and underwriting-judgment metadata, not an observed borrower fact or post-cutoff analytical evidence; stated conditions remain open."
P7L-00371,data/phase7/processed/COVENANT_HEADROOM.csv,P7H-00008,record,SRC-001;SRC-002;SRC-003,P7CT-0002,analyst_warning,owner_reviewed,within_cutoff,"No new evidence source. Trace source IDs through the approved Phase 1-6 ledgers. Owner review is workflow and underwriting-judgment metadata, not an observed borrower fact or post-cutoff analytical evidence; stated conditions remain open."
P7L-00372,data/phase7/processed/COVENANT_HEADROOM.csv,P7H-00009,record,SRC-001;SRC-002;SRC-003,P7CT-0003,proposed_contractual,owner_reviewed,within_cutoff,"No new evidence source. Trace source IDs through the approved Phase 1-6 ledgers. Owner review is workflow and underwriting-judgment metadata, not an observed borrower fact or post-cutoff analytical evidence; stated conditions remain open."
P7L-00373,data/phase7/processed/COVENANT_HEADROOM.csv,P7H-00010,record,SRC-001;SRC-002;SRC-003,P7CT-0003,proposed_contractual,owner_reviewed,within_cutoff,"No new evidence source. Trace source IDs through the approved Phase 1-6 ledgers. Owner review is workflow and underwriting-judgment metadata, not an observed borrower fact or post-cutoff analytical evidence; stated conditions remain open."
P7L-00374,data/phase7/processed/COVENANT_HEADROOM.csv,P7H-00011,record,SRC-001;SRC-002;SRC-003,P7CT-0003,proposed_contractual,owner_reviewed,within_cutoff,"No new evidence source. Trace source IDs through the approved Phase 1-6 ledgers. Owner review is workflow and underwriting-judgment metadata, not an observed borrower fact or post-cutoff analytical evidence; stated conditions remain open."
P7L-00375,data/phase7/processed/COVENANT_HEADROOM.csv,P7H-00012,record,SRC-001;SRC-002;SRC-003,P7CT-0003,analyst_warning,owner_reviewed,within_cutoff,"No new evidence source. Trace source IDs through the approved Phase 1-6 ledgers. Owner review is workflow and underwriting-judgment metadata, not an observed borrower fact or post-cutoff analytical evidence; stated conditions remain open."
P7L-00376,data/phase7/processed/COVENANT_HEADROOM.csv,P7H-00013,record,SRC-001;SRC-002;SRC-003,P7CT-0004,proposed_contractual,owner_reviewed,within_cutoff,"No new evidence source. Trace source IDs through the approved Phase 1-6 ledgers. Owner review is workflow and underwriting-judgment metadata, not an observed borrower fact or post-cutoff analytical evidence; stated conditions remain open."
P7L-00377,data/phase7/processed/COVENANT_HEADROOM.csv,P7H-00014,record,SRC-001;SRC-002;SRC-003,P7CT-0004,proposed_contractual,owner_reviewed,within_cutoff,"No new evidence source. Trace source IDs through the approved Phase 1-6 ledgers. Owner review is workflow and underwriting-judgment metadata, not an observed borrower fact or post-cutoff analytical evidence; stated conditions remain open."
P7L-00378,data/phase7/processed/COVENANT_HEADROOM.csv,P7H-00015,record,SRC-001;SRC-002;SRC-003,P7CT-0004,proposed_contractual,owner_reviewed,within_cutoff,"No new evidence source. Trace source IDs through the approved Phase 1-6 ledgers. Owner review is workflow and underwriting-judgment metadata, not an observed borrower fact or post-cutoff analytical evidence; stated conditions remain open."
P7L-00379,data/phase7/processed/COVENANT_HEADROOM.csv,P7H-00016,record,SRC-001;SRC-002;SRC-003,P7CT-0004,analyst_warning,owner_reviewed,within_cutoff,"No new evidence source. Trace source IDs through the approved Phase 1-6 ledgers. Owner review is workflow and underwriting-judgment metadata, not an observed borrower fact or post-cutoff analytical evidence; stated conditions remain open."
P7L-00380,data/phase7/processed/COVENANT_HEADROOM.csv,P7H-00017,record,SRC-001;SRC-002;SRC-003,P7CT-0005,proposed_contractual,owner_reviewed,within_cutoff,"No new evidence source. Trace source IDs through the approved Phase 1-6 ledgers. Owner review is workflow and underwriting-judgment metadata, not an observed borrower fact or post-cutoff analytical evidence; stated conditions remain open."
P7L-00381,data/phase7/processed/COVENANT_HEADROOM.csv,P7H-00018,record,SRC-001;SRC-002;SRC-003,P7CT-0005,proposed_contractual,owner_reviewed,within_cutoff,"No new evidence source. Trace source IDs through the approved Phase 1-6 ledgers. Owner review is workflow and underwriting-judgment metadata, not an observed borrower fact or post-cutoff analytical evidence; stated conditions remain open."
P7L-00382,data/phase7/processed/COVENANT_HEADROOM.csv,P7H-00019,record,SRC-001;SRC-002;SRC-003,P7CT-0005,proposed_contractual,owner_reviewed,within_cutoff,"No new evidence source. Trace source IDs through the approved Phase 1-6 ledgers. Owner review is workflow and underwriting-judgment metadata, not an observed borrower fact or post-cutoff analytical evidence; stated conditions remain open."
P7L-00383,data/phase7/processed/COVENANT_HEADROOM.csv,P7H-00020,record,SRC-001;SRC-002;SRC-003,P7CT-0005,analyst_warning,owner_reviewed,within_cutoff,"No new evidence source. Trace source IDs through the approved Phase 1-6 ledgers. Owner review is workflow and underwriting-judgment metadata, not an observed borrower fact or post-cutoff analytical evidence; stated conditions remain open."
P7L-00384,data/phase7/processed/COVENANT_HEADROOM.csv,P7H-00021,record,SRC-001;SRC-002;SRC-003,P7CT-0006,proposed_contractual,owner_reviewed,within_cutoff,"No new evidence source. Trace source IDs through the approved Phase 1-6 ledgers. Owner review is workflow and underwriting-judgment metadata, not an observed borrower fact or post-cutoff analytical evidence; stated conditions remain open."
P7L-00385,data/phase7/processed/COVENANT_HEADROOM.csv,P7H-00022,record,SRC-001;SRC-002;SRC-003,P7CT-0006,proposed_contractual,owner_reviewed,within_cutoff,"No new evidence source. Trace source IDs through the approved Phase 1-6 ledgers. Owner review is workflow and underwriting-judgment metadata, not an observed borrower fact or post-cutoff analytical evidence; stated conditions remain open."
P7L-00386,data/phase7/processed/COVENANT_HEADROOM.csv,P7H-00023,record,SRC-001;SRC-002;SRC-003,P7CT-0006,proposed_contractual,owner_reviewed,within_cutoff,"No new evidence source. Trace source IDs through the approved Phase 1-6 ledgers. Owner review is workflow and underwriting-judgment metadata, not an observed borrower fact or post-cutoff analytical evidence; stated conditions remain open."
P7L-00387,data/phase7/processed/COVENANT_HEADROOM.csv,P7H-00024,record,SRC-001;SRC-002;SRC-003,P7CT-0006,analyst_warning,owner_reviewed,within_cutoff,"No new evidence source. Trace source IDs through the approved Phase 1-6 ledgers. Owner review is workflow and underwriting-judgment metadata, not an observed borrower fact or post-cutoff analytical evidence; stated conditions remain open."
P7L-00388,data/phase7/processed/COVENANT_HEADROOM.csv,P7H-00025,record,SRC-001;SRC-002;SRC-003,P7CT-0007,proposed_contractual,owner_reviewed,within_cutoff,"No new evidence source. Trace source IDs through the approved Phase 1-6 ledgers. Owner review is workflow and underwriting-judgment metadata, not an observed borrower fact or post-cutoff analytical evidence; stated conditions remain open."
P7L-00389,data/phase7/processed/COVENANT_HEADROOM.csv,P7H-00026,record,SRC-001;SRC-002;SRC-003,P7CT-0007,proposed_contractual,owner_reviewed,within_cutoff,"No new evidence source. Trace source IDs through the approved Phase 1-6 ledgers. Owner review is workflow and underwriting-judgment metadata, not an observed borrower fact or post-cutoff analytical evidence; stated conditions remain open."
P7L-00390,data/phase7/processed/COVENANT_HEADROOM.csv,P7H-00027,record,SRC-001;SRC-002;SRC-003,P7CT-0007,proposed_contractual,owner_reviewed,within_cutoff,"No new evidence source. Trace source IDs through the approved Phase 1-6 ledgers. Owner review is workflow and underwriting-judgment metadata, not an observed borrower fact or post-cutoff analytical evidence; stated conditions remain open."
P7L-00391,data/phase7/processed/COVENANT_HEADROOM.csv,P7H-00028,record,SRC-001;SRC-002;SRC-003,P7CT-0007,analyst_warning,owner_reviewed,within_cutoff,"No new evidence source. Trace source IDs through the approved Phase 1-6 ledgers. Owner review is workflow and underwriting-judgment metadata, not an observed borrower fact or post-cutoff analytical evidence; stated conditions remain open."
P7L-00392,data/phase7/processed/COVENANT_HEADROOM.csv,P7H-00029,record,SRC-001;SRC-002;SRC-003,P7CT-0008,proposed_contractual,owner_reviewed,within_cutoff,"No new evidence source. Trace source IDs through the approved Phase 1-6 ledgers. Owner review is workflow and underwriting-judgment metadata, not an observed borrower fact or post-cutoff analytical evidence; stated conditions remain open."
P7L-00393,data/phase7/processed/COVENANT_HEADROOM.csv,P7H-00030,record,SRC-001;SRC-002;SRC-003,P7CT-0008,proposed_contractual,owner_reviewed,within_cutoff,"No new evidence source. Trace source IDs through the approved Phase 1-6 ledgers. Owner review is workflow and underwriting-judgment metadata, not an observed borrower fact or post-cutoff analytical evidence; stated conditions remain open."
P7L-00394,data/phase7/processed/COVENANT_HEADROOM.csv,P7H-00031,record,SRC-001;SRC-002;SRC-003,P7CT-0008,proposed_contractual,owner_reviewed,within_cutoff,"No new evidence source. Trace source IDs through the approved Phase 1-6 ledgers. Owner review is workflow and underwriting-judgment metadata, not an observed borrower fact or post-cutoff analytical evidence; stated conditions remain open."
P7L-00395,data/phase7/processed/COVENANT_HEADROOM.csv,P7H-00032,record,SRC-001;SRC-002;SRC-003,P7CT-0008,analyst_warning,owner_reviewed,within_cutoff,"No new evidence source. Trace source IDs through the approved Phase 1-6 ledgers. Owner review is workflow and underwriting-judgment metadata, not an observed borrower fact or post-cutoff analytical evidence; stated conditions remain open."
P7L-00396,data/phase7/processed/COVENANT_HEADROOM.csv,P7H-00033,record,SRC-001;SRC-002;SRC-003,P7CT-0009,proposed_contractual,owner_reviewed,within_cutoff,"No new evidence source. Trace source IDs through the approved Phase 1-6 ledgers. Owner review is workflow and underwriting-judgment metadata, not an observed borrower fact or post-cutoff analytical evidence; stated conditions remain open."
P7L-00397,data/phase7/processed/COVENANT_HEADROOM.csv,P7H-00034,record,SRC-001;SRC-002;SRC-003,P7CT-0009,proposed_contractual,owner_reviewed,within_cutoff,"No new evidence source. Trace source IDs through the approved Phase 1-6 ledgers. Owner review is workflow and underwriting-judgment metadata, not an observed borrower fact or post-cutoff analytical evidence; stated conditions remain open."
P7L-00398,data/phase7/processed/COVENANT_HEADROOM.csv,P7H-00035,record,SRC-001;SRC-002;SRC-003,P7CT-0009,proposed_contractual,owner_reviewed,within_cutoff,"No new evidence source. Trace source IDs through the approved Phase 1-6 ledgers. Owner review is workflow and underwriting-judgment metadata, not an observed borrower fact or post-cutoff analytical evidence; stated conditions remain open."
P7L-00399,data/phase7/processed/COVENANT_HEADROOM.csv,P7H-00036,record,SRC-001;SRC-002;SRC-003,P7CT-0009,analyst_warning,owner_reviewed,within_cutoff,"No new evidence source. Trace source IDs through the approved Phase 1-6 ledgers. Owner review is workflow and underwriting-judgment metadata, not an observed borrower fact or post-cutoff analytical evidence; stated conditions remain open."
P7L-00400,data/phase7/processed/COVENANT_HEADROOM.csv,P7H-00037,record,SRC-001;SRC-002;SRC-003,P7CT-0010,proposed_contractual,owner_reviewed,within_cutoff,"No new evidence source. Trace source IDs through the approved Phase 1-6 ledgers. Owner review is workflow and underwriting-judgment metadata, not an observed borrower fact or post-cutoff analytical evidence; stated conditions remain open."
P7L-00401,data/phase7/processed/COVENANT_HEADROOM.csv,P7H-00038,record,SRC-001;SRC-002;SRC-003,P7CT-0010,proposed_contractual,owner_reviewed,within_cutoff,"No new evidence source. Trace source IDs through the approved Phase 1-6 ledgers. Owner review is workflow and underwriting-judgment metadata, not an observed borrower fact or post-cutoff analytical evidence; stated conditions remain open."
P7L-00402,data/phase7/processed/COVENANT_HEADROOM.csv,P7H-00039,record,SRC-001;SRC-002;SRC-003,P7CT-0010,proposed_contractual,owner_reviewed,within_cutoff,"No new evidence source. Trace source IDs through the approved Phase 1-6 ledgers. Owner review is workflow and underwriting-judgment metadata, not an observed borrower fact or post-cutoff analytical evidence; stated conditions remain open."
P7L-00403,data/phase7/processed/COVENANT_HEADROOM.csv,P7H-00040,record,SRC-001;SRC-002;SRC-003,P7CT-0010,analyst_warning,owner_reviewed,within_cutoff,"No new evidence source. Trace source IDs through the approved Phase 1-6 ledgers. Owner review is workflow and underwriting-judgment metadata, not an observed borrower fact or post-cutoff analytical evidence; stated conditions remain open."
P7L-00404,data/phase7/processed/COVENANT_HEADROOM.csv,P7H-00041,record,SRC-001;SRC-002;SRC-003,P7CT-0011,proposed_contractual,owner_reviewed,within_cutoff,"No new evidence source. Trace source IDs through the approved Phase 1-6 ledgers. Owner review is workflow and underwriting-judgment metadata, not an observed borrower fact or post-cutoff analytical evidence; stated conditions remain open."
P7L-00405,data/phase7/processed/COVENANT_HEADROOM.csv,P7H-00042,record,SRC-001;SRC-002;SRC-003,P7CT-0011,proposed_contractual,owner_reviewed,within_cutoff,"No new evidence source. Trace source IDs through the approved Phase 1-6 ledgers. Owner review is workflow and underwriting-judgment metadata, not an observed borrower fact or post-cutoff analytical evidence; stated conditions remain open."
P7L-00406,data/phase7/processed/COVENANT_HEADROOM.csv,P7H-00043,record,SRC-001;SRC-002;SRC-003,P7CT-0011,proposed_contractual,owner_reviewed,within_cutoff,"No new evidence source. Trace source IDs through the approved Phase 1-6 ledgers. Owner review is workflow and underwriting-judgment metadata, not an observed borrower fact or post-cutoff analytical evidence; stated conditions remain open."
P7L-00407,data/phase7/processed/COVENANT_HEADROOM.csv,P7H-00044,record,SRC-001;SRC-002;SRC-003,P7CT-0011,analyst_warning,owner_reviewed,within_cutoff,"No new evidence source. Trace source IDs through the approved Phase 1-6 ledgers. Owner review is workflow and underwriting-judgment metadata, not an observed borrower fact or post-cutoff analytical evidence; stated conditions remain open."
P7L-00408,data/phase7/processed/COVENANT_HEADROOM.csv,P7H-00045,record,SRC-001;SRC-002;SRC-003,P7CT-0012,proposed_contractual,owner_reviewed,within_cutoff,"No new evidence source. Trace source IDs through the approved Phase 1-6 ledgers. Owner review is workflow and underwriting-judgment metadata, not an observed borrower fact or post-cutoff analytical evidence; stated conditions remain open."
P7L-00409,data/phase7/processed/COVENANT_HEADROOM.csv,P7H-00046,record,SRC-001;SRC-002;SRC-003,P7CT-0012,proposed_contractual,owner_reviewed,within_cutoff,"No new evidence source. Trace source IDs through the approved Phase 1-6 ledgers. Owner review is workflow and underwriting-judgment metadata, not an observed borrower fact or post-cutoff analytical evidence; stated conditions remain open."
P7L-00410,data/phase7/processed/COVENANT_HEADROOM.csv,P7H-00047,record,SRC-001;SRC-002;SRC-003,P7CT-0012,proposed_contractual,owner_reviewed,within_cutoff,"No new evidence source. Trace source IDs through the approved Phase 1-6 ledgers. Owner review is workflow and underwriting-judgment metadata, not an observed borrower fact or post-cutoff analytical evidence; stated conditions remain open."
P7L-00411,data/phase7/processed/COVENANT_HEADROOM.csv,P7H-00048,record,SRC-001;SRC-002;SRC-003,P7CT-0012,analyst_warning,owner_reviewed,within_cutoff,"No new evidence source. Trace source IDs through the approved Phase 1-6 ledgers. Owner review is workflow and underwriting-judgment metadata, not an observed borrower fact or post-cutoff analytical evidence; stated conditions remain open."
P7L-00412,data/phase7/processed/COVENANT_HEADROOM.csv,P7H-00049,record,SRC-001;SRC-002;SRC-003,P7CT-0013,proposed_contractual,owner_reviewed,within_cutoff,"No new evidence source. Trace source IDs through the approved Phase 1-6 ledgers. Owner review is workflow and underwriting-judgment metadata, not an observed borrower fact or post-cutoff analytical evidence; stated conditions remain open."
P7L-00413,data/phase7/processed/COVENANT_HEADROOM.csv,P7H-00050,record,SRC-001;SRC-002;SRC-003,P7CT-0013,proposed_contractual,owner_reviewed,within_cutoff,"No new evidence source. Trace source IDs through the approved Phase 1-6 ledgers. Owner review is workflow and underwriting-judgment metadata, not an observed borrower fact or post-cutoff analytical evidence; stated conditions remain open."
P7L-00414,data/phase7/processed/COVENANT_HEADROOM.csv,P7H-00051,record,SRC-001;SRC-002;SRC-003,P7CT-0013,proposed_contractual,owner_reviewed,within_cutoff,"No new evidence source. Trace source IDs through the approved Phase 1-6 ledgers. Owner review is workflow and underwriting-judgment metadata, not an observed borrower fact or post-cutoff analytical evidence; stated conditions remain open."
P7L-00415,data/phase7/processed/COVENANT_HEADROOM.csv,P7H-00052,record,SRC-001;SRC-002;SRC-003,P7CT-0013,analyst_warning,owner_reviewed,within_cutoff,"No new evidence source. Trace source IDs through the approved Phase 1-6 ledgers. Owner review is workflow and underwriting-judgment metadata, not an observed borrower fact or post-cutoff analytical evidence; stated conditions remain open."
P7L-00416,data/phase7/processed/COVENANT_HEADROOM.csv,P7H-00053,record,SRC-001;SRC-002;SRC-003,P7CT-0014,proposed_contractual,owner_reviewed,within_cutoff,"No new evidence source. Trace source IDs through the approved Phase 1-6 ledgers. Owner review is workflow and underwriting-judgment metadata, not an observed borrower fact or post-cutoff analytical evidence; stated conditions remain open."
P7L-00417,data/phase7/processed/COVENANT_HEADROOM.csv,P7H-00054,record,SRC-001;SRC-002;SRC-003,P7CT-0014,proposed_contractual,owner_reviewed,within_cutoff,"No new evidence source. Trace source IDs through the approved Phase 1-6 ledgers. Owner review is workflow and underwriting-judgment metadata, not an observed borrower fact or post-cutoff analytical evidence; stated conditions remain open."
P7L-00418,data/phase7/processed/COVENANT_HEADROOM.csv,P7H-00055,record,SRC-001;SRC-002;SRC-003,P7CT-0014,proposed_contractual,owner_reviewed,within_cutoff,"No new evidence source. Trace source IDs through the approved Phase 1-6 ledgers. Owner review is workflow and underwriting-judgment metadata, not an observed borrower fact or post-cutoff analytical evidence; stated conditions remain open."
P7L-00419,data/phase7/processed/COVENANT_HEADROOM.csv,P7H-00056,record,SRC-001;SRC-002;SRC-003,P7CT-0014,analyst_warning,owner_reviewed,within_cutoff,"No new evidence source. Trace source IDs through the approved Phase 1-6 ledgers. Owner review is workflow and underwriting-judgment metadata, not an observed borrower fact or post-cutoff analytical evidence; stated conditions remain open."
P7L-00420,data/phase7/processed/COVENANT_HEADROOM.csv,P7H-00057,record,SRC-001;SRC-002;SRC-003,P7CT-0015,proposed_contractual,owner_reviewed,within_cutoff,"No new evidence source. Trace source IDs through the approved Phase 1-6 ledgers. Owner review is workflow and underwriting-judgment metadata, not an observed borrower fact or post-cutoff analytical evidence; stated conditions remain open."
P7L-00421,data/phase7/processed/COVENANT_HEADROOM.csv,P7H-00058,record,SRC-001;SRC-002;SRC-003,P7CT-0015,proposed_contractual,owner_reviewed,within_cutoff,"No new evidence source. Trace source IDs through the approved Phase 1-6 ledgers. Owner review is workflow and underwriting-judgment metadata, not an observed borrower fact or post-cutoff analytical evidence; stated conditions remain open."
P7L-00422,data/phase7/processed/COVENANT_HEADROOM.csv,P7H-00059,record,SRC-001;SRC-002;SRC-003,P7CT-0015,proposed_contractual,owner_reviewed,within_cutoff,"No new evidence source. Trace source IDs through the approved Phase 1-6 ledgers. Owner review is workflow and underwriting-judgment metadata, not an observed borrower fact or post-cutoff analytical evidence; stated conditions remain open."
P7L-00423,data/phase7/processed/COVENANT_HEADROOM.csv,P7H-00060,record,SRC-001;SRC-002;SRC-003,P7CT-0015,analyst_warning,owner_reviewed,within_cutoff,"No new evidence source. Trace source IDs through the approved Phase 1-6 ledgers. Owner review is workflow and underwriting-judgment metadata, not an observed borrower fact or post-cutoff analytical evidence; stated conditions remain open."
P7L-00424,data/phase7/processed/COVENANT_HEADROOM.csv,P7H-00061,record,SRC-001;SRC-002;SRC-003,P7CT-0016,proposed_contractual,owner_reviewed,within_cutoff,"No new evidence source. Trace source IDs through the approved Phase 1-6 ledgers. Owner review is workflow and underwriting-judgment metadata, not an observed borrower fact or post-cutoff analytical evidence; stated conditions remain open."
P7L-00425,data/phase7/processed/COVENANT_HEADROOM.csv,P7H-00062,record,SRC-001;SRC-002;SRC-003,P7CT-0016,proposed_contractual,owner_reviewed,within_cutoff,"No new evidence source. Trace source IDs through the approved Phase 1-6 ledgers. Owner review is workflow and underwriting-judgment metadata, not an observed borrower fact or post-cutoff analytical evidence; stated conditions remain open."
P7L-00426,data/phase7/processed/COVENANT_HEADROOM.csv,P7H-00063,record,SRC-001;SRC-002;SRC-003,P7CT-0016,proposed_contractual,owner_reviewed,within_cutoff,"No new evidence source. Trace source IDs through the approved Phase 1-6 ledgers. Owner review is workflow and underwriting-judgment metadata, not an observed borrower fact or post-cutoff analytical evidence; stated conditions remain open."
P7L-00427,data/phase7/processed/COVENANT_HEADROOM.csv,P7H-00064,record,SRC-001;SRC-002;SRC-003,P7CT-0016,analyst_warning,owner_reviewed,within_cutoff,"No new evidence source. Trace source IDs through the approved Phase 1-6 ledgers. Owner review is workflow and underwriting-judgment metadata, not an observed borrower fact or post-cutoff analytical evidence; stated conditions remain open."
P7L-00428,data/phase7/processed/COVENANT_HEADROOM.csv,P7H-00065,record,SRC-001;SRC-002;SRC-003,P7CT-0017,proposed_contractual,owner_reviewed,within_cutoff,"No new evidence source. Trace source IDs through the approved Phase 1-6 ledgers. Owner review is workflow and underwriting-judgment metadata, not an observed borrower fact or post-cutoff analytical evidence; stated conditions remain open."
P7L-00429,data/phase7/processed/COVENANT_HEADROOM.csv,P7H-00066,record,SRC-001;SRC-002;SRC-003,P7CT-0017,proposed_contractual,owner_reviewed,within_cutoff,"No new evidence source. Trace source IDs through the approved Phase 1-6 ledgers. Owner review is workflow and underwriting-judgment metadata, not an observed borrower fact or post-cutoff analytical evidence; stated conditions remain open."
P7L-00430,data/phase7/processed/COVENANT_HEADROOM.csv,P7H-00067,record,SRC-001;SRC-002;SRC-003,P7CT-0017,proposed_contractual,owner_reviewed,within_cutoff,"No new evidence source. Trace source IDs through the approved Phase 1-6 ledgers. Owner review is workflow and underwriting-judgment metadata, not an observed borrower fact or post-cutoff analytical evidence; stated conditions remain open."
P7L-00431,data/phase7/processed/COVENANT_HEADROOM.csv,P7H-00068,record,SRC-001;SRC-002;SRC-003,P7CT-0017,analyst_warning,owner_reviewed,within_cutoff,"No new evidence source. Trace source IDs through the approved Phase 1-6 ledgers. Owner review is workflow and underwriting-judgment metadata, not an observed borrower fact or post-cutoff analytical evidence; stated conditions remain open."
P7L-00432,data/phase7/processed/COVENANT_HEADROOM.csv,P7H-00069,record,SRC-001;SRC-002;SRC-003,P7CT-0018,proposed_contractual,owner_reviewed,within_cutoff,"No new evidence source. Trace source IDs through the approved Phase 1-6 ledgers. Owner review is workflow and underwriting-judgment metadata, not an observed borrower fact or post-cutoff analytical evidence; stated conditions remain open."
P7L-00433,data/phase7/processed/COVENANT_HEADROOM.csv,P7H-00070,record,SRC-001;SRC-002;SRC-003,P7CT-0018,proposed_contractual,owner_reviewed,within_cutoff,"No new evidence source. Trace source IDs through the approved Phase 1-6 ledgers. Owner review is workflow and underwriting-judgment metadata, not an observed borrower fact or post-cutoff analytical evidence; stated conditions remain open."
P7L-00434,data/phase7/processed/COVENANT_HEADROOM.csv,P7H-00071,record,SRC-001;SRC-002;SRC-003,P7CT-0018,proposed_contractual,owner_reviewed,within_cutoff,"No new evidence source. Trace source IDs through the approved Phase 1-6 ledgers. Owner review is workflow and underwriting-judgment metadata, not an observed borrower fact or post-cutoff analytical evidence; stated conditions remain open."
P7L-00435,data/phase7/processed/COVENANT_HEADROOM.csv,P7H-00072,record,SRC-001;SRC-002;SRC-003,P7CT-0018,analyst_warning,owner_reviewed,within_cutoff,"No new evidence source. Trace source IDs through the approved Phase 1-6 ledgers. Owner review is workflow and underwriting-judgment metadata, not an observed borrower fact or post-cutoff analytical evidence; stated conditions remain open."
P7L-00436,data/phase7/processed/COVENANT_HEADROOM.csv,P7H-00073,record,SRC-001;SRC-002;SRC-003,P7CT-0019,proposed_contractual,owner_reviewed,within_cutoff,"No new evidence source. Trace source IDs through the approved Phase 1-6 ledgers. Owner review is workflow and underwriting-judgment metadata, not an observed borrower fact or post-cutoff analytical evidence; stated conditions remain open."
P7L-00437,data/phase7/processed/COVENANT_HEADROOM.csv,P7H-00074,record,SRC-001;SRC-002;SRC-003,P7CT-0019,proposed_contractual,owner_reviewed,within_cutoff,"No new evidence source. Trace source IDs through the approved Phase 1-6 ledgers. Owner review is workflow and underwriting-judgment metadata, not an observed borrower fact or post-cutoff analytical evidence; stated conditions remain open."
P7L-00438,data/phase7/processed/COVENANT_HEADROOM.csv,P7H-00075,record,SRC-001;SRC-002;SRC-003,P7CT-0019,proposed_contractual,owner_reviewed,within_cutoff,"No new evidence source. Trace source IDs through the approved Phase 1-6 ledgers. Owner review is workflow and underwriting-judgment metadata, not an observed borrower fact or post-cutoff analytical evidence; stated conditions remain open."
P7L-00439,data/phase7/processed/COVENANT_HEADROOM.csv,P7H-00076,record,SRC-001;SRC-002;SRC-003,P7CT-0019,analyst_warning,owner_reviewed,within_cutoff,"No new evidence source. Trace source IDs through the approved Phase 1-6 ledgers. Owner review is workflow and underwriting-judgment metadata, not an observed borrower fact or post-cutoff analytical evidence; stated conditions remain open."
P7L-00440,data/phase7/processed/COVENANT_HEADROOM.csv,P7H-00077,record,SRC-001;SRC-002;SRC-003,P7CT-0020,proposed_contractual,owner_reviewed,within_cutoff,"No new evidence source. Trace source IDs through the approved Phase 1-6 ledgers. Owner review is workflow and underwriting-judgment metadata, not an observed borrower fact or post-cutoff analytical evidence; stated conditions remain open."
P7L-00441,data/phase7/processed/COVENANT_HEADROOM.csv,P7H-00078,record,SRC-001;SRC-002;SRC-003,P7CT-0020,proposed_contractual,owner_reviewed,within_cutoff,"No new evidence source. Trace source IDs through the approved Phase 1-6 ledgers. Owner review is workflow and underwriting-judgment metadata, not an observed borrower fact or post-cutoff analytical evidence; stated conditions remain open."
P7L-00442,data/phase7/processed/COVENANT_HEADROOM.csv,P7H-00079,record,SRC-001;SRC-002;SRC-003,P7CT-0020,proposed_contractual,owner_reviewed,within_cutoff,"No new evidence source. Trace source IDs through the approved Phase 1-6 ledgers. Owner review is workflow and underwriting-judgment metadata, not an observed borrower fact or post-cutoff analytical evidence; stated conditions remain open."
P7L-00443,data/phase7/processed/COVENANT_HEADROOM.csv,P7H-00080,record,SRC-001;SRC-002;SRC-003,P7CT-0020,analyst_warning,owner_reviewed,within_cutoff,"No new evidence source. Trace source IDs through the approved Phase 1-6 ledgers. Owner review is workflow and underwriting-judgment metadata, not an observed borrower fact or post-cutoff analytical evidence; stated conditions remain open."
P7L-00444,data/phase7/processed/COVENANT_HEADROOM.csv,P7H-00081,record,SRC-001;SRC-002;SRC-003,P7CT-0021,proposed_contractual,owner_reviewed,within_cutoff,"No new evidence source. Trace source IDs through the approved Phase 1-6 ledgers. Owner review is workflow and underwriting-judgment metadata, not an observed borrower fact or post-cutoff analytical evidence; stated conditions remain open."
P7L-00445,data/phase7/processed/COVENANT_HEADROOM.csv,P7H-00082,record,SRC-001;SRC-002;SRC-003,P7CT-0021,proposed_contractual,owner_reviewed,within_cutoff,"No new evidence source. Trace source IDs through the approved Phase 1-6 ledgers. Owner review is workflow and underwriting-judgment metadata, not an observed borrower fact or post-cutoff analytical evidence; stated conditions remain open."
P7L-00446,data/phase7/processed/COVENANT_HEADROOM.csv,P7H-00083,record,SRC-001;SRC-002;SRC-003,P7CT-0021,proposed_contractual,owner_reviewed,within_cutoff,"No new evidence source. Trace source IDs through the approved Phase 1-6 ledgers. Owner review is workflow and underwriting-judgment metadata, not an observed borrower fact or post-cutoff analytical evidence; stated conditions remain open."
P7L-00447,data/phase7/processed/COVENANT_HEADROOM.csv,P7H-00084,record,SRC-001;SRC-002;SRC-003,P7CT-0021,analyst_warning,owner_reviewed,within_cutoff,"No new evidence source. Trace source IDs through the approved Phase 1-6 ledgers. Owner review is workflow and underwriting-judgment metadata, not an observed borrower fact or post-cutoff analytical evidence; stated conditions remain open."
P7L-00448,data/phase7/processed/COVENANT_HEADROOM.csv,P7H-00085,record,SRC-001;SRC-002;SRC-003,P7CT-0022,proposed_contractual,owner_reviewed,within_cutoff,"No new evidence source. Trace source IDs through the approved Phase 1-6 ledgers. Owner review is workflow and underwriting-judgment metadata, not an observed borrower fact or post-cutoff analytical evidence; stated conditions remain open."
P7L-00449,data/phase7/processed/COVENANT_HEADROOM.csv,P7H-00086,record,SRC-001;SRC-002;SRC-003,P7CT-0022,proposed_contractual,owner_reviewed,within_cutoff,"No new evidence source. Trace source IDs through the approved Phase 1-6 ledgers. Owner review is workflow and underwriting-judgment metadata, not an observed borrower fact or post-cutoff analytical evidence; stated conditions remain open."
P7L-00450,data/phase7/processed/COVENANT_HEADROOM.csv,P7H-00087,record,SRC-001;SRC-002;SRC-003,P7CT-0022,proposed_contractual,owner_reviewed,within_cutoff,"No new evidence source. Trace source IDs through the approved Phase 1-6 ledgers. Owner review is workflow and underwriting-judgment metadata, not an observed borrower fact or post-cutoff analytical evidence; stated conditions remain open."
P7L-00451,data/phase7/processed/COVENANT_HEADROOM.csv,P7H-00088,record,SRC-001;SRC-002;SRC-003,P7CT-0022,analyst_warning,owner_reviewed,within_cutoff,"No new evidence source. Trace source IDs through the approved Phase 1-6 ledgers. Owner review is workflow and underwriting-judgment metadata, not an observed borrower fact or post-cutoff analytical evidence; stated conditions remain open."
P7L-00452,data/phase7/processed/COVENANT_HEADROOM.csv,P7H-00089,record,SRC-001;SRC-002;SRC-003,P7CT-0023,proposed_contractual,owner_reviewed,within_cutoff,"No new evidence source. Trace source IDs through the approved Phase 1-6 ledgers. Owner review is workflow and underwriting-judgment metadata, not an observed borrower fact or post-cutoff analytical evidence; stated conditions remain open."
P7L-00453,data/phase7/processed/COVENANT_HEADROOM.csv,P7H-00090,record,SRC-001;SRC-002;SRC-003,P7CT-0023,proposed_contractual,owner_reviewed,within_cutoff,"No new evidence source. Trace source IDs through the approved Phase 1-6 ledgers. Owner review is workflow and underwriting-judgment metadata, not an observed borrower fact or post-cutoff analytical evidence; stated conditions remain open."
P7L-00454,data/phase7/processed/COVENANT_HEADROOM.csv,P7H-00091,record,SRC-001;SRC-002;SRC-003,P7CT-0023,proposed_contractual,owner_reviewed,within_cutoff,"No new evidence source. Trace source IDs through the approved Phase 1-6 ledgers. Owner review is workflow and underwriting-judgment metadata, not an observed borrower fact or post-cutoff analytical evidence; stated conditions remain open."
P7L-00455,data/phase7/processed/COVENANT_HEADROOM.csv,P7H-00092,record,SRC-001;SRC-002;SRC-003,P7CT-0023,analyst_warning,owner_reviewed,within_cutoff,"No new evidence source. Trace source IDs through the approved Phase 1-6 ledgers. Owner review is workflow and underwriting-judgment metadata, not an observed borrower fact or post-cutoff analytical evidence; stated conditions remain open."
P7L-00456,data/phase7/processed/COVENANT_HEADROOM.csv,P7H-00093,record,SRC-001;SRC-002;SRC-003,P7CT-0024,proposed_contractual,owner_reviewed,within_cutoff,"No new evidence source. Trace source IDs through the approved Phase 1-6 ledgers. Owner review is workflow and underwriting-judgment metadata, not an observed borrower fact or post-cutoff analytical evidence; stated conditions remain open."
P7L-00457,data/phase7/processed/COVENANT_HEADROOM.csv,P7H-00094,record,SRC-001;SRC-002;SRC-003,P7CT-0024,proposed_contractual,owner_reviewed,within_cutoff,"No new evidence source. Trace source IDs through the approved Phase 1-6 ledgers. Owner review is workflow and underwriting-judgment metadata, not an observed borrower fact or post-cutoff analytical evidence; stated conditions remain open."
P7L-00458,data/phase7/processed/COVENANT_HEADROOM.csv,P7H-00095,record,SRC-001;SRC-002;SRC-003,P7CT-0024,proposed_contractual,owner_reviewed,within_cutoff,"No new evidence source. Trace source IDs through the approved Phase 1-6 ledgers. Owner review is workflow and underwriting-judgment metadata, not an observed borrower fact or post-cutoff analytical evidence; stated conditions remain open."
P7L-00459,data/phase7/processed/COVENANT_HEADROOM.csv,P7H-00096,record,SRC-001;SRC-002;SRC-003,P7CT-0024,analyst_warning,owner_reviewed,within_cutoff,"No new evidence source. Trace source IDs through the approved Phase 1-6 ledgers. Owner review is workflow and underwriting-judgment metadata, not an observed borrower fact or post-cutoff analytical evidence; stated conditions remain open."
P7L-00460,data/phase7/processed/COVENANT_HEADROOM.csv,P7H-00097,record,SRC-001;SRC-002;SRC-003,P7CT-0025,proposed_contractual,owner_reviewed,within_cutoff,"No new evidence source. Trace source IDs through the approved Phase 1-6 ledgers. Owner review is workflow and underwriting-judgment metadata, not an observed borrower fact or post-cutoff analytical evidence; stated conditions remain open."
P7L-00461,data/phase7/processed/COVENANT_HEADROOM.csv,P7H-00098,record,SRC-001;SRC-002;SRC-003,P7CT-0025,proposed_contractual,owner_reviewed,within_cutoff,"No new evidence source. Trace source IDs through the approved Phase 1-6 ledgers. Owner review is workflow and underwriting-judgment metadata, not an observed borrower fact or post-cutoff analytical evidence; stated conditions remain open."
P7L-00462,data/phase7/processed/COVENANT_HEADROOM.csv,P7H-00099,record,SRC-001;SRC-002;SRC-003,P7CT-0025,proposed_contractual,owner_reviewed,within_cutoff,"No new evidence source. Trace source IDs through the approved Phase 1-6 ledgers. Owner review is workflow and underwriting-judgment metadata, not an observed borrower fact or post-cutoff analytical evidence; stated conditions remain open."
P7L-00463,data/phase7/processed/COVENANT_HEADROOM.csv,P7H-00100,record,SRC-001;SRC-002;SRC-003,P7CT-0025,analyst_warning,owner_reviewed,within_cutoff,"No new evidence source. Trace source IDs through the approved Phase 1-6 ledgers. Owner review is workflow and underwriting-judgment metadata, not an observed borrower fact or post-cutoff analytical evidence; stated conditions remain open."
P7L-00464,data/phase7/processed/COVENANT_HEADROOM.csv,P7H-00101,record,SRC-001;SRC-002;SRC-003,P7CT-0026,proposed_contractual,owner_reviewed,within_cutoff,"No new evidence source. Trace source IDs through the approved Phase 1-6 ledgers. Owner review is workflow and underwriting-judgment metadata, not an observed borrower fact or post-cutoff analytical evidence; stated conditions remain open."
P7L-00465,data/phase7/processed/COVENANT_HEADROOM.csv,P7H-00102,record,SRC-001;SRC-002;SRC-003,P7CT-0026,proposed_contractual,owner_reviewed,within_cutoff,"No new evidence source. Trace source IDs through the approved Phase 1-6 ledgers. Owner review is workflow and underwriting-judgment metadata, not an observed borrower fact or post-cutoff analytical evidence; stated conditions remain open."
P7L-00466,data/phase7/processed/COVENANT_HEADROOM.csv,P7H-00103,record,SRC-001;SRC-002;SRC-003,P7CT-0026,proposed_contractual,owner_reviewed,within_cutoff,"No new evidence source. Trace source IDs through the approved Phase 1-6 ledgers. Owner review is workflow and underwriting-judgment metadata, not an observed borrower fact or post-cutoff analytical evidence; stated conditions remain open."
P7L-00467,data/phase7/processed/COVENANT_HEADROOM.csv,P7H-00104,record,SRC-001;SRC-002;SRC-003,P7CT-0026,analyst_warning,owner_reviewed,within_cutoff,"No new evidence source. Trace source IDs through the approved Phase 1-6 ledgers. Owner review is workflow and underwriting-judgment metadata, not an observed borrower fact or post-cutoff analytical evidence; stated conditions remain open."
P7L-00468,data/phase7/processed/COVENANT_HEADROOM.csv,P7H-00105,record,SRC-001;SRC-002;SRC-003,P7CT-0027,proposed_contractual,owner_reviewed,within_cutoff,"No new evidence source. Trace source IDs through the approved Phase 1-6 ledgers. Owner review is workflow and underwriting-judgment metadata, not an observed borrower fact or post-cutoff analytical evidence; stated conditions remain open."
P7L-00469,data/phase7/processed/COVENANT_HEADROOM.csv,P7H-00106,record,SRC-001;SRC-002;SRC-003,P7CT-0027,proposed_contractual,owner_reviewed,within_cutoff,"No new evidence source. Trace source IDs through the approved Phase 1-6 ledgers. Owner review is workflow and underwriting-judgment metadata, not an observed borrower fact or post-cutoff analytical evidence; stated conditions remain open."
P7L-00470,data/phase7/processed/COVENANT_HEADROOM.csv,P7H-00107,record,SRC-001;SRC-002;SRC-003,P7CT-0027,proposed_contractual,owner_reviewed,within_cutoff,"No new evidence source. Trace source IDs through the approved Phase 1-6 ledgers. Owner review is workflow and underwriting-judgment metadata, not an observed borrower fact or post-cutoff analytical evidence; stated conditions remain open."
P7L-00471,data/phase7/processed/COVENANT_HEADROOM.csv,P7H-00108,record,SRC-001;SRC-002;SRC-003,P7CT-0027,analyst_warning,owner_reviewed,within_cutoff,"No new evidence source. Trace source IDs through the approved Phase 1-6 ledgers. Owner review is workflow and underwriting-judgment metadata, not an observed borrower fact or post-cutoff analytical evidence; stated conditions remain open."
P7L-00472,data/phase7/processed/COVENANT_HEADROOM.csv,P7H-00109,record,SRC-001;SRC-002;SRC-003,P7CT-0028,proposed_contractual,owner_reviewed,within_cutoff,"No new evidence source. Trace source IDs through the approved Phase 1-6 ledgers. Owner review is workflow and underwriting-judgment metadata, not an observed borrower fact or post-cutoff analytical evidence; stated conditions remain open."
P7L-00473,data/phase7/processed/COVENANT_HEADROOM.csv,P7H-00110,record,SRC-001;SRC-002;SRC-003,P7CT-0028,proposed_contractual,owner_reviewed,within_cutoff,"No new evidence source. Trace source IDs through the approved Phase 1-6 ledgers. Owner review is workflow and underwriting-judgment metadata, not an observed borrower fact or post-cutoff analytical evidence; stated conditions remain open."
P7L-00474,data/phase7/processed/COVENANT_HEADROOM.csv,P7H-00111,record,SRC-001;SRC-002;SRC-003,P7CT-0028,proposed_contractual,owner_reviewed,within_cutoff,"No new evidence source. Trace source IDs through the approved Phase 1-6 ledgers. Owner review is workflow and underwriting-judgment metadata, not an observed borrower fact or post-cutoff analytical evidence; stated conditions remain open."
P7L-00475,data/phase7/processed/COVENANT_HEADROOM.csv,P7H-00112,record,SRC-001;SRC-002;SRC-003,P7CT-0028,analyst_warning,owner_reviewed,within_cutoff,"No new evidence source. Trace source IDs through the approved Phase 1-6 ledgers. Owner review is workflow and underwriting-judgment metadata, not an observed borrower fact or post-cutoff analytical evidence; stated conditions remain open."
P7L-00476,data/phase7/processed/COVENANT_HEADROOM.csv,P7H-00113,record,SRC-001;SRC-002;SRC-003,P7CT-0029,proposed_contractual,owner_reviewed,within_cutoff,"No new evidence source. Trace source IDs through the approved Phase 1-6 ledgers. Owner review is workflow and underwriting-judgment metadata, not an observed borrower fact or post-cutoff analytical evidence; stated conditions remain open."
P7L-00477,data/phase7/processed/COVENANT_HEADROOM.csv,P7H-00114,record,SRC-001;SRC-002;SRC-003,P7CT-0029,proposed_contractual,owner_reviewed,within_cutoff,"No new evidence source. Trace source IDs through the approved Phase 1-6 ledgers. Owner review is workflow and underwriting-judgment metadata, not an observed borrower fact or post-cutoff analytical evidence; stated conditions remain open."
P7L-00478,data/phase7/processed/COVENANT_HEADROOM.csv,P7H-00115,record,SRC-001;SRC-002;SRC-003,P7CT-0029,proposed_contractual,owner_reviewed,within_cutoff,"No new evidence source. Trace source IDs through the approved Phase 1-6 ledgers. Owner review is workflow and underwriting-judgment metadata, not an observed borrower fact or post-cutoff analytical evidence; stated conditions remain open."
P7L-00479,data/phase7/processed/COVENANT_HEADROOM.csv,P7H-00116,record,SRC-001;SRC-002;SRC-003,P7CT-0029,analyst_warning,owner_reviewed,within_cutoff,"No new evidence source. Trace source IDs through the approved Phase 1-6 ledgers. Owner review is workflow and underwriting-judgment metadata, not an observed borrower fact or post-cutoff analytical evidence; stated conditions remain open."
P7L-00480,data/phase7/processed/COVENANT_HEADROOM.csv,P7H-00117,record,SRC-001;SRC-002;SRC-003,P7CT-0030,proposed_contractual,owner_reviewed,within_cutoff,"No new evidence source. Trace source IDs through the approved Phase 1-6 ledgers. Owner review is workflow and underwriting-judgment metadata, not an observed borrower fact or post-cutoff analytical evidence; stated conditions remain open."
P7L-00481,data/phase7/processed/COVENANT_HEADROOM.csv,P7H-00118,record,SRC-001;SRC-002;SRC-003,P7CT-0030,proposed_contractual,owner_reviewed,within_cutoff,"No new evidence source. Trace source IDs through the approved Phase 1-6 ledgers. Owner review is workflow and underwriting-judgment metadata, not an observed borrower fact or post-cutoff analytical evidence; stated conditions remain open."
P7L-00482,data/phase7/processed/COVENANT_HEADROOM.csv,P7H-00119,record,SRC-001;SRC-002;SRC-003,P7CT-0030,proposed_contractual,owner_reviewed,within_cutoff,"No new evidence source. Trace source IDs through the approved Phase 1-6 ledgers. Owner review is workflow and underwriting-judgment metadata, not an observed borrower fact or post-cutoff analytical evidence; stated conditions remain open."
P7L-00483,data/phase7/processed/COVENANT_HEADROOM.csv,P7H-00120,record,SRC-001;SRC-002;SRC-003,P7CT-0030,analyst_warning,owner_reviewed,within_cutoff,"No new evidence source. Trace source IDs through the approved Phase 1-6 ledgers. Owner review is workflow and underwriting-judgment metadata, not an observed borrower fact or post-cutoff analytical evidence; stated conditions remain open."
P7L-00484,data/phase7/processed/COVENANT_HEADROOM.csv,P7H-00121,record,SRC-001;SRC-002;SRC-003,P7CT-0031,proposed_contractual,owner_reviewed,within_cutoff,"No new evidence source. Trace source IDs through the approved Phase 1-6 ledgers. Owner review is workflow and underwriting-judgment metadata, not an observed borrower fact or post-cutoff analytical evidence; stated conditions remain open."
P7L-00485,data/phase7/processed/COVENANT_HEADROOM.csv,P7H-00122,record,SRC-001;SRC-002;SRC-003,P7CT-0031,proposed_contractual,owner_reviewed,within_cutoff,"No new evidence source. Trace source IDs through the approved Phase 1-6 ledgers. Owner review is workflow and underwriting-judgment metadata, not an observed borrower fact or post-cutoff analytical evidence; stated conditions remain open."
P7L-00486,data/phase7/processed/COVENANT_HEADROOM.csv,P7H-00123,record,SRC-001;SRC-002;SRC-003,P7CT-0031,proposed_contractual,owner_reviewed,within_cutoff,"No new evidence source. Trace source IDs through the approved Phase 1-6 ledgers. Owner review is workflow and underwriting-judgment metadata, not an observed borrower fact or post-cutoff analytical evidence; stated conditions remain open."
P7L-00487,data/phase7/processed/COVENANT_HEADROOM.csv,P7H-00124,record,SRC-001;SRC-002;SRC-003,P7CT-0031,analyst_warning,owner_reviewed,within_cutoff,"No new evidence source. Trace source IDs through the approved Phase 1-6 ledgers. Owner review is workflow and underwriting-judgment metadata, not an observed borrower fact or post-cutoff analytical evidence; stated conditions remain open."
P7L-00488,data/phase7/processed/COVENANT_HEADROOM.csv,P7H-00125,record,SRC-001;SRC-002;SRC-003,P7CT-0032,proposed_contractual,owner_reviewed,within_cutoff,"No new evidence source. Trace source IDs through the approved Phase 1-6 ledgers. Owner review is workflow and underwriting-judgment metadata, not an observed borrower fact or post-cutoff analytical evidence; stated conditions remain open."
P7L-00489,data/phase7/processed/COVENANT_HEADROOM.csv,P7H-00126,record,SRC-001;SRC-002;SRC-003,P7CT-0032,proposed_contractual,owner_reviewed,within_cutoff,"No new evidence source. Trace source IDs through the approved Phase 1-6 ledgers. Owner review is workflow and underwriting-judgment metadata, not an observed borrower fact or post-cutoff analytical evidence; stated conditions remain open."
P7L-00490,data/phase7/processed/COVENANT_HEADROOM.csv,P7H-00127,record,SRC-001;SRC-002;SRC-003,P7CT-0032,proposed_contractual,owner_reviewed,within_cutoff,"No new evidence source. Trace source IDs through the approved Phase 1-6 ledgers. Owner review is workflow and underwriting-judgment metadata, not an observed borrower fact or post-cutoff analytical evidence; stated conditions remain open."
P7L-00491,data/phase7/processed/COVENANT_HEADROOM.csv,P7H-00128,record,SRC-001;SRC-002;SRC-003,P7CT-0032,analyst_warning,owner_reviewed,within_cutoff,"No new evidence source. Trace source IDs through the approved Phase 1-6 ledgers. Owner review is workflow and underwriting-judgment metadata, not an observed borrower fact or post-cutoff analytical evidence; stated conditions remain open."
P7L-00492,data/phase7/processed/COVENANT_HEADROOM.csv,P7H-00129,record,SRC-001;SRC-002;SRC-003,P7CT-0033,proposed_contractual,owner_reviewed,within_cutoff,"No new evidence source. Trace source IDs through the approved Phase 1-6 ledgers. Owner review is workflow and underwriting-judgment metadata, not an observed borrower fact or post-cutoff analytical evidence; stated conditions remain open."
P7L-00493,data/phase7/processed/COVENANT_HEADROOM.csv,P7H-00130,record,SRC-001;SRC-002;SRC-003,P7CT-0033,proposed_contractual,owner_reviewed,within_cutoff,"No new evidence source. Trace source IDs through the approved Phase 1-6 ledgers. Owner review is workflow and underwriting-judgment metadata, not an observed borrower fact or post-cutoff analytical evidence; stated conditions remain open."
P7L-00494,data/phase7/processed/COVENANT_HEADROOM.csv,P7H-00131,record,SRC-001;SRC-002;SRC-003,P7CT-0033,proposed_contractual,owner_reviewed,within_cutoff,"No new evidence source. Trace source IDs through the approved Phase 1-6 ledgers. Owner review is workflow and underwriting-judgment metadata, not an observed borrower fact or post-cutoff analytical evidence; stated conditions remain open."
P7L-00495,data/phase7/processed/COVENANT_HEADROOM.csv,P7H-00132,record,SRC-001;SRC-002;SRC-003,P7CT-0033,analyst_warning,owner_reviewed,within_cutoff,"No new evidence source. Trace source IDs through the approved Phase 1-6 ledgers. Owner review is workflow and underwriting-judgment metadata, not an observed borrower fact or post-cutoff analytical evidence; stated conditions remain open."
P7L-00496,data/phase7/processed/COVENANT_HEADROOM.csv,P7H-00133,record,SRC-001;SRC-002;SRC-003,P7CT-0034,proposed_contractual,owner_reviewed,within_cutoff,"No new evidence source. Trace source IDs through the approved Phase 1-6 ledgers. Owner review is workflow and underwriting-judgment metadata, not an observed borrower fact or post-cutoff analytical evidence; stated conditions remain open."
P7L-00497,data/phase7/processed/COVENANT_HEADROOM.csv,P7H-00134,record,SRC-001;SRC-002;SRC-003,P7CT-0034,proposed_contractual,owner_reviewed,within_cutoff,"No new evidence source. Trace source IDs through the approved Phase 1-6 ledgers. Owner review is workflow and underwriting-judgment metadata, not an observed borrower fact or post-cutoff analytical evidence; stated conditions remain open."
P7L-00498,data/phase7/processed/COVENANT_HEADROOM.csv,P7H-00135,record,SRC-001;SRC-002;SRC-003,P7CT-0034,proposed_contractual,owner_reviewed,within_cutoff,"No new evidence source. Trace source IDs through the approved Phase 1-6 ledgers. Owner review is workflow and underwriting-judgment metadata, not an observed borrower fact or post-cutoff analytical evidence; stated conditions remain open."
P7L-00499,data/phase7/processed/COVENANT_HEADROOM.csv,P7H-00136,record,SRC-001;SRC-002;SRC-003,P7CT-0034,analyst_warning,owner_reviewed,within_cutoff,"No new evidence source. Trace source IDs through the approved Phase 1-6 ledgers. Owner review is workflow and underwriting-judgment metadata, not an observed borrower fact or post-cutoff analytical evidence; stated conditions remain open."
P7L-00500,data/phase7/processed/COVENANT_HEADROOM.csv,P7H-00137,record,SRC-001;SRC-002;SRC-003,P7CT-0035,proposed_contractual,owner_reviewed,within_cutoff,"No new evidence source. Trace source IDs through the approved Phase 1-6 ledgers. Owner review is workflow and underwriting-judgment metadata, not an observed borrower fact or post-cutoff analytical evidence; stated conditions remain open."
P7L-00501,data/phase7/processed/COVENANT_HEADROOM.csv,P7H-00138,record,SRC-001;SRC-002;SRC-003,P7CT-0035,proposed_contractual,owner_reviewed,within_cutoff,"No new evidence source. Trace source IDs through the approved Phase 1-6 ledgers. Owner review is workflow and underwriting-judgment metadata, not an observed borrower fact or post-cutoff analytical evidence; stated conditions remain open."
P7L-00502,data/phase7/processed/COVENANT_HEADROOM.csv,P7H-00139,record,SRC-001;SRC-002;SRC-003,P7CT-0035,proposed_contractual,owner_reviewed,within_cutoff,"No new evidence source. Trace source IDs through the approved Phase 1-6 ledgers. Owner review is workflow and underwriting-judgment metadata, not an observed borrower fact or post-cutoff analytical evidence; stated conditions remain open."
P7L-00503,data/phase7/processed/COVENANT_HEADROOM.csv,P7H-00140,record,SRC-001;SRC-002;SRC-003,P7CT-0035,analyst_warning,owner_reviewed,within_cutoff,"No new evidence source. Trace source IDs through the approved Phase 1-6 ledgers. Owner review is workflow and underwriting-judgment metadata, not an observed borrower fact or post-cutoff analytical evidence; stated conditions remain open."
P7L-00504,data/phase7/processed/COVENANT_HEADROOM.csv,P7H-00141,record,SRC-001;SRC-002;SRC-003,P7CT-0036,proposed_contractual,owner_reviewed,within_cutoff,"No new evidence source. Trace source IDs through the approved Phase 1-6 ledgers. Owner review is workflow and underwriting-judgment metadata, not an observed borrower fact or post-cutoff analytical evidence; stated conditions remain open."
P7L-00505,data/phase7/processed/COVENANT_HEADROOM.csv,P7H-00142,record,SRC-001;SRC-002;SRC-003,P7CT-0036,proposed_contractual,owner_reviewed,within_cutoff,"No new evidence source. Trace source IDs through the approved Phase 1-6 ledgers. Owner review is workflow and underwriting-judgment metadata, not an observed borrower fact or post-cutoff analytical evidence; stated conditions remain open."
P7L-00506,data/phase7/processed/COVENANT_HEADROOM.csv,P7H-00143,record,SRC-001;SRC-002;SRC-003,P7CT-0036,proposed_contractual,owner_reviewed,within_cutoff,"No new evidence source. Trace source IDs through the approved Phase 1-6 ledgers. Owner review is workflow and underwriting-judgment metadata, not an observed borrower fact or post-cutoff analytical evidence; stated conditions remain open."
P7L-00507,data/phase7/processed/COVENANT_HEADROOM.csv,P7H-00144,record,SRC-001;SRC-002;SRC-003,P7CT-0036,analyst_warning,owner_reviewed,within_cutoff,"No new evidence source. Trace source IDs through the approved Phase 1-6 ledgers. Owner review is workflow and underwriting-judgment metadata, not an observed borrower fact or post-cutoff analytical evidence; stated conditions remain open."
P7L-00508,data/phase7/processed/COVENANT_HEADROOM.csv,P7H-00145,record,SRC-001;SRC-002;SRC-003,P7CT-0037,proposed_contractual,owner_reviewed,within_cutoff,"No new evidence source. Trace source IDs through the approved Phase 1-6 ledgers. Owner review is workflow and underwriting-judgment metadata, not an observed borrower fact or post-cutoff analytical evidence; stated conditions remain open."
P7L-00509,data/phase7/processed/COVENANT_HEADROOM.csv,P7H-00146,record,SRC-001;SRC-002;SRC-003,P7CT-0037,proposed_contractual,owner_reviewed,within_cutoff,"No new evidence source. Trace source IDs through the approved Phase 1-6 ledgers. Owner review is workflow and underwriting-judgment metadata, not an observed borrower fact or post-cutoff analytical evidence; stated conditions remain open."
P7L-00510,data/phase7/processed/COVENANT_HEADROOM.csv,P7H-00147,record,SRC-001;SRC-002;SRC-003,P7CT-0037,proposed_contractual,owner_reviewed,within_cutoff,"No new evidence source. Trace source IDs through the approved Phase 1-6 ledgers. Owner review is workflow and underwriting-judgment metadata, not an observed borrower fact or post-cutoff analytical evidence; stated conditions remain open."
P7L-00511,data/phase7/processed/COVENANT_HEADROOM.csv,P7H-00148,record,SRC-001;SRC-002;SRC-003,P7CT-0037,analyst_warning,owner_reviewed,within_cutoff,"No new evidence source. Trace source IDs through the approved Phase 1-6 ledgers. Owner review is workflow and underwriting-judgment metadata, not an observed borrower fact or post-cutoff analytical evidence; stated conditions remain open."
P7L-00512,data/phase7/processed/COVENANT_HEADROOM.csv,P7H-00149,record,SRC-001;SRC-002;SRC-003,P7CT-0038,proposed_contractual,owner_reviewed,within_cutoff,"No new evidence source. Trace source IDs through the approved Phase 1-6 ledgers. Owner review is workflow and underwriting-judgment metadata, not an observed borrower fact or post-cutoff analytical evidence; stated conditions remain open."
P7L-00513,data/phase7/processed/COVENANT_HEADROOM.csv,P7H-00150,record,SRC-001;SRC-002;SRC-003,P7CT-0038,proposed_contractual,owner_reviewed,within_cutoff,"No new evidence source. Trace source IDs through the approved Phase 1-6 ledgers. Owner review is workflow and underwriting-judgment metadata, not an observed borrower fact or post-cutoff analytical evidence; stated conditions remain open."
P7L-00514,data/phase7/processed/COVENANT_HEADROOM.csv,P7H-00151,record,SRC-001;SRC-002;SRC-003,P7CT-0038,proposed_contractual,owner_reviewed,within_cutoff,"No new evidence source. Trace source IDs through the approved Phase 1-6 ledgers. Owner review is workflow and underwriting-judgment metadata, not an observed borrower fact or post-cutoff analytical evidence; stated conditions remain open."
P7L-00515,data/phase7/processed/COVENANT_HEADROOM.csv,P7H-00152,record,SRC-001;SRC-002;SRC-003,P7CT-0038,analyst_warning,owner_reviewed,within_cutoff,"No new evidence source. Trace source IDs through the approved Phase 1-6 ledgers. Owner review is workflow and underwriting-judgment metadata, not an observed borrower fact or post-cutoff analytical evidence; stated conditions remain open."
P7L-00516,data/phase7/processed/COVENANT_HEADROOM.csv,P7H-00153,record,SRC-001;SRC-002;SRC-003,P7CT-0039,proposed_contractual,owner_reviewed,within_cutoff,"No new evidence source. Trace source IDs through the approved Phase 1-6 ledgers. Owner review is workflow and underwriting-judgment metadata, not an observed borrower fact or post-cutoff analytical evidence; stated conditions remain open."
P7L-00517,data/phase7/processed/COVENANT_HEADROOM.csv,P7H-00154,record,SRC-001;SRC-002;SRC-003,P7CT-0039,proposed_contractual,owner_reviewed,within_cutoff,"No new evidence source. Trace source IDs through the approved Phase 1-6 ledgers. Owner review is workflow and underwriting-judgment metadata, not an observed borrower fact or post-cutoff analytical evidence; stated conditions remain open."
P7L-00518,data/phase7/processed/COVENANT_HEADROOM.csv,P7H-00155,record,SRC-001;SRC-002;SRC-003,P7CT-0039,proposed_contractual,owner_reviewed,within_cutoff,"No new evidence source. Trace source IDs through the approved Phase 1-6 ledgers. Owner review is workflow and underwriting-judgment metadata, not an observed borrower fact or post-cutoff analytical evidence; stated conditions remain open."
P7L-00519,data/phase7/processed/COVENANT_HEADROOM.csv,P7H-00156,record,SRC-001;SRC-002;SRC-003,P7CT-0039,analyst_warning,owner_reviewed,within_cutoff,"No new evidence source. Trace source IDs through the approved Phase 1-6 ledgers. Owner review is workflow and underwriting-judgment metadata, not an observed borrower fact or post-cutoff analytical evidence; stated conditions remain open."
P7L-00520,data/phase7/processed/COVENANT_HEADROOM.csv,P7H-00157,record,SRC-001;SRC-002;SRC-003,P7CT-0040,proposed_contractual,owner_reviewed,within_cutoff,"No new evidence source. Trace source IDs through the approved Phase 1-6 ledgers. Owner review is workflow and underwriting-judgment metadata, not an observed borrower fact or post-cutoff analytical evidence; stated conditions remain open."
P7L-00521,data/phase7/processed/COVENANT_HEADROOM.csv,P7H-00158,record,SRC-001;SRC-002;SRC-003,P7CT-0040,proposed_contractual,owner_reviewed,within_cutoff,"No new evidence source. Trace source IDs through the approved Phase 1-6 ledgers. Owner review is workflow and underwriting-judgment metadata, not an observed borrower fact or post-cutoff analytical evidence; stated conditions remain open."
P7L-00522,data/phase7/processed/COVENANT_HEADROOM.csv,P7H-00159,record,SRC-001;SRC-002;SRC-003,P7CT-0040,proposed_contractual,owner_reviewed,within_cutoff,"No new evidence source. Trace source IDs through the approved Phase 1-6 ledgers. Owner review is workflow and underwriting-judgment metadata, not an observed borrower fact or post-cutoff analytical evidence; stated conditions remain open."
P7L-00523,data/phase7/processed/COVENANT_HEADROOM.csv,P7H-00160,record,SRC-001;SRC-002;SRC-003,P7CT-0040,analyst_warning,owner_reviewed,within_cutoff,"No new evidence source. Trace source IDs through the approved Phase 1-6 ledgers. Owner review is workflow and underwriting-judgment metadata, not an observed borrower fact or post-cutoff analytical evidence; stated conditions remain open."
P7L-00524,data/phase7/processed/COVENANT_HEADROOM.csv,P7H-00161,record,SRC-001;SRC-002;SRC-003,P7CT-0041,proposed_contractual,owner_reviewed,within_cutoff,"No new evidence source. Trace source IDs through the approved Phase 1-6 ledgers. Owner review is workflow and underwriting-judgment metadata, not an observed borrower fact or post-cutoff analytical evidence; stated conditions remain open."
P7L-00525,data/phase7/processed/COVENANT_HEADROOM.csv,P7H-00162,record,SRC-001;SRC-002;SRC-003,P7CT-0041,proposed_contractual,owner_reviewed,within_cutoff,"No new evidence source. Trace source IDs through the approved Phase 1-6 ledgers. Owner review is workflow and underwriting-judgment metadata, not an observed borrower fact or post-cutoff analytical evidence; stated conditions remain open."
P7L-00526,data/phase7/processed/COVENANT_HEADROOM.csv,P7H-00163,record,SRC-001;SRC-002;SRC-003,P7CT-0041,proposed_contractual,owner_reviewed,within_cutoff,"No new evidence source. Trace source IDs through the approved Phase 1-6 ledgers. Owner review is workflow and underwriting-judgment metadata, not an observed borrower fact or post-cutoff analytical evidence; stated conditions remain open."
P7L-00527,data/phase7/processed/COVENANT_HEADROOM.csv,P7H-00164,record,SRC-001;SRC-002;SRC-003,P7CT-0041,analyst_warning,owner_reviewed,within_cutoff,"No new evidence source. Trace source IDs through the approved Phase 1-6 ledgers. Owner review is workflow and underwriting-judgment metadata, not an observed borrower fact or post-cutoff analytical evidence; stated conditions remain open."
P7L-00528,data/phase7/processed/COVENANT_HEADROOM.csv,P7H-00165,record,SRC-001;SRC-002;SRC-003,P7CT-0042,proposed_contractual,owner_reviewed,within_cutoff,"No new evidence source. Trace source IDs through the approved Phase 1-6 ledgers. Owner review is workflow and underwriting-judgment metadata, not an observed borrower fact or post-cutoff analytical evidence; stated conditions remain open."
P7L-00529,data/phase7/processed/COVENANT_HEADROOM.csv,P7H-00166,record,SRC-001;SRC-002;SRC-003,P7CT-0042,proposed_contractual,owner_reviewed,within_cutoff,"No new evidence source. Trace source IDs through the approved Phase 1-6 ledgers. Owner review is workflow and underwriting-judgment metadata, not an observed borrower fact or post-cutoff analytical evidence; stated conditions remain open."
P7L-00530,data/phase7/processed/COVENANT_HEADROOM.csv,P7H-00167,record,SRC-001;SRC-002;SRC-003,P7CT-0042,proposed_contractual,owner_reviewed,within_cutoff,"No new evidence source. Trace source IDs through the approved Phase 1-6 ledgers. Owner review is workflow and underwriting-judgment metadata, not an observed borrower fact or post-cutoff analytical evidence; stated conditions remain open."
P7L-00531,data/phase7/processed/COVENANT_HEADROOM.csv,P7H-00168,record,SRC-001;SRC-002;SRC-003,P7CT-0042,analyst_warning,owner_reviewed,within_cutoff,"No new evidence source. Trace source IDs through the approved Phase 1-6 ledgers. Owner review is workflow and underwriting-judgment metadata, not an observed borrower fact or post-cutoff analytical evidence; stated conditions remain open."
P7L-00532,data/phase7/processed/COVENANT_HEADROOM.csv,P7H-00169,record,SRC-001;SRC-002;SRC-003,P7CT-0043,proposed_contractual,owner_reviewed,within_cutoff,"No new evidence source. Trace source IDs through the approved Phase 1-6 ledgers. Owner review is workflow and underwriting-judgment metadata, not an observed borrower fact or post-cutoff analytical evidence; stated conditions remain open."
P7L-00533,data/phase7/processed/COVENANT_HEADROOM.csv,P7H-00170,record,SRC-001;SRC-002;SRC-003,P7CT-0043,proposed_contractual,owner_reviewed,within_cutoff,"No new evidence source. Trace source IDs through the approved Phase 1-6 ledgers. Owner review is workflow and underwriting-judgment metadata, not an observed borrower fact or post-cutoff analytical evidence; stated conditions remain open."
P7L-00534,data/phase7/processed/COVENANT_HEADROOM.csv,P7H-00171,record,SRC-001;SRC-002;SRC-003,P7CT-0043,proposed_contractual,owner_reviewed,within_cutoff,"No new evidence source. Trace source IDs through the approved Phase 1-6 ledgers. Owner review is workflow and underwriting-judgment metadata, not an observed borrower fact or post-cutoff analytical evidence; stated conditions remain open."
P7L-00535,data/phase7/processed/COVENANT_HEADROOM.csv,P7H-00172,record,SRC-001;SRC-002;SRC-003,P7CT-0043,analyst_warning,owner_reviewed,within_cutoff,"No new evidence source. Trace source IDs through the approved Phase 1-6 ledgers. Owner review is workflow and underwriting-judgment metadata, not an observed borrower fact or post-cutoff analytical evidence; stated conditions remain open."
P7L-00536,data/phase7/processed/COVENANT_HEADROOM.csv,P7H-00173,record,SRC-001;SRC-002;SRC-003,P7CT-0044,proposed_contractual,owner_reviewed,within_cutoff,"No new evidence source. Trace source IDs through the approved Phase 1-6 ledgers. Owner review is workflow and underwriting-judgment metadata, not an observed borrower fact or post-cutoff analytical evidence; stated conditions remain open."
P7L-00537,data/phase7/processed/COVENANT_HEADROOM.csv,P7H-00174,record,SRC-001;SRC-002;SRC-003,P7CT-0044,proposed_contractual,owner_reviewed,within_cutoff,"No new evidence source. Trace source IDs through the approved Phase 1-6 ledgers. Owner review is workflow and underwriting-judgment metadata, not an observed borrower fact or post-cutoff analytical evidence; stated conditions remain open."
P7L-00538,data/phase7/processed/COVENANT_HEADROOM.csv,P7H-00175,record,SRC-001;SRC-002;SRC-003,P7CT-0044,proposed_contractual,owner_reviewed,within_cutoff,"No new evidence source. Trace source IDs through the approved Phase 1-6 ledgers. Owner review is workflow and underwriting-judgment metadata, not an observed borrower fact or post-cutoff analytical evidence; stated conditions remain open."
P7L-00539,data/phase7/processed/COVENANT_HEADROOM.csv,P7H-00176,record,SRC-001;SRC-002;SRC-003,P7CT-0044,analyst_warning,owner_reviewed,within_cutoff,"No new evidence source. Trace source IDs through the approved Phase 1-6 ledgers. Owner review is workflow and underwriting-judgment metadata, not an observed borrower fact or post-cutoff analytical evidence; stated conditions remain open."
P7L-00540,data/phase7/processed/COVENANT_HEADROOM.csv,P7H-00177,record,SRC-001;SRC-002;SRC-003,P7CT-0045,proposed_contractual,owner_reviewed,within_cutoff,"No new evidence source. Trace source IDs through the approved Phase 1-6 ledgers. Owner review is workflow and underwriting-judgment metadata, not an observed borrower fact or post-cutoff analytical evidence; stated conditions remain open."
P7L-00541,data/phase7/processed/COVENANT_HEADROOM.csv,P7H-00178,record,SRC-001;SRC-002;SRC-003,P7CT-0045,proposed_contractual,owner_reviewed,within_cutoff,"No new evidence source. Trace source IDs through the approved Phase 1-6 ledgers. Owner review is workflow and underwriting-judgment metadata, not an observed borrower fact or post-cutoff analytical evidence; stated conditions remain open."
P7L-00542,data/phase7/processed/COVENANT_HEADROOM.csv,P7H-00179,record,SRC-001;SRC-002;SRC-003,P7CT-0045,proposed_contractual,owner_reviewed,within_cutoff,"No new evidence source. Trace source IDs through the approved Phase 1-6 ledgers. Owner review is workflow and underwriting-judgment metadata, not an observed borrower fact or post-cutoff analytical evidence; stated conditions remain open."
P7L-00543,data/phase7/processed/COVENANT_HEADROOM.csv,P7H-00180,record,SRC-001;SRC-002;SRC-003,P7CT-0045,analyst_warning,owner_reviewed,within_cutoff,"No new evidence source. Trace source IDs through the approved Phase 1-6 ledgers. Owner review is workflow and underwriting-judgment metadata, not an observed borrower fact or post-cutoff analytical evidence; stated conditions remain open."
P7L-00544,data/phase7/processed/COVENANT_HEADROOM.csv,P7H-00181,record,SRC-001;SRC-002;SRC-003,P7CT-0046,proposed_contractual,owner_reviewed,within_cutoff,"No new evidence source. Trace source IDs through the approved Phase 1-6 ledgers. Owner review is workflow and underwriting-judgment metadata, not an observed borrower fact or post-cutoff analytical evidence; stated conditions remain open."
P7L-00545,data/phase7/processed/COVENANT_HEADROOM.csv,P7H-00182,record,SRC-001;SRC-002;SRC-003,P7CT-0046,proposed_contractual,owner_reviewed,within_cutoff,"No new evidence source. Trace source IDs through the approved Phase 1-6 ledgers. Owner review is workflow and underwriting-judgment metadata, not an observed borrower fact or post-cutoff analytical evidence; stated conditions remain open."
P7L-00546,data/phase7/processed/COVENANT_HEADROOM.csv,P7H-00183,record,SRC-001;SRC-002;SRC-003,P7CT-0046,proposed_contractual,owner_reviewed,within_cutoff,"No new evidence source. Trace source IDs through the approved Phase 1-6 ledgers. Owner review is workflow and underwriting-judgment metadata, not an observed borrower fact or post-cutoff analytical evidence; stated conditions remain open."
P7L-00547,data/phase7/processed/COVENANT_HEADROOM.csv,P7H-00184,record,SRC-001;SRC-002;SRC-003,P7CT-0046,analyst_warning,owner_reviewed,within_cutoff,"No new evidence source. Trace source IDs through the approved Phase 1-6 ledgers. Owner review is workflow and underwriting-judgment metadata, not an observed borrower fact or post-cutoff analytical evidence; stated conditions remain open."
P7L-00548,data/phase7/processed/COVENANT_HEADROOM.csv,P7H-00185,record,SRC-001;SRC-002;SRC-003,P7CT-0047,proposed_contractual,owner_reviewed,within_cutoff,"No new evidence source. Trace source IDs through the approved Phase 1-6 ledgers. Owner review is workflow and underwriting-judgment metadata, not an observed borrower fact or post-cutoff analytical evidence; stated conditions remain open."
P7L-00549,data/phase7/processed/COVENANT_HEADROOM.csv,P7H-00186,record,SRC-001;SRC-002;SRC-003,P7CT-0047,proposed_contractual,owner_reviewed,within_cutoff,"No new evidence source. Trace source IDs through the approved Phase 1-6 ledgers. Owner review is workflow and underwriting-judgment metadata, not an observed borrower fact or post-cutoff analytical evidence; stated conditions remain open."
P7L-00550,data/phase7/processed/COVENANT_HEADROOM.csv,P7H-00187,record,SRC-001;SRC-002;SRC-003,P7CT-0047,proposed_contractual,owner_reviewed,within_cutoff,"No new evidence source. Trace source IDs through the approved Phase 1-6 ledgers. Owner review is workflow and underwriting-judgment metadata, not an observed borrower fact or post-cutoff analytical evidence; stated conditions remain open."
P7L-00551,data/phase7/processed/COVENANT_HEADROOM.csv,P7H-00188,record,SRC-001;SRC-002;SRC-003,P7CT-0047,analyst_warning,owner_reviewed,within_cutoff,"No new evidence source. Trace source IDs through the approved Phase 1-6 ledgers. Owner review is workflow and underwriting-judgment metadata, not an observed borrower fact or post-cutoff analytical evidence; stated conditions remain open."
P7L-00552,data/phase7/processed/COVENANT_HEADROOM.csv,P7H-00189,record,SRC-001;SRC-002;SRC-003,P7CT-0048,proposed_contractual,owner_reviewed,within_cutoff,"No new evidence source. Trace source IDs through the approved Phase 1-6 ledgers. Owner review is workflow and underwriting-judgment metadata, not an observed borrower fact or post-cutoff analytical evidence; stated conditions remain open."
P7L-00553,data/phase7/processed/COVENANT_HEADROOM.csv,P7H-00190,record,SRC-001;SRC-002;SRC-003,P7CT-0048,proposed_contractual,owner_reviewed,within_cutoff,"No new evidence source. Trace source IDs through the approved Phase 1-6 ledgers. Owner review is workflow and underwriting-judgment metadata, not an observed borrower fact or post-cutoff analytical evidence; stated conditions remain open."
P7L-00554,data/phase7/processed/COVENANT_HEADROOM.csv,P7H-00191,record,SRC-001;SRC-002;SRC-003,P7CT-0048,proposed_contractual,owner_reviewed,within_cutoff,"No new evidence source. Trace source IDs through the approved Phase 1-6 ledgers. Owner review is workflow and underwriting-judgment metadata, not an observed borrower fact or post-cutoff analytical evidence; stated conditions remain open."
P7L-00555,data/phase7/processed/COVENANT_HEADROOM.csv,P7H-00192,record,SRC-001;SRC-002;SRC-003,P7CT-0048,analyst_warning,owner_reviewed,within_cutoff,"No new evidence source. Trace source IDs through the approved Phase 1-6 ledgers. Owner review is workflow and underwriting-judgment metadata, not an observed borrower fact or post-cutoff analytical evidence; stated conditions remain open."
P7L-00556,data/phase7/processed/COVENANT_HEADROOM.csv,P7H-00193,record,SRC-001;SRC-002;SRC-003,P7CT-0049,proposed_contractual,owner_reviewed,within_cutoff,"No new evidence source. Trace source IDs through the approved Phase 1-6 ledgers. Owner review is workflow and underwriting-judgment metadata, not an observed borrower fact or post-cutoff analytical evidence; stated conditions remain open."
P7L-00557,data/phase7/processed/COVENANT_HEADROOM.csv,P7H-00194,record,SRC-001;SRC-002;SRC-003,P7CT-0049,proposed_contractual,owner_reviewed,within_cutoff,"No new evidence source. Trace source IDs through the approved Phase 1-6 ledgers. Owner review is workflow and underwriting-judgment metadata, not an observed borrower fact or post-cutoff analytical evidence; stated conditions remain open."
P7L-00558,data/phase7/processed/COVENANT_HEADROOM.csv,P7H-00195,record,SRC-001;SRC-002;SRC-003,P7CT-0049,proposed_contractual,owner_reviewed,within_cutoff,"No new evidence source. Trace source IDs through the approved Phase 1-6 ledgers. Owner review is workflow and underwriting-judgment metadata, not an observed borrower fact or post-cutoff analytical evidence; stated conditions remain open."
P7L-00559,data/phase7/processed/COVENANT_HEADROOM.csv,P7H-00196,record,SRC-001;SRC-002;SRC-003,P7CT-0049,analyst_warning,owner_reviewed,within_cutoff,"No new evidence source. Trace source IDs through the approved Phase 1-6 ledgers. Owner review is workflow and underwriting-judgment metadata, not an observed borrower fact or post-cutoff analytical evidence; stated conditions remain open."
P7L-00560,data/phase7/processed/COVENANT_HEADROOM.csv,P7H-00197,record,SRC-001;SRC-002;SRC-003,P7CT-0050,proposed_contractual,owner_reviewed,within_cutoff,"No new evidence source. Trace source IDs through the approved Phase 1-6 ledgers. Owner review is workflow and underwriting-judgment metadata, not an observed borrower fact or post-cutoff analytical evidence; stated conditions remain open."
P7L-00561,data/phase7/processed/COVENANT_HEADROOM.csv,P7H-00198,record,SRC-001;SRC-002;SRC-003,P7CT-0050,proposed_contractual,owner_reviewed,within_cutoff,"No new evidence source. Trace source IDs through the approved Phase 1-6 ledgers. Owner review is workflow and underwriting-judgment metadata, not an observed borrower fact or post-cutoff analytical evidence; stated conditions remain open."
P7L-00562,data/phase7/processed/COVENANT_HEADROOM.csv,P7H-00199,record,SRC-001;SRC-002;SRC-003,P7CT-0050,proposed_contractual,owner_reviewed,within_cutoff,"No new evidence source. Trace source IDs through the approved Phase 1-6 ledgers. Owner review is workflow and underwriting-judgment metadata, not an observed borrower fact or post-cutoff analytical evidence; stated conditions remain open."
P7L-00563,data/phase7/processed/COVENANT_HEADROOM.csv,P7H-00200,record,SRC-001;SRC-002;SRC-003,P7CT-0050,analyst_warning,owner_reviewed,within_cutoff,"No new evidence source. Trace source IDs through the approved Phase 1-6 ledgers. Owner review is workflow and underwriting-judgment metadata, not an observed borrower fact or post-cutoff analytical evidence; stated conditions remain open."
P7L-00564,data/phase7/processed/COVENANT_HEADROOM.csv,P7H-00201,record,SRC-001;SRC-002;SRC-003,P7CT-0051,proposed_contractual,owner_reviewed,within_cutoff,"No new evidence source. Trace source IDs through the approved Phase 1-6 ledgers. Owner review is workflow and underwriting-judgment metadata, not an observed borrower fact or post-cutoff analytical evidence; stated conditions remain open."
P7L-00565,data/phase7/processed/COVENANT_HEADROOM.csv,P7H-00202,record,SRC-001;SRC-002;SRC-003,P7CT-0051,proposed_contractual,owner_reviewed,within_cutoff,"No new evidence source. Trace source IDs through the approved Phase 1-6 ledgers. Owner review is workflow and underwriting-judgment metadata, not an observed borrower fact or post-cutoff analytical evidence; stated conditions remain open."
P7L-00566,data/phase7/processed/COVENANT_HEADROOM.csv,P7H-00203,record,SRC-001;SRC-002;SRC-003,P7CT-0051,proposed_contractual,owner_reviewed,within_cutoff,"No new evidence source. Trace source IDs through the approved Phase 1-6 ledgers. Owner review is workflow and underwriting-judgment metadata, not an observed borrower fact or post-cutoff analytical evidence; stated conditions remain open."
P7L-00567,data/phase7/processed/COVENANT_HEADROOM.csv,P7H-00204,record,SRC-001;SRC-002;SRC-003,P7CT-0051,analyst_warning,owner_reviewed,within_cutoff,"No new evidence source. Trace source IDs through the approved Phase 1-6 ledgers. Owner review is workflow and underwriting-judgment metadata, not an observed borrower fact or post-cutoff analytical evidence; stated conditions remain open."
P7L-00568,data/phase7/processed/COVENANT_HEADROOM.csv,P7H-00205,record,SRC-001;SRC-002;SRC-003,P7CT-0052,proposed_contractual,owner_reviewed,within_cutoff,"No new evidence source. Trace source IDs through the approved Phase 1-6 ledgers. Owner review is workflow and underwriting-judgment metadata, not an observed borrower fact or post-cutoff analytical evidence; stated conditions remain open."
P7L-00569,data/phase7/processed/COVENANT_HEADROOM.csv,P7H-00206,record,SRC-001;SRC-002;SRC-003,P7CT-0052,proposed_contractual,owner_reviewed,within_cutoff,"No new evidence source. Trace source IDs through the approved Phase 1-6 ledgers. Owner review is workflow and underwriting-judgment metadata, not an observed borrower fact or post-cutoff analytical evidence; stated conditions remain open."
P7L-00570,data/phase7/processed/COVENANT_HEADROOM.csv,P7H-00207,record,SRC-001;SRC-002;SRC-003,P7CT-0052,proposed_contractual,owner_reviewed,within_cutoff,"No new evidence source. Trace source IDs through the approved Phase 1-6 ledgers. Owner review is workflow and underwriting-judgment metadata, not an observed borrower fact or post-cutoff analytical evidence; stated conditions remain open."
P7L-00571,data/phase7/processed/COVENANT_HEADROOM.csv,P7H-00208,record,SRC-001;SRC-002;SRC-003,P7CT-0052,analyst_warning,owner_reviewed,within_cutoff,"No new evidence source. Trace source IDs through the approved Phase 1-6 ledgers. Owner review is workflow and underwriting-judgment metadata, not an observed borrower fact or post-cutoff analytical evidence; stated conditions remain open."
P7L-00572,data/phase7/processed/COVENANT_HEADROOM.csv,P7H-00209,record,SRC-001;SRC-002;SRC-003,P7CT-0053,proposed_contractual,owner_reviewed,within_cutoff,"No new evidence source. Trace source IDs through the approved Phase 1-6 ledgers. Owner review is workflow and underwriting-judgment metadata, not an observed borrower fact or post-cutoff analytical evidence; stated conditions remain open."
P7L-00573,data/phase7/processed/COVENANT_HEADROOM.csv,P7H-00210,record,SRC-001;SRC-002;SRC-003,P7CT-0053,proposed_contractual,owner_reviewed,within_cutoff,"No new evidence source. Trace source IDs through the approved Phase 1-6 ledgers. Owner review is workflow and underwriting-judgment metadata, not an observed borrower fact or post-cutoff analytical evidence; stated conditions remain open."
P7L-00574,data/phase7/processed/COVENANT_HEADROOM.csv,P7H-00211,record,SRC-001;SRC-002;SRC-003,P7CT-0053,proposed_contractual,owner_reviewed,within_cutoff,"No new evidence source. Trace source IDs through the approved Phase 1-6 ledgers. Owner review is workflow and underwriting-judgment metadata, not an observed borrower fact or post-cutoff analytical evidence; stated conditions remain open."
P7L-00575,data/phase7/processed/COVENANT_HEADROOM.csv,P7H-00212,record,SRC-001;SRC-002;SRC-003,P7CT-0053,analyst_warning,owner_reviewed,within_cutoff,"No new evidence source. Trace source IDs through the approved Phase 1-6 ledgers. Owner review is workflow and underwriting-judgment metadata, not an observed borrower fact or post-cutoff analytical evidence; stated conditions remain open."
P7L-00576,data/phase7/processed/COVENANT_HEADROOM.csv,P7H-00213,record,SRC-001;SRC-002;SRC-003,P7CT-0054,proposed_contractual,owner_reviewed,within_cutoff,"No new evidence source. Trace source IDs through the approved Phase 1-6 ledgers. Owner review is workflow and underwriting-judgment metadata, not an observed borrower fact or post-cutoff analytical evidence; stated conditions remain open."
P7L-00577,data/phase7/processed/COVENANT_HEADROOM.csv,P7H-00214,record,SRC-001;SRC-002;SRC-003,P7CT-0054,proposed_contractual,owner_reviewed,within_cutoff,"No new evidence source. Trace source IDs through the approved Phase 1-6 ledgers. Owner review is workflow and underwriting-judgment metadata, not an observed borrower fact or post-cutoff analytical evidence; stated conditions remain open."
P7L-00578,data/phase7/processed/COVENANT_HEADROOM.csv,P7H-00215,record,SRC-001;SRC-002;SRC-003,P7CT-0054,proposed_contractual,owner_reviewed,within_cutoff,"No new evidence source. Trace source IDs through the approved Phase 1-6 ledgers. Owner review is workflow and underwriting-judgment metadata, not an observed borrower fact or post-cutoff analytical evidence; stated conditions remain open."
P7L-00579,data/phase7/processed/COVENANT_HEADROOM.csv,P7H-00216,record,SRC-001;SRC-002;SRC-003,P7CT-0054,analyst_warning,owner_reviewed,within_cutoff,"No new evidence source. Trace source IDs through the approved Phase 1-6 ledgers. Owner review is workflow and underwriting-judgment metadata, not an observed borrower fact or post-cutoff analytical evidence; stated conditions remain open."
P7L-00580,data/phase7/processed/COVENANT_HEADROOM.csv,P7H-00217,record,SRC-001;SRC-002;SRC-003,P7CT-0055,proposed_contractual,owner_reviewed,within_cutoff,"No new evidence source. Trace source IDs through the approved Phase 1-6 ledgers. Owner review is workflow and underwriting-judgment metadata, not an observed borrower fact or post-cutoff analytical evidence; stated conditions remain open."
P7L-00581,data/phase7/processed/COVENANT_HEADROOM.csv,P7H-00218,record,SRC-001;SRC-002;SRC-003,P7CT-0055,proposed_contractual,owner_reviewed,within_cutoff,"No new evidence source. Trace source IDs through the approved Phase 1-6 ledgers. Owner review is workflow and underwriting-judgment metadata, not an observed borrower fact or post-cutoff analytical evidence; stated conditions remain open."
P7L-00582,data/phase7/processed/COVENANT_HEADROOM.csv,P7H-00219,record,SRC-001;SRC-002;SRC-003,P7CT-0055,proposed_contractual,owner_reviewed,within_cutoff,"No new evidence source. Trace source IDs through the approved Phase 1-6 ledgers. Owner review is workflow and underwriting-judgment metadata, not an observed borrower fact or post-cutoff analytical evidence; stated conditions remain open."
P7L-00583,data/phase7/processed/COVENANT_HEADROOM.csv,P7H-00220,record,SRC-001;SRC-002;SRC-003,P7CT-0055,analyst_warning,owner_reviewed,within_cutoff,"No new evidence source. Trace source IDs through the approved Phase 1-6 ledgers. Owner review is workflow and underwriting-judgment metadata, not an observed borrower fact or post-cutoff analytical evidence; stated conditions remain open."
P7L-00584,data/phase7/processed/COVENANT_HEADROOM.csv,P7H-00221,record,SRC-001;SRC-002;SRC-003,P7CT-0056,proposed_contractual,owner_reviewed,within_cutoff,"No new evidence source. Trace source IDs through the approved Phase 1-6 ledgers. Owner review is workflow and underwriting-judgment metadata, not an observed borrower fact or post-cutoff analytical evidence; stated conditions remain open."
P7L-00585,data/phase7/processed/COVENANT_HEADROOM.csv,P7H-00222,record,SRC-001;SRC-002;SRC-003,P7CT-0056,proposed_contractual,owner_reviewed,within_cutoff,"No new evidence source. Trace source IDs through the approved Phase 1-6 ledgers. Owner review is workflow and underwriting-judgment metadata, not an observed borrower fact or post-cutoff analytical evidence; stated conditions remain open."
P7L-00586,data/phase7/processed/COVENANT_HEADROOM.csv,P7H-00223,record,SRC-001;SRC-002;SRC-003,P7CT-0056,proposed_contractual,owner_reviewed,within_cutoff,"No new evidence source. Trace source IDs through the approved Phase 1-6 ledgers. Owner review is workflow and underwriting-judgment metadata, not an observed borrower fact or post-cutoff analytical evidence; stated conditions remain open."
P7L-00587,data/phase7/processed/COVENANT_HEADROOM.csv,P7H-00224,record,SRC-001;SRC-002;SRC-003,P7CT-0056,analyst_warning,owner_reviewed,within_cutoff,"No new evidence source. Trace source IDs through the approved Phase 1-6 ledgers. Owner review is workflow and underwriting-judgment metadata, not an observed borrower fact or post-cutoff analytical evidence; stated conditions remain open."
P7L-00588,data/phase7/processed/COVENANT_HEADROOM.csv,P7H-00225,record,SRC-001;SRC-002;SRC-003,P7CT-0057,proposed_contractual,owner_reviewed,within_cutoff,"No new evidence source. Trace source IDs through the approved Phase 1-6 ledgers. Owner review is workflow and underwriting-judgment metadata, not an observed borrower fact or post-cutoff analytical evidence; stated conditions remain open."
P7L-00589,data/phase7/processed/COVENANT_HEADROOM.csv,P7H-00226,record,SRC-001;SRC-002;SRC-003,P7CT-0057,proposed_contractual,owner_reviewed,within_cutoff,"No new evidence source. Trace source IDs through the approved Phase 1-6 ledgers. Owner review is workflow and underwriting-judgment metadata, not an observed borrower fact or post-cutoff analytical evidence; stated conditions remain open."
P7L-00590,data/phase7/processed/COVENANT_HEADROOM.csv,P7H-00227,record,SRC-001;SRC-002;SRC-003,P7CT-0057,proposed_contractual,owner_reviewed,within_cutoff,"No new evidence source. Trace source IDs through the approved Phase 1-6 ledgers. Owner review is workflow and underwriting-judgment metadata, not an observed borrower fact or post-cutoff analytical evidence; stated conditions remain open."
P7L-00591,data/phase7/processed/COVENANT_HEADROOM.csv,P7H-00228,record,SRC-001;SRC-002;SRC-003,P7CT-0057,analyst_warning,owner_reviewed,within_cutoff,"No new evidence source. Trace source IDs through the approved Phase 1-6 ledgers. Owner review is workflow and underwriting-judgment metadata, not an observed borrower fact or post-cutoff analytical evidence; stated conditions remain open."
P7L-00592,data/phase7/processed/COVENANT_HEADROOM.csv,P7H-00229,record,SRC-001;SRC-002;SRC-003,P7CT-0058,proposed_contractual,owner_reviewed,within_cutoff,"No new evidence source. Trace source IDs through the approved Phase 1-6 ledgers. Owner review is workflow and underwriting-judgment metadata, not an observed borrower fact or post-cutoff analytical evidence; stated conditions remain open."
P7L-00593,data/phase7/processed/COVENANT_HEADROOM.csv,P7H-00230,record,SRC-001;SRC-002;SRC-003,P7CT-0058,proposed_contractual,owner_reviewed,within_cutoff,"No new evidence source. Trace source IDs through the approved Phase 1-6 ledgers. Owner review is workflow and underwriting-judgment metadata, not an observed borrower fact or post-cutoff analytical evidence; stated conditions remain open."
P7L-00594,data/phase7/processed/COVENANT_HEADROOM.csv,P7H-00231,record,SRC-001;SRC-002;SRC-003,P7CT-0058,proposed_contractual,owner_reviewed,within_cutoff,"No new evidence source. Trace source IDs through the approved Phase 1-6 ledgers. Owner review is workflow and underwriting-judgment metadata, not an observed borrower fact or post-cutoff analytical evidence; stated conditions remain open."
P7L-00595,data/phase7/processed/COVENANT_HEADROOM.csv,P7H-00232,record,SRC-001;SRC-002;SRC-003,P7CT-0058,analyst_warning,owner_reviewed,within_cutoff,"No new evidence source. Trace source IDs through the approved Phase 1-6 ledgers. Owner review is workflow and underwriting-judgment metadata, not an observed borrower fact or post-cutoff analytical evidence; stated conditions remain open."
P7L-00596,data/phase7/processed/COVENANT_HEADROOM.csv,P7H-00233,record,SRC-001;SRC-002;SRC-003,P7CT-0059,proposed_contractual,owner_reviewed,within_cutoff,"No new evidence source. Trace source IDs through the approved Phase 1-6 ledgers. Owner review is workflow and underwriting-judgment metadata, not an observed borrower fact or post-cutoff analytical evidence; stated conditions remain open."
P7L-00597,data/phase7/processed/COVENANT_HEADROOM.csv,P7H-00234,record,SRC-001;SRC-002;SRC-003,P7CT-0059,proposed_contractual,owner_reviewed,within_cutoff,"No new evidence source. Trace source IDs through the approved Phase 1-6 ledgers. Owner review is workflow and underwriting-judgment metadata, not an observed borrower fact or post-cutoff analytical evidence; stated conditions remain open."
P7L-00598,data/phase7/processed/COVENANT_HEADROOM.csv,P7H-00235,record,SRC-001;SRC-002;SRC-003,P7CT-0059,proposed_contractual,owner_reviewed,within_cutoff,"No new evidence source. Trace source IDs through the approved Phase 1-6 ledgers. Owner review is workflow and underwriting-judgment metadata, not an observed borrower fact or post-cutoff analytical evidence; stated conditions remain open."
P7L-00599,data/phase7/processed/COVENANT_HEADROOM.csv,P7H-00236,record,SRC-001;SRC-002;SRC-003,P7CT-0059,analyst_warning,owner_reviewed,within_cutoff,"No new evidence source. Trace source IDs through the approved Phase 1-6 ledgers. Owner review is workflow and underwriting-judgment metadata, not an observed borrower fact or post-cutoff analytical evidence; stated conditions remain open."
P7L-00600,data/phase7/processed/COVENANT_HEADROOM.csv,P7H-00237,record,SRC-001;SRC-002;SRC-003,P7CT-0060,proposed_contractual,owner_reviewed,within_cutoff,"No new evidence source. Trace source IDs through the approved Phase 1-6 ledgers. Owner review is workflow and underwriting-judgment metadata, not an observed borrower fact or post-cutoff analytical evidence; stated conditions remain open."
P7L-00601,data/phase7/processed/COVENANT_HEADROOM.csv,P7H-00238,record,SRC-001;SRC-002;SRC-003,P7CT-0060,proposed_contractual,owner_reviewed,within_cutoff,"No new evidence source. Trace source IDs through the approved Phase 1-6 ledgers. Owner review is workflow and underwriting-judgment metadata, not an observed borrower fact or post-cutoff analytical evidence; stated conditions remain open."
P7L-00602,data/phase7/processed/COVENANT_HEADROOM.csv,P7H-00239,record,SRC-001;SRC-002;SRC-003,P7CT-0060,proposed_contractual,owner_reviewed,within_cutoff,"No new evidence source. Trace source IDs through the approved Phase 1-6 ledgers. Owner review is workflow and underwriting-judgment metadata, not an observed borrower fact or post-cutoff analytical evidence; stated conditions remain open."
P7L-00603,data/phase7/processed/COVENANT_HEADROOM.csv,P7H-00240,record,SRC-001;SRC-002;SRC-003,P7CT-0060,analyst_warning,owner_reviewed,within_cutoff,"No new evidence source. Trace source IDs through the approved Phase 1-6 ledgers. Owner review is workflow and underwriting-judgment metadata, not an observed borrower fact or post-cutoff analytical evidence; stated conditions remain open."
P7L-00604,data/phase7/processed/COVENANT_HEADROOM.csv,P7H-00241,record,SRC-001;SRC-002;SRC-003,P7CT-0061,proposed_contractual,owner_reviewed,within_cutoff,"No new evidence source. Trace source IDs through the approved Phase 1-6 ledgers. Owner review is workflow and underwriting-judgment metadata, not an observed borrower fact or post-cutoff analytical evidence; stated conditions remain open."
P7L-00605,data/phase7/processed/COVENANT_HEADROOM.csv,P7H-00242,record,SRC-001;SRC-002;SRC-003,P7CT-0061,proposed_contractual,owner_reviewed,within_cutoff,"No new evidence source. Trace source IDs through the approved Phase 1-6 ledgers. Owner review is workflow and underwriting-judgment metadata, not an observed borrower fact or post-cutoff analytical evidence; stated conditions remain open."
P7L-00606,data/phase7/processed/COVENANT_HEADROOM.csv,P7H-00243,record,SRC-001;SRC-002;SRC-003,P7CT-0061,proposed_contractual,owner_reviewed,within_cutoff,"No new evidence source. Trace source IDs through the approved Phase 1-6 ledgers. Owner review is workflow and underwriting-judgment metadata, not an observed borrower fact or post-cutoff analytical evidence; stated conditions remain open."
P7L-00607,data/phase7/processed/COVENANT_HEADROOM.csv,P7H-00244,record,SRC-001;SRC-002;SRC-003,P7CT-0061,analyst_warning,owner_reviewed,within_cutoff,"No new evidence source. Trace source IDs through the approved Phase 1-6 ledgers. Owner review is workflow and underwriting-judgment metadata, not an observed borrower fact or post-cutoff analytical evidence; stated conditions remain open."
P7L-00608,data/phase7/processed/COVENANT_HEADROOM.csv,P7H-00245,record,SRC-001;SRC-002;SRC-003,P7CT-0062,proposed_contractual,owner_reviewed,within_cutoff,"No new evidence source. Trace source IDs through the approved Phase 1-6 ledgers. Owner review is workflow and underwriting-judgment metadata, not an observed borrower fact or post-cutoff analytical evidence; stated conditions remain open."
P7L-00609,data/phase7/processed/COVENANT_HEADROOM.csv,P7H-00246,record,SRC-001;SRC-002;SRC-003,P7CT-0062,proposed_contractual,owner_reviewed,within_cutoff,"No new evidence source. Trace source IDs through the approved Phase 1-6 ledgers. Owner review is workflow and underwriting-judgment metadata, not an observed borrower fact or post-cutoff analytical evidence; stated conditions remain open."
P7L-00610,data/phase7/processed/COVENANT_HEADROOM.csv,P7H-00247,record,SRC-001;SRC-002;SRC-003,P7CT-0062,proposed_contractual,owner_reviewed,within_cutoff,"No new evidence source. Trace source IDs through the approved Phase 1-6 ledgers. Owner review is workflow and underwriting-judgment metadata, not an observed borrower fact or post-cutoff analytical evidence; stated conditions remain open."
P7L-00611,data/phase7/processed/COVENANT_HEADROOM.csv,P7H-00248,record,SRC-001;SRC-002;SRC-003,P7CT-0062,analyst_warning,owner_reviewed,within_cutoff,"No new evidence source. Trace source IDs through the approved Phase 1-6 ledgers. Owner review is workflow and underwriting-judgment metadata, not an observed borrower fact or post-cutoff analytical evidence; stated conditions remain open."
P7L-00612,data/phase7/processed/COVENANT_HEADROOM.csv,P7H-00249,record,SRC-001;SRC-002;SRC-003,P7CT-0063,proposed_contractual,owner_reviewed,within_cutoff,"No new evidence source. Trace source IDs through the approved Phase 1-6 ledgers. Owner review is workflow and underwriting-judgment metadata, not an observed borrower fact or post-cutoff analytical evidence; stated conditions remain open."
P7L-00613,data/phase7/processed/COVENANT_HEADROOM.csv,P7H-00250,record,SRC-001;SRC-002;SRC-003,P7CT-0063,proposed_contractual,owner_reviewed,within_cutoff,"No new evidence source. Trace source IDs through the approved Phase 1-6 ledgers. Owner review is workflow and underwriting-judgment metadata, not an observed borrower fact or post-cutoff analytical evidence; stated conditions remain open."
P7L-00614,data/phase7/processed/COVENANT_HEADROOM.csv,P7H-00251,record,SRC-001;SRC-002;SRC-003,P7CT-0063,proposed_contractual,owner_reviewed,within_cutoff,"No new evidence source. Trace source IDs through the approved Phase 1-6 ledgers. Owner review is workflow and underwriting-judgment metadata, not an observed borrower fact or post-cutoff analytical evidence; stated conditions remain open."
P7L-00615,data/phase7/processed/COVENANT_HEADROOM.csv,P7H-00252,record,SRC-001;SRC-002;SRC-003,P7CT-0063,analyst_warning,owner_reviewed,within_cutoff,"No new evidence source. Trace source IDs through the approved Phase 1-6 ledgers. Owner review is workflow and underwriting-judgment metadata, not an observed borrower fact or post-cutoff analytical evidence; stated conditions remain open."
P7L-00616,data/phase7/processed/COVENANT_HEADROOM.csv,P7H-00253,record,SRC-001;SRC-002;SRC-003,P7CT-0064,proposed_contractual,owner_reviewed,within_cutoff,"No new evidence source. Trace source IDs through the approved Phase 1-6 ledgers. Owner review is workflow and underwriting-judgment metadata, not an observed borrower fact or post-cutoff analytical evidence; stated conditions remain open."
P7L-00617,data/phase7/processed/COVENANT_HEADROOM.csv,P7H-00254,record,SRC-001;SRC-002;SRC-003,P7CT-0064,proposed_contractual,owner_reviewed,within_cutoff,"No new evidence source. Trace source IDs through the approved Phase 1-6 ledgers. Owner review is workflow and underwriting-judgment metadata, not an observed borrower fact or post-cutoff analytical evidence; stated conditions remain open."
P7L-00618,data/phase7/processed/COVENANT_HEADROOM.csv,P7H-00255,record,SRC-001;SRC-002;SRC-003,P7CT-0064,proposed_contractual,owner_reviewed,within_cutoff,"No new evidence source. Trace source IDs through the approved Phase 1-6 ledgers. Owner review is workflow and underwriting-judgment metadata, not an observed borrower fact or post-cutoff analytical evidence; stated conditions remain open."
P7L-00619,data/phase7/processed/COVENANT_HEADROOM.csv,P7H-00256,record,SRC-001;SRC-002;SRC-003,P7CT-0064,analyst_warning,owner_reviewed,within_cutoff,"No new evidence source. Trace source IDs through the approved Phase 1-6 ledgers. Owner review is workflow and underwriting-judgment metadata, not an observed borrower fact or post-cutoff analytical evidence; stated conditions remain open."
P7L-00620,data/phase7/processed/COVENANT_HEADROOM.csv,P7H-00257,record,SRC-001;SRC-002;SRC-003,P7CT-0065,proposed_contractual,owner_reviewed,within_cutoff,"No new evidence source. Trace source IDs through the approved Phase 1-6 ledgers. Owner review is workflow and underwriting-judgment metadata, not an observed borrower fact or post-cutoff analytical evidence; stated conditions remain open."
P7L-00621,data/phase7/processed/COVENANT_HEADROOM.csv,P7H-00258,record,SRC-001;SRC-002;SRC-003,P7CT-0065,proposed_contractual,owner_reviewed,within_cutoff,"No new evidence source. Trace source IDs through the approved Phase 1-6 ledgers. Owner review is workflow and underwriting-judgment metadata, not an observed borrower fact or post-cutoff analytical evidence; stated conditions remain open."
P7L-00622,data/phase7/processed/COVENANT_HEADROOM.csv,P7H-00259,record,SRC-001;SRC-002;SRC-003,P7CT-0065,proposed_contractual,owner_reviewed,within_cutoff,"No new evidence source. Trace source IDs through the approved Phase 1-6 ledgers. Owner review is workflow and underwriting-judgment metadata, not an observed borrower fact or post-cutoff analytical evidence; stated conditions remain open."
P7L-00623,data/phase7/processed/COVENANT_HEADROOM.csv,P7H-00260,record,SRC-001;SRC-002;SRC-003,P7CT-0065,analyst_warning,owner_reviewed,within_cutoff,"No new evidence source. Trace source IDs through the approved Phase 1-6 ledgers. Owner review is workflow and underwriting-judgment metadata, not an observed borrower fact or post-cutoff analytical evidence; stated conditions remain open."
P7L-00624,data/phase7/processed/COVENANT_HEADROOM.csv,P7H-00261,record,SRC-001;SRC-002;SRC-003,P7CT-0066,proposed_contractual,owner_reviewed,within_cutoff,"No new evidence source. Trace source IDs through the approved Phase 1-6 ledgers. Owner review is workflow and underwriting-judgment metadata, not an observed borrower fact or post-cutoff analytical evidence; stated conditions remain open."
P7L-00625,data/phase7/processed/COVENANT_HEADROOM.csv,P7H-00262,record,SRC-001;SRC-002;SRC-003,P7CT-0066,proposed_contractual,owner_reviewed,within_cutoff,"No new evidence source. Trace source IDs through the approved Phase 1-6 ledgers. Owner review is workflow and underwriting-judgment metadata, not an observed borrower fact or post-cutoff analytical evidence; stated conditions remain open."
P7L-00626,data/phase7/processed/COVENANT_HEADROOM.csv,P7H-00263,record,SRC-001;SRC-002;SRC-003,P7CT-0066,proposed_contractual,owner_reviewed,within_cutoff,"No new evidence source. Trace source IDs through the approved Phase 1-6 ledgers. Owner review is workflow and underwriting-judgment metadata, not an observed borrower fact or post-cutoff analytical evidence; stated conditions remain open."
P7L-00627,data/phase7/processed/COVENANT_HEADROOM.csv,P7H-00264,record,SRC-001;SRC-002;SRC-003,P7CT-0066,analyst_warning,owner_reviewed,within_cutoff,"No new evidence source. Trace source IDs through the approved Phase 1-6 ledgers. Owner review is workflow and underwriting-judgment metadata, not an observed borrower fact or post-cutoff analytical evidence; stated conditions remain open."
P7L-00628,data/phase7/processed/COVENANT_HEADROOM.csv,P7H-00265,record,SRC-001;SRC-002;SRC-003,P7CT-0067,proposed_contractual,owner_reviewed,within_cutoff,"No new evidence source. Trace source IDs through the approved Phase 1-6 ledgers. Owner review is workflow and underwriting-judgment metadata, not an observed borrower fact or post-cutoff analytical evidence; stated conditions remain open."
P7L-00629,data/phase7/processed/COVENANT_HEADROOM.csv,P7H-00266,record,SRC-001;SRC-002;SRC-003,P7CT-0067,proposed_contractual,owner_reviewed,within_cutoff,"No new evidence source. Trace source IDs through the approved Phase 1-6 ledgers. Owner review is workflow and underwriting-judgment metadata, not an observed borrower fact or post-cutoff analytical evidence; stated conditions remain open."
P7L-00630,data/phase7/processed/COVENANT_HEADROOM.csv,P7H-00267,record,SRC-001;SRC-002;SRC-003,P7CT-0067,proposed_contractual,owner_reviewed,within_cutoff,"No new evidence source. Trace source IDs through the approved Phase 1-6 ledgers. Owner review is workflow and underwriting-judgment metadata, not an observed borrower fact or post-cutoff analytical evidence; stated conditions remain open."
P7L-00631,data/phase7/processed/COVENANT_HEADROOM.csv,P7H-00268,record,SRC-001;SRC-002;SRC-003,P7CT-0067,analyst_warning,owner_reviewed,within_cutoff,"No new evidence source. Trace source IDs through the approved Phase 1-6 ledgers. Owner review is workflow and underwriting-judgment metadata, not an observed borrower fact or post-cutoff analytical evidence; stated conditions remain open."
P7L-00632,data/phase7/processed/COVENANT_HEADROOM.csv,P7H-00269,record,SRC-001;SRC-002;SRC-003,P7CT-0068,proposed_contractual,owner_reviewed,within_cutoff,"No new evidence source. Trace source IDs through the approved Phase 1-6 ledgers. Owner review is workflow and underwriting-judgment metadata, not an observed borrower fact or post-cutoff analytical evidence; stated conditions remain open."
P7L-00633,data/phase7/processed/COVENANT_HEADROOM.csv,P7H-00270,record,SRC-001;SRC-002;SRC-003,P7CT-0068,proposed_contractual,owner_reviewed,within_cutoff,"No new evidence source. Trace source IDs through the approved Phase 1-6 ledgers. Owner review is workflow and underwriting-judgment metadata, not an observed borrower fact or post-cutoff analytical evidence; stated conditions remain open."
P7L-00634,data/phase7/processed/COVENANT_HEADROOM.csv,P7H-00271,record,SRC-001;SRC-002;SRC-003,P7CT-0068,proposed_contractual,owner_reviewed,within_cutoff,"No new evidence source. Trace source IDs through the approved Phase 1-6 ledgers. Owner review is workflow and underwriting-judgment metadata, not an observed borrower fact or post-cutoff analytical evidence; stated conditions remain open."
P7L-00635,data/phase7/processed/COVENANT_HEADROOM.csv,P7H-00272,record,SRC-001;SRC-002;SRC-003,P7CT-0068,analyst_warning,owner_reviewed,within_cutoff,"No new evidence source. Trace source IDs through the approved Phase 1-6 ledgers. Owner review is workflow and underwriting-judgment metadata, not an observed borrower fact or post-cutoff analytical evidence; stated conditions remain open."
P7L-00636,data/phase7/processed/COVENANT_HEADROOM.csv,P7H-00273,record,SRC-001;SRC-002;SRC-003,P7CT-0069,proposed_contractual,owner_reviewed,within_cutoff,"No new evidence source. Trace source IDs through the approved Phase 1-6 ledgers. Owner review is workflow and underwriting-judgment metadata, not an observed borrower fact or post-cutoff analytical evidence; stated conditions remain open."
P7L-00637,data/phase7/processed/COVENANT_HEADROOM.csv,P7H-00274,record,SRC-001;SRC-002;SRC-003,P7CT-0069,proposed_contractual,owner_reviewed,within_cutoff,"No new evidence source. Trace source IDs through the approved Phase 1-6 ledgers. Owner review is workflow and underwriting-judgment metadata, not an observed borrower fact or post-cutoff analytical evidence; stated conditions remain open."
P7L-00638,data/phase7/processed/COVENANT_HEADROOM.csv,P7H-00275,record,SRC-001;SRC-002;SRC-003,P7CT-0069,proposed_contractual,owner_reviewed,within_cutoff,"No new evidence source. Trace source IDs through the approved Phase 1-6 ledgers. Owner review is workflow and underwriting-judgment metadata, not an observed borrower fact or post-cutoff analytical evidence; stated conditions remain open."
P7L-00639,data/phase7/processed/COVENANT_HEADROOM.csv,P7H-00276,record,SRC-001;SRC-002;SRC-003,P7CT-0069,analyst_warning,owner_reviewed,within_cutoff,"No new evidence source. Trace source IDs through the approved Phase 1-6 ledgers. Owner review is workflow and underwriting-judgment metadata, not an observed borrower fact or post-cutoff analytical evidence; stated conditions remain open."
P7L-00640,data/phase7/processed/COVENANT_HEADROOM.csv,P7H-00277,record,SRC-001;SRC-002;SRC-003,P7CT-0070,proposed_contractual,owner_reviewed,within_cutoff,"No new evidence source. Trace source IDs through the approved Phase 1-6 ledgers. Owner review is workflow and underwriting-judgment metadata, not an observed borrower fact or post-cutoff analytical evidence; stated conditions remain open."
P7L-00641,data/phase7/processed/COVENANT_HEADROOM.csv,P7H-00278,record,SRC-001;SRC-002;SRC-003,P7CT-0070,proposed_contractual,owner_reviewed,within_cutoff,"No new evidence source. Trace source IDs through the approved Phase 1-6 ledgers. Owner review is workflow and underwriting-judgment metadata, not an observed borrower fact or post-cutoff analytical evidence; stated conditions remain open."
P7L-00642,data/phase7/processed/COVENANT_HEADROOM.csv,P7H-00279,record,SRC-001;SRC-002;SRC-003,P7CT-0070,proposed_contractual,owner_reviewed,within_cutoff,"No new evidence source. Trace source IDs through the approved Phase 1-6 ledgers. Owner review is workflow and underwriting-judgment metadata, not an observed borrower fact or post-cutoff analytical evidence; stated conditions remain open."
P7L-00643,data/phase7/processed/COVENANT_HEADROOM.csv,P7H-00280,record,SRC-001;SRC-002;SRC-003,P7CT-0070,analyst_warning,owner_reviewed,within_cutoff,"No new evidence source. Trace source IDs through the approved Phase 1-6 ledgers. Owner review is workflow and underwriting-judgment metadata, not an observed borrower fact or post-cutoff analytical evidence; stated conditions remain open."
P7L-00644,data/phase7/processed/COVENANT_HEADROOM.csv,P7H-00281,record,SRC-001;SRC-002;SRC-003,P7CT-0071,proposed_contractual,owner_reviewed,within_cutoff,"No new evidence source. Trace source IDs through the approved Phase 1-6 ledgers. Owner review is workflow and underwriting-judgment metadata, not an observed borrower fact or post-cutoff analytical evidence; stated conditions remain open."
P7L-00645,data/phase7/processed/COVENANT_HEADROOM.csv,P7H-00282,record,SRC-001;SRC-002;SRC-003,P7CT-0071,proposed_contractual,owner_reviewed,within_cutoff,"No new evidence source. Trace source IDs through the approved Phase 1-6 ledgers. Owner review is workflow and underwriting-judgment metadata, not an observed borrower fact or post-cutoff analytical evidence; stated conditions remain open."
P7L-00646,data/phase7/processed/COVENANT_HEADROOM.csv,P7H-00283,record,SRC-001;SRC-002;SRC-003,P7CT-0071,proposed_contractual,owner_reviewed,within_cutoff,"No new evidence source. Trace source IDs through the approved Phase 1-6 ledgers. Owner review is workflow and underwriting-judgment metadata, not an observed borrower fact or post-cutoff analytical evidence; stated conditions remain open."
P7L-00647,data/phase7/processed/COVENANT_HEADROOM.csv,P7H-00284,record,SRC-001;SRC-002;SRC-003,P7CT-0071,analyst_warning,owner_reviewed,within_cutoff,"No new evidence source. Trace source IDs through the approved Phase 1-6 ledgers. Owner review is workflow and underwriting-judgment metadata, not an observed borrower fact or post-cutoff analytical evidence; stated conditions remain open."
P7L-00648,data/phase7/processed/COVENANT_HEADROOM.csv,P7H-00285,record,SRC-001;SRC-002;SRC-003,P7CT-0072,proposed_contractual,owner_reviewed,within_cutoff,"No new evidence source. Trace source IDs through the approved Phase 1-6 ledgers. Owner review is workflow and underwriting-judgment metadata, not an observed borrower fact or post-cutoff analytical evidence; stated conditions remain open."
P7L-00649,data/phase7/processed/COVENANT_HEADROOM.csv,P7H-00286,record,SRC-001;SRC-002;SRC-003,P7CT-0072,proposed_contractual,owner_reviewed,within_cutoff,"No new evidence source. Trace source IDs through the approved Phase 1-6 ledgers. Owner review is workflow and underwriting-judgment metadata, not an observed borrower fact or post-cutoff analytical evidence; stated conditions remain open."
P7L-00650,data/phase7/processed/COVENANT_HEADROOM.csv,P7H-00287,record,SRC-001;SRC-002;SRC-003,P7CT-0072,proposed_contractual,owner_reviewed,within_cutoff,"No new evidence source. Trace source IDs through the approved Phase 1-6 ledgers. Owner review is workflow and underwriting-judgment metadata, not an observed borrower fact or post-cutoff analytical evidence; stated conditions remain open."
P7L-00651,data/phase7/processed/COVENANT_HEADROOM.csv,P7H-00288,record,SRC-001;SRC-002;SRC-003,P7CT-0072,analyst_warning,owner_reviewed,within_cutoff,"No new evidence source. Trace source IDs through the approved Phase 1-6 ledgers. Owner review is workflow and underwriting-judgment metadata, not an observed borrower fact or post-cutoff analytical evidence; stated conditions remain open."
P7L-00652,data/phase7/processed/COVENANT_HEADROOM.csv,P7H-00289,record,SRC-001;SRC-002;SRC-003,P7CT-0073,proposed_contractual,owner_reviewed,within_cutoff,"No new evidence source. Trace source IDs through the approved Phase 1-6 ledgers. Owner review is workflow and underwriting-judgment metadata, not an observed borrower fact or post-cutoff analytical evidence; stated conditions remain open."
P7L-00653,data/phase7/processed/COVENANT_HEADROOM.csv,P7H-00290,record,SRC-001;SRC-002;SRC-003,P7CT-0073,proposed_contractual,owner_reviewed,within_cutoff,"No new evidence source. Trace source IDs through the approved Phase 1-6 ledgers. Owner review is workflow and underwriting-judgment metadata, not an observed borrower fact or post-cutoff analytical evidence; stated conditions remain open."
P7L-00654,data/phase7/processed/COVENANT_HEADROOM.csv,P7H-00291,record,SRC-001;SRC-002;SRC-003,P7CT-0073,proposed_contractual,owner_reviewed,within_cutoff,"No new evidence source. Trace source IDs through the approved Phase 1-6 ledgers. Owner review is workflow and underwriting-judgment metadata, not an observed borrower fact or post-cutoff analytical evidence; stated conditions remain open."
P7L-00655,data/phase7/processed/COVENANT_HEADROOM.csv,P7H-00292,record,SRC-001;SRC-002;SRC-003,P7CT-0073,analyst_warning,owner_reviewed,within_cutoff,"No new evidence source. Trace source IDs through the approved Phase 1-6 ledgers. Owner review is workflow and underwriting-judgment metadata, not an observed borrower fact or post-cutoff analytical evidence; stated conditions remain open."
P7L-00656,data/phase7/processed/COVENANT_HEADROOM.csv,P7H-00293,record,SRC-001;SRC-002;SRC-003,P7CT-0074,proposed_contractual,owner_reviewed,within_cutoff,"No new evidence source. Trace source IDs through the approved Phase 1-6 ledgers. Owner review is workflow and underwriting-judgment metadata, not an observed borrower fact or post-cutoff analytical evidence; stated conditions remain open."
P7L-00657,data/phase7/processed/COVENANT_HEADROOM.csv,P7H-00294,record,SRC-001;SRC-002;SRC-003,P7CT-0074,proposed_contractual,owner_reviewed,within_cutoff,"No new evidence source. Trace source IDs through the approved Phase 1-6 ledgers. Owner review is workflow and underwriting-judgment metadata, not an observed borrower fact or post-cutoff analytical evidence; stated conditions remain open."
P7L-00658,data/phase7/processed/COVENANT_HEADROOM.csv,P7H-00295,record,SRC-001;SRC-002;SRC-003,P7CT-0074,proposed_contractual,owner_reviewed,within_cutoff,"No new evidence source. Trace source IDs through the approved Phase 1-6 ledgers. Owner review is workflow and underwriting-judgment metadata, not an observed borrower fact or post-cutoff analytical evidence; stated conditions remain open."
P7L-00659,data/phase7/processed/COVENANT_HEADROOM.csv,P7H-00296,record,SRC-001;SRC-002;SRC-003,P7CT-0074,analyst_warning,owner_reviewed,within_cutoff,"No new evidence source. Trace source IDs through the approved Phase 1-6 ledgers. Owner review is workflow and underwriting-judgment metadata, not an observed borrower fact or post-cutoff analytical evidence; stated conditions remain open."
P7L-00660,data/phase7/processed/COVENANT_HEADROOM.csv,P7H-00297,record,SRC-001;SRC-002;SRC-003,P7CT-0075,proposed_contractual,owner_reviewed,within_cutoff,"No new evidence source. Trace source IDs through the approved Phase 1-6 ledgers. Owner review is workflow and underwriting-judgment metadata, not an observed borrower fact or post-cutoff analytical evidence; stated conditions remain open."
P7L-00661,data/phase7/processed/COVENANT_HEADROOM.csv,P7H-00298,record,SRC-001;SRC-002;SRC-003,P7CT-0075,proposed_contractual,owner_reviewed,within_cutoff,"No new evidence source. Trace source IDs through the approved Phase 1-6 ledgers. Owner review is workflow and underwriting-judgment metadata, not an observed borrower fact or post-cutoff analytical evidence; stated conditions remain open."
P7L-00662,data/phase7/processed/COVENANT_HEADROOM.csv,P7H-00299,record,SRC-001;SRC-002;SRC-003,P7CT-0075,proposed_contractual,owner_reviewed,within_cutoff,"No new evidence source. Trace source IDs through the approved Phase 1-6 ledgers. Owner review is workflow and underwriting-judgment metadata, not an observed borrower fact or post-cutoff analytical evidence; stated conditions remain open."
P7L-00663,data/phase7/processed/COVENANT_HEADROOM.csv,P7H-00300,record,SRC-001;SRC-002;SRC-003,P7CT-0075,analyst_warning,owner_reviewed,within_cutoff,"No new evidence source. Trace source IDs through the approved Phase 1-6 ledgers. Owner review is workflow and underwriting-judgment metadata, not an observed borrower fact or post-cutoff analytical evidence; stated conditions remain open."
P7L-00664,data/phase7/processed/COVENANT_HEADROOM.csv,P7H-00301,record,SRC-001;SRC-002;SRC-003,P7CT-0076,proposed_contractual,owner_reviewed,within_cutoff,"No new evidence source. Trace source IDs through the approved Phase 1-6 ledgers. Owner review is workflow and underwriting-judgment metadata, not an observed borrower fact or post-cutoff analytical evidence; stated conditions remain open."
P7L-00665,data/phase7/processed/COVENANT_HEADROOM.csv,P7H-00302,record,SRC-001;SRC-002;SRC-003,P7CT-0076,proposed_contractual,owner_reviewed,within_cutoff,"No new evidence source. Trace source IDs through the approved Phase 1-6 ledgers. Owner review is workflow and underwriting-judgment metadata, not an observed borrower fact or post-cutoff analytical evidence; stated conditions remain open."
P7L-00666,data/phase7/processed/COVENANT_HEADROOM.csv,P7H-00303,record,SRC-001;SRC-002;SRC-003,P7CT-0076,proposed_contractual,owner_reviewed,within_cutoff,"No new evidence source. Trace source IDs through the approved Phase 1-6 ledgers. Owner review is workflow and underwriting-judgment metadata, not an observed borrower fact or post-cutoff analytical evidence; stated conditions remain open."
P7L-00667,data/phase7/processed/COVENANT_HEADROOM.csv,P7H-00304,record,SRC-001;SRC-002;SRC-003,P7CT-0076,analyst_warning,owner_reviewed,within_cutoff,"No new evidence source. Trace source IDs through the approved Phase 1-6 ledgers. Owner review is workflow and underwriting-judgment metadata, not an observed borrower fact or post-cutoff analytical evidence; stated conditions remain open."
P7L-00668,data/phase7/processed/COVENANT_HEADROOM.csv,P7H-00305,record,SRC-001;SRC-002;SRC-003,P7CT-0077,proposed_contractual,owner_reviewed,within_cutoff,"No new evidence source. Trace source IDs through the approved Phase 1-6 ledgers. Owner review is workflow and underwriting-judgment metadata, not an observed borrower fact or post-cutoff analytical evidence; stated conditions remain open."
P7L-00669,data/phase7/processed/COVENANT_HEADROOM.csv,P7H-00306,record,SRC-001;SRC-002;SRC-003,P7CT-0077,proposed_contractual,owner_reviewed,within_cutoff,"No new evidence source. Trace source IDs through the approved Phase 1-6 ledgers. Owner review is workflow and underwriting-judgment metadata, not an observed borrower fact or post-cutoff analytical evidence; stated conditions remain open."
P7L-00670,data/phase7/processed/COVENANT_HEADROOM.csv,P7H-00307,record,SRC-001;SRC-002;SRC-003,P7CT-0077,proposed_contractual,owner_reviewed,within_cutoff,"No new evidence source. Trace source IDs through the approved Phase 1-6 ledgers. Owner review is workflow and underwriting-judgment metadata, not an observed borrower fact or post-cutoff analytical evidence; stated conditions remain open."
P7L-00671,data/phase7/processed/COVENANT_HEADROOM.csv,P7H-00308,record,SRC-001;SRC-002;SRC-003,P7CT-0077,analyst_warning,owner_reviewed,within_cutoff,"No new evidence source. Trace source IDs through the approved Phase 1-6 ledgers. Owner review is workflow and underwriting-judgment metadata, not an observed borrower fact or post-cutoff analytical evidence; stated conditions remain open."
P7L-00672,data/phase7/processed/COVENANT_HEADROOM.csv,P7H-00309,record,SRC-001;SRC-002;SRC-003,P7CT-0078,proposed_contractual,owner_reviewed,within_cutoff,"No new evidence source. Trace source IDs through the approved Phase 1-6 ledgers. Owner review is workflow and underwriting-judgment metadata, not an observed borrower fact or post-cutoff analytical evidence; stated conditions remain open."
P7L-00673,data/phase7/processed/COVENANT_HEADROOM.csv,P7H-00310,record,SRC-001;SRC-002;SRC-003,P7CT-0078,proposed_contractual,owner_reviewed,within_cutoff,"No new evidence source. Trace source IDs through the approved Phase 1-6 ledgers. Owner review is workflow and underwriting-judgment metadata, not an observed borrower fact or post-cutoff analytical evidence; stated conditions remain open."
P7L-00674,data/phase7/processed/COVENANT_HEADROOM.csv,P7H-00311,record,SRC-001;SRC-002;SRC-003,P7CT-0078,proposed_contractual,owner_reviewed,within_cutoff,"No new evidence source. Trace source IDs through the approved Phase 1-6 ledgers. Owner review is workflow and underwriting-judgment metadata, not an observed borrower fact or post-cutoff analytical evidence; stated conditions remain open."
P7L-00675,data/phase7/processed/COVENANT_HEADROOM.csv,P7H-00312,record,SRC-001;SRC-002;SRC-003,P7CT-0078,analyst_warning,owner_reviewed,within_cutoff,"No new evidence source. Trace source IDs through the approved Phase 1-6 ledgers. Owner review is workflow and underwriting-judgment metadata, not an observed borrower fact or post-cutoff analytical evidence; stated conditions remain open."
P7L-00676,data/phase7/processed/COVENANT_HEADROOM.csv,P7H-00313,record,SRC-001;SRC-002;SRC-003,P7CT-0079,proposed_contractual,owner_reviewed,within_cutoff,"No new evidence source. Trace source IDs through the approved Phase 1-6 ledgers. Owner review is workflow and underwriting-judgment metadata, not an observed borrower fact or post-cutoff analytical evidence; stated conditions remain open."
P7L-00677,data/phase7/processed/COVENANT_HEADROOM.csv,P7H-00314,record,SRC-001;SRC-002;SRC-003,P7CT-0079,proposed_contractual,owner_reviewed,within_cutoff,"No new evidence source. Trace source IDs through the approved Phase 1-6 ledgers. Owner review is workflow and underwriting-judgment metadata, not an observed borrower fact or post-cutoff analytical evidence; stated conditions remain open."
P7L-00678,data/phase7/processed/COVENANT_HEADROOM.csv,P7H-00315,record,SRC-001;SRC-002;SRC-003,P7CT-0079,proposed_contractual,owner_reviewed,within_cutoff,"No new evidence source. Trace source IDs through the approved Phase 1-6 ledgers. Owner review is workflow and underwriting-judgment metadata, not an observed borrower fact or post-cutoff analytical evidence; stated conditions remain open."
P7L-00679,data/phase7/processed/COVENANT_HEADROOM.csv,P7H-00316,record,SRC-001;SRC-002;SRC-003,P7CT-0079,analyst_warning,owner_reviewed,within_cutoff,"No new evidence source. Trace source IDs through the approved Phase 1-6 ledgers. Owner review is workflow and underwriting-judgment metadata, not an observed borrower fact or post-cutoff analytical evidence; stated conditions remain open."
P7L-00680,data/phase7/processed/COVENANT_HEADROOM.csv,P7H-00317,record,SRC-001;SRC-002;SRC-003,P7CT-0080,proposed_contractual,owner_reviewed,within_cutoff,"No new evidence source. Trace source IDs through the approved Phase 1-6 ledgers. Owner review is workflow and underwriting-judgment metadata, not an observed borrower fact or post-cutoff analytical evidence; stated conditions remain open."
P7L-00681,data/phase7/processed/COVENANT_HEADROOM.csv,P7H-00318,record,SRC-001;SRC-002;SRC-003,P7CT-0080,proposed_contractual,owner_reviewed,within_cutoff,"No new evidence source. Trace source IDs through the approved Phase 1-6 ledgers. Owner review is workflow and underwriting-judgment metadata, not an observed borrower fact or post-cutoff analytical evidence; stated conditions remain open."
P7L-00682,data/phase7/processed/COVENANT_HEADROOM.csv,P7H-00319,record,SRC-001;SRC-002;SRC-003,P7CT-0080,proposed_contractual,owner_reviewed,within_cutoff,"No new evidence source. Trace source IDs through the approved Phase 1-6 ledgers. Owner review is workflow and underwriting-judgment metadata, not an observed borrower fact or post-cutoff analytical evidence; stated conditions remain open."
P7L-00683,data/phase7/processed/COVENANT_HEADROOM.csv,P7H-00320,record,SRC-001;SRC-002;SRC-003,P7CT-0080,analyst_warning,owner_reviewed,within_cutoff,"No new evidence source. Trace source IDs through the approved Phase 1-6 ledgers. Owner review is workflow and underwriting-judgment metadata, not an observed borrower fact or post-cutoff analytical evidence; stated conditions remain open."
P7L-00684,data/phase7/processed/COVENANT_HEADROOM.csv,P7H-00321,record,SRC-001;SRC-002;SRC-003,P7CT-0081,proposed_contractual,owner_reviewed,within_cutoff,"No new evidence source. Trace source IDs through the approved Phase 1-6 ledgers. Owner review is workflow and underwriting-judgment metadata, not an observed borrower fact or post-cutoff analytical evidence; stated conditions remain open."
P7L-00685,data/phase7/processed/COVENANT_HEADROOM.csv,P7H-00322,record,SRC-001;SRC-002;SRC-003,P7CT-0081,proposed_contractual,owner_reviewed,within_cutoff,"No new evidence source. Trace source IDs through the approved Phase 1-6 ledgers. Owner review is workflow and underwriting-judgment metadata, not an observed borrower fact or post-cutoff analytical evidence; stated conditions remain open."
P7L-00686,data/phase7/processed/COVENANT_HEADROOM.csv,P7H-00323,record,SRC-001;SRC-002;SRC-003,P7CT-0081,proposed_contractual,owner_reviewed,within_cutoff,"No new evidence source. Trace source IDs through the approved Phase 1-6 ledgers. Owner review is workflow and underwriting-judgment metadata, not an observed borrower fact or post-cutoff analytical evidence; stated conditions remain open."
P7L-00687,data/phase7/processed/COVENANT_HEADROOM.csv,P7H-00324,record,SRC-001;SRC-002;SRC-003,P7CT-0081,analyst_warning,owner_reviewed,within_cutoff,"No new evidence source. Trace source IDs through the approved Phase 1-6 ledgers. Owner review is workflow and underwriting-judgment metadata, not an observed borrower fact or post-cutoff analytical evidence; stated conditions remain open."
P7L-00688,data/phase7/processed/COVENANT_HEADROOM.csv,P7H-00325,record,SRC-001;SRC-002;SRC-003,P7CT-0082,proposed_contractual,owner_reviewed,within_cutoff,"No new evidence source. Trace source IDs through the approved Phase 1-6 ledgers. Owner review is workflow and underwriting-judgment metadata, not an observed borrower fact or post-cutoff analytical evidence; stated conditions remain open."
P7L-00689,data/phase7/processed/COVENANT_HEADROOM.csv,P7H-00326,record,SRC-001;SRC-002;SRC-003,P7CT-0082,proposed_contractual,owner_reviewed,within_cutoff,"No new evidence source. Trace source IDs through the approved Phase 1-6 ledgers. Owner review is workflow and underwriting-judgment metadata, not an observed borrower fact or post-cutoff analytical evidence; stated conditions remain open."
P7L-00690,data/phase7/processed/COVENANT_HEADROOM.csv,P7H-00327,record,SRC-001;SRC-002;SRC-003,P7CT-0082,proposed_contractual,owner_reviewed,within_cutoff,"No new evidence source. Trace source IDs through the approved Phase 1-6 ledgers. Owner review is workflow and underwriting-judgment metadata, not an observed borrower fact or post-cutoff analytical evidence; stated conditions remain open."
P7L-00691,data/phase7/processed/COVENANT_HEADROOM.csv,P7H-00328,record,SRC-001;SRC-002;SRC-003,P7CT-0082,analyst_warning,owner_reviewed,within_cutoff,"No new evidence source. Trace source IDs through the approved Phase 1-6 ledgers. Owner review is workflow and underwriting-judgment metadata, not an observed borrower fact or post-cutoff analytical evidence; stated conditions remain open."
P7L-00692,data/phase7/processed/COVENANT_HEADROOM.csv,P7H-00329,record,SRC-001;SRC-002;SRC-003,P7CT-0083,proposed_contractual,owner_reviewed,within_cutoff,"No new evidence source. Trace source IDs through the approved Phase 1-6 ledgers. Owner review is workflow and underwriting-judgment metadata, not an observed borrower fact or post-cutoff analytical evidence; stated conditions remain open."
P7L-00693,data/phase7/processed/COVENANT_HEADROOM.csv,P7H-00330,record,SRC-001;SRC-002;SRC-003,P7CT-0083,proposed_contractual,owner_reviewed,within_cutoff,"No new evidence source. Trace source IDs through the approved Phase 1-6 ledgers. Owner review is workflow and underwriting-judgment metadata, not an observed borrower fact or post-cutoff analytical evidence; stated conditions remain open."
P7L-00694,data/phase7/processed/COVENANT_HEADROOM.csv,P7H-00331,record,SRC-001;SRC-002;SRC-003,P7CT-0083,proposed_contractual,owner_reviewed,within_cutoff,"No new evidence source. Trace source IDs through the approved Phase 1-6 ledgers. Owner review is workflow and underwriting-judgment metadata, not an observed borrower fact or post-cutoff analytical evidence; stated conditions remain open."
P7L-00695,data/phase7/processed/COVENANT_HEADROOM.csv,P7H-00332,record,SRC-001;SRC-002;SRC-003,P7CT-0083,analyst_warning,owner_reviewed,within_cutoff,"No new evidence source. Trace source IDs through the approved Phase 1-6 ledgers. Owner review is workflow and underwriting-judgment metadata, not an observed borrower fact or post-cutoff analytical evidence; stated conditions remain open."
P7L-00696,data/phase7/processed/COVENANT_HEADROOM.csv,P7H-00333,record,SRC-001;SRC-002;SRC-003,P7CT-0084,proposed_contractual,owner_reviewed,within_cutoff,"No new evidence source. Trace source IDs through the approved Phase 1-6 ledgers. Owner review is workflow and underwriting-judgment metadata, not an observed borrower fact or post-cutoff analytical evidence; stated conditions remain open."
P7L-00697,data/phase7/processed/COVENANT_HEADROOM.csv,P7H-00334,record,SRC-001;SRC-002;SRC-003,P7CT-0084,proposed_contractual,owner_reviewed,within_cutoff,"No new evidence source. Trace source IDs through the approved Phase 1-6 ledgers. Owner review is workflow and underwriting-judgment metadata, not an observed borrower fact or post-cutoff analytical evidence; stated conditions remain open."
P7L-00698,data/phase7/processed/COVENANT_HEADROOM.csv,P7H-00335,record,SRC-001;SRC-002;SRC-003,P7CT-0084,proposed_contractual,owner_reviewed,within_cutoff,"No new evidence source. Trace source IDs through the approved Phase 1-6 ledgers. Owner review is workflow and underwriting-judgment metadata, not an observed borrower fact or post-cutoff analytical evidence; stated conditions remain open."
P7L-00699,data/phase7/processed/COVENANT_HEADROOM.csv,P7H-00336,record,SRC-001;SRC-002;SRC-003,P7CT-0084,analyst_warning,owner_reviewed,within_cutoff,"No new evidence source. Trace source IDs through the approved Phase 1-6 ledgers. Owner review is workflow and underwriting-judgment metadata, not an observed borrower fact or post-cutoff analytical evidence; stated conditions remain open."
P7L-00700,data/phase7/processed/COVENANT_HEADROOM.csv,P7H-00337,record,SRC-001;SRC-002;SRC-003,P7CT-0085,proposed_contractual,owner_reviewed,within_cutoff,"No new evidence source. Trace source IDs through the approved Phase 1-6 ledgers. Owner review is workflow and underwriting-judgment metadata, not an observed borrower fact or post-cutoff analytical evidence; stated conditions remain open."
P7L-00701,data/phase7/processed/COVENANT_HEADROOM.csv,P7H-00338,record,SRC-001;SRC-002;SRC-003,P7CT-0085,proposed_contractual,owner_reviewed,within_cutoff,"No new evidence source. Trace source IDs through the approved Phase 1-6 ledgers. Owner review is workflow and underwriting-judgment metadata, not an observed borrower fact or post-cutoff analytical evidence; stated conditions remain open."
P7L-00702,data/phase7/processed/COVENANT_HEADROOM.csv,P7H-00339,record,SRC-001;SRC-002;SRC-003,P7CT-0085,proposed_contractual,owner_reviewed,within_cutoff,"No new evidence source. Trace source IDs through the approved Phase 1-6 ledgers. Owner review is workflow and underwriting-judgment metadata, not an observed borrower fact or post-cutoff analytical evidence; stated conditions remain open."
P7L-00703,data/phase7/processed/COVENANT_HEADROOM.csv,P7H-00340,record,SRC-001;SRC-002;SRC-003,P7CT-0085,analyst_warning,owner_reviewed,within_cutoff,"No new evidence source. Trace source IDs through the approved Phase 1-6 ledgers. Owner review is workflow and underwriting-judgment metadata, not an observed borrower fact or post-cutoff analytical evidence; stated conditions remain open."
P7L-00704,data/phase7/processed/COVENANT_HEADROOM.csv,P7H-00341,record,SRC-001;SRC-002;SRC-003,P7CT-0086,proposed_contractual,owner_reviewed,within_cutoff,"No new evidence source. Trace source IDs through the approved Phase 1-6 ledgers. Owner review is workflow and underwriting-judgment metadata, not an observed borrower fact or post-cutoff analytical evidence; stated conditions remain open."
P7L-00705,data/phase7/processed/COVENANT_HEADROOM.csv,P7H-00342,record,SRC-001;SRC-002;SRC-003,P7CT-0086,proposed_contractual,owner_reviewed,within_cutoff,"No new evidence source. Trace source IDs through the approved Phase 1-6 ledgers. Owner review is workflow and underwriting-judgment metadata, not an observed borrower fact or post-cutoff analytical evidence; stated conditions remain open."
P7L-00706,data/phase7/processed/COVENANT_HEADROOM.csv,P7H-00343,record,SRC-001;SRC-002;SRC-003,P7CT-0086,proposed_contractual,owner_reviewed,within_cutoff,"No new evidence source. Trace source IDs through the approved Phase 1-6 ledgers. Owner review is workflow and underwriting-judgment metadata, not an observed borrower fact or post-cutoff analytical evidence; stated conditions remain open."
P7L-00707,data/phase7/processed/COVENANT_HEADROOM.csv,P7H-00344,record,SRC-001;SRC-002;SRC-003,P7CT-0086,analyst_warning,owner_reviewed,within_cutoff,"No new evidence source. Trace source IDs through the approved Phase 1-6 ledgers. Owner review is workflow and underwriting-judgment metadata, not an observed borrower fact or post-cutoff analytical evidence; stated conditions remain open."
P7L-00708,data/phase7/processed/COVENANT_HEADROOM.csv,P7H-00345,record,SRC-001;SRC-002;SRC-003,P7CT-0087,proposed_contractual,owner_reviewed,within_cutoff,"No new evidence source. Trace source IDs through the approved Phase 1-6 ledgers. Owner review is workflow and underwriting-judgment metadata, not an observed borrower fact or post-cutoff analytical evidence; stated conditions remain open."
P7L-00709,data/phase7/processed/COVENANT_HEADROOM.csv,P7H-00346,record,SRC-001;SRC-002;SRC-003,P7CT-0087,proposed_contractual,owner_reviewed,within_cutoff,"No new evidence source. Trace source IDs through the approved Phase 1-6 ledgers. Owner review is workflow and underwriting-judgment metadata, not an observed borrower fact or post-cutoff analytical evidence; stated conditions remain open."
P7L-00710,data/phase7/processed/COVENANT_HEADROOM.csv,P7H-00347,record,SRC-001;SRC-002;SRC-003,P7CT-0087,proposed_contractual,owner_reviewed,within_cutoff,"No new evidence source. Trace source IDs through the approved Phase 1-6 ledgers. Owner review is workflow and underwriting-judgment metadata, not an observed borrower fact or post-cutoff analytical evidence; stated conditions remain open."
P7L-00711,data/phase7/processed/COVENANT_HEADROOM.csv,P7H-00348,record,SRC-001;SRC-002;SRC-003,P7CT-0087,analyst_warning,owner_reviewed,within_cutoff,"No new evidence source. Trace source IDs through the approved Phase 1-6 ledgers. Owner review is workflow and underwriting-judgment metadata, not an observed borrower fact or post-cutoff analytical evidence; stated conditions remain open."
P7L-00712,data/phase7/processed/COVENANT_HEADROOM.csv,P7H-00349,record,SRC-001;SRC-002;SRC-003,P7CT-0088,proposed_contractual,owner_reviewed,within_cutoff,"No new evidence source. Trace source IDs through the approved Phase 1-6 ledgers. Owner review is workflow and underwriting-judgment metadata, not an observed borrower fact or post-cutoff analytical evidence; stated conditions remain open."
P7L-00713,data/phase7/processed/COVENANT_HEADROOM.csv,P7H-00350,record,SRC-001;SRC-002;SRC-003,P7CT-0088,proposed_contractual,owner_reviewed,within_cutoff,"No new evidence source. Trace source IDs through the approved Phase 1-6 ledgers. Owner review is workflow and underwriting-judgment metadata, not an observed borrower fact or post-cutoff analytical evidence; stated conditions remain open."
P7L-00714,data/phase7/processed/COVENANT_HEADROOM.csv,P7H-00351,record,SRC-001;SRC-002;SRC-003,P7CT-0088,proposed_contractual,owner_reviewed,within_cutoff,"No new evidence source. Trace source IDs through the approved Phase 1-6 ledgers. Owner review is workflow and underwriting-judgment metadata, not an observed borrower fact or post-cutoff analytical evidence; stated conditions remain open."
P7L-00715,data/phase7/processed/COVENANT_HEADROOM.csv,P7H-00352,record,SRC-001;SRC-002;SRC-003,P7CT-0088,analyst_warning,owner_reviewed,within_cutoff,"No new evidence source. Trace source IDs through the approved Phase 1-6 ledgers. Owner review is workflow and underwriting-judgment metadata, not an observed borrower fact or post-cutoff analytical evidence; stated conditions remain open."
P7L-00716,data/phase7/processed/COVENANT_HEADROOM.csv,P7H-00353,record,SRC-001;SRC-002;SRC-003,P7CT-0089,proposed_contractual,owner_reviewed,within_cutoff,"No new evidence source. Trace source IDs through the approved Phase 1-6 ledgers. Owner review is workflow and underwriting-judgment metadata, not an observed borrower fact or post-cutoff analytical evidence; stated conditions remain open."
P7L-00717,data/phase7/processed/COVENANT_HEADROOM.csv,P7H-00354,record,SRC-001;SRC-002;SRC-003,P7CT-0089,proposed_contractual,owner_reviewed,within_cutoff,"No new evidence source. Trace source IDs through the approved Phase 1-6 ledgers. Owner review is workflow and underwriting-judgment metadata, not an observed borrower fact or post-cutoff analytical evidence; stated conditions remain open."
P7L-00718,data/phase7/processed/COVENANT_HEADROOM.csv,P7H-00355,record,SRC-001;SRC-002;SRC-003,P7CT-0089,proposed_contractual,owner_reviewed,within_cutoff,"No new evidence source. Trace source IDs through the approved Phase 1-6 ledgers. Owner review is workflow and underwriting-judgment metadata, not an observed borrower fact or post-cutoff analytical evidence; stated conditions remain open."
P7L-00719,data/phase7/processed/COVENANT_HEADROOM.csv,P7H-00356,record,SRC-001;SRC-002;SRC-003,P7CT-0089,analyst_warning,owner_reviewed,within_cutoff,"No new evidence source. Trace source IDs through the approved Phase 1-6 ledgers. Owner review is workflow and underwriting-judgment metadata, not an observed borrower fact or post-cutoff analytical evidence; stated conditions remain open."
P7L-00720,data/phase7/processed/COVENANT_HEADROOM.csv,P7H-00357,record,SRC-001;SRC-002;SRC-003,P7CT-0090,proposed_contractual,owner_reviewed,within_cutoff,"No new evidence source. Trace source IDs through the approved Phase 1-6 ledgers. Owner review is workflow and underwriting-judgment metadata, not an observed borrower fact or post-cutoff analytical evidence; stated conditions remain open."
P7L-00721,data/phase7/processed/COVENANT_HEADROOM.csv,P7H-00358,record,SRC-001;SRC-002;SRC-003,P7CT-0090,proposed_contractual,owner_reviewed,within_cutoff,"No new evidence source. Trace source IDs through the approved Phase 1-6 ledgers. Owner review is workflow and underwriting-judgment metadata, not an observed borrower fact or post-cutoff analytical evidence; stated conditions remain open."
P7L-00722,data/phase7/processed/COVENANT_HEADROOM.csv,P7H-00359,record,SRC-001;SRC-002;SRC-003,P7CT-0090,proposed_contractual,owner_reviewed,within_cutoff,"No new evidence source. Trace source IDs through the approved Phase 1-6 ledgers. Owner review is workflow and underwriting-judgment metadata, not an observed borrower fact or post-cutoff analytical evidence; stated conditions remain open."
P7L-00723,data/phase7/processed/COVENANT_HEADROOM.csv,P7H-00360,record,SRC-001;SRC-002;SRC-003,P7CT-0090,analyst_warning,owner_reviewed,within_cutoff,"No new evidence source. Trace source IDs through the approved Phase 1-6 ledgers. Owner review is workflow and underwriting-judgment metadata, not an observed borrower fact or post-cutoff analytical evidence; stated conditions remain open."
P7L-00724,data/phase7/processed/COVENANT_HEADROOM.csv,P7H-00361,record,SRC-001;SRC-002;SRC-003,P7CT-0091,proposed_contractual,owner_reviewed,within_cutoff,"No new evidence source. Trace source IDs through the approved Phase 1-6 ledgers. Owner review is workflow and underwriting-judgment metadata, not an observed borrower fact or post-cutoff analytical evidence; stated conditions remain open."
P7L-00725,data/phase7/processed/COVENANT_HEADROOM.csv,P7H-00362,record,SRC-001;SRC-002;SRC-003,P7CT-0091,proposed_contractual,owner_reviewed,within_cutoff,"No new evidence source. Trace source IDs through the approved Phase 1-6 ledgers. Owner review is workflow and underwriting-judgment metadata, not an observed borrower fact or post-cutoff analytical evidence; stated conditions remain open."
P7L-00726,data/phase7/processed/COVENANT_HEADROOM.csv,P7H-00363,record,SRC-001;SRC-002;SRC-003,P7CT-0091,proposed_contractual,owner_reviewed,within_cutoff,"No new evidence source. Trace source IDs through the approved Phase 1-6 ledgers. Owner review is workflow and underwriting-judgment metadata, not an observed borrower fact or post-cutoff analytical evidence; stated conditions remain open."
P7L-00727,data/phase7/processed/COVENANT_HEADROOM.csv,P7H-00364,record,SRC-001;SRC-002;SRC-003,P7CT-0091,analyst_warning,owner_reviewed,within_cutoff,"No new evidence source. Trace source IDs through the approved Phase 1-6 ledgers. Owner review is workflow and underwriting-judgment metadata, not an observed borrower fact or post-cutoff analytical evidence; stated conditions remain open."
P7L-00728,data/phase7/processed/COVENANT_HEADROOM.csv,P7H-00365,record,SRC-001;SRC-002;SRC-003,P7CT-0092,proposed_contractual,owner_reviewed,within_cutoff,"No new evidence source. Trace source IDs through the approved Phase 1-6 ledgers. Owner review is workflow and underwriting-judgment metadata, not an observed borrower fact or post-cutoff analytical evidence; stated conditions remain open."
P7L-00729,data/phase7/processed/COVENANT_HEADROOM.csv,P7H-00366,record,SRC-001;SRC-002;SRC-003,P7CT-0092,proposed_contractual,owner_reviewed,within_cutoff,"No new evidence source. Trace source IDs through the approved Phase 1-6 ledgers. Owner review is workflow and underwriting-judgment metadata, not an observed borrower fact or post-cutoff analytical evidence; stated conditions remain open."
P7L-00730,data/phase7/processed/COVENANT_HEADROOM.csv,P7H-00367,record,SRC-001;SRC-002;SRC-003,P7CT-0092,proposed_contractual,owner_reviewed,within_cutoff,"No new evidence source. Trace source IDs through the approved Phase 1-6 ledgers. Owner review is workflow and underwriting-judgment metadata, not an observed borrower fact or post-cutoff analytical evidence; stated conditions remain open."
P7L-00731,data/phase7/processed/COVENANT_HEADROOM.csv,P7H-00368,record,SRC-001;SRC-002;SRC-003,P7CT-0092,analyst_warning,owner_reviewed,within_cutoff,"No new evidence source. Trace source IDs through the approved Phase 1-6 ledgers. Owner review is workflow and underwriting-judgment metadata, not an observed borrower fact or post-cutoff analytical evidence; stated conditions remain open."
P7L-00732,data/phase7/processed/COVENANT_HEADROOM.csv,P7H-00369,record,SRC-001;SRC-002;SRC-003,P7CT-0093,proposed_contractual,owner_reviewed,within_cutoff,"No new evidence source. Trace source IDs through the approved Phase 1-6 ledgers. Owner review is workflow and underwriting-judgment metadata, not an observed borrower fact or post-cutoff analytical evidence; stated conditions remain open."
P7L-00733,data/phase7/processed/COVENANT_HEADROOM.csv,P7H-00370,record,SRC-001;SRC-002;SRC-003,P7CT-0093,proposed_contractual,owner_reviewed,within_cutoff,"No new evidence source. Trace source IDs through the approved Phase 1-6 ledgers. Owner review is workflow and underwriting-judgment metadata, not an observed borrower fact or post-cutoff analytical evidence; stated conditions remain open."
P7L-00734,data/phase7/processed/COVENANT_HEADROOM.csv,P7H-00371,record,SRC-001;SRC-002;SRC-003,P7CT-0093,proposed_contractual,owner_reviewed,within_cutoff,"No new evidence source. Trace source IDs through the approved Phase 1-6 ledgers. Owner review is workflow and underwriting-judgment metadata, not an observed borrower fact or post-cutoff analytical evidence; stated conditions remain open."
P7L-00735,data/phase7/processed/COVENANT_HEADROOM.csv,P7H-00372,record,SRC-001;SRC-002;SRC-003,P7CT-0093,analyst_warning,owner_reviewed,within_cutoff,"No new evidence source. Trace source IDs through the approved Phase 1-6 ledgers. Owner review is workflow and underwriting-judgment metadata, not an observed borrower fact or post-cutoff analytical evidence; stated conditions remain open."
P7L-00736,data/phase7/processed/COVENANT_HEADROOM.csv,P7H-00373,record,SRC-001;SRC-002;SRC-003,P7CT-0094,proposed_contractual,owner_reviewed,within_cutoff,"No new evidence source. Trace source IDs through the approved Phase 1-6 ledgers. Owner review is workflow and underwriting-judgment metadata, not an observed borrower fact or post-cutoff analytical evidence; stated conditions remain open."
P7L-00737,data/phase7/processed/COVENANT_HEADROOM.csv,P7H-00374,record,SRC-001;SRC-002;SRC-003,P7CT-0094,proposed_contractual,owner_reviewed,within_cutoff,"No new evidence source. Trace source IDs through the approved Phase 1-6 ledgers. Owner review is workflow and underwriting-judgment metadata, not an observed borrower fact or post-cutoff analytical evidence; stated conditions remain open."
P7L-00738,data/phase7/processed/COVENANT_HEADROOM.csv,P7H-00375,record,SRC-001;SRC-002;SRC-003,P7CT-0094,proposed_contractual,owner_reviewed,within_cutoff,"No new evidence source. Trace source IDs through the approved Phase 1-6 ledgers. Owner review is workflow and underwriting-judgment metadata, not an observed borrower fact or post-cutoff analytical evidence; stated conditions remain open."
P7L-00739,data/phase7/processed/COVENANT_HEADROOM.csv,P7H-00376,record,SRC-001;SRC-002;SRC-003,P7CT-0094,analyst_warning,owner_reviewed,within_cutoff,"No new evidence source. Trace source IDs through the approved Phase 1-6 ledgers. Owner review is workflow and underwriting-judgment metadata, not an observed borrower fact or post-cutoff analytical evidence; stated conditions remain open."
P7L-00740,data/phase7/processed/COVENANT_HEADROOM.csv,P7H-00377,record,SRC-001;SRC-002;SRC-003,P7CT-0095,proposed_contractual,owner_reviewed,within_cutoff,"No new evidence source. Trace source IDs through the approved Phase 1-6 ledgers. Owner review is workflow and underwriting-judgment metadata, not an observed borrower fact or post-cutoff analytical evidence; stated conditions remain open."
P7L-00741,data/phase7/processed/COVENANT_HEADROOM.csv,P7H-00378,record,SRC-001;SRC-002;SRC-003,P7CT-0095,proposed_contractual,owner_reviewed,within_cutoff,"No new evidence source. Trace source IDs through the approved Phase 1-6 ledgers. Owner review is workflow and underwriting-judgment metadata, not an observed borrower fact or post-cutoff analytical evidence; stated conditions remain open."
P7L-00742,data/phase7/processed/COVENANT_HEADROOM.csv,P7H-00379,record,SRC-001;SRC-002;SRC-003,P7CT-0095,proposed_contractual,owner_reviewed,within_cutoff,"No new evidence source. Trace source IDs through the approved Phase 1-6 ledgers. Owner review is workflow and underwriting-judgment metadata, not an observed borrower fact or post-cutoff analytical evidence; stated conditions remain open."
P7L-00743,data/phase7/processed/COVENANT_HEADROOM.csv,P7H-00380,record,SRC-001;SRC-002;SRC-003,P7CT-0095,analyst_warning,owner_reviewed,within_cutoff,"No new evidence source. Trace source IDs through the approved Phase 1-6 ledgers. Owner review is workflow and underwriting-judgment metadata, not an observed borrower fact or post-cutoff analytical evidence; stated conditions remain open."
P7L-00744,data/phase7/processed/COVENANT_HEADROOM.csv,P7H-00381,record,SRC-001;SRC-002;SRC-003,P7CT-0096,proposed_contractual,owner_reviewed,within_cutoff,"No new evidence source. Trace source IDs through the approved Phase 1-6 ledgers. Owner review is workflow and underwriting-judgment metadata, not an observed borrower fact or post-cutoff analytical evidence; stated conditions remain open."
P7L-00745,data/phase7/processed/COVENANT_HEADROOM.csv,P7H-00382,record,SRC-001;SRC-002;SRC-003,P7CT-0096,proposed_contractual,owner_reviewed,within_cutoff,"No new evidence source. Trace source IDs through the approved Phase 1-6 ledgers. Owner review is workflow and underwriting-judgment metadata, not an observed borrower fact or post-cutoff analytical evidence; stated conditions remain open."
P7L-00746,data/phase7/processed/COVENANT_HEADROOM.csv,P7H-00383,record,SRC-001;SRC-002;SRC-003,P7CT-0096,proposed_contractual,owner_reviewed,within_cutoff,"No new evidence source. Trace source IDs through the approved Phase 1-6 ledgers. Owner review is workflow and underwriting-judgment metadata, not an observed borrower fact or post-cutoff analytical evidence; stated conditions remain open."
P7L-00747,data/phase7/processed/COVENANT_HEADROOM.csv,P7H-00384,record,SRC-001;SRC-002;SRC-003,P7CT-0096,analyst_warning,owner_reviewed,within_cutoff,"No new evidence source. Trace source IDs through the approved Phase 1-6 ledgers. Owner review is workflow and underwriting-judgment metadata, not an observed borrower fact or post-cutoff analytical evidence; stated conditions remain open."
P7L-00748,data/phase7/processed/COVENANT_HEADROOM.csv,P7H-00385,record,SRC-001;SRC-002;SRC-003,P7CT-0097,proposed_contractual,owner_reviewed,within_cutoff,"No new evidence source. Trace source IDs through the approved Phase 1-6 ledgers. Owner review is workflow and underwriting-judgment metadata, not an observed borrower fact or post-cutoff analytical evidence; stated conditions remain open."
P7L-00749,data/phase7/processed/COVENANT_HEADROOM.csv,P7H-00386,record,SRC-001;SRC-002;SRC-003,P7CT-0097,proposed_contractual,owner_reviewed,within_cutoff,"No new evidence source. Trace source IDs through the approved Phase 1-6 ledgers. Owner review is workflow and underwriting-judgment metadata, not an observed borrower fact or post-cutoff analytical evidence; stated conditions remain open."
P7L-00750,data/phase7/processed/COVENANT_HEADROOM.csv,P7H-00387,record,SRC-001;SRC-002;SRC-003,P7CT-0097,proposed_contractual,owner_reviewed,within_cutoff,"No new evidence source. Trace source IDs through the approved Phase 1-6 ledgers. Owner review is workflow and underwriting-judgment metadata, not an observed borrower fact or post-cutoff analytical evidence; stated conditions remain open."
P7L-00751,data/phase7/processed/COVENANT_HEADROOM.csv,P7H-00388,record,SRC-001;SRC-002;SRC-003,P7CT-0097,analyst_warning,owner_reviewed,within_cutoff,"No new evidence source. Trace source IDs through the approved Phase 1-6 ledgers. Owner review is workflow and underwriting-judgment metadata, not an observed borrower fact or post-cutoff analytical evidence; stated conditions remain open."
P7L-00752,data/phase7/processed/COVENANT_HEADROOM.csv,P7H-00389,record,SRC-001;SRC-002;SRC-003,P7CT-0098,proposed_contractual,owner_reviewed,within_cutoff,"No new evidence source. Trace source IDs through the approved Phase 1-6 ledgers. Owner review is workflow and underwriting-judgment metadata, not an observed borrower fact or post-cutoff analytical evidence; stated conditions remain open."
P7L-00753,data/phase7/processed/COVENANT_HEADROOM.csv,P7H-00390,record,SRC-001;SRC-002;SRC-003,P7CT-0098,proposed_contractual,owner_reviewed,within_cutoff,"No new evidence source. Trace source IDs through the approved Phase 1-6 ledgers. Owner review is workflow and underwriting-judgment metadata, not an observed borrower fact or post-cutoff analytical evidence; stated conditions remain open."
P7L-00754,data/phase7/processed/COVENANT_HEADROOM.csv,P7H-00391,record,SRC-001;SRC-002;SRC-003,P7CT-0098,proposed_contractual,owner_reviewed,within_cutoff,"No new evidence source. Trace source IDs through the approved Phase 1-6 ledgers. Owner review is workflow and underwriting-judgment metadata, not an observed borrower fact or post-cutoff analytical evidence; stated conditions remain open."
P7L-00755,data/phase7/processed/COVENANT_HEADROOM.csv,P7H-00392,record,SRC-001;SRC-002;SRC-003,P7CT-0098,analyst_warning,owner_reviewed,within_cutoff,"No new evidence source. Trace source IDs through the approved Phase 1-6 ledgers. Owner review is workflow and underwriting-judgment metadata, not an observed borrower fact or post-cutoff analytical evidence; stated conditions remain open."
P7L-00756,data/phase7/processed/COVENANT_HEADROOM.csv,P7H-00393,record,SRC-001;SRC-002;SRC-003,P7CT-0099,proposed_contractual,owner_reviewed,within_cutoff,"No new evidence source. Trace source IDs through the approved Phase 1-6 ledgers. Owner review is workflow and underwriting-judgment metadata, not an observed borrower fact or post-cutoff analytical evidence; stated conditions remain open."
P7L-00757,data/phase7/processed/COVENANT_HEADROOM.csv,P7H-00394,record,SRC-001;SRC-002;SRC-003,P7CT-0099,proposed_contractual,owner_reviewed,within_cutoff,"No new evidence source. Trace source IDs through the approved Phase 1-6 ledgers. Owner review is workflow and underwriting-judgment metadata, not an observed borrower fact or post-cutoff analytical evidence; stated conditions remain open."
P7L-00758,data/phase7/processed/COVENANT_HEADROOM.csv,P7H-00395,record,SRC-001;SRC-002;SRC-003,P7CT-0099,proposed_contractual,owner_reviewed,within_cutoff,"No new evidence source. Trace source IDs through the approved Phase 1-6 ledgers. Owner review is workflow and underwriting-judgment metadata, not an observed borrower fact or post-cutoff analytical evidence; stated conditions remain open."
P7L-00759,data/phase7/processed/COVENANT_HEADROOM.csv,P7H-00396,record,SRC-001;SRC-002;SRC-003,P7CT-0099,analyst_warning,owner_reviewed,within_cutoff,"No new evidence source. Trace source IDs through the approved Phase 1-6 ledgers. Owner review is workflow and underwriting-judgment metadata, not an observed borrower fact or post-cutoff analytical evidence; stated conditions remain open."
P7L-00760,data/phase7/processed/COVENANT_HEADROOM.csv,P7H-00397,record,SRC-001;SRC-002;SRC-003,P7CT-0100,proposed_contractual,owner_reviewed,within_cutoff,"No new evidence source. Trace source IDs through the approved Phase 1-6 ledgers. Owner review is workflow and underwriting-judgment metadata, not an observed borrower fact or post-cutoff analytical evidence; stated conditions remain open."
P7L-00761,data/phase7/processed/COVENANT_HEADROOM.csv,P7H-00398,record,SRC-001;SRC-002;SRC-003,P7CT-0100,proposed_contractual,owner_reviewed,within_cutoff,"No new evidence source. Trace source IDs through the approved Phase 1-6 ledgers. Owner review is workflow and underwriting-judgment metadata, not an observed borrower fact or post-cutoff analytical evidence; stated conditions remain open."
P7L-00762,data/phase7/processed/COVENANT_HEADROOM.csv,P7H-00399,record,SRC-001;SRC-002;SRC-003,P7CT-0100,proposed_contractual,owner_reviewed,within_cutoff,"No new evidence source. Trace source IDs through the approved Phase 1-6 ledgers. Owner review is workflow and underwriting-judgment metadata, not an observed borrower fact or post-cutoff analytical evidence; stated conditions remain open."
P7L-00763,data/phase7/processed/COVENANT_HEADROOM.csv,P7H-00400,record,SRC-001;SRC-002;SRC-003,P7CT-0100,analyst_warning,owner_reviewed,within_cutoff,"No new evidence source. Trace source IDs through the approved Phase 1-6 ledgers. Owner review is workflow and underwriting-judgment metadata, not an observed borrower fact or post-cutoff analytical evidence; stated conditions remain open."
P7L-00764,data/phase7/processed/COVENANT_HEADROOM.csv,P7H-00401,record,SRC-001;SRC-002;SRC-003,P7CT-0101,proposed_contractual,owner_reviewed,within_cutoff,"No new evidence source. Trace source IDs through the approved Phase 1-6 ledgers. Owner review is workflow and underwriting-judgment metadata, not an observed borrower fact or post-cutoff analytical evidence; stated conditions remain open."
P7L-00765,data/phase7/processed/COVENANT_HEADROOM.csv,P7H-00402,record,SRC-001;SRC-002;SRC-003,P7CT-0101,proposed_contractual,owner_reviewed,within_cutoff,"No new evidence source. Trace source IDs through the approved Phase 1-6 ledgers. Owner review is workflow and underwriting-judgment metadata, not an observed borrower fact or post-cutoff analytical evidence; stated conditions remain open."
P7L-00766,data/phase7/processed/COVENANT_HEADROOM.csv,P7H-00403,record,SRC-001;SRC-002;SRC-003,P7CT-0101,proposed_contractual,owner_reviewed,within_cutoff,"No new evidence source. Trace source IDs through the approved Phase 1-6 ledgers. Owner review is workflow and underwriting-judgment metadata, not an observed borrower fact or post-cutoff analytical evidence; stated conditions remain open."
P7L-00767,data/phase7/processed/COVENANT_HEADROOM.csv,P7H-00404,record,SRC-001;SRC-002;SRC-003,P7CT-0101,analyst_warning,owner_reviewed,within_cutoff,"No new evidence source. Trace source IDs through the approved Phase 1-6 ledgers. Owner review is workflow and underwriting-judgment metadata, not an observed borrower fact or post-cutoff analytical evidence; stated conditions remain open."
P7L-00768,data/phase7/processed/COVENANT_HEADROOM.csv,P7H-00405,record,SRC-001;SRC-002;SRC-003,P7CT-0102,proposed_contractual,owner_reviewed,within_cutoff,"No new evidence source. Trace source IDs through the approved Phase 1-6 ledgers. Owner review is workflow and underwriting-judgment metadata, not an observed borrower fact or post-cutoff analytical evidence; stated conditions remain open."
P7L-00769,data/phase7/processed/COVENANT_HEADROOM.csv,P7H-00406,record,SRC-001;SRC-002;SRC-003,P7CT-0102,proposed_contractual,owner_reviewed,within_cutoff,"No new evidence source. Trace source IDs through the approved Phase 1-6 ledgers. Owner review is workflow and underwriting-judgment metadata, not an observed borrower fact or post-cutoff analytical evidence; stated conditions remain open."
P7L-00770,data/phase7/processed/COVENANT_HEADROOM.csv,P7H-00407,record,SRC-001;SRC-002;SRC-003,P7CT-0102,proposed_contractual,owner_reviewed,within_cutoff,"No new evidence source. Trace source IDs through the approved Phase 1-6 ledgers. Owner review is workflow and underwriting-judgment metadata, not an observed borrower fact or post-cutoff analytical evidence; stated conditions remain open."
P7L-00771,data/phase7/processed/COVENANT_HEADROOM.csv,P7H-00408,record,SRC-001;SRC-002;SRC-003,P7CT-0102,analyst_warning,owner_reviewed,within_cutoff,"No new evidence source. Trace source IDs through the approved Phase 1-6 ledgers. Owner review is workflow and underwriting-judgment metadata, not an observed borrower fact or post-cutoff analytical evidence; stated conditions remain open."
P7L-00772,data/phase7/processed/COVENANT_HEADROOM.csv,P7H-00409,record,SRC-001;SRC-002;SRC-003,P7CT-0103,proposed_contractual,owner_reviewed,within_cutoff,"No new evidence source. Trace source IDs through the approved Phase 1-6 ledgers. Owner review is workflow and underwriting-judgment metadata, not an observed borrower fact or post-cutoff analytical evidence; stated conditions remain open."
P7L-00773,data/phase7/processed/COVENANT_HEADROOM.csv,P7H-00410,record,SRC-001;SRC-002;SRC-003,P7CT-0103,proposed_contractual,owner_reviewed,within_cutoff,"No new evidence source. Trace source IDs through the approved Phase 1-6 ledgers. Owner review is workflow and underwriting-judgment metadata, not an observed borrower fact or post-cutoff analytical evidence; stated conditions remain open."
P7L-00774,data/phase7/processed/COVENANT_HEADROOM.csv,P7H-00411,record,SRC-001;SRC-002;SRC-003,P7CT-0103,proposed_contractual,owner_reviewed,within_cutoff,"No new evidence source. Trace source IDs through the approved Phase 1-6 ledgers. Owner review is workflow and underwriting-judgment metadata, not an observed borrower fact or post-cutoff analytical evidence; stated conditions remain open."
P7L-00775,data/phase7/processed/COVENANT_HEADROOM.csv,P7H-00412,record,SRC-001;SRC-002;SRC-003,P7CT-0103,analyst_warning,owner_reviewed,within_cutoff,"No new evidence source. Trace source IDs through the approved Phase 1-6 ledgers. Owner review is workflow and underwriting-judgment metadata, not an observed borrower fact or post-cutoff analytical evidence; stated conditions remain open."
P7L-00776,data/phase7/processed/COVENANT_HEADROOM.csv,P7H-00413,record,SRC-001;SRC-002;SRC-003,P7CT-0104,proposed_contractual,owner_reviewed,within_cutoff,"No new evidence source. Trace source IDs through the approved Phase 1-6 ledgers. Owner review is workflow and underwriting-judgment metadata, not an observed borrower fact or post-cutoff analytical evidence; stated conditions remain open."
P7L-00777,data/phase7/processed/COVENANT_HEADROOM.csv,P7H-00414,record,SRC-001;SRC-002;SRC-003,P7CT-0104,proposed_contractual,owner_reviewed,within_cutoff,"No new evidence source. Trace source IDs through the approved Phase 1-6 ledgers. Owner review is workflow and underwriting-judgment metadata, not an observed borrower fact or post-cutoff analytical evidence; stated conditions remain open."
P7L-00778,data/phase7/processed/COVENANT_HEADROOM.csv,P7H-00415,record,SRC-001;SRC-002;SRC-003,P7CT-0104,proposed_contractual,owner_reviewed,within_cutoff,"No new evidence source. Trace source IDs through the approved Phase 1-6 ledgers. Owner review is workflow and underwriting-judgment metadata, not an observed borrower fact or post-cutoff analytical evidence; stated conditions remain open."
P7L-00779,data/phase7/processed/COVENANT_HEADROOM.csv,P7H-00416,record,SRC-001;SRC-002;SRC-003,P7CT-0104,analyst_warning,owner_reviewed,within_cutoff,"No new evidence source. Trace source IDs through the approved Phase 1-6 ledgers. Owner review is workflow and underwriting-judgment metadata, not an observed borrower fact or post-cutoff analytical evidence; stated conditions remain open."
P7L-00780,data/phase7/processed/COVENANT_HEADROOM.csv,P7H-00417,record,SRC-001;SRC-002;SRC-003,P7CT-0105,proposed_contractual,owner_reviewed,within_cutoff,"No new evidence source. Trace source IDs through the approved Phase 1-6 ledgers. Owner review is workflow and underwriting-judgment metadata, not an observed borrower fact or post-cutoff analytical evidence; stated conditions remain open."
P7L-00781,data/phase7/processed/COVENANT_HEADROOM.csv,P7H-00418,record,SRC-001;SRC-002;SRC-003,P7CT-0105,proposed_contractual,owner_reviewed,within_cutoff,"No new evidence source. Trace source IDs through the approved Phase 1-6 ledgers. Owner review is workflow and underwriting-judgment metadata, not an observed borrower fact or post-cutoff analytical evidence; stated conditions remain open."
P7L-00782,data/phase7/processed/COVENANT_HEADROOM.csv,P7H-00419,record,SRC-001;SRC-002;SRC-003,P7CT-0105,proposed_contractual,owner_reviewed,within_cutoff,"No new evidence source. Trace source IDs through the approved Phase 1-6 ledgers. Owner review is workflow and underwriting-judgment metadata, not an observed borrower fact or post-cutoff analytical evidence; stated conditions remain open."
P7L-00783,data/phase7/processed/COVENANT_HEADROOM.csv,P7H-00420,record,SRC-001;SRC-002;SRC-003,P7CT-0105,analyst_warning,owner_reviewed,within_cutoff,"No new evidence source. Trace source IDs through the approved Phase 1-6 ledgers. Owner review is workflow and underwriting-judgment metadata, not an observed borrower fact or post-cutoff analytical evidence; stated conditions remain open."
P7L-00784,data/phase7/processed/COVENANT_HEADROOM.csv,P7H-00421,record,SRC-001;SRC-002;SRC-003,P7CT-0106,proposed_contractual,owner_reviewed,within_cutoff,"No new evidence source. Trace source IDs through the approved Phase 1-6 ledgers. Owner review is workflow and underwriting-judgment metadata, not an observed borrower fact or post-cutoff analytical evidence; stated conditions remain open."
P7L-00785,data/phase7/processed/COVENANT_HEADROOM.csv,P7H-00422,record,SRC-001;SRC-002;SRC-003,P7CT-0106,proposed_contractual,owner_reviewed,within_cutoff,"No new evidence source. Trace source IDs through the approved Phase 1-6 ledgers. Owner review is workflow and underwriting-judgment metadata, not an observed borrower fact or post-cutoff analytical evidence; stated conditions remain open."
P7L-00786,data/phase7/processed/COVENANT_HEADROOM.csv,P7H-00423,record,SRC-001;SRC-002;SRC-003,P7CT-0106,proposed_contractual,owner_reviewed,within_cutoff,"No new evidence source. Trace source IDs through the approved Phase 1-6 ledgers. Owner review is workflow and underwriting-judgment metadata, not an observed borrower fact or post-cutoff analytical evidence; stated conditions remain open."
P7L-00787,data/phase7/processed/COVENANT_HEADROOM.csv,P7H-00424,record,SRC-001;SRC-002;SRC-003,P7CT-0106,analyst_warning,owner_reviewed,within_cutoff,"No new evidence source. Trace source IDs through the approved Phase 1-6 ledgers. Owner review is workflow and underwriting-judgment metadata, not an observed borrower fact or post-cutoff analytical evidence; stated conditions remain open."
P7L-00788,data/phase7/processed/COVENANT_HEADROOM.csv,P7H-00425,record,SRC-001;SRC-002;SRC-003,P7CT-0107,proposed_contractual,owner_reviewed,within_cutoff,"No new evidence source. Trace source IDs through the approved Phase 1-6 ledgers. Owner review is workflow and underwriting-judgment metadata, not an observed borrower fact or post-cutoff analytical evidence; stated conditions remain open."
P7L-00789,data/phase7/processed/COVENANT_HEADROOM.csv,P7H-00426,record,SRC-001;SRC-002;SRC-003,P7CT-0107,proposed_contractual,owner_reviewed,within_cutoff,"No new evidence source. Trace source IDs through the approved Phase 1-6 ledgers. Owner review is workflow and underwriting-judgment metadata, not an observed borrower fact or post-cutoff analytical evidence; stated conditions remain open."
P7L-00790,data/phase7/processed/COVENANT_HEADROOM.csv,P7H-00427,record,SRC-001;SRC-002;SRC-003,P7CT-0107,proposed_contractual,owner_reviewed,within_cutoff,"No new evidence source. Trace source IDs through the approved Phase 1-6 ledgers. Owner review is workflow and underwriting-judgment metadata, not an observed borrower fact or post-cutoff analytical evidence; stated conditions remain open."
P7L-00791,data/phase7/processed/COVENANT_HEADROOM.csv,P7H-00428,record,SRC-001;SRC-002;SRC-003,P7CT-0107,analyst_warning,owner_reviewed,within_cutoff,"No new evidence source. Trace source IDs through the approved Phase 1-6 ledgers. Owner review is workflow and underwriting-judgment metadata, not an observed borrower fact or post-cutoff analytical evidence; stated conditions remain open."
P7L-00792,data/phase7/processed/COVENANT_HEADROOM.csv,P7H-00429,record,SRC-001;SRC-002;SRC-003,P7CT-0108,proposed_contractual,owner_reviewed,within_cutoff,"No new evidence source. Trace source IDs through the approved Phase 1-6 ledgers. Owner review is workflow and underwriting-judgment metadata, not an observed borrower fact or post-cutoff analytical evidence; stated conditions remain open."
P7L-00793,data/phase7/processed/COVENANT_HEADROOM.csv,P7H-00430,record,SRC-001;SRC-002;SRC-003,P7CT-0108,proposed_contractual,owner_reviewed,within_cutoff,"No new evidence source. Trace source IDs through the approved Phase 1-6 ledgers. Owner review is workflow and underwriting-judgment metadata, not an observed borrower fact or post-cutoff analytical evidence; stated conditions remain open."
P7L-00794,data/phase7/processed/COVENANT_HEADROOM.csv,P7H-00431,record,SRC-001;SRC-002;SRC-003,P7CT-0108,proposed_contractual,owner_reviewed,within_cutoff,"No new evidence source. Trace source IDs through the approved Phase 1-6 ledgers. Owner review is workflow and underwriting-judgment metadata, not an observed borrower fact or post-cutoff analytical evidence; stated conditions remain open."
P7L-00795,data/phase7/processed/COVENANT_HEADROOM.csv,P7H-00432,record,SRC-001;SRC-002;SRC-003,P7CT-0108,analyst_warning,owner_reviewed,within_cutoff,"No new evidence source. Trace source IDs through the approved Phase 1-6 ledgers. Owner review is workflow and underwriting-judgment metadata, not an observed borrower fact or post-cutoff analytical evidence; stated conditions remain open."
P7L-00796,data/phase7/processed/COVENANT_HEADROOM.csv,P7H-00433,record,SRC-001;SRC-002;SRC-003,P7CT-0109,proposed_contractual,owner_reviewed,within_cutoff,"No new evidence source. Trace source IDs through the approved Phase 1-6 ledgers. Owner review is workflow and underwriting-judgment metadata, not an observed borrower fact or post-cutoff analytical evidence; stated conditions remain open."
P7L-00797,data/phase7/processed/COVENANT_HEADROOM.csv,P7H-00434,record,SRC-001;SRC-002;SRC-003,P7CT-0109,proposed_contractual,owner_reviewed,within_cutoff,"No new evidence source. Trace source IDs through the approved Phase 1-6 ledgers. Owner review is workflow and underwriting-judgment metadata, not an observed borrower fact or post-cutoff analytical evidence; stated conditions remain open."
P7L-00798,data/phase7/processed/COVENANT_HEADROOM.csv,P7H-00435,record,SRC-001;SRC-002;SRC-003,P7CT-0109,proposed_contractual,owner_reviewed,within_cutoff,"No new evidence source. Trace source IDs through the approved Phase 1-6 ledgers. Owner review is workflow and underwriting-judgment metadata, not an observed borrower fact or post-cutoff analytical evidence; stated conditions remain open."
P7L-00799,data/phase7/processed/COVENANT_HEADROOM.csv,P7H-00436,record,SRC-001;SRC-002;SRC-003,P7CT-0109,analyst_warning,owner_reviewed,within_cutoff,"No new evidence source. Trace source IDs through the approved Phase 1-6 ledgers. Owner review is workflow and underwriting-judgment metadata, not an observed borrower fact or post-cutoff analytical evidence; stated conditions remain open."
P7L-00800,data/phase7/processed/COVENANT_HEADROOM.csv,P7H-00437,record,SRC-001;SRC-002;SRC-003,P7CT-0110,proposed_contractual,owner_reviewed,within_cutoff,"No new evidence source. Trace source IDs through the approved Phase 1-6 ledgers. Owner review is workflow and underwriting-judgment metadata, not an observed borrower fact or post-cutoff analytical evidence; stated conditions remain open."
P7L-00801,data/phase7/processed/COVENANT_HEADROOM.csv,P7H-00438,record,SRC-001;SRC-002;SRC-003,P7CT-0110,proposed_contractual,owner_reviewed,within_cutoff,"No new evidence source. Trace source IDs through the approved Phase 1-6 ledgers. Owner review is workflow and underwriting-judgment metadata, not an observed borrower fact or post-cutoff analytical evidence; stated conditions remain open."
P7L-00802,data/phase7/processed/COVENANT_HEADROOM.csv,P7H-00439,record,SRC-001;SRC-002;SRC-003,P7CT-0110,proposed_contractual,owner_reviewed,within_cutoff,"No new evidence source. Trace source IDs through the approved Phase 1-6 ledgers. Owner review is workflow and underwriting-judgment metadata, not an observed borrower fact or post-cutoff analytical evidence; stated conditions remain open."
P7L-00803,data/phase7/processed/COVENANT_HEADROOM.csv,P7H-00440,record,SRC-001;SRC-002;SRC-003,P7CT-0110,analyst_warning,owner_reviewed,within_cutoff,"No new evidence source. Trace source IDs through the approved Phase 1-6 ledgers. Owner review is workflow and underwriting-judgment metadata, not an observed borrower fact or post-cutoff analytical evidence; stated conditions remain open."
P7L-00804,data/phase7/processed/COVENANT_HEADROOM.csv,P7H-00441,record,SRC-001;SRC-002;SRC-003,P7CT-0111,proposed_contractual,owner_reviewed,within_cutoff,"No new evidence source. Trace source IDs through the approved Phase 1-6 ledgers. Owner review is workflow and underwriting-judgment metadata, not an observed borrower fact or post-cutoff analytical evidence; stated conditions remain open."
P7L-00805,data/phase7/processed/COVENANT_HEADROOM.csv,P7H-00442,record,SRC-001;SRC-002;SRC-003,P7CT-0111,proposed_contractual,owner_reviewed,within_cutoff,"No new evidence source. Trace source IDs through the approved Phase 1-6 ledgers. Owner review is workflow and underwriting-judgment metadata, not an observed borrower fact or post-cutoff analytical evidence; stated conditions remain open."
P7L-00806,data/phase7/processed/COVENANT_HEADROOM.csv,P7H-00443,record,SRC-001;SRC-002;SRC-003,P7CT-0111,proposed_contractual,owner_reviewed,within_cutoff,"No new evidence source. Trace source IDs through the approved Phase 1-6 ledgers. Owner review is workflow and underwriting-judgment metadata, not an observed borrower fact or post-cutoff analytical evidence; stated conditions remain open."
P7L-00807,data/phase7/processed/COVENANT_HEADROOM.csv,P7H-00444,record,SRC-001;SRC-002;SRC-003,P7CT-0111,analyst_warning,owner_reviewed,within_cutoff,"No new evidence source. Trace source IDs through the approved Phase 1-6 ledgers. Owner review is workflow and underwriting-judgment metadata, not an observed borrower fact or post-cutoff analytical evidence; stated conditions remain open."
P7L-00808,data/phase7/processed/COVENANT_HEADROOM.csv,P7H-00445,record,SRC-001;SRC-002;SRC-003,P7CT-0112,proposed_contractual,owner_reviewed,within_cutoff,"No new evidence source. Trace source IDs through the approved Phase 1-6 ledgers. Owner review is workflow and underwriting-judgment metadata, not an observed borrower fact or post-cutoff analytical evidence; stated conditions remain open."
P7L-00809,data/phase7/processed/COVENANT_HEADROOM.csv,P7H-00446,record,SRC-001;SRC-002;SRC-003,P7CT-0112,proposed_contractual,owner_reviewed,within_cutoff,"No new evidence source. Trace source IDs through the approved Phase 1-6 ledgers. Owner review is workflow and underwriting-judgment metadata, not an observed borrower fact or post-cutoff analytical evidence; stated conditions remain open."
P7L-00810,data/phase7/processed/COVENANT_HEADROOM.csv,P7H-00447,record,SRC-001;SRC-002;SRC-003,P7CT-0112,proposed_contractual,owner_reviewed,within_cutoff,"No new evidence source. Trace source IDs through the approved Phase 1-6 ledgers. Owner review is workflow and underwriting-judgment metadata, not an observed borrower fact or post-cutoff analytical evidence; stated conditions remain open."
P7L-00811,data/phase7/processed/COVENANT_HEADROOM.csv,P7H-00448,record,SRC-001;SRC-002;SRC-003,P7CT-0112,analyst_warning,owner_reviewed,within_cutoff,"No new evidence source. Trace source IDs through the approved Phase 1-6 ledgers. Owner review is workflow and underwriting-judgment metadata, not an observed borrower fact or post-cutoff analytical evidence; stated conditions remain open."
P7L-00812,data/phase7/processed/COVENANT_HEADROOM.csv,P7H-00449,record,SRC-001;SRC-002;SRC-003,P7CT-0113,proposed_contractual,owner_reviewed,within_cutoff,"No new evidence source. Trace source IDs through the approved Phase 1-6 ledgers. Owner review is workflow and underwriting-judgment metadata, not an observed borrower fact or post-cutoff analytical evidence; stated conditions remain open."
P7L-00813,data/phase7/processed/COVENANT_HEADROOM.csv,P7H-00450,record,SRC-001;SRC-002;SRC-003,P7CT-0113,proposed_contractual,owner_reviewed,within_cutoff,"No new evidence source. Trace source IDs through the approved Phase 1-6 ledgers. Owner review is workflow and underwriting-judgment metadata, not an observed borrower fact or post-cutoff analytical evidence; stated conditions remain open."
P7L-00814,data/phase7/processed/COVENANT_HEADROOM.csv,P7H-00451,record,SRC-001;SRC-002;SRC-003,P7CT-0113,proposed_contractual,owner_reviewed,within_cutoff,"No new evidence source. Trace source IDs through the approved Phase 1-6 ledgers. Owner review is workflow and underwriting-judgment metadata, not an observed borrower fact or post-cutoff analytical evidence; stated conditions remain open."
P7L-00815,data/phase7/processed/COVENANT_HEADROOM.csv,P7H-00452,record,SRC-001;SRC-002;SRC-003,P7CT-0113,analyst_warning,owner_reviewed,within_cutoff,"No new evidence source. Trace source IDs through the approved Phase 1-6 ledgers. Owner review is workflow and underwriting-judgment metadata, not an observed borrower fact or post-cutoff analytical evidence; stated conditions remain open."
P7L-00816,data/phase7/processed/COVENANT_HEADROOM.csv,P7H-00453,record,SRC-001;SRC-002;SRC-003,P7CT-0114,proposed_contractual,owner_reviewed,within_cutoff,"No new evidence source. Trace source IDs through the approved Phase 1-6 ledgers. Owner review is workflow and underwriting-judgment metadata, not an observed borrower fact or post-cutoff analytical evidence; stated conditions remain open."
P7L-00817,data/phase7/processed/COVENANT_HEADROOM.csv,P7H-00454,record,SRC-001;SRC-002;SRC-003,P7CT-0114,proposed_contractual,owner_reviewed,within_cutoff,"No new evidence source. Trace source IDs through the approved Phase 1-6 ledgers. Owner review is workflow and underwriting-judgment metadata, not an observed borrower fact or post-cutoff analytical evidence; stated conditions remain open."
P7L-00818,data/phase7/processed/COVENANT_HEADROOM.csv,P7H-00455,record,SRC-001;SRC-002;SRC-003,P7CT-0114,proposed_contractual,owner_reviewed,within_cutoff,"No new evidence source. Trace source IDs through the approved Phase 1-6 ledgers. Owner review is workflow and underwriting-judgment metadata, not an observed borrower fact or post-cutoff analytical evidence; stated conditions remain open."
P7L-00819,data/phase7/processed/COVENANT_HEADROOM.csv,P7H-00456,record,SRC-001;SRC-002;SRC-003,P7CT-0114,analyst_warning,owner_reviewed,within_cutoff,"No new evidence source. Trace source IDs through the approved Phase 1-6 ledgers. Owner review is workflow and underwriting-judgment metadata, not an observed borrower fact or post-cutoff analytical evidence; stated conditions remain open."
P7L-00820,data/phase7/processed/COVENANT_HEADROOM.csv,P7H-00457,record,SRC-001;SRC-002;SRC-003,P7CT-0115,proposed_contractual,owner_reviewed,within_cutoff,"No new evidence source. Trace source IDs through the approved Phase 1-6 ledgers. Owner review is workflow and underwriting-judgment metadata, not an observed borrower fact or post-cutoff analytical evidence; stated conditions remain open."
P7L-00821,data/phase7/processed/COVENANT_HEADROOM.csv,P7H-00458,record,SRC-001;SRC-002;SRC-003,P7CT-0115,proposed_contractual,owner_reviewed,within_cutoff,"No new evidence source. Trace source IDs through the approved Phase 1-6 ledgers. Owner review is workflow and underwriting-judgment metadata, not an observed borrower fact or post-cutoff analytical evidence; stated conditions remain open."
P7L-00822,data/phase7/processed/COVENANT_HEADROOM.csv,P7H-00459,record,SRC-001;SRC-002;SRC-003,P7CT-0115,proposed_contractual,owner_reviewed,within_cutoff,"No new evidence source. Trace source IDs through the approved Phase 1-6 ledgers. Owner review is workflow and underwriting-judgment metadata, not an observed borrower fact or post-cutoff analytical evidence; stated conditions remain open."
P7L-00823,data/phase7/processed/COVENANT_HEADROOM.csv,P7H-00460,record,SRC-001;SRC-002;SRC-003,P7CT-0115,analyst_warning,owner_reviewed,within_cutoff,"No new evidence source. Trace source IDs through the approved Phase 1-6 ledgers. Owner review is workflow and underwriting-judgment metadata, not an observed borrower fact or post-cutoff analytical evidence; stated conditions remain open."
P7L-00824,data/phase7/processed/COVENANT_HEADROOM.csv,P7H-00461,record,SRC-001;SRC-002;SRC-003,P7CT-0116,proposed_contractual,owner_reviewed,within_cutoff,"No new evidence source. Trace source IDs through the approved Phase 1-6 ledgers. Owner review is workflow and underwriting-judgment metadata, not an observed borrower fact or post-cutoff analytical evidence; stated conditions remain open."
P7L-00825,data/phase7/processed/COVENANT_HEADROOM.csv,P7H-00462,record,SRC-001;SRC-002;SRC-003,P7CT-0116,proposed_contractual,owner_reviewed,within_cutoff,"No new evidence source. Trace source IDs through the approved Phase 1-6 ledgers. Owner review is workflow and underwriting-judgment metadata, not an observed borrower fact or post-cutoff analytical evidence; stated conditions remain open."
P7L-00826,data/phase7/processed/COVENANT_HEADROOM.csv,P7H-00463,record,SRC-001;SRC-002;SRC-003,P7CT-0116,proposed_contractual,owner_reviewed,within_cutoff,"No new evidence source. Trace source IDs through the approved Phase 1-6 ledgers. Owner review is workflow and underwriting-judgment metadata, not an observed borrower fact or post-cutoff analytical evidence; stated conditions remain open."
P7L-00827,data/phase7/processed/COVENANT_HEADROOM.csv,P7H-00464,record,SRC-001;SRC-002;SRC-003,P7CT-0116,analyst_warning,owner_reviewed,within_cutoff,"No new evidence source. Trace source IDs through the approved Phase 1-6 ledgers. Owner review is workflow and underwriting-judgment metadata, not an observed borrower fact or post-cutoff analytical evidence; stated conditions remain open."
P7L-00828,data/phase7/processed/COVENANT_HEADROOM.csv,P7H-00465,record,SRC-001;SRC-002;SRC-003,P7CT-0117,proposed_contractual,owner_reviewed,within_cutoff,"No new evidence source. Trace source IDs through the approved Phase 1-6 ledgers. Owner review is workflow and underwriting-judgment metadata, not an observed borrower fact or post-cutoff analytical evidence; stated conditions remain open."
P7L-00829,data/phase7/processed/COVENANT_HEADROOM.csv,P7H-00466,record,SRC-001;SRC-002;SRC-003,P7CT-0117,proposed_contractual,owner_reviewed,within_cutoff,"No new evidence source. Trace source IDs through the approved Phase 1-6 ledgers. Owner review is workflow and underwriting-judgment metadata, not an observed borrower fact or post-cutoff analytical evidence; stated conditions remain open."
P7L-00830,data/phase7/processed/COVENANT_HEADROOM.csv,P7H-00467,record,SRC-001;SRC-002;SRC-003,P7CT-0117,proposed_contractual,owner_reviewed,within_cutoff,"No new evidence source. Trace source IDs through the approved Phase 1-6 ledgers. Owner review is workflow and underwriting-judgment metadata, not an observed borrower fact or post-cutoff analytical evidence; stated conditions remain open."
P7L-00831,data/phase7/processed/COVENANT_HEADROOM.csv,P7H-00468,record,SRC-001;SRC-002;SRC-003,P7CT-0117,analyst_warning,owner_reviewed,within_cutoff,"No new evidence source. Trace source IDs through the approved Phase 1-6 ledgers. Owner review is workflow and underwriting-judgment metadata, not an observed borrower fact or post-cutoff analytical evidence; stated conditions remain open."
P7L-00832,data/phase7/processed/COVENANT_HEADROOM.csv,P7H-00469,record,SRC-001;SRC-002;SRC-003,P7CT-0118,proposed_contractual,owner_reviewed,within_cutoff,"No new evidence source. Trace source IDs through the approved Phase 1-6 ledgers. Owner review is workflow and underwriting-judgment metadata, not an observed borrower fact or post-cutoff analytical evidence; stated conditions remain open."
P7L-00833,data/phase7/processed/COVENANT_HEADROOM.csv,P7H-00470,record,SRC-001;SRC-002;SRC-003,P7CT-0118,proposed_contractual,owner_reviewed,within_cutoff,"No new evidence source. Trace source IDs through the approved Phase 1-6 ledgers. Owner review is workflow and underwriting-judgment metadata, not an observed borrower fact or post-cutoff analytical evidence; stated conditions remain open."
P7L-00834,data/phase7/processed/COVENANT_HEADROOM.csv,P7H-00471,record,SRC-001;SRC-002;SRC-003,P7CT-0118,proposed_contractual,owner_reviewed,within_cutoff,"No new evidence source. Trace source IDs through the approved Phase 1-6 ledgers. Owner review is workflow and underwriting-judgment metadata, not an observed borrower fact or post-cutoff analytical evidence; stated conditions remain open."
P7L-00835,data/phase7/processed/COVENANT_HEADROOM.csv,P7H-00472,record,SRC-001;SRC-002;SRC-003,P7CT-0118,analyst_warning,owner_reviewed,within_cutoff,"No new evidence source. Trace source IDs through the approved Phase 1-6 ledgers. Owner review is workflow and underwriting-judgment metadata, not an observed borrower fact or post-cutoff analytical evidence; stated conditions remain open."
P7L-00836,data/phase7/processed/COVENANT_HEADROOM.csv,P7H-00473,record,SRC-001;SRC-002;SRC-003,P7CT-0119,proposed_contractual,owner_reviewed,within_cutoff,"No new evidence source. Trace source IDs through the approved Phase 1-6 ledgers. Owner review is workflow and underwriting-judgment metadata, not an observed borrower fact or post-cutoff analytical evidence; stated conditions remain open."
P7L-00837,data/phase7/processed/COVENANT_HEADROOM.csv,P7H-00474,record,SRC-001;SRC-002;SRC-003,P7CT-0119,proposed_contractual,owner_reviewed,within_cutoff,"No new evidence source. Trace source IDs through the approved Phase 1-6 ledgers. Owner review is workflow and underwriting-judgment metadata, not an observed borrower fact or post-cutoff analytical evidence; stated conditions remain open."
P7L-00838,data/phase7/processed/COVENANT_HEADROOM.csv,P7H-00475,record,SRC-001;SRC-002;SRC-003,P7CT-0119,proposed_contractual,owner_reviewed,within_cutoff,"No new evidence source. Trace source IDs through the approved Phase 1-6 ledgers. Owner review is workflow and underwriting-judgment metadata, not an observed borrower fact or post-cutoff analytical evidence; stated conditions remain open."
P7L-00839,data/phase7/processed/COVENANT_HEADROOM.csv,P7H-00476,record,SRC-001;SRC-002;SRC-003,P7CT-0119,analyst_warning,owner_reviewed,within_cutoff,"No new evidence source. Trace source IDs through the approved Phase 1-6 ledgers. Owner review is workflow and underwriting-judgment metadata, not an observed borrower fact or post-cutoff analytical evidence; stated conditions remain open."
P7L-00840,data/phase7/processed/COVENANT_HEADROOM.csv,P7H-00477,record,SRC-001;SRC-002;SRC-003,P7CT-0120,proposed_contractual,owner_reviewed,within_cutoff,"No new evidence source. Trace source IDs through the approved Phase 1-6 ledgers. Owner review is workflow and underwriting-judgment metadata, not an observed borrower fact or post-cutoff analytical evidence; stated conditions remain open."
P7L-00841,data/phase7/processed/COVENANT_HEADROOM.csv,P7H-00478,record,SRC-001;SRC-002;SRC-003,P7CT-0120,proposed_contractual,owner_reviewed,within_cutoff,"No new evidence source. Trace source IDs through the approved Phase 1-6 ledgers. Owner review is workflow and underwriting-judgment metadata, not an observed borrower fact or post-cutoff analytical evidence; stated conditions remain open."
P7L-00842,data/phase7/processed/COVENANT_HEADROOM.csv,P7H-00479,record,SRC-001;SRC-002;SRC-003,P7CT-0120,proposed_contractual,owner_reviewed,within_cutoff,"No new evidence source. Trace source IDs through the approved Phase 1-6 ledgers. Owner review is workflow and underwriting-judgment metadata, not an observed borrower fact or post-cutoff analytical evidence; stated conditions remain open."
P7L-00843,data/phase7/processed/COVENANT_HEADROOM.csv,P7H-00480,record,SRC-001;SRC-002;SRC-003,P7CT-0120,analyst_warning,owner_reviewed,within_cutoff,"No new evidence source. Trace source IDs through the approved Phase 1-6 ledgers. Owner review is workflow and underwriting-judgment metadata, not an observed borrower fact or post-cutoff analytical evidence; stated conditions remain open."
P7L-00844,data/phase7/processed/COVENANT_HEADROOM.csv,P7H-00481,record,SRC-001;SRC-002;SRC-003,P7CT-0121,proposed_contractual,owner_reviewed,within_cutoff,"No new evidence source. Trace source IDs through the approved Phase 1-6 ledgers. Owner review is workflow and underwriting-judgment metadata, not an observed borrower fact or post-cutoff analytical evidence; stated conditions remain open."
P7L-00845,data/phase7/processed/COVENANT_HEADROOM.csv,P7H-00482,record,SRC-001;SRC-002;SRC-003,P7CT-0121,proposed_contractual,owner_reviewed,within_cutoff,"No new evidence source. Trace source IDs through the approved Phase 1-6 ledgers. Owner review is workflow and underwriting-judgment metadata, not an observed borrower fact or post-cutoff analytical evidence; stated conditions remain open."
P7L-00846,data/phase7/processed/COVENANT_HEADROOM.csv,P7H-00483,record,SRC-001;SRC-002;SRC-003,P7CT-0121,proposed_contractual,owner_reviewed,within_cutoff,"No new evidence source. Trace source IDs through the approved Phase 1-6 ledgers. Owner review is workflow and underwriting-judgment metadata, not an observed borrower fact or post-cutoff analytical evidence; stated conditions remain open."
P7L-00847,data/phase7/processed/COVENANT_HEADROOM.csv,P7H-00484,record,SRC-001;SRC-002;SRC-003,P7CT-0121,analyst_warning,owner_reviewed,within_cutoff,"No new evidence source. Trace source IDs through the approved Phase 1-6 ledgers. Owner review is workflow and underwriting-judgment metadata, not an observed borrower fact or post-cutoff analytical evidence; stated conditions remain open."
P7L-00848,data/phase7/processed/COVENANT_HEADROOM.csv,P7H-00485,record,SRC-001;SRC-002;SRC-003,P7CT-0122,proposed_contractual,owner_reviewed,within_cutoff,"No new evidence source. Trace source IDs through the approved Phase 1-6 ledgers. Owner review is workflow and underwriting-judgment metadata, not an observed borrower fact or post-cutoff analytical evidence; stated conditions remain open."
P7L-00849,data/phase7/processed/COVENANT_HEADROOM.csv,P7H-00486,record,SRC-001;SRC-002;SRC-003,P7CT-0122,proposed_contractual,owner_reviewed,within_cutoff,"No new evidence source. Trace source IDs through the approved Phase 1-6 ledgers. Owner review is workflow and underwriting-judgment metadata, not an observed borrower fact or post-cutoff analytical evidence; stated conditions remain open."
P7L-00850,data/phase7/processed/COVENANT_HEADROOM.csv,P7H-00487,record,SRC-001;SRC-002;SRC-003,P7CT-0122,proposed_contractual,owner_reviewed,within_cutoff,"No new evidence source. Trace source IDs through the approved Phase 1-6 ledgers. Owner review is workflow and underwriting-judgment metadata, not an observed borrower fact or post-cutoff analytical evidence; stated conditions remain open."
P7L-00851,data/phase7/processed/COVENANT_HEADROOM.csv,P7H-00488,record,SRC-001;SRC-002;SRC-003,P7CT-0122,analyst_warning,owner_reviewed,within_cutoff,"No new evidence source. Trace source IDs through the approved Phase 1-6 ledgers. Owner review is workflow and underwriting-judgment metadata, not an observed borrower fact or post-cutoff analytical evidence; stated conditions remain open."
P7L-00852,data/phase7/processed/COVENANT_HEADROOM.csv,P7H-00489,record,SRC-001;SRC-002;SRC-003,P7CT-0123,proposed_contractual,owner_reviewed,within_cutoff,"No new evidence source. Trace source IDs through the approved Phase 1-6 ledgers. Owner review is workflow and underwriting-judgment metadata, not an observed borrower fact or post-cutoff analytical evidence; stated conditions remain open."
P7L-00853,data/phase7/processed/COVENANT_HEADROOM.csv,P7H-00490,record,SRC-001;SRC-002;SRC-003,P7CT-0123,proposed_contractual,owner_reviewed,within_cutoff,"No new evidence source. Trace source IDs through the approved Phase 1-6 ledgers. Owner review is workflow and underwriting-judgment metadata, not an observed borrower fact or post-cutoff analytical evidence; stated conditions remain open."
P7L-00854,data/phase7/processed/COVENANT_HEADROOM.csv,P7H-00491,record,SRC-001;SRC-002;SRC-003,P7CT-0123,proposed_contractual,owner_reviewed,within_cutoff,"No new evidence source. Trace source IDs through the approved Phase 1-6 ledgers. Owner review is workflow and underwriting-judgment metadata, not an observed borrower fact or post-cutoff analytical evidence; stated conditions remain open."
P7L-00855,data/phase7/processed/COVENANT_HEADROOM.csv,P7H-00492,record,SRC-001;SRC-002;SRC-003,P7CT-0123,analyst_warning,owner_reviewed,within_cutoff,"No new evidence source. Trace source IDs through the approved Phase 1-6 ledgers. Owner review is workflow and underwriting-judgment metadata, not an observed borrower fact or post-cutoff analytical evidence; stated conditions remain open."
P7L-00856,data/phase7/processed/COVENANT_HEADROOM.csv,P7H-00493,record,SRC-001;SRC-002;SRC-003,P7CT-0124,proposed_contractual,owner_reviewed,within_cutoff,"No new evidence source. Trace source IDs through the approved Phase 1-6 ledgers. Owner review is workflow and underwriting-judgment metadata, not an observed borrower fact or post-cutoff analytical evidence; stated conditions remain open."
P7L-00857,data/phase7/processed/COVENANT_HEADROOM.csv,P7H-00494,record,SRC-001;SRC-002;SRC-003,P7CT-0124,proposed_contractual,owner_reviewed,within_cutoff,"No new evidence source. Trace source IDs through the approved Phase 1-6 ledgers. Owner review is workflow and underwriting-judgment metadata, not an observed borrower fact or post-cutoff analytical evidence; stated conditions remain open."
P7L-00858,data/phase7/processed/COVENANT_HEADROOM.csv,P7H-00495,record,SRC-001;SRC-002;SRC-003,P7CT-0124,proposed_contractual,owner_reviewed,within_cutoff,"No new evidence source. Trace source IDs through the approved Phase 1-6 ledgers. Owner review is workflow and underwriting-judgment metadata, not an observed borrower fact or post-cutoff analytical evidence; stated conditions remain open."
P7L-00859,data/phase7/processed/COVENANT_HEADROOM.csv,P7H-00496,record,SRC-001;SRC-002;SRC-003,P7CT-0124,analyst_warning,owner_reviewed,within_cutoff,"No new evidence source. Trace source IDs through the approved Phase 1-6 ledgers. Owner review is workflow and underwriting-judgment metadata, not an observed borrower fact or post-cutoff analytical evidence; stated conditions remain open."
P7L-00860,data/phase7/processed/COVENANT_HEADROOM.csv,P7H-00497,record,SRC-001;SRC-002;SRC-003,P7CT-0125,proposed_contractual,owner_reviewed,within_cutoff,"No new evidence source. Trace source IDs through the approved Phase 1-6 ledgers. Owner review is workflow and underwriting-judgment metadata, not an observed borrower fact or post-cutoff analytical evidence; stated conditions remain open."
P7L-00861,data/phase7/processed/COVENANT_HEADROOM.csv,P7H-00498,record,SRC-001;SRC-002;SRC-003,P7CT-0125,proposed_contractual,owner_reviewed,within_cutoff,"No new evidence source. Trace source IDs through the approved Phase 1-6 ledgers. Owner review is workflow and underwriting-judgment metadata, not an observed borrower fact or post-cutoff analytical evidence; stated conditions remain open."
P7L-00862,data/phase7/processed/COVENANT_HEADROOM.csv,P7H-00499,record,SRC-001;SRC-002;SRC-003,P7CT-0125,proposed_contractual,owner_reviewed,within_cutoff,"No new evidence source. Trace source IDs through the approved Phase 1-6 ledgers. Owner review is workflow and underwriting-judgment metadata, not an observed borrower fact or post-cutoff analytical evidence; stated conditions remain open."
P7L-00863,data/phase7/processed/COVENANT_HEADROOM.csv,P7H-00500,record,SRC-001;SRC-002;SRC-003,P7CT-0125,analyst_warning,owner_reviewed,within_cutoff,"No new evidence source. Trace source IDs through the approved Phase 1-6 ledgers. Owner review is workflow and underwriting-judgment metadata, not an observed borrower fact or post-cutoff analytical evidence; stated conditions remain open."
P7L-00864,data/phase7/processed/COVENANT_HEADROOM.csv,P7H-00501,record,SRC-001;SRC-002;SRC-003,P7CT-0126,proposed_contractual,owner_reviewed,within_cutoff,"No new evidence source. Trace source IDs through the approved Phase 1-6 ledgers. Owner review is workflow and underwriting-judgment metadata, not an observed borrower fact or post-cutoff analytical evidence; stated conditions remain open."
P7L-00865,data/phase7/processed/COVENANT_HEADROOM.csv,P7H-00502,record,SRC-001;SRC-002;SRC-003,P7CT-0126,proposed_contractual,owner_reviewed,within_cutoff,"No new evidence source. Trace source IDs through the approved Phase 1-6 ledgers. Owner review is workflow and underwriting-judgment metadata, not an observed borrower fact or post-cutoff analytical evidence; stated conditions remain open."
P7L-00866,data/phase7/processed/COVENANT_HEADROOM.csv,P7H-00503,record,SRC-001;SRC-002;SRC-003,P7CT-0126,proposed_contractual,owner_reviewed,within_cutoff,"No new evidence source. Trace source IDs through the approved Phase 1-6 ledgers. Owner review is workflow and underwriting-judgment metadata, not an observed borrower fact or post-cutoff analytical evidence; stated conditions remain open."
P7L-00867,data/phase7/processed/COVENANT_HEADROOM.csv,P7H-00504,record,SRC-001;SRC-002;SRC-003,P7CT-0126,analyst_warning,owner_reviewed,within_cutoff,"No new evidence source. Trace source IDs through the approved Phase 1-6 ledgers. Owner review is workflow and underwriting-judgment metadata, not an observed borrower fact or post-cutoff analytical evidence; stated conditions remain open."
P7L-00868,data/phase7/processed/COVENANT_HEADROOM.csv,P7H-00505,record,SRC-001;SRC-002;SRC-003,P7CT-0127,proposed_contractual,owner_reviewed,within_cutoff,"No new evidence source. Trace source IDs through the approved Phase 1-6 ledgers. Owner review is workflow and underwriting-judgment metadata, not an observed borrower fact or post-cutoff analytical evidence; stated conditions remain open."
P7L-00869,data/phase7/processed/COVENANT_HEADROOM.csv,P7H-00506,record,SRC-001;SRC-002;SRC-003,P7CT-0127,proposed_contractual,owner_reviewed,within_cutoff,"No new evidence source. Trace source IDs through the approved Phase 1-6 ledgers. Owner review is workflow and underwriting-judgment metadata, not an observed borrower fact or post-cutoff analytical evidence; stated conditions remain open."
P7L-00870,data/phase7/processed/COVENANT_HEADROOM.csv,P7H-00507,record,SRC-001;SRC-002;SRC-003,P7CT-0127,proposed_contractual,owner_reviewed,within_cutoff,"No new evidence source. Trace source IDs through the approved Phase 1-6 ledgers. Owner review is workflow and underwriting-judgment metadata, not an observed borrower fact or post-cutoff analytical evidence; stated conditions remain open."
P7L-00871,data/phase7/processed/COVENANT_HEADROOM.csv,P7H-00508,record,SRC-001;SRC-002;SRC-003,P7CT-0127,analyst_warning,owner_reviewed,within_cutoff,"No new evidence source. Trace source IDs through the approved Phase 1-6 ledgers. Owner review is workflow and underwriting-judgment metadata, not an observed borrower fact or post-cutoff analytical evidence; stated conditions remain open."
P7L-00872,data/phase7/processed/COVENANT_HEADROOM.csv,P7H-00509,record,SRC-001;SRC-002;SRC-003,P7CT-0128,proposed_contractual,owner_reviewed,within_cutoff,"No new evidence source. Trace source IDs through the approved Phase 1-6 ledgers. Owner review is workflow and underwriting-judgment metadata, not an observed borrower fact or post-cutoff analytical evidence; stated conditions remain open."
P7L-00873,data/phase7/processed/COVENANT_HEADROOM.csv,P7H-00510,record,SRC-001;SRC-002;SRC-003,P7CT-0128,proposed_contractual,owner_reviewed,within_cutoff,"No new evidence source. Trace source IDs through the approved Phase 1-6 ledgers. Owner review is workflow and underwriting-judgment metadata, not an observed borrower fact or post-cutoff analytical evidence; stated conditions remain open."
P7L-00874,data/phase7/processed/COVENANT_HEADROOM.csv,P7H-00511,record,SRC-001;SRC-002;SRC-003,P7CT-0128,proposed_contractual,owner_reviewed,within_cutoff,"No new evidence source. Trace source IDs through the approved Phase 1-6 ledgers. Owner review is workflow and underwriting-judgment metadata, not an observed borrower fact or post-cutoff analytical evidence; stated conditions remain open."
P7L-00875,data/phase7/processed/COVENANT_HEADROOM.csv,P7H-00512,record,SRC-001;SRC-002;SRC-003,P7CT-0128,analyst_warning,owner_reviewed,within_cutoff,"No new evidence source. Trace source IDs through the approved Phase 1-6 ledgers. Owner review is workflow and underwriting-judgment metadata, not an observed borrower fact or post-cutoff analytical evidence; stated conditions remain open."
P7L-00876,data/phase7/processed/COVENANT_HEADROOM.csv,P7H-00513,record,SRC-001;SRC-002;SRC-003,P7CT-0129,proposed_contractual,owner_reviewed,within_cutoff,"No new evidence source. Trace source IDs through the approved Phase 1-6 ledgers. Owner review is workflow and underwriting-judgment metadata, not an observed borrower fact or post-cutoff analytical evidence; stated conditions remain open."
P7L-00877,data/phase7/processed/COVENANT_HEADROOM.csv,P7H-00514,record,SRC-001;SRC-002;SRC-003,P7CT-0129,proposed_contractual,owner_reviewed,within_cutoff,"No new evidence source. Trace source IDs through the approved Phase 1-6 ledgers. Owner review is workflow and underwriting-judgment metadata, not an observed borrower fact or post-cutoff analytical evidence; stated conditions remain open."
P7L-00878,data/phase7/processed/COVENANT_HEADROOM.csv,P7H-00515,record,SRC-001;SRC-002;SRC-003,P7CT-0129,proposed_contractual,owner_reviewed,within_cutoff,"No new evidence source. Trace source IDs through the approved Phase 1-6 ledgers. Owner review is workflow and underwriting-judgment metadata, not an observed borrower fact or post-cutoff analytical evidence; stated conditions remain open."
P7L-00879,data/phase7/processed/COVENANT_HEADROOM.csv,P7H-00516,record,SRC-001;SRC-002;SRC-003,P7CT-0129,analyst_warning,owner_reviewed,within_cutoff,"No new evidence source. Trace source IDs through the approved Phase 1-6 ledgers. Owner review is workflow and underwriting-judgment metadata, not an observed borrower fact or post-cutoff analytical evidence; stated conditions remain open."
P7L-00880,data/phase7/processed/COVENANT_HEADROOM.csv,P7H-00517,record,SRC-001;SRC-002;SRC-003,P7CT-0130,proposed_contractual,owner_reviewed,within_cutoff,"No new evidence source. Trace source IDs through the approved Phase 1-6 ledgers. Owner review is workflow and underwriting-judgment metadata, not an observed borrower fact or post-cutoff analytical evidence; stated conditions remain open."
P7L-00881,data/phase7/processed/COVENANT_HEADROOM.csv,P7H-00518,record,SRC-001;SRC-002;SRC-003,P7CT-0130,proposed_contractual,owner_reviewed,within_cutoff,"No new evidence source. Trace source IDs through the approved Phase 1-6 ledgers. Owner review is workflow and underwriting-judgment metadata, not an observed borrower fact or post-cutoff analytical evidence; stated conditions remain open."
P7L-00882,data/phase7/processed/COVENANT_HEADROOM.csv,P7H-00519,record,SRC-001;SRC-002;SRC-003,P7CT-0130,proposed_contractual,owner_reviewed,within_cutoff,"No new evidence source. Trace source IDs through the approved Phase 1-6 ledgers. Owner review is workflow and underwriting-judgment metadata, not an observed borrower fact or post-cutoff analytical evidence; stated conditions remain open."
P7L-00883,data/phase7/processed/COVENANT_HEADROOM.csv,P7H-00520,record,SRC-001;SRC-002;SRC-003,P7CT-0130,analyst_warning,owner_reviewed,within_cutoff,"No new evidence source. Trace source IDs through the approved Phase 1-6 ledgers. Owner review is workflow and underwriting-judgment metadata, not an observed borrower fact or post-cutoff analytical evidence; stated conditions remain open."
P7L-00884,data/phase7/processed/COVENANT_HEADROOM.csv,P7H-00521,record,SRC-001;SRC-002;SRC-003,P7CT-0131,proposed_contractual,owner_reviewed,within_cutoff,"No new evidence source. Trace source IDs through the approved Phase 1-6 ledgers. Owner review is workflow and underwriting-judgment metadata, not an observed borrower fact or post-cutoff analytical evidence; stated conditions remain open."
P7L-00885,data/phase7/processed/COVENANT_HEADROOM.csv,P7H-00522,record,SRC-001;SRC-002;SRC-003,P7CT-0131,proposed_contractual,owner_reviewed,within_cutoff,"No new evidence source. Trace source IDs through the approved Phase 1-6 ledgers. Owner review is workflow and underwriting-judgment metadata, not an observed borrower fact or post-cutoff analytical evidence; stated conditions remain open."
P7L-00886,data/phase7/processed/COVENANT_HEADROOM.csv,P7H-00523,record,SRC-001;SRC-002;SRC-003,P7CT-0131,proposed_contractual,owner_reviewed,within_cutoff,"No new evidence source. Trace source IDs through the approved Phase 1-6 ledgers. Owner review is workflow and underwriting-judgment metadata, not an observed borrower fact or post-cutoff analytical evidence; stated conditions remain open."
P7L-00887,data/phase7/processed/COVENANT_HEADROOM.csv,P7H-00524,record,SRC-001;SRC-002;SRC-003,P7CT-0131,analyst_warning,owner_reviewed,within_cutoff,"No new evidence source. Trace source IDs through the approved Phase 1-6 ledgers. Owner review is workflow and underwriting-judgment metadata, not an observed borrower fact or post-cutoff analytical evidence; stated conditions remain open."
P7L-00888,data/phase7/processed/COVENANT_HEADROOM.csv,P7H-00525,record,SRC-001;SRC-002;SRC-003,P7CT-0132,proposed_contractual,owner_reviewed,within_cutoff,"No new evidence source. Trace source IDs through the approved Phase 1-6 ledgers. Owner review is workflow and underwriting-judgment metadata, not an observed borrower fact or post-cutoff analytical evidence; stated conditions remain open."
P7L-00889,data/phase7/processed/COVENANT_HEADROOM.csv,P7H-00526,record,SRC-001;SRC-002;SRC-003,P7CT-0132,proposed_contractual,owner_reviewed,within_cutoff,"No new evidence source. Trace source IDs through the approved Phase 1-6 ledgers. Owner review is workflow and underwriting-judgment metadata, not an observed borrower fact or post-cutoff analytical evidence; stated conditions remain open."
P7L-00890,data/phase7/processed/COVENANT_HEADROOM.csv,P7H-00527,record,SRC-001;SRC-002;SRC-003,P7CT-0132,proposed_contractual,owner_reviewed,within_cutoff,"No new evidence source. Trace source IDs through the approved Phase 1-6 ledgers. Owner review is workflow and underwriting-judgment metadata, not an observed borrower fact or post-cutoff analytical evidence; stated conditions remain open."
P7L-00891,data/phase7/processed/COVENANT_HEADROOM.csv,P7H-00528,record,SRC-001;SRC-002;SRC-003,P7CT-0132,analyst_warning,owner_reviewed,within_cutoff,"No new evidence source. Trace source IDs through the approved Phase 1-6 ledgers. Owner review is workflow and underwriting-judgment metadata, not an observed borrower fact or post-cutoff analytical evidence; stated conditions remain open."
P7L-00892,data/phase7/processed/COVENANT_HEADROOM.csv,P7H-00529,record,SRC-001;SRC-002;SRC-003,P7CT-0133,proposed_contractual,owner_reviewed,within_cutoff,"No new evidence source. Trace source IDs through the approved Phase 1-6 ledgers. Owner review is workflow and underwriting-judgment metadata, not an observed borrower fact or post-cutoff analytical evidence; stated conditions remain open."
P7L-00893,data/phase7/processed/COVENANT_HEADROOM.csv,P7H-00530,record,SRC-001;SRC-002;SRC-003,P7CT-0133,proposed_contractual,owner_reviewed,within_cutoff,"No new evidence source. Trace source IDs through the approved Phase 1-6 ledgers. Owner review is workflow and underwriting-judgment metadata, not an observed borrower fact or post-cutoff analytical evidence; stated conditions remain open."
P7L-00894,data/phase7/processed/COVENANT_HEADROOM.csv,P7H-00531,record,SRC-001;SRC-002;SRC-003,P7CT-0133,proposed_contractual,owner_reviewed,within_cutoff,"No new evidence source. Trace source IDs through the approved Phase 1-6 ledgers. Owner review is workflow and underwriting-judgment metadata, not an observed borrower fact or post-cutoff analytical evidence; stated conditions remain open."
P7L-00895,data/phase7/processed/COVENANT_HEADROOM.csv,P7H-00532,record,SRC-001;SRC-002;SRC-003,P7CT-0133,analyst_warning,owner_reviewed,within_cutoff,"No new evidence source. Trace source IDs through the approved Phase 1-6 ledgers. Owner review is workflow and underwriting-judgment metadata, not an observed borrower fact or post-cutoff analytical evidence; stated conditions remain open."
P7L-00896,data/phase7/processed/COVENANT_HEADROOM.csv,P7H-00533,record,SRC-001;SRC-002;SRC-003,P7CT-0134,proposed_contractual,owner_reviewed,within_cutoff,"No new evidence source. Trace source IDs through the approved Phase 1-6 ledgers. Owner review is workflow and underwriting-judgment metadata, not an observed borrower fact or post-cutoff analytical evidence; stated conditions remain open."
P7L-00897,data/phase7/processed/COVENANT_HEADROOM.csv,P7H-00534,record,SRC-001;SRC-002;SRC-003,P7CT-0134,proposed_contractual,owner_reviewed,within_cutoff,"No new evidence source. Trace source IDs through the approved Phase 1-6 ledgers. Owner review is workflow and underwriting-judgment metadata, not an observed borrower fact or post-cutoff analytical evidence; stated conditions remain open."
P7L-00898,data/phase7/processed/COVENANT_HEADROOM.csv,P7H-00535,record,SRC-001;SRC-002;SRC-003,P7CT-0134,proposed_contractual,owner_reviewed,within_cutoff,"No new evidence source. Trace source IDs through the approved Phase 1-6 ledgers. Owner review is workflow and underwriting-judgment metadata, not an observed borrower fact or post-cutoff analytical evidence; stated conditions remain open."
P7L-00899,data/phase7/processed/COVENANT_HEADROOM.csv,P7H-00536,record,SRC-001;SRC-002;SRC-003,P7CT-0134,analyst_warning,owner_reviewed,within_cutoff,"No new evidence source. Trace source IDs through the approved Phase 1-6 ledgers. Owner review is workflow and underwriting-judgment metadata, not an observed borrower fact or post-cutoff analytical evidence; stated conditions remain open."
P7L-00900,data/phase7/processed/COVENANT_HEADROOM.csv,P7H-00537,record,SRC-001;SRC-002;SRC-003,P7CT-0135,proposed_contractual,owner_reviewed,within_cutoff,"No new evidence source. Trace source IDs through the approved Phase 1-6 ledgers. Owner review is workflow and underwriting-judgment metadata, not an observed borrower fact or post-cutoff analytical evidence; stated conditions remain open."
P7L-00901,data/phase7/processed/COVENANT_HEADROOM.csv,P7H-00538,record,SRC-001;SRC-002;SRC-003,P7CT-0135,proposed_contractual,owner_reviewed,within_cutoff,"No new evidence source. Trace source IDs through the approved Phase 1-6 ledgers. Owner review is workflow and underwriting-judgment metadata, not an observed borrower fact or post-cutoff analytical evidence; stated conditions remain open."
P7L-00902,data/phase7/processed/COVENANT_HEADROOM.csv,P7H-00539,record,SRC-001;SRC-002;SRC-003,P7CT-0135,proposed_contractual,owner_reviewed,within_cutoff,"No new evidence source. Trace source IDs through the approved Phase 1-6 ledgers. Owner review is workflow and underwriting-judgment metadata, not an observed borrower fact or post-cutoff analytical evidence; stated conditions remain open."
P7L-00903,data/phase7/processed/COVENANT_HEADROOM.csv,P7H-00540,record,SRC-001;SRC-002;SRC-003,P7CT-0135,analyst_warning,owner_reviewed,within_cutoff,"No new evidence source. Trace source IDs through the approved Phase 1-6 ledgers. Owner review is workflow and underwriting-judgment metadata, not an observed borrower fact or post-cutoff analytical evidence; stated conditions remain open."
P7L-00904,data/phase7/processed/COVENANT_HEADROOM.csv,P7H-00541,record,SRC-001;SRC-002;SRC-003,P7CT-0136,proposed_contractual,owner_reviewed,within_cutoff,"No new evidence source. Trace source IDs through the approved Phase 1-6 ledgers. Owner review is workflow and underwriting-judgment metadata, not an observed borrower fact or post-cutoff analytical evidence; stated conditions remain open."
P7L-00905,data/phase7/processed/COVENANT_HEADROOM.csv,P7H-00542,record,SRC-001;SRC-002;SRC-003,P7CT-0136,proposed_contractual,owner_reviewed,within_cutoff,"No new evidence source. Trace source IDs through the approved Phase 1-6 ledgers. Owner review is workflow and underwriting-judgment metadata, not an observed borrower fact or post-cutoff analytical evidence; stated conditions remain open."
P7L-00906,data/phase7/processed/COVENANT_HEADROOM.csv,P7H-00543,record,SRC-001;SRC-002;SRC-003,P7CT-0136,proposed_contractual,owner_reviewed,within_cutoff,"No new evidence source. Trace source IDs through the approved Phase 1-6 ledgers. Owner review is workflow and underwriting-judgment metadata, not an observed borrower fact or post-cutoff analytical evidence; stated conditions remain open."
P7L-00907,data/phase7/processed/COVENANT_HEADROOM.csv,P7H-00544,record,SRC-001;SRC-002;SRC-003,P7CT-0136,analyst_warning,owner_reviewed,within_cutoff,"No new evidence source. Trace source IDs through the approved Phase 1-6 ledgers. Owner review is workflow and underwriting-judgment metadata, not an observed borrower fact or post-cutoff analytical evidence; stated conditions remain open."
P7L-00908,data/phase7/processed/COVENANT_HEADROOM.csv,P7H-00545,record,SRC-001;SRC-002;SRC-003,P7CT-0137,proposed_contractual,owner_reviewed,within_cutoff,"No new evidence source. Trace source IDs through the approved Phase 1-6 ledgers. Owner review is workflow and underwriting-judgment metadata, not an observed borrower fact or post-cutoff analytical evidence; stated conditions remain open."
P7L-00909,data/phase7/processed/COVENANT_HEADROOM.csv,P7H-00546,record,SRC-001;SRC-002;SRC-003,P7CT-0137,proposed_contractual,owner_reviewed,within_cutoff,"No new evidence source. Trace source IDs through the approved Phase 1-6 ledgers. Owner review is workflow and underwriting-judgment metadata, not an observed borrower fact or post-cutoff analytical evidence; stated conditions remain open."
P7L-00910,data/phase7/processed/COVENANT_HEADROOM.csv,P7H-00547,record,SRC-001;SRC-002;SRC-003,P7CT-0137,proposed_contractual,owner_reviewed,within_cutoff,"No new evidence source. Trace source IDs through the approved Phase 1-6 ledgers. Owner review is workflow and underwriting-judgment metadata, not an observed borrower fact or post-cutoff analytical evidence; stated conditions remain open."
P7L-00911,data/phase7/processed/COVENANT_HEADROOM.csv,P7H-00548,record,SRC-001;SRC-002;SRC-003,P7CT-0137,analyst_warning,owner_reviewed,within_cutoff,"No new evidence source. Trace source IDs through the approved Phase 1-6 ledgers. Owner review is workflow and underwriting-judgment metadata, not an observed borrower fact or post-cutoff analytical evidence; stated conditions remain open."
P7L-00912,data/phase7/processed/COVENANT_HEADROOM.csv,P7H-00549,record,SRC-001;SRC-002;SRC-003,P7CT-0138,proposed_contractual,owner_reviewed,within_cutoff,"No new evidence source. Trace source IDs through the approved Phase 1-6 ledgers. Owner review is workflow and underwriting-judgment metadata, not an observed borrower fact or post-cutoff analytical evidence; stated conditions remain open."
P7L-00913,data/phase7/processed/COVENANT_HEADROOM.csv,P7H-00550,record,SRC-001;SRC-002;SRC-003,P7CT-0138,proposed_contractual,owner_reviewed,within_cutoff,"No new evidence source. Trace source IDs through the approved Phase 1-6 ledgers. Owner review is workflow and underwriting-judgment metadata, not an observed borrower fact or post-cutoff analytical evidence; stated conditions remain open."
P7L-00914,data/phase7/processed/COVENANT_HEADROOM.csv,P7H-00551,record,SRC-001;SRC-002;SRC-003,P7CT-0138,proposed_contractual,owner_reviewed,within_cutoff,"No new evidence source. Trace source IDs through the approved Phase 1-6 ledgers. Owner review is workflow and underwriting-judgment metadata, not an observed borrower fact or post-cutoff analytical evidence; stated conditions remain open."
P7L-00915,data/phase7/processed/COVENANT_HEADROOM.csv,P7H-00552,record,SRC-001;SRC-002;SRC-003,P7CT-0138,analyst_warning,owner_reviewed,within_cutoff,"No new evidence source. Trace source IDs through the approved Phase 1-6 ledgers. Owner review is workflow and underwriting-judgment metadata, not an observed borrower fact or post-cutoff analytical evidence; stated conditions remain open."
P7L-00916,data/phase7/processed/COVENANT_HEADROOM.csv,P7H-00553,record,SRC-001;SRC-002;SRC-003,P7CT-0139,proposed_contractual,owner_reviewed,within_cutoff,"No new evidence source. Trace source IDs through the approved Phase 1-6 ledgers. Owner review is workflow and underwriting-judgment metadata, not an observed borrower fact or post-cutoff analytical evidence; stated conditions remain open."
P7L-00917,data/phase7/processed/COVENANT_HEADROOM.csv,P7H-00554,record,SRC-001;SRC-002;SRC-003,P7CT-0139,proposed_contractual,owner_reviewed,within_cutoff,"No new evidence source. Trace source IDs through the approved Phase 1-6 ledgers. Owner review is workflow and underwriting-judgment metadata, not an observed borrower fact or post-cutoff analytical evidence; stated conditions remain open."
P7L-00918,data/phase7/processed/COVENANT_HEADROOM.csv,P7H-00555,record,SRC-001;SRC-002;SRC-003,P7CT-0139,proposed_contractual,owner_reviewed,within_cutoff,"No new evidence source. Trace source IDs through the approved Phase 1-6 ledgers. Owner review is workflow and underwriting-judgment metadata, not an observed borrower fact or post-cutoff analytical evidence; stated conditions remain open."
P7L-00919,data/phase7/processed/COVENANT_HEADROOM.csv,P7H-00556,record,SRC-001;SRC-002;SRC-003,P7CT-0139,analyst_warning,owner_reviewed,within_cutoff,"No new evidence source. Trace source IDs through the approved Phase 1-6 ledgers. Owner review is workflow and underwriting-judgment metadata, not an observed borrower fact or post-cutoff analytical evidence; stated conditions remain open."
P7L-00920,data/phase7/processed/COVENANT_HEADROOM.csv,P7H-00557,record,SRC-001;SRC-002;SRC-003,P7CT-0140,proposed_contractual,owner_reviewed,within_cutoff,"No new evidence source. Trace source IDs through the approved Phase 1-6 ledgers. Owner review is workflow and underwriting-judgment metadata, not an observed borrower fact or post-cutoff analytical evidence; stated conditions remain open."
P7L-00921,data/phase7/processed/COVENANT_HEADROOM.csv,P7H-00558,record,SRC-001;SRC-002;SRC-003,P7CT-0140,proposed_contractual,owner_reviewed,within_cutoff,"No new evidence source. Trace source IDs through the approved Phase 1-6 ledgers. Owner review is workflow and underwriting-judgment metadata, not an observed borrower fact or post-cutoff analytical evidence; stated conditions remain open."
P7L-00922,data/phase7/processed/COVENANT_HEADROOM.csv,P7H-00559,record,SRC-001;SRC-002;SRC-003,P7CT-0140,proposed_contractual,owner_reviewed,within_cutoff,"No new evidence source. Trace source IDs through the approved Phase 1-6 ledgers. Owner review is workflow and underwriting-judgment metadata, not an observed borrower fact or post-cutoff analytical evidence; stated conditions remain open."
P7L-00923,data/phase7/processed/COVENANT_HEADROOM.csv,P7H-00560,record,SRC-001;SRC-002;SRC-003,P7CT-0140,analyst_warning,owner_reviewed,within_cutoff,"No new evidence source. Trace source IDs through the approved Phase 1-6 ledgers. Owner review is workflow and underwriting-judgment metadata, not an observed borrower fact or post-cutoff analytical evidence; stated conditions remain open."
P7L-00924,data/phase7/processed/COVENANT_HEADROOM.csv,P7H-00561,record,SRC-001;SRC-002;SRC-003,P7CT-0141,proposed_contractual,owner_reviewed,within_cutoff,"No new evidence source. Trace source IDs through the approved Phase 1-6 ledgers. Owner review is workflow and underwriting-judgment metadata, not an observed borrower fact or post-cutoff analytical evidence; stated conditions remain open."
P7L-00925,data/phase7/processed/COVENANT_HEADROOM.csv,P7H-00562,record,SRC-001;SRC-002;SRC-003,P7CT-0141,proposed_contractual,owner_reviewed,within_cutoff,"No new evidence source. Trace source IDs through the approved Phase 1-6 ledgers. Owner review is workflow and underwriting-judgment metadata, not an observed borrower fact or post-cutoff analytical evidence; stated conditions remain open."
P7L-00926,data/phase7/processed/COVENANT_HEADROOM.csv,P7H-00563,record,SRC-001;SRC-002;SRC-003,P7CT-0141,proposed_contractual,owner_reviewed,within_cutoff,"No new evidence source. Trace source IDs through the approved Phase 1-6 ledgers. Owner review is workflow and underwriting-judgment metadata, not an observed borrower fact or post-cutoff analytical evidence; stated conditions remain open."
P7L-00927,data/phase7/processed/COVENANT_HEADROOM.csv,P7H-00564,record,SRC-001;SRC-002;SRC-003,P7CT-0141,analyst_warning,owner_reviewed,within_cutoff,"No new evidence source. Trace source IDs through the approved Phase 1-6 ledgers. Owner review is workflow and underwriting-judgment metadata, not an observed borrower fact or post-cutoff analytical evidence; stated conditions remain open."
P7L-00928,data/phase7/processed/COVENANT_HEADROOM.csv,P7H-00565,record,SRC-001;SRC-002;SRC-003,P7CT-0142,proposed_contractual,owner_reviewed,within_cutoff,"No new evidence source. Trace source IDs through the approved Phase 1-6 ledgers. Owner review is workflow and underwriting-judgment metadata, not an observed borrower fact or post-cutoff analytical evidence; stated conditions remain open."
P7L-00929,data/phase7/processed/COVENANT_HEADROOM.csv,P7H-00566,record,SRC-001;SRC-002;SRC-003,P7CT-0142,proposed_contractual,owner_reviewed,within_cutoff,"No new evidence source. Trace source IDs through the approved Phase 1-6 ledgers. Owner review is workflow and underwriting-judgment metadata, not an observed borrower fact or post-cutoff analytical evidence; stated conditions remain open."
P7L-00930,data/phase7/processed/COVENANT_HEADROOM.csv,P7H-00567,record,SRC-001;SRC-002;SRC-003,P7CT-0142,proposed_contractual,owner_reviewed,within_cutoff,"No new evidence source. Trace source IDs through the approved Phase 1-6 ledgers. Owner review is workflow and underwriting-judgment metadata, not an observed borrower fact or post-cutoff analytical evidence; stated conditions remain open."
P7L-00931,data/phase7/processed/COVENANT_HEADROOM.csv,P7H-00568,record,SRC-001;SRC-002;SRC-003,P7CT-0142,analyst_warning,owner_reviewed,within_cutoff,"No new evidence source. Trace source IDs through the approved Phase 1-6 ledgers. Owner review is workflow and underwriting-judgment metadata, not an observed borrower fact or post-cutoff analytical evidence; stated conditions remain open."
P7L-00932,data/phase7/processed/COVENANT_HEADROOM.csv,P7H-00569,record,SRC-001;SRC-002;SRC-003,P7CT-0143,proposed_contractual,owner_reviewed,within_cutoff,"No new evidence source. Trace source IDs through the approved Phase 1-6 ledgers. Owner review is workflow and underwriting-judgment metadata, not an observed borrower fact or post-cutoff analytical evidence; stated conditions remain open."
P7L-00933,data/phase7/processed/COVENANT_HEADROOM.csv,P7H-00570,record,SRC-001;SRC-002;SRC-003,P7CT-0143,proposed_contractual,owner_reviewed,within_cutoff,"No new evidence source. Trace source IDs through the approved Phase 1-6 ledgers. Owner review is workflow and underwriting-judgment metadata, not an observed borrower fact or post-cutoff analytical evidence; stated conditions remain open."
P7L-00934,data/phase7/processed/COVENANT_HEADROOM.csv,P7H-00571,record,SRC-001;SRC-002;SRC-003,P7CT-0143,proposed_contractual,owner_reviewed,within_cutoff,"No new evidence source. Trace source IDs through the approved Phase 1-6 ledgers. Owner review is workflow and underwriting-judgment metadata, not an observed borrower fact or post-cutoff analytical evidence; stated conditions remain open."
P7L-00935,data/phase7/processed/COVENANT_HEADROOM.csv,P7H-00572,record,SRC-001;SRC-002;SRC-003,P7CT-0143,analyst_warning,owner_reviewed,within_cutoff,"No new evidence source. Trace source IDs through the approved Phase 1-6 ledgers. Owner review is workflow and underwriting-judgment metadata, not an observed borrower fact or post-cutoff analytical evidence; stated conditions remain open."
P7L-00936,data/phase7/processed/COVENANT_HEADROOM.csv,P7H-00573,record,SRC-001;SRC-002;SRC-003,P7CT-0144,proposed_contractual,owner_reviewed,within_cutoff,"No new evidence source. Trace source IDs through the approved Phase 1-6 ledgers. Owner review is workflow and underwriting-judgment metadata, not an observed borrower fact or post-cutoff analytical evidence; stated conditions remain open."
P7L-00937,data/phase7/processed/COVENANT_HEADROOM.csv,P7H-00574,record,SRC-001;SRC-002;SRC-003,P7CT-0144,proposed_contractual,owner_reviewed,within_cutoff,"No new evidence source. Trace source IDs through the approved Phase 1-6 ledgers. Owner review is workflow and underwriting-judgment metadata, not an observed borrower fact or post-cutoff analytical evidence; stated conditions remain open."
P7L-00938,data/phase7/processed/COVENANT_HEADROOM.csv,P7H-00575,record,SRC-001;SRC-002;SRC-003,P7CT-0144,proposed_contractual,owner_reviewed,within_cutoff,"No new evidence source. Trace source IDs through the approved Phase 1-6 ledgers. Owner review is workflow and underwriting-judgment metadata, not an observed borrower fact or post-cutoff analytical evidence; stated conditions remain open."
P7L-00939,data/phase7/processed/COVENANT_HEADROOM.csv,P7H-00576,record,SRC-001;SRC-002;SRC-003,P7CT-0144,analyst_warning,owner_reviewed,within_cutoff,"No new evidence source. Trace source IDs through the approved Phase 1-6 ledgers. Owner review is workflow and underwriting-judgment metadata, not an observed borrower fact or post-cutoff analytical evidence; stated conditions remain open."
P7L-00940,data/phase7/processed/COVENANT_HEADROOM.csv,P7H-00577,record,SRC-001;SRC-002;SRC-003,P7CT-0145,proposed_contractual,owner_reviewed,within_cutoff,"No new evidence source. Trace source IDs through the approved Phase 1-6 ledgers. Owner review is workflow and underwriting-judgment metadata, not an observed borrower fact or post-cutoff analytical evidence; stated conditions remain open."
P7L-00941,data/phase7/processed/COVENANT_HEADROOM.csv,P7H-00578,record,SRC-001;SRC-002;SRC-003,P7CT-0145,proposed_contractual,owner_reviewed,within_cutoff,"No new evidence source. Trace source IDs through the approved Phase 1-6 ledgers. Owner review is workflow and underwriting-judgment metadata, not an observed borrower fact or post-cutoff analytical evidence; stated conditions remain open."
P7L-00942,data/phase7/processed/COVENANT_HEADROOM.csv,P7H-00579,record,SRC-001;SRC-002;SRC-003,P7CT-0145,proposed_contractual,owner_reviewed,within_cutoff,"No new evidence source. Trace source IDs through the approved Phase 1-6 ledgers. Owner review is workflow and underwriting-judgment metadata, not an observed borrower fact or post-cutoff analytical evidence; stated conditions remain open."
P7L-00943,data/phase7/processed/COVENANT_HEADROOM.csv,P7H-00580,record,SRC-001;SRC-002;SRC-003,P7CT-0145,analyst_warning,owner_reviewed,within_cutoff,"No new evidence source. Trace source IDs through the approved Phase 1-6 ledgers. Owner review is workflow and underwriting-judgment metadata, not an observed borrower fact or post-cutoff analytical evidence; stated conditions remain open."
P7L-00944,data/phase7/processed/COVENANT_HEADROOM.csv,P7H-00581,record,SRC-001;SRC-002;SRC-003,P7CT-0146,proposed_contractual,owner_reviewed,within_cutoff,"No new evidence source. Trace source IDs through the approved Phase 1-6 ledgers. Owner review is workflow and underwriting-judgment metadata, not an observed borrower fact or post-cutoff analytical evidence; stated conditions remain open."
P7L-00945,data/phase7/processed/COVENANT_HEADROOM.csv,P7H-00582,record,SRC-001;SRC-002;SRC-003,P7CT-0146,proposed_contractual,owner_reviewed,within_cutoff,"No new evidence source. Trace source IDs through the approved Phase 1-6 ledgers. Owner review is workflow and underwriting-judgment metadata, not an observed borrower fact or post-cutoff analytical evidence; stated conditions remain open."
P7L-00946,data/phase7/processed/COVENANT_HEADROOM.csv,P7H-00583,record,SRC-001;SRC-002;SRC-003,P7CT-0146,proposed_contractual,owner_reviewed,within_cutoff,"No new evidence source. Trace source IDs through the approved Phase 1-6 ledgers. Owner review is workflow and underwriting-judgment metadata, not an observed borrower fact or post-cutoff analytical evidence; stated conditions remain open."
P7L-00947,data/phase7/processed/COVENANT_HEADROOM.csv,P7H-00584,record,SRC-001;SRC-002;SRC-003,P7CT-0146,analyst_warning,owner_reviewed,within_cutoff,"No new evidence source. Trace source IDs through the approved Phase 1-6 ledgers. Owner review is workflow and underwriting-judgment metadata, not an observed borrower fact or post-cutoff analytical evidence; stated conditions remain open."
P7L-00948,data/phase7/processed/COVENANT_HEADROOM.csv,P7H-00585,record,SRC-001;SRC-002;SRC-003,P7CT-0147,proposed_contractual,owner_reviewed,within_cutoff,"No new evidence source. Trace source IDs through the approved Phase 1-6 ledgers. Owner review is workflow and underwriting-judgment metadata, not an observed borrower fact or post-cutoff analytical evidence; stated conditions remain open."
P7L-00949,data/phase7/processed/COVENANT_HEADROOM.csv,P7H-00586,record,SRC-001;SRC-002;SRC-003,P7CT-0147,proposed_contractual,owner_reviewed,within_cutoff,"No new evidence source. Trace source IDs through the approved Phase 1-6 ledgers. Owner review is workflow and underwriting-judgment metadata, not an observed borrower fact or post-cutoff analytical evidence; stated conditions remain open."
P7L-00950,data/phase7/processed/COVENANT_HEADROOM.csv,P7H-00587,record,SRC-001;SRC-002;SRC-003,P7CT-0147,proposed_contractual,owner_reviewed,within_cutoff,"No new evidence source. Trace source IDs through the approved Phase 1-6 ledgers. Owner review is workflow and underwriting-judgment metadata, not an observed borrower fact or post-cutoff analytical evidence; stated conditions remain open."
P7L-00951,data/phase7/processed/COVENANT_HEADROOM.csv,P7H-00588,record,SRC-001;SRC-002;SRC-003,P7CT-0147,analyst_warning,owner_reviewed,within_cutoff,"No new evidence source. Trace source IDs through the approved Phase 1-6 ledgers. Owner review is workflow and underwriting-judgment metadata, not an observed borrower fact or post-cutoff analytical evidence; stated conditions remain open."
P7L-00952,data/phase7/processed/COVENANT_HEADROOM.csv,P7H-00589,record,SRC-001;SRC-002;SRC-003,P7CT-0148,proposed_contractual,owner_reviewed,within_cutoff,"No new evidence source. Trace source IDs through the approved Phase 1-6 ledgers. Owner review is workflow and underwriting-judgment metadata, not an observed borrower fact or post-cutoff analytical evidence; stated conditions remain open."
P7L-00953,data/phase7/processed/COVENANT_HEADROOM.csv,P7H-00590,record,SRC-001;SRC-002;SRC-003,P7CT-0148,proposed_contractual,owner_reviewed,within_cutoff,"No new evidence source. Trace source IDs through the approved Phase 1-6 ledgers. Owner review is workflow and underwriting-judgment metadata, not an observed borrower fact or post-cutoff analytical evidence; stated conditions remain open."
P7L-00954,data/phase7/processed/COVENANT_HEADROOM.csv,P7H-00591,record,SRC-001;SRC-002;SRC-003,P7CT-0148,proposed_contractual,owner_reviewed,within_cutoff,"No new evidence source. Trace source IDs through the approved Phase 1-6 ledgers. Owner review is workflow and underwriting-judgment metadata, not an observed borrower fact or post-cutoff analytical evidence; stated conditions remain open."
P7L-00955,data/phase7/processed/COVENANT_HEADROOM.csv,P7H-00592,record,SRC-001;SRC-002;SRC-003,P7CT-0148,analyst_warning,owner_reviewed,within_cutoff,"No new evidence source. Trace source IDs through the approved Phase 1-6 ledgers. Owner review is workflow and underwriting-judgment metadata, not an observed borrower fact or post-cutoff analytical evidence; stated conditions remain open."
P7L-00956,data/phase7/processed/COVENANT_HEADROOM.csv,P7H-00593,record,SRC-001;SRC-002;SRC-003,P7CT-0149,proposed_contractual,owner_reviewed,within_cutoff,"No new evidence source. Trace source IDs through the approved Phase 1-6 ledgers. Owner review is workflow and underwriting-judgment metadata, not an observed borrower fact or post-cutoff analytical evidence; stated conditions remain open."
P7L-00957,data/phase7/processed/COVENANT_HEADROOM.csv,P7H-00594,record,SRC-001;SRC-002;SRC-003,P7CT-0149,proposed_contractual,owner_reviewed,within_cutoff,"No new evidence source. Trace source IDs through the approved Phase 1-6 ledgers. Owner review is workflow and underwriting-judgment metadata, not an observed borrower fact or post-cutoff analytical evidence; stated conditions remain open."
P7L-00958,data/phase7/processed/COVENANT_HEADROOM.csv,P7H-00595,record,SRC-001;SRC-002;SRC-003,P7CT-0149,proposed_contractual,owner_reviewed,within_cutoff,"No new evidence source. Trace source IDs through the approved Phase 1-6 ledgers. Owner review is workflow and underwriting-judgment metadata, not an observed borrower fact or post-cutoff analytical evidence; stated conditions remain open."
P7L-00959,data/phase7/processed/COVENANT_HEADROOM.csv,P7H-00596,record,SRC-001;SRC-002;SRC-003,P7CT-0149,analyst_warning,owner_reviewed,within_cutoff,"No new evidence source. Trace source IDs through the approved Phase 1-6 ledgers. Owner review is workflow and underwriting-judgment metadata, not an observed borrower fact or post-cutoff analytical evidence; stated conditions remain open."
P7L-00960,data/phase7/processed/COVENANT_HEADROOM.csv,P7H-00597,record,SRC-001;SRC-002;SRC-003,P7CT-0150,proposed_contractual,owner_reviewed,within_cutoff,"No new evidence source. Trace source IDs through the approved Phase 1-6 ledgers. Owner review is workflow and underwriting-judgment metadata, not an observed borrower fact or post-cutoff analytical evidence; stated conditions remain open."
P7L-00961,data/phase7/processed/COVENANT_HEADROOM.csv,P7H-00598,record,SRC-001;SRC-002;SRC-003,P7CT-0150,proposed_contractual,owner_reviewed,within_cutoff,"No new evidence source. Trace source IDs through the approved Phase 1-6 ledgers. Owner review is workflow and underwriting-judgment metadata, not an observed borrower fact or post-cutoff analytical evidence; stated conditions remain open."
P7L-00962,data/phase7/processed/COVENANT_HEADROOM.csv,P7H-00599,record,SRC-001;SRC-002;SRC-003,P7CT-0150,proposed_contractual,owner_reviewed,within_cutoff,"No new evidence source. Trace source IDs through the approved Phase 1-6 ledgers. Owner review is workflow and underwriting-judgment metadata, not an observed borrower fact or post-cutoff analytical evidence; stated conditions remain open."
P7L-00963,data/phase7/processed/COVENANT_HEADROOM.csv,P7H-00600,record,SRC-001;SRC-002;SRC-003,P7CT-0150,analyst_warning,owner_reviewed,within_cutoff,"No new evidence source. Trace source IDs through the approved Phase 1-6 ledgers. Owner review is workflow and underwriting-judgment metadata, not an observed borrower fact or post-cutoff analytical evidence; stated conditions remain open."
P7L-00964,data/phase7/processed/COVENANT_HEADROOM.csv,P7H-00601,record,SRC-001;SRC-002;SRC-003,P7CT-0151,proposed_contractual,owner_reviewed,within_cutoff,"No new evidence source. Trace source IDs through the approved Phase 1-6 ledgers. Owner review is workflow and underwriting-judgment metadata, not an observed borrower fact or post-cutoff analytical evidence; stated conditions remain open."
P7L-00965,data/phase7/processed/COVENANT_HEADROOM.csv,P7H-00602,record,SRC-001;SRC-002;SRC-003,P7CT-0151,proposed_contractual,owner_reviewed,within_cutoff,"No new evidence source. Trace source IDs through the approved Phase 1-6 ledgers. Owner review is workflow and underwriting-judgment metadata, not an observed borrower fact or post-cutoff analytical evidence; stated conditions remain open."
P7L-00966,data/phase7/processed/COVENANT_HEADROOM.csv,P7H-00603,record,SRC-001;SRC-002;SRC-003,P7CT-0151,proposed_contractual,owner_reviewed,within_cutoff,"No new evidence source. Trace source IDs through the approved Phase 1-6 ledgers. Owner review is workflow and underwriting-judgment metadata, not an observed borrower fact or post-cutoff analytical evidence; stated conditions remain open."
P7L-00967,data/phase7/processed/COVENANT_HEADROOM.csv,P7H-00604,record,SRC-001;SRC-002;SRC-003,P7CT-0151,analyst_warning,owner_reviewed,within_cutoff,"No new evidence source. Trace source IDs through the approved Phase 1-6 ledgers. Owner review is workflow and underwriting-judgment metadata, not an observed borrower fact or post-cutoff analytical evidence; stated conditions remain open."
P7L-00968,data/phase7/processed/COVENANT_HEADROOM.csv,P7H-00605,record,SRC-001;SRC-002;SRC-003,P7CT-0152,proposed_contractual,owner_reviewed,within_cutoff,"No new evidence source. Trace source IDs through the approved Phase 1-6 ledgers. Owner review is workflow and underwriting-judgment metadata, not an observed borrower fact or post-cutoff analytical evidence; stated conditions remain open."
P7L-00969,data/phase7/processed/COVENANT_HEADROOM.csv,P7H-00606,record,SRC-001;SRC-002;SRC-003,P7CT-0152,proposed_contractual,owner_reviewed,within_cutoff,"No new evidence source. Trace source IDs through the approved Phase 1-6 ledgers. Owner review is workflow and underwriting-judgment metadata, not an observed borrower fact or post-cutoff analytical evidence; stated conditions remain open."
P7L-00970,data/phase7/processed/COVENANT_HEADROOM.csv,P7H-00607,record,SRC-001;SRC-002;SRC-003,P7CT-0152,proposed_contractual,owner_reviewed,within_cutoff,"No new evidence source. Trace source IDs through the approved Phase 1-6 ledgers. Owner review is workflow and underwriting-judgment metadata, not an observed borrower fact or post-cutoff analytical evidence; stated conditions remain open."
P7L-00971,data/phase7/processed/COVENANT_HEADROOM.csv,P7H-00608,record,SRC-001;SRC-002;SRC-003,P7CT-0152,analyst_warning,owner_reviewed,within_cutoff,"No new evidence source. Trace source IDs through the approved Phase 1-6 ledgers. Owner review is workflow and underwriting-judgment metadata, not an observed borrower fact or post-cutoff analytical evidence; stated conditions remain open."
P7L-00972,data/phase7/processed/COVENANT_HEADROOM.csv,P7H-00609,record,SRC-001;SRC-002;SRC-003,P7CT-0153,proposed_contractual,owner_reviewed,within_cutoff,"No new evidence source. Trace source IDs through the approved Phase 1-6 ledgers. Owner review is workflow and underwriting-judgment metadata, not an observed borrower fact or post-cutoff analytical evidence; stated conditions remain open."
P7L-00973,data/phase7/processed/COVENANT_HEADROOM.csv,P7H-00610,record,SRC-001;SRC-002;SRC-003,P7CT-0153,proposed_contractual,owner_reviewed,within_cutoff,"No new evidence source. Trace source IDs through the approved Phase 1-6 ledgers. Owner review is workflow and underwriting-judgment metadata, not an observed borrower fact or post-cutoff analytical evidence; stated conditions remain open."
P7L-00974,data/phase7/processed/COVENANT_HEADROOM.csv,P7H-00611,record,SRC-001;SRC-002;SRC-003,P7CT-0153,proposed_contractual,owner_reviewed,within_cutoff,"No new evidence source. Trace source IDs through the approved Phase 1-6 ledgers. Owner review is workflow and underwriting-judgment metadata, not an observed borrower fact or post-cutoff analytical evidence; stated conditions remain open."
P7L-00975,data/phase7/processed/COVENANT_HEADROOM.csv,P7H-00612,record,SRC-001;SRC-002;SRC-003,P7CT-0153,analyst_warning,owner_reviewed,within_cutoff,"No new evidence source. Trace source IDs through the approved Phase 1-6 ledgers. Owner review is workflow and underwriting-judgment metadata, not an observed borrower fact or post-cutoff analytical evidence; stated conditions remain open."
P7L-00976,data/phase7/processed/COVENANT_HEADROOM.csv,P7H-00613,record,SRC-001;SRC-002;SRC-003,P7CT-0154,proposed_contractual,owner_reviewed,within_cutoff,"No new evidence source. Trace source IDs through the approved Phase 1-6 ledgers. Owner review is workflow and underwriting-judgment metadata, not an observed borrower fact or post-cutoff analytical evidence; stated conditions remain open."
P7L-00977,data/phase7/processed/COVENANT_HEADROOM.csv,P7H-00614,record,SRC-001;SRC-002;SRC-003,P7CT-0154,proposed_contractual,owner_reviewed,within_cutoff,"No new evidence source. Trace source IDs through the approved Phase 1-6 ledgers. Owner review is workflow and underwriting-judgment metadata, not an observed borrower fact or post-cutoff analytical evidence; stated conditions remain open."
P7L-00978,data/phase7/processed/COVENANT_HEADROOM.csv,P7H-00615,record,SRC-001;SRC-002;SRC-003,P7CT-0154,proposed_contractual,owner_reviewed,within_cutoff,"No new evidence source. Trace source IDs through the approved Phase 1-6 ledgers. Owner review is workflow and underwriting-judgment metadata, not an observed borrower fact or post-cutoff analytical evidence; stated conditions remain open."
P7L-00979,data/phase7/processed/COVENANT_HEADROOM.csv,P7H-00616,record,SRC-001;SRC-002;SRC-003,P7CT-0154,analyst_warning,owner_reviewed,within_cutoff,"No new evidence source. Trace source IDs through the approved Phase 1-6 ledgers. Owner review is workflow and underwriting-judgment metadata, not an observed borrower fact or post-cutoff analytical evidence; stated conditions remain open."
P7L-00980,data/phase7/processed/COVENANT_HEADROOM.csv,P7H-00617,record,SRC-001;SRC-002;SRC-003,P7CT-0155,proposed_contractual,owner_reviewed,within_cutoff,"No new evidence source. Trace source IDs through the approved Phase 1-6 ledgers. Owner review is workflow and underwriting-judgment metadata, not an observed borrower fact or post-cutoff analytical evidence; stated conditions remain open."
P7L-00981,data/phase7/processed/COVENANT_HEADROOM.csv,P7H-00618,record,SRC-001;SRC-002;SRC-003,P7CT-0155,proposed_contractual,owner_reviewed,within_cutoff,"No new evidence source. Trace source IDs through the approved Phase 1-6 ledgers. Owner review is workflow and underwriting-judgment metadata, not an observed borrower fact or post-cutoff analytical evidence; stated conditions remain open."
P7L-00982,data/phase7/processed/COVENANT_HEADROOM.csv,P7H-00619,record,SRC-001;SRC-002;SRC-003,P7CT-0155,proposed_contractual,owner_reviewed,within_cutoff,"No new evidence source. Trace source IDs through the approved Phase 1-6 ledgers. Owner review is workflow and underwriting-judgment metadata, not an observed borrower fact or post-cutoff analytical evidence; stated conditions remain open."
P7L-00983,data/phase7/processed/COVENANT_HEADROOM.csv,P7H-00620,record,SRC-001;SRC-002;SRC-003,P7CT-0155,analyst_warning,owner_reviewed,within_cutoff,"No new evidence source. Trace source IDs through the approved Phase 1-6 ledgers. Owner review is workflow and underwriting-judgment metadata, not an observed borrower fact or post-cutoff analytical evidence; stated conditions remain open."
P7L-00984,data/phase7/processed/COVENANT_HEADROOM.csv,P7H-00621,record,SRC-001;SRC-002;SRC-003,P7CT-0156,proposed_contractual,owner_reviewed,within_cutoff,"No new evidence source. Trace source IDs through the approved Phase 1-6 ledgers. Owner review is workflow and underwriting-judgment metadata, not an observed borrower fact or post-cutoff analytical evidence; stated conditions remain open."
P7L-00985,data/phase7/processed/COVENANT_HEADROOM.csv,P7H-00622,record,SRC-001;SRC-002;SRC-003,P7CT-0156,proposed_contractual,owner_reviewed,within_cutoff,"No new evidence source. Trace source IDs through the approved Phase 1-6 ledgers. Owner review is workflow and underwriting-judgment metadata, not an observed borrower fact or post-cutoff analytical evidence; stated conditions remain open."
P7L-00986,data/phase7/processed/COVENANT_HEADROOM.csv,P7H-00623,record,SRC-001;SRC-002;SRC-003,P7CT-0156,proposed_contractual,owner_reviewed,within_cutoff,"No new evidence source. Trace source IDs through the approved Phase 1-6 ledgers. Owner review is workflow and underwriting-judgment metadata, not an observed borrower fact or post-cutoff analytical evidence; stated conditions remain open."
P7L-00987,data/phase7/processed/COVENANT_HEADROOM.csv,P7H-00624,record,SRC-001;SRC-002;SRC-003,P7CT-0156,analyst_warning,owner_reviewed,within_cutoff,"No new evidence source. Trace source IDs through the approved Phase 1-6 ledgers. Owner review is workflow and underwriting-judgment metadata, not an observed borrower fact or post-cutoff analytical evidence; stated conditions remain open."
P7L-00988,data/phase7/processed/COVENANT_HEADROOM.csv,P7H-00625,record,SRC-001;SRC-002;SRC-003,P7CT-0157,proposed_contractual,owner_reviewed,within_cutoff,"No new evidence source. Trace source IDs through the approved Phase 1-6 ledgers. Owner review is workflow and underwriting-judgment metadata, not an observed borrower fact or post-cutoff analytical evidence; stated conditions remain open."
P7L-00989,data/phase7/processed/COVENANT_HEADROOM.csv,P7H-00626,record,SRC-001;SRC-002;SRC-003,P7CT-0157,proposed_contractual,owner_reviewed,within_cutoff,"No new evidence source. Trace source IDs through the approved Phase 1-6 ledgers. Owner review is workflow and underwriting-judgment metadata, not an observed borrower fact or post-cutoff analytical evidence; stated conditions remain open."
P7L-00990,data/phase7/processed/COVENANT_HEADROOM.csv,P7H-00627,record,SRC-001;SRC-002;SRC-003,P7CT-0157,proposed_contractual,owner_reviewed,within_cutoff,"No new evidence source. Trace source IDs through the approved Phase 1-6 ledgers. Owner review is workflow and underwriting-judgment metadata, not an observed borrower fact or post-cutoff analytical evidence; stated conditions remain open."
P7L-00991,data/phase7/processed/COVENANT_HEADROOM.csv,P7H-00628,record,SRC-001;SRC-002;SRC-003,P7CT-0157,analyst_warning,owner_reviewed,within_cutoff,"No new evidence source. Trace source IDs through the approved Phase 1-6 ledgers. Owner review is workflow and underwriting-judgment metadata, not an observed borrower fact or post-cutoff analytical evidence; stated conditions remain open."
P7L-00992,data/phase7/processed/COVENANT_HEADROOM.csv,P7H-00629,record,SRC-001;SRC-002;SRC-003,P7CT-0158,proposed_contractual,owner_reviewed,within_cutoff,"No new evidence source. Trace source IDs through the approved Phase 1-6 ledgers. Owner review is workflow and underwriting-judgment metadata, not an observed borrower fact or post-cutoff analytical evidence; stated conditions remain open."
P7L-00993,data/phase7/processed/COVENANT_HEADROOM.csv,P7H-00630,record,SRC-001;SRC-002;SRC-003,P7CT-0158,proposed_contractual,owner_reviewed,within_cutoff,"No new evidence source. Trace source IDs through the approved Phase 1-6 ledgers. Owner review is workflow and underwriting-judgment metadata, not an observed borrower fact or post-cutoff analytical evidence; stated conditions remain open."
P7L-00994,data/phase7/processed/COVENANT_HEADROOM.csv,P7H-00631,record,SRC-001;SRC-002;SRC-003,P7CT-0158,proposed_contractual,owner_reviewed,within_cutoff,"No new evidence source. Trace source IDs through the approved Phase 1-6 ledgers. Owner review is workflow and underwriting-judgment metadata, not an observed borrower fact or post-cutoff analytical evidence; stated conditions remain open."
P7L-00995,data/phase7/processed/COVENANT_HEADROOM.csv,P7H-00632,record,SRC-001;SRC-002;SRC-003,P7CT-0158,analyst_warning,owner_reviewed,within_cutoff,"No new evidence source. Trace source IDs through the approved Phase 1-6 ledgers. Owner review is workflow and underwriting-judgment metadata, not an observed borrower fact or post-cutoff analytical evidence; stated conditions remain open."
P7L-00996,data/phase7/processed/COVENANT_HEADROOM.csv,P7H-00633,record,SRC-001;SRC-002;SRC-003,P7CT-0159,proposed_contractual,owner_reviewed,within_cutoff,"No new evidence source. Trace source IDs through the approved Phase 1-6 ledgers. Owner review is workflow and underwriting-judgment metadata, not an observed borrower fact or post-cutoff analytical evidence; stated conditions remain open."
P7L-00997,data/phase7/processed/COVENANT_HEADROOM.csv,P7H-00634,record,SRC-001;SRC-002;SRC-003,P7CT-0159,proposed_contractual,owner_reviewed,within_cutoff,"No new evidence source. Trace source IDs through the approved Phase 1-6 ledgers. Owner review is workflow and underwriting-judgment metadata, not an observed borrower fact or post-cutoff analytical evidence; stated conditions remain open."
P7L-00998,data/phase7/processed/COVENANT_HEADROOM.csv,P7H-00635,record,SRC-001;SRC-002;SRC-003,P7CT-0159,proposed_contractual,owner_reviewed,within_cutoff,"No new evidence source. Trace source IDs through the approved Phase 1-6 ledgers. Owner review is workflow and underwriting-judgment metadata, not an observed borrower fact or post-cutoff analytical evidence; stated conditions remain open."
P7L-00999,data/phase7/processed/COVENANT_HEADROOM.csv,P7H-00636,record,SRC-001;SRC-002;SRC-003,P7CT-0159,analyst_warning,owner_reviewed,within_cutoff,"No new evidence source. Trace source IDs through the approved Phase 1-6 ledgers. Owner review is workflow and underwriting-judgment metadata, not an observed borrower fact or post-cutoff analytical evidence; stated conditions remain open."
P7L-01000,data/phase7/processed/COVENANT_HEADROOM.csv,P7H-00637,record,SRC-001;SRC-002;SRC-003,P7CT-0160,proposed_contractual,owner_reviewed,within_cutoff,"No new evidence source. Trace source IDs through the approved Phase 1-6 ledgers. Owner review is workflow and underwriting-judgment metadata, not an observed borrower fact or post-cutoff analytical evidence; stated conditions remain open."
P7L-01001,data/phase7/processed/COVENANT_HEADROOM.csv,P7H-00638,record,SRC-001;SRC-002;SRC-003,P7CT-0160,proposed_contractual,owner_reviewed,within_cutoff,"No new evidence source. Trace source IDs through the approved Phase 1-6 ledgers. Owner review is workflow and underwriting-judgment metadata, not an observed borrower fact or post-cutoff analytical evidence; stated conditions remain open."
P7L-01002,data/phase7/processed/COVENANT_HEADROOM.csv,P7H-00639,record,SRC-001;SRC-002;SRC-003,P7CT-0160,proposed_contractual,owner_reviewed,within_cutoff,"No new evidence source. Trace source IDs through the approved Phase 1-6 ledgers. Owner review is workflow and underwriting-judgment metadata, not an observed borrower fact or post-cutoff analytical evidence; stated conditions remain open."
P7L-01003,data/phase7/processed/COVENANT_HEADROOM.csv,P7H-00640,record,SRC-001;SRC-002;SRC-003,P7CT-0160,analyst_warning,owner_reviewed,within_cutoff,"No new evidence source. Trace source IDs through the approved Phase 1-6 ledgers. Owner review is workflow and underwriting-judgment metadata, not an observed borrower fact or post-cutoff analytical evidence; stated conditions remain open."
P7L-01004,data/phase7/processed/COVENANT_HEADROOM.csv,P7H-00641,record,SRC-001;SRC-002;SRC-003,P7CT-0161,proposed_contractual,owner_reviewed,within_cutoff,"No new evidence source. Trace source IDs through the approved Phase 1-6 ledgers. Owner review is workflow and underwriting-judgment metadata, not an observed borrower fact or post-cutoff analytical evidence; stated conditions remain open."
P7L-01005,data/phase7/processed/COVENANT_HEADROOM.csv,P7H-00642,record,SRC-001;SRC-002;SRC-003,P7CT-0161,proposed_contractual,owner_reviewed,within_cutoff,"No new evidence source. Trace source IDs through the approved Phase 1-6 ledgers. Owner review is workflow and underwriting-judgment metadata, not an observed borrower fact or post-cutoff analytical evidence; stated conditions remain open."
P7L-01006,data/phase7/processed/COVENANT_HEADROOM.csv,P7H-00643,record,SRC-001;SRC-002;SRC-003,P7CT-0161,proposed_contractual,owner_reviewed,within_cutoff,"No new evidence source. Trace source IDs through the approved Phase 1-6 ledgers. Owner review is workflow and underwriting-judgment metadata, not an observed borrower fact or post-cutoff analytical evidence; stated conditions remain open."
P7L-01007,data/phase7/processed/COVENANT_HEADROOM.csv,P7H-00644,record,SRC-001;SRC-002;SRC-003,P7CT-0161,analyst_warning,owner_reviewed,within_cutoff,"No new evidence source. Trace source IDs through the approved Phase 1-6 ledgers. Owner review is workflow and underwriting-judgment metadata, not an observed borrower fact or post-cutoff analytical evidence; stated conditions remain open."
P7L-01008,data/phase7/processed/COVENANT_HEADROOM.csv,P7H-00645,record,SRC-001;SRC-002;SRC-003,P7CT-0162,proposed_contractual,owner_reviewed,within_cutoff,"No new evidence source. Trace source IDs through the approved Phase 1-6 ledgers. Owner review is workflow and underwriting-judgment metadata, not an observed borrower fact or post-cutoff analytical evidence; stated conditions remain open."
P7L-01009,data/phase7/processed/COVENANT_HEADROOM.csv,P7H-00646,record,SRC-001;SRC-002;SRC-003,P7CT-0162,proposed_contractual,owner_reviewed,within_cutoff,"No new evidence source. Trace source IDs through the approved Phase 1-6 ledgers. Owner review is workflow and underwriting-judgment metadata, not an observed borrower fact or post-cutoff analytical evidence; stated conditions remain open."
P7L-01010,data/phase7/processed/COVENANT_HEADROOM.csv,P7H-00647,record,SRC-001;SRC-002;SRC-003,P7CT-0162,proposed_contractual,owner_reviewed,within_cutoff,"No new evidence source. Trace source IDs through the approved Phase 1-6 ledgers. Owner review is workflow and underwriting-judgment metadata, not an observed borrower fact or post-cutoff analytical evidence; stated conditions remain open."
P7L-01011,data/phase7/processed/COVENANT_HEADROOM.csv,P7H-00648,record,SRC-001;SRC-002;SRC-003,P7CT-0162,analyst_warning,owner_reviewed,within_cutoff,"No new evidence source. Trace source IDs through the approved Phase 1-6 ledgers. Owner review is workflow and underwriting-judgment metadata, not an observed borrower fact or post-cutoff analytical evidence; stated conditions remain open."
P7L-01012,data/phase7/processed/COVENANT_HEADROOM.csv,P7H-00649,record,SRC-001;SRC-002;SRC-003,P7CT-0163,proposed_contractual,owner_reviewed,within_cutoff,"No new evidence source. Trace source IDs through the approved Phase 1-6 ledgers. Owner review is workflow and underwriting-judgment metadata, not an observed borrower fact or post-cutoff analytical evidence; stated conditions remain open."
P7L-01013,data/phase7/processed/COVENANT_HEADROOM.csv,P7H-00650,record,SRC-001;SRC-002;SRC-003,P7CT-0163,proposed_contractual,owner_reviewed,within_cutoff,"No new evidence source. Trace source IDs through the approved Phase 1-6 ledgers. Owner review is workflow and underwriting-judgment metadata, not an observed borrower fact or post-cutoff analytical evidence; stated conditions remain open."
P7L-01014,data/phase7/processed/COVENANT_HEADROOM.csv,P7H-00651,record,SRC-001;SRC-002;SRC-003,P7CT-0163,proposed_contractual,owner_reviewed,within_cutoff,"No new evidence source. Trace source IDs through the approved Phase 1-6 ledgers. Owner review is workflow and underwriting-judgment metadata, not an observed borrower fact or post-cutoff analytical evidence; stated conditions remain open."
P7L-01015,data/phase7/processed/COVENANT_HEADROOM.csv,P7H-00652,record,SRC-001;SRC-002;SRC-003,P7CT-0163,analyst_warning,owner_reviewed,within_cutoff,"No new evidence source. Trace source IDs through the approved Phase 1-6 ledgers. Owner review is workflow and underwriting-judgment metadata, not an observed borrower fact or post-cutoff analytical evidence; stated conditions remain open."
P7L-01016,data/phase7/processed/COVENANT_HEADROOM.csv,P7H-00653,record,SRC-001;SRC-002;SRC-003,P7CT-0164,proposed_contractual,owner_reviewed,within_cutoff,"No new evidence source. Trace source IDs through the approved Phase 1-6 ledgers. Owner review is workflow and underwriting-judgment metadata, not an observed borrower fact or post-cutoff analytical evidence; stated conditions remain open."
P7L-01017,data/phase7/processed/COVENANT_HEADROOM.csv,P7H-00654,record,SRC-001;SRC-002;SRC-003,P7CT-0164,proposed_contractual,owner_reviewed,within_cutoff,"No new evidence source. Trace source IDs through the approved Phase 1-6 ledgers. Owner review is workflow and underwriting-judgment metadata, not an observed borrower fact or post-cutoff analytical evidence; stated conditions remain open."
P7L-01018,data/phase7/processed/COVENANT_HEADROOM.csv,P7H-00655,record,SRC-001;SRC-002;SRC-003,P7CT-0164,proposed_contractual,owner_reviewed,within_cutoff,"No new evidence source. Trace source IDs through the approved Phase 1-6 ledgers. Owner review is workflow and underwriting-judgment metadata, not an observed borrower fact or post-cutoff analytical evidence; stated conditions remain open."
P7L-01019,data/phase7/processed/COVENANT_HEADROOM.csv,P7H-00656,record,SRC-001;SRC-002;SRC-003,P7CT-0164,analyst_warning,owner_reviewed,within_cutoff,"No new evidence source. Trace source IDs through the approved Phase 1-6 ledgers. Owner review is workflow and underwriting-judgment metadata, not an observed borrower fact or post-cutoff analytical evidence; stated conditions remain open."
P7L-01020,data/phase7/processed/COVENANT_HEADROOM.csv,P7H-00657,record,SRC-001;SRC-002;SRC-003,P7CT-0165,proposed_contractual,owner_reviewed,within_cutoff,"No new evidence source. Trace source IDs through the approved Phase 1-6 ledgers. Owner review is workflow and underwriting-judgment metadata, not an observed borrower fact or post-cutoff analytical evidence; stated conditions remain open."
P7L-01021,data/phase7/processed/COVENANT_HEADROOM.csv,P7H-00658,record,SRC-001;SRC-002;SRC-003,P7CT-0165,proposed_contractual,owner_reviewed,within_cutoff,"No new evidence source. Trace source IDs through the approved Phase 1-6 ledgers. Owner review is workflow and underwriting-judgment metadata, not an observed borrower fact or post-cutoff analytical evidence; stated conditions remain open."
P7L-01022,data/phase7/processed/COVENANT_HEADROOM.csv,P7H-00659,record,SRC-001;SRC-002;SRC-003,P7CT-0165,proposed_contractual,owner_reviewed,within_cutoff,"No new evidence source. Trace source IDs through the approved Phase 1-6 ledgers. Owner review is workflow and underwriting-judgment metadata, not an observed borrower fact or post-cutoff analytical evidence; stated conditions remain open."
P7L-01023,data/phase7/processed/COVENANT_HEADROOM.csv,P7H-00660,record,SRC-001;SRC-002;SRC-003,P7CT-0165,analyst_warning,owner_reviewed,within_cutoff,"No new evidence source. Trace source IDs through the approved Phase 1-6 ledgers. Owner review is workflow and underwriting-judgment metadata, not an observed borrower fact or post-cutoff analytical evidence; stated conditions remain open."
P7L-01024,data/phase7/processed/COVENANT_HEADROOM.csv,P7H-00661,record,SRC-001;SRC-002;SRC-003,P7CT-0166,proposed_contractual,owner_reviewed,within_cutoff,"No new evidence source. Trace source IDs through the approved Phase 1-6 ledgers. Owner review is workflow and underwriting-judgment metadata, not an observed borrower fact or post-cutoff analytical evidence; stated conditions remain open."
P7L-01025,data/phase7/processed/COVENANT_HEADROOM.csv,P7H-00662,record,SRC-001;SRC-002;SRC-003,P7CT-0166,proposed_contractual,owner_reviewed,within_cutoff,"No new evidence source. Trace source IDs through the approved Phase 1-6 ledgers. Owner review is workflow and underwriting-judgment metadata, not an observed borrower fact or post-cutoff analytical evidence; stated conditions remain open."
P7L-01026,data/phase7/processed/COVENANT_HEADROOM.csv,P7H-00663,record,SRC-001;SRC-002;SRC-003,P7CT-0166,proposed_contractual,owner_reviewed,within_cutoff,"No new evidence source. Trace source IDs through the approved Phase 1-6 ledgers. Owner review is workflow and underwriting-judgment metadata, not an observed borrower fact or post-cutoff analytical evidence; stated conditions remain open."
P7L-01027,data/phase7/processed/COVENANT_HEADROOM.csv,P7H-00664,record,SRC-001;SRC-002;SRC-003,P7CT-0166,analyst_warning,owner_reviewed,within_cutoff,"No new evidence source. Trace source IDs through the approved Phase 1-6 ledgers. Owner review is workflow and underwriting-judgment metadata, not an observed borrower fact or post-cutoff analytical evidence; stated conditions remain open."
P7L-01028,data/phase7/processed/COVENANT_HEADROOM.csv,P7H-00665,record,SRC-001;SRC-002;SRC-003,P7CT-0167,proposed_contractual,owner_reviewed,within_cutoff,"No new evidence source. Trace source IDs through the approved Phase 1-6 ledgers. Owner review is workflow and underwriting-judgment metadata, not an observed borrower fact or post-cutoff analytical evidence; stated conditions remain open."
P7L-01029,data/phase7/processed/COVENANT_HEADROOM.csv,P7H-00666,record,SRC-001;SRC-002;SRC-003,P7CT-0167,proposed_contractual,owner_reviewed,within_cutoff,"No new evidence source. Trace source IDs through the approved Phase 1-6 ledgers. Owner review is workflow and underwriting-judgment metadata, not an observed borrower fact or post-cutoff analytical evidence; stated conditions remain open."
P7L-01030,data/phase7/processed/COVENANT_HEADROOM.csv,P7H-00667,record,SRC-001;SRC-002;SRC-003,P7CT-0167,proposed_contractual,owner_reviewed,within_cutoff,"No new evidence source. Trace source IDs through the approved Phase 1-6 ledgers. Owner review is workflow and underwriting-judgment metadata, not an observed borrower fact or post-cutoff analytical evidence; stated conditions remain open."
P7L-01031,data/phase7/processed/COVENANT_HEADROOM.csv,P7H-00668,record,SRC-001;SRC-002;SRC-003,P7CT-0167,analyst_warning,owner_reviewed,within_cutoff,"No new evidence source. Trace source IDs through the approved Phase 1-6 ledgers. Owner review is workflow and underwriting-judgment metadata, not an observed borrower fact or post-cutoff analytical evidence; stated conditions remain open."
P7L-01032,data/phase7/processed/COVENANT_HEADROOM.csv,P7H-00669,record,SRC-001;SRC-002;SRC-003,P7CT-0168,proposed_contractual,owner_reviewed,within_cutoff,"No new evidence source. Trace source IDs through the approved Phase 1-6 ledgers. Owner review is workflow and underwriting-judgment metadata, not an observed borrower fact or post-cutoff analytical evidence; stated conditions remain open."
P7L-01033,data/phase7/processed/COVENANT_HEADROOM.csv,P7H-00670,record,SRC-001;SRC-002;SRC-003,P7CT-0168,proposed_contractual,owner_reviewed,within_cutoff,"No new evidence source. Trace source IDs through the approved Phase 1-6 ledgers. Owner review is workflow and underwriting-judgment metadata, not an observed borrower fact or post-cutoff analytical evidence; stated conditions remain open."
P7L-01034,data/phase7/processed/COVENANT_HEADROOM.csv,P7H-00671,record,SRC-001;SRC-002;SRC-003,P7CT-0168,proposed_contractual,owner_reviewed,within_cutoff,"No new evidence source. Trace source IDs through the approved Phase 1-6 ledgers. Owner review is workflow and underwriting-judgment metadata, not an observed borrower fact or post-cutoff analytical evidence; stated conditions remain open."
P7L-01035,data/phase7/processed/COVENANT_HEADROOM.csv,P7H-00672,record,SRC-001;SRC-002;SRC-003,P7CT-0168,analyst_warning,owner_reviewed,within_cutoff,"No new evidence source. Trace source IDs through the approved Phase 1-6 ledgers. Owner review is workflow and underwriting-judgment metadata, not an observed borrower fact or post-cutoff analytical evidence; stated conditions remain open."
P7L-01036,data/phase7/processed/COVENANT_HEADROOM.csv,P7H-00673,record,SRC-001;SRC-002;SRC-003,P7CT-0169,proposed_contractual,owner_reviewed,within_cutoff,"No new evidence source. Trace source IDs through the approved Phase 1-6 ledgers. Owner review is workflow and underwriting-judgment metadata, not an observed borrower fact or post-cutoff analytical evidence; stated conditions remain open."
P7L-01037,data/phase7/processed/COVENANT_HEADROOM.csv,P7H-00674,record,SRC-001;SRC-002;SRC-003,P7CT-0169,proposed_contractual,owner_reviewed,within_cutoff,"No new evidence source. Trace source IDs through the approved Phase 1-6 ledgers. Owner review is workflow and underwriting-judgment metadata, not an observed borrower fact or post-cutoff analytical evidence; stated conditions remain open."
P7L-01038,data/phase7/processed/COVENANT_HEADROOM.csv,P7H-00675,record,SRC-001;SRC-002;SRC-003,P7CT-0169,proposed_contractual,owner_reviewed,within_cutoff,"No new evidence source. Trace source IDs through the approved Phase 1-6 ledgers. Owner review is workflow and underwriting-judgment metadata, not an observed borrower fact or post-cutoff analytical evidence; stated conditions remain open."
P7L-01039,data/phase7/processed/COVENANT_HEADROOM.csv,P7H-00676,record,SRC-001;SRC-002;SRC-003,P7CT-0169,analyst_warning,owner_reviewed,within_cutoff,"No new evidence source. Trace source IDs through the approved Phase 1-6 ledgers. Owner review is workflow and underwriting-judgment metadata, not an observed borrower fact or post-cutoff analytical evidence; stated conditions remain open."
P7L-01040,data/phase7/processed/COVENANT_HEADROOM.csv,P7H-00677,record,SRC-001;SRC-002;SRC-003,P7CT-0170,proposed_contractual,owner_reviewed,within_cutoff,"No new evidence source. Trace source IDs through the approved Phase 1-6 ledgers. Owner review is workflow and underwriting-judgment metadata, not an observed borrower fact or post-cutoff analytical evidence; stated conditions remain open."
P7L-01041,data/phase7/processed/COVENANT_HEADROOM.csv,P7H-00678,record,SRC-001;SRC-002;SRC-003,P7CT-0170,proposed_contractual,owner_reviewed,within_cutoff,"No new evidence source. Trace source IDs through the approved Phase 1-6 ledgers. Owner review is workflow and underwriting-judgment metadata, not an observed borrower fact or post-cutoff analytical evidence; stated conditions remain open."
P7L-01042,data/phase7/processed/COVENANT_HEADROOM.csv,P7H-00679,record,SRC-001;SRC-002;SRC-003,P7CT-0170,proposed_contractual,owner_reviewed,within_cutoff,"No new evidence source. Trace source IDs through the approved Phase 1-6 ledgers. Owner review is workflow and underwriting-judgment metadata, not an observed borrower fact or post-cutoff analytical evidence; stated conditions remain open."
P7L-01043,data/phase7/processed/COVENANT_HEADROOM.csv,P7H-00680,record,SRC-001;SRC-002;SRC-003,P7CT-0170,analyst_warning,owner_reviewed,within_cutoff,"No new evidence source. Trace source IDs through the approved Phase 1-6 ledgers. Owner review is workflow and underwriting-judgment metadata, not an observed borrower fact or post-cutoff analytical evidence; stated conditions remain open."
P7L-01044,data/phase7/processed/COVENANT_HEADROOM.csv,P7H-00681,record,SRC-001;SRC-002;SRC-003,P7CT-0171,proposed_contractual,owner_reviewed,within_cutoff,"No new evidence source. Trace source IDs through the approved Phase 1-6 ledgers. Owner review is workflow and underwriting-judgment metadata, not an observed borrower fact or post-cutoff analytical evidence; stated conditions remain open."
P7L-01045,data/phase7/processed/COVENANT_HEADROOM.csv,P7H-00682,record,SRC-001;SRC-002;SRC-003,P7CT-0171,proposed_contractual,owner_reviewed,within_cutoff,"No new evidence source. Trace source IDs through the approved Phase 1-6 ledgers. Owner review is workflow and underwriting-judgment metadata, not an observed borrower fact or post-cutoff analytical evidence; stated conditions remain open."
P7L-01046,data/phase7/processed/COVENANT_HEADROOM.csv,P7H-00683,record,SRC-001;SRC-002;SRC-003,P7CT-0171,proposed_contractual,owner_reviewed,within_cutoff,"No new evidence source. Trace source IDs through the approved Phase 1-6 ledgers. Owner review is workflow and underwriting-judgment metadata, not an observed borrower fact or post-cutoff analytical evidence; stated conditions remain open."
P7L-01047,data/phase7/processed/COVENANT_HEADROOM.csv,P7H-00684,record,SRC-001;SRC-002;SRC-003,P7CT-0171,analyst_warning,owner_reviewed,within_cutoff,"No new evidence source. Trace source IDs through the approved Phase 1-6 ledgers. Owner review is workflow and underwriting-judgment metadata, not an observed borrower fact or post-cutoff analytical evidence; stated conditions remain open."
P7L-01048,data/phase7/processed/COVENANT_HEADROOM.csv,P7H-00685,record,SRC-001;SRC-002;SRC-003,P7CT-0172,proposed_contractual,owner_reviewed,within_cutoff,"No new evidence source. Trace source IDs through the approved Phase 1-6 ledgers. Owner review is workflow and underwriting-judgment metadata, not an observed borrower fact or post-cutoff analytical evidence; stated conditions remain open."
P7L-01049,data/phase7/processed/COVENANT_HEADROOM.csv,P7H-00686,record,SRC-001;SRC-002;SRC-003,P7CT-0172,proposed_contractual,owner_reviewed,within_cutoff,"No new evidence source. Trace source IDs through the approved Phase 1-6 ledgers. Owner review is workflow and underwriting-judgment metadata, not an observed borrower fact or post-cutoff analytical evidence; stated conditions remain open."
P7L-01050,data/phase7/processed/COVENANT_HEADROOM.csv,P7H-00687,record,SRC-001;SRC-002;SRC-003,P7CT-0172,proposed_contractual,owner_reviewed,within_cutoff,"No new evidence source. Trace source IDs through the approved Phase 1-6 ledgers. Owner review is workflow and underwriting-judgment metadata, not an observed borrower fact or post-cutoff analytical evidence; stated conditions remain open."
P7L-01051,data/phase7/processed/COVENANT_HEADROOM.csv,P7H-00688,record,SRC-001;SRC-002;SRC-003,P7CT-0172,analyst_warning,owner_reviewed,within_cutoff,"No new evidence source. Trace source IDs through the approved Phase 1-6 ledgers. Owner review is workflow and underwriting-judgment metadata, not an observed borrower fact or post-cutoff analytical evidence; stated conditions remain open."
P7L-01052,data/phase7/processed/COVENANT_HEADROOM.csv,P7H-00689,record,SRC-001;SRC-002;SRC-003,P7CT-0173,proposed_contractual,owner_reviewed,within_cutoff,"No new evidence source. Trace source IDs through the approved Phase 1-6 ledgers. Owner review is workflow and underwriting-judgment metadata, not an observed borrower fact or post-cutoff analytical evidence; stated conditions remain open."
P7L-01053,data/phase7/processed/COVENANT_HEADROOM.csv,P7H-00690,record,SRC-001;SRC-002;SRC-003,P7CT-0173,proposed_contractual,owner_reviewed,within_cutoff,"No new evidence source. Trace source IDs through the approved Phase 1-6 ledgers. Owner review is workflow and underwriting-judgment metadata, not an observed borrower fact or post-cutoff analytical evidence; stated conditions remain open."
P7L-01054,data/phase7/processed/COVENANT_HEADROOM.csv,P7H-00691,record,SRC-001;SRC-002;SRC-003,P7CT-0173,proposed_contractual,owner_reviewed,within_cutoff,"No new evidence source. Trace source IDs through the approved Phase 1-6 ledgers. Owner review is workflow and underwriting-judgment metadata, not an observed borrower fact or post-cutoff analytical evidence; stated conditions remain open."
P7L-01055,data/phase7/processed/COVENANT_HEADROOM.csv,P7H-00692,record,SRC-001;SRC-002;SRC-003,P7CT-0173,analyst_warning,owner_reviewed,within_cutoff,"No new evidence source. Trace source IDs through the approved Phase 1-6 ledgers. Owner review is workflow and underwriting-judgment metadata, not an observed borrower fact or post-cutoff analytical evidence; stated conditions remain open."
P7L-01056,data/phase7/processed/COVENANT_HEADROOM.csv,P7H-00693,record,SRC-001;SRC-002;SRC-003,P7CT-0174,proposed_contractual,owner_reviewed,within_cutoff,"No new evidence source. Trace source IDs through the approved Phase 1-6 ledgers. Owner review is workflow and underwriting-judgment metadata, not an observed borrower fact or post-cutoff analytical evidence; stated conditions remain open."
P7L-01057,data/phase7/processed/COVENANT_HEADROOM.csv,P7H-00694,record,SRC-001;SRC-002;SRC-003,P7CT-0174,proposed_contractual,owner_reviewed,within_cutoff,"No new evidence source. Trace source IDs through the approved Phase 1-6 ledgers. Owner review is workflow and underwriting-judgment metadata, not an observed borrower fact or post-cutoff analytical evidence; stated conditions remain open."
P7L-01058,data/phase7/processed/COVENANT_HEADROOM.csv,P7H-00695,record,SRC-001;SRC-002;SRC-003,P7CT-0174,proposed_contractual,owner_reviewed,within_cutoff,"No new evidence source. Trace source IDs through the approved Phase 1-6 ledgers. Owner review is workflow and underwriting-judgment metadata, not an observed borrower fact or post-cutoff analytical evidence; stated conditions remain open."
P7L-01059,data/phase7/processed/COVENANT_HEADROOM.csv,P7H-00696,record,SRC-001;SRC-002;SRC-003,P7CT-0174,analyst_warning,owner_reviewed,within_cutoff,"No new evidence source. Trace source IDs through the approved Phase 1-6 ledgers. Owner review is workflow and underwriting-judgment metadata, not an observed borrower fact or post-cutoff analytical evidence; stated conditions remain open."
P7L-01060,data/phase7/processed/COVENANT_HEADROOM.csv,P7H-00697,record,SRC-001;SRC-002;SRC-003,P7CT-0175,proposed_contractual,owner_reviewed,within_cutoff,"No new evidence source. Trace source IDs through the approved Phase 1-6 ledgers. Owner review is workflow and underwriting-judgment metadata, not an observed borrower fact or post-cutoff analytical evidence; stated conditions remain open."
P7L-01061,data/phase7/processed/COVENANT_HEADROOM.csv,P7H-00698,record,SRC-001;SRC-002;SRC-003,P7CT-0175,proposed_contractual,owner_reviewed,within_cutoff,"No new evidence source. Trace source IDs through the approved Phase 1-6 ledgers. Owner review is workflow and underwriting-judgment metadata, not an observed borrower fact or post-cutoff analytical evidence; stated conditions remain open."
P7L-01062,data/phase7/processed/COVENANT_HEADROOM.csv,P7H-00699,record,SRC-001;SRC-002;SRC-003,P7CT-0175,proposed_contractual,owner_reviewed,within_cutoff,"No new evidence source. Trace source IDs through the approved Phase 1-6 ledgers. Owner review is workflow and underwriting-judgment metadata, not an observed borrower fact or post-cutoff analytical evidence; stated conditions remain open."
P7L-01063,data/phase7/processed/COVENANT_HEADROOM.csv,P7H-00700,record,SRC-001;SRC-002;SRC-003,P7CT-0175,analyst_warning,owner_reviewed,within_cutoff,"No new evidence source. Trace source IDs through the approved Phase 1-6 ledgers. Owner review is workflow and underwriting-judgment metadata, not an observed borrower fact or post-cutoff analytical evidence; stated conditions remain open."
P7L-01064,data/phase7/processed/COVENANT_HEADROOM.csv,P7H-00701,record,SRC-001;SRC-002;SRC-003,P7CT-0176,proposed_contractual,owner_reviewed,within_cutoff,"No new evidence source. Trace source IDs through the approved Phase 1-6 ledgers. Owner review is workflow and underwriting-judgment metadata, not an observed borrower fact or post-cutoff analytical evidence; stated conditions remain open."
P7L-01065,data/phase7/processed/COVENANT_HEADROOM.csv,P7H-00702,record,SRC-001;SRC-002;SRC-003,P7CT-0176,proposed_contractual,owner_reviewed,within_cutoff,"No new evidence source. Trace source IDs through the approved Phase 1-6 ledgers. Owner review is workflow and underwriting-judgment metadata, not an observed borrower fact or post-cutoff analytical evidence; stated conditions remain open."
P7L-01066,data/phase7/processed/COVENANT_HEADROOM.csv,P7H-00703,record,SRC-001;SRC-002;SRC-003,P7CT-0176,proposed_contractual,owner_reviewed,within_cutoff,"No new evidence source. Trace source IDs through the approved Phase 1-6 ledgers. Owner review is workflow and underwriting-judgment metadata, not an observed borrower fact or post-cutoff analytical evidence; stated conditions remain open."
P7L-01067,data/phase7/processed/COVENANT_HEADROOM.csv,P7H-00704,record,SRC-001;SRC-002;SRC-003,P7CT-0176,analyst_warning,owner_reviewed,within_cutoff,"No new evidence source. Trace source IDs through the approved Phase 1-6 ledgers. Owner review is workflow and underwriting-judgment metadata, not an observed borrower fact or post-cutoff analytical evidence; stated conditions remain open."
P7L-01068,data/phase7/processed/COVENANT_HEADROOM.csv,P7H-00705,record,SRC-001;SRC-002;SRC-003,P7CT-0177,proposed_contractual,owner_reviewed,within_cutoff,"No new evidence source. Trace source IDs through the approved Phase 1-6 ledgers. Owner review is workflow and underwriting-judgment metadata, not an observed borrower fact or post-cutoff analytical evidence; stated conditions remain open."
P7L-01069,data/phase7/processed/COVENANT_HEADROOM.csv,P7H-00706,record,SRC-001;SRC-002;SRC-003,P7CT-0177,proposed_contractual,owner_reviewed,within_cutoff,"No new evidence source. Trace source IDs through the approved Phase 1-6 ledgers. Owner review is workflow and underwriting-judgment metadata, not an observed borrower fact or post-cutoff analytical evidence; stated conditions remain open."
P7L-01070,data/phase7/processed/COVENANT_HEADROOM.csv,P7H-00707,record,SRC-001;SRC-002;SRC-003,P7CT-0177,proposed_contractual,owner_reviewed,within_cutoff,"No new evidence source. Trace source IDs through the approved Phase 1-6 ledgers. Owner review is workflow and underwriting-judgment metadata, not an observed borrower fact or post-cutoff analytical evidence; stated conditions remain open."
P7L-01071,data/phase7/processed/COVENANT_HEADROOM.csv,P7H-00708,record,SRC-001;SRC-002;SRC-003,P7CT-0177,analyst_warning,owner_reviewed,within_cutoff,"No new evidence source. Trace source IDs through the approved Phase 1-6 ledgers. Owner review is workflow and underwriting-judgment metadata, not an observed borrower fact or post-cutoff analytical evidence; stated conditions remain open."
P7L-01072,data/phase7/processed/COVENANT_HEADROOM.csv,P7H-00709,record,SRC-001;SRC-002;SRC-003,P7CT-0178,proposed_contractual,owner_reviewed,within_cutoff,"No new evidence source. Trace source IDs through the approved Phase 1-6 ledgers. Owner review is workflow and underwriting-judgment metadata, not an observed borrower fact or post-cutoff analytical evidence; stated conditions remain open."
P7L-01073,data/phase7/processed/COVENANT_HEADROOM.csv,P7H-00710,record,SRC-001;SRC-002;SRC-003,P7CT-0178,proposed_contractual,owner_reviewed,within_cutoff,"No new evidence source. Trace source IDs through the approved Phase 1-6 ledgers. Owner review is workflow and underwriting-judgment metadata, not an observed borrower fact or post-cutoff analytical evidence; stated conditions remain open."
P7L-01074,data/phase7/processed/COVENANT_HEADROOM.csv,P7H-00711,record,SRC-001;SRC-002;SRC-003,P7CT-0178,proposed_contractual,owner_reviewed,within_cutoff,"No new evidence source. Trace source IDs through the approved Phase 1-6 ledgers. Owner review is workflow and underwriting-judgment metadata, not an observed borrower fact or post-cutoff analytical evidence; stated conditions remain open."
P7L-01075,data/phase7/processed/COVENANT_HEADROOM.csv,P7H-00712,record,SRC-001;SRC-002;SRC-003,P7CT-0178,analyst_warning,owner_reviewed,within_cutoff,"No new evidence source. Trace source IDs through the approved Phase 1-6 ledgers. Owner review is workflow and underwriting-judgment metadata, not an observed borrower fact or post-cutoff analytical evidence; stated conditions remain open."
P7L-01076,data/phase7/processed/COVENANT_HEADROOM.csv,P7H-00713,record,SRC-001;SRC-002;SRC-003,P7CT-0179,proposed_contractual,owner_reviewed,within_cutoff,"No new evidence source. Trace source IDs through the approved Phase 1-6 ledgers. Owner review is workflow and underwriting-judgment metadata, not an observed borrower fact or post-cutoff analytical evidence; stated conditions remain open."
P7L-01077,data/phase7/processed/COVENANT_HEADROOM.csv,P7H-00714,record,SRC-001;SRC-002;SRC-003,P7CT-0179,proposed_contractual,owner_reviewed,within_cutoff,"No new evidence source. Trace source IDs through the approved Phase 1-6 ledgers. Owner review is workflow and underwriting-judgment metadata, not an observed borrower fact or post-cutoff analytical evidence; stated conditions remain open."
P7L-01078,data/phase7/processed/COVENANT_HEADROOM.csv,P7H-00715,record,SRC-001;SRC-002;SRC-003,P7CT-0179,proposed_contractual,owner_reviewed,within_cutoff,"No new evidence source. Trace source IDs through the approved Phase 1-6 ledgers. Owner review is workflow and underwriting-judgment metadata, not an observed borrower fact or post-cutoff analytical evidence; stated conditions remain open."
P7L-01079,data/phase7/processed/COVENANT_HEADROOM.csv,P7H-00716,record,SRC-001;SRC-002;SRC-003,P7CT-0179,analyst_warning,owner_reviewed,within_cutoff,"No new evidence source. Trace source IDs through the approved Phase 1-6 ledgers. Owner review is workflow and underwriting-judgment metadata, not an observed borrower fact or post-cutoff analytical evidence; stated conditions remain open."
P7L-01080,data/phase7/processed/COVENANT_HEADROOM.csv,P7H-00717,record,SRC-001;SRC-002;SRC-003,P7CT-0180,proposed_contractual,owner_reviewed,within_cutoff,"No new evidence source. Trace source IDs through the approved Phase 1-6 ledgers. Owner review is workflow and underwriting-judgment metadata, not an observed borrower fact or post-cutoff analytical evidence; stated conditions remain open."
P7L-01081,data/phase7/processed/COVENANT_HEADROOM.csv,P7H-00718,record,SRC-001;SRC-002;SRC-003,P7CT-0180,proposed_contractual,owner_reviewed,within_cutoff,"No new evidence source. Trace source IDs through the approved Phase 1-6 ledgers. Owner review is workflow and underwriting-judgment metadata, not an observed borrower fact or post-cutoff analytical evidence; stated conditions remain open."
P7L-01082,data/phase7/processed/COVENANT_HEADROOM.csv,P7H-00719,record,SRC-001;SRC-002;SRC-003,P7CT-0180,proposed_contractual,owner_reviewed,within_cutoff,"No new evidence source. Trace source IDs through the approved Phase 1-6 ledgers. Owner review is workflow and underwriting-judgment metadata, not an observed borrower fact or post-cutoff analytical evidence; stated conditions remain open."
P7L-01083,data/phase7/processed/COVENANT_HEADROOM.csv,P7H-00720,record,SRC-001;SRC-002;SRC-003,P7CT-0180,analyst_warning,owner_reviewed,within_cutoff,"No new evidence source. Trace source IDs through the approved Phase 1-6 ledgers. Owner review is workflow and underwriting-judgment metadata, not an observed borrower fact or post-cutoff analytical evidence; stated conditions remain open."
P7L-01084,data/phase7/processed/BREACH_INTERVENTION_TIMELINE.csv,P7TL-001,record,SRC-001;SRC-002;SRC-003,STR-008;BASE,phase7_record,owner_reviewed,within_cutoff,"No new evidence source. Trace source IDs through the approved Phase 1-6 ledgers. Owner review is workflow and underwriting-judgment metadata, not an observed borrower fact or post-cutoff analytical evidence; stated conditions remain open."
P7L-01085,data/phase7/processed/BREACH_INTERVENTION_TIMELINE.csv,P7TL-002,record,SRC-001;SRC-002;SRC-003,STR-008;MODERATE_UNMITIGATED,phase7_record,owner_reviewed,within_cutoff,"No new evidence source. Trace source IDs through the approved Phase 1-6 ledgers. Owner review is workflow and underwriting-judgment metadata, not an observed borrower fact or post-cutoff analytical evidence; stated conditions remain open."
P7L-01086,data/phase7/processed/BREACH_INTERVENTION_TIMELINE.csv,P7TL-003,record,SRC-001;SRC-002;SRC-003,STR-008;SEVERE_UNMITIGATED,phase7_record,owner_reviewed,within_cutoff,"No new evidence source. Trace source IDs through the approved Phase 1-6 ledgers. Owner review is workflow and underwriting-judgment metadata, not an observed borrower fact or post-cutoff analytical evidence; stated conditions remain open."
P7L-01087,data/phase7/processed/BREACH_INTERVENTION_TIMELINE.csv,P7TL-004,record,SRC-001;SRC-002;SRC-003,STR-008;MODERATE_MITIGATED,phase7_record,owner_reviewed,within_cutoff,"No new evidence source. Trace source IDs through the approved Phase 1-6 ledgers. Owner review is workflow and underwriting-judgment metadata, not an observed borrower fact or post-cutoff analytical evidence; stated conditions remain open."
P7L-01088,data/phase7/processed/BREACH_INTERVENTION_TIMELINE.csv,P7TL-005,record,SRC-001;SRC-002;SRC-003,STR-008;SEVERE_MITIGATED,phase7_record,owner_reviewed,within_cutoff,"No new evidence source. Trace source IDs through the approved Phase 1-6 ledgers. Owner review is workflow and underwriting-judgment metadata, not an observed borrower fact or post-cutoff analytical evidence; stated conditions remain open."
P7L-01089,data/phase7/processed/BREACH_INTERVENTION_TIMELINE.csv,P7TL-006,record,SRC-001;SRC-002;SRC-003,STR-008;MODERATE_NO_WAIVER,phase7_record,owner_reviewed,within_cutoff,"No new evidence source. Trace source IDs through the approved Phase 1-6 ledgers. Owner review is workflow and underwriting-judgment metadata, not an observed borrower fact or post-cutoff analytical evidence; stated conditions remain open."
P7L-01090,data/phase7/processed/BREACH_INTERVENTION_TIMELINE.csv,P7TL-007,record,SRC-001;SRC-002;SRC-003,STR-008;SEVERE_NO_WAIVER,phase7_record,owner_reviewed,within_cutoff,"No new evidence source. Trace source IDs through the approved Phase 1-6 ledgers. Owner review is workflow and underwriting-judgment metadata, not an observed borrower fact or post-cutoff analytical evidence; stated conditions remain open."
P7L-01091,data/phase7/processed/BREACH_INTERVENTION_TIMELINE.csv,P7TL-008,record,SRC-001;SRC-002;SRC-003,STR-008;MODERATE_PHASE7_COVENANT_NO_WAIVER,phase7_record,owner_reviewed,within_cutoff,"No new evidence source. Trace source IDs through the approved Phase 1-6 ledgers. Owner review is workflow and underwriting-judgment metadata, not an observed borrower fact or post-cutoff analytical evidence; stated conditions remain open."
P7L-01092,data/phase7/processed/BREACH_INTERVENTION_TIMELINE.csv,P7TL-009,record,SRC-001;SRC-002;SRC-003,STR-008;SEVERE_PHASE7_COVENANT_NO_WAIVER,phase7_record,owner_reviewed,within_cutoff,"No new evidence source. Trace source IDs through the approved Phase 1-6 ledgers. Owner review is workflow and underwriting-judgment metadata, not an observed borrower fact or post-cutoff analytical evidence; stated conditions remain open."
P7L-01093,data/phase7/processed/SIZING_RESULTS.csv,P7SZ-001,$650m reference against 3.25x zero-cash total funded leverage,SRC-001;SRC-002;SRC-003,S2B-0099;P5A-025;P5A-026;P5A-032;STR-003;STR-007;STR-008,phase7_record,owner_reviewed,within_cutoff,"No new evidence source. Trace source IDs through the approved Phase 1-6 ledgers. Owner review is workflow and underwriting-judgment metadata, not an observed borrower fact or post-cutoff analytical evidence; stated conditions remain open."
P7L-01094,data/phase7/processed/SIZING_RESULTS.csv,P7SZ-002,$650m reference against proposed 3.50x zero-cash total funded covenant,SRC-001;SRC-002;SRC-003,S2B-0099;P5A-025;P5A-026;P5A-032;STR-003;STR-007;STR-008,phase7_record,owner_reviewed,within_cutoff,"No new evidence source. Trace source IDs through the approved Phase 1-6 ledgers. Owner review is workflow and underwriting-judgment metadata, not an observed borrower fact or post-cutoff analytical evidence; stated conditions remain open."
P7L-01095,data/phase7/processed/SIZING_RESULTS.csv,P7SZ-003,$650m reference with capped $25m cash diagnostic at 3.25x,SRC-001;SRC-002;SRC-003,S2B-0099;P5A-025;P5A-026;P5A-032;STR-003;STR-007;STR-008,phase7_record,owner_reviewed,within_cutoff,"No new evidence source. Trace source IDs through the approved Phase 1-6 ledgers. Owner review is workflow and underwriting-judgment metadata, not an observed borrower fact or post-cutoff analytical evidence; stated conditions remain open."
P7L-01096,data/phase7/processed/SIZING_RESULTS.csv,P7SZ-004,Exact total-funded-debt capacity at 3.25x with reference revolver allocation,SRC-001;SRC-002;SRC-003,S2B-0099;P5A-025;P5A-026;P5A-032;STR-003;STR-007;STR-008,phase7_record,owner_reviewed,within_cutoff,"No new evidence source. Trace source IDs through the approved Phase 1-6 ledgers. Owner review is workflow and underwriting-judgment metadata, not an observed borrower fact or post-cutoff analytical evidence; stated conditions remain open."
P7L-01097,data/phase7/processed/SIZING_RESULTS.csv,P7SZ-005,$640m term with $10m contribution and reference revolver allocation,SRC-001;SRC-002;SRC-003,S2B-0099;P5A-025;P5A-026;P5A-032;STR-003;STR-007;STR-008,phase7_record,owner_reviewed,within_cutoff,"No new evidence source. Trace source IDs through the approved Phase 1-6 ledgers. Owner review is workflow and underwriting-judgment metadata, not an observed borrower fact or post-cutoff analytical evidence; stated conditions remain open."
P7L-01098,data/phase7/processed/SIZING_RESULTS.csv,P7SZ-006,$640m term with revolver reallocated inside exact 3.25x bank-debt capacity,SRC-001;SRC-002;SRC-003,S2B-0099;P5A-025;P5A-026;P5A-032;STR-003;STR-007;STR-008,phase7_record,owner_reviewed,within_cutoff,"No new evidence source. Trace source IDs through the approved Phase 1-6 ledgers. Owner review is workflow and underwriting-judgment metadata, not an observed borrower fact or post-cutoff analytical evidence; stated conditions remain open."
P7L-01099,data/phase7/processed/SIZING_RESULTS.csv,P7SZ-007,$635m practical term with $15m contribution and reference revolver allocation,SRC-001;SRC-002;SRC-003,S2B-0099;P5A-025;P5A-026;P5A-032;STR-003;STR-007;STR-008,phase7_record,owner_reviewed,within_cutoff,"No new evidence source. Trace source IDs through the approved Phase 1-6 ledgers. Owner review is workflow and underwriting-judgment metadata, not an observed borrower fact or post-cutoff analytical evidence; stated conditions remain open."
P7L-01100,data/phase7/processed/SIZING_RESULTS.csv,P7SZ-008,$639m rounded term at or below analytical capacity,SRC-001;SRC-002;SRC-003,S2B-0099;P5A-025;P5A-026;P5A-032;STR-003;STR-007;STR-008,phase7_record,owner_reviewed,within_cutoff,"No new evidence source. Trace source IDs through the approved Phase 1-6 ledgers. Owner review is workflow and underwriting-judgment metadata, not an observed borrower fact or post-cutoff analytical evidence; stated conditions remain open."
P7L-01101,data/phase7/processed/SIZING_RESULTS.csv,P7SZ-009,$625m term with conditional $25m non-debt contribution at 3.25x,SRC-001;SRC-002;SRC-003,S2B-0099;P5A-025;P5A-026;P5A-032;STR-003;STR-007;STR-008,phase7_record,owner_reviewed,within_cutoff,"No new evidence source. Trace source IDs through the approved Phase 1-6 ledgers. Owner review is workflow and underwriting-judgment metadata, not an observed borrower fact or post-cutoff analytical evidence; stated conditions remain open."
P7L-01102,data/phase7/processed/SIZING_RESULTS.csv,P7SZ-010,Reference opening total funded debt control,SRC-001;SRC-002;SRC-003,S2B-0099;P5A-025;P5A-026;P5A-032,phase7_record,owner_reviewed,within_cutoff,"No new evidence source. Trace source IDs through the approved Phase 1-6 ledgers. Owner review is workflow and underwriting-judgment metadata, not an observed borrower fact or post-cutoff analytical evidence; stated conditions remain open."
P7L-01103,data/phase7/processed/DISTRIBUTION_RESTRICTION_TESTS.csv,P7RP-001,debt_funded_share_repurchase,SRC-001;SRC-002;SRC-003,STR-008;BASE,phase7_record,owner_reviewed,within_cutoff,"No new evidence source. Trace source IDs through the approved Phase 1-6 ledgers. Owner review is workflow and underwriting-judgment metadata, not an observed borrower fact or post-cutoff analytical evidence; stated conditions remain open."
P7L-01104,data/phase7/processed/DISTRIBUTION_RESTRICTION_TESTS.csv,P7RP-002,share_repurchase_while_revolver_outstanding,SRC-001;SRC-002;SRC-003,STR-008;BASE,phase7_record,owner_reviewed,within_cutoff,"No new evidence source. Trace source IDs through the approved Phase 1-6 ledgers. Owner review is workflow and underwriting-judgment metadata, not an observed borrower fact or post-cutoff analytical evidence; stated conditions remain open."
P7L-01105,data/phase7/processed/DISTRIBUTION_RESTRICTION_TESTS.csv,P7RP-003,warning_suspension,SRC-001;SRC-002;SRC-003,STR-008;BASE,phase7_record,owner_reviewed,within_cutoff,"No new evidence source. Trace source IDs through the approved Phase 1-6 ledgers. Owner review is workflow and underwriting-judgment metadata, not an observed borrower fact or post-cutoff analytical evidence; stated conditions remain open."
P7L-01106,data/phase7/processed/DISTRIBUTION_RESTRICTION_TESTS.csv,P7RP-004,debt_funded_share_repurchase,SRC-001;SRC-002;SRC-003,STR-008;MODERATE_UNMITIGATED,phase7_record,owner_reviewed,within_cutoff,"No new evidence source. Trace source IDs through the approved Phase 1-6 ledgers. Owner review is workflow and underwriting-judgment metadata, not an observed borrower fact or post-cutoff analytical evidence; stated conditions remain open."
P7L-01107,data/phase7/processed/DISTRIBUTION_RESTRICTION_TESTS.csv,P7RP-005,share_repurchase_while_revolver_outstanding,SRC-001;SRC-002;SRC-003,STR-008;MODERATE_UNMITIGATED,phase7_record,owner_reviewed,within_cutoff,"No new evidence source. Trace source IDs through the approved Phase 1-6 ledgers. Owner review is workflow and underwriting-judgment metadata, not an observed borrower fact or post-cutoff analytical evidence; stated conditions remain open."
P7L-01108,data/phase7/processed/DISTRIBUTION_RESTRICTION_TESTS.csv,P7RP-006,warning_suspension,SRC-001;SRC-002;SRC-003,STR-008;MODERATE_UNMITIGATED,phase7_record,owner_reviewed,within_cutoff,"No new evidence source. Trace source IDs through the approved Phase 1-6 ledgers. Owner review is workflow and underwriting-judgment metadata, not an observed borrower fact or post-cutoff analytical evidence; stated conditions remain open."
P7L-01109,data/phase7/processed/DISTRIBUTION_RESTRICTION_TESTS.csv,P7RP-007,debt_funded_share_repurchase,SRC-001;SRC-002;SRC-003,STR-008;SEVERE_UNMITIGATED,phase7_record,owner_reviewed,within_cutoff,"No new evidence source. Trace source IDs through the approved Phase 1-6 ledgers. Owner review is workflow and underwriting-judgment metadata, not an observed borrower fact or post-cutoff analytical evidence; stated conditions remain open."
P7L-01110,data/phase7/processed/DISTRIBUTION_RESTRICTION_TESTS.csv,P7RP-008,share_repurchase_while_revolver_outstanding,SRC-001;SRC-002;SRC-003,STR-008;SEVERE_UNMITIGATED,phase7_record,owner_reviewed,within_cutoff,"No new evidence source. Trace source IDs through the approved Phase 1-6 ledgers. Owner review is workflow and underwriting-judgment metadata, not an observed borrower fact or post-cutoff analytical evidence; stated conditions remain open."
P7L-01111,data/phase7/processed/DISTRIBUTION_RESTRICTION_TESTS.csv,P7RP-009,warning_suspension,SRC-001;SRC-002;SRC-003,STR-008;SEVERE_UNMITIGATED,phase7_record,owner_reviewed,within_cutoff,"No new evidence source. Trace source IDs through the approved Phase 1-6 ledgers. Owner review is workflow and underwriting-judgment metadata, not an observed borrower fact or post-cutoff analytical evidence; stated conditions remain open."
P7L-01112,data/phase7/processed/DISTRIBUTION_RESTRICTION_TESTS.csv,P7RP-010,debt_funded_share_repurchase,SRC-001;SRC-002;SRC-003,STR-008;MODERATE_MITIGATED,phase7_record,owner_reviewed,within_cutoff,"No new evidence source. Trace source IDs through the approved Phase 1-6 ledgers. Owner review is workflow and underwriting-judgment metadata, not an observed borrower fact or post-cutoff analytical evidence; stated conditions remain open."
P7L-01113,data/phase7/processed/DISTRIBUTION_RESTRICTION_TESTS.csv,P7RP-011,share_repurchase_while_revolver_outstanding,SRC-001;SRC-002;SRC-003,STR-008;MODERATE_MITIGATED,phase7_record,owner_reviewed,within_cutoff,"No new evidence source. Trace source IDs through the approved Phase 1-6 ledgers. Owner review is workflow and underwriting-judgment metadata, not an observed borrower fact or post-cutoff analytical evidence; stated conditions remain open."
P7L-01114,data/phase7/processed/DISTRIBUTION_RESTRICTION_TESTS.csv,P7RP-012,warning_suspension,SRC-001;SRC-002;SRC-003,STR-008;MODERATE_MITIGATED,phase7_record,owner_reviewed,within_cutoff,"No new evidence source. Trace source IDs through the approved Phase 1-6 ledgers. Owner review is workflow and underwriting-judgment metadata, not an observed borrower fact or post-cutoff analytical evidence; stated conditions remain open."
P7L-01115,data/phase7/processed/DISTRIBUTION_RESTRICTION_TESTS.csv,P7RP-013,debt_funded_share_repurchase,SRC-001;SRC-002;SRC-003,STR-008;SEVERE_MITIGATED,phase7_record,owner_reviewed,within_cutoff,"No new evidence source. Trace source IDs through the approved Phase 1-6 ledgers. Owner review is workflow and underwriting-judgment metadata, not an observed borrower fact or post-cutoff analytical evidence; stated conditions remain open."
P7L-01116,data/phase7/processed/DISTRIBUTION_RESTRICTION_TESTS.csv,P7RP-014,share_repurchase_while_revolver_outstanding,SRC-001;SRC-002;SRC-003,STR-008;SEVERE_MITIGATED,phase7_record,owner_reviewed,within_cutoff,"No new evidence source. Trace source IDs through the approved Phase 1-6 ledgers. Owner review is workflow and underwriting-judgment metadata, not an observed borrower fact or post-cutoff analytical evidence; stated conditions remain open."
P7L-01117,data/phase7/processed/DISTRIBUTION_RESTRICTION_TESTS.csv,P7RP-015,warning_suspension,SRC-001;SRC-002;SRC-003,STR-008;SEVERE_MITIGATED,phase7_record,owner_reviewed,within_cutoff,"No new evidence source. Trace source IDs through the approved Phase 1-6 ledgers. Owner review is workflow and underwriting-judgment metadata, not an observed borrower fact or post-cutoff analytical evidence; stated conditions remain open."
P7L-01118,data/phase7/processed/DISTRIBUTION_RESTRICTION_TESTS.csv,P7RP-016,debt_funded_share_repurchase,SRC-001;SRC-002;SRC-003,STR-008;MODERATE_NO_WAIVER,phase7_record,owner_reviewed,within_cutoff,"No new evidence source. Trace source IDs through the approved Phase 1-6 ledgers. Owner review is workflow and underwriting-judgment metadata, not an observed borrower fact or post-cutoff analytical evidence; stated conditions remain open."
P7L-01119,data/phase7/processed/DISTRIBUTION_RESTRICTION_TESTS.csv,P7RP-017,share_repurchase_while_revolver_outstanding,SRC-001;SRC-002;SRC-003,STR-008;MODERATE_NO_WAIVER,phase7_record,owner_reviewed,within_cutoff,"No new evidence source. Trace source IDs through the approved Phase 1-6 ledgers. Owner review is workflow and underwriting-judgment metadata, not an observed borrower fact or post-cutoff analytical evidence; stated conditions remain open."
P7L-01120,data/phase7/processed/DISTRIBUTION_RESTRICTION_TESTS.csv,P7RP-018,warning_suspension,SRC-001;SRC-002;SRC-003,STR-008;MODERATE_NO_WAIVER,phase7_record,owner_reviewed,within_cutoff,"No new evidence source. Trace source IDs through the approved Phase 1-6 ledgers. Owner review is workflow and underwriting-judgment metadata, not an observed borrower fact or post-cutoff analytical evidence; stated conditions remain open."
P7L-01121,data/phase7/processed/DISTRIBUTION_RESTRICTION_TESTS.csv,P7RP-019,debt_funded_share_repurchase,SRC-001;SRC-002;SRC-003,STR-008;SEVERE_NO_WAIVER,phase7_record,owner_reviewed,within_cutoff,"No new evidence source. Trace source IDs through the approved Phase 1-6 ledgers. Owner review is workflow and underwriting-judgment metadata, not an observed borrower fact or post-cutoff analytical evidence; stated conditions remain open."
P7L-01122,data/phase7/processed/DISTRIBUTION_RESTRICTION_TESTS.csv,P7RP-020,share_repurchase_while_revolver_outstanding,SRC-001;SRC-002;SRC-003,STR-008;SEVERE_NO_WAIVER,phase7_record,owner_reviewed,within_cutoff,"No new evidence source. Trace source IDs through the approved Phase 1-6 ledgers. Owner review is workflow and underwriting-judgment metadata, not an observed borrower fact or post-cutoff analytical evidence; stated conditions remain open."
P7L-01123,data/phase7/processed/DISTRIBUTION_RESTRICTION_TESTS.csv,P7RP-021,warning_suspension,SRC-001;SRC-002;SRC-003,STR-008;SEVERE_NO_WAIVER,phase7_record,owner_reviewed,within_cutoff,"No new evidence source. Trace source IDs through the approved Phase 1-6 ledgers. Owner review is workflow and underwriting-judgment metadata, not an observed borrower fact or post-cutoff analytical evidence; stated conditions remain open."
P7L-01124,data/phase7/processed/DISTRIBUTION_RESTRICTION_TESTS.csv,P7RP-022,debt_funded_share_repurchase,SRC-001;SRC-002;SRC-003,STR-008;MODERATE_PHASE7_COVENANT_NO_WAIVER,phase7_record,owner_reviewed,within_cutoff,"No new evidence source. Trace source IDs through the approved Phase 1-6 ledgers. Owner review is workflow and underwriting-judgment metadata, not an observed borrower fact or post-cutoff analytical evidence; stated conditions remain open."
P7L-01125,data/phase7/processed/DISTRIBUTION_RESTRICTION_TESTS.csv,P7RP-023,share_repurchase_while_revolver_outstanding,SRC-001;SRC-002;SRC-003,STR-008;MODERATE_PHASE7_COVENANT_NO_WAIVER,phase7_record,owner_reviewed,within_cutoff,"No new evidence source. Trace source IDs through the approved Phase 1-6 ledgers. Owner review is workflow and underwriting-judgment metadata, not an observed borrower fact or post-cutoff analytical evidence; stated conditions remain open."
P7L-01126,data/phase7/processed/DISTRIBUTION_RESTRICTION_TESTS.csv,P7RP-024,warning_suspension,SRC-001;SRC-002;SRC-003,STR-008;MODERATE_PHASE7_COVENANT_NO_WAIVER,phase7_record,owner_reviewed,within_cutoff,"No new evidence source. Trace source IDs through the approved Phase 1-6 ledgers. Owner review is workflow and underwriting-judgment metadata, not an observed borrower fact or post-cutoff analytical evidence; stated conditions remain open."
P7L-01127,data/phase7/processed/DISTRIBUTION_RESTRICTION_TESTS.csv,P7RP-025,debt_funded_share_repurchase,SRC-001;SRC-002;SRC-003,STR-008;SEVERE_PHASE7_COVENANT_NO_WAIVER,phase7_record,owner_reviewed,within_cutoff,"No new evidence source. Trace source IDs through the approved Phase 1-6 ledgers. Owner review is workflow and underwriting-judgment metadata, not an observed borrower fact or post-cutoff analytical evidence; stated conditions remain open."
P7L-01128,data/phase7/processed/DISTRIBUTION_RESTRICTION_TESTS.csv,P7RP-026,share_repurchase_while_revolver_outstanding,SRC-001;SRC-002;SRC-003,STR-008;SEVERE_PHASE7_COVENANT_NO_WAIVER,phase7_record,owner_reviewed,within_cutoff,"No new evidence source. Trace source IDs through the approved Phase 1-6 ledgers. Owner review is workflow and underwriting-judgment metadata, not an observed borrower fact or post-cutoff analytical evidence; stated conditions remain open."
P7L-01129,data/phase7/processed/DISTRIBUTION_RESTRICTION_TESTS.csv,P7RP-027,warning_suspension,SRC-001;SRC-002;SRC-003,STR-008;SEVERE_PHASE7_COVENANT_NO_WAIVER,phase7_record,owner_reviewed,within_cutoff,"No new evidence source. Trace source IDs through the approved Phase 1-6 ledgers. Owner review is workflow and underwriting-judgment metadata, not an observed borrower fact or post-cutoff analytical evidence; stated conditions remain open."
P7L-01130,data/phase7/processed/COMMON_HORIZON_COMPARISON.csv,P7CH-001,Retain existing facilities,SRC-001;SRC-002;SRC-003,STR-001;BASE;P6M-BASE,phase7_record,owner_reviewed,within_cutoff,"No new evidence source. Trace source IDs through the approved Phase 1-6 ledgers. Owner review is workflow and underwriting-judgment metadata, not an observed borrower fact or post-cutoff analytical evidence; stated conditions remain open."
P7L-01131,data/phase7/processed/COMMON_HORIZON_COMPARISON.csv,P7CH-002,Limited amendment or extension,SRC-001;SRC-003,PT-002:PT-024,phase7_record,owner_reviewed,within_cutoff,"No new evidence source. Trace source IDs through the approved Phase 1-6 ledgers. Owner review is workflow and underwriting-judgment metadata, not an observed borrower fact or post-cutoff analytical evidence; stated conditions remain open."
P7L-01132,data/phase7/processed/COMMON_HORIZON_COMPARISON.csv,P7CH-003,$650m reference term / 10% amortization,SRC-001;SRC-002;SRC-003,STR-003;BASE;P6M-BASE,phase7_record,owner_reviewed,within_cutoff,"No new evidence source. Trace source IDs through the approved Phase 1-6 ledgers. Owner review is workflow and underwriting-judgment metadata, not an observed borrower fact or post-cutoff analytical evidence; stated conditions remain open."
P7L-01133,data/phase7/processed/COMMON_HORIZON_COMPARISON.csv,P7CH-004,$650m term / 5% amortization,SRC-001;SRC-002;SRC-003,STR-004;BASE;P6M-BASE,phase7_record,owner_reviewed,within_cutoff,"No new evidence source. Trace source IDs through the approved Phase 1-6 ledgers. Owner review is workflow and underwriting-judgment metadata, not an observed borrower fact or post-cutoff analytical evidence; stated conditions remain open."
P7L-01134,data/phase7/processed/COMMON_HORIZON_COMPARISON.csv,P7CH-005,$650m term / 7.5% amortization,SRC-001;SRC-002;SRC-003,STR-005;BASE;P6M-BASE,phase7_record,owner_reviewed,within_cutoff,"No new evidence source. Trace source IDs through the approved Phase 1-6 ledgers. Owner review is workflow and underwriting-judgment metadata, not an observed borrower fact or post-cutoff analytical evidence; stated conditions remain open."
P7L-01135,data/phase7/processed/COMMON_HORIZON_COMPARISON.csv,P7CH-006,$650m term / 15% amortization,SRC-001;SRC-002;SRC-003,STR-006;BASE;P6M-BASE,phase7_record,owner_reviewed,within_cutoff,"No new evidence source. Trace source IDs through the approved Phase 1-6 ledgers. Owner review is workflow and underwriting-judgment metadata, not an observed borrower fact or post-cutoff analytical evidence; stated conditions remain open."
P7L-01136,data/phase7/processed/COMMON_HORIZON_COMPARISON.csv,P7CH-007,$625m term / conditional $25m contribution / 7.5% amortization,SRC-001;SRC-002;SRC-003,STR-007;BASE;P6M-BASE,phase7_record,owner_reviewed,within_cutoff,"No new evidence source. Trace source IDs through the approved Phase 1-6 ledgers. Owner review is workflow and underwriting-judgment metadata, not an observed borrower fact or post-cutoff analytical evidence; stated conditions remain open."
P7L-01137,data/phase7/processed/COMMON_HORIZON_COMPARISON.csv,P7CH-008,$635m practical term / $15m conditional contribution / 7.5% amortization,SRC-001;SRC-002;SRC-003,STR-008;BASE;P6M-BASE,phase7_record,owner_reviewed,within_cutoff,"No new evidence source. Trace source IDs through the approved Phase 1-6 ledgers. Owner review is workflow and underwriting-judgment metadata, not an observed borrower fact or post-cutoff analytical evidence; stated conditions remain open."
P7L-01138,data/phase7/processed/COMMON_HORIZON_COMPARISON.csv,P7CH-009,Exact 3.25x analytical total-funded-debt boundary / 7.5% amortization,SRC-001;SRC-002;SRC-003,STR-009;BASE;P6M-BASE,phase7_record,owner_reviewed,within_cutoff,"No new evidence source. Trace source IDs through the approved Phase 1-6 ledgers. Owner review is workflow and underwriting-judgment metadata, not an observed borrower fact or post-cutoff analytical evidence; stated conditions remain open."
P7L-01139,data/phase7/processed/COMMON_HORIZON_COMPARISON.csv,P7CH-010,$640m rounded term / $10m contribution / reference revolver,SRC-001;SRC-002;SRC-003,STR-010;BASE;P6M-BASE,phase7_record,owner_reviewed,within_cutoff,"No new evidence source. Trace source IDs through the approved Phase 1-6 ledgers. Owner review is workflow and underwriting-judgment metadata, not an observed borrower fact or post-cutoff analytical evidence; stated conditions remain open."
P7L-01140,data/phase7/processed/COMMON_HORIZON_COMPARISON.csv,P7CH-011,$640m rounded term / exact non-debt source / reallocated revolver,SRC-001;SRC-002;SRC-003,STR-011;BASE;P6M-BASE,phase7_record,owner_reviewed,within_cutoff,"No new evidence source. Trace source IDs through the approved Phase 1-6 ledgers. Owner review is workflow and underwriting-judgment metadata, not an observed borrower fact or post-cutoff analytical evidence; stated conditions remain open."
P7L-01141,data/phase7/processed/ULTIMATE_MATURITY_COMPARISON.csv,P7UM-001,Retain existing facilities,SRC-001;SRC-002;SRC-003,STR-001;BASE;P6M-BASE-E-0042,phase7_record,owner_reviewed,within_cutoff,"No new evidence source. Trace source IDs through the approved Phase 1-6 ledgers. Owner review is workflow and underwriting-judgment metadata, not an observed borrower fact or post-cutoff analytical evidence; stated conditions remain open."
P7L-01142,data/phase7/processed/ULTIMATE_MATURITY_COMPARISON.csv,P7UM-002,Limited amendment or extension,SRC-001;SRC-003,PT-002:PT-024,phase7_record,owner_reviewed,within_cutoff,"No new evidence source. Trace source IDs through the approved Phase 1-6 ledgers. Owner review is workflow and underwriting-judgment metadata, not an observed borrower fact or post-cutoff analytical evidence; stated conditions remain open."
P7L-01143,data/phase7/processed/ULTIMATE_MATURITY_COMPARISON.csv,P7UM-003,$650m reference term / 10% amortization,SRC-001;SRC-002;SRC-003,STR-003;BASE;P6M-BASE-P-0060,phase7_record,owner_reviewed,within_cutoff,"No new evidence source. Trace source IDs through the approved Phase 1-6 ledgers. Owner review is workflow and underwriting-judgment metadata, not an observed borrower fact or post-cutoff analytical evidence; stated conditions remain open."
P7L-01144,data/phase7/processed/ULTIMATE_MATURITY_COMPARISON.csv,P7UM-004,$650m term / 5% amortization,SRC-001;SRC-002;SRC-003,STR-004;BASE;P6M-BASE-P-0060,phase7_record,owner_reviewed,within_cutoff,"No new evidence source. Trace source IDs through the approved Phase 1-6 ledgers. Owner review is workflow and underwriting-judgment metadata, not an observed borrower fact or post-cutoff analytical evidence; stated conditions remain open."
P7L-01145,data/phase7/processed/ULTIMATE_MATURITY_COMPARISON.csv,P7UM-005,$650m term / 7.5% amortization,SRC-001;SRC-002;SRC-003,STR-005;BASE;P6M-BASE-P-0060,phase7_record,owner_reviewed,within_cutoff,"No new evidence source. Trace source IDs through the approved Phase 1-6 ledgers. Owner review is workflow and underwriting-judgment metadata, not an observed borrower fact or post-cutoff analytical evidence; stated conditions remain open."
P7L-01146,data/phase7/processed/ULTIMATE_MATURITY_COMPARISON.csv,P7UM-006,$650m term / 15% amortization,SRC-001;SRC-002;SRC-003,STR-006;BASE;P6M-BASE-P-0060,phase7_record,owner_reviewed,within_cutoff,"No new evidence source. Trace source IDs through the approved Phase 1-6 ledgers. Owner review is workflow and underwriting-judgment metadata, not an observed borrower fact or post-cutoff analytical evidence; stated conditions remain open."
P7L-01147,data/phase7/processed/ULTIMATE_MATURITY_COMPARISON.csv,P7UM-007,$625m term / conditional $25m contribution / 7.5% amortization,SRC-001;SRC-002;SRC-003,STR-007;BASE;P6M-BASE-P-0060,phase7_record,owner_reviewed,within_cutoff,"No new evidence source. Trace source IDs through the approved Phase 1-6 ledgers. Owner review is workflow and underwriting-judgment metadata, not an observed borrower fact or post-cutoff analytical evidence; stated conditions remain open."
P7L-01148,data/phase7/processed/ULTIMATE_MATURITY_COMPARISON.csv,P7UM-008,$635m practical term / $15m conditional contribution / 7.5% amortization,SRC-001;SRC-002;SRC-003,STR-008;BASE;P6M-BASE-P-0060,phase7_record,owner_reviewed,within_cutoff,"No new evidence source. Trace source IDs through the approved Phase 1-6 ledgers. Owner review is workflow and underwriting-judgment metadata, not an observed borrower fact or post-cutoff analytical evidence; stated conditions remain open."
P7L-01149,data/phase7/processed/ULTIMATE_MATURITY_COMPARISON.csv,P7UM-009,Exact 3.25x analytical total-funded-debt boundary / 7.5% amortization,SRC-001;SRC-002;SRC-003,STR-009;BASE;P6M-BASE-P-0060,phase7_record,owner_reviewed,within_cutoff,"No new evidence source. Trace source IDs through the approved Phase 1-6 ledgers. Owner review is workflow and underwriting-judgment metadata, not an observed borrower fact or post-cutoff analytical evidence; stated conditions remain open."
P7L-01150,data/phase7/processed/ULTIMATE_MATURITY_COMPARISON.csv,P7UM-010,$640m rounded term / $10m contribution / reference revolver,SRC-001;SRC-002;SRC-003,STR-010;BASE;P6M-BASE-P-0060,phase7_record,owner_reviewed,within_cutoff,"No new evidence source. Trace source IDs through the approved Phase 1-6 ledgers. Owner review is workflow and underwriting-judgment metadata, not an observed borrower fact or post-cutoff analytical evidence; stated conditions remain open."
P7L-01151,data/phase7/processed/ULTIMATE_MATURITY_COMPARISON.csv,P7UM-011,$640m rounded term / exact non-debt source / reallocated revolver,SRC-001;SRC-002;SRC-003,STR-011;BASE;P6M-BASE-P-0060,phase7_record,owner_reviewed,within_cutoff,"No new evidence source. Trace source IDs through the approved Phase 1-6 ledgers. Owner review is workflow and underwriting-judgment metadata, not an observed borrower fact or post-cutoff analytical evidence; stated conditions remain open."
P7L-01152,data/phase7/processed/SOURCES_AND_USES_RECONCILIATION.csv,P7SU-001,Retain existing facilities,SRC-001;SRC-002;SRC-003,STR-001,phase7_record,owner_reviewed,within_cutoff,"No new evidence source. Trace source IDs through the approved Phase 1-6 ledgers. Owner review is workflow and underwriting-judgment metadata, not an observed borrower fact or post-cutoff analytical evidence; stated conditions remain open."
P7L-01153,data/phase7/processed/SOURCES_AND_USES_RECONCILIATION.csv,P7SU-002,Limited amendment or extension,SRC-001;SRC-002;SRC-003,STR-002,phase7_record,owner_reviewed,within_cutoff,"No new evidence source. Trace source IDs through the approved Phase 1-6 ledgers. Owner review is workflow and underwriting-judgment metadata, not an observed borrower fact or post-cutoff analytical evidence; stated conditions remain open."
P7L-01154,data/phase7/processed/SOURCES_AND_USES_RECONCILIATION.csv,P7SU-003,$650m reference term / 10% amortization,SRC-001;SRC-002;SRC-003,STR-003,phase7_record,owner_reviewed,within_cutoff,"No new evidence source. Trace source IDs through the approved Phase 1-6 ledgers. Owner review is workflow and underwriting-judgment metadata, not an observed borrower fact or post-cutoff analytical evidence; stated conditions remain open."
P7L-01155,data/phase7/processed/SOURCES_AND_USES_RECONCILIATION.csv,P7SU-004,$650m term / 5% amortization,SRC-001;SRC-002;SRC-003,STR-004,phase7_record,owner_reviewed,within_cutoff,"No new evidence source. Trace source IDs through the approved Phase 1-6 ledgers. Owner review is workflow and underwriting-judgment metadata, not an observed borrower fact or post-cutoff analytical evidence; stated conditions remain open."
P7L-01156,data/phase7/processed/SOURCES_AND_USES_RECONCILIATION.csv,P7SU-005,$650m term / 7.5% amortization,SRC-001;SRC-002;SRC-003,STR-005,phase7_record,owner_reviewed,within_cutoff,"No new evidence source. Trace source IDs through the approved Phase 1-6 ledgers. Owner review is workflow and underwriting-judgment metadata, not an observed borrower fact or post-cutoff analytical evidence; stated conditions remain open."
P7L-01157,data/phase7/processed/SOURCES_AND_USES_RECONCILIATION.csv,P7SU-006,$650m term / 15% amortization,SRC-001;SRC-002;SRC-003,STR-006,phase7_record,owner_reviewed,within_cutoff,"No new evidence source. Trace source IDs through the approved Phase 1-6 ledgers. Owner review is workflow and underwriting-judgment metadata, not an observed borrower fact or post-cutoff analytical evidence; stated conditions remain open."
P7L-01158,data/phase7/processed/SOURCES_AND_USES_RECONCILIATION.csv,P7SU-007,$625m term / conditional $25m contribution / 7.5% amortization,SRC-001;SRC-002;SRC-003,STR-007,phase7_record,owner_reviewed,within_cutoff,"No new evidence source. Trace source IDs through the approved Phase 1-6 ledgers. Owner review is workflow and underwriting-judgment metadata, not an observed borrower fact or post-cutoff analytical evidence; stated conditions remain open."
P7L-01159,data/phase7/processed/SOURCES_AND_USES_RECONCILIATION.csv,P7SU-008,$635m practical term / $15m conditional contribution / 7.5% amortization,SRC-001;SRC-002;SRC-003,STR-008,phase7_record,owner_reviewed,within_cutoff,"No new evidence source. Trace source IDs through the approved Phase 1-6 ledgers. Owner review is workflow and underwriting-judgment metadata, not an observed borrower fact or post-cutoff analytical evidence; stated conditions remain open."
P7L-01160,data/phase7/processed/SOURCES_AND_USES_RECONCILIATION.csv,P7SU-009,Exact 3.25x analytical total-funded-debt boundary / 7.5% amortization,SRC-001;SRC-002;SRC-003,STR-009,phase7_record,owner_reviewed,within_cutoff,"No new evidence source. Trace source IDs through the approved Phase 1-6 ledgers. Owner review is workflow and underwriting-judgment metadata, not an observed borrower fact or post-cutoff analytical evidence; stated conditions remain open."
P7L-01161,data/phase7/processed/SOURCES_AND_USES_RECONCILIATION.csv,P7SU-010,$640m rounded term / $10m contribution / reference revolver,SRC-001;SRC-002;SRC-003,STR-010,phase7_record,owner_reviewed,within_cutoff,"No new evidence source. Trace source IDs through the approved Phase 1-6 ledgers. Owner review is workflow and underwriting-judgment metadata, not an observed borrower fact or post-cutoff analytical evidence; stated conditions remain open."
P7L-01162,data/phase7/processed/SOURCES_AND_USES_RECONCILIATION.csv,P7SU-011,$640m rounded term / exact non-debt source / reallocated revolver,SRC-001;SRC-002;SRC-003,STR-011,phase7_record,owner_reviewed,within_cutoff,"No new evidence source. Trace source IDs through the approved Phase 1-6 ledgers. Owner review is workflow and underwriting-judgment metadata, not an observed borrower fact or post-cutoff analytical evidence; stated conditions remain open."
P7L-01163,data/phase7/processed/COVENANT_SUMMARY.csv,P7CS-001,record,SRC-001;SRC-002;SRC-003,STR-008;BASE;P7CT-0001;P7CT-0002;P7CT-0003;P7CT-0004;P7CT-0005;P7CT-0006;P7CT-0007;P7CT-0008;P7CT-0009;P7CT-0010;P7CT-0011;P7CT-0012;P7CT-0013;P7CT-0014;P7CT-0015;P7CT-0016;P7CT-0017;P7CT-0018;P7CT-0019;P7CT-0020,phase7_record,owner_reviewed,within_cutoff,"No new evidence source. Trace source IDs through the approved Phase 1-6 ledgers. Owner review is workflow and underwriting-judgment metadata, not an observed borrower fact or post-cutoff analytical evidence; stated conditions remain open."
P7L-01164,data/phase7/processed/COVENANT_SUMMARY.csv,P7CS-002,record,SRC-001;SRC-002;SRC-003,STR-008;MODERATE_UNMITIGATED;P7CT-0021;P7CT-0022;P7CT-0023;P7CT-0024;P7CT-0025;P7CT-0026;P7CT-0027;P7CT-0028;P7CT-0029;P7CT-0030;P7CT-0031;P7CT-0032;P7CT-0033;P7CT-0034;P7CT-0035;P7CT-0036;P7CT-0037;P7CT-0038;P7CT-0039;P7CT-0040,phase7_record,owner_reviewed,within_cutoff,"No new evidence source. Trace source IDs through the approved Phase 1-6 ledgers. Owner review is workflow and underwriting-judgment metadata, not an observed borrower fact or post-cutoff analytical evidence; stated conditions remain open."
P7L-01165,data/phase7/processed/COVENANT_SUMMARY.csv,P7CS-003,record,SRC-001;SRC-002;SRC-003,STR-008;SEVERE_UNMITIGATED;P7CT-0041;P7CT-0042;P7CT-0043;P7CT-0044;P7CT-0045;P7CT-0046;P7CT-0047;P7CT-0048;P7CT-0049;P7CT-0050;P7CT-0051;P7CT-0052;P7CT-0053;P7CT-0054;P7CT-0055;P7CT-0056;P7CT-0057;P7CT-0058;P7CT-0059;P7CT-0060,phase7_record,owner_reviewed,within_cutoff,"No new evidence source. Trace source IDs through the approved Phase 1-6 ledgers. Owner review is workflow and underwriting-judgment metadata, not an observed borrower fact or post-cutoff analytical evidence; stated conditions remain open."
P7L-01166,data/phase7/processed/COVENANT_SUMMARY.csv,P7CS-004,record,SRC-001;SRC-002;SRC-003,STR-008;MODERATE_MITIGATED;P7CT-0061;P7CT-0062;P7CT-0063;P7CT-0064;P7CT-0065;P7CT-0066;P7CT-0067;P7CT-0068;P7CT-0069;P7CT-0070;P7CT-0071;P7CT-0072;P7CT-0073;P7CT-0074;P7CT-0075;P7CT-0076;P7CT-0077;P7CT-0078;P7CT-0079;P7CT-0080,phase7_record,owner_reviewed,within_cutoff,"No new evidence source. Trace source IDs through the approved Phase 1-6 ledgers. Owner review is workflow and underwriting-judgment metadata, not an observed borrower fact or post-cutoff analytical evidence; stated conditions remain open."
P7L-01167,data/phase7/processed/COVENANT_SUMMARY.csv,P7CS-005,record,SRC-001;SRC-002;SRC-003,STR-008;SEVERE_MITIGATED;P7CT-0081;P7CT-0082;P7CT-0083;P7CT-0084;P7CT-0085;P7CT-0086;P7CT-0087;P7CT-0088;P7CT-0089;P7CT-0090;P7CT-0091;P7CT-0092;P7CT-0093;P7CT-0094;P7CT-0095;P7CT-0096;P7CT-0097;P7CT-0098;P7CT-0099;P7CT-0100,phase7_record,owner_reviewed,within_cutoff,"No new evidence source. Trace source IDs through the approved Phase 1-6 ledgers. Owner review is workflow and underwriting-judgment metadata, not an observed borrower fact or post-cutoff analytical evidence; stated conditions remain open."
P7L-01168,data/phase7/processed/COVENANT_SUMMARY.csv,P7CS-006,record,SRC-001;SRC-002;SRC-003,STR-008;MODERATE_NO_WAIVER;P7CT-0101;P7CT-0102;P7CT-0103;P7CT-0104;P7CT-0105;P7CT-0106;P7CT-0107;P7CT-0108;P7CT-0109;P7CT-0110;P7CT-0111;P7CT-0112;P7CT-0113;P7CT-0114;P7CT-0115;P7CT-0116;P7CT-0117;P7CT-0118;P7CT-0119;P7CT-0120,phase7_record,owner_reviewed,within_cutoff,"No new evidence source. Trace source IDs through the approved Phase 1-6 ledgers. Owner review is workflow and underwriting-judgment metadata, not an observed borrower fact or post-cutoff analytical evidence; stated conditions remain open."
P7L-01169,data/phase7/processed/COVENANT_SUMMARY.csv,P7CS-007,record,SRC-001;SRC-002;SRC-003,STR-008;SEVERE_NO_WAIVER;P7CT-0121;P7CT-0122;P7CT-0123;P7CT-0124;P7CT-0125;P7CT-0126;P7CT-0127;P7CT-0128;P7CT-0129;P7CT-0130;P7CT-0131;P7CT-0132;P7CT-0133;P7CT-0134;P7CT-0135;P7CT-0136;P7CT-0137;P7CT-0138;P7CT-0139;P7CT-0140,phase7_record,owner_reviewed,within_cutoff,"No new evidence source. Trace source IDs through the approved Phase 1-6 ledgers. Owner review is workflow and underwriting-judgment metadata, not an observed borrower fact or post-cutoff analytical evidence; stated conditions remain open."
P7L-01170,data/phase7/processed/COVENANT_SUMMARY.csv,P7CS-008,record,SRC-001;SRC-002;SRC-003,STR-008;MODERATE_PHASE7_COVENANT_NO_WAIVER;P7CT-0141;P7CT-0142;P7CT-0143;P7CT-0144;P7CT-0145;P7CT-0146;P7CT-0147;P7CT-0148;P7CT-0149;P7CT-0150;P7CT-0151;P7CT-0152;P7CT-0153;P7CT-0154;P7CT-0155;P7CT-0156;P7CT-0157;P7CT-0158;P7CT-0159;P7CT-0160,phase7_record,owner_reviewed,within_cutoff,"No new evidence source. Trace source IDs through the approved Phase 1-6 ledgers. Owner review is workflow and underwriting-judgment metadata, not an observed borrower fact or post-cutoff analytical evidence; stated conditions remain open."
P7L-01171,data/phase7/processed/COVENANT_SUMMARY.csv,P7CS-009,record,SRC-001;SRC-002;SRC-003,STR-008;SEVERE_PHASE7_COVENANT_NO_WAIVER;P7CT-0161;P7CT-0162;P7CT-0163;P7CT-0164;P7CT-0165;P7CT-0166;P7CT-0167;P7CT-0168;P7CT-0169;P7CT-0170;P7CT-0171;P7CT-0172;P7CT-0173;P7CT-0174;P7CT-0175;P7CT-0176;P7CT-0177;P7CT-0178;P7CT-0179;P7CT-0180,phase7_record,owner_reviewed,within_cutoff,"No new evidence source. Trace source IDs through the approved Phase 1-6 ledgers. Owner review is workflow and underwriting-judgment metadata, not an observed borrower fact or post-cutoff analytical evidence; stated conditions remain open."
P7L-01172,data/phase7/processed/LEVERAGE_COVENANT_COMPARISON.csv,P7LC-001,record,SRC-001;SRC-002;SRC-003,STR-008;MODERATE_PHASE7_COVENANT_NO_WAIVER,phase7_record,owner_reviewed,within_cutoff,"No new evidence source. Trace source IDs through the approved Phase 1-6 ledgers. Owner review is workflow and underwriting-judgment metadata, not an observed borrower fact or post-cutoff analytical evidence; stated conditions remain open."
P7L-01173,data/phase7/processed/LEVERAGE_COVENANT_COMPARISON.csv,P7LC-002,record,SRC-001;SRC-002;SRC-003,STR-008;MODERATE_PHASE7_325_COVENANT_NO_WAIVER,phase7_record,owner_reviewed,within_cutoff,"No new evidence source. Trace source IDs through the approved Phase 1-6 ledgers. Owner review is workflow and underwriting-judgment metadata, not an observed borrower fact or post-cutoff analytical evidence; stated conditions remain open."
P7L-01174,data/phase7/processed/LEVERAGE_COVENANT_COMPARISON.csv,P7LC-003,record,SRC-001;SRC-002;SRC-003,STR-008;SEVERE_PHASE7_COVENANT_NO_WAIVER,phase7_record,owner_reviewed,within_cutoff,"No new evidence source. Trace source IDs through the approved Phase 1-6 ledgers. Owner review is workflow and underwriting-judgment metadata, not an observed borrower fact or post-cutoff analytical evidence; stated conditions remain open."
P7L-01175,data/phase7/processed/LEVERAGE_COVENANT_COMPARISON.csv,P7LC-004,record,SRC-001;SRC-002;SRC-003,STR-008;SEVERE_PHASE7_325_COVENANT_NO_WAIVER,phase7_record,owner_reviewed,within_cutoff,"No new evidence source. Trace source IDs through the approved Phase 1-6 ledgers. Owner review is workflow and underwriting-judgment metadata, not an observed borrower fact or post-cutoff analytical evidence; stated conditions remain open."
P7L-01176,data/phase7/processed/PHASE8_MODEL_INPUTS.csv,P8I-001,record,SRC-001;SRC-002;SRC-003,P7FA-001,phase7_record,owner_reviewed,within_cutoff,"No new evidence source. Trace source IDs through the approved Phase 1-6 ledgers. Owner review is workflow and underwriting-judgment metadata, not an observed borrower fact or post-cutoff analytical evidence; stated conditions remain open."
P7L-01177,data/phase7/processed/PHASE8_MODEL_INPUTS.csv,P8I-002,record,SRC-001;SRC-002;SRC-003,P7FA-002,phase7_record,owner_reviewed,within_cutoff,"No new evidence source. Trace source IDs through the approved Phase 1-6 ledgers. Owner review is workflow and underwriting-judgment metadata, not an observed borrower fact or post-cutoff analytical evidence; stated conditions remain open."
P7L-01178,data/phase7/processed/PHASE8_MODEL_INPUTS.csv,P8I-003,record,SRC-001;SRC-002;SRC-003,P7FA-003,phase7_record,owner_reviewed,within_cutoff,"No new evidence source. Trace source IDs through the approved Phase 1-6 ledgers. Owner review is workflow and underwriting-judgment metadata, not an observed borrower fact or post-cutoff analytical evidence; stated conditions remain open."
P7L-01179,data/phase7/processed/PHASE8_MODEL_INPUTS.csv,P8I-004,record,SRC-001;SRC-002;SRC-003,P7FA-004,phase7_record,owner_reviewed,within_cutoff,"No new evidence source. Trace source IDs through the approved Phase 1-6 ledgers. Owner review is workflow and underwriting-judgment metadata, not an observed borrower fact or post-cutoff analytical evidence; stated conditions remain open."
P7L-01180,data/phase7/processed/PHASE8_MODEL_INPUTS.csv,P8I-005,record,SRC-001;SRC-002;SRC-003,P7FA-005,phase7_record,owner_reviewed,within_cutoff,"No new evidence source. Trace source IDs through the approved Phase 1-6 ledgers. Owner review is workflow and underwriting-judgment metadata, not an observed borrower fact or post-cutoff analytical evidence; stated conditions remain open."
P7L-01181,data/phase7/processed/PHASE8_MODEL_INPUTS.csv,P8I-006,record,SRC-001;SRC-002;SRC-003,P7FA-006,phase7_record,owner_reviewed,within_cutoff,"No new evidence source. Trace source IDs through the approved Phase 1-6 ledgers. Owner review is workflow and underwriting-judgment metadata, not an observed borrower fact or post-cutoff analytical evidence; stated conditions remain open."
P7L-01182,data/phase7/processed/PHASE8_MODEL_INPUTS.csv,P8I-007,record,SRC-001;SRC-002;SRC-003,P7FA-007,phase7_record,owner_reviewed,within_cutoff,"No new evidence source. Trace source IDs through the approved Phase 1-6 ledgers. Owner review is workflow and underwriting-judgment metadata, not an observed borrower fact or post-cutoff analytical evidence; stated conditions remain open."
P7L-01183,data/phase7/processed/PHASE8_MODEL_INPUTS.csv,P8I-008,record,SRC-001;SRC-002;SRC-003,P7FA-008,phase7_record,owner_reviewed,within_cutoff,"No new evidence source. Trace source IDs through the approved Phase 1-6 ledgers. Owner review is workflow and underwriting-judgment metadata, not an observed borrower fact or post-cutoff analytical evidence; stated conditions remain open."
P7L-01184,data/phase7/processed/PHASE8_MODEL_INPUTS.csv,P8I-009,record,SRC-001;SRC-002;SRC-003,P7FA-009,phase7_record,owner_reviewed,within_cutoff,"No new evidence source. Trace source IDs through the approved Phase 1-6 ledgers. Owner review is workflow and underwriting-judgment metadata, not an observed borrower fact or post-cutoff analytical evidence; stated conditions remain open."
P7L-01185,data/phase7/processed/PHASE8_MODEL_INPUTS.csv,P8I-010,record,SRC-001;SRC-002;SRC-003,P7FA-010,phase7_record,owner_reviewed,within_cutoff,"No new evidence source. Trace source IDs through the approved Phase 1-6 ledgers. Owner review is workflow and underwriting-judgment metadata, not an observed borrower fact or post-cutoff analytical evidence; stated conditions remain open."
P7L-01186,data/phase7/processed/PHASE8_MODEL_INPUTS.csv,P8I-011,record,SRC-001;SRC-002;SRC-003,P7FA-011,phase7_record,owner_reviewed,within_cutoff,"No new evidence source. Trace source IDs through the approved Phase 1-6 ledgers. Owner review is workflow and underwriting-judgment metadata, not an observed borrower fact or post-cutoff analytical evidence; stated conditions remain open."
P7L-01187,data/phase7/processed/PHASE8_MODEL_INPUTS.csv,P8I-012,record,SRC-001;SRC-002;SRC-003,P7FA-012,phase7_record,owner_reviewed,within_cutoff,"No new evidence source. Trace source IDs through the approved Phase 1-6 ledgers. Owner review is workflow and underwriting-judgment metadata, not an observed borrower fact or post-cutoff analytical evidence; stated conditions remain open."
P7L-01188,data/phase7/processed/PHASE8_MODEL_INPUTS.csv,P8I-013,record,SRC-001;SRC-002;SRC-003,P7FA-013,phase7_record,owner_reviewed,within_cutoff,"No new evidence source. Trace source IDs through the approved Phase 1-6 ledgers. Owner review is workflow and underwriting-judgment metadata, not an observed borrower fact or post-cutoff analytical evidence; stated conditions remain open."
P7L-01189,data/phase7/processed/PHASE8_MODEL_INPUTS.csv,P8I-014,record,SRC-001;SRC-002;SRC-003,P7FA-014,phase7_record,owner_reviewed,within_cutoff,"No new evidence source. Trace source IDs through the approved Phase 1-6 ledgers. Owner review is workflow and underwriting-judgment metadata, not an observed borrower fact or post-cutoff analytical evidence; stated conditions remain open."
P7L-01190,data/phase7/processed/PHASE8_MODEL_INPUTS.csv,P8I-015,record,SRC-001;SRC-002;SRC-003,P7FA-015,phase7_record,owner_reviewed,within_cutoff,"No new evidence source. Trace source IDs through the approved Phase 1-6 ledgers. Owner review is workflow and underwriting-judgment metadata, not an observed borrower fact or post-cutoff analytical evidence; stated conditions remain open."
P7L-01191,data/phase7/processed/PHASE8_MODEL_INPUTS.csv,P8I-016,record,SRC-001;SRC-002;SRC-003,P7FA-016,phase7_record,owner_reviewed,within_cutoff,"No new evidence source. Trace source IDs through the approved Phase 1-6 ledgers. Owner review is workflow and underwriting-judgment metadata, not an observed borrower fact or post-cutoff analytical evidence; stated conditions remain open."
P7L-01192,data/phase7/processed/PHASE8_MODEL_INPUTS.csv,P8I-017,record,SRC-001;SRC-002;SRC-003,P7FA-017,phase7_record,owner_reviewed,within_cutoff,"No new evidence source. Trace source IDs through the approved Phase 1-6 ledgers. Owner review is workflow and underwriting-judgment metadata, not an observed borrower fact or post-cutoff analytical evidence; stated conditions remain open."
P7L-01193,data/phase7/processed/PHASE8_MODEL_INPUTS.csv,P8I-018,record,SRC-001;SRC-002;SRC-003,P7FA-018,phase7_record,owner_reviewed,within_cutoff,"No new evidence source. Trace source IDs through the approved Phase 1-6 ledgers. Owner review is workflow and underwriting-judgment metadata, not an observed borrower fact or post-cutoff analytical evidence; stated conditions remain open."
P7L-01194,data/phase7/processed/PHASE8_MODEL_INPUTS.csv,P8I-019,record,SRC-001;SRC-002;SRC-003,P7FA-019,phase7_record,owner_reviewed,within_cutoff,"No new evidence source. Trace source IDs through the approved Phase 1-6 ledgers. Owner review is workflow and underwriting-judgment metadata, not an observed borrower fact or post-cutoff analytical evidence; stated conditions remain open."
P7L-01195,data/phase7/processed/PHASE8_MODEL_INPUTS.csv,P8I-020,record,SRC-001;SRC-002;SRC-003,P7FA-020,phase7_record,owner_reviewed,within_cutoff,"No new evidence source. Trace source IDs through the approved Phase 1-6 ledgers. Owner review is workflow and underwriting-judgment metadata, not an observed borrower fact or post-cutoff analytical evidence; stated conditions remain open."
P7L-01196,data/phase7/processed/PHASE8_MODEL_INPUTS.csv,P8I-021,record,SRC-001;SRC-002;SRC-003,P7FA-021,phase7_record,owner_reviewed,within_cutoff,"No new evidence source. Trace source IDs through the approved Phase 1-6 ledgers. Owner review is workflow and underwriting-judgment metadata, not an observed borrower fact or post-cutoff analytical evidence; stated conditions remain open."
P7L-01197,data/phase7/processed/PHASE8_MODEL_INPUTS.csv,P8I-022,record,SRC-001;SRC-002;SRC-003,P7FA-022,phase7_record,owner_reviewed,within_cutoff,"No new evidence source. Trace source IDs through the approved Phase 1-6 ledgers. Owner review is workflow and underwriting-judgment metadata, not an observed borrower fact or post-cutoff analytical evidence; stated conditions remain open."
P7L-01198,data/phase7/processed/PHASE8_MODEL_INPUTS.csv,P8I-023,record,SRC-001;SRC-002;SRC-003,P7FA-023,phase7_record,owner_reviewed,within_cutoff,"No new evidence source. Trace source IDs through the approved Phase 1-6 ledgers. Owner review is workflow and underwriting-judgment metadata, not an observed borrower fact or post-cutoff analytical evidence; stated conditions remain open."
P7L-01199,data/phase7/processed/PHASE8_MODEL_INPUTS.csv,P8I-024,record,SRC-001;SRC-002;SRC-003,P7FA-024,phase7_record,owner_reviewed,within_cutoff,"No new evidence source. Trace source IDs through the approved Phase 1-6 ledgers. Owner review is workflow and underwriting-judgment metadata, not an observed borrower fact or post-cutoff analytical evidence; stated conditions remain open."
P7L-01200,data/phase7/processed/PHASE8_MODEL_INPUTS.csv,P8I-025,record,SRC-001;SRC-002;SRC-003,P7FA-025,phase7_record,owner_reviewed,within_cutoff,"No new evidence source. Trace source IDs through the approved Phase 1-6 ledgers. Owner review is workflow and underwriting-judgment metadata, not an observed borrower fact or post-cutoff analytical evidence; stated conditions remain open."
P7L-01201,data/phase7/processed/PHASE8_MODEL_INPUTS.csv,P8I-026,record,SRC-001;SRC-002;SRC-003,P7FA-026,phase7_record,owner_reviewed,within_cutoff,"No new evidence source. Trace source IDs through the approved Phase 1-6 ledgers. Owner review is workflow and underwriting-judgment metadata, not an observed borrower fact or post-cutoff analytical evidence; stated conditions remain open."
P7L-01202,data/phase7/processed/PHASE8_MODEL_INPUTS.csv,P8I-027,record,SRC-001;SRC-002;SRC-003,P7FA-027,phase7_record,owner_reviewed,within_cutoff,"No new evidence source. Trace source IDs through the approved Phase 1-6 ledgers. Owner review is workflow and underwriting-judgment metadata, not an observed borrower fact or post-cutoff analytical evidence; stated conditions remain open."
P7L-01203,data/phase7/processed/PHASE8_MODEL_INPUTS.csv,P8I-028,record,SRC-001;SRC-002;SRC-003,P7FA-028,phase7_record,owner_reviewed,within_cutoff,"No new evidence source. Trace source IDs through the approved Phase 1-6 ledgers. Owner review is workflow and underwriting-judgment metadata, not an observed borrower fact or post-cutoff analytical evidence; stated conditions remain open."
P7L-01204,data/phase7/processed/PHASE8_MODEL_INPUTS.csv,P8I-029,record,SRC-001;SRC-002;SRC-003,P7FA-029,phase7_record,owner_reviewed,within_cutoff,"No new evidence source. Trace source IDs through the approved Phase 1-6 ledgers. Owner review is workflow and underwriting-judgment metadata, not an observed borrower fact or post-cutoff analytical evidence; stated conditions remain open."
P7L-01205,data/phase7/processed/PHASE8_MODEL_INPUTS.csv,P8I-030,record,SRC-001;SRC-002;SRC-003,P7FA-030,phase7_record,owner_reviewed,within_cutoff,"No new evidence source. Trace source IDs through the approved Phase 1-6 ledgers. Owner review is workflow and underwriting-judgment metadata, not an observed borrower fact or post-cutoff analytical evidence; stated conditions remain open."
P7L-01206,data/phase7/processed/PHASE8_MODEL_INPUTS.csv,P8I-031,record,SRC-001;SRC-002;SRC-003,P7FA-031,phase7_record,owner_reviewed,within_cutoff,"No new evidence source. Trace source IDs through the approved Phase 1-6 ledgers. Owner review is workflow and underwriting-judgment metadata, not an observed borrower fact or post-cutoff analytical evidence; stated conditions remain open."
P7L-01207,data/phase7/processed/PHASE8_MODEL_INPUTS.csv,P8I-032,record,SRC-001;SRC-002;SRC-003,P7FA-032,phase7_record,owner_reviewed,within_cutoff,"No new evidence source. Trace source IDs through the approved Phase 1-6 ledgers. Owner review is workflow and underwriting-judgment metadata, not an observed borrower fact or post-cutoff analytical evidence; stated conditions remain open."
P7L-01208,data/phase7/processed/PHASE8_MODEL_INPUTS.csv,P8I-033,record,SRC-001;SRC-002;SRC-003,P7FA-033,phase7_record,owner_reviewed,within_cutoff,"No new evidence source. Trace source IDs through the approved Phase 1-6 ledgers. Owner review is workflow and underwriting-judgment metadata, not an observed borrower fact or post-cutoff analytical evidence; stated conditions remain open."
P7L-01209,data/phase7/processed/PHASE8_MODEL_INPUTS.csv,P8I-034,record,SRC-001;SRC-002;SRC-003,P7FA-034,phase7_record,owner_reviewed,within_cutoff,"No new evidence source. Trace source IDs through the approved Phase 1-6 ledgers. Owner review is workflow and underwriting-judgment metadata, not an observed borrower fact or post-cutoff analytical evidence; stated conditions remain open."
P7L-01210,data/phase7/processed/PHASE8_MODEL_INPUTS.csv,P8I-035,record,SRC-001;SRC-002;SRC-003,P7FA-035,phase7_record,owner_reviewed,within_cutoff,"No new evidence source. Trace source IDs through the approved Phase 1-6 ledgers. Owner review is workflow and underwriting-judgment metadata, not an observed borrower fact or post-cutoff analytical evidence; stated conditions remain open."
P7L-01211,data/phase7/processed/PHASE8_MODEL_INPUTS.csv,P8I-036,record,SRC-001;SRC-002;SRC-003,P7FA-036,phase7_record,owner_reviewed,within_cutoff,"No new evidence source. Trace source IDs through the approved Phase 1-6 ledgers. Owner review is workflow and underwriting-judgment metadata, not an observed borrower fact or post-cutoff analytical evidence; stated conditions remain open."
P7L-01212,data/phase7/processed/PHASE8_MODEL_INPUTS.csv,P8I-037,record,SRC-001;SRC-002;SRC-003,P7FA-037,phase7_record,owner_reviewed,within_cutoff,"No new evidence source. Trace source IDs through the approved Phase 1-6 ledgers. Owner review is workflow and underwriting-judgment metadata, not an observed borrower fact or post-cutoff analytical evidence; stated conditions remain open."
P7L-01213,data/phase7/processed/PHASE8_MODEL_INPUTS.csv,P8I-038,record,SRC-001;SRC-002;SRC-003,P7FA-038,phase7_record,owner_reviewed,within_cutoff,"No new evidence source. Trace source IDs through the approved Phase 1-6 ledgers. Owner review is workflow and underwriting-judgment metadata, not an observed borrower fact or post-cutoff analytical evidence; stated conditions remain open."
P7L-01214,data/phase7/processed/PHASE8_MODEL_INPUTS.csv,P8I-039,record,SRC-001;SRC-002;SRC-003,P7FA-039,phase7_record,owner_reviewed,within_cutoff,"No new evidence source. Trace source IDs through the approved Phase 1-6 ledgers. Owner review is workflow and underwriting-judgment metadata, not an observed borrower fact or post-cutoff analytical evidence; stated conditions remain open."
P7L-01215,data/phase7/processed/PHASE8_MODEL_INPUTS.csv,P8I-040,record,SRC-001;SRC-002;SRC-003,P7FA-040,phase7_record,owner_reviewed,within_cutoff,"No new evidence source. Trace source IDs through the approved Phase 1-6 ledgers. Owner review is workflow and underwriting-judgment metadata, not an observed borrower fact or post-cutoff analytical evidence; stated conditions remain open."
P7L-01216,data/phase7/processed/PHASE8_MODEL_INPUTS.csv,P8I-041,record,SRC-001;SRC-002;SRC-003,P7FA-041,phase7_record,owner_reviewed,within_cutoff,"No new evidence source. Trace source IDs through the approved Phase 1-6 ledgers. Owner review is workflow and underwriting-judgment metadata, not an observed borrower fact or post-cutoff analytical evidence; stated conditions remain open."
P7L-01217,data/phase7/processed/PHASE8_MODEL_INPUTS.csv,P8I-042,record,SRC-001;SRC-002;SRC-003,P7FA-042,phase7_record,owner_reviewed,within_cutoff,"No new evidence source. Trace source IDs through the approved Phase 1-6 ledgers. Owner review is workflow and underwriting-judgment metadata, not an observed borrower fact or post-cutoff analytical evidence; stated conditions remain open."
P7L-01218,data/phase7/processed/PHASE8_MODEL_INPUTS.csv,P8I-043,record,SRC-001;SRC-002;SRC-003,P7FA-043,phase7_record,owner_reviewed,within_cutoff,"No new evidence source. Trace source IDs through the approved Phase 1-6 ledgers. Owner review is workflow and underwriting-judgment metadata, not an observed borrower fact or post-cutoff analytical evidence; stated conditions remain open."
P7L-01219,data/phase7/processed/PHASE8_MODEL_INPUTS.csv,P8I-044,record,SRC-001;SRC-002;SRC-003,P7FA-044,phase7_record,owner_reviewed,within_cutoff,"No new evidence source. Trace source IDs through the approved Phase 1-6 ledgers. Owner review is workflow and underwriting-judgment metadata, not an observed borrower fact or post-cutoff analytical evidence; stated conditions remain open."
P7L-01220,data/phase7/processed/VALIDATION_RESULTS.csv,P7V-001,approved Phase 6 checkpoint recorded,SRC-001;SRC-002;SRC-003,P7V-001,phase7_record,owner_reviewed,within_cutoff,"No new evidence source. Trace source IDs through the approved Phase 1-6 ledgers. Owner review is workflow and underwriting-judgment metadata, not an observed borrower fact or post-cutoff analytical evidence; stated conditions remain open."
P7L-01221,data/phase7/processed/VALIDATION_RESULTS.csv,P7V-002,protected Phase 0-6 analytical artifacts unchanged,SRC-001;SRC-002;SRC-003,P7V-002,phase7_record,owner_reviewed,within_cutoff,"No new evidence source. Trace source IDs through the approved Phase 1-6 ledgers. Owner review is workflow and underwriting-judgment metadata, not an observed borrower fact or post-cutoff analytical evidence; stated conditions remain open."
P7L-01222,data/phase7/processed/VALIDATION_RESULTS.csv,P7V-003,structure alternatives include existing and amendment,SRC-001;SRC-002;SRC-003,P7V-003,phase7_record,owner_reviewed,within_cutoff,"No new evidence source. Trace source IDs through the approved Phase 1-6 ledgers. Owner review is workflow and underwriting-judgment metadata, not an observed borrower fact or post-cutoff analytical evidence; stated conditions remain open."
P7L-01223,data/phase7/processed/VALIDATION_RESULTS.csv,P7V-004,required amortization sensitivities,SRC-001;SRC-002;SRC-003,P7V-004,phase7_record,owner_reviewed,within_cutoff,"No new evidence source. Trace source IDs through the approved Phase 1-6 ledgers. Owner review is workflow and underwriting-judgment metadata, not an observed borrower fact or post-cutoff analytical evidence; stated conditions remain open."
P7L-01224,data/phase7/processed/VALIDATION_RESULTS.csv,P7V-005,reference opening term,SRC-001;SRC-002;SRC-003,P7V-005,phase7_record,owner_reviewed,within_cutoff,"No new evidence source. Trace source IDs through the approved Phase 1-6 ledgers. Owner review is workflow and underwriting-judgment metadata, not an observed borrower fact or post-cutoff analytical evidence; stated conditions remain open."
P7L-01225,data/phase7/processed/VALIDATION_RESULTS.csv,P7V-006,reference opening revolver,SRC-001;SRC-002;SRC-003,P7V-006,phase7_record,owner_reviewed,within_cutoff,"No new evidence source. Trace source IDs through the approved Phase 1-6 ledgers. Owner review is workflow and underwriting-judgment metadata, not an observed borrower fact or post-cutoff analytical evidence; stated conditions remain open."
P7L-01226,data/phase7/processed/VALIDATION_RESULTS.csv,P7V-007,reference opening bank debt,SRC-001;SRC-002;SRC-003,P7V-007,phase7_record,owner_reviewed,within_cutoff,"No new evidence source. Trace source IDs through the approved Phase 1-6 ledgers. Owner review is workflow and underwriting-judgment metadata, not an observed borrower fact or post-cutoff analytical evidence; stated conditions remain open."
P7L-01227,data/phase7/processed/VALIDATION_RESULTS.csv,P7V-008,total-funded-debt capacity labeled separately,SRC-001;SRC-002;SRC-003,P7V-008,phase7_record,owner_reviewed,within_cutoff,"No new evidence source. Trace source IDs through the approved Phase 1-6 ledgers. Owner review is workflow and underwriting-judgment metadata, not an observed borrower fact or post-cutoff analytical evidence; stated conditions remain open."
P7L-01228,data/phase7/processed/VALIDATION_RESULTS.csv,P7V-009,exact analytical term allocation retained separately,SRC-001;SRC-002;SRC-003,P7V-009,phase7_record,owner_reviewed,within_cutoff,"No new evidence source. Trace source IDs through the approved Phase 1-6 ledgers. Owner review is workflow and underwriting-judgment metadata, not an observed borrower fact or post-cutoff analytical evidence; stated conditions remain open."
P7L-01229,data/phase7/processed/VALIDATION_RESULTS.csv,P7V-010,selected practical term amount,SRC-001;SRC-002;SRC-003,P7V-010,phase7_record,owner_reviewed,within_cutoff,"No new evidence source. Trace source IDs through the approved Phase 1-6 ledgers. Owner review is workflow and underwriting-judgment metadata, not an observed borrower fact or post-cutoff analytical evidence; stated conditions remain open."
P7L-01230,data/phase7/processed/VALIDATION_RESULTS.csv,P7V-011,smaller term has real non-debt source,SRC-001;SRC-002;SRC-003,P7V-011,phase7_record,owner_reviewed,within_cutoff,"No new evidence source. Trace source IDs through the approved Phase 1-6 ledgers. Owner review is workflow and underwriting-judgment metadata, not an observed borrower fact or post-cutoff analytical evidence; stated conditions remain open."
P7L-01231,data/phase7/processed/VALIDATION_RESULTS.csv,P7V-012,operating cash floor not used as contribution,SRC-001;SRC-002;SRC-003,P7V-012,phase7_record,owner_reviewed,within_cutoff,"No new evidence source. Trace source IDs through the approved Phase 1-6 ledgers. Owner review is workflow and underwriting-judgment metadata, not an observed borrower fact or post-cutoff analytical evidence; stated conditions remain open."
P7L-01232,data/phase7/processed/VALIDATION_RESULTS.csv,P7V-013,Phase 6 reference maturity gap retained,SRC-001;SRC-002;SRC-003,P7V-013,phase7_record,owner_reviewed,within_cutoff,"No new evidence source. Trace source IDs through the approved Phase 1-6 ledgers. Owner review is workflow and underwriting-judgment metadata, not an observed borrower fact or post-cutoff analytical evidence; stated conditions remain open."
P7L-01233,data/phase7/processed/VALIDATION_RESULTS.csv,P7V-014,Phase 6 reference all-in minimum liquidity retained,SRC-001;SRC-002;SRC-003,P7V-014,phase7_record,owner_reviewed,within_cutoff,"No new evidence source. Trace source IDs through the approved Phase 1-6 ledgers. Owner review is workflow and underwriting-judgment metadata, not an observed borrower fact or post-cutoff analytical evidence; stated conditions remain open."
P7L-01234,data/phase7/processed/VALIDATION_RESULTS.csv,P7V-015,Phase 5 reference all-in minimum liquidity retained,SRC-001;SRC-002;SRC-003,P7V-015,phase7_record,owner_reviewed,within_cutoff,"No new evidence source. Trace source IDs through the approved Phase 1-6 ledgers. Owner review is workflow and underwriting-judgment metadata, not an observed borrower fact or post-cutoff analytical evidence; stated conditions remain open."
P7L-01235,data/phase7/processed/VALIDATION_RESULTS.csv,P7V-016,three covenant frameworks remain distinct,SRC-001;SRC-002;SRC-003,P7V-016,phase7_record,owner_reviewed,within_cutoff,"No new evidence source. Trace source IDs through the approved Phase 1-6 ledgers. Owner review is workflow and underwriting-judgment metadata, not an observed borrower fact or post-cutoff analytical evidence; stated conditions remain open."
P7L-01236,data/phase7/processed/VALIDATION_RESULTS.csv,P7V-017,proposed leverage uses zero cash,SRC-001;SRC-002;SRC-003,P7V-017,phase7_record,owner_reviewed,within_cutoff,"No new evidence source. Trace source IDs through the approved Phase 1-6 ledgers. Owner review is workflow and underwriting-judgment metadata, not an observed borrower fact or post-cutoff analytical evidence; stated conditions remain open."
P7L-01237,data/phase7/processed/VALIDATION_RESULTS.csv,P7V-018,drawn revolver included,SRC-001;SRC-002;SRC-003,P7V-018,phase7_record,owner_reviewed,within_cutoff,"No new evidence source. Trace source IDs through the approved Phase 1-6 ledgers. Owner review is workflow and underwriting-judgment metadata, not an observed borrower fact or post-cutoff analytical evidence; stated conditions remain open."
P7L-01238,data/phase7/processed/VALIDATION_RESULTS.csv,P7V-019,book cash remains diagnostic,SRC-001;SRC-002;SRC-003,P7V-019,phase7_record,owner_reviewed,within_cutoff,"No new evidence source. Trace source IDs through the approved Phase 1-6 ledgers. Owner review is workflow and underwriting-judgment metadata, not an observed borrower fact or post-cutoff analytical evidence; stated conditions remain open."
P7L-01239,data/phase7/processed/VALIDATION_RESULTS.csv,P7V-020,leverage warnings at or inside covenants,SRC-001;SRC-002;SRC-003,P7V-020,phase7_record,owner_reviewed,within_cutoff,"No new evidence source. Trace source IDs through the approved Phase 1-6 ledgers. Owner review is workflow and underwriting-judgment metadata, not an observed borrower fact or post-cutoff analytical evidence; stated conditions remain open."
P7L-01240,data/phase7/processed/VALIDATION_RESULTS.csv,P7V-021,one increment below warning,SRC-001;SRC-002;SRC-003,P7V-021,phase7_record,owner_reviewed,within_cutoff,"No new evidence source. Trace source IDs through the approved Phase 1-6 ledgers. Owner review is workflow and underwriting-judgment metadata, not an observed borrower fact or post-cutoff analytical evidence; stated conditions remain open."
P7L-01241,data/phase7/processed/VALIDATION_RESULTS.csv,P7V-022,exact warning boundary,SRC-001;SRC-002;SRC-003,P7V-022,phase7_record,owner_reviewed,within_cutoff,"No new evidence source. Trace source IDs through the approved Phase 1-6 ledgers. Owner review is workflow and underwriting-judgment metadata, not an observed borrower fact or post-cutoff analytical evidence; stated conditions remain open."
P7L-01242,data/phase7/processed/VALIDATION_RESULTS.csv,P7V-023,one increment above warning,SRC-001;SRC-002;SRC-003,P7V-023,phase7_record,owner_reviewed,within_cutoff,"No new evidence source. Trace source IDs through the approved Phase 1-6 ledgers. Owner review is workflow and underwriting-judgment metadata, not an observed borrower fact or post-cutoff analytical evidence; stated conditions remain open."
P7L-01243,data/phase7/processed/VALIDATION_RESULTS.csv,P7V-024,exact maximum covenant boundary,SRC-001;SRC-002;SRC-003,P7V-024,phase7_record,owner_reviewed,within_cutoff,"No new evidence source. Trace source IDs through the approved Phase 1-6 ledgers. Owner review is workflow and underwriting-judgment metadata, not an observed borrower fact or post-cutoff analytical evidence; stated conditions remain open."
P7L-01244,data/phase7/processed/VALIDATION_RESULTS.csv,P7V-025,one increment above maximum covenant,SRC-001;SRC-002;SRC-003,P7V-025,phase7_record,owner_reviewed,within_cutoff,"No new evidence source. Trace source IDs through the approved Phase 1-6 ledgers. Owner review is workflow and underwriting-judgment metadata, not an observed borrower fact or post-cutoff analytical evidence; stated conditions remain open."
P7L-01245,data/phase7/processed/VALIDATION_RESULTS.csv,P7V-026,coverage warning inside covenant,SRC-001;SRC-002;SRC-003,P7V-026,phase7_record,owner_reviewed,within_cutoff,"No new evidence source. Trace source IDs through the approved Phase 1-6 ledgers. Owner review is workflow and underwriting-judgment metadata, not an observed borrower fact or post-cutoff analytical evidence; stated conditions remain open."
P7L-01246,data/phase7/processed/VALIDATION_RESULTS.csv,P7V-027,liquidity warning inside covenant,SRC-001;SRC-002;SRC-003,P7V-027,phase7_record,owner_reviewed,within_cutoff,"No new evidence source. Trace source IDs through the approved Phase 1-6 ledgers. Owner review is workflow and underwriting-judgment metadata, not an observed borrower fact or post-cutoff analytical evidence; stated conditions remain open."
P7L-01247,data/phase7/processed/VALIDATION_RESULTS.csv,P7V-028,one increment above coverage warning,SRC-001;SRC-002;SRC-003,P7V-028,phase7_record,owner_reviewed,within_cutoff,"No new evidence source. Trace source IDs through the approved Phase 1-6 ledgers. Owner review is workflow and underwriting-judgment metadata, not an observed borrower fact or post-cutoff analytical evidence; stated conditions remain open."
P7L-01248,data/phase7/processed/VALIDATION_RESULTS.csv,P7V-029,exact coverage warning boundary,SRC-001;SRC-002;SRC-003,P7V-029,phase7_record,owner_reviewed,within_cutoff,"No new evidence source. Trace source IDs through the approved Phase 1-6 ledgers. Owner review is workflow and underwriting-judgment metadata, not an observed borrower fact or post-cutoff analytical evidence; stated conditions remain open."
P7L-01249,data/phase7/processed/VALIDATION_RESULTS.csv,P7V-030,one increment below coverage warning,SRC-001;SRC-002;SRC-003,P7V-030,phase7_record,owner_reviewed,within_cutoff,"No new evidence source. Trace source IDs through the approved Phase 1-6 ledgers. Owner review is workflow and underwriting-judgment metadata, not an observed borrower fact or post-cutoff analytical evidence; stated conditions remain open."
P7L-01250,data/phase7/processed/VALIDATION_RESULTS.csv,P7V-031,one increment above liquidity warning,SRC-001;SRC-002;SRC-003,P7V-031,phase7_record,owner_reviewed,within_cutoff,"No new evidence source. Trace source IDs through the approved Phase 1-6 ledgers. Owner review is workflow and underwriting-judgment metadata, not an observed borrower fact or post-cutoff analytical evidence; stated conditions remain open."
P7L-01251,data/phase7/processed/VALIDATION_RESULTS.csv,P7V-032,exact liquidity warning boundary,SRC-001;SRC-002;SRC-003,P7V-032,phase7_record,owner_reviewed,within_cutoff,"No new evidence source. Trace source IDs through the approved Phase 1-6 ledgers. Owner review is workflow and underwriting-judgment metadata, not an observed borrower fact or post-cutoff analytical evidence; stated conditions remain open."
P7L-01252,data/phase7/processed/VALIDATION_RESULTS.csv,P7V-033,one increment below liquidity warning,SRC-001;SRC-002;SRC-003,P7V-033,phase7_record,owner_reviewed,within_cutoff,"No new evidence source. Trace source IDs through the approved Phase 1-6 ledgers. Owner review is workflow and underwriting-judgment metadata, not an observed borrower fact or post-cutoff analytical evidence; stated conditions remain open."
P7L-01253,data/phase7/processed/VALIDATION_RESULTS.csv,P7V-034,leverage headroom formula,SRC-001;SRC-002;SRC-003,P7V-034,phase7_record,owner_reviewed,within_cutoff,"No new evidence source. Trace source IDs through the approved Phase 1-6 ledgers. Owner review is workflow and underwriting-judgment metadata, not an observed borrower fact or post-cutoff analytical evidence; stated conditions remain open."
P7L-01254,data/phase7/processed/VALIDATION_RESULTS.csv,P7V-035,no negative or zero EBITDA ratios,SRC-001;SRC-002;SRC-003,P7V-035,phase7_record,owner_reviewed,within_cutoff,"No new evidence source. Trace source IDs through the approved Phase 1-6 ledgers. Owner review is workflow and underwriting-judgment metadata, not an observed borrower fact or post-cutoff analytical evidence; stated conditions remain open."
P7L-01255,data/phase7/processed/VALIDATION_RESULTS.csv,P7V-036,missing coverage is N/D,SRC-001;SRC-002;SRC-003,P7V-036,phase7_record,owner_reviewed,within_cutoff,"No new evidence source. Trace source IDs through the approved Phase 1-6 ledgers. Owner review is workflow and underwriting-judgment metadata, not an observed borrower fact or post-cutoff analytical evidence; stated conditions remain open."
P7L-01256,data/phase7/processed/VALIDATION_RESULTS.csv,P7V-037,zero coverage denominator is N/M,SRC-001;SRC-002;SRC-003,P7V-037,phase7_record,owner_reviewed,within_cutoff,"No new evidence source. Trace source IDs through the approved Phase 1-6 ledgers. Owner review is workflow and underwriting-judgment metadata, not an observed borrower fact or post-cutoff analytical evidence; stated conditions remain open."
P7L-01257,data/phase7/processed/VALIDATION_RESULTS.csv,P7V-038,negative coverage denominator is N/M,SRC-001;SRC-002;SRC-003,P7V-038,phase7_record,owner_reviewed,within_cutoff,"No new evidence source. Trace source IDs through the approved Phase 1-6 ledgers. Owner review is workflow and underwriting-judgment metadata, not an observed borrower fact or post-cutoff analytical evidence; stated conditions remain open."
P7L-01258,data/phase7/processed/VALIDATION_RESULTS.csv,P7V-039,cash floor distinct from liquidity covenant,SRC-001;SRC-002;SRC-003,P7V-039,phase7_record,owner_reviewed,within_cutoff,"No new evidence source. Trace source IDs through the approved Phase 1-6 ledgers. Owner review is workflow and underwriting-judgment metadata, not an observed borrower fact or post-cutoff analytical evidence; stated conditions remain open."
P7L-01259,data/phase7/processed/VALIDATION_RESULTS.csv,P7V-040,ECF sweep rate,SRC-001;SRC-002;SRC-003,P7V-040,phase7_record,owner_reviewed,within_cutoff,"No new evidence source. Trace source IDs through the approved Phase 1-6 ledgers. Owner review is workflow and underwriting-judgment metadata, not an observed borrower fact or post-cutoff analytical evidence; stated conditions remain open."
P7L-01260,data/phase7/processed/VALIDATION_RESULTS.csv,P7V-041,ECF excludes distributions as deductions,SRC-001;SRC-002;SRC-003,P7V-041,phase7_record,owner_reviewed,within_cutoff,"No new evidence source. Trace source IDs through the approved Phase 1-6 ledgers. Owner review is workflow and underwriting-judgment metadata, not an observed borrower fact or post-cutoff analytical evidence; stated conditions remain open."
P7L-01261,data/phase7/processed/VALIDATION_RESULTS.csv,P7V-042,no Phase 7 cash-flow credit for restrictions,SRC-001;SRC-002;SRC-003,P7V-042,phase7_record,owner_reviewed,within_cutoff,"No new evidence source. Trace source IDs through the approved Phase 1-6 ledgers. Owner review is workflow and underwriting-judgment metadata, not an observed borrower fact or post-cutoff analytical evidence; stated conditions remain open."
P7L-01262,data/phase7/processed/VALIDATION_RESULTS.csv,P7V-043,both repurchase interpretations tested,SRC-001;SRC-002;SRC-003,P7V-043,phase7_record,owner_reviewed,within_cutoff,"No new evidence source. Trace source IDs through the approved Phase 1-6 ledgers. Owner review is workflow and underwriting-judgment metadata, not an observed borrower fact or post-cutoff analytical evidence; stated conditions remain open."
P7L-01263,data/phase7/processed/VALIDATION_RESULTS.csv,P7V-044,three drawability paths remain separate,SRC-001;SRC-002;SRC-003,P7V-044,phase7_record,owner_reviewed,within_cutoff,"No new evidence source. Trace source IDs through the approved Phase 1-6 ledgers. Owner review is workflow and underwriting-judgment metadata, not an observed borrower fact or post-cutoff analytical evidence; stated conditions remain open."
P7L-01264,data/phase7/processed/VALIDATION_RESULTS.csv,P7V-045,warning alone never shuts off Phase 7 draws,SRC-001;SRC-002;SRC-003,P7V-045,phase7_record,owner_reviewed,within_cutoff,"No new evidence source. Trace source IDs through the approved Phase 1-6 ledgers. Owner review is workflow and underwriting-judgment metadata, not an observed borrower fact or post-cutoff analytical evidence; stated conditions remain open."
P7L-01265,data/phase7/processed/VALIDATION_RESULTS.csv,P7V-046,no circular liquidity trigger,SRC-001;SRC-002;SRC-003,P7V-046,phase7_record,owner_reviewed,within_cutoff,"No new evidence source. Trace source IDs through the approved Phase 1-6 ledgers. Owner review is workflow and underwriting-judgment metadata, not an observed borrower fact or post-cutoff analytical evidence; stated conditions remain open."
P7L-01266,data/phase7/processed/VALIDATION_RESULTS.csv,P7V-047,common horizon fixed,SRC-001;SRC-002;SRC-003,P7V-047,phase7_record,owner_reviewed,within_cutoff,"No new evidence source. Trace source IDs through the approved Phase 1-6 ledgers. Owner review is workflow and underwriting-judgment metadata, not an observed borrower fact or post-cutoff analytical evidence; stated conditions remain open."
P7L-01267,data/phase7/processed/VALIDATION_RESULTS.csv,P7V-048,all-in liquidity is lower of opening and subsequent,SRC-001;SRC-002;SRC-003,P7V-048,phase7_record,owner_reviewed,within_cutoff,"No new evidence source. Trace source IDs through the approved Phase 1-6 ledgers. Owner review is workflow and underwriting-judgment metadata, not an observed borrower fact or post-cutoff analytical evidence; stated conditions remain open."
P7L-01268,data/phase7/processed/VALIDATION_RESULTS.csv,P7V-049,opening-position label used when opening is minimum,SRC-001;SRC-002;SRC-003,P7V-049,phase7_record,owner_reviewed,within_cutoff,"No new evidence source. Trace source IDs through the approved Phase 1-6 ledgers. Owner review is workflow and underwriting-judgment metadata, not an observed borrower fact or post-cutoff analytical evidence; stated conditions remain open."
P7L-01269,data/phase7/processed/VALIDATION_RESULTS.csv,P7V-050,subsequent date retained when later liquidity is lower,SRC-001;SRC-002;SRC-003,P7V-050,phase7_record,owner_reviewed,within_cutoff,"No new evidence source. Trace source IDs through the approved Phase 1-6 ledgers. Owner review is workflow and underwriting-judgment metadata, not an observed borrower fact or post-cutoff analytical evidence; stated conditions remain open."
P7L-01270,data/phase7/processed/VALIDATION_RESULTS.csv,P7V-051,no ambiguous minimum-liquidity output field,SRC-001;SRC-002;SRC-003,P7V-051,phase7_record,owner_reviewed,within_cutoff,"No new evidence source. Trace source IDs through the approved Phase 1-6 ledgers. Owner review is workflow and underwriting-judgment metadata, not an observed borrower fact or post-cutoff analytical evidence; stated conditions remain open."
P7L-01271,data/phase7/processed/VALIDATION_RESULTS.csv,P7V-052,ultimate maturities separately labeled,SRC-001;SRC-002;SRC-003,P7V-052,phase7_record,owner_reviewed,within_cutoff,"No new evidence source. Trace source IDs through the approved Phase 1-6 ledgers. Owner review is workflow and underwriting-judgment metadata, not an observed borrower fact or post-cutoff analytical evidence; stated conditions remain open."
P7L-01272,data/phase7/processed/VALIDATION_RESULTS.csv,P7V-053,sources equal uses for proposed candidates,SRC-001;SRC-002;SRC-003,P7V-053,phase7_record,owner_reviewed,within_cutoff,"No new evidence source. Trace source IDs through the approved Phase 1-6 ledgers. Owner review is workflow and underwriting-judgment metadata, not an observed borrower fact or post-cutoff analytical evidence; stated conditions remain open."
P7L-01273,data/phase7/processed/VALIDATION_RESULTS.csv,P7V-054,practical rounded alternatives present,SRC-001;SRC-002;SRC-003,P7V-054,phase7_record,owner_reviewed,within_cutoff,"No new evidence source. Trace source IDs through the approved Phase 1-6 ledgers. Owner review is workflow and underwriting-judgment metadata, not an observed borrower fact or post-cutoff analytical evidence; stated conditions remain open."
P7L-01274,data/phase7/processed/VALIDATION_RESULTS.csv,P7V-055,term and revolver allocation preserves total bank debt,SRC-001;SRC-002;SRC-003,P7V-055,phase7_record,owner_reviewed,within_cutoff,"No new evidence source. Trace source IDs through the approved Phase 1-6 ledgers. Owner review is workflow and underwriting-judgment metadata, not an observed borrower fact or post-cutoff analytical evidence; stated conditions remain open."
P7L-01275,data/phase7/processed/VALIDATION_RESULTS.csv,P7V-056,complete covenant summary paths,SRC-001;SRC-002;SRC-003,P7V-056,phase7_record,owner_reviewed,within_cutoff,"No new evidence source. Trace source IDs through the approved Phase 1-6 ledgers. Owner review is workflow and underwriting-judgment metadata, not an observed borrower fact or post-cutoff analytical evidence; stated conditions remain open."
P7L-01276,data/phase7/processed/VALIDATION_RESULTS.csv,P7V-057,3.25x versus 3.50x comparison,SRC-001;SRC-002;SRC-003,P7V-057,phase7_record,owner_reviewed,within_cutoff,"No new evidence source. Trace source IDs through the approved Phase 1-6 ledgers. Owner review is workflow and underwriting-judgment metadata, not an observed borrower fact or post-cutoff analytical evidence; stated conditions remain open."
P7L-01277,data/phase7/processed/VALIDATION_RESULTS.csv,P7V-058,no refinancing proceeds,SRC-001;SRC-002;SRC-003,P7V-058,phase7_record,owner_reviewed,within_cutoff,"No new evidence source. Trace source IDs through the approved Phase 1-6 ledgers. Owner review is workflow and underwriting-judgment metadata, not an observed borrower fact or post-cutoff analytical evidence; stated conditions remain open."
P7L-01278,data/phase7/processed/VALIDATION_RESULTS.csv,P7V-059,all Phase 7 judgments owner reviewed,SRC-001;SRC-002;SRC-003,P7V-059,phase7_record,owner_reviewed,within_cutoff,"No new evidence source. Trace source IDs through the approved Phase 1-6 ledgers. Owner review is workflow and underwriting-judgment metadata, not an observed borrower fact or post-cutoff analytical evidence; stated conditions remain open."
P7L-01279,data/phase7/processed/VALIDATION_RESULTS.csv,P7V-060,all 21 human decisions owner reviewed,SRC-001;SRC-002;SRC-003,P7V-060,phase7_record,owner_reviewed,within_cutoff,"No new evidence source. Trace source IDs through the approved Phase 1-6 ledgers. Owner review is workflow and underwriting-judgment metadata, not an observed borrower fact or post-cutoff analytical evidence; stated conditions remain open."
P7L-01280,data/phase7/processed/VALIDATION_RESULTS.csv,P7V-061,owner review note preserves approval limitations,SRC-001;SRC-002;SRC-003,P7V-061,phase7_record,owner_reviewed,within_cutoff,"No new evidence source. Trace source IDs through the approved Phase 1-6 ledgers. Owner review is workflow and underwriting-judgment metadata, not an observed borrower fact or post-cutoff analytical evidence; stated conditions remain open."
P7L-01281,data/phase7/processed/VALIDATION_RESULTS.csv,P7V-062,source IDs valid,SRC-001;SRC-002;SRC-003,P7V-062,phase7_record,owner_reviewed,within_cutoff,"No new evidence source. Trace source IDs through the approved Phase 1-6 ledgers. Owner review is workflow and underwriting-judgment metadata, not an observed borrower fact or post-cutoff analytical evidence; stated conditions remain open."
P7L-01282,data/phase7/processed/VALIDATION_RESULTS.csv,P7V-063,no new source IDs,SRC-001;SRC-002;SRC-003,P7V-063,phase7_record,owner_reviewed,within_cutoff,"No new evidence source. Trace source IDs through the approved Phase 1-6 ledgers. Owner review is workflow and underwriting-judgment metadata, not an observed borrower fact or post-cutoff analytical evidence; stated conditions remain open."
P7L-01283,data/phase7/processed/VALIDATION_RESULTS.csv,P7V-064,Phase 8 inputs formula-ready,SRC-001;SRC-002;SRC-003,P7V-064,phase7_record,owner_reviewed,within_cutoff,"No new evidence source. Trace source IDs through the approved Phase 1-6 ledgers. Owner review is workflow and underwriting-judgment metadata, not an observed borrower fact or post-cutoff analytical evidence; stated conditions remain open."
P7L-01284,data/phase7/processed/VALIDATION_RESULTS.csv,P7V-065,Phase 8 not implemented,SRC-001;SRC-002;SRC-003,P7V-065,phase7_record,owner_reviewed,within_cutoff,"No new evidence source. Trace source IDs through the approved Phase 1-6 ledgers. Owner review is workflow and underwriting-judgment metadata, not an observed borrower fact or post-cutoff analytical evidence; stated conditions remain open."
P7L-01285,data/phase7/processed/VALIDATION_RESULTS.csv,P7V-066,no workbook created,SRC-001;SRC-002;SRC-003,P7V-066,phase7_record,owner_reviewed,within_cutoff,"No new evidence source. Trace source IDs through the approved Phase 1-6 ledgers. Owner review is workflow and underwriting-judgment metadata, not an observed borrower fact or post-cutoff analytical evidence; stated conditions remain open."
