record_id,output_file,layer,fiscal_year,metric_or_term,source_ids,input_ids,document_titles,source_urls,publication_or_filing_dates,classification,human_review_status,notes
S2R-0001,data/phase2/raw/SUPPLEMENTAL_FACTS.csv,reported_supplemental,FY2021,total_assets,SRC-014,,Quanex FY2022 Form 10-K,https://www.sec.gov/Archives/edgar/data/1423221/000142322122000014/nx-20221031.htm,2022-12-16,reported_supplemental_extract,not_applicable,
S2R-0002,data/phase2/raw/SUPPLEMENTAL_FACTS.csv,reported_supplemental,FY2021,total_liabilities,SRC-014,,Quanex FY2022 Form 10-K,https://www.sec.gov/Archives/edgar/data/1423221/000142322122000014/nx-20221031.htm,2022-12-16,reported_supplemental_extract,not_applicable,
S2R-0003,data/phase2/raw/SUPPLEMENTAL_FACTS.csv,reported_supplemental,FY2021,shareholders_equity,SRC-014,,Quanex FY2022 Form 10-K,https://www.sec.gov/Archives/edgar/data/1423221/000142322122000014/nx-20221031.htm,2022-12-16,reported_supplemental_extract,not_applicable,
S2R-0004,data/phase2/raw/SUPPLEMENTAL_FACTS.csv,reported_supplemental,FY2022,total_assets,SRC-014,,Quanex FY2022 Form 10-K,https://www.sec.gov/Archives/edgar/data/1423221/000142322122000014/nx-20221031.htm,2022-12-16,reported_supplemental_extract,not_applicable,
S2R-0005,data/phase2/raw/SUPPLEMENTAL_FACTS.csv,reported_supplemental,FY2022,total_liabilities,SRC-014,,Quanex FY2022 Form 10-K,https://www.sec.gov/Archives/edgar/data/1423221/000142322122000014/nx-20221031.htm,2022-12-16,reported_supplemental_extract,not_applicable,
S2R-0006,data/phase2/raw/SUPPLEMENTAL_FACTS.csv,reported_supplemental,FY2022,shareholders_equity,SRC-014,,Quanex FY2022 Form 10-K,https://www.sec.gov/Archives/edgar/data/1423221/000142322122000014/nx-20221031.htm,2022-12-16,reported_supplemental_extract,not_applicable,
S2R-0007,data/phase2/raw/SUPPLEMENTAL_FACTS.csv,reported_supplemental,FY2023,total_assets,SRC-012,,Quanex FY2024 Form 10-K,https://www.sec.gov/Archives/edgar/data/1423221/000142322124000015/nx-20241031.htm,2024-12-16,reported_supplemental_extract,not_applicable,
S2R-0008,data/phase2/raw/SUPPLEMENTAL_FACTS.csv,reported_supplemental,FY2023,total_liabilities,SRC-012,,Quanex FY2024 Form 10-K,https://www.sec.gov/Archives/edgar/data/1423221/000142322124000015/nx-20241031.htm,2024-12-16,reported_supplemental_extract,not_applicable,
S2R-0009,data/phase2/raw/SUPPLEMENTAL_FACTS.csv,reported_supplemental,FY2023,shareholders_equity,SRC-012,,Quanex FY2024 Form 10-K,https://www.sec.gov/Archives/edgar/data/1423221/000142322124000015/nx-20241031.htm,2024-12-16,reported_supplemental_extract,not_applicable,
S2R-0010,data/phase2/raw/SUPPLEMENTAL_FACTS.csv,reported_supplemental,FY2024,total_assets,SRC-001,,Quanex FY2025 Form 10-K,https://www.sec.gov/Archives/edgar/data/1423221/000142322125000100/nx-20251031.htm,2025-12-12,reported_supplemental_extract,not_applicable,
S2R-0011,data/phase2/raw/SUPPLEMENTAL_FACTS.csv,reported_supplemental,FY2024,total_liabilities,SRC-001,,Quanex FY2025 Form 10-K,https://www.sec.gov/Archives/edgar/data/1423221/000142322125000100/nx-20251031.htm,2025-12-12,reported_supplemental_extract,not_applicable,
S2R-0012,data/phase2/raw/SUPPLEMENTAL_FACTS.csv,reported_supplemental,FY2024,shareholders_equity,SRC-001,,Quanex FY2025 Form 10-K,https://www.sec.gov/Archives/edgar/data/1423221/000142322125000100/nx-20251031.htm,2025-12-12,reported_supplemental_extract,not_applicable,
S2R-0013,data/phase2/raw/SUPPLEMENTAL_FACTS.csv,reported_supplemental,FY2025,total_assets,SRC-001,,Quanex FY2025 Form 10-K,https://www.sec.gov/Archives/edgar/data/1423221/000142322125000100/nx-20251031.htm,2025-12-12,reported_supplemental_extract,not_applicable,
S2R-0014,data/phase2/raw/SUPPLEMENTAL_FACTS.csv,reported_supplemental,FY2025,total_liabilities,SRC-001,,Quanex FY2025 Form 10-K,https://www.sec.gov/Archives/edgar/data/1423221/000142322125000100/nx-20251031.htm,2025-12-12,reported_supplemental_extract,not_applicable,
S2R-0015,data/phase2/raw/SUPPLEMENTAL_FACTS.csv,reported_supplemental,FY2025,shareholders_equity,SRC-001,,Quanex FY2025 Form 10-K,https://www.sec.gov/Archives/edgar/data/1423221/000142322125000100/nx-20251031.htm,2025-12-12,reported_supplemental_extract,not_applicable,
S2R-0016,data/phase2/raw/SUPPLEMENTAL_FACTS.csv,reported_supplemental,FY2021,cash_flow_depreciation_and_amortization,SRC-014,,Quanex FY2022 Form 10-K,https://www.sec.gov/Archives/edgar/data/1423221/000142322122000014/nx-20221031.htm,2022-12-16,reported_supplemental_extract,not_applicable,
S2R-0017,data/phase2/raw/SUPPLEMENTAL_FACTS.csv,reported_supplemental,FY2021,gain_loss_on_disposition_noncash,SRC-014,,Quanex FY2022 Form 10-K,https://www.sec.gov/Archives/edgar/data/1423221/000142322122000014/nx-20221031.htm,2022-12-16,reported_supplemental_extract,not_applicable,
S2R-0018,data/phase2/raw/SUPPLEMENTAL_FACTS.csv,reported_supplemental,FY2021,stock_based_compensation,SRC-014,,Quanex FY2022 Form 10-K,https://www.sec.gov/Archives/edgar/data/1423221/000142322122000014/nx-20221031.htm,2022-12-16,reported_supplemental_extract,not_applicable,
S2R-0019,data/phase2/raw/SUPPLEMENTAL_FACTS.csv,reported_supplemental,FY2021,deferred_income_taxes,SRC-014,,Quanex FY2022 Form 10-K,https://www.sec.gov/Archives/edgar/data/1423221/000142322122000014/nx-20221031.htm,2022-12-16,reported_supplemental_extract,not_applicable,
S2R-0020,data/phase2/raw/SUPPLEMENTAL_FACTS.csv,reported_supplemental,FY2021,deferred_loan_costs_charge,SRC-014,,Quanex FY2022 Form 10-K,https://www.sec.gov/Archives/edgar/data/1423221/000142322122000014/nx-20221031.htm,2022-12-16,reported_supplemental_extract,not_applicable,
S2R-0021,data/phase2/raw/SUPPLEMENTAL_FACTS.csv,reported_supplemental,FY2021,goodwill_impairment_noncash,SRC-014,,Quanex FY2022 Form 10-K,https://www.sec.gov/Archives/edgar/data/1423221/000142322122000014/nx-20221031.htm,2022-12-16,reported_supplemental_extract,not_applicable,
S2R-0022,data/phase2/raw/SUPPLEMENTAL_FACTS.csv,reported_supplemental,FY2021,fx_forward_gain_noncash,SRC-014,,Quanex FY2022 Form 10-K,https://www.sec.gov/Archives/edgar/data/1423221/000142322122000014/nx-20221031.htm,2022-12-16,reported_supplemental_extract,not_applicable,
S2R-0023,data/phase2/raw/SUPPLEMENTAL_FACTS.csv,reported_supplemental,FY2021,other_noncash_operating,SRC-014,,Quanex FY2022 Form 10-K,https://www.sec.gov/Archives/edgar/data/1423221/000142322122000014/nx-20221031.htm,2022-12-16,reported_supplemental_extract,not_applicable,
S2R-0024,data/phase2/raw/SUPPLEMENTAL_FACTS.csv,reported_supplemental,FY2021,change_accounts_receivable,SRC-014,,Quanex FY2022 Form 10-K,https://www.sec.gov/Archives/edgar/data/1423221/000142322122000014/nx-20221031.htm,2022-12-16,reported_supplemental_extract,not_applicable,
S2R-0025,data/phase2/raw/SUPPLEMENTAL_FACTS.csv,reported_supplemental,FY2021,change_inventory,SRC-014,,Quanex FY2022 Form 10-K,https://www.sec.gov/Archives/edgar/data/1423221/000142322122000014/nx-20221031.htm,2022-12-16,reported_supplemental_extract,not_applicable,
S2R-0026,data/phase2/raw/SUPPLEMENTAL_FACTS.csv,reported_supplemental,FY2021,change_other_current_assets,SRC-014,,Quanex FY2022 Form 10-K,https://www.sec.gov/Archives/edgar/data/1423221/000142322122000014/nx-20221031.htm,2022-12-16,reported_supplemental_extract,not_applicable,
S2R-0027,data/phase2/raw/SUPPLEMENTAL_FACTS.csv,reported_supplemental,FY2021,change_accounts_payable,SRC-014,,Quanex FY2022 Form 10-K,https://www.sec.gov/Archives/edgar/data/1423221/000142322122000014/nx-20221031.htm,2022-12-16,reported_supplemental_extract,not_applicable,
S2R-0028,data/phase2/raw/SUPPLEMENTAL_FACTS.csv,reported_supplemental,FY2021,change_accrued_liabilities,SRC-014,,Quanex FY2022 Form 10-K,https://www.sec.gov/Archives/edgar/data/1423221/000142322122000014/nx-20221031.htm,2022-12-16,reported_supplemental_extract,not_applicable,
S2R-0029,data/phase2/raw/SUPPLEMENTAL_FACTS.csv,reported_supplemental,FY2021,change_income_taxes_payable,SRC-014,,Quanex FY2022 Form 10-K,https://www.sec.gov/Archives/edgar/data/1423221/000142322122000014/nx-20221031.htm,2022-12-16,reported_supplemental_extract,not_applicable,
S2R-0030,data/phase2/raw/SUPPLEMENTAL_FACTS.csv,reported_supplemental,FY2021,change_deferred_pension,SRC-014,,Quanex FY2022 Form 10-K,https://www.sec.gov/Archives/edgar/data/1423221/000142322122000014/nx-20221031.htm,2022-12-16,reported_supplemental_extract,not_applicable,
S2R-0031,data/phase2/raw/SUPPLEMENTAL_FACTS.csv,reported_supplemental,FY2021,change_other_long_term_liabilities,SRC-014,,Quanex FY2022 Form 10-K,https://www.sec.gov/Archives/edgar/data/1423221/000142322122000014/nx-20221031.htm,2022-12-16,reported_supplemental_extract,not_applicable,
S2R-0032,data/phase2/raw/SUPPLEMENTAL_FACTS.csv,reported_supplemental,FY2021,other_operating_changes,SRC-014,,Quanex FY2022 Form 10-K,https://www.sec.gov/Archives/edgar/data/1423221/000142322122000014/nx-20221031.htm,2022-12-16,reported_supplemental_extract,not_applicable,
S2R-0033,data/phase2/raw/SUPPLEMENTAL_FACTS.csv,reported_supplemental,FY2022,cash_flow_depreciation_and_amortization,SRC-012,,Quanex FY2024 Form 10-K,https://www.sec.gov/Archives/edgar/data/1423221/000142322124000015/nx-20241031.htm,2024-12-16,reported_supplemental_extract,not_applicable,
S2R-0034,data/phase2/raw/SUPPLEMENTAL_FACTS.csv,reported_supplemental,FY2022,gain_loss_on_disposition_noncash,SRC-012,,Quanex FY2024 Form 10-K,https://www.sec.gov/Archives/edgar/data/1423221/000142322124000015/nx-20241031.htm,2024-12-16,reported_supplemental_extract,not_applicable,
S2R-0035,data/phase2/raw/SUPPLEMENTAL_FACTS.csv,reported_supplemental,FY2022,stock_based_compensation,SRC-012,,Quanex FY2024 Form 10-K,https://www.sec.gov/Archives/edgar/data/1423221/000142322124000015/nx-20241031.htm,2024-12-16,reported_supplemental_extract,not_applicable,
S2R-0036,data/phase2/raw/SUPPLEMENTAL_FACTS.csv,reported_supplemental,FY2022,deferred_income_taxes,SRC-012,,Quanex FY2024 Form 10-K,https://www.sec.gov/Archives/edgar/data/1423221/000142322124000015/nx-20241031.htm,2024-12-16,reported_supplemental_extract,not_applicable,
S2R-0037,data/phase2/raw/SUPPLEMENTAL_FACTS.csv,reported_supplemental,FY2022,deferred_loan_costs_charge,SRC-012,,Quanex FY2024 Form 10-K,https://www.sec.gov/Archives/edgar/data/1423221/000142322124000015/nx-20241031.htm,2024-12-16,reported_supplemental_extract,not_applicable,
S2R-0038,data/phase2/raw/SUPPLEMENTAL_FACTS.csv,reported_supplemental,FY2022,goodwill_impairment_noncash,SRC-012,,Quanex FY2024 Form 10-K,https://www.sec.gov/Archives/edgar/data/1423221/000142322124000015/nx-20241031.htm,2024-12-16,reported_supplemental_extract,not_applicable,
S2R-0039,data/phase2/raw/SUPPLEMENTAL_FACTS.csv,reported_supplemental,FY2022,fx_forward_gain_noncash,SRC-012,,Quanex FY2024 Form 10-K,https://www.sec.gov/Archives/edgar/data/1423221/000142322124000015/nx-20241031.htm,2024-12-16,reported_supplemental_extract,not_applicable,
S2R-0040,data/phase2/raw/SUPPLEMENTAL_FACTS.csv,reported_supplemental,FY2022,other_noncash_operating,SRC-012,,Quanex FY2024 Form 10-K,https://www.sec.gov/Archives/edgar/data/1423221/000142322124000015/nx-20241031.htm,2024-12-16,reported_supplemental_extract,not_applicable,
S2R-0041,data/phase2/raw/SUPPLEMENTAL_FACTS.csv,reported_supplemental,FY2022,change_accounts_receivable,SRC-012,,Quanex FY2024 Form 10-K,https://www.sec.gov/Archives/edgar/data/1423221/000142322124000015/nx-20241031.htm,2024-12-16,reported_supplemental_extract,not_applicable,
S2R-0042,data/phase2/raw/SUPPLEMENTAL_FACTS.csv,reported_supplemental,FY2022,change_inventory,SRC-012,,Quanex FY2024 Form 10-K,https://www.sec.gov/Archives/edgar/data/1423221/000142322124000015/nx-20241031.htm,2024-12-16,reported_supplemental_extract,not_applicable,
S2R-0043,data/phase2/raw/SUPPLEMENTAL_FACTS.csv,reported_supplemental,FY2022,change_other_current_assets,SRC-012,,Quanex FY2024 Form 10-K,https://www.sec.gov/Archives/edgar/data/1423221/000142322124000015/nx-20241031.htm,2024-12-16,reported_supplemental_extract,not_applicable,
S2R-0044,data/phase2/raw/SUPPLEMENTAL_FACTS.csv,reported_supplemental,FY2022,change_accounts_payable,SRC-012,,Quanex FY2024 Form 10-K,https://www.sec.gov/Archives/edgar/data/1423221/000142322124000015/nx-20241031.htm,2024-12-16,reported_supplemental_extract,not_applicable,
S2R-0045,data/phase2/raw/SUPPLEMENTAL_FACTS.csv,reported_supplemental,FY2022,change_accrued_liabilities,SRC-012,,Quanex FY2024 Form 10-K,https://www.sec.gov/Archives/edgar/data/1423221/000142322124000015/nx-20241031.htm,2024-12-16,reported_supplemental_extract,not_applicable,
S2R-0046,data/phase2/raw/SUPPLEMENTAL_FACTS.csv,reported_supplemental,FY2022,change_income_taxes_payable,SRC-012,,Quanex FY2024 Form 10-K,https://www.sec.gov/Archives/edgar/data/1423221/000142322124000015/nx-20241031.htm,2024-12-16,reported_supplemental_extract,not_applicable,
S2R-0047,data/phase2/raw/SUPPLEMENTAL_FACTS.csv,reported_supplemental,FY2022,change_deferred_pension,SRC-012,,Quanex FY2024 Form 10-K,https://www.sec.gov/Archives/edgar/data/1423221/000142322124000015/nx-20241031.htm,2024-12-16,reported_supplemental_extract,not_applicable,
S2R-0048,data/phase2/raw/SUPPLEMENTAL_FACTS.csv,reported_supplemental,FY2022,change_other_long_term_liabilities,SRC-012,,Quanex FY2024 Form 10-K,https://www.sec.gov/Archives/edgar/data/1423221/000142322124000015/nx-20241031.htm,2024-12-16,reported_supplemental_extract,not_applicable,
S2R-0049,data/phase2/raw/SUPPLEMENTAL_FACTS.csv,reported_supplemental,FY2022,other_operating_changes,SRC-012,,Quanex FY2024 Form 10-K,https://www.sec.gov/Archives/edgar/data/1423221/000142322124000015/nx-20241031.htm,2024-12-16,reported_supplemental_extract,not_applicable,
S2R-0050,data/phase2/raw/SUPPLEMENTAL_FACTS.csv,reported_supplemental,FY2023,cash_flow_depreciation_and_amortization,SRC-001,,Quanex FY2025 Form 10-K,https://www.sec.gov/Archives/edgar/data/1423221/000142322125000100/nx-20251031.htm,2025-12-12,reported_supplemental_extract,not_applicable,
S2R-0051,data/phase2/raw/SUPPLEMENTAL_FACTS.csv,reported_supplemental,FY2023,gain_loss_on_disposition_noncash,SRC-001,,Quanex FY2025 Form 10-K,https://www.sec.gov/Archives/edgar/data/1423221/000142322125000100/nx-20251031.htm,2025-12-12,reported_supplemental_extract,not_applicable,
S2R-0052,data/phase2/raw/SUPPLEMENTAL_FACTS.csv,reported_supplemental,FY2023,stock_based_compensation,SRC-001,,Quanex FY2025 Form 10-K,https://www.sec.gov/Archives/edgar/data/1423221/000142322125000100/nx-20251031.htm,2025-12-12,reported_supplemental_extract,not_applicable,
S2R-0053,data/phase2/raw/SUPPLEMENTAL_FACTS.csv,reported_supplemental,FY2023,deferred_income_taxes,SRC-001,,Quanex FY2025 Form 10-K,https://www.sec.gov/Archives/edgar/data/1423221/000142322125000100/nx-20251031.htm,2025-12-12,reported_supplemental_extract,not_applicable,
S2R-0054,data/phase2/raw/SUPPLEMENTAL_FACTS.csv,reported_supplemental,FY2023,deferred_loan_costs_charge,SRC-001,,Quanex FY2025 Form 10-K,https://www.sec.gov/Archives/edgar/data/1423221/000142322125000100/nx-20251031.htm,2025-12-12,reported_supplemental_extract,not_applicable,
S2R-0055,data/phase2/raw/SUPPLEMENTAL_FACTS.csv,reported_supplemental,FY2023,goodwill_impairment_noncash,SRC-001,,Quanex FY2025 Form 10-K,https://www.sec.gov/Archives/edgar/data/1423221/000142322125000100/nx-20251031.htm,2025-12-12,reported_supplemental_extract,not_applicable,
S2R-0056,data/phase2/raw/SUPPLEMENTAL_FACTS.csv,reported_supplemental,FY2023,fx_forward_gain_noncash,SRC-001,,Quanex FY2025 Form 10-K,https://www.sec.gov/Archives/edgar/data/1423221/000142322125000100/nx-20251031.htm,2025-12-12,reported_supplemental_extract,not_applicable,
S2R-0057,data/phase2/raw/SUPPLEMENTAL_FACTS.csv,reported_supplemental,FY2023,noncash_restructuring,SRC-001,,Quanex FY2025 Form 10-K,https://www.sec.gov/Archives/edgar/data/1423221/000142322125000100/nx-20251031.htm,2025-12-12,reported_supplemental_extract,not_applicable,
S2R-0058,data/phase2/raw/SUPPLEMENTAL_FACTS.csv,reported_supplemental,FY2023,other_noncash_operating,SRC-001,,Quanex FY2025 Form 10-K,https://www.sec.gov/Archives/edgar/data/1423221/000142322125000100/nx-20251031.htm,2025-12-12,reported_supplemental_extract,not_applicable,
S2R-0059,data/phase2/raw/SUPPLEMENTAL_FACTS.csv,reported_supplemental,FY2023,change_accounts_receivable,SRC-001,,Quanex FY2025 Form 10-K,https://www.sec.gov/Archives/edgar/data/1423221/000142322125000100/nx-20251031.htm,2025-12-12,reported_supplemental_extract,not_applicable,
S2R-0060,data/phase2/raw/SUPPLEMENTAL_FACTS.csv,reported_supplemental,FY2023,change_inventory,SRC-001,,Quanex FY2025 Form 10-K,https://www.sec.gov/Archives/edgar/data/1423221/000142322125000100/nx-20251031.htm,2025-12-12,reported_supplemental_extract,not_applicable,
S2R-0061,data/phase2/raw/SUPPLEMENTAL_FACTS.csv,reported_supplemental,FY2023,change_other_current_assets,SRC-001,,Quanex FY2025 Form 10-K,https://www.sec.gov/Archives/edgar/data/1423221/000142322125000100/nx-20251031.htm,2025-12-12,reported_supplemental_extract,not_applicable,
S2R-0062,data/phase2/raw/SUPPLEMENTAL_FACTS.csv,reported_supplemental,FY2023,change_accounts_payable,SRC-001,,Quanex FY2025 Form 10-K,https://www.sec.gov/Archives/edgar/data/1423221/000142322125000100/nx-20251031.htm,2025-12-12,reported_supplemental_extract,not_applicable,
S2R-0063,data/phase2/raw/SUPPLEMENTAL_FACTS.csv,reported_supplemental,FY2023,change_accrued_liabilities,SRC-001,,Quanex FY2025 Form 10-K,https://www.sec.gov/Archives/edgar/data/1423221/000142322125000100/nx-20251031.htm,2025-12-12,reported_supplemental_extract,not_applicable,
S2R-0064,data/phase2/raw/SUPPLEMENTAL_FACTS.csv,reported_supplemental,FY2023,change_income_taxes_payable,SRC-001,,Quanex FY2025 Form 10-K,https://www.sec.gov/Archives/edgar/data/1423221/000142322125000100/nx-20251031.htm,2025-12-12,reported_supplemental_extract,not_applicable,
S2R-0065,data/phase2/raw/SUPPLEMENTAL_FACTS.csv,reported_supplemental,FY2023,change_other_long_term_liabilities,SRC-001,,Quanex FY2025 Form 10-K,https://www.sec.gov/Archives/edgar/data/1423221/000142322125000100/nx-20251031.htm,2025-12-12,reported_supplemental_extract,not_applicable,
S2R-0066,data/phase2/raw/SUPPLEMENTAL_FACTS.csv,reported_supplemental,FY2023,other_operating_changes,SRC-001,,Quanex FY2025 Form 10-K,https://www.sec.gov/Archives/edgar/data/1423221/000142322125000100/nx-20251031.htm,2025-12-12,reported_supplemental_extract,not_applicable,
S2R-0067,data/phase2/raw/SUPPLEMENTAL_FACTS.csv,reported_supplemental,FY2024,cash_flow_depreciation_and_amortization,SRC-001,,Quanex FY2025 Form 10-K,https://www.sec.gov/Archives/edgar/data/1423221/000142322125000100/nx-20251031.htm,2025-12-12,reported_supplemental_extract,not_applicable,
S2R-0068,data/phase2/raw/SUPPLEMENTAL_FACTS.csv,reported_supplemental,FY2024,gain_loss_on_disposition_noncash,SRC-001,,Quanex FY2025 Form 10-K,https://www.sec.gov/Archives/edgar/data/1423221/000142322125000100/nx-20251031.htm,2025-12-12,reported_supplemental_extract,not_applicable,
S2R-0069,data/phase2/raw/SUPPLEMENTAL_FACTS.csv,reported_supplemental,FY2024,stock_based_compensation,SRC-001,,Quanex FY2025 Form 10-K,https://www.sec.gov/Archives/edgar/data/1423221/000142322125000100/nx-20251031.htm,2025-12-12,reported_supplemental_extract,not_applicable,
S2R-0070,data/phase2/raw/SUPPLEMENTAL_FACTS.csv,reported_supplemental,FY2024,deferred_income_taxes,SRC-001,,Quanex FY2025 Form 10-K,https://www.sec.gov/Archives/edgar/data/1423221/000142322125000100/nx-20251031.htm,2025-12-12,reported_supplemental_extract,not_applicable,
S2R-0071,data/phase2/raw/SUPPLEMENTAL_FACTS.csv,reported_supplemental,FY2024,deferred_loan_costs_charge,SRC-001,,Quanex FY2025 Form 10-K,https://www.sec.gov/Archives/edgar/data/1423221/000142322125000100/nx-20251031.htm,2025-12-12,reported_supplemental_extract,not_applicable,
S2R-0072,data/phase2/raw/SUPPLEMENTAL_FACTS.csv,reported_supplemental,FY2024,goodwill_impairment_noncash,SRC-001,,Quanex FY2025 Form 10-K,https://www.sec.gov/Archives/edgar/data/1423221/000142322125000100/nx-20251031.htm,2025-12-12,reported_supplemental_extract,not_applicable,
S2R-0073,data/phase2/raw/SUPPLEMENTAL_FACTS.csv,reported_supplemental,FY2024,fx_forward_gain_noncash,SRC-001,,Quanex FY2025 Form 10-K,https://www.sec.gov/Archives/edgar/data/1423221/000142322125000100/nx-20251031.htm,2025-12-12,reported_supplemental_extract,not_applicable,
S2R-0074,data/phase2/raw/SUPPLEMENTAL_FACTS.csv,reported_supplemental,FY2024,noncash_restructuring,SRC-001,,Quanex FY2025 Form 10-K,https://www.sec.gov/Archives/edgar/data/1423221/000142322125000100/nx-20251031.htm,2025-12-12,reported_supplemental_extract,not_applicable,
S2R-0075,data/phase2/raw/SUPPLEMENTAL_FACTS.csv,reported_supplemental,FY2024,other_noncash_operating,SRC-001,,Quanex FY2025 Form 10-K,https://www.sec.gov/Archives/edgar/data/1423221/000142322125000100/nx-20251031.htm,2025-12-12,reported_supplemental_extract,not_applicable,
S2R-0076,data/phase2/raw/SUPPLEMENTAL_FACTS.csv,reported_supplemental,FY2024,change_accounts_receivable,SRC-001,,Quanex FY2025 Form 10-K,https://www.sec.gov/Archives/edgar/data/1423221/000142322125000100/nx-20251031.htm,2025-12-12,reported_supplemental_extract,not_applicable,
S2R-0077,data/phase2/raw/SUPPLEMENTAL_FACTS.csv,reported_supplemental,FY2024,change_inventory,SRC-001,,Quanex FY2025 Form 10-K,https://www.sec.gov/Archives/edgar/data/1423221/000142322125000100/nx-20251031.htm,2025-12-12,reported_supplemental_extract,not_applicable,
S2R-0078,data/phase2/raw/SUPPLEMENTAL_FACTS.csv,reported_supplemental,FY2024,change_other_current_assets,SRC-001,,Quanex FY2025 Form 10-K,https://www.sec.gov/Archives/edgar/data/1423221/000142322125000100/nx-20251031.htm,2025-12-12,reported_supplemental_extract,not_applicable,
S2R-0079,data/phase2/raw/SUPPLEMENTAL_FACTS.csv,reported_supplemental,FY2024,change_accounts_payable,SRC-001,,Quanex FY2025 Form 10-K,https://www.sec.gov/Archives/edgar/data/1423221/000142322125000100/nx-20251031.htm,2025-12-12,reported_supplemental_extract,not_applicable,
S2R-0080,data/phase2/raw/SUPPLEMENTAL_FACTS.csv,reported_supplemental,FY2024,change_accrued_liabilities,SRC-001,,Quanex FY2025 Form 10-K,https://www.sec.gov/Archives/edgar/data/1423221/000142322125000100/nx-20251031.htm,2025-12-12,reported_supplemental_extract,not_applicable,
S2R-0081,data/phase2/raw/SUPPLEMENTAL_FACTS.csv,reported_supplemental,FY2024,change_income_taxes_payable,SRC-001,,Quanex FY2025 Form 10-K,https://www.sec.gov/Archives/edgar/data/1423221/000142322125000100/nx-20251031.htm,2025-12-12,reported_supplemental_extract,not_applicable,
S2R-0082,data/phase2/raw/SUPPLEMENTAL_FACTS.csv,reported_supplemental,FY2024,change_other_long_term_liabilities,SRC-001,,Quanex FY2025 Form 10-K,https://www.sec.gov/Archives/edgar/data/1423221/000142322125000100/nx-20251031.htm,2025-12-12,reported_supplemental_extract,not_applicable,
S2R-0083,data/phase2/raw/SUPPLEMENTAL_FACTS.csv,reported_supplemental,FY2024,other_operating_changes,SRC-001,,Quanex FY2025 Form 10-K,https://www.sec.gov/Archives/edgar/data/1423221/000142322125000100/nx-20251031.htm,2025-12-12,reported_supplemental_extract,not_applicable,
S2R-0084,data/phase2/raw/SUPPLEMENTAL_FACTS.csv,reported_supplemental,FY2025,cash_flow_depreciation_and_amortization,SRC-001,,Quanex FY2025 Form 10-K,https://www.sec.gov/Archives/edgar/data/1423221/000142322125000100/nx-20251031.htm,2025-12-12,reported_supplemental_extract,not_applicable,
S2R-0085,data/phase2/raw/SUPPLEMENTAL_FACTS.csv,reported_supplemental,FY2025,gain_loss_on_disposition_noncash,SRC-001,,Quanex FY2025 Form 10-K,https://www.sec.gov/Archives/edgar/data/1423221/000142322125000100/nx-20251031.htm,2025-12-12,reported_supplemental_extract,not_applicable,
S2R-0086,data/phase2/raw/SUPPLEMENTAL_FACTS.csv,reported_supplemental,FY2025,stock_based_compensation,SRC-001,,Quanex FY2025 Form 10-K,https://www.sec.gov/Archives/edgar/data/1423221/000142322125000100/nx-20251031.htm,2025-12-12,reported_supplemental_extract,not_applicable,
S2R-0087,data/phase2/raw/SUPPLEMENTAL_FACTS.csv,reported_supplemental,FY2025,deferred_income_taxes,SRC-001,,Quanex FY2025 Form 10-K,https://www.sec.gov/Archives/edgar/data/1423221/000142322125000100/nx-20251031.htm,2025-12-12,reported_supplemental_extract,not_applicable,
S2R-0088,data/phase2/raw/SUPPLEMENTAL_FACTS.csv,reported_supplemental,FY2025,deferred_loan_costs_charge,SRC-001,,Quanex FY2025 Form 10-K,https://www.sec.gov/Archives/edgar/data/1423221/000142322125000100/nx-20251031.htm,2025-12-12,reported_supplemental_extract,not_applicable,
S2R-0089,data/phase2/raw/SUPPLEMENTAL_FACTS.csv,reported_supplemental,FY2025,goodwill_impairment_noncash,SRC-001,,Quanex FY2025 Form 10-K,https://www.sec.gov/Archives/edgar/data/1423221/000142322125000100/nx-20251031.htm,2025-12-12,reported_supplemental_extract,not_applicable,
S2R-0090,data/phase2/raw/SUPPLEMENTAL_FACTS.csv,reported_supplemental,FY2025,fx_forward_gain_noncash,SRC-001,,Quanex FY2025 Form 10-K,https://www.sec.gov/Archives/edgar/data/1423221/000142322125000100/nx-20251031.htm,2025-12-12,reported_supplemental_extract,not_applicable,
S2R-0091,data/phase2/raw/SUPPLEMENTAL_FACTS.csv,reported_supplemental,FY2025,noncash_restructuring,SRC-001,,Quanex FY2025 Form 10-K,https://www.sec.gov/Archives/edgar/data/1423221/000142322125000100/nx-20251031.htm,2025-12-12,reported_supplemental_extract,not_applicable,
S2R-0092,data/phase2/raw/SUPPLEMENTAL_FACTS.csv,reported_supplemental,FY2025,other_noncash_operating,SRC-001,,Quanex FY2025 Form 10-K,https://www.sec.gov/Archives/edgar/data/1423221/000142322125000100/nx-20251031.htm,2025-12-12,reported_supplemental_extract,not_applicable,
S2R-0093,data/phase2/raw/SUPPLEMENTAL_FACTS.csv,reported_supplemental,FY2025,change_accounts_receivable,SRC-001,,Quanex FY2025 Form 10-K,https://www.sec.gov/Archives/edgar/data/1423221/000142322125000100/nx-20251031.htm,2025-12-12,reported_supplemental_extract,not_applicable,
S2R-0094,data/phase2/raw/SUPPLEMENTAL_FACTS.csv,reported_supplemental,FY2025,change_inventory,SRC-001,,Quanex FY2025 Form 10-K,https://www.sec.gov/Archives/edgar/data/1423221/000142322125000100/nx-20251031.htm,2025-12-12,reported_supplemental_extract,not_applicable,
S2R-0095,data/phase2/raw/SUPPLEMENTAL_FACTS.csv,reported_supplemental,FY2025,change_other_current_assets,SRC-001,,Quanex FY2025 Form 10-K,https://www.sec.gov/Archives/edgar/data/1423221/000142322125000100/nx-20251031.htm,2025-12-12,reported_supplemental_extract,not_applicable,
S2R-0096,data/phase2/raw/SUPPLEMENTAL_FACTS.csv,reported_supplemental,FY2025,change_accounts_payable,SRC-001,,Quanex FY2025 Form 10-K,https://www.sec.gov/Archives/edgar/data/1423221/000142322125000100/nx-20251031.htm,2025-12-12,reported_supplemental_extract,not_applicable,
S2R-0097,data/phase2/raw/SUPPLEMENTAL_FACTS.csv,reported_supplemental,FY2025,change_accrued_liabilities,SRC-001,,Quanex FY2025 Form 10-K,https://www.sec.gov/Archives/edgar/data/1423221/000142322125000100/nx-20251031.htm,2025-12-12,reported_supplemental_extract,not_applicable,
S2R-0098,data/phase2/raw/SUPPLEMENTAL_FACTS.csv,reported_supplemental,FY2025,change_income_taxes_payable,SRC-001,,Quanex FY2025 Form 10-K,https://www.sec.gov/Archives/edgar/data/1423221/000142322125000100/nx-20251031.htm,2025-12-12,reported_supplemental_extract,not_applicable,
S2R-0099,data/phase2/raw/SUPPLEMENTAL_FACTS.csv,reported_supplemental,FY2025,change_other_long_term_liabilities,SRC-001,,Quanex FY2025 Form 10-K,https://www.sec.gov/Archives/edgar/data/1423221/000142322125000100/nx-20251031.htm,2025-12-12,reported_supplemental_extract,not_applicable,
S2R-0100,data/phase2/raw/SUPPLEMENTAL_FACTS.csv,reported_supplemental,FY2025,other_operating_changes,SRC-001,,Quanex FY2025 Form 10-K,https://www.sec.gov/Archives/edgar/data/1423221/000142322125000100/nx-20251031.htm,2025-12-12,reported_supplemental_extract,not_applicable,
S2R-0101,data/phase2/raw/SUPPLEMENTAL_FACTS.csv,reported_supplemental,FY2021,investing_cash_flow_total,SRC-014,,Quanex FY2022 Form 10-K,https://www.sec.gov/Archives/edgar/data/1423221/000142322122000014/nx-20221031.htm,2022-12-16,reported_supplemental_extract,not_applicable,
S2R-0102,data/phase2/raw/SUPPLEMENTAL_FACTS.csv,reported_supplemental,FY2021,credit_facility_borrowings,SRC-014,,Quanex FY2022 Form 10-K,https://www.sec.gov/Archives/edgar/data/1423221/000142322122000014/nx-20221031.htm,2022-12-16,reported_supplemental_extract,not_applicable,
S2R-0103,data/phase2/raw/SUPPLEMENTAL_FACTS.csv,reported_supplemental,FY2021,credit_facility_repayments,SRC-014,,Quanex FY2022 Form 10-K,https://www.sec.gov/Archives/edgar/data/1423221/000142322122000014/nx-20221031.htm,2022-12-16,reported_supplemental_extract,not_applicable,
S2R-0104,data/phase2/raw/SUPPLEMENTAL_FACTS.csv,reported_supplemental,FY2021,debt_issuance_costs,SRC-014,,Quanex FY2022 Form 10-K,https://www.sec.gov/Archives/edgar/data/1423221/000142322122000014/nx-20221031.htm,2022-12-16,reported_supplemental_extract,not_applicable,
S2R-0105,data/phase2/raw/SUPPLEMENTAL_FACTS.csv,reported_supplemental,FY2021,other_long_term_debt_repayments,SRC-014,,Quanex FY2022 Form 10-K,https://www.sec.gov/Archives/edgar/data/1423221/000142322122000014/nx-20221031.htm,2022-12-16,reported_supplemental_extract,not_applicable,
S2R-0106,data/phase2/raw/SUPPLEMENTAL_FACTS.csv,reported_supplemental,FY2021,common_stock_issuance,SRC-014,,Quanex FY2022 Form 10-K,https://www.sec.gov/Archives/edgar/data/1423221/000142322122000014/nx-20221031.htm,2022-12-16,reported_supplemental_extract,not_applicable,
S2R-0107,data/phase2/raw/SUPPLEMENTAL_FACTS.csv,reported_supplemental,FY2021,hedge_contract_proceeds,SRC-014,,Quanex FY2022 Form 10-K,https://www.sec.gov/Archives/edgar/data/1423221/000142322122000014/nx-20221031.htm,2022-12-16,reported_supplemental_extract,not_applicable,
S2R-0108,data/phase2/raw/SUPPLEMENTAL_FACTS.csv,reported_supplemental,FY2021,payroll_tax_stock_vesting,SRC-014,,Quanex FY2022 Form 10-K,https://www.sec.gov/Archives/edgar/data/1423221/000142322122000014/nx-20221031.htm,2022-12-16,reported_supplemental_extract,not_applicable,
S2R-0109,data/phase2/raw/SUPPLEMENTAL_FACTS.csv,reported_supplemental,FY2021,financing_cash_flow_total,SRC-014,,Quanex FY2022 Form 10-K,https://www.sec.gov/Archives/edgar/data/1423221/000142322122000014/nx-20221031.htm,2022-12-16,reported_supplemental_extract,not_applicable,
S2R-0110,data/phase2/raw/SUPPLEMENTAL_FACTS.csv,reported_supplemental,FY2021,fx_effect_on_cash,SRC-014,,Quanex FY2022 Form 10-K,https://www.sec.gov/Archives/edgar/data/1423221/000142322122000014/nx-20221031.htm,2022-12-16,reported_supplemental_extract,not_applicable,
S2R-0111,data/phase2/raw/SUPPLEMENTAL_FACTS.csv,reported_supplemental,FY2021,net_change_cash_reported,SRC-014,,Quanex FY2022 Form 10-K,https://www.sec.gov/Archives/edgar/data/1423221/000142322122000014/nx-20221031.htm,2022-12-16,reported_supplemental_extract,not_applicable,
S2R-0112,data/phase2/raw/SUPPLEMENTAL_FACTS.csv,reported_supplemental,FY2021,cash_begin_total,SRC-014,,Quanex FY2022 Form 10-K,https://www.sec.gov/Archives/edgar/data/1423221/000142322122000014/nx-20221031.htm,2022-12-16,reported_supplemental_extract,not_applicable,
S2R-0113,data/phase2/raw/SUPPLEMENTAL_FACTS.csv,reported_supplemental,FY2021,cash_end_total,SRC-014,,Quanex FY2022 Form 10-K,https://www.sec.gov/Archives/edgar/data/1423221/000142322122000014/nx-20221031.htm,2022-12-16,reported_supplemental_extract,not_applicable,
S2R-0114,data/phase2/raw/SUPPLEMENTAL_FACTS.csv,reported_supplemental,FY2022,investing_cash_flow_total,SRC-012,,Quanex FY2024 Form 10-K,https://www.sec.gov/Archives/edgar/data/1423221/000142322124000015/nx-20241031.htm,2024-12-16,reported_supplemental_extract,not_applicable,
S2R-0115,data/phase2/raw/SUPPLEMENTAL_FACTS.csv,reported_supplemental,FY2022,credit_facility_borrowings,SRC-012,,Quanex FY2024 Form 10-K,https://www.sec.gov/Archives/edgar/data/1423221/000142322124000015/nx-20241031.htm,2024-12-16,reported_supplemental_extract,not_applicable,
S2R-0116,data/phase2/raw/SUPPLEMENTAL_FACTS.csv,reported_supplemental,FY2022,credit_facility_repayments,SRC-012,,Quanex FY2024 Form 10-K,https://www.sec.gov/Archives/edgar/data/1423221/000142322124000015/nx-20241031.htm,2024-12-16,reported_supplemental_extract,not_applicable,
S2R-0117,data/phase2/raw/SUPPLEMENTAL_FACTS.csv,reported_supplemental,FY2022,debt_issuance_costs,SRC-012,,Quanex FY2024 Form 10-K,https://www.sec.gov/Archives/edgar/data/1423221/000142322124000015/nx-20241031.htm,2024-12-16,reported_supplemental_extract,not_applicable,
S2R-0118,data/phase2/raw/SUPPLEMENTAL_FACTS.csv,reported_supplemental,FY2022,other_long_term_debt_repayments,SRC-012,,Quanex FY2024 Form 10-K,https://www.sec.gov/Archives/edgar/data/1423221/000142322124000015/nx-20241031.htm,2024-12-16,reported_supplemental_extract,not_applicable,
S2R-0119,data/phase2/raw/SUPPLEMENTAL_FACTS.csv,reported_supplemental,FY2022,common_stock_issuance,SRC-012,,Quanex FY2024 Form 10-K,https://www.sec.gov/Archives/edgar/data/1423221/000142322124000015/nx-20241031.htm,2024-12-16,reported_supplemental_extract,not_applicable,
S2R-0120,data/phase2/raw/SUPPLEMENTAL_FACTS.csv,reported_supplemental,FY2022,hedge_contract_proceeds,SRC-012,,Quanex FY2024 Form 10-K,https://www.sec.gov/Archives/edgar/data/1423221/000142322124000015/nx-20241031.htm,2024-12-16,reported_supplemental_extract,not_applicable,
S2R-0121,data/phase2/raw/SUPPLEMENTAL_FACTS.csv,reported_supplemental,FY2022,payroll_tax_stock_vesting,SRC-012,,Quanex FY2024 Form 10-K,https://www.sec.gov/Archives/edgar/data/1423221/000142322124000015/nx-20241031.htm,2024-12-16,reported_supplemental_extract,not_applicable,
S2R-0122,data/phase2/raw/SUPPLEMENTAL_FACTS.csv,reported_supplemental,FY2022,financing_cash_flow_total,SRC-012,,Quanex FY2024 Form 10-K,https://www.sec.gov/Archives/edgar/data/1423221/000142322124000015/nx-20241031.htm,2024-12-16,reported_supplemental_extract,not_applicable,
S2R-0123,data/phase2/raw/SUPPLEMENTAL_FACTS.csv,reported_supplemental,FY2022,fx_effect_on_cash,SRC-012,,Quanex FY2024 Form 10-K,https://www.sec.gov/Archives/edgar/data/1423221/000142322124000015/nx-20241031.htm,2024-12-16,reported_supplemental_extract,not_applicable,
S2R-0124,data/phase2/raw/SUPPLEMENTAL_FACTS.csv,reported_supplemental,FY2022,net_change_cash_reported,SRC-012,,Quanex FY2024 Form 10-K,https://www.sec.gov/Archives/edgar/data/1423221/000142322124000015/nx-20241031.htm,2024-12-16,reported_supplemental_extract,not_applicable,
S2R-0125,data/phase2/raw/SUPPLEMENTAL_FACTS.csv,reported_supplemental,FY2022,cash_begin_total,SRC-012,,Quanex FY2024 Form 10-K,https://www.sec.gov/Archives/edgar/data/1423221/000142322124000015/nx-20241031.htm,2024-12-16,reported_supplemental_extract,not_applicable,
S2R-0126,data/phase2/raw/SUPPLEMENTAL_FACTS.csv,reported_supplemental,FY2022,cash_end_total,SRC-012,,Quanex FY2024 Form 10-K,https://www.sec.gov/Archives/edgar/data/1423221/000142322124000015/nx-20241031.htm,2024-12-16,reported_supplemental_extract,not_applicable,
S2R-0127,data/phase2/raw/SUPPLEMENTAL_FACTS.csv,reported_supplemental,FY2023,investing_cash_flow_total,SRC-001,,Quanex FY2025 Form 10-K,https://www.sec.gov/Archives/edgar/data/1423221/000142322125000100/nx-20251031.htm,2025-12-12,reported_supplemental_extract,not_applicable,
S2R-0128,data/phase2/raw/SUPPLEMENTAL_FACTS.csv,reported_supplemental,FY2023,credit_facility_borrowings,SRC-001,,Quanex FY2025 Form 10-K,https://www.sec.gov/Archives/edgar/data/1423221/000142322125000100/nx-20251031.htm,2025-12-12,reported_supplemental_extract,not_applicable,
S2R-0129,data/phase2/raw/SUPPLEMENTAL_FACTS.csv,reported_supplemental,FY2023,credit_facility_repayments,SRC-001,,Quanex FY2025 Form 10-K,https://www.sec.gov/Archives/edgar/data/1423221/000142322125000100/nx-20251031.htm,2025-12-12,reported_supplemental_extract,not_applicable,
S2R-0130,data/phase2/raw/SUPPLEMENTAL_FACTS.csv,reported_supplemental,FY2023,debt_issuance_costs,SRC-001,,Quanex FY2025 Form 10-K,https://www.sec.gov/Archives/edgar/data/1423221/000142322125000100/nx-20251031.htm,2025-12-12,reported_supplemental_extract,not_applicable,
S2R-0131,data/phase2/raw/SUPPLEMENTAL_FACTS.csv,reported_supplemental,FY2023,other_long_term_debt_repayments,SRC-001,,Quanex FY2025 Form 10-K,https://www.sec.gov/Archives/edgar/data/1423221/000142322125000100/nx-20251031.htm,2025-12-12,reported_supplemental_extract,not_applicable,
S2R-0132,data/phase2/raw/SUPPLEMENTAL_FACTS.csv,reported_supplemental,FY2023,common_stock_issuance,SRC-001,,Quanex FY2025 Form 10-K,https://www.sec.gov/Archives/edgar/data/1423221/000142322125000100/nx-20251031.htm,2025-12-12,reported_supplemental_extract,not_applicable,
S2R-0133,data/phase2/raw/SUPPLEMENTAL_FACTS.csv,reported_supplemental,FY2023,hedge_contract_proceeds,SRC-001,,Quanex FY2025 Form 10-K,https://www.sec.gov/Archives/edgar/data/1423221/000142322125000100/nx-20251031.htm,2025-12-12,reported_supplemental_extract,not_applicable,
S2R-0134,data/phase2/raw/SUPPLEMENTAL_FACTS.csv,reported_supplemental,FY2023,payroll_tax_stock_vesting,SRC-001,,Quanex FY2025 Form 10-K,https://www.sec.gov/Archives/edgar/data/1423221/000142322125000100/nx-20251031.htm,2025-12-12,reported_supplemental_extract,not_applicable,
S2R-0135,data/phase2/raw/SUPPLEMENTAL_FACTS.csv,reported_supplemental,FY2023,financing_cash_flow_total,SRC-001,,Quanex FY2025 Form 10-K,https://www.sec.gov/Archives/edgar/data/1423221/000142322125000100/nx-20251031.htm,2025-12-12,reported_supplemental_extract,not_applicable,
S2R-0136,data/phase2/raw/SUPPLEMENTAL_FACTS.csv,reported_supplemental,FY2023,fx_effect_on_cash,SRC-001,,Quanex FY2025 Form 10-K,https://www.sec.gov/Archives/edgar/data/1423221/000142322125000100/nx-20251031.htm,2025-12-12,reported_supplemental_extract,not_applicable,
S2R-0137,data/phase2/raw/SUPPLEMENTAL_FACTS.csv,reported_supplemental,FY2023,net_change_cash_reported,SRC-001,,Quanex FY2025 Form 10-K,https://www.sec.gov/Archives/edgar/data/1423221/000142322125000100/nx-20251031.htm,2025-12-12,reported_supplemental_extract,not_applicable,
S2R-0138,data/phase2/raw/SUPPLEMENTAL_FACTS.csv,reported_supplemental,FY2023,cash_begin_total,SRC-001,,Quanex FY2025 Form 10-K,https://www.sec.gov/Archives/edgar/data/1423221/000142322125000100/nx-20251031.htm,2025-12-12,reported_supplemental_extract,not_applicable,
S2R-0139,data/phase2/raw/SUPPLEMENTAL_FACTS.csv,reported_supplemental,FY2023,cash_end_total,SRC-001,,Quanex FY2025 Form 10-K,https://www.sec.gov/Archives/edgar/data/1423221/000142322125000100/nx-20251031.htm,2025-12-12,reported_supplemental_extract,not_applicable,
S2R-0140,data/phase2/raw/SUPPLEMENTAL_FACTS.csv,reported_supplemental,FY2024,investing_cash_flow_total,SRC-001,,Quanex FY2025 Form 10-K,https://www.sec.gov/Archives/edgar/data/1423221/000142322125000100/nx-20251031.htm,2025-12-12,reported_supplemental_extract,not_applicable,
S2R-0141,data/phase2/raw/SUPPLEMENTAL_FACTS.csv,reported_supplemental,FY2024,credit_facility_borrowings,SRC-001,,Quanex FY2025 Form 10-K,https://www.sec.gov/Archives/edgar/data/1423221/000142322125000100/nx-20251031.htm,2025-12-12,reported_supplemental_extract,not_applicable,
S2R-0142,data/phase2/raw/SUPPLEMENTAL_FACTS.csv,reported_supplemental,FY2024,credit_facility_repayments,SRC-001,,Quanex FY2025 Form 10-K,https://www.sec.gov/Archives/edgar/data/1423221/000142322125000100/nx-20251031.htm,2025-12-12,reported_supplemental_extract,not_applicable,
S2R-0143,data/phase2/raw/SUPPLEMENTAL_FACTS.csv,reported_supplemental,FY2024,debt_issuance_costs,SRC-001,,Quanex FY2025 Form 10-K,https://www.sec.gov/Archives/edgar/data/1423221/000142322125000100/nx-20251031.htm,2025-12-12,reported_supplemental_extract,not_applicable,
S2R-0144,data/phase2/raw/SUPPLEMENTAL_FACTS.csv,reported_supplemental,FY2024,other_long_term_debt_repayments,SRC-001,,Quanex FY2025 Form 10-K,https://www.sec.gov/Archives/edgar/data/1423221/000142322125000100/nx-20251031.htm,2025-12-12,reported_supplemental_extract,not_applicable,
S2R-0145,data/phase2/raw/SUPPLEMENTAL_FACTS.csv,reported_supplemental,FY2024,common_stock_issuance,SRC-001,,Quanex FY2025 Form 10-K,https://www.sec.gov/Archives/edgar/data/1423221/000142322125000100/nx-20251031.htm,2025-12-12,reported_supplemental_extract,not_applicable,
S2R-0146,data/phase2/raw/SUPPLEMENTAL_FACTS.csv,reported_supplemental,FY2024,hedge_contract_proceeds,SRC-001,,Quanex FY2025 Form 10-K,https://www.sec.gov/Archives/edgar/data/1423221/000142322125000100/nx-20251031.htm,2025-12-12,reported_supplemental_extract,not_applicable,
S2R-0147,data/phase2/raw/SUPPLEMENTAL_FACTS.csv,reported_supplemental,FY2024,payroll_tax_stock_vesting,SRC-001,,Quanex FY2025 Form 10-K,https://www.sec.gov/Archives/edgar/data/1423221/000142322125000100/nx-20251031.htm,2025-12-12,reported_supplemental_extract,not_applicable,
S2R-0148,data/phase2/raw/SUPPLEMENTAL_FACTS.csv,reported_supplemental,FY2024,financing_cash_flow_total,SRC-001,,Quanex FY2025 Form 10-K,https://www.sec.gov/Archives/edgar/data/1423221/000142322125000100/nx-20251031.htm,2025-12-12,reported_supplemental_extract,not_applicable,
S2R-0149,data/phase2/raw/SUPPLEMENTAL_FACTS.csv,reported_supplemental,FY2024,fx_effect_on_cash,SRC-001,,Quanex FY2025 Form 10-K,https://www.sec.gov/Archives/edgar/data/1423221/000142322125000100/nx-20251031.htm,2025-12-12,reported_supplemental_extract,not_applicable,
S2R-0150,data/phase2/raw/SUPPLEMENTAL_FACTS.csv,reported_supplemental,FY2024,net_change_cash_reported,SRC-001,,Quanex FY2025 Form 10-K,https://www.sec.gov/Archives/edgar/data/1423221/000142322125000100/nx-20251031.htm,2025-12-12,reported_supplemental_extract,not_applicable,
S2R-0151,data/phase2/raw/SUPPLEMENTAL_FACTS.csv,reported_supplemental,FY2024,cash_begin_total,SRC-001,,Quanex FY2025 Form 10-K,https://www.sec.gov/Archives/edgar/data/1423221/000142322125000100/nx-20251031.htm,2025-12-12,reported_supplemental_extract,not_applicable,
S2R-0152,data/phase2/raw/SUPPLEMENTAL_FACTS.csv,reported_supplemental,FY2024,cash_end_total,SRC-001,,Quanex FY2025 Form 10-K,https://www.sec.gov/Archives/edgar/data/1423221/000142322125000100/nx-20251031.htm,2025-12-12,reported_supplemental_extract,not_applicable,
S2R-0153,data/phase2/raw/SUPPLEMENTAL_FACTS.csv,reported_supplemental,FY2025,investing_cash_flow_total,SRC-001,,Quanex FY2025 Form 10-K,https://www.sec.gov/Archives/edgar/data/1423221/000142322125000100/nx-20251031.htm,2025-12-12,reported_supplemental_extract,not_applicable,
S2R-0154,data/phase2/raw/SUPPLEMENTAL_FACTS.csv,reported_supplemental,FY2025,credit_facility_borrowings,SRC-001,,Quanex FY2025 Form 10-K,https://www.sec.gov/Archives/edgar/data/1423221/000142322125000100/nx-20251031.htm,2025-12-12,reported_supplemental_extract,not_applicable,
S2R-0155,data/phase2/raw/SUPPLEMENTAL_FACTS.csv,reported_supplemental,FY2025,credit_facility_repayments,SRC-001,,Quanex FY2025 Form 10-K,https://www.sec.gov/Archives/edgar/data/1423221/000142322125000100/nx-20251031.htm,2025-12-12,reported_supplemental_extract,not_applicable,
S2R-0156,data/phase2/raw/SUPPLEMENTAL_FACTS.csv,reported_supplemental,FY2025,debt_issuance_costs,SRC-001,,Quanex FY2025 Form 10-K,https://www.sec.gov/Archives/edgar/data/1423221/000142322125000100/nx-20251031.htm,2025-12-12,reported_supplemental_extract,not_applicable,
S2R-0157,data/phase2/raw/SUPPLEMENTAL_FACTS.csv,reported_supplemental,FY2025,other_long_term_debt_repayments,SRC-001,,Quanex FY2025 Form 10-K,https://www.sec.gov/Archives/edgar/data/1423221/000142322125000100/nx-20251031.htm,2025-12-12,reported_supplemental_extract,not_applicable,
S2R-0158,data/phase2/raw/SUPPLEMENTAL_FACTS.csv,reported_supplemental,FY2025,common_stock_issuance,SRC-001,,Quanex FY2025 Form 10-K,https://www.sec.gov/Archives/edgar/data/1423221/000142322125000100/nx-20251031.htm,2025-12-12,reported_supplemental_extract,not_applicable,
S2R-0159,data/phase2/raw/SUPPLEMENTAL_FACTS.csv,reported_supplemental,FY2025,hedge_contract_proceeds,SRC-001,,Quanex FY2025 Form 10-K,https://www.sec.gov/Archives/edgar/data/1423221/000142322125000100/nx-20251031.htm,2025-12-12,reported_supplemental_extract,not_applicable,
S2R-0160,data/phase2/raw/SUPPLEMENTAL_FACTS.csv,reported_supplemental,FY2025,payroll_tax_stock_vesting,SRC-001,,Quanex FY2025 Form 10-K,https://www.sec.gov/Archives/edgar/data/1423221/000142322125000100/nx-20251031.htm,2025-12-12,reported_supplemental_extract,not_applicable,
S2R-0161,data/phase2/raw/SUPPLEMENTAL_FACTS.csv,reported_supplemental,FY2025,financing_cash_flow_total,SRC-001,,Quanex FY2025 Form 10-K,https://www.sec.gov/Archives/edgar/data/1423221/000142322125000100/nx-20251031.htm,2025-12-12,reported_supplemental_extract,not_applicable,
S2R-0162,data/phase2/raw/SUPPLEMENTAL_FACTS.csv,reported_supplemental,FY2025,fx_effect_on_cash,SRC-001,,Quanex FY2025 Form 10-K,https://www.sec.gov/Archives/edgar/data/1423221/000142322125000100/nx-20251031.htm,2025-12-12,reported_supplemental_extract,not_applicable,
S2R-0163,data/phase2/raw/SUPPLEMENTAL_FACTS.csv,reported_supplemental,FY2025,net_change_cash_reported,SRC-001,,Quanex FY2025 Form 10-K,https://www.sec.gov/Archives/edgar/data/1423221/000142322125000100/nx-20251031.htm,2025-12-12,reported_supplemental_extract,not_applicable,
S2R-0164,data/phase2/raw/SUPPLEMENTAL_FACTS.csv,reported_supplemental,FY2025,cash_begin_total,SRC-001,,Quanex FY2025 Form 10-K,https://www.sec.gov/Archives/edgar/data/1423221/000142322125000100/nx-20251031.htm,2025-12-12,reported_supplemental_extract,not_applicable,
S2R-0165,data/phase2/raw/SUPPLEMENTAL_FACTS.csv,reported_supplemental,FY2025,cash_end_total,SRC-001,,Quanex FY2025 Form 10-K,https://www.sec.gov/Archives/edgar/data/1423221/000142322125000100/nx-20251031.htm,2025-12-12,reported_supplemental_extract,not_applicable,
S2R-0166,data/phase2/raw/SUPPLEMENTAL_FACTS.csv,reported_supplemental,FY2021,term_loan_principal,SRC-014,,Quanex FY2022 Form 10-K,https://www.sec.gov/Archives/edgar/data/1423221/000142322122000014/nx-20221031.htm,2022-12-16,reported_supplemental_extract,not_applicable,
S2R-0167,data/phase2/raw/SUPPLEMENTAL_FACTS.csv,reported_supplemental,FY2021,revolver_borrowings,SRC-014,,Quanex FY2022 Form 10-K,https://www.sec.gov/Archives/edgar/data/1423221/000142322122000014/nx-20221031.htm,2022-12-16,reported_supplemental_extract,not_applicable,
S2R-0168,data/phase2/raw/SUPPLEMENTAL_FACTS.csv,reported_supplemental,FY2021,finance_lease_obligations_principal,SRC-014,,Quanex FY2022 Form 10-K,https://www.sec.gov/Archives/edgar/data/1423221/000142322122000014/nx-20221031.htm,2022-12-16,reported_supplemental_extract,not_applicable,
S2R-0169,data/phase2/raw/SUPPLEMENTAL_FACTS.csv,reported_supplemental,FY2021,unamortized_financing_fees,SRC-014,,Quanex FY2022 Form 10-K,https://www.sec.gov/Archives/edgar/data/1423221/000142322122000014/nx-20221031.htm,2022-12-16,reported_supplemental_extract,not_applicable,
S2R-0170,data/phase2/raw/SUPPLEMENTAL_FACTS.csv,reported_supplemental,FY2021,total_debt_principal,SRC-014,,Quanex FY2022 Form 10-K,https://www.sec.gov/Archives/edgar/data/1423221/000142322122000014/nx-20221031.htm,2022-12-16,reported_supplemental_extract,not_applicable,
S2R-0171,data/phase2/raw/SUPPLEMENTAL_FACTS.csv,reported_supplemental,FY2021,total_debt_carrying_amount,SRC-014,,Quanex FY2022 Form 10-K,https://www.sec.gov/Archives/edgar/data/1423221/000142322122000014/nx-20221031.htm,2022-12-16,reported_supplemental_extract,not_applicable,
S2R-0172,data/phase2/raw/SUPPLEMENTAL_FACTS.csv,reported_supplemental,FY2022,term_loan_principal,SRC-014,,Quanex FY2022 Form 10-K,https://www.sec.gov/Archives/edgar/data/1423221/000142322122000014/nx-20221031.htm,2022-12-16,reported_supplemental_extract,not_applicable,
S2R-0173,data/phase2/raw/SUPPLEMENTAL_FACTS.csv,reported_supplemental,FY2022,revolver_borrowings,SRC-014,,Quanex FY2022 Form 10-K,https://www.sec.gov/Archives/edgar/data/1423221/000142322122000014/nx-20221031.htm,2022-12-16,reported_supplemental_extract,not_applicable,
S2R-0174,data/phase2/raw/SUPPLEMENTAL_FACTS.csv,reported_supplemental,FY2022,finance_lease_obligations_principal,SRC-014,,Quanex FY2022 Form 10-K,https://www.sec.gov/Archives/edgar/data/1423221/000142322122000014/nx-20221031.htm,2022-12-16,reported_supplemental_extract,not_applicable,
S2R-0175,data/phase2/raw/SUPPLEMENTAL_FACTS.csv,reported_supplemental,FY2022,unamortized_financing_fees,SRC-014,,Quanex FY2022 Form 10-K,https://www.sec.gov/Archives/edgar/data/1423221/000142322122000014/nx-20221031.htm,2022-12-16,reported_supplemental_extract,not_applicable,
S2R-0176,data/phase2/raw/SUPPLEMENTAL_FACTS.csv,reported_supplemental,FY2022,total_debt_principal,SRC-014,,Quanex FY2022 Form 10-K,https://www.sec.gov/Archives/edgar/data/1423221/000142322122000014/nx-20221031.htm,2022-12-16,reported_supplemental_extract,not_applicable,
S2R-0177,data/phase2/raw/SUPPLEMENTAL_FACTS.csv,reported_supplemental,FY2022,total_debt_carrying_amount,SRC-014,,Quanex FY2022 Form 10-K,https://www.sec.gov/Archives/edgar/data/1423221/000142322122000014/nx-20221031.htm,2022-12-16,reported_supplemental_extract,not_applicable,
S2R-0178,data/phase2/raw/SUPPLEMENTAL_FACTS.csv,reported_supplemental,FY2023,term_loan_principal,SRC-012,,Quanex FY2024 Form 10-K,https://www.sec.gov/Archives/edgar/data/1423221/000142322124000015/nx-20241031.htm,2024-12-16,reported_supplemental_extract,not_applicable,
S2R-0179,data/phase2/raw/SUPPLEMENTAL_FACTS.csv,reported_supplemental,FY2023,revolver_borrowings,SRC-012,,Quanex FY2024 Form 10-K,https://www.sec.gov/Archives/edgar/data/1423221/000142322124000015/nx-20241031.htm,2024-12-16,reported_supplemental_extract,not_applicable,
S2R-0180,data/phase2/raw/SUPPLEMENTAL_FACTS.csv,reported_supplemental,FY2023,finance_lease_obligations_principal,SRC-012,,Quanex FY2024 Form 10-K,https://www.sec.gov/Archives/edgar/data/1423221/000142322124000015/nx-20241031.htm,2024-12-16,reported_supplemental_extract,not_applicable,
S2R-0181,data/phase2/raw/SUPPLEMENTAL_FACTS.csv,reported_supplemental,FY2023,unamortized_financing_fees,SRC-012,,Quanex FY2024 Form 10-K,https://www.sec.gov/Archives/edgar/data/1423221/000142322124000015/nx-20241031.htm,2024-12-16,reported_supplemental_extract,not_applicable,
S2R-0182,data/phase2/raw/SUPPLEMENTAL_FACTS.csv,reported_supplemental,FY2023,total_debt_principal,SRC-012,,Quanex FY2024 Form 10-K,https://www.sec.gov/Archives/edgar/data/1423221/000142322124000015/nx-20241031.htm,2024-12-16,reported_supplemental_extract,not_applicable,
S2R-0183,data/phase2/raw/SUPPLEMENTAL_FACTS.csv,reported_supplemental,FY2023,total_debt_carrying_amount,SRC-012,,Quanex FY2024 Form 10-K,https://www.sec.gov/Archives/edgar/data/1423221/000142322124000015/nx-20241031.htm,2024-12-16,reported_supplemental_extract,not_applicable,
S2R-0184,data/phase2/raw/SUPPLEMENTAL_FACTS.csv,reported_supplemental,FY2024,unamortized_financing_fees,SRC-012,,Quanex FY2024 Form 10-K,https://www.sec.gov/Archives/edgar/data/1423221/000142322124000015/nx-20241031.htm,2024-12-16,reported_supplemental_extract,not_applicable,Contra-debt amount; retained separately from principal.
S2R-0185,data/phase2/raw/SUPPLEMENTAL_FACTS.csv,reported_supplemental,FY2025,unamortized_financing_fees,SRC-001,,Quanex FY2025 Form 10-K,https://www.sec.gov/Archives/edgar/data/1423221/000142322125000100/nx-20251031.htm,2025-12-12,reported_supplemental_extract,not_applicable,Contra-debt amount; retained separately from principal.
S2R-0186,data/phase2/raw/SUPPLEMENTAL_FACTS.csv,reported_supplemental,FY2023,cash_interest_paid_disclosed,SRC-001,,Quanex FY2025 Form 10-K,https://www.sec.gov/Archives/edgar/data/1423221/000142322125000100/nx-20251031.htm,2025-12-12,reported_supplemental_extract,not_applicable,Reported cash paid for interest; separate historical diagnostic. Not contractual interest paid or payable and not closing-LTM evidence.
S2R-0187,data/phase2/raw/SUPPLEMENTAL_FACTS.csv,reported_supplemental,FY2024,cash_interest_paid_disclosed,SRC-001,,Quanex FY2025 Form 10-K,https://www.sec.gov/Archives/edgar/data/1423221/000142322125000100/nx-20251031.htm,2025-12-12,reported_supplemental_extract,not_applicable,Reported cash paid for interest; separate historical diagnostic. Not contractual interest paid or payable and not closing-LTM evidence.
S2R-0188,data/phase2/raw/SUPPLEMENTAL_FACTS.csv,reported_supplemental,FY2025,cash_interest_paid_disclosed,SRC-001,,Quanex FY2025 Form 10-K,https://www.sec.gov/Archives/edgar/data/1423221/000142322125000100/nx-20251031.htm,2025-12-12,reported_supplemental_extract,not_applicable,Reported cash paid for interest; separate historical diagnostic. Not contractual interest paid or payable and not closing-LTM evidence.
S2S-0001,data/phase2/processed/historical_spread.csv,historical_spread,FY2021,revenue,SRC-014,NF-0040,Quanex FY2022 Form 10-K,https://www.sec.gov/Archives/edgar/data/1423221/000142322122000014/nx-20221031.htm,2022-12-16,reported,not_applicable,
S2S-0002,data/phase2/processed/historical_spread.csv,historical_spread,FY2021,cost_of_sales_excluding_depreciation_and_amortization,SRC-014,NF-0041,Quanex FY2022 Form 10-K,https://www.sec.gov/Archives/edgar/data/1423221/000142322122000014/nx-20221031.htm,2022-12-16,reported,not_applicable,
S2S-0003,data/phase2/processed/historical_spread.csv,historical_spread,FY2021,gross_profit,SRC-014,CF-0175,Quanex FY2022 Form 10-K,https://www.sec.gov/Archives/edgar/data/1423221/000142322122000014/nx-20221031.htm,2022-12-16,calculated,not_applicable,Mechanical calculation; not an analyst adjustment.
S2S-0004,data/phase2/processed/historical_spread.csv,historical_spread,FY2021,selling_general_and_administrative,SRC-014,NF-0042,Quanex FY2022 Form 10-K,https://www.sec.gov/Archives/edgar/data/1423221/000142322122000014/nx-20221031.htm,2022-12-16,reported,not_applicable,
S2S-0005,data/phase2/processed/historical_spread.csv,historical_spread,FY2021,depreciation_and_amortization,SRC-014,NF-0044,Quanex FY2022 Form 10-K,https://www.sec.gov/Archives/edgar/data/1423221/000142322122000014/nx-20221031.htm,2022-12-16,reported,not_applicable,
S2S-0006,data/phase2/processed/historical_spread.csv,historical_spread,FY2021,goodwill_impairment_charges,,,,,,presentation_control,not_applicable,"No separate line in the selected statement; zero is used only for statement presentation, not for missing cash-flow items."
S2S-0007,data/phase2/processed/historical_spread.csv,historical_spread,FY2021,restructuring_charges,SRC-014,NF-0043,Quanex FY2022 Form 10-K,https://www.sec.gov/Archives/edgar/data/1423221/000142322122000014/nx-20221031.htm,2022-12-16,reported,not_applicable,
S2S-0008,data/phase2/processed/historical_spread.csv,historical_spread,FY2021,operating_income,SRC-014,NF-0045,Quanex FY2022 Form 10-K,https://www.sec.gov/Archives/edgar/data/1423221/000142322122000014/nx-20221031.htm,2022-12-16,reported,not_applicable,
S2S-0009,data/phase2/processed/historical_spread.csv,historical_spread,FY2021,interest_expense,SRC-014,NF-0046,Quanex FY2022 Form 10-K,https://www.sec.gov/Archives/edgar/data/1423221/000142322122000014/nx-20221031.htm,2022-12-16,reported,not_applicable,
S2S-0010,data/phase2/processed/historical_spread.csv,historical_spread,FY2021,income_tax_expense,SRC-014,NF-0047,Quanex FY2022 Form 10-K,https://www.sec.gov/Archives/edgar/data/1423221/000142322122000014/nx-20221031.htm,2022-12-16,reported,not_applicable,
S2S-0011,data/phase2/processed/historical_spread.csv,historical_spread,FY2021,net_income,SRC-014,NF-0048,Quanex FY2022 Form 10-K,https://www.sec.gov/Archives/edgar/data/1423221/000142322122000014/nx-20221031.htm,2022-12-16,reported,not_applicable,
S2S-0012,data/phase2/processed/historical_spread.csv,historical_spread,FY2021,other_income_expense,SRC-014,NF-0048;NF-0047;NF-0045;NF-0046,Quanex FY2022 Form 10-K,https://www.sec.gov/Archives/edgar/data/1423221/000142322122000014/nx-20221031.htm,2022-12-16,calculated,not_applicable,
S2S-0013,data/phase2/processed/historical_spread.csv,historical_spread,FY2021,pretax_income,SRC-014,NF-0048;NF-0047;NF-0045;NF-0046,Quanex FY2022 Form 10-K,https://www.sec.gov/Archives/edgar/data/1423221/000142322122000014/nx-20221031.htm,2022-12-16,calculated,not_applicable,
S2S-0014,data/phase2/processed/historical_spread.csv,historical_spread,FY2021,unadjusted_ebitda,SRC-014,NF-0045;NF-0044,Quanex FY2022 Form 10-K,https://www.sec.gov/Archives/edgar/data/1423221/000142322122000014/nx-20221031.htm,2022-12-16,calculated,not_applicable,"Company-style EBITDA excludes other, net; no credit adjustments included."
S2S-0015,data/phase2/processed/historical_spread.csv,historical_spread,FY2022,revenue,SRC-014,NF-0031,Quanex FY2022 Form 10-K,https://www.sec.gov/Archives/edgar/data/1423221/000142322122000014/nx-20221031.htm,2022-12-16,reported,not_applicable,
S2S-0016,data/phase2/processed/historical_spread.csv,historical_spread,FY2022,cost_of_sales_excluding_depreciation_and_amortization,SRC-014,NF-0032,Quanex FY2022 Form 10-K,https://www.sec.gov/Archives/edgar/data/1423221/000142322122000014/nx-20221031.htm,2022-12-16,reported,not_applicable,
S2S-0017,data/phase2/processed/historical_spread.csv,historical_spread,FY2022,gross_profit,SRC-014,CF-0179,Quanex FY2022 Form 10-K,https://www.sec.gov/Archives/edgar/data/1423221/000142322122000014/nx-20221031.htm,2022-12-16,calculated,not_applicable,Mechanical calculation; not an analyst adjustment.
S2S-0018,data/phase2/processed/historical_spread.csv,historical_spread,FY2022,selling_general_and_administrative,SRC-014,NF-0033,Quanex FY2022 Form 10-K,https://www.sec.gov/Archives/edgar/data/1423221/000142322122000014/nx-20221031.htm,2022-12-16,reported,not_applicable,
S2S-0019,data/phase2/processed/historical_spread.csv,historical_spread,FY2022,depreciation_and_amortization,SRC-014,NF-0035,Quanex FY2022 Form 10-K,https://www.sec.gov/Archives/edgar/data/1423221/000142322122000014/nx-20221031.htm,2022-12-16,reported,not_applicable,
S2S-0020,data/phase2/processed/historical_spread.csv,historical_spread,FY2022,goodwill_impairment_charges,,,,,,presentation_control,not_applicable,"No separate line in the selected statement; zero is used only for statement presentation, not for missing cash-flow items."
S2S-0021,data/phase2/processed/historical_spread.csv,historical_spread,FY2022,restructuring_charges,SRC-014,NF-0034,Quanex FY2022 Form 10-K,https://www.sec.gov/Archives/edgar/data/1423221/000142322122000014/nx-20221031.htm,2022-12-16,reported,not_applicable,
S2S-0022,data/phase2/processed/historical_spread.csv,historical_spread,FY2022,operating_income,SRC-014,NF-0036,Quanex FY2022 Form 10-K,https://www.sec.gov/Archives/edgar/data/1423221/000142322122000014/nx-20221031.htm,2022-12-16,reported,not_applicable,
S2S-0023,data/phase2/processed/historical_spread.csv,historical_spread,FY2022,interest_expense,SRC-014,NF-0037,Quanex FY2022 Form 10-K,https://www.sec.gov/Archives/edgar/data/1423221/000142322122000014/nx-20221031.htm,2022-12-16,reported,not_applicable,
S2S-0024,data/phase2/processed/historical_spread.csv,historical_spread,FY2022,income_tax_expense,SRC-014,NF-0038,Quanex FY2022 Form 10-K,https://www.sec.gov/Archives/edgar/data/1423221/000142322122000014/nx-20221031.htm,2022-12-16,reported,not_applicable,
S2S-0025,data/phase2/processed/historical_spread.csv,historical_spread,FY2022,net_income,SRC-014,NF-0039,Quanex FY2022 Form 10-K,https://www.sec.gov/Archives/edgar/data/1423221/000142322122000014/nx-20221031.htm,2022-12-16,reported,not_applicable,
S2S-0026,data/phase2/processed/historical_spread.csv,historical_spread,FY2022,other_income_expense,SRC-014,NF-0039;NF-0038;NF-0036;NF-0037,Quanex FY2022 Form 10-K,https://www.sec.gov/Archives/edgar/data/1423221/000142322122000014/nx-20221031.htm,2022-12-16,calculated,not_applicable,
S2S-0027,data/phase2/processed/historical_spread.csv,historical_spread,FY2022,pretax_income,SRC-014,NF-0039;NF-0038;NF-0036;NF-0037,Quanex FY2022 Form 10-K,https://www.sec.gov/Archives/edgar/data/1423221/000142322122000014/nx-20221031.htm,2022-12-16,calculated,not_applicable,
S2S-0028,data/phase2/processed/historical_spread.csv,historical_spread,FY2022,unadjusted_ebitda,SRC-014,NF-0036;NF-0035,Quanex FY2022 Form 10-K,https://www.sec.gov/Archives/edgar/data/1423221/000142322122000014/nx-20221031.htm,2022-12-16,calculated,not_applicable,"Company-style EBITDA excludes other, net; no credit adjustments included."
S2S-0029,data/phase2/processed/historical_spread.csv,historical_spread,FY2023,revenue,SRC-001,NF-0021,Quanex FY2025 Form 10-K,https://www.sec.gov/Archives/edgar/data/1423221/000142322125000100/nx-20251031.htm,2025-12-12,reported,not_applicable,
S2S-0030,data/phase2/processed/historical_spread.csv,historical_spread,FY2023,cost_of_sales_excluding_depreciation_and_amortization,SRC-001,NF-0022,Quanex FY2025 Form 10-K,https://www.sec.gov/Archives/edgar/data/1423221/000142322125000100/nx-20251031.htm,2025-12-12,reported,not_applicable,
S2S-0031,data/phase2/processed/historical_spread.csv,historical_spread,FY2023,gross_profit,SRC-001,CF-0183,Quanex FY2025 Form 10-K,https://www.sec.gov/Archives/edgar/data/1423221/000142322125000100/nx-20251031.htm,2025-12-12,calculated,not_applicable,Mechanical calculation; not an analyst adjustment.
S2S-0032,data/phase2/processed/historical_spread.csv,historical_spread,FY2023,selling_general_and_administrative,SRC-001,NF-0023,Quanex FY2025 Form 10-K,https://www.sec.gov/Archives/edgar/data/1423221/000142322125000100/nx-20251031.htm,2025-12-12,reported,not_applicable,
S2S-0033,data/phase2/processed/historical_spread.csv,historical_spread,FY2023,depreciation_and_amortization,SRC-001,NF-0025,Quanex FY2025 Form 10-K,https://www.sec.gov/Archives/edgar/data/1423221/000142322125000100/nx-20251031.htm,2025-12-12,reported,not_applicable,
S2S-0034,data/phase2/processed/historical_spread.csv,historical_spread,FY2023,goodwill_impairment_charges,SRC-001,NF-0026,Quanex FY2025 Form 10-K,https://www.sec.gov/Archives/edgar/data/1423221/000142322125000100/nx-20251031.htm,2025-12-12,reported,not_applicable,
S2S-0035,data/phase2/processed/historical_spread.csv,historical_spread,FY2023,restructuring_charges,SRC-001,NF-0024,Quanex FY2025 Form 10-K,https://www.sec.gov/Archives/edgar/data/1423221/000142322125000100/nx-20251031.htm,2025-12-12,reported,not_applicable,
S2S-0036,data/phase2/processed/historical_spread.csv,historical_spread,FY2023,operating_income,SRC-001,NF-0027,Quanex FY2025 Form 10-K,https://www.sec.gov/Archives/edgar/data/1423221/000142322125000100/nx-20251031.htm,2025-12-12,reported,not_applicable,
S2S-0037,data/phase2/processed/historical_spread.csv,historical_spread,FY2023,interest_expense,SRC-001,NF-0028,Quanex FY2025 Form 10-K,https://www.sec.gov/Archives/edgar/data/1423221/000142322125000100/nx-20251031.htm,2025-12-12,reported,not_applicable,
S2S-0038,data/phase2/processed/historical_spread.csv,historical_spread,FY2023,income_tax_expense,SRC-001,NF-0029,Quanex FY2025 Form 10-K,https://www.sec.gov/Archives/edgar/data/1423221/000142322125000100/nx-20251031.htm,2025-12-12,reported,not_applicable,
S2S-0039,data/phase2/processed/historical_spread.csv,historical_spread,FY2023,net_income,SRC-001,NF-0030,Quanex FY2025 Form 10-K,https://www.sec.gov/Archives/edgar/data/1423221/000142322125000100/nx-20251031.htm,2025-12-12,reported,not_applicable,
S2S-0040,data/phase2/processed/historical_spread.csv,historical_spread,FY2023,other_income_expense,SRC-001,NF-0030;NF-0029;NF-0027;NF-0028,Quanex FY2025 Form 10-K,https://www.sec.gov/Archives/edgar/data/1423221/000142322125000100/nx-20251031.htm,2025-12-12,calculated,not_applicable,
S2S-0041,data/phase2/processed/historical_spread.csv,historical_spread,FY2023,pretax_income,SRC-001,NF-0030;NF-0029;NF-0027;NF-0028,Quanex FY2025 Form 10-K,https://www.sec.gov/Archives/edgar/data/1423221/000142322125000100/nx-20251031.htm,2025-12-12,calculated,not_applicable,
S2S-0042,data/phase2/processed/historical_spread.csv,historical_spread,FY2023,unadjusted_ebitda,SRC-001,NF-0027;NF-0025,Quanex FY2025 Form 10-K,https://www.sec.gov/Archives/edgar/data/1423221/000142322125000100/nx-20251031.htm,2025-12-12,calculated,not_applicable,"Company-style EBITDA excludes other, net; no credit adjustments included."
S2S-0043,data/phase2/processed/historical_spread.csv,historical_spread,FY2024,revenue,SRC-001,NF-0011,Quanex FY2025 Form 10-K,https://www.sec.gov/Archives/edgar/data/1423221/000142322125000100/nx-20251031.htm,2025-12-12,reported,not_applicable,
S2S-0044,data/phase2/processed/historical_spread.csv,historical_spread,FY2024,cost_of_sales_excluding_depreciation_and_amortization,SRC-001,NF-0012,Quanex FY2025 Form 10-K,https://www.sec.gov/Archives/edgar/data/1423221/000142322125000100/nx-20251031.htm,2025-12-12,reported,not_applicable,
S2S-0045,data/phase2/processed/historical_spread.csv,historical_spread,FY2024,gross_profit,SRC-001,CF-0187,Quanex FY2025 Form 10-K,https://www.sec.gov/Archives/edgar/data/1423221/000142322125000100/nx-20251031.htm,2025-12-12,calculated,not_applicable,Mechanical calculation; not an analyst adjustment.
S2S-0046,data/phase2/processed/historical_spread.csv,historical_spread,FY2024,selling_general_and_administrative,SRC-001,NF-0013,Quanex FY2025 Form 10-K,https://www.sec.gov/Archives/edgar/data/1423221/000142322125000100/nx-20251031.htm,2025-12-12,reported,not_applicable,
S2S-0047,data/phase2/processed/historical_spread.csv,historical_spread,FY2024,depreciation_and_amortization,SRC-001,NF-0015,Quanex FY2025 Form 10-K,https://www.sec.gov/Archives/edgar/data/1423221/000142322125000100/nx-20251031.htm,2025-12-12,reported,not_applicable,
S2S-0048,data/phase2/processed/historical_spread.csv,historical_spread,FY2024,goodwill_impairment_charges,SRC-001,NF-0016,Quanex FY2025 Form 10-K,https://www.sec.gov/Archives/edgar/data/1423221/000142322125000100/nx-20251031.htm,2025-12-12,reported,not_applicable,
S2S-0049,data/phase2/processed/historical_spread.csv,historical_spread,FY2024,restructuring_charges,SRC-001,NF-0014,Quanex FY2025 Form 10-K,https://www.sec.gov/Archives/edgar/data/1423221/000142322125000100/nx-20251031.htm,2025-12-12,reported,not_applicable,
S2S-0050,data/phase2/processed/historical_spread.csv,historical_spread,FY2024,operating_income,SRC-001,NF-0017,Quanex FY2025 Form 10-K,https://www.sec.gov/Archives/edgar/data/1423221/000142322125000100/nx-20251031.htm,2025-12-12,reported,not_applicable,
S2S-0051,data/phase2/processed/historical_spread.csv,historical_spread,FY2024,interest_expense,SRC-001,NF-0018,Quanex FY2025 Form 10-K,https://www.sec.gov/Archives/edgar/data/1423221/000142322125000100/nx-20251031.htm,2025-12-12,reported,not_applicable,
S2S-0052,data/phase2/processed/historical_spread.csv,historical_spread,FY2024,income_tax_expense,SRC-001,NF-0019,Quanex FY2025 Form 10-K,https://www.sec.gov/Archives/edgar/data/1423221/000142322125000100/nx-20251031.htm,2025-12-12,reported,not_applicable,
S2S-0053,data/phase2/processed/historical_spread.csv,historical_spread,FY2024,net_income,SRC-001,NF-0020,Quanex FY2025 Form 10-K,https://www.sec.gov/Archives/edgar/data/1423221/000142322125000100/nx-20251031.htm,2025-12-12,reported,not_applicable,
S2S-0054,data/phase2/processed/historical_spread.csv,historical_spread,FY2024,other_income_expense,SRC-001,NF-0020;NF-0019;NF-0017;NF-0018,Quanex FY2025 Form 10-K,https://www.sec.gov/Archives/edgar/data/1423221/000142322125000100/nx-20251031.htm,2025-12-12,calculated,not_applicable,
S2S-0055,data/phase2/processed/historical_spread.csv,historical_spread,FY2024,pretax_income,SRC-001,NF-0020;NF-0019;NF-0017;NF-0018,Quanex FY2025 Form 10-K,https://www.sec.gov/Archives/edgar/data/1423221/000142322125000100/nx-20251031.htm,2025-12-12,calculated,not_applicable,
S2S-0056,data/phase2/processed/historical_spread.csv,historical_spread,FY2024,unadjusted_ebitda,SRC-001,NF-0017;NF-0015,Quanex FY2025 Form 10-K,https://www.sec.gov/Archives/edgar/data/1423221/000142322125000100/nx-20251031.htm,2025-12-12,calculated,not_applicable,"Company-style EBITDA excludes other, net; no credit adjustments included."
S2S-0057,data/phase2/processed/historical_spread.csv,historical_spread,FY2025,revenue,SRC-001,NF-0001,Quanex FY2025 Form 10-K,https://www.sec.gov/Archives/edgar/data/1423221/000142322125000100/nx-20251031.htm,2025-12-12,reported,not_applicable,
S2S-0058,data/phase2/processed/historical_spread.csv,historical_spread,FY2025,cost_of_sales_excluding_depreciation_and_amortization,SRC-001,NF-0002,Quanex FY2025 Form 10-K,https://www.sec.gov/Archives/edgar/data/1423221/000142322125000100/nx-20251031.htm,2025-12-12,reported,not_applicable,
S2S-0059,data/phase2/processed/historical_spread.csv,historical_spread,FY2025,gross_profit,SRC-001,CF-0191,Quanex FY2025 Form 10-K,https://www.sec.gov/Archives/edgar/data/1423221/000142322125000100/nx-20251031.htm,2025-12-12,calculated,not_applicable,Mechanical calculation; not an analyst adjustment.
S2S-0060,data/phase2/processed/historical_spread.csv,historical_spread,FY2025,selling_general_and_administrative,SRC-001,NF-0003,Quanex FY2025 Form 10-K,https://www.sec.gov/Archives/edgar/data/1423221/000142322125000100/nx-20251031.htm,2025-12-12,reported,not_applicable,
S2S-0061,data/phase2/processed/historical_spread.csv,historical_spread,FY2025,depreciation_and_amortization,SRC-001,NF-0005,Quanex FY2025 Form 10-K,https://www.sec.gov/Archives/edgar/data/1423221/000142322125000100/nx-20251031.htm,2025-12-12,reported,not_applicable,
S2S-0062,data/phase2/processed/historical_spread.csv,historical_spread,FY2025,goodwill_impairment_charges,SRC-001,NF-0006,Quanex FY2025 Form 10-K,https://www.sec.gov/Archives/edgar/data/1423221/000142322125000100/nx-20251031.htm,2025-12-12,reported,not_applicable,
S2S-0063,data/phase2/processed/historical_spread.csv,historical_spread,FY2025,restructuring_charges,SRC-001,NF-0004,Quanex FY2025 Form 10-K,https://www.sec.gov/Archives/edgar/data/1423221/000142322125000100/nx-20251031.htm,2025-12-12,reported,not_applicable,
S2S-0064,data/phase2/processed/historical_spread.csv,historical_spread,FY2025,operating_income,SRC-001,NF-0007,Quanex FY2025 Form 10-K,https://www.sec.gov/Archives/edgar/data/1423221/000142322125000100/nx-20251031.htm,2025-12-12,reported,not_applicable,
S2S-0065,data/phase2/processed/historical_spread.csv,historical_spread,FY2025,interest_expense,SRC-001,NF-0008,Quanex FY2025 Form 10-K,https://www.sec.gov/Archives/edgar/data/1423221/000142322125000100/nx-20251031.htm,2025-12-12,reported,not_applicable,
S2S-0066,data/phase2/processed/historical_spread.csv,historical_spread,FY2025,income_tax_expense,SRC-001,NF-0009,Quanex FY2025 Form 10-K,https://www.sec.gov/Archives/edgar/data/1423221/000142322125000100/nx-20251031.htm,2025-12-12,reported,not_applicable,
S2S-0067,data/phase2/processed/historical_spread.csv,historical_spread,FY2025,net_income,SRC-001,NF-0010,Quanex FY2025 Form 10-K,https://www.sec.gov/Archives/edgar/data/1423221/000142322125000100/nx-20251031.htm,2025-12-12,reported,not_applicable,
S2S-0068,data/phase2/processed/historical_spread.csv,historical_spread,FY2025,other_income_expense,SRC-001,NF-0010;NF-0009;NF-0007;NF-0008,Quanex FY2025 Form 10-K,https://www.sec.gov/Archives/edgar/data/1423221/000142322125000100/nx-20251031.htm,2025-12-12,calculated,not_applicable,
S2S-0069,data/phase2/processed/historical_spread.csv,historical_spread,FY2025,pretax_income,SRC-001,NF-0010;NF-0009;NF-0007;NF-0008,Quanex FY2025 Form 10-K,https://www.sec.gov/Archives/edgar/data/1423221/000142322125000100/nx-20251031.htm,2025-12-12,calculated,not_applicable,
S2S-0070,data/phase2/processed/historical_spread.csv,historical_spread,FY2025,unadjusted_ebitda,SRC-001,NF-0007;NF-0005,Quanex FY2025 Form 10-K,https://www.sec.gov/Archives/edgar/data/1423221/000142322125000100/nx-20251031.htm,2025-12-12,calculated,not_applicable,"Company-style EBITDA excludes other, net; no credit adjustments included."
S2S-0071,data/phase2/processed/historical_spread.csv,historical_spread,FY2021,cash_and_cash_equivalents,SRC-014,NF-0148,Quanex FY2022 Form 10-K,https://www.sec.gov/Archives/edgar/data/1423221/000142322122000014/nx-20221031.htm,2022-12-16,reported,not_applicable,
S2S-0072,data/phase2/processed/historical_spread.csv,historical_spread,FY2021,accounts_receivable,SRC-014,NF-0149,Quanex FY2022 Form 10-K,https://www.sec.gov/Archives/edgar/data/1423221/000142322122000014/nx-20221031.htm,2022-12-16,reported,not_applicable,
S2S-0073,data/phase2/processed/historical_spread.csv,historical_spread,FY2021,inventory,SRC-014,NF-0150,Quanex FY2022 Form 10-K,https://www.sec.gov/Archives/edgar/data/1423221/000142322122000014/nx-20221031.htm,2022-12-16,reported,not_applicable,
S2S-0074,data/phase2/processed/historical_spread.csv,historical_spread,FY2021,accounts_payable,SRC-014,NF-0157,Quanex FY2022 Form 10-K,https://www.sec.gov/Archives/edgar/data/1423221/000142322122000014/nx-20221031.htm,2022-12-16,reported,not_applicable,
S2S-0075,data/phase2/processed/historical_spread.csv,historical_spread,FY2021,current_assets,SRC-014,NF-0152,Quanex FY2022 Form 10-K,https://www.sec.gov/Archives/edgar/data/1423221/000142322122000014/nx-20221031.htm,2022-12-16,reported,not_applicable,
S2S-0076,data/phase2/processed/historical_spread.csv,historical_spread,FY2021,current_liabilities,SRC-014,NF-0162,Quanex FY2022 Form 10-K,https://www.sec.gov/Archives/edgar/data/1423221/000142322122000014/nx-20221031.htm,2022-12-16,reported,not_applicable,
S2S-0077,data/phase2/processed/historical_spread.csv,historical_spread,FY2021,property_plant_and_equipment_net,SRC-014,NF-0153,Quanex FY2022 Form 10-K,https://www.sec.gov/Archives/edgar/data/1423221/000142322122000014/nx-20221031.htm,2022-12-16,reported,not_applicable,
S2S-0078,data/phase2/processed/historical_spread.csv,historical_spread,FY2021,goodwill,SRC-014,NF-0155,Quanex FY2022 Form 10-K,https://www.sec.gov/Archives/edgar/data/1423221/000142322122000014/nx-20221031.htm,2022-12-16,reported,not_applicable,
S2S-0079,data/phase2/processed/historical_spread.csv,historical_spread,FY2021,intangible_assets_net,SRC-014,NF-0156,Quanex FY2022 Form 10-K,https://www.sec.gov/Archives/edgar/data/1423221/000142322122000014/nx-20221031.htm,2022-12-16,reported,not_applicable,
S2S-0080,data/phase2/processed/historical_spread.csv,historical_spread,FY2021,current_maturities_of_long_term_debt,SRC-014,NF-0160,Quanex FY2022 Form 10-K,https://www.sec.gov/Archives/edgar/data/1423221/000142322122000014/nx-20221031.htm,2022-12-16,reported,not_applicable,
S2S-0081,data/phase2/processed/historical_spread.csv,historical_spread,FY2021,long_term_debt,SRC-014,NF-0163,Quanex FY2022 Form 10-K,https://www.sec.gov/Archives/edgar/data/1423221/000142322122000014/nx-20221031.htm,2022-12-16,reported,not_applicable,
S2S-0082,data/phase2/processed/historical_spread.csv,historical_spread,FY2021,current_operating_lease_liabilities,SRC-014,NF-0161,Quanex FY2022 Form 10-K,https://www.sec.gov/Archives/edgar/data/1423221/000142322122000014/nx-20221031.htm,2022-12-16,reported,not_applicable,
S2S-0083,data/phase2/processed/historical_spread.csv,historical_spread,FY2021,noncurrent_operating_lease_liabilities,SRC-014,NF-0164,Quanex FY2022 Form 10-K,https://www.sec.gov/Archives/edgar/data/1423221/000142322122000014/nx-20221031.htm,2022-12-16,reported,not_applicable,
S2S-0084,data/phase2/processed/historical_spread.csv,historical_spread,FY2021,total_operating_lease_liabilities,SRC-014,CF-0178,Quanex FY2022 Form 10-K,https://www.sec.gov/Archives/edgar/data/1423221/000142322122000014/nx-20221031.htm,2022-12-16,calculated,not_applicable,Mechanical calculation; not an analyst adjustment.
S2S-0085,data/phase2/processed/historical_spread.csv,historical_spread,FY2021,total_assets,SRC-014,S2R-0001,Quanex FY2022 Form 10-K,https://www.sec.gov/Archives/edgar/data/1423221/000142322122000014/nx-20221031.htm,2022-12-16,reported_supplemental_extract,not_applicable,
S2S-0086,data/phase2/processed/historical_spread.csv,historical_spread,FY2021,total_liabilities,SRC-014,S2R-0002,Quanex FY2022 Form 10-K,https://www.sec.gov/Archives/edgar/data/1423221/000142322122000014/nx-20221031.htm,2022-12-16,reported_supplemental_extract,not_applicable,
S2S-0087,data/phase2/processed/historical_spread.csv,historical_spread,FY2021,shareholders_equity,SRC-014,S2R-0003,Quanex FY2022 Form 10-K,https://www.sec.gov/Archives/edgar/data/1423221/000142322122000014/nx-20221031.htm,2022-12-16,reported_supplemental_extract,not_applicable,
S2S-0088,data/phase2/processed/historical_spread.csv,historical_spread,FY2021,other_presented_current_assets,SRC-014,NF-0151,Quanex FY2022 Form 10-K,https://www.sec.gov/Archives/edgar/data/1423221/000142322122000014/nx-20221031.htm,2022-12-16,calculated,not_applicable,Presentation changed in FY2024-FY2025; components remain preserved in Phase 1.
S2S-0089,data/phase2/processed/historical_spread.csv,historical_spread,FY2021,other_presented_operating_current_liabilities,SRC-014,NF-0158;NF-0159,Quanex FY2022 Form 10-K,https://www.sec.gov/Archives/edgar/data/1423221/000142322122000014/nx-20221031.htm,2022-12-16,calculated,not_applicable,
S2S-0090,data/phase2/processed/historical_spread.csv,historical_spread,FY2022,cash_and_cash_equivalents,SRC-014,NF-0131,Quanex FY2022 Form 10-K,https://www.sec.gov/Archives/edgar/data/1423221/000142322122000014/nx-20221031.htm,2022-12-16,reported,not_applicable,
S2S-0091,data/phase2/processed/historical_spread.csv,historical_spread,FY2022,accounts_receivable,SRC-014,NF-0132,Quanex FY2022 Form 10-K,https://www.sec.gov/Archives/edgar/data/1423221/000142322122000014/nx-20221031.htm,2022-12-16,reported,not_applicable,
S2S-0092,data/phase2/processed/historical_spread.csv,historical_spread,FY2022,inventory,SRC-014,NF-0133,Quanex FY2022 Form 10-K,https://www.sec.gov/Archives/edgar/data/1423221/000142322122000014/nx-20221031.htm,2022-12-16,reported,not_applicable,
S2S-0093,data/phase2/processed/historical_spread.csv,historical_spread,FY2022,accounts_payable,SRC-014,NF-0140,Quanex FY2022 Form 10-K,https://www.sec.gov/Archives/edgar/data/1423221/000142322122000014/nx-20221031.htm,2022-12-16,reported,not_applicable,
S2S-0094,data/phase2/processed/historical_spread.csv,historical_spread,FY2022,current_assets,SRC-014,NF-0135,Quanex FY2022 Form 10-K,https://www.sec.gov/Archives/edgar/data/1423221/000142322122000014/nx-20221031.htm,2022-12-16,reported,not_applicable,
S2S-0095,data/phase2/processed/historical_spread.csv,historical_spread,FY2022,current_liabilities,SRC-014,NF-0145,Quanex FY2022 Form 10-K,https://www.sec.gov/Archives/edgar/data/1423221/000142322122000014/nx-20221031.htm,2022-12-16,reported,not_applicable,
S2S-0096,data/phase2/processed/historical_spread.csv,historical_spread,FY2022,property_plant_and_equipment_net,SRC-014,NF-0136,Quanex FY2022 Form 10-K,https://www.sec.gov/Archives/edgar/data/1423221/000142322122000014/nx-20221031.htm,2022-12-16,reported,not_applicable,
S2S-0097,data/phase2/processed/historical_spread.csv,historical_spread,FY2022,goodwill,SRC-014,NF-0138,Quanex FY2022 Form 10-K,https://www.sec.gov/Archives/edgar/data/1423221/000142322122000014/nx-20221031.htm,2022-12-16,reported,not_applicable,
S2S-0098,data/phase2/processed/historical_spread.csv,historical_spread,FY2022,intangible_assets_net,SRC-014,NF-0139,Quanex FY2022 Form 10-K,https://www.sec.gov/Archives/edgar/data/1423221/000142322122000014/nx-20221031.htm,2022-12-16,reported,not_applicable,
S2S-0099,data/phase2/processed/historical_spread.csv,historical_spread,FY2022,current_maturities_of_long_term_debt,SRC-014,NF-0143,Quanex FY2022 Form 10-K,https://www.sec.gov/Archives/edgar/data/1423221/000142322122000014/nx-20221031.htm,2022-12-16,reported,not_applicable,
S2S-0100,data/phase2/processed/historical_spread.csv,historical_spread,FY2022,long_term_debt,SRC-014,NF-0146,Quanex FY2022 Form 10-K,https://www.sec.gov/Archives/edgar/data/1423221/000142322122000014/nx-20221031.htm,2022-12-16,reported,not_applicable,
S2S-0101,data/phase2/processed/historical_spread.csv,historical_spread,FY2022,current_operating_lease_liabilities,SRC-014,NF-0144,Quanex FY2022 Form 10-K,https://www.sec.gov/Archives/edgar/data/1423221/000142322122000014/nx-20221031.htm,2022-12-16,reported,not_applicable,
S2S-0102,data/phase2/processed/historical_spread.csv,historical_spread,FY2022,noncurrent_operating_lease_liabilities,SRC-014,NF-0147,Quanex FY2022 Form 10-K,https://www.sec.gov/Archives/edgar/data/1423221/000142322122000014/nx-20221031.htm,2022-12-16,reported,not_applicable,
S2S-0103,data/phase2/processed/historical_spread.csv,historical_spread,FY2022,total_operating_lease_liabilities,SRC-014,CF-0182,Quanex FY2022 Form 10-K,https://www.sec.gov/Archives/edgar/data/1423221/000142322122000014/nx-20221031.htm,2022-12-16,calculated,not_applicable,Mechanical calculation; not an analyst adjustment.
S2S-0104,data/phase2/processed/historical_spread.csv,historical_spread,FY2022,total_assets,SRC-014,S2R-0004,Quanex FY2022 Form 10-K,https://www.sec.gov/Archives/edgar/data/1423221/000142322122000014/nx-20221031.htm,2022-12-16,reported_supplemental_extract,not_applicable,
S2S-0105,data/phase2/processed/historical_spread.csv,historical_spread,FY2022,total_liabilities,SRC-014,S2R-0005,Quanex FY2022 Form 10-K,https://www.sec.gov/Archives/edgar/data/1423221/000142322122000014/nx-20221031.htm,2022-12-16,reported_supplemental_extract,not_applicable,
S2S-0106,data/phase2/processed/historical_spread.csv,historical_spread,FY2022,shareholders_equity,SRC-014,S2R-0006,Quanex FY2022 Form 10-K,https://www.sec.gov/Archives/edgar/data/1423221/000142322122000014/nx-20221031.htm,2022-12-16,reported_supplemental_extract,not_applicable,
S2S-0107,data/phase2/processed/historical_spread.csv,historical_spread,FY2022,other_presented_current_assets,SRC-014,NF-0134,Quanex FY2022 Form 10-K,https://www.sec.gov/Archives/edgar/data/1423221/000142322122000014/nx-20221031.htm,2022-12-16,calculated,not_applicable,Presentation changed in FY2024-FY2025; components remain preserved in Phase 1.
S2S-0108,data/phase2/processed/historical_spread.csv,historical_spread,FY2022,other_presented_operating_current_liabilities,SRC-014,NF-0141;NF-0142,Quanex FY2022 Form 10-K,https://www.sec.gov/Archives/edgar/data/1423221/000142322122000014/nx-20221031.htm,2022-12-16,calculated,not_applicable,
S2S-0109,data/phase2/processed/historical_spread.csv,historical_spread,FY2023,cash_and_cash_equivalents,SRC-012,NF-0112,Quanex FY2024 Form 10-K,https://www.sec.gov/Archives/edgar/data/1423221/000142322124000015/nx-20241031.htm,2024-12-16,reported,not_applicable,
S2S-0110,data/phase2/processed/historical_spread.csv,historical_spread,FY2023,accounts_receivable,SRC-012,NF-0114,Quanex FY2024 Form 10-K,https://www.sec.gov/Archives/edgar/data/1423221/000142322124000015/nx-20241031.htm,2024-12-16,reported,not_applicable,
S2S-0111,data/phase2/processed/historical_spread.csv,historical_spread,FY2023,inventory,SRC-012,NF-0115,Quanex FY2024 Form 10-K,https://www.sec.gov/Archives/edgar/data/1423221/000142322124000015/nx-20241031.htm,2024-12-16,reported,not_applicable,
S2S-0112,data/phase2/processed/historical_spread.csv,historical_spread,FY2023,accounts_payable,SRC-012,NF-0123,Quanex FY2024 Form 10-K,https://www.sec.gov/Archives/edgar/data/1423221/000142322124000015/nx-20241031.htm,2024-12-16,reported,not_applicable,
S2S-0113,data/phase2/processed/historical_spread.csv,historical_spread,FY2023,current_assets,SRC-012,NF-0118,Quanex FY2024 Form 10-K,https://www.sec.gov/Archives/edgar/data/1423221/000142322124000015/nx-20241031.htm,2024-12-16,reported,not_applicable,
S2S-0114,data/phase2/processed/historical_spread.csv,historical_spread,FY2023,current_liabilities,SRC-012,NF-0128,Quanex FY2024 Form 10-K,https://www.sec.gov/Archives/edgar/data/1423221/000142322124000015/nx-20241031.htm,2024-12-16,reported,not_applicable,
S2S-0115,data/phase2/processed/historical_spread.csv,historical_spread,FY2023,property_plant_and_equipment_net,SRC-012,NF-0119,Quanex FY2024 Form 10-K,https://www.sec.gov/Archives/edgar/data/1423221/000142322124000015/nx-20241031.htm,2024-12-16,reported,not_applicable,
S2S-0116,data/phase2/processed/historical_spread.csv,historical_spread,FY2023,goodwill,SRC-012,NF-0121,Quanex FY2024 Form 10-K,https://www.sec.gov/Archives/edgar/data/1423221/000142322124000015/nx-20241031.htm,2024-12-16,reported,not_applicable,
S2S-0117,data/phase2/processed/historical_spread.csv,historical_spread,FY2023,intangible_assets_net,SRC-012,NF-0122,Quanex FY2024 Form 10-K,https://www.sec.gov/Archives/edgar/data/1423221/000142322124000015/nx-20241031.htm,2024-12-16,reported,not_applicable,
S2S-0118,data/phase2/processed/historical_spread.csv,historical_spread,FY2023,current_maturities_of_long_term_debt,SRC-012,NF-0126,Quanex FY2024 Form 10-K,https://www.sec.gov/Archives/edgar/data/1423221/000142322124000015/nx-20241031.htm,2024-12-16,reported,not_applicable,
S2S-0119,data/phase2/processed/historical_spread.csv,historical_spread,FY2023,long_term_debt,SRC-012,NF-0129,Quanex FY2024 Form 10-K,https://www.sec.gov/Archives/edgar/data/1423221/000142322124000015/nx-20241031.htm,2024-12-16,reported,not_applicable,
S2S-0120,data/phase2/processed/historical_spread.csv,historical_spread,FY2023,current_operating_lease_liabilities,SRC-012,NF-0127,Quanex FY2024 Form 10-K,https://www.sec.gov/Archives/edgar/data/1423221/000142322124000015/nx-20241031.htm,2024-12-16,reported,not_applicable,
S2S-0121,data/phase2/processed/historical_spread.csv,historical_spread,FY2023,noncurrent_operating_lease_liabilities,SRC-012,NF-0130,Quanex FY2024 Form 10-K,https://www.sec.gov/Archives/edgar/data/1423221/000142322124000015/nx-20241031.htm,2024-12-16,reported,not_applicable,
S2S-0122,data/phase2/processed/historical_spread.csv,historical_spread,FY2023,total_operating_lease_liabilities,SRC-012,CF-0186,Quanex FY2024 Form 10-K,https://www.sec.gov/Archives/edgar/data/1423221/000142322124000015/nx-20241031.htm,2024-12-16,calculated,not_applicable,Mechanical calculation; not an analyst adjustment.
S2S-0123,data/phase2/processed/historical_spread.csv,historical_spread,FY2023,total_assets,SRC-012,S2R-0007,Quanex FY2024 Form 10-K,https://www.sec.gov/Archives/edgar/data/1423221/000142322124000015/nx-20241031.htm,2024-12-16,reported_supplemental_extract,not_applicable,
S2S-0124,data/phase2/processed/historical_spread.csv,historical_spread,FY2023,total_liabilities,SRC-012,S2R-0008,Quanex FY2024 Form 10-K,https://www.sec.gov/Archives/edgar/data/1423221/000142322124000015/nx-20241031.htm,2024-12-16,reported_supplemental_extract,not_applicable,
S2S-0125,data/phase2/processed/historical_spread.csv,historical_spread,FY2023,shareholders_equity,SRC-012,S2R-0009,Quanex FY2024 Form 10-K,https://www.sec.gov/Archives/edgar/data/1423221/000142322124000015/nx-20241031.htm,2024-12-16,reported_supplemental_extract,not_applicable,
S2S-0126,data/phase2/processed/historical_spread.csv,historical_spread,FY2023,other_presented_current_assets,SRC-012,NF-0117;NF-0116,Quanex FY2024 Form 10-K,https://www.sec.gov/Archives/edgar/data/1423221/000142322124000015/nx-20241031.htm,2024-12-16,calculated,not_applicable,Presentation changed in FY2024-FY2025; components remain preserved in Phase 1.
S2S-0127,data/phase2/processed/historical_spread.csv,historical_spread,FY2023,other_presented_operating_current_liabilities,SRC-012,NF-0124;NF-0125,Quanex FY2024 Form 10-K,https://www.sec.gov/Archives/edgar/data/1423221/000142322124000015/nx-20241031.htm,2024-12-16,calculated,not_applicable,
S2S-0128,data/phase2/processed/historical_spread.csv,historical_spread,FY2024,cash_and_cash_equivalents,SRC-001,NF-0092,Quanex FY2025 Form 10-K,https://www.sec.gov/Archives/edgar/data/1423221/000142322125000100/nx-20251031.htm,2025-12-12,reported,not_applicable,
S2S-0129,data/phase2/processed/historical_spread.csv,historical_spread,FY2024,accounts_receivable,SRC-001,NF-0094,Quanex FY2025 Form 10-K,https://www.sec.gov/Archives/edgar/data/1423221/000142322125000100/nx-20251031.htm,2025-12-12,reported,not_applicable,
S2S-0130,data/phase2/processed/historical_spread.csv,historical_spread,FY2024,inventory,SRC-001,NF-0095,Quanex FY2025 Form 10-K,https://www.sec.gov/Archives/edgar/data/1423221/000142322125000100/nx-20251031.htm,2025-12-12,reported,not_applicable,
S2S-0131,data/phase2/processed/historical_spread.csv,historical_spread,FY2024,accounts_payable,SRC-001,NF-0104,Quanex FY2025 Form 10-K,https://www.sec.gov/Archives/edgar/data/1423221/000142322125000100/nx-20251031.htm,2025-12-12,reported,not_applicable,
S2S-0132,data/phase2/processed/historical_spread.csv,historical_spread,FY2024,current_assets,SRC-001,NF-0099,Quanex FY2025 Form 10-K,https://www.sec.gov/Archives/edgar/data/1423221/000142322125000100/nx-20251031.htm,2025-12-12,reported,not_applicable,
S2S-0133,data/phase2/processed/historical_spread.csv,historical_spread,FY2024,current_liabilities,SRC-001,NF-0109,Quanex FY2025 Form 10-K,https://www.sec.gov/Archives/edgar/data/1423221/000142322125000100/nx-20251031.htm,2025-12-12,reported,not_applicable,
S2S-0134,data/phase2/processed/historical_spread.csv,historical_spread,FY2024,property_plant_and_equipment_net,SRC-001,NF-0100,Quanex FY2025 Form 10-K,https://www.sec.gov/Archives/edgar/data/1423221/000142322125000100/nx-20251031.htm,2025-12-12,reported,not_applicable,
S2S-0135,data/phase2/processed/historical_spread.csv,historical_spread,FY2024,goodwill,SRC-001,NF-0102,Quanex FY2025 Form 10-K,https://www.sec.gov/Archives/edgar/data/1423221/000142322125000100/nx-20251031.htm,2025-12-12,reported,not_applicable,
S2S-0136,data/phase2/processed/historical_spread.csv,historical_spread,FY2024,intangible_assets_net,SRC-001,NF-0103,Quanex FY2025 Form 10-K,https://www.sec.gov/Archives/edgar/data/1423221/000142322125000100/nx-20251031.htm,2025-12-12,reported,not_applicable,
S2S-0137,data/phase2/processed/historical_spread.csv,historical_spread,FY2024,current_maturities_of_long_term_debt,SRC-001,NF-0107,Quanex FY2025 Form 10-K,https://www.sec.gov/Archives/edgar/data/1423221/000142322125000100/nx-20251031.htm,2025-12-12,reported,not_applicable,
S2S-0138,data/phase2/processed/historical_spread.csv,historical_spread,FY2024,long_term_debt,SRC-001,NF-0110,Quanex FY2025 Form 10-K,https://www.sec.gov/Archives/edgar/data/1423221/000142322125000100/nx-20251031.htm,2025-12-12,reported,not_applicable,
S2S-0139,data/phase2/processed/historical_spread.csv,historical_spread,FY2024,current_operating_lease_liabilities,SRC-001,NF-0108,Quanex FY2025 Form 10-K,https://www.sec.gov/Archives/edgar/data/1423221/000142322125000100/nx-20251031.htm,2025-12-12,reported,not_applicable,
S2S-0140,data/phase2/processed/historical_spread.csv,historical_spread,FY2024,noncurrent_operating_lease_liabilities,SRC-001,NF-0111,Quanex FY2025 Form 10-K,https://www.sec.gov/Archives/edgar/data/1423221/000142322125000100/nx-20251031.htm,2025-12-12,reported,not_applicable,
S2S-0141,data/phase2/processed/historical_spread.csv,historical_spread,FY2024,total_operating_lease_liabilities,SRC-001,CF-0190,Quanex FY2025 Form 10-K,https://www.sec.gov/Archives/edgar/data/1423221/000142322125000100/nx-20251031.htm,2025-12-12,calculated,not_applicable,Mechanical calculation; not an analyst adjustment.
S2S-0142,data/phase2/processed/historical_spread.csv,historical_spread,FY2024,total_assets,SRC-001,S2R-0010,Quanex FY2025 Form 10-K,https://www.sec.gov/Archives/edgar/data/1423221/000142322125000100/nx-20251031.htm,2025-12-12,reported_supplemental_extract,not_applicable,
S2S-0143,data/phase2/processed/historical_spread.csv,historical_spread,FY2024,total_liabilities,SRC-001,S2R-0011,Quanex FY2025 Form 10-K,https://www.sec.gov/Archives/edgar/data/1423221/000142322125000100/nx-20251031.htm,2025-12-12,reported_supplemental_extract,not_applicable,
S2S-0144,data/phase2/processed/historical_spread.csv,historical_spread,FY2024,shareholders_equity,SRC-001,S2R-0012,Quanex FY2025 Form 10-K,https://www.sec.gov/Archives/edgar/data/1423221/000142322125000100/nx-20251031.htm,2025-12-12,reported_supplemental_extract,not_applicable,
S2S-0145,data/phase2/processed/historical_spread.csv,historical_spread,FY2024,other_presented_current_assets,SRC-001,NF-0097;NF-0098;NF-0096,Quanex FY2025 Form 10-K,https://www.sec.gov/Archives/edgar/data/1423221/000142322125000100/nx-20251031.htm,2025-12-12,calculated,not_applicable,Presentation changed in FY2024-FY2025; components remain preserved in Phase 1.
S2S-0146,data/phase2/processed/historical_spread.csv,historical_spread,FY2024,other_presented_operating_current_liabilities,SRC-001,NF-0105;NF-0106,Quanex FY2025 Form 10-K,https://www.sec.gov/Archives/edgar/data/1423221/000142322125000100/nx-20251031.htm,2025-12-12,calculated,not_applicable,
S2S-0147,data/phase2/processed/historical_spread.csv,historical_spread,FY2025,cash_and_cash_equivalents,SRC-001,NF-0072,Quanex FY2025 Form 10-K,https://www.sec.gov/Archives/edgar/data/1423221/000142322125000100/nx-20251031.htm,2025-12-12,reported,not_applicable,
S2S-0148,data/phase2/processed/historical_spread.csv,historical_spread,FY2025,accounts_receivable,SRC-001,NF-0074,Quanex FY2025 Form 10-K,https://www.sec.gov/Archives/edgar/data/1423221/000142322125000100/nx-20251031.htm,2025-12-12,reported,not_applicable,
S2S-0149,data/phase2/processed/historical_spread.csv,historical_spread,FY2025,inventory,SRC-001,NF-0075,Quanex FY2025 Form 10-K,https://www.sec.gov/Archives/edgar/data/1423221/000142322125000100/nx-20251031.htm,2025-12-12,reported,not_applicable,
S2S-0150,data/phase2/processed/historical_spread.csv,historical_spread,FY2025,accounts_payable,SRC-001,NF-0084,Quanex FY2025 Form 10-K,https://www.sec.gov/Archives/edgar/data/1423221/000142322125000100/nx-20251031.htm,2025-12-12,reported,not_applicable,
S2S-0151,data/phase2/processed/historical_spread.csv,historical_spread,FY2025,current_assets,SRC-001,NF-0079,Quanex FY2025 Form 10-K,https://www.sec.gov/Archives/edgar/data/1423221/000142322125000100/nx-20251031.htm,2025-12-12,reported,not_applicable,
S2S-0152,data/phase2/processed/historical_spread.csv,historical_spread,FY2025,current_liabilities,SRC-001,NF-0089,Quanex FY2025 Form 10-K,https://www.sec.gov/Archives/edgar/data/1423221/000142322125000100/nx-20251031.htm,2025-12-12,reported,not_applicable,
S2S-0153,data/phase2/processed/historical_spread.csv,historical_spread,FY2025,property_plant_and_equipment_net,SRC-001,NF-0080,Quanex FY2025 Form 10-K,https://www.sec.gov/Archives/edgar/data/1423221/000142322125000100/nx-20251031.htm,2025-12-12,reported,not_applicable,
S2S-0154,data/phase2/processed/historical_spread.csv,historical_spread,FY2025,goodwill,SRC-001,NF-0082,Quanex FY2025 Form 10-K,https://www.sec.gov/Archives/edgar/data/1423221/000142322125000100/nx-20251031.htm,2025-12-12,reported,not_applicable,
S2S-0155,data/phase2/processed/historical_spread.csv,historical_spread,FY2025,intangible_assets_net,SRC-001,NF-0083,Quanex FY2025 Form 10-K,https://www.sec.gov/Archives/edgar/data/1423221/000142322125000100/nx-20251031.htm,2025-12-12,reported,not_applicable,
S2S-0156,data/phase2/processed/historical_spread.csv,historical_spread,FY2025,current_maturities_of_long_term_debt,SRC-001,NF-0087,Quanex FY2025 Form 10-K,https://www.sec.gov/Archives/edgar/data/1423221/000142322125000100/nx-20251031.htm,2025-12-12,reported,not_applicable,
S2S-0157,data/phase2/processed/historical_spread.csv,historical_spread,FY2025,long_term_debt,SRC-001,NF-0090,Quanex FY2025 Form 10-K,https://www.sec.gov/Archives/edgar/data/1423221/000142322125000100/nx-20251031.htm,2025-12-12,reported,not_applicable,
S2S-0158,data/phase2/processed/historical_spread.csv,historical_spread,FY2025,current_operating_lease_liabilities,SRC-001,NF-0088,Quanex FY2025 Form 10-K,https://www.sec.gov/Archives/edgar/data/1423221/000142322125000100/nx-20251031.htm,2025-12-12,reported,not_applicable,
S2S-0159,data/phase2/processed/historical_spread.csv,historical_spread,FY2025,noncurrent_operating_lease_liabilities,SRC-001,NF-0091,Quanex FY2025 Form 10-K,https://www.sec.gov/Archives/edgar/data/1423221/000142322125000100/nx-20251031.htm,2025-12-12,reported,not_applicable,
S2S-0160,data/phase2/processed/historical_spread.csv,historical_spread,FY2025,total_operating_lease_liabilities,SRC-001,CF-0194,Quanex FY2025 Form 10-K,https://www.sec.gov/Archives/edgar/data/1423221/000142322125000100/nx-20251031.htm,2025-12-12,calculated,not_applicable,Mechanical calculation; not an analyst adjustment.
S2S-0161,data/phase2/processed/historical_spread.csv,historical_spread,FY2025,total_assets,SRC-001,S2R-0013,Quanex FY2025 Form 10-K,https://www.sec.gov/Archives/edgar/data/1423221/000142322125000100/nx-20251031.htm,2025-12-12,reported_supplemental_extract,not_applicable,
S2S-0162,data/phase2/processed/historical_spread.csv,historical_spread,FY2025,total_liabilities,SRC-001,S2R-0014,Quanex FY2025 Form 10-K,https://www.sec.gov/Archives/edgar/data/1423221/000142322125000100/nx-20251031.htm,2025-12-12,reported_supplemental_extract,not_applicable,
S2S-0163,data/phase2/processed/historical_spread.csv,historical_spread,FY2025,shareholders_equity,SRC-001,S2R-0015,Quanex FY2025 Form 10-K,https://www.sec.gov/Archives/edgar/data/1423221/000142322125000100/nx-20251031.htm,2025-12-12,reported_supplemental_extract,not_applicable,
S2S-0164,data/phase2/processed/historical_spread.csv,historical_spread,FY2025,other_presented_current_assets,SRC-001,NF-0077;NF-0078;NF-0076,Quanex FY2025 Form 10-K,https://www.sec.gov/Archives/edgar/data/1423221/000142322125000100/nx-20251031.htm,2025-12-12,calculated,not_applicable,Presentation changed in FY2024-FY2025; components remain preserved in Phase 1.
S2S-0165,data/phase2/processed/historical_spread.csv,historical_spread,FY2025,other_presented_operating_current_liabilities,SRC-001,NF-0085;NF-0086,Quanex FY2025 Form 10-K,https://www.sec.gov/Archives/edgar/data/1423221/000142322125000100/nx-20251031.htm,2025-12-12,calculated,not_applicable,
S2S-0166,data/phase2/processed/historical_spread.csv,historical_spread,FY2021,cash_flow_net_income,SRC-014,NF-0048,Quanex FY2022 Form 10-K,https://www.sec.gov/Archives/edgar/data/1423221/000142322122000014/nx-20221031.htm,2022-12-16,reported,not_applicable,
S2S-0167,data/phase2/processed/historical_spread.csv,historical_spread,FY2021,cash_flow_depreciation_and_amortization,SRC-014,S2R-0016,Quanex FY2022 Form 10-K,https://www.sec.gov/Archives/edgar/data/1423221/000142322122000014/nx-20221031.htm,2022-12-16,reported_supplemental_extract,not_applicable,
S2S-0168,data/phase2/processed/historical_spread.csv,historical_spread,FY2021,goodwill_impairment_noncash,SRC-014,S2R-0021,Quanex FY2022 Form 10-K,https://www.sec.gov/Archives/edgar/data/1423221/000142322122000014/nx-20221031.htm,2022-12-16,reported_supplemental_extract,not_applicable,
S2S-0169,data/phase2/processed/historical_spread.csv,historical_spread,FY2021,stock_based_compensation,SRC-014,S2R-0018,Quanex FY2022 Form 10-K,https://www.sec.gov/Archives/edgar/data/1423221/000142322122000014/nx-20221031.htm,2022-12-16,reported_supplemental_extract,not_applicable,
S2S-0170,data/phase2/processed/historical_spread.csv,historical_spread,FY2021,deferred_income_taxes,SRC-014,S2R-0019,Quanex FY2022 Form 10-K,https://www.sec.gov/Archives/edgar/data/1423221/000142322122000014/nx-20221031.htm,2022-12-16,reported_supplemental_extract,not_applicable,
S2S-0171,data/phase2/processed/historical_spread.csv,historical_spread,FY2021,gain_loss_on_disposition_noncash,SRC-014,S2R-0017,Quanex FY2022 Form 10-K,https://www.sec.gov/Archives/edgar/data/1423221/000142322122000014/nx-20221031.htm,2022-12-16,reported_supplemental_extract,not_applicable,
S2S-0172,data/phase2/processed/historical_spread.csv,historical_spread,FY2021,deferred_loan_costs_charge,SRC-014,S2R-0020,Quanex FY2022 Form 10-K,https://www.sec.gov/Archives/edgar/data/1423221/000142322122000014/nx-20221031.htm,2022-12-16,reported_supplemental_extract,not_applicable,
S2S-0173,data/phase2/processed/historical_spread.csv,historical_spread,FY2021,fx_forward_gain_noncash,SRC-014,S2R-0022,Quanex FY2022 Form 10-K,https://www.sec.gov/Archives/edgar/data/1423221/000142322122000014/nx-20221031.htm,2022-12-16,reported_supplemental_extract,not_applicable,
S2S-0174,data/phase2/processed/historical_spread.csv,historical_spread,FY2021,noncash_restructuring,,,,,,missing_control,not_applicable,Omitted from the selected presentation; not converted to zero.
S2S-0175,data/phase2/processed/historical_spread.csv,historical_spread,FY2021,other_noncash_operating,SRC-014,S2R-0023,Quanex FY2022 Form 10-K,https://www.sec.gov/Archives/edgar/data/1423221/000142322122000014/nx-20221031.htm,2022-12-16,reported_supplemental_extract,not_applicable,
S2S-0176,data/phase2/processed/historical_spread.csv,historical_spread,FY2021,change_accounts_receivable,SRC-014,S2R-0024,Quanex FY2022 Form 10-K,https://www.sec.gov/Archives/edgar/data/1423221/000142322122000014/nx-20221031.htm,2022-12-16,reported_supplemental_extract,not_applicable,
S2S-0177,data/phase2/processed/historical_spread.csv,historical_spread,FY2021,change_inventory,SRC-014,S2R-0025,Quanex FY2022 Form 10-K,https://www.sec.gov/Archives/edgar/data/1423221/000142322122000014/nx-20221031.htm,2022-12-16,reported_supplemental_extract,not_applicable,
S2S-0178,data/phase2/processed/historical_spread.csv,historical_spread,FY2021,change_other_current_assets,SRC-014,S2R-0026,Quanex FY2022 Form 10-K,https://www.sec.gov/Archives/edgar/data/1423221/000142322122000014/nx-20221031.htm,2022-12-16,reported_supplemental_extract,not_applicable,
S2S-0179,data/phase2/processed/historical_spread.csv,historical_spread,FY2021,change_accounts_payable,SRC-014,S2R-0027,Quanex FY2022 Form 10-K,https://www.sec.gov/Archives/edgar/data/1423221/000142322122000014/nx-20221031.htm,2022-12-16,reported_supplemental_extract,not_applicable,
S2S-0180,data/phase2/processed/historical_spread.csv,historical_spread,FY2021,change_accrued_liabilities,SRC-014,S2R-0028,Quanex FY2022 Form 10-K,https://www.sec.gov/Archives/edgar/data/1423221/000142322122000014/nx-20221031.htm,2022-12-16,reported_supplemental_extract,not_applicable,
S2S-0181,data/phase2/processed/historical_spread.csv,historical_spread,FY2021,change_income_taxes_payable,SRC-014,S2R-0029,Quanex FY2022 Form 10-K,https://www.sec.gov/Archives/edgar/data/1423221/000142322122000014/nx-20221031.htm,2022-12-16,reported_supplemental_extract,not_applicable,
S2S-0182,data/phase2/processed/historical_spread.csv,historical_spread,FY2021,change_deferred_pension,SRC-014,S2R-0030,Quanex FY2022 Form 10-K,https://www.sec.gov/Archives/edgar/data/1423221/000142322122000014/nx-20221031.htm,2022-12-16,reported_supplemental_extract,not_applicable,
S2S-0183,data/phase2/processed/historical_spread.csv,historical_spread,FY2021,change_other_long_term_liabilities,SRC-014,S2R-0031,Quanex FY2022 Form 10-K,https://www.sec.gov/Archives/edgar/data/1423221/000142322122000014/nx-20221031.htm,2022-12-16,reported_supplemental_extract,not_applicable,
S2S-0184,data/phase2/processed/historical_spread.csv,historical_spread,FY2021,other_operating_changes,SRC-014,S2R-0032,Quanex FY2022 Form 10-K,https://www.sec.gov/Archives/edgar/data/1423221/000142322122000014/nx-20221031.htm,2022-12-16,reported_supplemental_extract,not_applicable,
S2S-0185,data/phase2/processed/historical_spread.csv,historical_spread,FY2021,other_operating_working_capital_movements,SRC-014,S2R-0026;S2R-0028;S2R-0029;S2R-0030;S2R-0031;S2R-0032,Quanex FY2022 Form 10-K,https://www.sec.gov/Archives/edgar/data/1423221/000142322122000014/nx-20221031.htm,2022-12-16,calculated,not_applicable,
S2S-0186,data/phase2/processed/historical_spread.csv,historical_spread,FY2021,cash_flow_from_operations,SRC-014,NF-0068,Quanex FY2022 Form 10-K,https://www.sec.gov/Archives/edgar/data/1423221/000142322122000014/nx-20221031.htm,2022-12-16,reported,not_applicable,
S2S-0187,data/phase2/processed/historical_spread.csv,historical_spread,FY2021,capital_expenditures,SRC-014,NF-0069,Quanex FY2022 Form 10-K,https://www.sec.gov/Archives/edgar/data/1423221/000142322122000014/nx-20221031.htm,2022-12-16,reported,not_applicable,
S2S-0188,data/phase2/processed/historical_spread.csv,historical_spread,FY2021,free_cash_flow,SRC-014,CF-0176,Quanex FY2022 Form 10-K,https://www.sec.gov/Archives/edgar/data/1423221/000142322122000014/nx-20221031.htm,2022-12-16,calculated,not_applicable,Mechanical calculation; not an analyst adjustment.
S2S-0189,data/phase2/processed/historical_spread.csv,historical_spread,FY2021,acquisition_cash_flows,,,,,,missing_control,not_applicable,No dedicated material acquisition-cash-flow line in the selected Phase 1 statement; absence is not zero.
S2S-0190,data/phase2/processed/historical_spread.csv,historical_spread,FY2021,dividends_paid,SRC-014,NF-0070,Quanex FY2022 Form 10-K,https://www.sec.gov/Archives/edgar/data/1423221/000142322122000014/nx-20221031.htm,2022-12-16,reported,not_applicable,
S2S-0191,data/phase2/processed/historical_spread.csv,historical_spread,FY2021,share_repurchases,SRC-014,NF-0071,Quanex FY2022 Form 10-K,https://www.sec.gov/Archives/edgar/data/1423221/000142322122000014/nx-20221031.htm,2022-12-16,reported,not_applicable,
S2S-0192,data/phase2/processed/historical_spread.csv,historical_spread,FY2021,investing_cash_flow_total,SRC-014,S2R-0101,Quanex FY2022 Form 10-K,https://www.sec.gov/Archives/edgar/data/1423221/000142322122000014/nx-20221031.htm,2022-12-16,reported_supplemental_extract,not_applicable,
S2S-0193,data/phase2/processed/historical_spread.csv,historical_spread,FY2021,credit_facility_borrowings,SRC-014,S2R-0102,Quanex FY2022 Form 10-K,https://www.sec.gov/Archives/edgar/data/1423221/000142322122000014/nx-20221031.htm,2022-12-16,reported_supplemental_extract,not_applicable,
S2S-0194,data/phase2/processed/historical_spread.csv,historical_spread,FY2021,credit_facility_repayments,SRC-014,S2R-0103,Quanex FY2022 Form 10-K,https://www.sec.gov/Archives/edgar/data/1423221/000142322122000014/nx-20221031.htm,2022-12-16,reported_supplemental_extract,not_applicable,
S2S-0195,data/phase2/processed/historical_spread.csv,historical_spread,FY2021,debt_issuance_costs,SRC-014,S2R-0104,Quanex FY2022 Form 10-K,https://www.sec.gov/Archives/edgar/data/1423221/000142322122000014/nx-20221031.htm,2022-12-16,reported_supplemental_extract,not_applicable,
S2S-0196,data/phase2/processed/historical_spread.csv,historical_spread,FY2021,other_long_term_debt_repayments,SRC-014,S2R-0105,Quanex FY2022 Form 10-K,https://www.sec.gov/Archives/edgar/data/1423221/000142322122000014/nx-20221031.htm,2022-12-16,reported_supplemental_extract,not_applicable,
S2S-0197,data/phase2/processed/historical_spread.csv,historical_spread,FY2021,common_stock_issuance,SRC-014,S2R-0106,Quanex FY2022 Form 10-K,https://www.sec.gov/Archives/edgar/data/1423221/000142322122000014/nx-20221031.htm,2022-12-16,reported_supplemental_extract,not_applicable,
S2S-0198,data/phase2/processed/historical_spread.csv,historical_spread,FY2021,hedge_contract_proceeds,SRC-014,S2R-0107,Quanex FY2022 Form 10-K,https://www.sec.gov/Archives/edgar/data/1423221/000142322122000014/nx-20221031.htm,2022-12-16,reported_supplemental_extract,not_applicable,
S2S-0199,data/phase2/processed/historical_spread.csv,historical_spread,FY2021,payroll_tax_stock_vesting,SRC-014,S2R-0108,Quanex FY2022 Form 10-K,https://www.sec.gov/Archives/edgar/data/1423221/000142322122000014/nx-20221031.htm,2022-12-16,reported_supplemental_extract,not_applicable,
S2S-0200,data/phase2/processed/historical_spread.csv,historical_spread,FY2021,financing_cash_flow_total,SRC-014,S2R-0109,Quanex FY2022 Form 10-K,https://www.sec.gov/Archives/edgar/data/1423221/000142322122000014/nx-20221031.htm,2022-12-16,reported_supplemental_extract,not_applicable,
S2S-0201,data/phase2/processed/historical_spread.csv,historical_spread,FY2021,fx_effect_on_cash,SRC-014,S2R-0110,Quanex FY2022 Form 10-K,https://www.sec.gov/Archives/edgar/data/1423221/000142322122000014/nx-20221031.htm,2022-12-16,reported_supplemental_extract,not_applicable,
S2S-0202,data/phase2/processed/historical_spread.csv,historical_spread,FY2021,net_change_cash_reported,SRC-014,S2R-0111,Quanex FY2022 Form 10-K,https://www.sec.gov/Archives/edgar/data/1423221/000142322122000014/nx-20221031.htm,2022-12-16,reported_supplemental_extract,not_applicable,
S2S-0203,data/phase2/processed/historical_spread.csv,historical_spread,FY2021,cash_begin_total,SRC-014,S2R-0112,Quanex FY2022 Form 10-K,https://www.sec.gov/Archives/edgar/data/1423221/000142322122000014/nx-20221031.htm,2022-12-16,reported_supplemental_extract,not_applicable,
S2S-0204,data/phase2/processed/historical_spread.csv,historical_spread,FY2021,cash_end_total,SRC-014,S2R-0113,Quanex FY2022 Form 10-K,https://www.sec.gov/Archives/edgar/data/1423221/000142322122000014/nx-20221031.htm,2022-12-16,reported_supplemental_extract,not_applicable,
S2S-0205,data/phase2/processed/historical_spread.csv,historical_spread,FY2021,other_material_financing_flows,SRC-014,S2R-0104;S2R-0106;S2R-0107;S2R-0108,Quanex FY2022 Form 10-K,https://www.sec.gov/Archives/edgar/data/1423221/000142322122000014/nx-20221031.htm,2022-12-16,calculated,not_applicable,
S2S-0206,data/phase2/processed/historical_spread.csv,historical_spread,FY2022,cash_flow_net_income,SRC-014,NF-0039,Quanex FY2022 Form 10-K,https://www.sec.gov/Archives/edgar/data/1423221/000142322122000014/nx-20221031.htm,2022-12-16,reported,not_applicable,
S2S-0207,data/phase2/processed/historical_spread.csv,historical_spread,FY2022,cash_flow_depreciation_and_amortization,SRC-012,S2R-0033,Quanex FY2024 Form 10-K,https://www.sec.gov/Archives/edgar/data/1423221/000142322124000015/nx-20241031.htm,2024-12-16,reported_supplemental_extract,not_applicable,
S2S-0208,data/phase2/processed/historical_spread.csv,historical_spread,FY2022,goodwill_impairment_noncash,SRC-012,S2R-0038,Quanex FY2024 Form 10-K,https://www.sec.gov/Archives/edgar/data/1423221/000142322124000015/nx-20241031.htm,2024-12-16,reported_supplemental_extract,not_applicable,
S2S-0209,data/phase2/processed/historical_spread.csv,historical_spread,FY2022,stock_based_compensation,SRC-012,S2R-0035,Quanex FY2024 Form 10-K,https://www.sec.gov/Archives/edgar/data/1423221/000142322124000015/nx-20241031.htm,2024-12-16,reported_supplemental_extract,not_applicable,
S2S-0210,data/phase2/processed/historical_spread.csv,historical_spread,FY2022,deferred_income_taxes,SRC-012,S2R-0036,Quanex FY2024 Form 10-K,https://www.sec.gov/Archives/edgar/data/1423221/000142322124000015/nx-20241031.htm,2024-12-16,reported_supplemental_extract,not_applicable,
S2S-0211,data/phase2/processed/historical_spread.csv,historical_spread,FY2022,gain_loss_on_disposition_noncash,SRC-012,S2R-0034,Quanex FY2024 Form 10-K,https://www.sec.gov/Archives/edgar/data/1423221/000142322124000015/nx-20241031.htm,2024-12-16,reported_supplemental_extract,not_applicable,
S2S-0212,data/phase2/processed/historical_spread.csv,historical_spread,FY2022,deferred_loan_costs_charge,SRC-012,S2R-0037,Quanex FY2024 Form 10-K,https://www.sec.gov/Archives/edgar/data/1423221/000142322124000015/nx-20241031.htm,2024-12-16,reported_supplemental_extract,not_applicable,
S2S-0213,data/phase2/processed/historical_spread.csv,historical_spread,FY2022,fx_forward_gain_noncash,SRC-012,S2R-0039,Quanex FY2024 Form 10-K,https://www.sec.gov/Archives/edgar/data/1423221/000142322124000015/nx-20241031.htm,2024-12-16,reported_supplemental_extract,not_applicable,
S2S-0214,data/phase2/processed/historical_spread.csv,historical_spread,FY2022,noncash_restructuring,,,,,,missing_control,not_applicable,Omitted from the selected presentation; not converted to zero.
S2S-0215,data/phase2/processed/historical_spread.csv,historical_spread,FY2022,other_noncash_operating,SRC-012,S2R-0040,Quanex FY2024 Form 10-K,https://www.sec.gov/Archives/edgar/data/1423221/000142322124000015/nx-20241031.htm,2024-12-16,reported_supplemental_extract,not_applicable,
S2S-0216,data/phase2/processed/historical_spread.csv,historical_spread,FY2022,change_accounts_receivable,SRC-012,S2R-0041,Quanex FY2024 Form 10-K,https://www.sec.gov/Archives/edgar/data/1423221/000142322124000015/nx-20241031.htm,2024-12-16,reported_supplemental_extract,not_applicable,
S2S-0217,data/phase2/processed/historical_spread.csv,historical_spread,FY2022,change_inventory,SRC-012,S2R-0042,Quanex FY2024 Form 10-K,https://www.sec.gov/Archives/edgar/data/1423221/000142322124000015/nx-20241031.htm,2024-12-16,reported_supplemental_extract,not_applicable,
S2S-0218,data/phase2/processed/historical_spread.csv,historical_spread,FY2022,change_other_current_assets,SRC-012,S2R-0043,Quanex FY2024 Form 10-K,https://www.sec.gov/Archives/edgar/data/1423221/000142322124000015/nx-20241031.htm,2024-12-16,reported_supplemental_extract,not_applicable,
S2S-0219,data/phase2/processed/historical_spread.csv,historical_spread,FY2022,change_accounts_payable,SRC-012,S2R-0044,Quanex FY2024 Form 10-K,https://www.sec.gov/Archives/edgar/data/1423221/000142322124000015/nx-20241031.htm,2024-12-16,reported_supplemental_extract,not_applicable,
S2S-0220,data/phase2/processed/historical_spread.csv,historical_spread,FY2022,change_accrued_liabilities,SRC-012,S2R-0045,Quanex FY2024 Form 10-K,https://www.sec.gov/Archives/edgar/data/1423221/000142322124000015/nx-20241031.htm,2024-12-16,reported_supplemental_extract,not_applicable,
S2S-0221,data/phase2/processed/historical_spread.csv,historical_spread,FY2022,change_income_taxes_payable,SRC-012,S2R-0046,Quanex FY2024 Form 10-K,https://www.sec.gov/Archives/edgar/data/1423221/000142322124000015/nx-20241031.htm,2024-12-16,reported_supplemental_extract,not_applicable,
S2S-0222,data/phase2/processed/historical_spread.csv,historical_spread,FY2022,change_deferred_pension,SRC-012,S2R-0047,Quanex FY2024 Form 10-K,https://www.sec.gov/Archives/edgar/data/1423221/000142322124000015/nx-20241031.htm,2024-12-16,reported_supplemental_extract,not_applicable,
S2S-0223,data/phase2/processed/historical_spread.csv,historical_spread,FY2022,change_other_long_term_liabilities,SRC-012,S2R-0048,Quanex FY2024 Form 10-K,https://www.sec.gov/Archives/edgar/data/1423221/000142322124000015/nx-20241031.htm,2024-12-16,reported_supplemental_extract,not_applicable,
S2S-0224,data/phase2/processed/historical_spread.csv,historical_spread,FY2022,other_operating_changes,SRC-012,S2R-0049,Quanex FY2024 Form 10-K,https://www.sec.gov/Archives/edgar/data/1423221/000142322124000015/nx-20241031.htm,2024-12-16,reported_supplemental_extract,not_applicable,
S2S-0225,data/phase2/processed/historical_spread.csv,historical_spread,FY2022,other_operating_working_capital_movements,SRC-012,S2R-0043;S2R-0045;S2R-0046;S2R-0047;S2R-0048;S2R-0049,Quanex FY2024 Form 10-K,https://www.sec.gov/Archives/edgar/data/1423221/000142322124000015/nx-20241031.htm,2024-12-16,calculated,not_applicable,
S2S-0226,data/phase2/processed/historical_spread.csv,historical_spread,FY2022,cash_flow_from_operations,SRC-014,NF-0064,Quanex FY2022 Form 10-K,https://www.sec.gov/Archives/edgar/data/1423221/000142322122000014/nx-20221031.htm,2022-12-16,reported,not_applicable,
S2S-0227,data/phase2/processed/historical_spread.csv,historical_spread,FY2022,capital_expenditures,SRC-014,NF-0065,Quanex FY2022 Form 10-K,https://www.sec.gov/Archives/edgar/data/1423221/000142322122000014/nx-20221031.htm,2022-12-16,reported,not_applicable,
S2S-0228,data/phase2/processed/historical_spread.csv,historical_spread,FY2022,free_cash_flow,SRC-014,CF-0180,Quanex FY2022 Form 10-K,https://www.sec.gov/Archives/edgar/data/1423221/000142322122000014/nx-20221031.htm,2022-12-16,calculated,not_applicable,Mechanical calculation; not an analyst adjustment.
S2S-0229,data/phase2/processed/historical_spread.csv,historical_spread,FY2022,acquisition_cash_flows,,,,,,missing_control,not_applicable,No dedicated material acquisition-cash-flow line in the selected Phase 1 statement; absence is not zero.
S2S-0230,data/phase2/processed/historical_spread.csv,historical_spread,FY2022,dividends_paid,SRC-014,NF-0066,Quanex FY2022 Form 10-K,https://www.sec.gov/Archives/edgar/data/1423221/000142322122000014/nx-20221031.htm,2022-12-16,reported,not_applicable,
S2S-0231,data/phase2/processed/historical_spread.csv,historical_spread,FY2022,share_repurchases,SRC-014,NF-0067,Quanex FY2022 Form 10-K,https://www.sec.gov/Archives/edgar/data/1423221/000142322122000014/nx-20221031.htm,2022-12-16,reported,not_applicable,
S2S-0232,data/phase2/processed/historical_spread.csv,historical_spread,FY2022,investing_cash_flow_total,SRC-012,S2R-0114,Quanex FY2024 Form 10-K,https://www.sec.gov/Archives/edgar/data/1423221/000142322124000015/nx-20241031.htm,2024-12-16,reported_supplemental_extract,not_applicable,
S2S-0233,data/phase2/processed/historical_spread.csv,historical_spread,FY2022,credit_facility_borrowings,SRC-012,S2R-0115,Quanex FY2024 Form 10-K,https://www.sec.gov/Archives/edgar/data/1423221/000142322124000015/nx-20241031.htm,2024-12-16,reported_supplemental_extract,not_applicable,
S2S-0234,data/phase2/processed/historical_spread.csv,historical_spread,FY2022,credit_facility_repayments,SRC-012,S2R-0116,Quanex FY2024 Form 10-K,https://www.sec.gov/Archives/edgar/data/1423221/000142322124000015/nx-20241031.htm,2024-12-16,reported_supplemental_extract,not_applicable,
S2S-0235,data/phase2/processed/historical_spread.csv,historical_spread,FY2022,debt_issuance_costs,SRC-012,S2R-0117,Quanex FY2024 Form 10-K,https://www.sec.gov/Archives/edgar/data/1423221/000142322124000015/nx-20241031.htm,2024-12-16,reported_supplemental_extract,not_applicable,
S2S-0236,data/phase2/processed/historical_spread.csv,historical_spread,FY2022,other_long_term_debt_repayments,SRC-012,S2R-0118,Quanex FY2024 Form 10-K,https://www.sec.gov/Archives/edgar/data/1423221/000142322124000015/nx-20241031.htm,2024-12-16,reported_supplemental_extract,not_applicable,
S2S-0237,data/phase2/processed/historical_spread.csv,historical_spread,FY2022,common_stock_issuance,SRC-012,S2R-0119,Quanex FY2024 Form 10-K,https://www.sec.gov/Archives/edgar/data/1423221/000142322124000015/nx-20241031.htm,2024-12-16,reported_supplemental_extract,not_applicable,
S2S-0238,data/phase2/processed/historical_spread.csv,historical_spread,FY2022,hedge_contract_proceeds,SRC-012,S2R-0120,Quanex FY2024 Form 10-K,https://www.sec.gov/Archives/edgar/data/1423221/000142322124000015/nx-20241031.htm,2024-12-16,reported_supplemental_extract,not_applicable,
S2S-0239,data/phase2/processed/historical_spread.csv,historical_spread,FY2022,payroll_tax_stock_vesting,SRC-012,S2R-0121,Quanex FY2024 Form 10-K,https://www.sec.gov/Archives/edgar/data/1423221/000142322124000015/nx-20241031.htm,2024-12-16,reported_supplemental_extract,not_applicable,
S2S-0240,data/phase2/processed/historical_spread.csv,historical_spread,FY2022,financing_cash_flow_total,SRC-012,S2R-0122,Quanex FY2024 Form 10-K,https://www.sec.gov/Archives/edgar/data/1423221/000142322124000015/nx-20241031.htm,2024-12-16,reported_supplemental_extract,not_applicable,
S2S-0241,data/phase2/processed/historical_spread.csv,historical_spread,FY2022,fx_effect_on_cash,SRC-012,S2R-0123,Quanex FY2024 Form 10-K,https://www.sec.gov/Archives/edgar/data/1423221/000142322124000015/nx-20241031.htm,2024-12-16,reported_supplemental_extract,not_applicable,
S2S-0242,data/phase2/processed/historical_spread.csv,historical_spread,FY2022,net_change_cash_reported,SRC-012,S2R-0124,Quanex FY2024 Form 10-K,https://www.sec.gov/Archives/edgar/data/1423221/000142322124000015/nx-20241031.htm,2024-12-16,reported_supplemental_extract,not_applicable,
S2S-0243,data/phase2/processed/historical_spread.csv,historical_spread,FY2022,cash_begin_total,SRC-012,S2R-0125,Quanex FY2024 Form 10-K,https://www.sec.gov/Archives/edgar/data/1423221/000142322124000015/nx-20241031.htm,2024-12-16,reported_supplemental_extract,not_applicable,
S2S-0244,data/phase2/processed/historical_spread.csv,historical_spread,FY2022,cash_end_total,SRC-012,S2R-0126,Quanex FY2024 Form 10-K,https://www.sec.gov/Archives/edgar/data/1423221/000142322124000015/nx-20241031.htm,2024-12-16,reported_supplemental_extract,not_applicable,
S2S-0245,data/phase2/processed/historical_spread.csv,historical_spread,FY2022,other_material_financing_flows,SRC-012,S2R-0117;S2R-0119;S2R-0120;S2R-0121,Quanex FY2024 Form 10-K,https://www.sec.gov/Archives/edgar/data/1423221/000142322124000015/nx-20241031.htm,2024-12-16,calculated,not_applicable,
S2S-0246,data/phase2/processed/historical_spread.csv,historical_spread,FY2023,cash_flow_net_income,SRC-001,NF-0030,Quanex FY2025 Form 10-K,https://www.sec.gov/Archives/edgar/data/1423221/000142322125000100/nx-20251031.htm,2025-12-12,reported,not_applicable,
S2S-0247,data/phase2/processed/historical_spread.csv,historical_spread,FY2023,cash_flow_depreciation_and_amortization,SRC-001,S2R-0050,Quanex FY2025 Form 10-K,https://www.sec.gov/Archives/edgar/data/1423221/000142322125000100/nx-20251031.htm,2025-12-12,reported_supplemental_extract,not_applicable,
S2S-0248,data/phase2/processed/historical_spread.csv,historical_spread,FY2023,goodwill_impairment_noncash,SRC-001,S2R-0055,Quanex FY2025 Form 10-K,https://www.sec.gov/Archives/edgar/data/1423221/000142322125000100/nx-20251031.htm,2025-12-12,reported_supplemental_extract,not_applicable,
S2S-0249,data/phase2/processed/historical_spread.csv,historical_spread,FY2023,stock_based_compensation,SRC-001,S2R-0052,Quanex FY2025 Form 10-K,https://www.sec.gov/Archives/edgar/data/1423221/000142322125000100/nx-20251031.htm,2025-12-12,reported_supplemental_extract,not_applicable,
S2S-0250,data/phase2/processed/historical_spread.csv,historical_spread,FY2023,deferred_income_taxes,SRC-001,S2R-0053,Quanex FY2025 Form 10-K,https://www.sec.gov/Archives/edgar/data/1423221/000142322125000100/nx-20251031.htm,2025-12-12,reported_supplemental_extract,not_applicable,
S2S-0251,data/phase2/processed/historical_spread.csv,historical_spread,FY2023,gain_loss_on_disposition_noncash,SRC-001,S2R-0051,Quanex FY2025 Form 10-K,https://www.sec.gov/Archives/edgar/data/1423221/000142322125000100/nx-20251031.htm,2025-12-12,reported_supplemental_extract,not_applicable,
S2S-0252,data/phase2/processed/historical_spread.csv,historical_spread,FY2023,deferred_loan_costs_charge,SRC-001,S2R-0054,Quanex FY2025 Form 10-K,https://www.sec.gov/Archives/edgar/data/1423221/000142322125000100/nx-20251031.htm,2025-12-12,reported_supplemental_extract,not_applicable,
S2S-0253,data/phase2/processed/historical_spread.csv,historical_spread,FY2023,fx_forward_gain_noncash,SRC-001,S2R-0056,Quanex FY2025 Form 10-K,https://www.sec.gov/Archives/edgar/data/1423221/000142322125000100/nx-20251031.htm,2025-12-12,reported_supplemental_extract,not_applicable,
S2S-0254,data/phase2/processed/historical_spread.csv,historical_spread,FY2023,noncash_restructuring,SRC-001,S2R-0057,Quanex FY2025 Form 10-K,https://www.sec.gov/Archives/edgar/data/1423221/000142322125000100/nx-20251031.htm,2025-12-12,reported_supplemental_extract,not_applicable,
S2S-0255,data/phase2/processed/historical_spread.csv,historical_spread,FY2023,other_noncash_operating,SRC-001,S2R-0058,Quanex FY2025 Form 10-K,https://www.sec.gov/Archives/edgar/data/1423221/000142322125000100/nx-20251031.htm,2025-12-12,reported_supplemental_extract,not_applicable,
S2S-0256,data/phase2/processed/historical_spread.csv,historical_spread,FY2023,change_accounts_receivable,SRC-001,S2R-0059,Quanex FY2025 Form 10-K,https://www.sec.gov/Archives/edgar/data/1423221/000142322125000100/nx-20251031.htm,2025-12-12,reported_supplemental_extract,not_applicable,
S2S-0257,data/phase2/processed/historical_spread.csv,historical_spread,FY2023,change_inventory,SRC-001,S2R-0060,Quanex FY2025 Form 10-K,https://www.sec.gov/Archives/edgar/data/1423221/000142322125000100/nx-20251031.htm,2025-12-12,reported_supplemental_extract,not_applicable,
S2S-0258,data/phase2/processed/historical_spread.csv,historical_spread,FY2023,change_other_current_assets,SRC-001,S2R-0061,Quanex FY2025 Form 10-K,https://www.sec.gov/Archives/edgar/data/1423221/000142322125000100/nx-20251031.htm,2025-12-12,reported_supplemental_extract,not_applicable,
S2S-0259,data/phase2/processed/historical_spread.csv,historical_spread,FY2023,change_accounts_payable,SRC-001,S2R-0062,Quanex FY2025 Form 10-K,https://www.sec.gov/Archives/edgar/data/1423221/000142322125000100/nx-20251031.htm,2025-12-12,reported_supplemental_extract,not_applicable,
S2S-0260,data/phase2/processed/historical_spread.csv,historical_spread,FY2023,change_accrued_liabilities,SRC-001,S2R-0063,Quanex FY2025 Form 10-K,https://www.sec.gov/Archives/edgar/data/1423221/000142322125000100/nx-20251031.htm,2025-12-12,reported_supplemental_extract,not_applicable,
S2S-0261,data/phase2/processed/historical_spread.csv,historical_spread,FY2023,change_income_taxes_payable,SRC-001,S2R-0064,Quanex FY2025 Form 10-K,https://www.sec.gov/Archives/edgar/data/1423221/000142322125000100/nx-20251031.htm,2025-12-12,reported_supplemental_extract,not_applicable,
S2S-0262,data/phase2/processed/historical_spread.csv,historical_spread,FY2023,change_deferred_pension,,,,,,missing_control,not_applicable,Omitted from the selected presentation; not converted to zero.
S2S-0263,data/phase2/processed/historical_spread.csv,historical_spread,FY2023,change_other_long_term_liabilities,SRC-001,S2R-0065,Quanex FY2025 Form 10-K,https://www.sec.gov/Archives/edgar/data/1423221/000142322125000100/nx-20251031.htm,2025-12-12,reported_supplemental_extract,not_applicable,
S2S-0264,data/phase2/processed/historical_spread.csv,historical_spread,FY2023,other_operating_changes,SRC-001,S2R-0066,Quanex FY2025 Form 10-K,https://www.sec.gov/Archives/edgar/data/1423221/000142322125000100/nx-20251031.htm,2025-12-12,reported_supplemental_extract,not_applicable,
S2S-0265,data/phase2/processed/historical_spread.csv,historical_spread,FY2023,other_operating_working_capital_movements,SRC-001,S2R-0061;S2R-0063;S2R-0064;S2R-0065;S2R-0066,Quanex FY2025 Form 10-K,https://www.sec.gov/Archives/edgar/data/1423221/000142322125000100/nx-20251031.htm,2025-12-12,calculated,not_applicable,
S2S-0266,data/phase2/processed/historical_spread.csv,historical_spread,FY2023,cash_flow_from_operations,SRC-001,NF-0059,Quanex FY2025 Form 10-K,https://www.sec.gov/Archives/edgar/data/1423221/000142322125000100/nx-20251031.htm,2025-12-12,reported,not_applicable,
S2S-0267,data/phase2/processed/historical_spread.csv,historical_spread,FY2023,capital_expenditures,SRC-001,NF-0060,Quanex FY2025 Form 10-K,https://www.sec.gov/Archives/edgar/data/1423221/000142322125000100/nx-20251031.htm,2025-12-12,reported,not_applicable,
S2S-0268,data/phase2/processed/historical_spread.csv,historical_spread,FY2023,free_cash_flow,SRC-001,CF-0184,Quanex FY2025 Form 10-K,https://www.sec.gov/Archives/edgar/data/1423221/000142322125000100/nx-20251031.htm,2025-12-12,calculated,not_applicable,Mechanical calculation; not an analyst adjustment.
S2S-0269,data/phase2/processed/historical_spread.csv,historical_spread,FY2023,acquisition_cash_flows,SRC-001,NF-0061,Quanex FY2025 Form 10-K,https://www.sec.gov/Archives/edgar/data/1423221/000142322125000100/nx-20251031.htm,2025-12-12,reported,not_applicable,
S2S-0270,data/phase2/processed/historical_spread.csv,historical_spread,FY2023,dividends_paid,SRC-001,NF-0062,Quanex FY2025 Form 10-K,https://www.sec.gov/Archives/edgar/data/1423221/000142322125000100/nx-20251031.htm,2025-12-12,reported,not_applicable,
S2S-0271,data/phase2/processed/historical_spread.csv,historical_spread,FY2023,share_repurchases,SRC-001,NF-0063,Quanex FY2025 Form 10-K,https://www.sec.gov/Archives/edgar/data/1423221/000142322125000100/nx-20251031.htm,2025-12-12,reported,not_applicable,
S2S-0272,data/phase2/processed/historical_spread.csv,historical_spread,FY2023,investing_cash_flow_total,SRC-001,S2R-0127,Quanex FY2025 Form 10-K,https://www.sec.gov/Archives/edgar/data/1423221/000142322125000100/nx-20251031.htm,2025-12-12,reported_supplemental_extract,not_applicable,
S2S-0273,data/phase2/processed/historical_spread.csv,historical_spread,FY2023,credit_facility_borrowings,SRC-001,S2R-0128,Quanex FY2025 Form 10-K,https://www.sec.gov/Archives/edgar/data/1423221/000142322125000100/nx-20251031.htm,2025-12-12,reported_supplemental_extract,not_applicable,
S2S-0274,data/phase2/processed/historical_spread.csv,historical_spread,FY2023,credit_facility_repayments,SRC-001,S2R-0129,Quanex FY2025 Form 10-K,https://www.sec.gov/Archives/edgar/data/1423221/000142322125000100/nx-20251031.htm,2025-12-12,reported_supplemental_extract,not_applicable,
S2S-0275,data/phase2/processed/historical_spread.csv,historical_spread,FY2023,debt_issuance_costs,SRC-001,S2R-0130,Quanex FY2025 Form 10-K,https://www.sec.gov/Archives/edgar/data/1423221/000142322125000100/nx-20251031.htm,2025-12-12,reported_supplemental_extract,not_applicable,
S2S-0276,data/phase2/processed/historical_spread.csv,historical_spread,FY2023,other_long_term_debt_repayments,SRC-001,S2R-0131,Quanex FY2025 Form 10-K,https://www.sec.gov/Archives/edgar/data/1423221/000142322125000100/nx-20251031.htm,2025-12-12,reported_supplemental_extract,not_applicable,
S2S-0277,data/phase2/processed/historical_spread.csv,historical_spread,FY2023,common_stock_issuance,SRC-001,S2R-0132,Quanex FY2025 Form 10-K,https://www.sec.gov/Archives/edgar/data/1423221/000142322125000100/nx-20251031.htm,2025-12-12,reported_supplemental_extract,not_applicable,
S2S-0278,data/phase2/processed/historical_spread.csv,historical_spread,FY2023,hedge_contract_proceeds,SRC-001,S2R-0133,Quanex FY2025 Form 10-K,https://www.sec.gov/Archives/edgar/data/1423221/000142322125000100/nx-20251031.htm,2025-12-12,reported_supplemental_extract,not_applicable,
S2S-0279,data/phase2/processed/historical_spread.csv,historical_spread,FY2023,payroll_tax_stock_vesting,SRC-001,S2R-0134,Quanex FY2025 Form 10-K,https://www.sec.gov/Archives/edgar/data/1423221/000142322125000100/nx-20251031.htm,2025-12-12,reported_supplemental_extract,not_applicable,
S2S-0280,data/phase2/processed/historical_spread.csv,historical_spread,FY2023,financing_cash_flow_total,SRC-001,S2R-0135,Quanex FY2025 Form 10-K,https://www.sec.gov/Archives/edgar/data/1423221/000142322125000100/nx-20251031.htm,2025-12-12,reported_supplemental_extract,not_applicable,
S2S-0281,data/phase2/processed/historical_spread.csv,historical_spread,FY2023,fx_effect_on_cash,SRC-001,S2R-0136,Quanex FY2025 Form 10-K,https://www.sec.gov/Archives/edgar/data/1423221/000142322125000100/nx-20251031.htm,2025-12-12,reported_supplemental_extract,not_applicable,
S2S-0282,data/phase2/processed/historical_spread.csv,historical_spread,FY2023,net_change_cash_reported,SRC-001,S2R-0137,Quanex FY2025 Form 10-K,https://www.sec.gov/Archives/edgar/data/1423221/000142322125000100/nx-20251031.htm,2025-12-12,reported_supplemental_extract,not_applicable,
S2S-0283,data/phase2/processed/historical_spread.csv,historical_spread,FY2023,cash_begin_total,SRC-001,S2R-0138,Quanex FY2025 Form 10-K,https://www.sec.gov/Archives/edgar/data/1423221/000142322125000100/nx-20251031.htm,2025-12-12,reported_supplemental_extract,not_applicable,
S2S-0284,data/phase2/processed/historical_spread.csv,historical_spread,FY2023,cash_end_total,SRC-001,S2R-0139,Quanex FY2025 Form 10-K,https://www.sec.gov/Archives/edgar/data/1423221/000142322125000100/nx-20251031.htm,2025-12-12,reported_supplemental_extract,not_applicable,
S2S-0285,data/phase2/processed/historical_spread.csv,historical_spread,FY2023,other_material_financing_flows,SRC-001,S2R-0130;S2R-0132;S2R-0133;S2R-0134,Quanex FY2025 Form 10-K,https://www.sec.gov/Archives/edgar/data/1423221/000142322125000100/nx-20251031.htm,2025-12-12,calculated,not_applicable,
S2S-0286,data/phase2/processed/historical_spread.csv,historical_spread,FY2024,cash_flow_net_income,SRC-001,NF-0020,Quanex FY2025 Form 10-K,https://www.sec.gov/Archives/edgar/data/1423221/000142322125000100/nx-20251031.htm,2025-12-12,reported,not_applicable,
S2S-0287,data/phase2/processed/historical_spread.csv,historical_spread,FY2024,cash_flow_depreciation_and_amortization,SRC-001,S2R-0067,Quanex FY2025 Form 10-K,https://www.sec.gov/Archives/edgar/data/1423221/000142322125000100/nx-20251031.htm,2025-12-12,reported_supplemental_extract,not_applicable,
S2S-0288,data/phase2/processed/historical_spread.csv,historical_spread,FY2024,goodwill_impairment_noncash,SRC-001,S2R-0072,Quanex FY2025 Form 10-K,https://www.sec.gov/Archives/edgar/data/1423221/000142322125000100/nx-20251031.htm,2025-12-12,reported_supplemental_extract,not_applicable,
S2S-0289,data/phase2/processed/historical_spread.csv,historical_spread,FY2024,stock_based_compensation,SRC-001,S2R-0069,Quanex FY2025 Form 10-K,https://www.sec.gov/Archives/edgar/data/1423221/000142322125000100/nx-20251031.htm,2025-12-12,reported_supplemental_extract,not_applicable,
S2S-0290,data/phase2/processed/historical_spread.csv,historical_spread,FY2024,deferred_income_taxes,SRC-001,S2R-0070,Quanex FY2025 Form 10-K,https://www.sec.gov/Archives/edgar/data/1423221/000142322125000100/nx-20251031.htm,2025-12-12,reported_supplemental_extract,not_applicable,
S2S-0291,data/phase2/processed/historical_spread.csv,historical_spread,FY2024,gain_loss_on_disposition_noncash,SRC-001,S2R-0068,Quanex FY2025 Form 10-K,https://www.sec.gov/Archives/edgar/data/1423221/000142322125000100/nx-20251031.htm,2025-12-12,reported_supplemental_extract,not_applicable,
S2S-0292,data/phase2/processed/historical_spread.csv,historical_spread,FY2024,deferred_loan_costs_charge,SRC-001,S2R-0071,Quanex FY2025 Form 10-K,https://www.sec.gov/Archives/edgar/data/1423221/000142322125000100/nx-20251031.htm,2025-12-12,reported_supplemental_extract,not_applicable,
S2S-0293,data/phase2/processed/historical_spread.csv,historical_spread,FY2024,fx_forward_gain_noncash,SRC-001,S2R-0073,Quanex FY2025 Form 10-K,https://www.sec.gov/Archives/edgar/data/1423221/000142322125000100/nx-20251031.htm,2025-12-12,reported_supplemental_extract,not_applicable,
S2S-0294,data/phase2/processed/historical_spread.csv,historical_spread,FY2024,noncash_restructuring,SRC-001,S2R-0074,Quanex FY2025 Form 10-K,https://www.sec.gov/Archives/edgar/data/1423221/000142322125000100/nx-20251031.htm,2025-12-12,reported_supplemental_extract,not_applicable,
S2S-0295,data/phase2/processed/historical_spread.csv,historical_spread,FY2024,other_noncash_operating,SRC-001,S2R-0075,Quanex FY2025 Form 10-K,https://www.sec.gov/Archives/edgar/data/1423221/000142322125000100/nx-20251031.htm,2025-12-12,reported_supplemental_extract,not_applicable,
S2S-0296,data/phase2/processed/historical_spread.csv,historical_spread,FY2024,change_accounts_receivable,SRC-001,S2R-0076,Quanex FY2025 Form 10-K,https://www.sec.gov/Archives/edgar/data/1423221/000142322125000100/nx-20251031.htm,2025-12-12,reported_supplemental_extract,not_applicable,
S2S-0297,data/phase2/processed/historical_spread.csv,historical_spread,FY2024,change_inventory,SRC-001,S2R-0077,Quanex FY2025 Form 10-K,https://www.sec.gov/Archives/edgar/data/1423221/000142322125000100/nx-20251031.htm,2025-12-12,reported_supplemental_extract,not_applicable,
S2S-0298,data/phase2/processed/historical_spread.csv,historical_spread,FY2024,change_other_current_assets,SRC-001,S2R-0078,Quanex FY2025 Form 10-K,https://www.sec.gov/Archives/edgar/data/1423221/000142322125000100/nx-20251031.htm,2025-12-12,reported_supplemental_extract,not_applicable,
S2S-0299,data/phase2/processed/historical_spread.csv,historical_spread,FY2024,change_accounts_payable,SRC-001,S2R-0079,Quanex FY2025 Form 10-K,https://www.sec.gov/Archives/edgar/data/1423221/000142322125000100/nx-20251031.htm,2025-12-12,reported_supplemental_extract,not_applicable,
S2S-0300,data/phase2/processed/historical_spread.csv,historical_spread,FY2024,change_accrued_liabilities,SRC-001,S2R-0080,Quanex FY2025 Form 10-K,https://www.sec.gov/Archives/edgar/data/1423221/000142322125000100/nx-20251031.htm,2025-12-12,reported_supplemental_extract,not_applicable,
S2S-0301,data/phase2/processed/historical_spread.csv,historical_spread,FY2024,change_income_taxes_payable,SRC-001,S2R-0081,Quanex FY2025 Form 10-K,https://www.sec.gov/Archives/edgar/data/1423221/000142322125000100/nx-20251031.htm,2025-12-12,reported_supplemental_extract,not_applicable,
S2S-0302,data/phase2/processed/historical_spread.csv,historical_spread,FY2024,change_deferred_pension,,,,,,missing_control,not_applicable,Omitted from the selected presentation; not converted to zero.
S2S-0303,data/phase2/processed/historical_spread.csv,historical_spread,FY2024,change_other_long_term_liabilities,SRC-001,S2R-0082,Quanex FY2025 Form 10-K,https://www.sec.gov/Archives/edgar/data/1423221/000142322125000100/nx-20251031.htm,2025-12-12,reported_supplemental_extract,not_applicable,
S2S-0304,data/phase2/processed/historical_spread.csv,historical_spread,FY2024,other_operating_changes,SRC-001,S2R-0083,Quanex FY2025 Form 10-K,https://www.sec.gov/Archives/edgar/data/1423221/000142322125000100/nx-20251031.htm,2025-12-12,reported_supplemental_extract,not_applicable,
S2S-0305,data/phase2/processed/historical_spread.csv,historical_spread,FY2024,other_operating_working_capital_movements,SRC-001,S2R-0078;S2R-0080;S2R-0081;S2R-0082;S2R-0083,Quanex FY2025 Form 10-K,https://www.sec.gov/Archives/edgar/data/1423221/000142322125000100/nx-20251031.htm,2025-12-12,calculated,not_applicable,
S2S-0306,data/phase2/processed/historical_spread.csv,historical_spread,FY2024,cash_flow_from_operations,SRC-001,NF-0054,Quanex FY2025 Form 10-K,https://www.sec.gov/Archives/edgar/data/1423221/000142322125000100/nx-20251031.htm,2025-12-12,reported,not_applicable,
S2S-0307,data/phase2/processed/historical_spread.csv,historical_spread,FY2024,capital_expenditures,SRC-001,NF-0055,Quanex FY2025 Form 10-K,https://www.sec.gov/Archives/edgar/data/1423221/000142322125000100/nx-20251031.htm,2025-12-12,reported,not_applicable,
S2S-0308,data/phase2/processed/historical_spread.csv,historical_spread,FY2024,free_cash_flow,SRC-001,CF-0188,Quanex FY2025 Form 10-K,https://www.sec.gov/Archives/edgar/data/1423221/000142322125000100/nx-20251031.htm,2025-12-12,calculated,not_applicable,Mechanical calculation; not an analyst adjustment.
S2S-0309,data/phase2/processed/historical_spread.csv,historical_spread,FY2024,acquisition_cash_flows,SRC-001,NF-0056,Quanex FY2025 Form 10-K,https://www.sec.gov/Archives/edgar/data/1423221/000142322125000100/nx-20251031.htm,2025-12-12,reported,not_applicable,
S2S-0310,data/phase2/processed/historical_spread.csv,historical_spread,FY2024,dividends_paid,SRC-001,NF-0057,Quanex FY2025 Form 10-K,https://www.sec.gov/Archives/edgar/data/1423221/000142322125000100/nx-20251031.htm,2025-12-12,reported,not_applicable,
S2S-0311,data/phase2/processed/historical_spread.csv,historical_spread,FY2024,share_repurchases,SRC-001,NF-0058,Quanex FY2025 Form 10-K,https://www.sec.gov/Archives/edgar/data/1423221/000142322125000100/nx-20251031.htm,2025-12-12,reported,not_applicable,"Reported dash (zero), not a missing value."
S2S-0312,data/phase2/processed/historical_spread.csv,historical_spread,FY2024,investing_cash_flow_total,SRC-001,S2R-0140,Quanex FY2025 Form 10-K,https://www.sec.gov/Archives/edgar/data/1423221/000142322125000100/nx-20251031.htm,2025-12-12,reported_supplemental_extract,not_applicable,
S2S-0313,data/phase2/processed/historical_spread.csv,historical_spread,FY2024,credit_facility_borrowings,SRC-001,S2R-0141,Quanex FY2025 Form 10-K,https://www.sec.gov/Archives/edgar/data/1423221/000142322125000100/nx-20251031.htm,2025-12-12,reported_supplemental_extract,not_applicable,
S2S-0314,data/phase2/processed/historical_spread.csv,historical_spread,FY2024,credit_facility_repayments,SRC-001,S2R-0142,Quanex FY2025 Form 10-K,https://www.sec.gov/Archives/edgar/data/1423221/000142322125000100/nx-20251031.htm,2025-12-12,reported_supplemental_extract,not_applicable,
S2S-0315,data/phase2/processed/historical_spread.csv,historical_spread,FY2024,debt_issuance_costs,SRC-001,S2R-0143,Quanex FY2025 Form 10-K,https://www.sec.gov/Archives/edgar/data/1423221/000142322125000100/nx-20251031.htm,2025-12-12,reported_supplemental_extract,not_applicable,
S2S-0316,data/phase2/processed/historical_spread.csv,historical_spread,FY2024,other_long_term_debt_repayments,SRC-001,S2R-0144,Quanex FY2025 Form 10-K,https://www.sec.gov/Archives/edgar/data/1423221/000142322125000100/nx-20251031.htm,2025-12-12,reported_supplemental_extract,not_applicable,
S2S-0317,data/phase2/processed/historical_spread.csv,historical_spread,FY2024,common_stock_issuance,SRC-001,S2R-0145,Quanex FY2025 Form 10-K,https://www.sec.gov/Archives/edgar/data/1423221/000142322125000100/nx-20251031.htm,2025-12-12,reported_supplemental_extract,not_applicable,
S2S-0318,data/phase2/processed/historical_spread.csv,historical_spread,FY2024,hedge_contract_proceeds,SRC-001,S2R-0146,Quanex FY2025 Form 10-K,https://www.sec.gov/Archives/edgar/data/1423221/000142322125000100/nx-20251031.htm,2025-12-12,reported_supplemental_extract,not_applicable,
S2S-0319,data/phase2/processed/historical_spread.csv,historical_spread,FY2024,payroll_tax_stock_vesting,SRC-001,S2R-0147,Quanex FY2025 Form 10-K,https://www.sec.gov/Archives/edgar/data/1423221/000142322125000100/nx-20251031.htm,2025-12-12,reported_supplemental_extract,not_applicable,
S2S-0320,data/phase2/processed/historical_spread.csv,historical_spread,FY2024,financing_cash_flow_total,SRC-001,S2R-0148,Quanex FY2025 Form 10-K,https://www.sec.gov/Archives/edgar/data/1423221/000142322125000100/nx-20251031.htm,2025-12-12,reported_supplemental_extract,not_applicable,
S2S-0321,data/phase2/processed/historical_spread.csv,historical_spread,FY2024,fx_effect_on_cash,SRC-001,S2R-0149,Quanex FY2025 Form 10-K,https://www.sec.gov/Archives/edgar/data/1423221/000142322125000100/nx-20251031.htm,2025-12-12,reported_supplemental_extract,not_applicable,
S2S-0322,data/phase2/processed/historical_spread.csv,historical_spread,FY2024,net_change_cash_reported,SRC-001,S2R-0150,Quanex FY2025 Form 10-K,https://www.sec.gov/Archives/edgar/data/1423221/000142322125000100/nx-20251031.htm,2025-12-12,reported_supplemental_extract,not_applicable,
S2S-0323,data/phase2/processed/historical_spread.csv,historical_spread,FY2024,cash_begin_total,SRC-001,S2R-0151,Quanex FY2025 Form 10-K,https://www.sec.gov/Archives/edgar/data/1423221/000142322125000100/nx-20251031.htm,2025-12-12,reported_supplemental_extract,not_applicable,
S2S-0324,data/phase2/processed/historical_spread.csv,historical_spread,FY2024,cash_end_total,SRC-001,S2R-0152,Quanex FY2025 Form 10-K,https://www.sec.gov/Archives/edgar/data/1423221/000142322125000100/nx-20251031.htm,2025-12-12,reported_supplemental_extract,not_applicable,
S2S-0325,data/phase2/processed/historical_spread.csv,historical_spread,FY2024,other_material_financing_flows,SRC-001,S2R-0143;S2R-0145;S2R-0146;S2R-0147,Quanex FY2025 Form 10-K,https://www.sec.gov/Archives/edgar/data/1423221/000142322125000100/nx-20251031.htm,2025-12-12,calculated,not_applicable,
S2S-0326,data/phase2/processed/historical_spread.csv,historical_spread,FY2025,cash_flow_net_income,SRC-001,NF-0010,Quanex FY2025 Form 10-K,https://www.sec.gov/Archives/edgar/data/1423221/000142322125000100/nx-20251031.htm,2025-12-12,reported,not_applicable,
S2S-0327,data/phase2/processed/historical_spread.csv,historical_spread,FY2025,cash_flow_depreciation_and_amortization,SRC-001,S2R-0084,Quanex FY2025 Form 10-K,https://www.sec.gov/Archives/edgar/data/1423221/000142322125000100/nx-20251031.htm,2025-12-12,reported_supplemental_extract,not_applicable,
S2S-0328,data/phase2/processed/historical_spread.csv,historical_spread,FY2025,goodwill_impairment_noncash,SRC-001,S2R-0089,Quanex FY2025 Form 10-K,https://www.sec.gov/Archives/edgar/data/1423221/000142322125000100/nx-20251031.htm,2025-12-12,reported_supplemental_extract,not_applicable,
S2S-0329,data/phase2/processed/historical_spread.csv,historical_spread,FY2025,stock_based_compensation,SRC-001,S2R-0086,Quanex FY2025 Form 10-K,https://www.sec.gov/Archives/edgar/data/1423221/000142322125000100/nx-20251031.htm,2025-12-12,reported_supplemental_extract,not_applicable,
S2S-0330,data/phase2/processed/historical_spread.csv,historical_spread,FY2025,deferred_income_taxes,SRC-001,S2R-0087,Quanex FY2025 Form 10-K,https://www.sec.gov/Archives/edgar/data/1423221/000142322125000100/nx-20251031.htm,2025-12-12,reported_supplemental_extract,not_applicable,
S2S-0331,data/phase2/processed/historical_spread.csv,historical_spread,FY2025,gain_loss_on_disposition_noncash,SRC-001,S2R-0085,Quanex FY2025 Form 10-K,https://www.sec.gov/Archives/edgar/data/1423221/000142322125000100/nx-20251031.htm,2025-12-12,reported_supplemental_extract,not_applicable,
S2S-0332,data/phase2/processed/historical_spread.csv,historical_spread,FY2025,deferred_loan_costs_charge,SRC-001,S2R-0088,Quanex FY2025 Form 10-K,https://www.sec.gov/Archives/edgar/data/1423221/000142322125000100/nx-20251031.htm,2025-12-12,reported_supplemental_extract,not_applicable,
S2S-0333,data/phase2/processed/historical_spread.csv,historical_spread,FY2025,fx_forward_gain_noncash,SRC-001,S2R-0090,Quanex FY2025 Form 10-K,https://www.sec.gov/Archives/edgar/data/1423221/000142322125000100/nx-20251031.htm,2025-12-12,reported_supplemental_extract,not_applicable,
S2S-0334,data/phase2/processed/historical_spread.csv,historical_spread,FY2025,noncash_restructuring,SRC-001,S2R-0091,Quanex FY2025 Form 10-K,https://www.sec.gov/Archives/edgar/data/1423221/000142322125000100/nx-20251031.htm,2025-12-12,reported_supplemental_extract,not_applicable,
S2S-0335,data/phase2/processed/historical_spread.csv,historical_spread,FY2025,other_noncash_operating,SRC-001,S2R-0092,Quanex FY2025 Form 10-K,https://www.sec.gov/Archives/edgar/data/1423221/000142322125000100/nx-20251031.htm,2025-12-12,reported_supplemental_extract,not_applicable,
S2S-0336,data/phase2/processed/historical_spread.csv,historical_spread,FY2025,change_accounts_receivable,SRC-001,S2R-0093,Quanex FY2025 Form 10-K,https://www.sec.gov/Archives/edgar/data/1423221/000142322125000100/nx-20251031.htm,2025-12-12,reported_supplemental_extract,not_applicable,
S2S-0337,data/phase2/processed/historical_spread.csv,historical_spread,FY2025,change_inventory,SRC-001,S2R-0094,Quanex FY2025 Form 10-K,https://www.sec.gov/Archives/edgar/data/1423221/000142322125000100/nx-20251031.htm,2025-12-12,reported_supplemental_extract,not_applicable,
S2S-0338,data/phase2/processed/historical_spread.csv,historical_spread,FY2025,change_other_current_assets,SRC-001,S2R-0095,Quanex FY2025 Form 10-K,https://www.sec.gov/Archives/edgar/data/1423221/000142322125000100/nx-20251031.htm,2025-12-12,reported_supplemental_extract,not_applicable,
S2S-0339,data/phase2/processed/historical_spread.csv,historical_spread,FY2025,change_accounts_payable,SRC-001,S2R-0096,Quanex FY2025 Form 10-K,https://www.sec.gov/Archives/edgar/data/1423221/000142322125000100/nx-20251031.htm,2025-12-12,reported_supplemental_extract,not_applicable,
S2S-0340,data/phase2/processed/historical_spread.csv,historical_spread,FY2025,change_accrued_liabilities,SRC-001,S2R-0097,Quanex FY2025 Form 10-K,https://www.sec.gov/Archives/edgar/data/1423221/000142322125000100/nx-20251031.htm,2025-12-12,reported_supplemental_extract,not_applicable,
S2S-0341,data/phase2/processed/historical_spread.csv,historical_spread,FY2025,change_income_taxes_payable,SRC-001,S2R-0098,Quanex FY2025 Form 10-K,https://www.sec.gov/Archives/edgar/data/1423221/000142322125000100/nx-20251031.htm,2025-12-12,reported_supplemental_extract,not_applicable,
S2S-0342,data/phase2/processed/historical_spread.csv,historical_spread,FY2025,change_deferred_pension,,,,,,missing_control,not_applicable,Omitted from the selected presentation; not converted to zero.
S2S-0343,data/phase2/processed/historical_spread.csv,historical_spread,FY2025,change_other_long_term_liabilities,SRC-001,S2R-0099,Quanex FY2025 Form 10-K,https://www.sec.gov/Archives/edgar/data/1423221/000142322125000100/nx-20251031.htm,2025-12-12,reported_supplemental_extract,not_applicable,
S2S-0344,data/phase2/processed/historical_spread.csv,historical_spread,FY2025,other_operating_changes,SRC-001,S2R-0100,Quanex FY2025 Form 10-K,https://www.sec.gov/Archives/edgar/data/1423221/000142322125000100/nx-20251031.htm,2025-12-12,reported_supplemental_extract,not_applicable,
S2S-0345,data/phase2/processed/historical_spread.csv,historical_spread,FY2025,other_operating_working_capital_movements,SRC-001,S2R-0095;S2R-0097;S2R-0098;S2R-0099;S2R-0100,Quanex FY2025 Form 10-K,https://www.sec.gov/Archives/edgar/data/1423221/000142322125000100/nx-20251031.htm,2025-12-12,calculated,not_applicable,
S2S-0346,data/phase2/processed/historical_spread.csv,historical_spread,FY2025,cash_flow_from_operations,SRC-001,NF-0049,Quanex FY2025 Form 10-K,https://www.sec.gov/Archives/edgar/data/1423221/000142322125000100/nx-20251031.htm,2025-12-12,reported,not_applicable,
S2S-0347,data/phase2/processed/historical_spread.csv,historical_spread,FY2025,capital_expenditures,SRC-001,NF-0050,Quanex FY2025 Form 10-K,https://www.sec.gov/Archives/edgar/data/1423221/000142322125000100/nx-20251031.htm,2025-12-12,reported,not_applicable,
S2S-0348,data/phase2/processed/historical_spread.csv,historical_spread,FY2025,free_cash_flow,SRC-001,CF-0192,Quanex FY2025 Form 10-K,https://www.sec.gov/Archives/edgar/data/1423221/000142322125000100/nx-20251031.htm,2025-12-12,calculated,not_applicable,Mechanical calculation; not an analyst adjustment.
S2S-0349,data/phase2/processed/historical_spread.csv,historical_spread,FY2025,acquisition_cash_flows,SRC-001,NF-0051,Quanex FY2025 Form 10-K,https://www.sec.gov/Archives/edgar/data/1423221/000142322125000100/nx-20251031.htm,2025-12-12,reported,not_applicable,"Reported dash (zero), not a missing value."
S2S-0350,data/phase2/processed/historical_spread.csv,historical_spread,FY2025,dividends_paid,SRC-001,NF-0052,Quanex FY2025 Form 10-K,https://www.sec.gov/Archives/edgar/data/1423221/000142322125000100/nx-20251031.htm,2025-12-12,reported,not_applicable,
S2S-0351,data/phase2/processed/historical_spread.csv,historical_spread,FY2025,share_repurchases,SRC-001,NF-0053,Quanex FY2025 Form 10-K,https://www.sec.gov/Archives/edgar/data/1423221/000142322125000100/nx-20251031.htm,2025-12-12,reported,not_applicable,
S2S-0352,data/phase2/processed/historical_spread.csv,historical_spread,FY2025,investing_cash_flow_total,SRC-001,S2R-0153,Quanex FY2025 Form 10-K,https://www.sec.gov/Archives/edgar/data/1423221/000142322125000100/nx-20251031.htm,2025-12-12,reported_supplemental_extract,not_applicable,
S2S-0353,data/phase2/processed/historical_spread.csv,historical_spread,FY2025,credit_facility_borrowings,SRC-001,S2R-0154,Quanex FY2025 Form 10-K,https://www.sec.gov/Archives/edgar/data/1423221/000142322125000100/nx-20251031.htm,2025-12-12,reported_supplemental_extract,not_applicable,
S2S-0354,data/phase2/processed/historical_spread.csv,historical_spread,FY2025,credit_facility_repayments,SRC-001,S2R-0155,Quanex FY2025 Form 10-K,https://www.sec.gov/Archives/edgar/data/1423221/000142322125000100/nx-20251031.htm,2025-12-12,reported_supplemental_extract,not_applicable,
S2S-0355,data/phase2/processed/historical_spread.csv,historical_spread,FY2025,debt_issuance_costs,SRC-001,S2R-0156,Quanex FY2025 Form 10-K,https://www.sec.gov/Archives/edgar/data/1423221/000142322125000100/nx-20251031.htm,2025-12-12,reported_supplemental_extract,not_applicable,
S2S-0356,data/phase2/processed/historical_spread.csv,historical_spread,FY2025,other_long_term_debt_repayments,SRC-001,S2R-0157,Quanex FY2025 Form 10-K,https://www.sec.gov/Archives/edgar/data/1423221/000142322125000100/nx-20251031.htm,2025-12-12,reported_supplemental_extract,not_applicable,
S2S-0357,data/phase2/processed/historical_spread.csv,historical_spread,FY2025,common_stock_issuance,SRC-001,S2R-0158,Quanex FY2025 Form 10-K,https://www.sec.gov/Archives/edgar/data/1423221/000142322125000100/nx-20251031.htm,2025-12-12,reported_supplemental_extract,not_applicable,
S2S-0358,data/phase2/processed/historical_spread.csv,historical_spread,FY2025,hedge_contract_proceeds,SRC-001,S2R-0159,Quanex FY2025 Form 10-K,https://www.sec.gov/Archives/edgar/data/1423221/000142322125000100/nx-20251031.htm,2025-12-12,reported_supplemental_extract,not_applicable,
S2S-0359,data/phase2/processed/historical_spread.csv,historical_spread,FY2025,payroll_tax_stock_vesting,SRC-001,S2R-0160,Quanex FY2025 Form 10-K,https://www.sec.gov/Archives/edgar/data/1423221/000142322125000100/nx-20251031.htm,2025-12-12,reported_supplemental_extract,not_applicable,
S2S-0360,data/phase2/processed/historical_spread.csv,historical_spread,FY2025,financing_cash_flow_total,SRC-001,S2R-0161,Quanex FY2025 Form 10-K,https://www.sec.gov/Archives/edgar/data/1423221/000142322125000100/nx-20251031.htm,2025-12-12,reported_supplemental_extract,not_applicable,
S2S-0361,data/phase2/processed/historical_spread.csv,historical_spread,FY2025,fx_effect_on_cash,SRC-001,S2R-0162,Quanex FY2025 Form 10-K,https://www.sec.gov/Archives/edgar/data/1423221/000142322125000100/nx-20251031.htm,2025-12-12,reported_supplemental_extract,not_applicable,
S2S-0362,data/phase2/processed/historical_spread.csv,historical_spread,FY2025,net_change_cash_reported,SRC-001,S2R-0163,Quanex FY2025 Form 10-K,https://www.sec.gov/Archives/edgar/data/1423221/000142322125000100/nx-20251031.htm,2025-12-12,reported_supplemental_extract,not_applicable,
S2S-0363,data/phase2/processed/historical_spread.csv,historical_spread,FY2025,cash_begin_total,SRC-001,S2R-0164,Quanex FY2025 Form 10-K,https://www.sec.gov/Archives/edgar/data/1423221/000142322125000100/nx-20251031.htm,2025-12-12,reported_supplemental_extract,not_applicable,
S2S-0364,data/phase2/processed/historical_spread.csv,historical_spread,FY2025,cash_end_total,SRC-001,S2R-0165,Quanex FY2025 Form 10-K,https://www.sec.gov/Archives/edgar/data/1423221/000142322125000100/nx-20251031.htm,2025-12-12,reported_supplemental_extract,not_applicable,
S2S-0365,data/phase2/processed/historical_spread.csv,historical_spread,FY2025,other_material_financing_flows,SRC-001,S2R-0156;S2R-0158;S2R-0159;S2R-0160,Quanex FY2025 Form 10-K,https://www.sec.gov/Archives/edgar/data/1423221/000142322125000100/nx-20251031.htm,2025-12-12,calculated,not_applicable,
S2S-0366,data/phase2/processed/historical_spread.csv,historical_spread,FY2021,term_loan_principal,SRC-014,S2R-0166,Quanex FY2022 Form 10-K,https://www.sec.gov/Archives/edgar/data/1423221/000142322122000014/nx-20221031.htm,2022-12-16,reported_supplemental_extract,not_applicable,
S2S-0367,data/phase2/processed/historical_spread.csv,historical_spread,FY2021,revolver_borrowings,SRC-014,S2R-0167,Quanex FY2022 Form 10-K,https://www.sec.gov/Archives/edgar/data/1423221/000142322122000014/nx-20221031.htm,2022-12-16,reported_supplemental_extract,not_applicable,
S2S-0368,data/phase2/processed/historical_spread.csv,historical_spread,FY2021,finance_lease_obligations_principal,SRC-014,S2R-0168,Quanex FY2022 Form 10-K,https://www.sec.gov/Archives/edgar/data/1423221/000142322122000014/nx-20221031.htm,2022-12-16,reported_supplemental_extract,not_applicable,
S2S-0369,data/phase2/processed/historical_spread.csv,historical_spread,FY2021,total_debt_principal,SRC-014,S2R-0170,Quanex FY2022 Form 10-K,https://www.sec.gov/Archives/edgar/data/1423221/000142322122000014/nx-20221031.htm,2022-12-16,reported_supplemental_extract,not_applicable,
S2S-0370,data/phase2/processed/historical_spread.csv,historical_spread,FY2021,unamortized_financing_fees,SRC-014,S2R-0169,Quanex FY2022 Form 10-K,https://www.sec.gov/Archives/edgar/data/1423221/000142322122000014/nx-20221031.htm,2022-12-16,reported_supplemental_extract,not_applicable,
S2S-0371,data/phase2/processed/historical_spread.csv,historical_spread,FY2021,total_debt_carrying_amount,SRC-014,S2R-0171,Quanex FY2022 Form 10-K,https://www.sec.gov/Archives/edgar/data/1423221/000142322122000014/nx-20221031.htm,2022-12-16,reported_supplemental_extract,not_applicable,
S2S-0372,data/phase2/processed/historical_spread.csv,historical_spread,FY2022,term_loan_principal,SRC-014,S2R-0172,Quanex FY2022 Form 10-K,https://www.sec.gov/Archives/edgar/data/1423221/000142322122000014/nx-20221031.htm,2022-12-16,reported_supplemental_extract,not_applicable,
S2S-0373,data/phase2/processed/historical_spread.csv,historical_spread,FY2022,revolver_borrowings,SRC-014,S2R-0173,Quanex FY2022 Form 10-K,https://www.sec.gov/Archives/edgar/data/1423221/000142322122000014/nx-20221031.htm,2022-12-16,reported_supplemental_extract,not_applicable,
S2S-0374,data/phase2/processed/historical_spread.csv,historical_spread,FY2022,finance_lease_obligations_principal,SRC-014,S2R-0174,Quanex FY2022 Form 10-K,https://www.sec.gov/Archives/edgar/data/1423221/000142322122000014/nx-20221031.htm,2022-12-16,reported_supplemental_extract,not_applicable,
S2S-0375,data/phase2/processed/historical_spread.csv,historical_spread,FY2022,total_debt_principal,SRC-014,S2R-0176,Quanex FY2022 Form 10-K,https://www.sec.gov/Archives/edgar/data/1423221/000142322122000014/nx-20221031.htm,2022-12-16,reported_supplemental_extract,not_applicable,
S2S-0376,data/phase2/processed/historical_spread.csv,historical_spread,FY2022,unamortized_financing_fees,SRC-014,S2R-0175,Quanex FY2022 Form 10-K,https://www.sec.gov/Archives/edgar/data/1423221/000142322122000014/nx-20221031.htm,2022-12-16,reported_supplemental_extract,not_applicable,
S2S-0377,data/phase2/processed/historical_spread.csv,historical_spread,FY2022,total_debt_carrying_amount,SRC-014,S2R-0177,Quanex FY2022 Form 10-K,https://www.sec.gov/Archives/edgar/data/1423221/000142322122000014/nx-20221031.htm,2022-12-16,reported_supplemental_extract,not_applicable,
S2S-0378,data/phase2/processed/historical_spread.csv,historical_spread,FY2023,term_loan_principal,SRC-012,S2R-0178,Quanex FY2024 Form 10-K,https://www.sec.gov/Archives/edgar/data/1423221/000142322124000015/nx-20241031.htm,2024-12-16,reported_supplemental_extract,not_applicable,
S2S-0379,data/phase2/processed/historical_spread.csv,historical_spread,FY2023,revolver_borrowings,SRC-012,S2R-0179,Quanex FY2024 Form 10-K,https://www.sec.gov/Archives/edgar/data/1423221/000142322124000015/nx-20241031.htm,2024-12-16,reported_supplemental_extract,not_applicable,
S2S-0380,data/phase2/processed/historical_spread.csv,historical_spread,FY2023,finance_lease_obligations_principal,SRC-012,S2R-0180,Quanex FY2024 Form 10-K,https://www.sec.gov/Archives/edgar/data/1423221/000142322124000015/nx-20241031.htm,2024-12-16,reported_supplemental_extract,not_applicable,
S2S-0381,data/phase2/processed/historical_spread.csv,historical_spread,FY2023,total_debt_principal,SRC-012,S2R-0182,Quanex FY2024 Form 10-K,https://www.sec.gov/Archives/edgar/data/1423221/000142322124000015/nx-20241031.htm,2024-12-16,reported_supplemental_extract,not_applicable,
S2S-0382,data/phase2/processed/historical_spread.csv,historical_spread,FY2023,unamortized_financing_fees,SRC-012,S2R-0181,Quanex FY2024 Form 10-K,https://www.sec.gov/Archives/edgar/data/1423221/000142322124000015/nx-20241031.htm,2024-12-16,reported_supplemental_extract,not_applicable,
S2S-0383,data/phase2/processed/historical_spread.csv,historical_spread,FY2023,total_debt_carrying_amount,SRC-012,S2R-0183,Quanex FY2024 Form 10-K,https://www.sec.gov/Archives/edgar/data/1423221/000142322124000015/nx-20241031.htm,2024-12-16,reported_supplemental_extract,not_applicable,
S2S-0384,data/phase2/processed/historical_spread.csv,historical_spread,FY2024,term_loan_principal,SRC-002,NF-0170,Quanex Q4 and FY2025 results release,https://www.sec.gov/Archives/edgar/data/1423221/000117184325007891/exh_991.htm,2025-12-11,reported,not_applicable,
S2S-0385,data/phase2/processed/historical_spread.csv,historical_spread,FY2024,revolver_borrowings,SRC-002,NF-0171,Quanex Q4 and FY2025 results release,https://www.sec.gov/Archives/edgar/data/1423221/000117184325007891/exh_991.htm,2025-12-11,reported,not_applicable,
S2S-0386,data/phase2/processed/historical_spread.csv,historical_spread,FY2024,finance_lease_obligations_principal,SRC-002,NF-0172,Quanex Q4 and FY2025 results release,https://www.sec.gov/Archives/edgar/data/1423221/000117184325007891/exh_991.htm,2025-12-11,reported,not_applicable,
S2S-0387,data/phase2/processed/historical_spread.csv,historical_spread,FY2024,total_debt_principal,SRC-002,NF-0173,Quanex Q4 and FY2025 results release,https://www.sec.gov/Archives/edgar/data/1423221/000117184325007891/exh_991.htm,2025-12-11,reported,not_applicable,Company net-debt definition; total debt excludes letters of credit.
S2S-0388,data/phase2/processed/historical_spread.csv,historical_spread,FY2024,unamortized_financing_fees,SRC-012,S2R-0184,Quanex FY2024 Form 10-K,https://www.sec.gov/Archives/edgar/data/1423221/000142322124000015/nx-20241031.htm,2024-12-16,reported_supplemental_extract,not_applicable,Contra-debt amount; presented as a positive reconciling value.
S2S-0389,data/phase2/processed/historical_spread.csv,historical_spread,FY2024,total_debt_carrying_amount,SRC-001,CF-0189,Quanex FY2025 Form 10-K,https://www.sec.gov/Archives/edgar/data/1423221/000142322125000100/nx-20251031.htm,2025-12-12,calculated,not_applicable,Mechanical calculation; not an analyst adjustment.
S2S-0390,data/phase2/processed/historical_spread.csv,historical_spread,FY2025,term_loan_principal,SRC-002,NF-0165,Quanex Q4 and FY2025 results release,https://www.sec.gov/Archives/edgar/data/1423221/000117184325007891/exh_991.htm,2025-12-11,reported,not_applicable,
S2S-0391,data/phase2/processed/historical_spread.csv,historical_spread,FY2025,revolver_borrowings,SRC-002,NF-0166,Quanex Q4 and FY2025 results release,https://www.sec.gov/Archives/edgar/data/1423221/000117184325007891/exh_991.htm,2025-12-11,reported,not_applicable,
S2S-0392,data/phase2/processed/historical_spread.csv,historical_spread,FY2025,finance_lease_obligations_principal,SRC-002,NF-0167,Quanex Q4 and FY2025 results release,https://www.sec.gov/Archives/edgar/data/1423221/000117184325007891/exh_991.htm,2025-12-11,reported,not_applicable,
S2S-0393,data/phase2/processed/historical_spread.csv,historical_spread,FY2025,total_debt_principal,SRC-002,NF-0168,Quanex Q4 and FY2025 results release,https://www.sec.gov/Archives/edgar/data/1423221/000117184325007891/exh_991.htm,2025-12-11,reported,not_applicable,Company net-debt definition; total debt excludes letters of credit.
S2S-0394,data/phase2/processed/historical_spread.csv,historical_spread,FY2025,unamortized_financing_fees,SRC-001,S2R-0185,Quanex FY2025 Form 10-K,https://www.sec.gov/Archives/edgar/data/1423221/000142322125000100/nx-20251031.htm,2025-12-12,reported_supplemental_extract,not_applicable,Contra-debt amount; presented as a positive reconciling value.
S2S-0395,data/phase2/processed/historical_spread.csv,historical_spread,FY2025,total_debt_carrying_amount,SRC-001,CF-0193,Quanex FY2025 Form 10-K,https://www.sec.gov/Archives/edgar/data/1423221/000142322125000100/nx-20251031.htm,2025-12-12,calculated,not_applicable,Mechanical calculation; not an analyst adjustment.
S2S-0396,data/phase2/processed/historical_spread.csv,historical_spread,FY2021,cash_interest_paid_disclosed,,,,,,missing_control,not_applicable,The approved evidence does not contain a separate cash-paid-interest disclosure for this year; absence is not zero.
S2S-0397,data/phase2/processed/historical_spread.csv,historical_spread,FY2022,cash_interest_paid_disclosed,,,,,,missing_control,not_applicable,The approved evidence does not contain a separate cash-paid-interest disclosure for this year; absence is not zero.
S2S-0398,data/phase2/processed/historical_spread.csv,historical_spread,FY2023,cash_interest_paid_disclosed,SRC-001,S2R-0186,Quanex FY2025 Form 10-K,https://www.sec.gov/Archives/edgar/data/1423221/000142322125000100/nx-20251031.htm,2025-12-12,reported_supplemental_extract,not_applicable,Reported cash paid for interest; separate historical diagnostic. Not contractual interest paid or payable and not closing-LTM evidence.
S2S-0399,data/phase2/processed/historical_spread.csv,historical_spread,FY2024,cash_interest_paid_disclosed,SRC-001,S2R-0187,Quanex FY2025 Form 10-K,https://www.sec.gov/Archives/edgar/data/1423221/000142322125000100/nx-20251031.htm,2025-12-12,reported_supplemental_extract,not_applicable,Reported cash paid for interest; separate historical diagnostic. Not contractual interest paid or payable and not closing-LTM evidence.
S2S-0400,data/phase2/processed/historical_spread.csv,historical_spread,FY2025,cash_interest_paid_disclosed,SRC-001,S2R-0188,Quanex FY2025 Form 10-K,https://www.sec.gov/Archives/edgar/data/1423221/000142322125000100/nx-20251031.htm,2025-12-12,reported_supplemental_extract,not_applicable,Reported cash paid for interest; separate historical diagnostic. Not contractual interest paid or payable and not closing-LTM evidence.
S2B-0001,data/phase2/processed/earnings_bridges.csv,earnings_bridge,FY2021,GAAP operating income,SRC-014,NF-0045,Quanex FY2022 Form 10-K,https://www.sec.gov/Archives/edgar/data/1423221/000142322122000014/nx-20221031.htm,2022-12-16,reported,not_applicable,
S2B-0002,data/phase2/processed/earnings_bridges.csv,earnings_bridge,FY2021,Add: depreciation and amortization,SRC-014,NF-0044,Quanex FY2022 Form 10-K,https://www.sec.gov/Archives/edgar/data/1423221/000142322122000014/nx-20221031.htm,2022-12-16,calculated,not_applicable,No credit adjustment; standard EBITDA construction.
S2B-0003,data/phase2/processed/earnings_bridges.csv,earnings_bridge,FY2021,Unadjusted EBITDA,,S2S-0014,,,,calculated,not_applicable,
S2B-0004,data/phase2/processed/earnings_bridges.csv,earnings_bridge,FY2021,Company-adjusted EBITDA,,,,,,missing_control,not_applicable,The approved Phase 1 evidence does not contain a company adjustment bridge for this year; unadjusted EBITDA is not relabeled.
S2B-0005,data/phase2/processed/earnings_bridges.csv,earnings_bridge,FY2021,Unadjusted EBITDA,SRC-001;SRC-003,S2S-0014,Quanex FY2025 Form 10-K; Amendment No. 1 with conformed Second Amended and Restated Credit Agreement,https://www.sec.gov/Archives/edgar/data/1423221/000142322125000100/nx-20251031.htm; https://www.sec.gov/Archives/edgar/data/1423221/000110465924071335/tm2417183d1_ex10-1.htm,2025-12-12; 2024-06-13,calculated,not_applicable,
S2B-0006,data/phase2/processed/earnings_bridges.csv,earnings_bridge,FY2021,Contractual EBITDA,SRC-003,,Amendment No. 1 with conformed Second Amended and Restated Credit Agreement,https://www.sec.gov/Archives/edgar/data/1423221/000110465924071335/tm2417183d1_ex10-1.htm,2024-06-13,missing_control,not_applicable,Public evidence does not provide the period-specific compliance bridge; FY2023-FY2024 acquisition pro forma mechanics add further uncertainty.
S2B-0007,data/phase2/processed/earnings_bridges.csv,earnings_bridge,FY2021,Unadjusted EBITDA,,S2S-0014,,,,calculated,not_applicable,Starting measure for the labeled lender-normalization case.
S2B-0008,data/phase2/processed/earnings_bridges.csv,earnings_bridge,FY2021,Lender-normalized EBITDA (low sensitivity),,,,,,sensitivity,not_applicable,Owner-reviewed lower sensitivity; it is not the selected lender base.
S2B-0009,data/phase2/processed/earnings_bridges.csv,earnings_bridge,FY2021,Unadjusted EBITDA,,S2S-0014,,,,calculated,not_applicable,Starting measure for the labeled lender-normalization case.
S2B-0010,data/phase2/processed/earnings_bridges.csv,earnings_bridge,FY2021,Lender-normalized EBITDA (owner-reviewed base),,,,,,owner_reviewed_lender_judgment,not_applicable,Owner-reviewed lender-normalization base; contractual EBITDA and cash-flow treatment remain separate.
S2B-0011,data/phase2/processed/earnings_bridges.csv,earnings_bridge,FY2021,Unadjusted EBITDA,,S2S-0014,,,,calculated,not_applicable,Starting measure for the labeled lender-normalization case.
S2B-0012,data/phase2/processed/earnings_bridges.csv,earnings_bridge,FY2021,Company/high adjusted EBITDA case,,,,,,sensitivity,not_applicable,Company/high sensitivity preserves company treatment and is not accepted lender-base EBITDA.
S2B-0013,data/phase2/processed/earnings_bridges.csv,earnings_bridge,FY2022,GAAP operating income,SRC-014,NF-0036,Quanex FY2022 Form 10-K,https://www.sec.gov/Archives/edgar/data/1423221/000142322122000014/nx-20221031.htm,2022-12-16,reported,not_applicable,
S2B-0014,data/phase2/processed/earnings_bridges.csv,earnings_bridge,FY2022,Add: depreciation and amortization,SRC-014,NF-0035,Quanex FY2022 Form 10-K,https://www.sec.gov/Archives/edgar/data/1423221/000142322122000014/nx-20221031.htm,2022-12-16,calculated,not_applicable,No credit adjustment; standard EBITDA construction.
S2B-0015,data/phase2/processed/earnings_bridges.csv,earnings_bridge,FY2022,Unadjusted EBITDA,,S2S-0028,,,,calculated,not_applicable,
S2B-0016,data/phase2/processed/earnings_bridges.csv,earnings_bridge,FY2022,Company-adjusted EBITDA,,,,,,missing_control,not_applicable,The approved Phase 1 evidence does not contain a company adjustment bridge for this year; unadjusted EBITDA is not relabeled.
S2B-0017,data/phase2/processed/earnings_bridges.csv,earnings_bridge,FY2022,Unadjusted EBITDA,SRC-001;SRC-003,S2S-0028,Quanex FY2025 Form 10-K; Amendment No. 1 with conformed Second Amended and Restated Credit Agreement,https://www.sec.gov/Archives/edgar/data/1423221/000142322125000100/nx-20251031.htm; https://www.sec.gov/Archives/edgar/data/1423221/000110465924071335/tm2417183d1_ex10-1.htm,2025-12-12; 2024-06-13,calculated,not_applicable,
S2B-0018,data/phase2/processed/earnings_bridges.csv,earnings_bridge,FY2022,Contractual EBITDA,SRC-003,,Amendment No. 1 with conformed Second Amended and Restated Credit Agreement,https://www.sec.gov/Archives/edgar/data/1423221/000110465924071335/tm2417183d1_ex10-1.htm,2024-06-13,missing_control,not_applicable,Public evidence does not provide the period-specific compliance bridge; FY2023-FY2024 acquisition pro forma mechanics add further uncertainty.
S2B-0019,data/phase2/processed/earnings_bridges.csv,earnings_bridge,FY2022,Unadjusted EBITDA,,S2S-0028,,,,calculated,not_applicable,Starting measure for the labeled lender-normalization case.
S2B-0020,data/phase2/processed/earnings_bridges.csv,earnings_bridge,FY2022,Lender-normalized EBITDA (low sensitivity),,,,,,sensitivity,not_applicable,Owner-reviewed lower sensitivity; it is not the selected lender base.
S2B-0021,data/phase2/processed/earnings_bridges.csv,earnings_bridge,FY2022,Unadjusted EBITDA,,S2S-0028,,,,calculated,not_applicable,Starting measure for the labeled lender-normalization case.
S2B-0022,data/phase2/processed/earnings_bridges.csv,earnings_bridge,FY2022,Lender-normalized EBITDA (owner-reviewed base),,,,,,owner_reviewed_lender_judgment,not_applicable,Owner-reviewed lender-normalization base; contractual EBITDA and cash-flow treatment remain separate.
S2B-0023,data/phase2/processed/earnings_bridges.csv,earnings_bridge,FY2022,Unadjusted EBITDA,,S2S-0028,,,,calculated,not_applicable,Starting measure for the labeled lender-normalization case.
S2B-0024,data/phase2/processed/earnings_bridges.csv,earnings_bridge,FY2022,Company/high adjusted EBITDA case,,,,,,sensitivity,not_applicable,Company/high sensitivity preserves company treatment and is not accepted lender-base EBITDA.
S2B-0025,data/phase2/processed/earnings_bridges.csv,earnings_bridge,FY2023,GAAP operating income,SRC-001,NF-0027,Quanex FY2025 Form 10-K,https://www.sec.gov/Archives/edgar/data/1423221/000142322125000100/nx-20251031.htm,2025-12-12,reported,not_applicable,
S2B-0026,data/phase2/processed/earnings_bridges.csv,earnings_bridge,FY2023,Add: depreciation and amortization,SRC-001,NF-0025,Quanex FY2025 Form 10-K,https://www.sec.gov/Archives/edgar/data/1423221/000142322125000100/nx-20251031.htm,2025-12-12,calculated,not_applicable,No credit adjustment; standard EBITDA construction.
S2B-0027,data/phase2/processed/earnings_bridges.csv,earnings_bridge,FY2023,Unadjusted EBITDA,,S2S-0042,,,,calculated,not_applicable,
S2B-0028,data/phase2/processed/earnings_bridges.csv,earnings_bridge,FY2023,Company-adjusted EBITDA,,,,,,missing_control,not_applicable,The approved Phase 1 evidence does not contain a company adjustment bridge for this year; unadjusted EBITDA is not relabeled.
S2B-0029,data/phase2/processed/earnings_bridges.csv,earnings_bridge,FY2023,Unadjusted EBITDA,SRC-001;SRC-003,S2S-0042,Quanex FY2025 Form 10-K; Amendment No. 1 with conformed Second Amended and Restated Credit Agreement,https://www.sec.gov/Archives/edgar/data/1423221/000142322125000100/nx-20251031.htm; https://www.sec.gov/Archives/edgar/data/1423221/000110465924071335/tm2417183d1_ex10-1.htm,2025-12-12; 2024-06-13,calculated,not_applicable,
S2B-0030,data/phase2/processed/earnings_bridges.csv,earnings_bridge,FY2023,Contractual EBITDA,SRC-003,,Amendment No. 1 with conformed Second Amended and Restated Credit Agreement,https://www.sec.gov/Archives/edgar/data/1423221/000110465924071335/tm2417183d1_ex10-1.htm,2024-06-13,missing_control,not_applicable,Public evidence does not provide the period-specific compliance bridge; FY2023-FY2024 acquisition pro forma mechanics add further uncertainty.
S2B-0031,data/phase2/processed/earnings_bridges.csv,earnings_bridge,FY2023,Unadjusted EBITDA,,S2S-0042,,,,calculated,not_applicable,Starting measure for the labeled lender-normalization case.
S2B-0032,data/phase2/processed/earnings_bridges.csv,earnings_bridge,FY2023,Lender-normalized EBITDA (low sensitivity),,,,,,sensitivity,not_applicable,Owner-reviewed lower sensitivity; it is not the selected lender base.
S2B-0033,data/phase2/processed/earnings_bridges.csv,earnings_bridge,FY2023,Unadjusted EBITDA,,S2S-0042,,,,calculated,not_applicable,Starting measure for the labeled lender-normalization case.
S2B-0034,data/phase2/processed/earnings_bridges.csv,earnings_bridge,FY2023,Lender-normalized EBITDA (owner-reviewed base),,,,,,owner_reviewed_lender_judgment,not_applicable,Owner-reviewed lender-normalization base; contractual EBITDA and cash-flow treatment remain separate.
S2B-0035,data/phase2/processed/earnings_bridges.csv,earnings_bridge,FY2023,Unadjusted EBITDA,,S2S-0042,,,,calculated,not_applicable,Starting measure for the labeled lender-normalization case.
S2B-0036,data/phase2/processed/earnings_bridges.csv,earnings_bridge,FY2023,Company/high adjusted EBITDA case,,,,,,sensitivity,not_applicable,Company/high sensitivity preserves company treatment and is not accepted lender-base EBITDA.
S2B-0037,data/phase2/processed/earnings_bridges.csv,earnings_bridge,FY2024,GAAP operating income,SRC-001,NF-0017,Quanex FY2025 Form 10-K,https://www.sec.gov/Archives/edgar/data/1423221/000142322125000100/nx-20251031.htm,2025-12-12,reported,not_applicable,
S2B-0038,data/phase2/processed/earnings_bridges.csv,earnings_bridge,FY2024,Add: depreciation and amortization,SRC-001,NF-0015,Quanex FY2025 Form 10-K,https://www.sec.gov/Archives/edgar/data/1423221/000142322125000100/nx-20251031.htm,2025-12-12,calculated,not_applicable,No credit adjustment; standard EBITDA construction.
S2B-0039,data/phase2/processed/earnings_bridges.csv,earnings_bridge,FY2024,Unadjusted EBITDA,,S2S-0056,,,,calculated,not_applicable,
S2B-0040,data/phase2/processed/earnings_bridges.csv,earnings_bridge,FY2024,Plant closure cost recorded in cost of sales,SRC-002,AC-008,Quanex Q4 and FY2025 results release,https://www.sec.gov/Archives/edgar/data/1423221/000117184325007891/exh_991.htm,2025-12-11,company_adjustment,owner_reviewed,"Owner-reviewed base acceptance is zero because closure specificity alone does not prove cash character, completion, or nonrecurrence; the full amount remains only in the company/high sensitivity."
S2B-0041,data/phase2/processed/earnings_bridges.csv,earnings_bridge,FY2024,Plant closure gain recorded in SG&A,SRC-002,AC-009,Quanex Q4 and FY2025 results release,https://www.sec.gov/Archives/edgar/data/1423221/000117184325007891/exh_991.htm,2025-12-11,company_adjustment,owner_reviewed,"Deduct the gain in full, consistent with both the company bridge and lender conservatism; excluding losses while retaining gains would be asymmetric."
S2B-0042,data/phase2/processed/earnings_bridges.csv,earnings_bridge,FY2024,Inventory and receivables purchase-accounting step-up,SRC-002,AC-010,Quanex Q4 and FY2025 results release,https://www.sec.gov/Archives/edgar/data/1423221/000117184325007891/exh_991.htm,2025-12-11,company_adjustment,owner_reviewed,"Owner-reviewed full acceptance reflects a finite acquisition-accounting effect; collectability, cash-realization, integration, and pro forma limitations remain separate from the earnings normalization."
S2B-0043,data/phase2/processed/earnings_bridges.csv,earnings_bridge,FY2024,Tyman transaction and advisory fees,SRC-002,AC-011,Quanex Q4 and FY2025 results release,https://www.sec.gov/Archives/edgar/data/1423221/000117184325007891/exh_991.htm,2025-12-11,company_adjustment,owner_reviewed,"Owner-reviewed lender earnings normalization accepts the completed-transaction cost, but contractual eligibility remains unresolved and historical cash conversion continues to reflect the cash use."
S2B-0044,data/phase2/processed/earnings_bridges.csv,earnings_bridge,FY2024,Company-adjusted EBITDA reconstructed from disclosed bridge,SRC-002,AC-008;AC-009;AC-010;AC-011,Quanex Q4 and FY2025 results release,https://www.sec.gov/Archives/edgar/data/1423221/000117184325007891/exh_991.htm,2025-12-11,calculated,not_applicable,Exact reconstruction; company publication presents the result rounded to one decimal million.
S2B-0045,data/phase2/processed/earnings_bridges.csv,earnings_bridge,FY2024,Unadjusted EBITDA,SRC-001;SRC-003,S2S-0056,Quanex FY2025 Form 10-K; Amendment No. 1 with conformed Second Amended and Restated Credit Agreement,https://www.sec.gov/Archives/edgar/data/1423221/000142322125000100/nx-20251031.htm; https://www.sec.gov/Archives/edgar/data/1423221/000110465924071335/tm2417183d1_ex10-1.htm,2025-12-12; 2024-06-13,calculated,not_applicable,
S2B-0046,data/phase2/processed/earnings_bridges.csv,earnings_bridge,FY2024,Contractual EBITDA,SRC-003,,Amendment No. 1 with conformed Second Amended and Restated Credit Agreement,https://www.sec.gov/Archives/edgar/data/1423221/000110465924071335/tm2417183d1_ex10-1.htm,2024-06-13,missing_control,not_applicable,Public evidence does not provide the period-specific compliance bridge; FY2023-FY2024 acquisition pro forma mechanics add further uncertainty.
S2B-0047,data/phase2/processed/earnings_bridges.csv,earnings_bridge,FY2024,Unadjusted EBITDA,,S2S-0056,,,,calculated,not_applicable,Starting measure for the labeled lender-normalization case.
S2B-0048,data/phase2/processed/earnings_bridges.csv,earnings_bridge,FY2024,Plant closure cost recorded in cost of sales,SRC-002,AC-008,Quanex Q4 and FY2025 results release,https://www.sec.gov/Archives/edgar/data/1423221/000117184325007891/exh_991.htm,2025-12-11,sensitivity,owner_reviewed,"Owner-reviewed base acceptance is zero because closure specificity alone does not prove cash character, completion, or nonrecurrence; the full amount remains only in the company/high sensitivity."
S2B-0049,data/phase2/processed/earnings_bridges.csv,earnings_bridge,FY2024,Plant closure gain recorded in SG&A,SRC-002,AC-009,Quanex Q4 and FY2025 results release,https://www.sec.gov/Archives/edgar/data/1423221/000117184325007891/exh_991.htm,2025-12-11,sensitivity,owner_reviewed,"Deduct the gain in full, consistent with both the company bridge and lender conservatism; excluding losses while retaining gains would be asymmetric."
S2B-0050,data/phase2/processed/earnings_bridges.csv,earnings_bridge,FY2024,Inventory and receivables purchase-accounting step-up,SRC-002,AC-010,Quanex Q4 and FY2025 results release,https://www.sec.gov/Archives/edgar/data/1423221/000117184325007891/exh_991.htm,2025-12-11,sensitivity,owner_reviewed,"Owner-reviewed full acceptance reflects a finite acquisition-accounting effect; collectability, cash-realization, integration, and pro forma limitations remain separate from the earnings normalization."
S2B-0051,data/phase2/processed/earnings_bridges.csv,earnings_bridge,FY2024,Tyman transaction and advisory fees,SRC-002,AC-011,Quanex Q4 and FY2025 results release,https://www.sec.gov/Archives/edgar/data/1423221/000117184325007891/exh_991.htm,2025-12-11,sensitivity,owner_reviewed,"Owner-reviewed lender earnings normalization accepts the completed-transaction cost, but contractual eligibility remains unresolved and historical cash conversion continues to reflect the cash use."
S2B-0052,data/phase2/processed/earnings_bridges.csv,earnings_bridge,FY2024,Lender-normalized EBITDA (low sensitivity),,AC-008;AC-009;AC-010;AC-011,,,,sensitivity,not_applicable,Owner-reviewed lower sensitivity; it is not the selected lender base.
S2B-0053,data/phase2/processed/earnings_bridges.csv,earnings_bridge,FY2024,Unadjusted EBITDA,,S2S-0056,,,,calculated,not_applicable,Starting measure for the labeled lender-normalization case.
S2B-0054,data/phase2/processed/earnings_bridges.csv,earnings_bridge,FY2024,Plant closure cost recorded in cost of sales,SRC-002,AC-008,Quanex Q4 and FY2025 results release,https://www.sec.gov/Archives/edgar/data/1423221/000117184325007891/exh_991.htm,2025-12-11,owner_reviewed_lender_judgment,owner_reviewed,"Owner-reviewed base acceptance is zero because closure specificity alone does not prove cash character, completion, or nonrecurrence; the full amount remains only in the company/high sensitivity."
S2B-0055,data/phase2/processed/earnings_bridges.csv,earnings_bridge,FY2024,Plant closure gain recorded in SG&A,SRC-002,AC-009,Quanex Q4 and FY2025 results release,https://www.sec.gov/Archives/edgar/data/1423221/000117184325007891/exh_991.htm,2025-12-11,owner_reviewed_lender_judgment,owner_reviewed,"Deduct the gain in full, consistent with both the company bridge and lender conservatism; excluding losses while retaining gains would be asymmetric."
S2B-0056,data/phase2/processed/earnings_bridges.csv,earnings_bridge,FY2024,Inventory and receivables purchase-accounting step-up,SRC-002,AC-010,Quanex Q4 and FY2025 results release,https://www.sec.gov/Archives/edgar/data/1423221/000117184325007891/exh_991.htm,2025-12-11,owner_reviewed_lender_judgment,owner_reviewed,"Owner-reviewed full acceptance reflects a finite acquisition-accounting effect; collectability, cash-realization, integration, and pro forma limitations remain separate from the earnings normalization."
S2B-0057,data/phase2/processed/earnings_bridges.csv,earnings_bridge,FY2024,Tyman transaction and advisory fees,SRC-002,AC-011,Quanex Q4 and FY2025 results release,https://www.sec.gov/Archives/edgar/data/1423221/000117184325007891/exh_991.htm,2025-12-11,owner_reviewed_lender_judgment,owner_reviewed,"Owner-reviewed lender earnings normalization accepts the completed-transaction cost, but contractual eligibility remains unresolved and historical cash conversion continues to reflect the cash use."
S2B-0058,data/phase2/processed/earnings_bridges.csv,earnings_bridge,FY2024,Lender-normalized EBITDA (owner-reviewed base),,AC-008;AC-009;AC-010;AC-011,,,,owner_reviewed_lender_judgment,not_applicable,Owner-reviewed lender-normalization base; contractual EBITDA and cash-flow treatment remain separate.
S2B-0059,data/phase2/processed/earnings_bridges.csv,earnings_bridge,FY2024,Unadjusted EBITDA,,S2S-0056,,,,calculated,not_applicable,Starting measure for the labeled lender-normalization case.
S2B-0060,data/phase2/processed/earnings_bridges.csv,earnings_bridge,FY2024,Plant closure cost recorded in cost of sales,SRC-002,AC-008,Quanex Q4 and FY2025 results release,https://www.sec.gov/Archives/edgar/data/1423221/000117184325007891/exh_991.htm,2025-12-11,sensitivity,owner_reviewed,"Owner-reviewed base acceptance is zero because closure specificity alone does not prove cash character, completion, or nonrecurrence; the full amount remains only in the company/high sensitivity."
S2B-0061,data/phase2/processed/earnings_bridges.csv,earnings_bridge,FY2024,Plant closure gain recorded in SG&A,SRC-002,AC-009,Quanex Q4 and FY2025 results release,https://www.sec.gov/Archives/edgar/data/1423221/000117184325007891/exh_991.htm,2025-12-11,sensitivity,owner_reviewed,"Deduct the gain in full, consistent with both the company bridge and lender conservatism; excluding losses while retaining gains would be asymmetric."
S2B-0062,data/phase2/processed/earnings_bridges.csv,earnings_bridge,FY2024,Inventory and receivables purchase-accounting step-up,SRC-002,AC-010,Quanex Q4 and FY2025 results release,https://www.sec.gov/Archives/edgar/data/1423221/000117184325007891/exh_991.htm,2025-12-11,sensitivity,owner_reviewed,"Owner-reviewed full acceptance reflects a finite acquisition-accounting effect; collectability, cash-realization, integration, and pro forma limitations remain separate from the earnings normalization."
S2B-0063,data/phase2/processed/earnings_bridges.csv,earnings_bridge,FY2024,Tyman transaction and advisory fees,SRC-002,AC-011,Quanex Q4 and FY2025 results release,https://www.sec.gov/Archives/edgar/data/1423221/000117184325007891/exh_991.htm,2025-12-11,sensitivity,owner_reviewed,"Owner-reviewed lender earnings normalization accepts the completed-transaction cost, but contractual eligibility remains unresolved and historical cash conversion continues to reflect the cash use."
S2B-0064,data/phase2/processed/earnings_bridges.csv,earnings_bridge,FY2024,Company/high adjusted EBITDA case,,AC-008;AC-009;AC-010;AC-011,,,,sensitivity,not_applicable,Company/high sensitivity preserves company treatment and is not accepted lender-base EBITDA.
S2B-0065,data/phase2/processed/earnings_bridges.csv,earnings_bridge,FY2025,GAAP operating income,SRC-001,NF-0007,Quanex FY2025 Form 10-K,https://www.sec.gov/Archives/edgar/data/1423221/000142322125000100/nx-20251031.htm,2025-12-12,reported,not_applicable,
S2B-0066,data/phase2/processed/earnings_bridges.csv,earnings_bridge,FY2025,Add: depreciation and amortization,SRC-001,NF-0005,Quanex FY2025 Form 10-K,https://www.sec.gov/Archives/edgar/data/1423221/000142322125000100/nx-20251031.htm,2025-12-12,calculated,not_applicable,No credit adjustment; standard EBITDA construction.
S2B-0067,data/phase2/processed/earnings_bridges.csv,earnings_bridge,FY2025,Unadjusted EBITDA,,S2S-0070,,,,calculated,not_applicable,
S2B-0068,data/phase2/processed/earnings_bridges.csv,earnings_bridge,FY2025,Goodwill impairment,SRC-002,AC-001,Quanex Q4 and FY2025 results release,https://www.sec.gov/Archives/edgar/data/1423221/000117184325007891/exh_991.htm,2025-12-11,company_adjustment,owner_reviewed,Full mathematical reversal is appropriate because the charge is noncash; retain the impairment as a major asset-quality and forecasting warning.
S2B-0069,data/phase2/processed/earnings_bridges.csv,earnings_bridge,FY2025,Plant relocation cost recorded in cost of sales,SRC-002,AC-002,Quanex Q4 and FY2025 results release,https://www.sec.gov/Archives/edgar/data/1423221/000117184325007891/exh_991.htm,2025-12-11,company_adjustment,owner_reviewed,"Owner-reviewed base acceptance is zero because the disclosure does not establish cash character, completion, or nonrecurrence; the full amount remains only in the company/high sensitivity."
S2B-0070,data/phase2/processed/earnings_bridges.csv,earnings_bridge,FY2025,Plant relocation cost recorded in SG&A,SRC-002,AC-003,Quanex Q4 and FY2025 results release,https://www.sec.gov/Archives/edgar/data/1423221/000117184325007891/exh_991.htm,2025-12-11,company_adjustment,owner_reviewed,"Owner-reviewed base acceptance is zero because the disclosure does not establish cash character, completion, or nonrecurrence; the full amount remains only in the company/high sensitivity."
S2B-0071,data/phase2/processed/earnings_bridges.csv,earnings_bridge,FY2025,Inventory purchase-accounting step-up,SRC-002,AC-004,Quanex Q4 and FY2025 results release,https://www.sec.gov/Archives/edgar/data/1423221/000117184325007891/exh_991.htm,2025-12-11,company_adjustment,owner_reviewed,The fair-value step-up is a finite acquisition-accounting charge rather than recurring operating cost; full acceptance does not erase acquisition risk.
S2B-0072,data/phase2/processed/earnings_bridges.csv,earnings_bridge,FY2025,"Transaction, advisory, reorganization, and product-recall composite",SRC-002,AC-005,Quanex Q4 and FY2025 results release,https://www.sec.gov/Archives/edgar/data/1423221/000117184325007891/exh_991.htm,2025-12-11,company_adjustment,owner_reviewed,"Base acceptance is zero because transaction, reorganization, and recall costs are inseparable; the full company amount is retained only as an upper case pending evidence."
S2B-0073,data/phase2/processed/earnings_bridges.csv,earnings_bridge,FY2025,"Restructuring, severance, and software",SRC-002,AC-006,Quanex Q4 and FY2025 results release,https://www.sec.gov/Archives/edgar/data/1423221/000117184325007891/exh_991.htm,2025-12-11,company_adjustment,owner_reviewed,Accept only the $4.561 million noncash restructuring amount reconciled in the cash-flow statement; defer the remaining $5.630 million.
S2B-0074,data/phase2/processed/earnings_bridges.csv,earnings_bridge,FY2025,Company-adjusted EBITDA reconstructed from disclosed bridge,SRC-002,AC-001;AC-002;AC-003;AC-004;AC-005;AC-006,Quanex Q4 and FY2025 results release,https://www.sec.gov/Archives/edgar/data/1423221/000117184325007891/exh_991.htm,2025-12-11,calculated,not_applicable,Exact reconstruction; company publication presents the result rounded to one decimal million.
S2B-0075,data/phase2/processed/earnings_bridges.csv,earnings_bridge,FY2025,Unadjusted EBITDA,SRC-001;SRC-003,S2S-0070,Quanex FY2025 Form 10-K; Amendment No. 1 with conformed Second Amended and Restated Credit Agreement,https://www.sec.gov/Archives/edgar/data/1423221/000142322125000100/nx-20251031.htm; https://www.sec.gov/Archives/edgar/data/1423221/000110465924071335/tm2417183d1_ex10-1.htm,2025-12-12; 2024-06-13,calculated,not_applicable,
S2B-0076,data/phase2/processed/earnings_bridges.csv,earnings_bridge,FY2025,Goodwill impairment,SRC-002;SRC-003,AC-001,Quanex Q4 and FY2025 results release; Amendment No. 1 with conformed Second Amended and Restated Credit Agreement,https://www.sec.gov/Archives/edgar/data/1423221/000117184325007891/exh_991.htm; https://www.sec.gov/Archives/edgar/data/1423221/000110465924071335/tm2417183d1_ex10-1.htm,2025-12-11; 2024-06-13,contractual_reconstruction,owner_reviewed,Full mathematical reversal is appropriate because the charge is noncash; retain the impairment as a major asset-quality and forecasting warning.
S2B-0077,data/phase2/processed/earnings_bridges.csv,earnings_bridge,FY2025,Noncash stock-based compensation,SRC-001;SRC-003,S2R-0086,Quanex FY2025 Form 10-K; Amendment No. 1 with conformed Second Amended and Restated Credit Agreement,https://www.sec.gov/Archives/edgar/data/1423221/000142322125000100/nx-20251031.htm; https://www.sec.gov/Archives/edgar/data/1423221/000110465924071335/tm2417183d1_ex10-1.htm,2025-12-12; 2024-06-13,contractual_reconstruction,not_applicable,"Agreement permits qualifying noncash equity compensation, subject to cash-reversal deductions."
S2B-0078,data/phase2/processed/earnings_bridges.csv,earnings_bridge,FY2025,Noncash loss on disposition of capital assets,SRC-001;SRC-003,S2R-0085,Quanex FY2025 Form 10-K; Amendment No. 1 with conformed Second Amended and Restated Credit Agreement,https://www.sec.gov/Archives/edgar/data/1423221/000142322125000100/nx-20251031.htm; https://www.sec.gov/Archives/edgar/data/1423221/000110465924071335/tm2417183d1_ex10-1.htm,2025-12-12; 2024-06-13,contractual_reconstruction,not_applicable,Agreement permits qualifying noncash losses on sales of fixed assets; related proceeds remain in cash flow.
S2B-0079,data/phase2/processed/earnings_bridges.csv,earnings_bridge,FY2025,"Restructuring, severance, and software",SRC-002;SRC-003,AC-006,Quanex Q4 and FY2025 results release; Amendment No. 1 with conformed Second Amended and Restated Credit Agreement,https://www.sec.gov/Archives/edgar/data/1423221/000117184325007891/exh_991.htm; https://www.sec.gov/Archives/edgar/data/1423221/000110465924071335/tm2417183d1_ex10-1.htm,2025-12-11; 2024-06-13,contractual_reconstruction,owner_reviewed,Accept only the $4.561 million noncash restructuring amount reconciled in the cash-flow statement; defer the remaining $5.630 million.
S2B-0080,data/phase2/processed/earnings_bridges.csv,earnings_bridge,FY2025,Inventory purchase-accounting step-up,SRC-002;SRC-003,AC-004,Quanex Q4 and FY2025 results release; Amendment No. 1 with conformed Second Amended and Restated Credit Agreement,https://www.sec.gov/Archives/edgar/data/1423221/000117184325007891/exh_991.htm; https://www.sec.gov/Archives/edgar/data/1423221/000110465924071335/tm2417183d1_ex10-1.htm,2025-12-11; 2024-06-13,contractual_reconstruction,owner_reviewed,The fair-value step-up is a finite acquisition-accounting charge rather than recurring operating cost; full acceptance does not erase acquisition risk.
S2B-0081,data/phase2/processed/earnings_bridges.csv,earnings_bridge,FY2025,Partial public-information contractual reconstruction,SRC-001;SRC-002;SRC-003,,Quanex FY2025 Form 10-K; Quanex Q4 and FY2025 results release; Amendment No. 1 with conformed Second Amended and Restated Credit Agreement,https://www.sec.gov/Archives/edgar/data/1423221/000142322125000100/nx-20251031.htm; https://www.sec.gov/Archives/edgar/data/1423221/000117184325007891/exh_991.htm; https://www.sec.gov/Archives/edgar/data/1423221/000110465924071335/tm2417183d1_ex10-1.htm,2025-12-12; 2025-12-11; 2024-06-13,contractual_reconstruction,not_applicable,"Not an official covenant calculation: restricted subsidiary income, other-net components, cash reversals, and the compliance certificate are unavailable."
S2B-0082,data/phase2/processed/earnings_bridges.csv,earnings_bridge,FY2025,Unadjusted EBITDA,,S2S-0070,,,,calculated,not_applicable,Starting measure for the labeled lender-normalization case.
S2B-0083,data/phase2/processed/earnings_bridges.csv,earnings_bridge,FY2025,Goodwill impairment,SRC-002,AC-001,Quanex Q4 and FY2025 results release,https://www.sec.gov/Archives/edgar/data/1423221/000117184325007891/exh_991.htm,2025-12-11,sensitivity,owner_reviewed,Full mathematical reversal is appropriate because the charge is noncash; retain the impairment as a major asset-quality and forecasting warning.
S2B-0084,data/phase2/processed/earnings_bridges.csv,earnings_bridge,FY2025,Plant relocation cost recorded in cost of sales,SRC-002,AC-002,Quanex Q4 and FY2025 results release,https://www.sec.gov/Archives/edgar/data/1423221/000117184325007891/exh_991.htm,2025-12-11,sensitivity,owner_reviewed,"Owner-reviewed base acceptance is zero because the disclosure does not establish cash character, completion, or nonrecurrence; the full amount remains only in the company/high sensitivity."
S2B-0085,data/phase2/processed/earnings_bridges.csv,earnings_bridge,FY2025,Plant relocation cost recorded in SG&A,SRC-002,AC-003,Quanex Q4 and FY2025 results release,https://www.sec.gov/Archives/edgar/data/1423221/000117184325007891/exh_991.htm,2025-12-11,sensitivity,owner_reviewed,"Owner-reviewed base acceptance is zero because the disclosure does not establish cash character, completion, or nonrecurrence; the full amount remains only in the company/high sensitivity."
S2B-0086,data/phase2/processed/earnings_bridges.csv,earnings_bridge,FY2025,Inventory purchase-accounting step-up,SRC-002,AC-004,Quanex Q4 and FY2025 results release,https://www.sec.gov/Archives/edgar/data/1423221/000117184325007891/exh_991.htm,2025-12-11,sensitivity,owner_reviewed,The fair-value step-up is a finite acquisition-accounting charge rather than recurring operating cost; full acceptance does not erase acquisition risk.
S2B-0087,data/phase2/processed/earnings_bridges.csv,earnings_bridge,FY2025,"Transaction, advisory, reorganization, and product-recall composite",SRC-002,AC-005,Quanex Q4 and FY2025 results release,https://www.sec.gov/Archives/edgar/data/1423221/000117184325007891/exh_991.htm,2025-12-11,sensitivity,owner_reviewed,"Base acceptance is zero because transaction, reorganization, and recall costs are inseparable; the full company amount is retained only as an upper case pending evidence."
S2B-0088,data/phase2/processed/earnings_bridges.csv,earnings_bridge,FY2025,"Restructuring, severance, and software",SRC-002,AC-006,Quanex Q4 and FY2025 results release,https://www.sec.gov/Archives/edgar/data/1423221/000117184325007891/exh_991.htm,2025-12-11,sensitivity,owner_reviewed,Accept only the $4.561 million noncash restructuring amount reconciled in the cash-flow statement; defer the remaining $5.630 million.
S2B-0089,data/phase2/processed/earnings_bridges.csv,earnings_bridge,FY2025,Tyman post-measurement-period deferred-tax correction,SRC-001,AC-007,Quanex FY2025 Form 10-K,https://www.sec.gov/Archives/edgar/data/1423221/000142322125000100/nx-20251031.htm,2025-12-12,sensitivity,owner_reviewed,The $9 million charge matters to adjusted net income and tax quality but cannot be added again to EBITDA because income taxes are already excluded.
S2B-0090,data/phase2/processed/earnings_bridges.csv,earnings_bridge,FY2025,Lender-normalized EBITDA (low sensitivity),,AC-001;AC-002;AC-003;AC-004;AC-005;AC-006;AC-007,,,,sensitivity,not_applicable,Owner-reviewed lower sensitivity; it is not the selected lender base.
S2B-0091,data/phase2/processed/earnings_bridges.csv,earnings_bridge,FY2025,Unadjusted EBITDA,,S2S-0070,,,,calculated,not_applicable,Starting measure for the labeled lender-normalization case.
S2B-0092,data/phase2/processed/earnings_bridges.csv,earnings_bridge,FY2025,Goodwill impairment,SRC-002,AC-001,Quanex Q4 and FY2025 results release,https://www.sec.gov/Archives/edgar/data/1423221/000117184325007891/exh_991.htm,2025-12-11,owner_reviewed_lender_judgment,owner_reviewed,Full mathematical reversal is appropriate because the charge is noncash; retain the impairment as a major asset-quality and forecasting warning.
S2B-0093,data/phase2/processed/earnings_bridges.csv,earnings_bridge,FY2025,Plant relocation cost recorded in cost of sales,SRC-002,AC-002,Quanex Q4 and FY2025 results release,https://www.sec.gov/Archives/edgar/data/1423221/000117184325007891/exh_991.htm,2025-12-11,owner_reviewed_lender_judgment,owner_reviewed,"Owner-reviewed base acceptance is zero because the disclosure does not establish cash character, completion, or nonrecurrence; the full amount remains only in the company/high sensitivity."
S2B-0094,data/phase2/processed/earnings_bridges.csv,earnings_bridge,FY2025,Plant relocation cost recorded in SG&A,SRC-002,AC-003,Quanex Q4 and FY2025 results release,https://www.sec.gov/Archives/edgar/data/1423221/000117184325007891/exh_991.htm,2025-12-11,owner_reviewed_lender_judgment,owner_reviewed,"Owner-reviewed base acceptance is zero because the disclosure does not establish cash character, completion, or nonrecurrence; the full amount remains only in the company/high sensitivity."
S2B-0095,data/phase2/processed/earnings_bridges.csv,earnings_bridge,FY2025,Inventory purchase-accounting step-up,SRC-002,AC-004,Quanex Q4 and FY2025 results release,https://www.sec.gov/Archives/edgar/data/1423221/000117184325007891/exh_991.htm,2025-12-11,owner_reviewed_lender_judgment,owner_reviewed,The fair-value step-up is a finite acquisition-accounting charge rather than recurring operating cost; full acceptance does not erase acquisition risk.
S2B-0096,data/phase2/processed/earnings_bridges.csv,earnings_bridge,FY2025,"Transaction, advisory, reorganization, and product-recall composite",SRC-002,AC-005,Quanex Q4 and FY2025 results release,https://www.sec.gov/Archives/edgar/data/1423221/000117184325007891/exh_991.htm,2025-12-11,owner_reviewed_lender_judgment,owner_reviewed,"Base acceptance is zero because transaction, reorganization, and recall costs are inseparable; the full company amount is retained only as an upper case pending evidence."
S2B-0097,data/phase2/processed/earnings_bridges.csv,earnings_bridge,FY2025,"Restructuring, severance, and software",SRC-002,AC-006,Quanex Q4 and FY2025 results release,https://www.sec.gov/Archives/edgar/data/1423221/000117184325007891/exh_991.htm,2025-12-11,owner_reviewed_lender_judgment,owner_reviewed,Accept only the $4.561 million noncash restructuring amount reconciled in the cash-flow statement; defer the remaining $5.630 million.
S2B-0098,data/phase2/processed/earnings_bridges.csv,earnings_bridge,FY2025,Tyman post-measurement-period deferred-tax correction,SRC-001,AC-007,Quanex FY2025 Form 10-K,https://www.sec.gov/Archives/edgar/data/1423221/000142322125000100/nx-20251031.htm,2025-12-12,owner_reviewed_lender_judgment,owner_reviewed,The $9 million charge matters to adjusted net income and tax quality but cannot be added again to EBITDA because income taxes are already excluded.
S2B-0099,data/phase2/processed/earnings_bridges.csv,earnings_bridge,FY2025,Lender-normalized EBITDA (owner-reviewed base),,AC-001;AC-002;AC-003;AC-004;AC-005;AC-006;AC-007,,,,owner_reviewed_lender_judgment,not_applicable,Owner-reviewed lender-normalization base; contractual EBITDA and cash-flow treatment remain separate.
S2B-0100,data/phase2/processed/earnings_bridges.csv,earnings_bridge,FY2025,Unadjusted EBITDA,,S2S-0070,,,,calculated,not_applicable,Starting measure for the labeled lender-normalization case.
S2B-0101,data/phase2/processed/earnings_bridges.csv,earnings_bridge,FY2025,Goodwill impairment,SRC-002,AC-001,Quanex Q4 and FY2025 results release,https://www.sec.gov/Archives/edgar/data/1423221/000117184325007891/exh_991.htm,2025-12-11,sensitivity,owner_reviewed,Full mathematical reversal is appropriate because the charge is noncash; retain the impairment as a major asset-quality and forecasting warning.
S2B-0102,data/phase2/processed/earnings_bridges.csv,earnings_bridge,FY2025,Plant relocation cost recorded in cost of sales,SRC-002,AC-002,Quanex Q4 and FY2025 results release,https://www.sec.gov/Archives/edgar/data/1423221/000117184325007891/exh_991.htm,2025-12-11,sensitivity,owner_reviewed,"Owner-reviewed base acceptance is zero because the disclosure does not establish cash character, completion, or nonrecurrence; the full amount remains only in the company/high sensitivity."
S2B-0103,data/phase2/processed/earnings_bridges.csv,earnings_bridge,FY2025,Plant relocation cost recorded in SG&A,SRC-002,AC-003,Quanex Q4 and FY2025 results release,https://www.sec.gov/Archives/edgar/data/1423221/000117184325007891/exh_991.htm,2025-12-11,sensitivity,owner_reviewed,"Owner-reviewed base acceptance is zero because the disclosure does not establish cash character, completion, or nonrecurrence; the full amount remains only in the company/high sensitivity."
S2B-0104,data/phase2/processed/earnings_bridges.csv,earnings_bridge,FY2025,Inventory purchase-accounting step-up,SRC-002,AC-004,Quanex Q4 and FY2025 results release,https://www.sec.gov/Archives/edgar/data/1423221/000117184325007891/exh_991.htm,2025-12-11,sensitivity,owner_reviewed,The fair-value step-up is a finite acquisition-accounting charge rather than recurring operating cost; full acceptance does not erase acquisition risk.
S2B-0105,data/phase2/processed/earnings_bridges.csv,earnings_bridge,FY2025,"Transaction, advisory, reorganization, and product-recall composite",SRC-002,AC-005,Quanex Q4 and FY2025 results release,https://www.sec.gov/Archives/edgar/data/1423221/000117184325007891/exh_991.htm,2025-12-11,sensitivity,owner_reviewed,"Base acceptance is zero because transaction, reorganization, and recall costs are inseparable; the full company amount is retained only as an upper case pending evidence."
S2B-0106,data/phase2/processed/earnings_bridges.csv,earnings_bridge,FY2025,"Restructuring, severance, and software",SRC-002,AC-006,Quanex Q4 and FY2025 results release,https://www.sec.gov/Archives/edgar/data/1423221/000117184325007891/exh_991.htm,2025-12-11,sensitivity,owner_reviewed,Accept only the $4.561 million noncash restructuring amount reconciled in the cash-flow statement; defer the remaining $5.630 million.
S2B-0107,data/phase2/processed/earnings_bridges.csv,earnings_bridge,FY2025,Tyman post-measurement-period deferred-tax correction,SRC-001,AC-007,Quanex FY2025 Form 10-K,https://www.sec.gov/Archives/edgar/data/1423221/000142322125000100/nx-20251031.htm,2025-12-12,sensitivity,owner_reviewed,The $9 million charge matters to adjusted net income and tax quality but cannot be added again to EBITDA because income taxes are already excluded.
S2B-0108,data/phase2/processed/earnings_bridges.csv,earnings_bridge,FY2025,Company/high adjusted EBITDA case,,AC-001;AC-002;AC-003;AC-004;AC-005;AC-006;AC-007,,,,sensitivity,not_applicable,Company/high sensitivity preserves company treatment and is not accepted lender-base EBITDA.
AC-001,data/phase2/processed/adjustment_decisions.csv,analyst_judgment,FY2025,Goodwill impairment,SRC-002,,Quanex Q4 and FY2025 results release,https://www.sec.gov/Archives/edgar/data/1423221/000117184325007891/exh_991.htm,2025-12-11,analyst_judgment,owner_reviewed,Full mathematical reversal is appropriate because the charge is noncash; retain the impairment as a major asset-quality and forecasting warning.
AC-002,data/phase2/processed/adjustment_decisions.csv,analyst_judgment,FY2025,Plant relocation cost recorded in cost of sales,SRC-002,,Quanex Q4 and FY2025 results release,https://www.sec.gov/Archives/edgar/data/1423221/000117184325007891/exh_991.htm,2025-12-11,analyst_judgment,owner_reviewed,"Owner-reviewed base acceptance is zero because the disclosure does not establish cash character, completion, or nonrecurrence; the full amount remains only in the company/high sensitivity."
AC-003,data/phase2/processed/adjustment_decisions.csv,analyst_judgment,FY2025,Plant relocation cost recorded in SG&A,SRC-002,,Quanex Q4 and FY2025 results release,https://www.sec.gov/Archives/edgar/data/1423221/000117184325007891/exh_991.htm,2025-12-11,analyst_judgment,owner_reviewed,"Owner-reviewed base acceptance is zero because the disclosure does not establish cash character, completion, or nonrecurrence; the full amount remains only in the company/high sensitivity."
AC-004,data/phase2/processed/adjustment_decisions.csv,analyst_judgment,FY2025,Inventory purchase-accounting step-up,SRC-002,,Quanex Q4 and FY2025 results release,https://www.sec.gov/Archives/edgar/data/1423221/000117184325007891/exh_991.htm,2025-12-11,analyst_judgment,owner_reviewed,The fair-value step-up is a finite acquisition-accounting charge rather than recurring operating cost; full acceptance does not erase acquisition risk.
AC-005,data/phase2/processed/adjustment_decisions.csv,analyst_judgment,FY2025,"Transaction, advisory, reorganization, and product-recall composite",SRC-002,,Quanex Q4 and FY2025 results release,https://www.sec.gov/Archives/edgar/data/1423221/000117184325007891/exh_991.htm,2025-12-11,analyst_judgment,owner_reviewed,"Base acceptance is zero because transaction, reorganization, and recall costs are inseparable; the full company amount is retained only as an upper case pending evidence."
AC-006,data/phase2/processed/adjustment_decisions.csv,analyst_judgment,FY2025,"Restructuring, severance, and software",SRC-002,,Quanex Q4 and FY2025 results release,https://www.sec.gov/Archives/edgar/data/1423221/000117184325007891/exh_991.htm,2025-12-11,analyst_judgment,owner_reviewed,Accept only the $4.561 million noncash restructuring amount reconciled in the cash-flow statement; defer the remaining $5.630 million.
AC-007,data/phase2/processed/adjustment_decisions.csv,analyst_judgment,FY2025,Tyman post-measurement-period deferred-tax correction,SRC-001,,Quanex FY2025 Form 10-K,https://www.sec.gov/Archives/edgar/data/1423221/000142322125000100/nx-20251031.htm,2025-12-12,analyst_judgment,owner_reviewed,The $9 million charge matters to adjusted net income and tax quality but cannot be added again to EBITDA because income taxes are already excluded.
AC-008,data/phase2/processed/adjustment_decisions.csv,analyst_judgment,FY2024,Plant closure cost recorded in cost of sales,SRC-002,,Quanex Q4 and FY2025 results release,https://www.sec.gov/Archives/edgar/data/1423221/000117184325007891/exh_991.htm,2025-12-11,analyst_judgment,owner_reviewed,"Owner-reviewed base acceptance is zero because closure specificity alone does not prove cash character, completion, or nonrecurrence; the full amount remains only in the company/high sensitivity."
AC-009,data/phase2/processed/adjustment_decisions.csv,analyst_judgment,FY2024,Plant closure gain recorded in SG&A,SRC-002,,Quanex Q4 and FY2025 results release,https://www.sec.gov/Archives/edgar/data/1423221/000117184325007891/exh_991.htm,2025-12-11,analyst_judgment,owner_reviewed,"Deduct the gain in full, consistent with both the company bridge and lender conservatism; excluding losses while retaining gains would be asymmetric."
AC-010,data/phase2/processed/adjustment_decisions.csv,analyst_judgment,FY2024,Inventory and receivables purchase-accounting step-up,SRC-002,,Quanex Q4 and FY2025 results release,https://www.sec.gov/Archives/edgar/data/1423221/000117184325007891/exh_991.htm,2025-12-11,analyst_judgment,owner_reviewed,"Owner-reviewed full acceptance reflects a finite acquisition-accounting effect; collectability, cash-realization, integration, and pro forma limitations remain separate from the earnings normalization."
AC-011,data/phase2/processed/adjustment_decisions.csv,analyst_judgment,FY2024,Tyman transaction and advisory fees,SRC-002,,Quanex Q4 and FY2025 results release,https://www.sec.gov/Archives/edgar/data/1423221/000117184325007891/exh_991.htm,2025-12-11,analyst_judgment,owner_reviewed,"Owner-reviewed lender earnings normalization accepts the completed-transaction cost, but contractual eligibility remains unresolved and historical cash conversion continues to reflect the cash use."
S2M-0001,data/phase2/processed/historical_credit_metrics.csv,credit_metric,FY2021,revenue_growth,,,,,,credit_metric,not_applicable,FY2020 is outside the approved five-year spread.
S2M-0002,data/phase2/processed/historical_credit_metrics.csv,credit_metric,FY2021,gross_margin,,,,,,credit_metric,not_applicable,
S2M-0003,data/phase2/processed/historical_credit_metrics.csv,credit_metric,FY2021,operating_margin,,,,,,credit_metric,not_applicable,
S2M-0004,data/phase2/processed/historical_credit_metrics.csv,credit_metric,FY2021,unadjusted_ebitda_margin,,,,,,credit_metric,not_applicable,
S2M-0005,data/phase2/processed/historical_credit_metrics.csv,credit_metric,FY2021,company_adjusted_ebitda_margin,,,,,,credit_metric,not_applicable,
S2M-0006,data/phase2/processed/historical_credit_metrics.csv,credit_metric,FY2021,provisional_lender_normalized_ebitda_margin,,,,,,credit_metric,not_applicable,Uses owner-reviewed lender-base judgments; not contractual EBITDA or a covenant calculation.
S2M-0007,data/phase2/processed/historical_credit_metrics.csv,credit_metric,FY2021,cash_flow_from_operations,SRC-014,,Quanex FY2022 Form 10-K,https://www.sec.gov/Archives/edgar/data/1423221/000142322122000014/nx-20221031.htm,2022-12-16,credit_metric,not_applicable,
S2M-0008,data/phase2/processed/historical_credit_metrics.csv,credit_metric,FY2021,free_cash_flow,,,,,,credit_metric,not_applicable,Cash interest is already included in CFO and is not subtracted again.
S2M-0009,data/phase2/processed/historical_credit_metrics.csv,credit_metric,FY2021,cfo_to_unadjusted_ebitda,,,,,,credit_metric,not_applicable,
S2M-0010,data/phase2/processed/historical_credit_metrics.csv,credit_metric,FY2021,fcf_to_unadjusted_ebitda,,,,,,credit_metric,not_applicable,
S2M-0011,data/phase2/processed/historical_credit_metrics.csv,credit_metric,FY2021,cfo_to_company_adjusted_ebitda,,,,,,credit_metric,not_applicable,
S2M-0012,data/phase2/processed/historical_credit_metrics.csv,credit_metric,FY2021,fcf_to_company_adjusted_ebitda,,,,,,credit_metric,not_applicable,
S2M-0013,data/phase2/processed/historical_credit_metrics.csv,credit_metric,FY2021,cfo_to_provisional_lender_normalized_ebitda,,,,,,credit_metric,not_applicable,
S2M-0014,data/phase2/processed/historical_credit_metrics.csv,credit_metric,FY2021,fcf_to_provisional_lender_normalized_ebitda,,,,,,credit_metric,not_applicable,
S2M-0015,data/phase2/processed/historical_credit_metrics.csv,credit_metric,FY2021,cfo_to_gross_funded_debt,,,,,,credit_metric,not_applicable,
S2M-0016,data/phase2/processed/historical_credit_metrics.csv,credit_metric,FY2021,fcf_to_gross_funded_debt,,,,,,credit_metric,not_applicable,
S2M-0017,data/phase2/processed/historical_credit_metrics.csv,credit_metric,FY2021,gross_funded_debt_to_unadjusted_ebitda,,,,,,credit_metric,not_applicable,
S2M-0018,data/phase2/processed/historical_credit_metrics.csv,credit_metric,FY2021,gross_funded_debt_to_company_adjusted_ebitda,,,,,,credit_metric,not_applicable,
S2M-0019,data/phase2/processed/historical_credit_metrics.csv,credit_metric,FY2021,gross_funded_debt_to_provisional_lender_normalized_ebitda,,,,,,credit_metric,not_applicable,
S2M-0020,data/phase2/processed/historical_credit_metrics.csv,credit_metric,FY2021,net_debt_book_cash_comparable,,,,,,credit_metric,not_applicable,Not contractual net debt; book cash may be inaccessible or ineligible.
S2M-0021,data/phase2/processed/historical_credit_metrics.csv,credit_metric,FY2021,net_debt_book_cash_to_provisional_lender_ebitda,,,,,,credit_metric,not_applicable,Not the credit-agreement numerator; eligible cash is not public.
S2M-0022,data/phase2/processed/historical_credit_metrics.csv,credit_metric,FY2021,provisional_lender_ebitda_to_interest_expense_proxy,,,,,,credit_metric,not_applicable,Proxy only; contractual paid-or-payable and closing-LTM cash interest are unavailable. The separately disclosed historical cash-paid amount is presented in its own diagnostic.
S2M-0023,data/phase2/processed/historical_credit_metrics.csv,credit_metric,FY2021,ebitda_to_cash_interest,,,,,,credit_metric,not_applicable,Contractual paid-or-payable and closing-LTM cash interest remain unavailable; the separately disclosed historical cash-paid amount is not substituted for this measure.
S2M-0024,data/phase2/processed/historical_credit_metrics.csv,credit_metric,FY2021,current_ratio,,,,,,credit_metric,not_applicable,
S2M-0025,data/phase2/processed/historical_credit_metrics.csv,credit_metric,FY2021,quick_ratio,,,,,,credit_metric,not_applicable,"Restricted cash, inventory, tax receivables, and prepaids are excluded."
S2M-0026,data/phase2/processed/historical_credit_metrics.csv,credit_metric,FY2021,days_sales_outstanding,,,,,,credit_metric,not_applicable,FY2020 opening balance is outside the approved foundation.
S2M-0027,data/phase2/processed/historical_credit_metrics.csv,credit_metric,FY2021,days_inventory_outstanding,,,,,,credit_metric,not_applicable,FY2020 opening balance is outside the approved foundation.
S2M-0028,data/phase2/processed/historical_credit_metrics.csv,credit_metric,FY2021,days_payables_outstanding,,,,,,credit_metric,not_applicable,Purchases are not in the approved evidence; revenue or cost of sales is not substituted.
S2M-0029,data/phase2/processed/historical_credit_metrics.csv,credit_metric,FY2022,revenue_growth,,,,,,credit_metric,not_applicable,FY2023 includes LMI; FY2024-FY2025 growth is acquisition-distorted and is not organic growth.
S2M-0030,data/phase2/processed/historical_credit_metrics.csv,credit_metric,FY2022,gross_margin,,,,,,credit_metric,not_applicable,
S2M-0031,data/phase2/processed/historical_credit_metrics.csv,credit_metric,FY2022,operating_margin,,,,,,credit_metric,not_applicable,
S2M-0032,data/phase2/processed/historical_credit_metrics.csv,credit_metric,FY2022,unadjusted_ebitda_margin,,,,,,credit_metric,not_applicable,
S2M-0033,data/phase2/processed/historical_credit_metrics.csv,credit_metric,FY2022,company_adjusted_ebitda_margin,,,,,,credit_metric,not_applicable,
S2M-0034,data/phase2/processed/historical_credit_metrics.csv,credit_metric,FY2022,provisional_lender_normalized_ebitda_margin,,,,,,credit_metric,not_applicable,Uses owner-reviewed lender-base judgments; not contractual EBITDA or a covenant calculation.
S2M-0035,data/phase2/processed/historical_credit_metrics.csv,credit_metric,FY2022,cash_flow_from_operations,SRC-014,,Quanex FY2022 Form 10-K,https://www.sec.gov/Archives/edgar/data/1423221/000142322122000014/nx-20221031.htm,2022-12-16,credit_metric,not_applicable,
S2M-0036,data/phase2/processed/historical_credit_metrics.csv,credit_metric,FY2022,free_cash_flow,,,,,,credit_metric,not_applicable,Cash interest is already included in CFO and is not subtracted again.
S2M-0037,data/phase2/processed/historical_credit_metrics.csv,credit_metric,FY2022,cfo_to_unadjusted_ebitda,,,,,,credit_metric,not_applicable,
S2M-0038,data/phase2/processed/historical_credit_metrics.csv,credit_metric,FY2022,fcf_to_unadjusted_ebitda,,,,,,credit_metric,not_applicable,
S2M-0039,data/phase2/processed/historical_credit_metrics.csv,credit_metric,FY2022,cfo_to_company_adjusted_ebitda,,,,,,credit_metric,not_applicable,
S2M-0040,data/phase2/processed/historical_credit_metrics.csv,credit_metric,FY2022,fcf_to_company_adjusted_ebitda,,,,,,credit_metric,not_applicable,
S2M-0041,data/phase2/processed/historical_credit_metrics.csv,credit_metric,FY2022,cfo_to_provisional_lender_normalized_ebitda,,,,,,credit_metric,not_applicable,
S2M-0042,data/phase2/processed/historical_credit_metrics.csv,credit_metric,FY2022,fcf_to_provisional_lender_normalized_ebitda,,,,,,credit_metric,not_applicable,
S2M-0043,data/phase2/processed/historical_credit_metrics.csv,credit_metric,FY2022,cfo_to_gross_funded_debt,,,,,,credit_metric,not_applicable,
S2M-0044,data/phase2/processed/historical_credit_metrics.csv,credit_metric,FY2022,fcf_to_gross_funded_debt,,,,,,credit_metric,not_applicable,
S2M-0045,data/phase2/processed/historical_credit_metrics.csv,credit_metric,FY2022,gross_funded_debt_to_unadjusted_ebitda,,,,,,credit_metric,not_applicable,
S2M-0046,data/phase2/processed/historical_credit_metrics.csv,credit_metric,FY2022,gross_funded_debt_to_company_adjusted_ebitda,,,,,,credit_metric,not_applicable,
S2M-0047,data/phase2/processed/historical_credit_metrics.csv,credit_metric,FY2022,gross_funded_debt_to_provisional_lender_normalized_ebitda,,,,,,credit_metric,not_applicable,
S2M-0048,data/phase2/processed/historical_credit_metrics.csv,credit_metric,FY2022,net_debt_book_cash_comparable,,,,,,credit_metric,not_applicable,Not contractual net debt; book cash may be inaccessible or ineligible.
S2M-0049,data/phase2/processed/historical_credit_metrics.csv,credit_metric,FY2022,net_debt_book_cash_to_provisional_lender_ebitda,,,,,,credit_metric,not_applicable,Not the credit-agreement numerator; eligible cash is not public.
S2M-0050,data/phase2/processed/historical_credit_metrics.csv,credit_metric,FY2022,provisional_lender_ebitda_to_interest_expense_proxy,,,,,,credit_metric,not_applicable,Proxy only; contractual paid-or-payable and closing-LTM cash interest are unavailable. The separately disclosed historical cash-paid amount is presented in its own diagnostic.
S2M-0051,data/phase2/processed/historical_credit_metrics.csv,credit_metric,FY2022,ebitda_to_cash_interest,,,,,,credit_metric,not_applicable,Contractual paid-or-payable and closing-LTM cash interest remain unavailable; the separately disclosed historical cash-paid amount is not substituted for this measure.
S2M-0052,data/phase2/processed/historical_credit_metrics.csv,credit_metric,FY2022,current_ratio,,,,,,credit_metric,not_applicable,
S2M-0053,data/phase2/processed/historical_credit_metrics.csv,credit_metric,FY2022,quick_ratio,,,,,,credit_metric,not_applicable,"Restricted cash, inventory, tax receivables, and prepaids are excluded."
S2M-0054,data/phase2/processed/historical_credit_metrics.csv,credit_metric,FY2022,days_sales_outstanding,,,,,,credit_metric,not_applicable,FY2024-FY2025 averages are acquisition-distorted.
S2M-0055,data/phase2/processed/historical_credit_metrics.csv,credit_metric,FY2022,days_inventory_outstanding,,,,,,credit_metric,not_applicable,"Cost of sales, not revenue, is used; FY2024-FY2025 averages are acquisition-distorted."
S2M-0056,data/phase2/processed/historical_credit_metrics.csv,credit_metric,FY2022,days_payables_outstanding,,,,,,credit_metric,not_applicable,Purchases are not in the approved evidence; revenue or cost of sales is not substituted.
S2M-0057,data/phase2/processed/historical_credit_metrics.csv,credit_metric,FY2023,revenue_growth,,,,,,credit_metric,not_applicable,FY2023 includes LMI; FY2024-FY2025 growth is acquisition-distorted and is not organic growth.
S2M-0058,data/phase2/processed/historical_credit_metrics.csv,credit_metric,FY2023,gross_margin,,,,,,credit_metric,not_applicable,
S2M-0059,data/phase2/processed/historical_credit_metrics.csv,credit_metric,FY2023,operating_margin,,,,,,credit_metric,not_applicable,
S2M-0060,data/phase2/processed/historical_credit_metrics.csv,credit_metric,FY2023,unadjusted_ebitda_margin,,,,,,credit_metric,not_applicable,
S2M-0061,data/phase2/processed/historical_credit_metrics.csv,credit_metric,FY2023,company_adjusted_ebitda_margin,,,,,,credit_metric,not_applicable,
S2M-0062,data/phase2/processed/historical_credit_metrics.csv,credit_metric,FY2023,provisional_lender_normalized_ebitda_margin,,,,,,credit_metric,not_applicable,Uses owner-reviewed lender-base judgments; not contractual EBITDA or a covenant calculation.
S2M-0063,data/phase2/processed/historical_credit_metrics.csv,credit_metric,FY2023,cash_flow_from_operations,SRC-001,,Quanex FY2025 Form 10-K,https://www.sec.gov/Archives/edgar/data/1423221/000142322125000100/nx-20251031.htm,2025-12-12,credit_metric,not_applicable,
S2M-0064,data/phase2/processed/historical_credit_metrics.csv,credit_metric,FY2023,free_cash_flow,,,,,,credit_metric,not_applicable,Cash interest is already included in CFO and is not subtracted again.
S2M-0065,data/phase2/processed/historical_credit_metrics.csv,credit_metric,FY2023,cfo_to_unadjusted_ebitda,,,,,,credit_metric,not_applicable,
S2M-0066,data/phase2/processed/historical_credit_metrics.csv,credit_metric,FY2023,fcf_to_unadjusted_ebitda,,,,,,credit_metric,not_applicable,
S2M-0067,data/phase2/processed/historical_credit_metrics.csv,credit_metric,FY2023,cfo_to_company_adjusted_ebitda,,,,,,credit_metric,not_applicable,
S2M-0068,data/phase2/processed/historical_credit_metrics.csv,credit_metric,FY2023,fcf_to_company_adjusted_ebitda,,,,,,credit_metric,not_applicable,
S2M-0069,data/phase2/processed/historical_credit_metrics.csv,credit_metric,FY2023,cfo_to_provisional_lender_normalized_ebitda,,,,,,credit_metric,not_applicable,
S2M-0070,data/phase2/processed/historical_credit_metrics.csv,credit_metric,FY2023,fcf_to_provisional_lender_normalized_ebitda,,,,,,credit_metric,not_applicable,
S2M-0071,data/phase2/processed/historical_credit_metrics.csv,credit_metric,FY2023,cfo_to_gross_funded_debt,,,,,,credit_metric,not_applicable,
S2M-0072,data/phase2/processed/historical_credit_metrics.csv,credit_metric,FY2023,fcf_to_gross_funded_debt,,,,,,credit_metric,not_applicable,
S2M-0073,data/phase2/processed/historical_credit_metrics.csv,credit_metric,FY2023,gross_funded_debt_to_unadjusted_ebitda,,,,,,credit_metric,not_applicable,
S2M-0074,data/phase2/processed/historical_credit_metrics.csv,credit_metric,FY2023,gross_funded_debt_to_company_adjusted_ebitda,,,,,,credit_metric,not_applicable,
S2M-0075,data/phase2/processed/historical_credit_metrics.csv,credit_metric,FY2023,gross_funded_debt_to_provisional_lender_normalized_ebitda,,,,,,credit_metric,not_applicable,
S2M-0076,data/phase2/processed/historical_credit_metrics.csv,credit_metric,FY2023,net_debt_book_cash_comparable,,,,,,credit_metric,not_applicable,Not contractual net debt; book cash may be inaccessible or ineligible.
S2M-0077,data/phase2/processed/historical_credit_metrics.csv,credit_metric,FY2023,net_debt_book_cash_to_provisional_lender_ebitda,,,,,,credit_metric,not_applicable,Not the credit-agreement numerator; eligible cash is not public.
S2M-0078,data/phase2/processed/historical_credit_metrics.csv,credit_metric,FY2023,provisional_lender_ebitda_to_interest_expense_proxy,,,,,,credit_metric,not_applicable,Proxy only; contractual paid-or-payable and closing-LTM cash interest are unavailable. The separately disclosed historical cash-paid amount is presented in its own diagnostic.
S2M-0079,data/phase2/processed/historical_credit_metrics.csv,credit_metric,FY2023,ebitda_to_cash_interest,,,,,,credit_metric,not_applicable,Contractual paid-or-payable and closing-LTM cash interest remain unavailable; the separately disclosed historical cash-paid amount is not substituted for this measure.
S2M-0080,data/phase2/processed/historical_credit_metrics.csv,credit_metric,FY2023,current_ratio,,,,,,credit_metric,not_applicable,
S2M-0081,data/phase2/processed/historical_credit_metrics.csv,credit_metric,FY2023,quick_ratio,,,,,,credit_metric,not_applicable,"Restricted cash, inventory, tax receivables, and prepaids are excluded."
S2M-0082,data/phase2/processed/historical_credit_metrics.csv,credit_metric,FY2023,days_sales_outstanding,,,,,,credit_metric,not_applicable,FY2024-FY2025 averages are acquisition-distorted.
S2M-0083,data/phase2/processed/historical_credit_metrics.csv,credit_metric,FY2023,days_inventory_outstanding,,,,,,credit_metric,not_applicable,"Cost of sales, not revenue, is used; FY2024-FY2025 averages are acquisition-distorted."
S2M-0084,data/phase2/processed/historical_credit_metrics.csv,credit_metric,FY2023,days_payables_outstanding,,,,,,credit_metric,not_applicable,Purchases are not in the approved evidence; revenue or cost of sales is not substituted.
S2M-0085,data/phase2/processed/historical_credit_metrics.csv,credit_metric,FY2024,revenue_growth,,,,,,credit_metric,not_applicable,FY2023 includes LMI; FY2024-FY2025 growth is acquisition-distorted and is not organic growth.
S2M-0086,data/phase2/processed/historical_credit_metrics.csv,credit_metric,FY2024,gross_margin,,,,,,credit_metric,not_applicable,
S2M-0087,data/phase2/processed/historical_credit_metrics.csv,credit_metric,FY2024,operating_margin,,,,,,credit_metric,not_applicable,
S2M-0088,data/phase2/processed/historical_credit_metrics.csv,credit_metric,FY2024,unadjusted_ebitda_margin,,,,,,credit_metric,not_applicable,
S2M-0089,data/phase2/processed/historical_credit_metrics.csv,credit_metric,FY2024,company_adjusted_ebitda_margin,,,,,,credit_metric,not_applicable,
S2M-0090,data/phase2/processed/historical_credit_metrics.csv,credit_metric,FY2024,provisional_lender_normalized_ebitda_margin,,,,,,credit_metric,not_applicable,Uses owner-reviewed lender-base judgments; not contractual EBITDA or a covenant calculation.
S2M-0091,data/phase2/processed/historical_credit_metrics.csv,credit_metric,FY2024,cash_flow_from_operations,SRC-001,,Quanex FY2025 Form 10-K,https://www.sec.gov/Archives/edgar/data/1423221/000142322125000100/nx-20251031.htm,2025-12-12,credit_metric,not_applicable,
S2M-0092,data/phase2/processed/historical_credit_metrics.csv,credit_metric,FY2024,free_cash_flow,,,,,,credit_metric,not_applicable,Cash interest is already included in CFO and is not subtracted again.
S2M-0093,data/phase2/processed/historical_credit_metrics.csv,credit_metric,FY2024,cfo_to_unadjusted_ebitda,,,,,,credit_metric,not_applicable,
S2M-0094,data/phase2/processed/historical_credit_metrics.csv,credit_metric,FY2024,fcf_to_unadjusted_ebitda,,,,,,credit_metric,not_applicable,
S2M-0095,data/phase2/processed/historical_credit_metrics.csv,credit_metric,FY2024,cfo_to_company_adjusted_ebitda,,,,,,credit_metric,not_applicable,
S2M-0096,data/phase2/processed/historical_credit_metrics.csv,credit_metric,FY2024,fcf_to_company_adjusted_ebitda,,,,,,credit_metric,not_applicable,
S2M-0097,data/phase2/processed/historical_credit_metrics.csv,credit_metric,FY2024,cfo_to_provisional_lender_normalized_ebitda,,,,,,credit_metric,not_applicable,
S2M-0098,data/phase2/processed/historical_credit_metrics.csv,credit_metric,FY2024,fcf_to_provisional_lender_normalized_ebitda,,,,,,credit_metric,not_applicable,
S2M-0099,data/phase2/processed/historical_credit_metrics.csv,credit_metric,FY2024,cfo_to_gross_funded_debt,,,,,,credit_metric,not_applicable,
S2M-0100,data/phase2/processed/historical_credit_metrics.csv,credit_metric,FY2024,fcf_to_gross_funded_debt,,,,,,credit_metric,not_applicable,
S2M-0101,data/phase2/processed/historical_credit_metrics.csv,credit_metric,FY2024,gross_funded_debt_to_unadjusted_ebitda,,,,,,credit_metric,not_applicable,
S2M-0102,data/phase2/processed/historical_credit_metrics.csv,credit_metric,FY2024,gross_funded_debt_to_company_adjusted_ebitda,,,,,,credit_metric,not_applicable,
S2M-0103,data/phase2/processed/historical_credit_metrics.csv,credit_metric,FY2024,gross_funded_debt_to_provisional_lender_normalized_ebitda,,,,,,credit_metric,not_applicable,
S2M-0104,data/phase2/processed/historical_credit_metrics.csv,credit_metric,FY2024,net_debt_book_cash_comparable,,,,,,credit_metric,not_applicable,Not contractual net debt; book cash may be inaccessible or ineligible.
S2M-0105,data/phase2/processed/historical_credit_metrics.csv,credit_metric,FY2024,net_debt_book_cash_to_provisional_lender_ebitda,,,,,,credit_metric,not_applicable,Not the credit-agreement numerator; eligible cash is not public.
S2M-0106,data/phase2/processed/historical_credit_metrics.csv,credit_metric,FY2024,provisional_lender_ebitda_to_interest_expense_proxy,,,,,,credit_metric,not_applicable,Proxy only; contractual paid-or-payable and closing-LTM cash interest are unavailable. The separately disclosed historical cash-paid amount is presented in its own diagnostic.
S2M-0107,data/phase2/processed/historical_credit_metrics.csv,credit_metric,FY2024,ebitda_to_cash_interest,,,,,,credit_metric,not_applicable,Contractual paid-or-payable and closing-LTM cash interest remain unavailable; the separately disclosed historical cash-paid amount is not substituted for this measure.
S2M-0108,data/phase2/processed/historical_credit_metrics.csv,credit_metric,FY2024,current_ratio,,,,,,credit_metric,not_applicable,
S2M-0109,data/phase2/processed/historical_credit_metrics.csv,credit_metric,FY2024,quick_ratio,,,,,,credit_metric,not_applicable,"Restricted cash, inventory, tax receivables, and prepaids are excluded."
S2M-0110,data/phase2/processed/historical_credit_metrics.csv,credit_metric,FY2024,days_sales_outstanding,,,,,,credit_metric,not_applicable,FY2024-FY2025 averages are acquisition-distorted.
S2M-0111,data/phase2/processed/historical_credit_metrics.csv,credit_metric,FY2024,days_inventory_outstanding,,,,,,credit_metric,not_applicable,"Cost of sales, not revenue, is used; FY2024-FY2025 averages are acquisition-distorted."
S2M-0112,data/phase2/processed/historical_credit_metrics.csv,credit_metric,FY2024,days_payables_outstanding,,,,,,credit_metric,not_applicable,Purchases are not in the approved evidence; revenue or cost of sales is not substituted.
S2M-0113,data/phase2/processed/historical_credit_metrics.csv,credit_metric,FY2025,revenue_growth,,,,,,credit_metric,not_applicable,FY2023 includes LMI; FY2024-FY2025 growth is acquisition-distorted and is not organic growth.
S2M-0114,data/phase2/processed/historical_credit_metrics.csv,credit_metric,FY2025,gross_margin,,,,,,credit_metric,not_applicable,
S2M-0115,data/phase2/processed/historical_credit_metrics.csv,credit_metric,FY2025,operating_margin,,,,,,credit_metric,not_applicable,
S2M-0116,data/phase2/processed/historical_credit_metrics.csv,credit_metric,FY2025,unadjusted_ebitda_margin,,,,,,credit_metric,not_applicable,
S2M-0117,data/phase2/processed/historical_credit_metrics.csv,credit_metric,FY2025,company_adjusted_ebitda_margin,,,,,,credit_metric,not_applicable,
S2M-0118,data/phase2/processed/historical_credit_metrics.csv,credit_metric,FY2025,provisional_lender_normalized_ebitda_margin,,,,,,credit_metric,not_applicable,Uses owner-reviewed lender-base judgments; not contractual EBITDA or a covenant calculation.
S2M-0119,data/phase2/processed/historical_credit_metrics.csv,credit_metric,FY2025,cash_flow_from_operations,SRC-001,,Quanex FY2025 Form 10-K,https://www.sec.gov/Archives/edgar/data/1423221/000142322125000100/nx-20251031.htm,2025-12-12,credit_metric,not_applicable,
S2M-0120,data/phase2/processed/historical_credit_metrics.csv,credit_metric,FY2025,free_cash_flow,,,,,,credit_metric,not_applicable,Cash interest is already included in CFO and is not subtracted again.
S2M-0121,data/phase2/processed/historical_credit_metrics.csv,credit_metric,FY2025,cfo_to_unadjusted_ebitda,,,,,,credit_metric,not_applicable,Negative or zero EBITDA makes leverage or coverage not meaningful.
S2M-0122,data/phase2/processed/historical_credit_metrics.csv,credit_metric,FY2025,fcf_to_unadjusted_ebitda,,,,,,credit_metric,not_applicable,Negative or zero EBITDA makes leverage or coverage not meaningful.
S2M-0123,data/phase2/processed/historical_credit_metrics.csv,credit_metric,FY2025,cfo_to_company_adjusted_ebitda,,,,,,credit_metric,not_applicable,
S2M-0124,data/phase2/processed/historical_credit_metrics.csv,credit_metric,FY2025,fcf_to_company_adjusted_ebitda,,,,,,credit_metric,not_applicable,
S2M-0125,data/phase2/processed/historical_credit_metrics.csv,credit_metric,FY2025,cfo_to_provisional_lender_normalized_ebitda,,,,,,credit_metric,not_applicable,
S2M-0126,data/phase2/processed/historical_credit_metrics.csv,credit_metric,FY2025,fcf_to_provisional_lender_normalized_ebitda,,,,,,credit_metric,not_applicable,
S2M-0127,data/phase2/processed/historical_credit_metrics.csv,credit_metric,FY2025,cfo_to_gross_funded_debt,,,,,,credit_metric,not_applicable,
S2M-0128,data/phase2/processed/historical_credit_metrics.csv,credit_metric,FY2025,fcf_to_gross_funded_debt,,,,,,credit_metric,not_applicable,
S2M-0129,data/phase2/processed/historical_credit_metrics.csv,credit_metric,FY2025,gross_funded_debt_to_unadjusted_ebitda,,,,,,credit_metric,not_applicable,Negative or zero EBITDA makes leverage or coverage not meaningful.
S2M-0130,data/phase2/processed/historical_credit_metrics.csv,credit_metric,FY2025,gross_funded_debt_to_company_adjusted_ebitda,,,,,,credit_metric,not_applicable,
S2M-0131,data/phase2/processed/historical_credit_metrics.csv,credit_metric,FY2025,gross_funded_debt_to_provisional_lender_normalized_ebitda,,,,,,credit_metric,not_applicable,
S2M-0132,data/phase2/processed/historical_credit_metrics.csv,credit_metric,FY2025,net_debt_book_cash_comparable,,,,,,credit_metric,not_applicable,Not contractual net debt; book cash may be inaccessible or ineligible.
S2M-0133,data/phase2/processed/historical_credit_metrics.csv,credit_metric,FY2025,net_debt_book_cash_to_provisional_lender_ebitda,,,,,,credit_metric,not_applicable,Not the credit-agreement numerator; eligible cash is not public.
S2M-0134,data/phase2/processed/historical_credit_metrics.csv,credit_metric,FY2025,provisional_lender_ebitda_to_interest_expense_proxy,,,,,,credit_metric,not_applicable,Proxy only; contractual paid-or-payable and closing-LTM cash interest are unavailable. The separately disclosed historical cash-paid amount is presented in its own diagnostic.
S2M-0135,data/phase2/processed/historical_credit_metrics.csv,credit_metric,FY2025,ebitda_to_cash_interest,,,,,,credit_metric,not_applicable,Contractual paid-or-payable and closing-LTM cash interest remain unavailable; the separately disclosed historical cash-paid amount is not substituted for this measure.
S2M-0136,data/phase2/processed/historical_credit_metrics.csv,credit_metric,FY2025,current_ratio,,,,,,credit_metric,not_applicable,
S2M-0137,data/phase2/processed/historical_credit_metrics.csv,credit_metric,FY2025,quick_ratio,,,,,,credit_metric,not_applicable,"Restricted cash, inventory, tax receivables, and prepaids are excluded."
S2M-0138,data/phase2/processed/historical_credit_metrics.csv,credit_metric,FY2025,days_sales_outstanding,,,,,,credit_metric,not_applicable,FY2024-FY2025 averages are acquisition-distorted.
S2M-0139,data/phase2/processed/historical_credit_metrics.csv,credit_metric,FY2025,days_inventory_outstanding,,,,,,credit_metric,not_applicable,"Cost of sales, not revenue, is used; FY2024-FY2025 averages are acquisition-distorted."
S2M-0140,data/phase2/processed/historical_credit_metrics.csv,credit_metric,FY2025,days_payables_outstanding,,,,,,credit_metric,not_applicable,Purchases are not in the approved evidence; revenue or cost of sales is not substituted.
S2M-0141,data/phase2/processed/historical_credit_metrics.csv,credit_metric,FY2021,historical_lender_ebitda_to_disclosed_cash_interest_paid,,S2B-0010;S2S-0396,,,,credit_metric,not_applicable,"Historical cash-paid diagnostic only; not contractual interest paid or payable, closing-LTM coverage, or certified covenant compliance."
S2M-0142,data/phase2/processed/historical_credit_metrics.csv,credit_metric,FY2022,historical_lender_ebitda_to_disclosed_cash_interest_paid,,S2B-0022;S2S-0397,,,,credit_metric,not_applicable,"Historical cash-paid diagnostic only; not contractual interest paid or payable, closing-LTM coverage, or certified covenant compliance."
S2M-0143,data/phase2/processed/historical_credit_metrics.csv,credit_metric,FY2023,historical_lender_ebitda_to_disclosed_cash_interest_paid,SRC-001,S2B-0034;S2S-0398,Quanex FY2025 Form 10-K,https://www.sec.gov/Archives/edgar/data/1423221/000142322125000100/nx-20251031.htm,2025-12-12,credit_metric,not_applicable,"Historical cash-paid diagnostic only; not contractual interest paid or payable, closing-LTM coverage, or certified covenant compliance."
S2M-0144,data/phase2/processed/historical_credit_metrics.csv,credit_metric,FY2024,historical_lender_ebitda_to_disclosed_cash_interest_paid,SRC-001,S2B-0058;S2S-0399,Quanex FY2025 Form 10-K,https://www.sec.gov/Archives/edgar/data/1423221/000142322125000100/nx-20251031.htm,2025-12-12,credit_metric,not_applicable,"Historical cash-paid diagnostic only; not contractual interest paid or payable, closing-LTM coverage, or certified covenant compliance."
S2M-0145,data/phase2/processed/historical_credit_metrics.csv,credit_metric,FY2025,historical_lender_ebitda_to_disclosed_cash_interest_paid,SRC-001,S2B-0099;S2S-0400,Quanex FY2025 Form 10-K,https://www.sec.gov/Archives/edgar/data/1423221/000142322125000100/nx-20251031.htm,2025-12-12,credit_metric,not_applicable,"Historical cash-paid diagnostic only; not contractual interest paid or payable, closing-LTM coverage, or certified covenant compliance."
S2C-0001,data/phase2/processed/reconciliation_results.csv,reconciliation,FY2021,Assets = liabilities + equity,SRC-014,,Quanex FY2022 Form 10-K,https://www.sec.gov/Archives/edgar/data/1423221/000142322122000014/nx-20221031.htm,2022-12-16,reconciliation,not_applicable,
S2C-0002,data/phase2/processed/reconciliation_results.csv,reconciliation,FY2021,Detailed CFO bridge = reported CFO,SRC-014,,Quanex FY2022 Form 10-K,https://www.sec.gov/Archives/edgar/data/1423221/000142322122000014/nx-20221031.htm,2022-12-16,reconciliation,not_applicable,
S2C-0003,data/phase2/processed/reconciliation_results.csv,reconciliation,FY2021,CFO plus capex = free cash flow,SRC-014,,Quanex FY2022 Form 10-K,https://www.sec.gov/Archives/edgar/data/1423221/000142322122000014/nx-20221031.htm,2022-12-16,reconciliation,not_applicable,Cash interest remains inside CFO; it is not subtracted twice.
S2C-0004,data/phase2/processed/reconciliation_results.csv,reconciliation,FY2021,Financing activity detail = financing cash flow,SRC-014,,Quanex FY2022 Form 10-K,https://www.sec.gov/Archives/edgar/data/1423221/000142322122000014/nx-20221031.htm,2022-12-16,reconciliation,not_applicable,
S2C-0005,data/phase2/processed/reconciliation_results.csv,reconciliation,FY2021,CFO + CFI + CFF + FX = reported cash change,SRC-014,,Quanex FY2022 Form 10-K,https://www.sec.gov/Archives/edgar/data/1423221/000142322122000014/nx-20221031.htm,2022-12-16,reconciliation,not_applicable,
S2C-0006,data/phase2/processed/reconciliation_results.csv,reconciliation,FY2021,Beginning cash plus reported change = ending cash,SRC-014,,Quanex FY2022 Form 10-K,https://www.sec.gov/Archives/edgar/data/1423221/000142322122000014/nx-20221031.htm,2022-12-16,reconciliation,not_applicable,
S2C-0007,data/phase2/processed/reconciliation_results.csv,reconciliation,FY2021,Gross funded principal less financing fees = carrying amount,SRC-014,,Quanex FY2022 Form 10-K,https://www.sec.gov/Archives/edgar/data/1423221/000142322122000014/nx-20221031.htm,2022-12-16,reconciliation,not_applicable,
S2C-0008,data/phase2/processed/reconciliation_results.csv,reconciliation,FY2021,Current plus long-term debt = carrying amount,SRC-014,,Quanex FY2022 Form 10-K,https://www.sec.gov/Archives/edgar/data/1423221/000142322122000014/nx-20221031.htm,2022-12-16,reconciliation,not_applicable,
S2C-0009,data/phase2/processed/reconciliation_results.csv,reconciliation,FY2021,Instrument principal = consolidated funded principal,SRC-014,,Quanex FY2022 Form 10-K,https://www.sec.gov/Archives/edgar/data/1423221/000142322122000014/nx-20221031.htm,2022-12-16,reconciliation,not_applicable,
S2C-0010,data/phase2/processed/reconciliation_results.csv,reconciliation,FY2021,Income-statement D&A = cash-flow D&A addback,SRC-014,,Quanex FY2022 Form 10-K,https://www.sec.gov/Archives/edgar/data/1423221/000142322122000014/nx-20221031.htm,2022-12-16,reconciliation,not_applicable,
S2C-0011,data/phase2/processed/reconciliation_results.csv,reconciliation,FY2021,"Acquisition cash flow explicitly missing, not zero",,,,,,reconciliation,not_applicable,No dedicated material acquisition-cash-flow line in the selected Phase 1 statement; absence is not zero.
S2C-0012,data/phase2/processed/reconciliation_results.csv,reconciliation,FY2022,Assets = liabilities + equity,SRC-014,,Quanex FY2022 Form 10-K,https://www.sec.gov/Archives/edgar/data/1423221/000142322122000014/nx-20221031.htm,2022-12-16,reconciliation,not_applicable,
S2C-0013,data/phase2/processed/reconciliation_results.csv,reconciliation,FY2022,Detailed CFO bridge = reported CFO,SRC-014,,Quanex FY2022 Form 10-K,https://www.sec.gov/Archives/edgar/data/1423221/000142322122000014/nx-20221031.htm,2022-12-16,reconciliation,not_applicable,
S2C-0014,data/phase2/processed/reconciliation_results.csv,reconciliation,FY2022,CFO plus capex = free cash flow,SRC-014,,Quanex FY2022 Form 10-K,https://www.sec.gov/Archives/edgar/data/1423221/000142322122000014/nx-20221031.htm,2022-12-16,reconciliation,not_applicable,Cash interest remains inside CFO; it is not subtracted twice.
S2C-0015,data/phase2/processed/reconciliation_results.csv,reconciliation,FY2022,Financing activity detail = financing cash flow,SRC-012,,Quanex FY2024 Form 10-K,https://www.sec.gov/Archives/edgar/data/1423221/000142322124000015/nx-20241031.htm,2024-12-16,reconciliation,not_applicable,
S2C-0016,data/phase2/processed/reconciliation_results.csv,reconciliation,FY2022,CFO + CFI + CFF + FX = reported cash change,SRC-012,,Quanex FY2024 Form 10-K,https://www.sec.gov/Archives/edgar/data/1423221/000142322124000015/nx-20241031.htm,2024-12-16,reconciliation,not_applicable,
S2C-0017,data/phase2/processed/reconciliation_results.csv,reconciliation,FY2022,Beginning cash plus reported change = ending cash,SRC-012,,Quanex FY2024 Form 10-K,https://www.sec.gov/Archives/edgar/data/1423221/000142322124000015/nx-20241031.htm,2024-12-16,reconciliation,not_applicable,
S2C-0018,data/phase2/processed/reconciliation_results.csv,reconciliation,FY2022,Gross funded principal less financing fees = carrying amount,SRC-014,,Quanex FY2022 Form 10-K,https://www.sec.gov/Archives/edgar/data/1423221/000142322122000014/nx-20221031.htm,2022-12-16,reconciliation,not_applicable,
S2C-0019,data/phase2/processed/reconciliation_results.csv,reconciliation,FY2022,Current plus long-term debt = carrying amount,SRC-014,,Quanex FY2022 Form 10-K,https://www.sec.gov/Archives/edgar/data/1423221/000142322122000014/nx-20221031.htm,2022-12-16,reconciliation,not_applicable,
S2C-0020,data/phase2/processed/reconciliation_results.csv,reconciliation,FY2022,Instrument principal = consolidated funded principal,SRC-014,,Quanex FY2022 Form 10-K,https://www.sec.gov/Archives/edgar/data/1423221/000142322122000014/nx-20221031.htm,2022-12-16,reconciliation,not_applicable,
S2C-0021,data/phase2/processed/reconciliation_results.csv,reconciliation,FY2022,Income-statement D&A = cash-flow D&A addback,SRC-014,,Quanex FY2022 Form 10-K,https://www.sec.gov/Archives/edgar/data/1423221/000142322122000014/nx-20221031.htm,2022-12-16,reconciliation,not_applicable,
S2C-0022,data/phase2/processed/reconciliation_results.csv,reconciliation,FY2022,"Acquisition cash flow explicitly missing, not zero",,,,,,reconciliation,not_applicable,No dedicated material acquisition-cash-flow line in the selected Phase 1 statement; absence is not zero.
S2C-0023,data/phase2/processed/reconciliation_results.csv,reconciliation,FY2023,Assets = liabilities + equity,SRC-012,,Quanex FY2024 Form 10-K,https://www.sec.gov/Archives/edgar/data/1423221/000142322124000015/nx-20241031.htm,2024-12-16,reconciliation,not_applicable,
S2C-0024,data/phase2/processed/reconciliation_results.csv,reconciliation,FY2023,Detailed CFO bridge = reported CFO,SRC-001,,Quanex FY2025 Form 10-K,https://www.sec.gov/Archives/edgar/data/1423221/000142322125000100/nx-20251031.htm,2025-12-12,reconciliation,not_applicable,
S2C-0025,data/phase2/processed/reconciliation_results.csv,reconciliation,FY2023,CFO plus capex = free cash flow,SRC-001,,Quanex FY2025 Form 10-K,https://www.sec.gov/Archives/edgar/data/1423221/000142322125000100/nx-20251031.htm,2025-12-12,reconciliation,not_applicable,Cash interest remains inside CFO; it is not subtracted twice.
S2C-0026,data/phase2/processed/reconciliation_results.csv,reconciliation,FY2023,Financing activity detail = financing cash flow,SRC-001,,Quanex FY2025 Form 10-K,https://www.sec.gov/Archives/edgar/data/1423221/000142322125000100/nx-20251031.htm,2025-12-12,reconciliation,not_applicable,
S2C-0027,data/phase2/processed/reconciliation_results.csv,reconciliation,FY2023,CFO + CFI + CFF + FX = reported cash change,SRC-001,,Quanex FY2025 Form 10-K,https://www.sec.gov/Archives/edgar/data/1423221/000142322125000100/nx-20251031.htm,2025-12-12,reconciliation,not_applicable,
S2C-0028,data/phase2/processed/reconciliation_results.csv,reconciliation,FY2023,Beginning cash plus reported change = ending cash,SRC-001,,Quanex FY2025 Form 10-K,https://www.sec.gov/Archives/edgar/data/1423221/000142322125000100/nx-20251031.htm,2025-12-12,reconciliation,not_applicable,
S2C-0029,data/phase2/processed/reconciliation_results.csv,reconciliation,FY2023,Gross funded principal less financing fees = carrying amount,SRC-012,,Quanex FY2024 Form 10-K,https://www.sec.gov/Archives/edgar/data/1423221/000142322124000015/nx-20241031.htm,2024-12-16,reconciliation,not_applicable,
S2C-0030,data/phase2/processed/reconciliation_results.csv,reconciliation,FY2023,Current plus long-term debt = carrying amount,SRC-012,,Quanex FY2024 Form 10-K,https://www.sec.gov/Archives/edgar/data/1423221/000142322124000015/nx-20241031.htm,2024-12-16,reconciliation,not_applicable,
S2C-0031,data/phase2/processed/reconciliation_results.csv,reconciliation,FY2023,Instrument principal = consolidated funded principal,SRC-012,,Quanex FY2024 Form 10-K,https://www.sec.gov/Archives/edgar/data/1423221/000142322124000015/nx-20241031.htm,2024-12-16,reconciliation,not_applicable,
S2C-0032,data/phase2/processed/reconciliation_results.csv,reconciliation,FY2023,Income-statement D&A = cash-flow D&A addback,SRC-001,,Quanex FY2025 Form 10-K,https://www.sec.gov/Archives/edgar/data/1423221/000142322125000100/nx-20251031.htm,2025-12-12,reconciliation,not_applicable,
S2C-0033,data/phase2/processed/reconciliation_results.csv,reconciliation,FY2023,Acquisition cash flow retained from Phase 1,SRC-001,NF-0061,Quanex FY2025 Form 10-K,https://www.sec.gov/Archives/edgar/data/1423221/000142322125000100/nx-20251031.htm,2025-12-12,reconciliation,not_applicable,
S2C-0034,data/phase2/processed/reconciliation_results.csv,reconciliation,FY2024,Assets = liabilities + equity,SRC-001,,Quanex FY2025 Form 10-K,https://www.sec.gov/Archives/edgar/data/1423221/000142322125000100/nx-20251031.htm,2025-12-12,reconciliation,not_applicable,
S2C-0035,data/phase2/processed/reconciliation_results.csv,reconciliation,FY2024,Detailed CFO bridge = reported CFO,SRC-001,,Quanex FY2025 Form 10-K,https://www.sec.gov/Archives/edgar/data/1423221/000142322125000100/nx-20251031.htm,2025-12-12,reconciliation,not_applicable,
S2C-0036,data/phase2/processed/reconciliation_results.csv,reconciliation,FY2024,CFO plus capex = free cash flow,SRC-001,,Quanex FY2025 Form 10-K,https://www.sec.gov/Archives/edgar/data/1423221/000142322125000100/nx-20251031.htm,2025-12-12,reconciliation,not_applicable,Cash interest remains inside CFO; it is not subtracted twice.
S2C-0037,data/phase2/processed/reconciliation_results.csv,reconciliation,FY2024,Financing activity detail = financing cash flow,SRC-001,,Quanex FY2025 Form 10-K,https://www.sec.gov/Archives/edgar/data/1423221/000142322125000100/nx-20251031.htm,2025-12-12,reconciliation,not_applicable,
S2C-0038,data/phase2/processed/reconciliation_results.csv,reconciliation,FY2024,CFO + CFI + CFF + FX = reported cash change,SRC-001,,Quanex FY2025 Form 10-K,https://www.sec.gov/Archives/edgar/data/1423221/000142322125000100/nx-20251031.htm,2025-12-12,reconciliation,not_applicable,
S2C-0039,data/phase2/processed/reconciliation_results.csv,reconciliation,FY2024,Beginning cash plus reported change = ending cash,SRC-001,,Quanex FY2025 Form 10-K,https://www.sec.gov/Archives/edgar/data/1423221/000142322125000100/nx-20251031.htm,2025-12-12,reconciliation,not_applicable,
S2C-0040,data/phase2/processed/reconciliation_results.csv,reconciliation,FY2024,Gross funded principal less financing fees = carrying amount,SRC-002,,Quanex Q4 and FY2025 results release,https://www.sec.gov/Archives/edgar/data/1423221/000117184325007891/exh_991.htm,2025-12-11,reconciliation,not_applicable,
S2C-0041,data/phase2/processed/reconciliation_results.csv,reconciliation,FY2024,Current plus long-term debt = carrying amount,SRC-001,,Quanex FY2025 Form 10-K,https://www.sec.gov/Archives/edgar/data/1423221/000142322125000100/nx-20251031.htm,2025-12-12,reconciliation,not_applicable,
S2C-0042,data/phase2/processed/reconciliation_results.csv,reconciliation,FY2024,Instrument principal = consolidated funded principal,SRC-002,,Quanex Q4 and FY2025 results release,https://www.sec.gov/Archives/edgar/data/1423221/000117184325007891/exh_991.htm,2025-12-11,reconciliation,not_applicable,
S2C-0043,data/phase2/processed/reconciliation_results.csv,reconciliation,FY2024,Income-statement D&A = cash-flow D&A addback,SRC-001,,Quanex FY2025 Form 10-K,https://www.sec.gov/Archives/edgar/data/1423221/000142322125000100/nx-20251031.htm,2025-12-12,reconciliation,not_applicable,
S2C-0044,data/phase2/processed/reconciliation_results.csv,reconciliation,FY2024,Acquisition cash flow retained from Phase 1,SRC-001,NF-0056,Quanex FY2025 Form 10-K,https://www.sec.gov/Archives/edgar/data/1423221/000142322125000100/nx-20251031.htm,2025-12-12,reconciliation,not_applicable,
S2C-0045,data/phase2/processed/reconciliation_results.csv,reconciliation,FY2025,Assets = liabilities + equity,SRC-001,,Quanex FY2025 Form 10-K,https://www.sec.gov/Archives/edgar/data/1423221/000142322125000100/nx-20251031.htm,2025-12-12,reconciliation,not_applicable,
S2C-0046,data/phase2/processed/reconciliation_results.csv,reconciliation,FY2025,Detailed CFO bridge = reported CFO,SRC-001,,Quanex FY2025 Form 10-K,https://www.sec.gov/Archives/edgar/data/1423221/000142322125000100/nx-20251031.htm,2025-12-12,reconciliation,not_applicable,
S2C-0047,data/phase2/processed/reconciliation_results.csv,reconciliation,FY2025,CFO plus capex = free cash flow,SRC-001,,Quanex FY2025 Form 10-K,https://www.sec.gov/Archives/edgar/data/1423221/000142322125000100/nx-20251031.htm,2025-12-12,reconciliation,not_applicable,Cash interest remains inside CFO; it is not subtracted twice.
S2C-0048,data/phase2/processed/reconciliation_results.csv,reconciliation,FY2025,Financing activity detail = financing cash flow,SRC-001,,Quanex FY2025 Form 10-K,https://www.sec.gov/Archives/edgar/data/1423221/000142322125000100/nx-20251031.htm,2025-12-12,reconciliation,not_applicable,
S2C-0049,data/phase2/processed/reconciliation_results.csv,reconciliation,FY2025,CFO + CFI + CFF + FX = reported cash change,SRC-001,,Quanex FY2025 Form 10-K,https://www.sec.gov/Archives/edgar/data/1423221/000142322125000100/nx-20251031.htm,2025-12-12,reconciliation,not_applicable,
S2C-0050,data/phase2/processed/reconciliation_results.csv,reconciliation,FY2025,Beginning cash plus reported change = ending cash,SRC-001,,Quanex FY2025 Form 10-K,https://www.sec.gov/Archives/edgar/data/1423221/000142322125000100/nx-20251031.htm,2025-12-12,reconciliation,not_applicable,
S2C-0051,data/phase2/processed/reconciliation_results.csv,reconciliation,FY2025,Gross funded principal less financing fees = carrying amount,SRC-002,,Quanex Q4 and FY2025 results release,https://www.sec.gov/Archives/edgar/data/1423221/000117184325007891/exh_991.htm,2025-12-11,reconciliation,not_applicable,
S2C-0052,data/phase2/processed/reconciliation_results.csv,reconciliation,FY2025,Current plus long-term debt = carrying amount,SRC-001,,Quanex FY2025 Form 10-K,https://www.sec.gov/Archives/edgar/data/1423221/000142322125000100/nx-20251031.htm,2025-12-12,reconciliation,not_applicable,
S2C-0053,data/phase2/processed/reconciliation_results.csv,reconciliation,FY2025,Instrument principal = consolidated funded principal,SRC-002,,Quanex Q4 and FY2025 results release,https://www.sec.gov/Archives/edgar/data/1423221/000117184325007891/exh_991.htm,2025-12-11,reconciliation,not_applicable,
S2C-0054,data/phase2/processed/reconciliation_results.csv,reconciliation,FY2025,Income-statement D&A = cash-flow D&A addback,SRC-001,,Quanex FY2025 Form 10-K,https://www.sec.gov/Archives/edgar/data/1423221/000142322125000100/nx-20251031.htm,2025-12-12,reconciliation,not_applicable,
S2C-0055,data/phase2/processed/reconciliation_results.csv,reconciliation,FY2025,GAAP impairment = CFO noncash impairment addback,SRC-001;SRC-002,,Quanex FY2025 Form 10-K; Quanex Q4 and FY2025 results release,https://www.sec.gov/Archives/edgar/data/1423221/000142322125000100/nx-20251031.htm; https://www.sec.gov/Archives/edgar/data/1423221/000117184325007891/exh_991.htm,2025-12-12; 2025-12-11,reconciliation,not_applicable,Reversed in EBITDA arithmetic but retained as a material business-risk signal.
S2C-0056,data/phase2/processed/reconciliation_results.csv,reconciliation,FY2025,Acquisition cash flow retained from Phase 1,SRC-001,NF-0051,Quanex FY2025 Form 10-K,https://www.sec.gov/Archives/edgar/data/1423221/000142322125000100/nx-20251031.htm,2025-12-12,reconciliation,not_applicable,
S2C-0057,data/phase2/processed/reconciliation_results.csv,reconciliation,FY2025,Facility maturity disclosure = Term A plus revolver principal,SRC-001;SRC-003,,Quanex FY2025 Form 10-K; Amendment No. 1 with conformed Second Amended and Restated Credit Agreement,https://www.sec.gov/Archives/edgar/data/1423221/000142322125000100/nx-20251031.htm; https://www.sec.gov/Archives/edgar/data/1423221/000110465924071335/tm2417183d1_ex10-1.htm,2025-12-12; 2024-06-13,reconciliation,not_applicable,Maturity schedule excludes finance leases and other debt.
S2C-0058,data/phase2/processed/reconciliation_results.csv,reconciliation,FY2024,Reconstructed company-adjusted EBITDA = published rounded amount,SRC-002,,Quanex Q4 and FY2025 results release,https://www.sec.gov/Archives/edgar/data/1423221/000117184325007891/exh_991.htm,2025-12-11,reconciliation,not_applicable,Exact bridge is compared with the company's one-decimal presentation.
S2C-0059,data/phase2/processed/reconciliation_results.csv,reconciliation,FY2025,Reconstructed company-adjusted EBITDA = published rounded amount,SRC-002,,Quanex Q4 and FY2025 results release,https://www.sec.gov/Archives/edgar/data/1423221/000117184325007891/exh_991.htm,2025-12-11,reconciliation,not_applicable,Exact bridge is compared with the company's one-decimal presentation.
S2C-0060,data/phase2/processed/reconciliation_results.csv,reconciliation,FY2022,Pro forma revenue minus reported revenue,SRC-012;SRC-014,,Quanex FY2024 Form 10-K; Quanex FY2022 Form 10-K,https://www.sec.gov/Archives/edgar/data/1423221/000142322124000015/nx-20241031.htm; https://www.sec.gov/Archives/edgar/data/1423221/000142322122000014/nx-20221031.htm,2024-12-16; 2022-12-16,reconciliation,not_applicable,Pro forma information is unaudited and never substituted for reported history.
S2C-0061,data/phase2/processed/reconciliation_results.csv,reconciliation,FY2022,Pro forma net_income minus reported net_income,SRC-012;SRC-014,,Quanex FY2024 Form 10-K; Quanex FY2022 Form 10-K,https://www.sec.gov/Archives/edgar/data/1423221/000142322124000015/nx-20241031.htm; https://www.sec.gov/Archives/edgar/data/1423221/000142322122000014/nx-20221031.htm,2024-12-16; 2022-12-16,reconciliation,not_applicable,Pro forma information is unaudited and never substituted for reported history.
S2C-0062,data/phase2/processed/reconciliation_results.csv,reconciliation,FY2023,Pro forma revenue minus reported revenue,SRC-012;SRC-001,,Quanex FY2024 Form 10-K; Quanex FY2025 Form 10-K,https://www.sec.gov/Archives/edgar/data/1423221/000142322124000015/nx-20241031.htm; https://www.sec.gov/Archives/edgar/data/1423221/000142322125000100/nx-20251031.htm,2024-12-16; 2025-12-12,reconciliation,not_applicable,Pro forma information is unaudited and never substituted for reported history.
S2C-0063,data/phase2/processed/reconciliation_results.csv,reconciliation,FY2023,Pro forma net_income minus reported net_income,SRC-012;SRC-001,,Quanex FY2024 Form 10-K; Quanex FY2025 Form 10-K,https://www.sec.gov/Archives/edgar/data/1423221/000142322124000015/nx-20241031.htm; https://www.sec.gov/Archives/edgar/data/1423221/000142322125000100/nx-20251031.htm,2024-12-16; 2025-12-12,reconciliation,not_applicable,Pro forma information is unaudited and never substituted for reported history.
S2C-0064,data/phase2/processed/reconciliation_results.csv,reconciliation,FY2024,Pro forma revenue minus reported revenue,SRC-012;SRC-001,,Quanex FY2024 Form 10-K; Quanex FY2025 Form 10-K,https://www.sec.gov/Archives/edgar/data/1423221/000142322124000015/nx-20241031.htm; https://www.sec.gov/Archives/edgar/data/1423221/000142322125000100/nx-20251031.htm,2024-12-16; 2025-12-12,reconciliation,not_applicable,Pro forma information is unaudited and never substituted for reported history.
S2C-0065,data/phase2/processed/reconciliation_results.csv,reconciliation,FY2024,Pro forma net_income minus reported net_income,SRC-012;SRC-001,,Quanex FY2024 Form 10-K; Quanex FY2025 Form 10-K,https://www.sec.gov/Archives/edgar/data/1423221/000142322124000015/nx-20241031.htm; https://www.sec.gov/Archives/edgar/data/1423221/000142322125000100/nx-20251031.htm,2024-12-16; 2025-12-12,reconciliation,not_applicable,Pro forma information is unaudited and never substituted for reported history.
S2C-0066,data/phase2/processed/reconciliation_results.csv,reconciliation,ALL,All Phase 2 spread rows retain source and input IDs,,,,,,reconciliation,not_applicable,Calculated and missing-control rows retain upstream input IDs or an explicit missing status.
