distress_event_id,scenario_id,structure,event_type,event_date,status,observed_value,threshold_or_rule,failed_obligation_type,amount_due,amount_paid,unpaid_amount,revolver_capacity_already_exhausted,drawability_shutoff_active,cash_available_before_payment,cash_remaining_after_payment,scenario_timing_convention,interim_failure_or_maturity_shortfall,sequence_number,classification,source_ids,upstream_ids,notes
P6E-0001,BASE,proposed,OPENING_REVOLVER_EXPOSURE,OPENING_POSITION,WARNING,29.89771875,opening balance,,,,,,,,,equal_neutral,,1,chronological_analytical_event_not_contractual_default,SRC-001;SRC-002;SRC-003,BASE,"Mandatory payment failure excludes missed dividends and repurchases. Maturity shortfall, analytical warnings and drawability conventions remain separately classified and are not official covenant conclusions."
P6E-0002,BASE,proposed,FIRST_INCREMENTAL_POST_CLOSING_DRAW,2026-04-30,WARNING,9.82329762199995342260467161,>0 incremental draw,,,,,no,no,,,equal_neutral,,3,chronological_analytical_event_not_contractual_default,SRC-001;SRC-002;SRC-003,P6M-BASE-P-0003,"Mandatory payment failure excludes missed dividends and repurchases. Maturity shortfall, analytical warnings and drawability conventions remain separately classified and are not official covenant conclusions."
P6E-0003,BASE,proposed,FIRST_REVOLVER_REPAYMENT,2026-02-28,WARNING,6.35671369946206325842780365,>0 repayment,,,,,no,no,,,equal_neutral,,2,chronological_analytical_event_not_contractual_default,SRC-001;SRC-002;SRC-003,P6M-BASE-P-0001,"Mandatory payment failure excludes missed dividends and repurchases. Maturity shortfall, analytical warnings and drawability conventions remain separately classified and are not official covenant conclusions."
P6E-0004,BASE,proposed,PEAK_SUBSEQUENT_PERIOD_END_REVOLVER,2028-01-31,WARNING,39.95416505588877547275839092,maximum modeled month-end balance after opening,,,,,no,no,,,equal_neutral,,4,chronological_analytical_event_not_contractual_default,SRC-001;SRC-002;SRC-003,P6M-BASE-P-0024,"Mandatory payment failure excludes missed dividends and repurchases. Maturity shortfall, analytical warnings and drawability conventions remain separately classified and are not official covenant conclusions."
P6E-0005,BASE,proposed,PEAK_REVOLVER_INCLUDING_OPENING,2028-01-31,WARNING,39.95416505588877547275839092,maximum of opening and subsequent month-end balances,,,,,no,no,,,equal_neutral,,4,chronological_analytical_event_not_contractual_default,SRC-001;SRC-002;SRC-003,P6M-BASE-P-0024,"Mandatory payment failure excludes missed dividends and repurchases. Maturity shortfall, analytical warnings and drawability conventions remain separately classified and are not official covenant conclusions."
P6E-0006,BASE,proposed,FIRST_LIQUIDITY_WARNING,,PASS,,usable liquidity <50,,,,,,,,,equal_neutral,,,chronological_analytical_event_not_contractual_default,SRC-001;SRC-002;SRC-003,BASE,"Mandatory payment failure excludes missed dividends and repurchases. Maturity shortfall, analytical warnings and drawability conventions remain separately classified and are not official covenant conclusions."
P6E-0007,BASE,proposed,FIRST_CASH_FLOOR_FAILURE,,PASS,,cash-floor shortfall >0,,,,,,,,,equal_neutral,,,chronological_analytical_event_not_contractual_default,SRC-001;SRC-002;SRC-003,BASE,"Mandatory payment failure excludes missed dividends and repurchases. Maturity shortfall, analytical warnings and drawability conventions remain separately classified and are not official covenant conclusions."
P6E-0008,BASE,proposed,FIRST_ANALYTICAL_LEVERAGE_FAILURE,,PASS,,above analytical threshold,,,,,,,,,equal_neutral,,,chronological_analytical_event_not_contractual_default,SRC-001;SRC-002;SRC-003,BASE,"Mandatory payment failure excludes missed dividends and repurchases. Maturity shortfall, analytical warnings and drawability conventions remain separately classified and are not official covenant conclusions."
P6E-0009,BASE,proposed,FIRST_ANALYTICAL_COVERAGE_FAILURE,,PASS,,below 3.00x,,,,,,,,,equal_neutral,,,chronological_analytical_event_not_contractual_default,SRC-001;SRC-002;SRC-003,BASE,"Mandatory payment failure excludes missed dividends and repurchases. Maturity shortfall, analytical warnings and drawability conventions remain separately classified and are not official covenant conclusions."
P6E-0010,BASE,proposed,FIRST_NO_WAIVER_DRAWABILITY_SHUTOFF,,NOT_APPLICABLE,,new draws unavailable,,,,,,,,,equal_neutral,,,chronological_analytical_event_not_contractual_default,SRC-001;SRC-002;SRC-003,BASE,"Mandatory payment failure excludes missed dividends and repurchases. Maturity shortfall, analytical warnings and drawability conventions remain separately classified and are not official covenant conclusions."
P6E-0011,BASE,proposed,FIRST_REVOLVER_CAPACITY_EXHAUSTION,,PASS,,nominal revolver availability <=0,,,,,,,,,equal_neutral,,,chronological_analytical_event_not_contractual_default,SRC-001;SRC-002;SRC-003,BASE,"Mandatory payment failure excludes missed dividends and repurchases. Maturity shortfall, analytical warnings and drawability conventions remain separately classified and are not official covenant conclusions."
P6E-0012,BASE,proposed,FIRST_MANDATORY_PAYMENT_FAILURE,,PASS,,"unpaid cash interest, scheduled term principal or retained mandatory obligation",,,,,,,,,equal_neutral,,,chronological_analytical_event_not_contractual_default,SRC-001;SRC-002;SRC-003,BASE,"Mandatory payment failure excludes missed dividends and repurchases. Maturity shortfall, analytical warnings and drawability conventions remain separately classified and are not official covenant conclusions."
P6E-0013,BASE,proposed,FIRST_SCHEDULED_INTEREST_FAILURE,,PASS,,cash-interest shortfall >0,,,,,,,,,equal_neutral,,,chronological_analytical_event_not_contractual_default,SRC-001;SRC-002;SRC-003,BASE,"Mandatory payment failure excludes missed dividends and repurchases. Maturity shortfall, analytical warnings and drawability conventions remain separately classified and are not official covenant conclusions."
P6E-0014,BASE,proposed,FIRST_SCHEDULED_PRINCIPAL_FAILURE,,PASS,,scheduled-term-principal shortfall >0,,,,,,,,,equal_neutral,,,chronological_analytical_event_not_contractual_default,SRC-001;SRC-002;SRC-003,BASE,"Mandatory payment failure excludes missed dividends and repurchases. Maturity shortfall, analytical warnings and drawability conventions remain separately classified and are not official covenant conclusions."
P6E-0015,BASE,proposed,FIRST_RETAINED_OBLIGATION_FAILURE,,PASS,,retained-obligation shortfall >0,,,,,,,,,equal_neutral,,,chronological_analytical_event_not_contractual_default,SRC-001;SRC-002;SRC-003,BASE,"Mandatory payment failure excludes missed dividends and repurchases. Maturity shortfall, analytical warnings and drawability conventions remain separately classified and are not official covenant conclusions."
P6E-0016,BASE,proposed,FIRST_DISTRIBUTION_RESTRICTION_FLAG,2026-02-28,WARNING,0,narrow or broad analytical flag; not a payment default,,,,,no,no,,,equal_neutral,,2,chronological_analytical_event_not_contractual_default,SRC-001;SRC-002;SRC-003,P6M-BASE-P-0001,"Mandatory payment failure excludes missed dividends and repurchases. Maturity shortfall, analytical warnings and drawability conventions remain separately classified and are not official covenant conclusions."
P6E-0017,BASE,proposed,EXISTING_MATURITY_SHORTFALL,,NOT_APPLICABLE,,unfunded at existing maturity,,,,,,,,,equal_neutral,,,chronological_analytical_event_not_contractual_default,SRC-001;SRC-002;SRC-003,BASE,"Mandatory payment failure excludes missed dividends and repurchases. Maturity shortfall, analytical warnings and drawability conventions remain separately classified and are not official covenant conclusions."
P6E-0018,BASE,proposed,PROPOSED_MATURITY_SHORTFALL,2031-01-31,MATURITY_SHORTFALL,340.9478312215931607465924833,unfunded at proposed maturity,MATURITY_PRINCIPAL,340.9478312215931607465924833,0,340.9478312215931607465924833,no,no,,,equal_neutral,maturity_shortfall,5,chronological_analytical_event_not_contractual_default,SRC-001;SRC-002;SRC-003,P6M-BASE-P-0060,"Mandatory payment failure excludes missed dividends and repurchases. Maturity shortfall, analytical warnings and drawability conventions remain separately classified and are not official covenant conclusions."
P6E-0019,BASE,existing,OPENING_REVOLVER_EXPOSURE,OPENING_POSITION,WARNING,207.39771875,opening balance,,,,,,,,,equal_neutral,,1,chronological_analytical_event_not_contractual_default,SRC-001;SRC-002;SRC-003,BASE,"Mandatory payment failure excludes missed dividends and repurchases. Maturity shortfall, analytical warnings and drawability conventions remain separately classified and are not official covenant conclusions."
P6E-0020,BASE,existing,FIRST_INCREMENTAL_POST_CLOSING_DRAW,2026-11-30,WARNING,0.42278627057669671149276322,>0 incremental draw,,,,,no,no,,,equal_neutral,,3,chronological_analytical_event_not_contractual_default,SRC-001;SRC-002;SRC-003,P6M-BASE-E-0010,"Mandatory payment failure excludes missed dividends and repurchases. Maturity shortfall, analytical warnings and drawability conventions remain separately classified and are not official covenant conclusions."
P6E-0021,BASE,existing,FIRST_REVOLVER_REPAYMENT,2026-02-28,WARNING,6.41161398900467774864447235,>0 repayment,,,,,no,no,,,equal_neutral,,2,chronological_analytical_event_not_contractual_default,SRC-001;SRC-002;SRC-003,P6M-BASE-E-0001,"Mandatory payment failure excludes missed dividends and repurchases. Maturity shortfall, analytical warnings and drawability conventions remain separately classified and are not official covenant conclusions."
P6E-0022,BASE,existing,PEAK_SUBSEQUENT_PERIOD_END_REVOLVER,2026-02-28,WARNING,200.9861047609953222513555276,maximum modeled month-end balance after opening,,,,,no,no,,,equal_neutral,,2,chronological_analytical_event_not_contractual_default,SRC-001;SRC-002;SRC-003,P6M-BASE-E-0001,"Mandatory payment failure excludes missed dividends and repurchases. Maturity shortfall, analytical warnings and drawability conventions remain separately classified and are not official covenant conclusions."
P6E-0023,BASE,existing,PEAK_REVOLVER_INCLUDING_OPENING,OPENING_POSITION,WARNING,207.39771875,maximum of opening and subsequent month-end balances,,,,,,,,,equal_neutral,,1,chronological_analytical_event_not_contractual_default,SRC-001;SRC-002;SRC-003,BASE,"Mandatory payment failure excludes missed dividends and repurchases. Maturity shortfall, analytical warnings and drawability conventions remain separately classified and are not official covenant conclusions."
P6E-0024,BASE,existing,FIRST_LIQUIDITY_WARNING,,PASS,,usable liquidity <50,,,,,,,,,equal_neutral,,,chronological_analytical_event_not_contractual_default,SRC-001;SRC-002;SRC-003,BASE,"Mandatory payment failure excludes missed dividends and repurchases. Maturity shortfall, analytical warnings and drawability conventions remain separately classified and are not official covenant conclusions."
P6E-0025,BASE,existing,FIRST_CASH_FLOOR_FAILURE,,PASS,,cash-floor shortfall >0,,,,,,,,,equal_neutral,,,chronological_analytical_event_not_contractual_default,SRC-001;SRC-002;SRC-003,BASE,"Mandatory payment failure excludes missed dividends and repurchases. Maturity shortfall, analytical warnings and drawability conventions remain separately classified and are not official covenant conclusions."
P6E-0026,BASE,existing,FIRST_ANALYTICAL_LEVERAGE_FAILURE,,PASS,,above analytical threshold,,,,,,,,,equal_neutral,,,chronological_analytical_event_not_contractual_default,SRC-001;SRC-002;SRC-003,BASE,"Mandatory payment failure excludes missed dividends and repurchases. Maturity shortfall, analytical warnings and drawability conventions remain separately classified and are not official covenant conclusions."
P6E-0027,BASE,existing,FIRST_ANALYTICAL_COVERAGE_FAILURE,,PASS,,below 3.00x,,,,,,,,,equal_neutral,,,chronological_analytical_event_not_contractual_default,SRC-001;SRC-002;SRC-003,BASE,"Mandatory payment failure excludes missed dividends and repurchases. Maturity shortfall, analytical warnings and drawability conventions remain separately classified and are not official covenant conclusions."
P6E-0028,BASE,existing,FIRST_NO_WAIVER_DRAWABILITY_SHUTOFF,,NOT_APPLICABLE,,new draws unavailable,,,,,,,,,equal_neutral,,,chronological_analytical_event_not_contractual_default,SRC-001;SRC-002;SRC-003,BASE,"Mandatory payment failure excludes missed dividends and repurchases. Maturity shortfall, analytical warnings and drawability conventions remain separately classified and are not official covenant conclusions."
P6E-0029,BASE,existing,FIRST_REVOLVER_CAPACITY_EXHAUSTION,,PASS,,nominal revolver availability <=0,,,,,,,,,equal_neutral,,,chronological_analytical_event_not_contractual_default,SRC-001;SRC-002;SRC-003,BASE,"Mandatory payment failure excludes missed dividends and repurchases. Maturity shortfall, analytical warnings and drawability conventions remain separately classified and are not official covenant conclusions."
P6E-0030,BASE,existing,FIRST_MANDATORY_PAYMENT_FAILURE,,PASS,,"unpaid cash interest, scheduled term principal or retained mandatory obligation",,,,,,,,,equal_neutral,,,chronological_analytical_event_not_contractual_default,SRC-001;SRC-002;SRC-003,BASE,"Mandatory payment failure excludes missed dividends and repurchases. Maturity shortfall, analytical warnings and drawability conventions remain separately classified and are not official covenant conclusions."
P6E-0031,BASE,existing,FIRST_SCHEDULED_INTEREST_FAILURE,,PASS,,cash-interest shortfall >0,,,,,,,,,equal_neutral,,,chronological_analytical_event_not_contractual_default,SRC-001;SRC-002;SRC-003,BASE,"Mandatory payment failure excludes missed dividends and repurchases. Maturity shortfall, analytical warnings and drawability conventions remain separately classified and are not official covenant conclusions."
P6E-0032,BASE,existing,FIRST_SCHEDULED_PRINCIPAL_FAILURE,,PASS,,scheduled-term-principal shortfall >0,,,,,,,,,equal_neutral,,,chronological_analytical_event_not_contractual_default,SRC-001;SRC-002;SRC-003,BASE,"Mandatory payment failure excludes missed dividends and repurchases. Maturity shortfall, analytical warnings and drawability conventions remain separately classified and are not official covenant conclusions."
P6E-0033,BASE,existing,FIRST_RETAINED_OBLIGATION_FAILURE,,PASS,,retained-obligation shortfall >0,,,,,,,,,equal_neutral,,,chronological_analytical_event_not_contractual_default,SRC-001;SRC-002;SRC-003,BASE,"Mandatory payment failure excludes missed dividends and repurchases. Maturity shortfall, analytical warnings and drawability conventions remain separately classified and are not official covenant conclusions."
P6E-0034,BASE,existing,FIRST_DISTRIBUTION_RESTRICTION_FLAG,,PASS,,narrow or broad analytical flag; not a payment default,,,,,,,,,equal_neutral,,,chronological_analytical_event_not_contractual_default,SRC-001;SRC-002;SRC-003,BASE,"Mandatory payment failure excludes missed dividends and repurchases. Maturity shortfall, analytical warnings and drawability conventions remain separately classified and are not official covenant conclusions."
P6E-0035,BASE,existing,EXISTING_MATURITY_SHORTFALL,2029-07-31,MATURITY_SHORTFALL,432.7492812067100176549274129,unfunded at existing maturity,MATURITY_PRINCIPAL,432.7492812067100176549274129,0,432.7492812067100176549274129,no,no,,,equal_neutral,maturity_shortfall,4,chronological_analytical_event_not_contractual_default,SRC-001;SRC-002;SRC-003,P6M-BASE-E-0042,"Mandatory payment failure excludes missed dividends and repurchases. Maturity shortfall, analytical warnings and drawability conventions remain separately classified and are not official covenant conclusions."
P6E-0036,BASE,existing,PROPOSED_MATURITY_SHORTFALL,,NOT_APPLICABLE,,unfunded at proposed maturity,,,,,,,,,equal_neutral,,,chronological_analytical_event_not_contractual_default,SRC-001;SRC-002;SRC-003,BASE,"Mandatory payment failure excludes missed dividends and repurchases. Maturity shortfall, analytical warnings and drawability conventions remain separately classified and are not official covenant conclusions."
P6E-0037,MODERATE_UNMITIGATED,proposed,OPENING_REVOLVER_EXPOSURE,OPENING_POSITION,WARNING,29.89771875,opening balance,,,,,,,,,adverse_conservative,,1,chronological_analytical_event_not_contractual_default,SRC-001;SRC-002;SRC-003,MODERATE_UNMITIGATED,"Mandatory payment failure excludes missed dividends and repurchases. Maturity shortfall, analytical warnings and drawability conventions remain separately classified and are not official covenant conclusions."
P6E-0038,MODERATE_UNMITIGATED,proposed,FIRST_INCREMENTAL_POST_CLOSING_DRAW,2026-02-28,WARNING,15.96388007822948952786475914,>0 incremental draw,,,,,no,no,,,adverse_conservative,,2,chronological_analytical_event_not_contractual_default,SRC-001;SRC-002;SRC-003,P6M-MODERATE_UNMITIGATED-P-0001,"Mandatory payment failure excludes missed dividends and repurchases. Maturity shortfall, analytical warnings and drawability conventions remain separately classified and are not official covenant conclusions."
P6E-0039,MODERATE_UNMITIGATED,proposed,FIRST_REVOLVER_REPAYMENT,2026-06-30,WARNING,2.28272567264091338950081445,>0 repayment,,,,,no,no,,,adverse_conservative,,3,chronological_analytical_event_not_contractual_default,SRC-001;SRC-002;SRC-003,P6M-MODERATE_UNMITIGATED-P-0005,"Mandatory payment failure excludes missed dividends and repurchases. Maturity shortfall, analytical warnings and drawability conventions remain separately classified and are not official covenant conclusions."
P6E-0040,MODERATE_UNMITIGATED,proposed,PEAK_SUBSEQUENT_PERIOD_END_REVOLVER,2027-01-31,WARNING,147.27617834698350911877153,maximum modeled month-end balance after opening,,,,,no,no,,,adverse_conservative,,5,chronological_analytical_event_not_contractual_default,SRC-001;SRC-002;SRC-003,P6M-MODERATE_UNMITIGATED-P-0012,"Mandatory payment failure excludes missed dividends and repurchases. Maturity shortfall, analytical warnings and drawability conventions remain separately classified and are not official covenant conclusions."
P6E-0041,MODERATE_UNMITIGATED,proposed,PEAK_REVOLVER_INCLUDING_OPENING,2027-01-31,WARNING,147.27617834698350911877153,maximum of opening and subsequent month-end balances,,,,,no,no,,,adverse_conservative,,5,chronological_analytical_event_not_contractual_default,SRC-001;SRC-002;SRC-003,P6M-MODERATE_UNMITIGATED-P-0012,"Mandatory payment failure excludes missed dividends and repurchases. Maturity shortfall, analytical warnings and drawability conventions remain separately classified and are not official covenant conclusions."
P6E-0042,MODERATE_UNMITIGATED,proposed,FIRST_LIQUIDITY_WARNING,,PASS,,usable liquidity <50,,,,,,,,,adverse_conservative,,,chronological_analytical_event_not_contractual_default,SRC-001;SRC-002;SRC-003,MODERATE_UNMITIGATED,"Mandatory payment failure excludes missed dividends and repurchases. Maturity shortfall, analytical warnings and drawability conventions remain separately classified and are not official covenant conclusions."
P6E-0043,MODERATE_UNMITIGATED,proposed,FIRST_CASH_FLOOR_FAILURE,,PASS,,cash-floor shortfall >0,,,,,,,,,adverse_conservative,,,chronological_analytical_event_not_contractual_default,SRC-001;SRC-002;SRC-003,MODERATE_UNMITIGATED,"Mandatory payment failure excludes missed dividends and repurchases. Maturity shortfall, analytical warnings and drawability conventions remain separately classified and are not official covenant conclusions."
P6E-0044,MODERATE_UNMITIGATED,proposed,FIRST_ANALYTICAL_LEVERAGE_FAILURE,2026-10-31,BREACHED_ANALYTICAL_THRESHOLD,3.95962260452227256913022908,above analytical threshold,,,,,no,no,,,adverse_conservative,,4,chronological_analytical_event_not_contractual_default,SRC-001;SRC-002;SRC-003,P6M-MODERATE_UNMITIGATED-P-0009,"Mandatory payment failure excludes missed dividends and repurchases. Maturity shortfall, analytical warnings and drawability conventions remain separately classified and are not official covenant conclusions."
P6E-0045,MODERATE_UNMITIGATED,proposed,FIRST_ANALYTICAL_COVERAGE_FAILURE,,PASS,,below 3.00x,,,,,,,,,adverse_conservative,,,chronological_analytical_event_not_contractual_default,SRC-001;SRC-002;SRC-003,MODERATE_UNMITIGATED,"Mandatory payment failure excludes missed dividends and repurchases. Maturity shortfall, analytical warnings and drawability conventions remain separately classified and are not official covenant conclusions."
P6E-0046,MODERATE_UNMITIGATED,proposed,FIRST_NO_WAIVER_DRAWABILITY_SHUTOFF,,NOT_APPLICABLE,,new draws unavailable,,,,,,,,,adverse_conservative,,,chronological_analytical_event_not_contractual_default,SRC-001;SRC-002;SRC-003,MODERATE_UNMITIGATED,"Mandatory payment failure excludes missed dividends and repurchases. Maturity shortfall, analytical warnings and drawability conventions remain separately classified and are not official covenant conclusions."
P6E-0047,MODERATE_UNMITIGATED,proposed,FIRST_REVOLVER_CAPACITY_EXHAUSTION,,PASS,,nominal revolver availability <=0,,,,,,,,,adverse_conservative,,,chronological_analytical_event_not_contractual_default,SRC-001;SRC-002;SRC-003,MODERATE_UNMITIGATED,"Mandatory payment failure excludes missed dividends and repurchases. Maturity shortfall, analytical warnings and drawability conventions remain separately classified and are not official covenant conclusions."
P6E-0048,MODERATE_UNMITIGATED,proposed,FIRST_MANDATORY_PAYMENT_FAILURE,,PASS,,"unpaid cash interest, scheduled term principal or retained mandatory obligation",,,,,,,,,adverse_conservative,,,chronological_analytical_event_not_contractual_default,SRC-001;SRC-002;SRC-003,MODERATE_UNMITIGATED,"Mandatory payment failure excludes missed dividends and repurchases. Maturity shortfall, analytical warnings and drawability conventions remain separately classified and are not official covenant conclusions."
P6E-0049,MODERATE_UNMITIGATED,proposed,FIRST_SCHEDULED_INTEREST_FAILURE,,PASS,,cash-interest shortfall >0,,,,,,,,,adverse_conservative,,,chronological_analytical_event_not_contractual_default,SRC-001;SRC-002;SRC-003,MODERATE_UNMITIGATED,"Mandatory payment failure excludes missed dividends and repurchases. Maturity shortfall, analytical warnings and drawability conventions remain separately classified and are not official covenant conclusions."
P6E-0050,MODERATE_UNMITIGATED,proposed,FIRST_SCHEDULED_PRINCIPAL_FAILURE,,PASS,,scheduled-term-principal shortfall >0,,,,,,,,,adverse_conservative,,,chronological_analytical_event_not_contractual_default,SRC-001;SRC-002;SRC-003,MODERATE_UNMITIGATED,"Mandatory payment failure excludes missed dividends and repurchases. Maturity shortfall, analytical warnings and drawability conventions remain separately classified and are not official covenant conclusions."
P6E-0051,MODERATE_UNMITIGATED,proposed,FIRST_RETAINED_OBLIGATION_FAILURE,,PASS,,retained-obligation shortfall >0,,,,,,,,,adverse_conservative,,,chronological_analytical_event_not_contractual_default,SRC-001;SRC-002;SRC-003,MODERATE_UNMITIGATED,"Mandatory payment failure excludes missed dividends and repurchases. Maturity shortfall, analytical warnings and drawability conventions remain separately classified and are not official covenant conclusions."
P6E-0052,MODERATE_UNMITIGATED,proposed,FIRST_DISTRIBUTION_RESTRICTION_FLAG,2026-02-28,WARNING,0.4166666666666666666666666667,narrow or broad analytical flag; not a payment default,,,,,no,no,,,adverse_conservative,,2,chronological_analytical_event_not_contractual_default,SRC-001;SRC-002;SRC-003,P6M-MODERATE_UNMITIGATED-P-0001,"Mandatory payment failure excludes missed dividends and repurchases. Maturity shortfall, analytical warnings and drawability conventions remain separately classified and are not official covenant conclusions."
P6E-0053,MODERATE_UNMITIGATED,proposed,EXISTING_MATURITY_SHORTFALL,,NOT_APPLICABLE,,unfunded at existing maturity,,,,,,,,,adverse_conservative,,,chronological_analytical_event_not_contractual_default,SRC-001;SRC-002;SRC-003,MODERATE_UNMITIGATED,"Mandatory payment failure excludes missed dividends and repurchases. Maturity shortfall, analytical warnings and drawability conventions remain separately classified and are not official covenant conclusions."
P6E-0054,MODERATE_UNMITIGATED,proposed,PROPOSED_MATURITY_SHORTFALL,2031-01-31,MATURITY_SHORTFALL,429.4873934816684656788537555,unfunded at proposed maturity,MATURITY_PRINCIPAL,429.4873934816684656788537555,0,429.4873934816684656788537555,no,no,,,adverse_conservative,maturity_shortfall,6,chronological_analytical_event_not_contractual_default,SRC-001;SRC-002;SRC-003,P6M-MODERATE_UNMITIGATED-P-0060,"Mandatory payment failure excludes missed dividends and repurchases. Maturity shortfall, analytical warnings and drawability conventions remain separately classified and are not official covenant conclusions."
P6E-0055,MODERATE_UNMITIGATED,existing,OPENING_REVOLVER_EXPOSURE,OPENING_POSITION,WARNING,207.39771875,opening balance,,,,,,,,,adverse_conservative,,1,chronological_analytical_event_not_contractual_default,SRC-001;SRC-002;SRC-003,MODERATE_UNMITIGATED,"Mandatory payment failure excludes missed dividends and repurchases. Maturity shortfall, analytical warnings and drawability conventions remain separately classified and are not official covenant conclusions."
P6E-0056,MODERATE_UNMITIGATED,existing,FIRST_INCREMENTAL_POST_CLOSING_DRAW,2026-02-28,WARNING,15.90059713996170328086272145,>0 incremental draw,,,,,no,no,,,adverse_conservative,,2,chronological_analytical_event_not_contractual_default,SRC-001;SRC-002;SRC-003,P6M-MODERATE_UNMITIGATED-E-0001,"Mandatory payment failure excludes missed dividends and repurchases. Maturity shortfall, analytical warnings and drawability conventions remain separately classified and are not official covenant conclusions."
P6E-0057,MODERATE_UNMITIGATED,existing,FIRST_REVOLVER_REPAYMENT,2026-06-30,WARNING,2.34762577313788104657730217,>0 repayment,,,,,no,no,,,adverse_conservative,,3,chronological_analytical_event_not_contractual_default,SRC-001;SRC-002;SRC-003,P6M-MODERATE_UNMITIGATED-E-0005,"Mandatory payment failure excludes missed dividends and repurchases. Maturity shortfall, analytical warnings and drawability conventions remain separately classified and are not official covenant conclusions."
P6E-0058,MODERATE_UNMITIGATED,existing,PEAK_SUBSEQUENT_PERIOD_END_REVOLVER,2027-01-31,WARNING,283.9897862998153578570090639,maximum modeled month-end balance after opening,,,,,no,no,,,adverse_conservative,,5,chronological_analytical_event_not_contractual_default,SRC-001;SRC-002;SRC-003,P6M-MODERATE_UNMITIGATED-E-0012,"Mandatory payment failure excludes missed dividends and repurchases. Maturity shortfall, analytical warnings and drawability conventions remain separately classified and are not official covenant conclusions."
P6E-0059,MODERATE_UNMITIGATED,existing,PEAK_REVOLVER_INCLUDING_OPENING,2027-01-31,WARNING,283.9897862998153578570090639,maximum of opening and subsequent month-end balances,,,,,no,no,,,adverse_conservative,,5,chronological_analytical_event_not_contractual_default,SRC-001;SRC-002;SRC-003,P6M-MODERATE_UNMITIGATED-E-0012,"Mandatory payment failure excludes missed dividends and repurchases. Maturity shortfall, analytical warnings and drawability conventions remain separately classified and are not official covenant conclusions."
P6E-0060,MODERATE_UNMITIGATED,existing,FIRST_LIQUIDITY_WARNING,,PASS,,usable liquidity <50,,,,,,,,,adverse_conservative,,,chronological_analytical_event_not_contractual_default,SRC-001;SRC-002;SRC-003,MODERATE_UNMITIGATED,"Mandatory payment failure excludes missed dividends and repurchases. Maturity shortfall, analytical warnings and drawability conventions remain separately classified and are not official covenant conclusions."
P6E-0061,MODERATE_UNMITIGATED,existing,FIRST_CASH_FLOOR_FAILURE,,PASS,,cash-floor shortfall >0,,,,,,,,,adverse_conservative,,,chronological_analytical_event_not_contractual_default,SRC-001;SRC-002;SRC-003,MODERATE_UNMITIGATED,"Mandatory payment failure excludes missed dividends and repurchases. Maturity shortfall, analytical warnings and drawability conventions remain separately classified and are not official covenant conclusions."
P6E-0062,MODERATE_UNMITIGATED,existing,FIRST_ANALYTICAL_LEVERAGE_FAILURE,2026-10-31,BREACHED_ANALYTICAL_THRESHOLD,3.90179349826892650522744099,above analytical threshold,,,,,no,no,,,adverse_conservative,,4,chronological_analytical_event_not_contractual_default,SRC-001;SRC-002;SRC-003,P6M-MODERATE_UNMITIGATED-E-0009,"Mandatory payment failure excludes missed dividends and repurchases. Maturity shortfall, analytical warnings and drawability conventions remain separately classified and are not official covenant conclusions."
P6E-0063,MODERATE_UNMITIGATED,existing,FIRST_ANALYTICAL_COVERAGE_FAILURE,,PASS,,below 3.00x,,,,,,,,,adverse_conservative,,,chronological_analytical_event_not_contractual_default,SRC-001;SRC-002;SRC-003,MODERATE_UNMITIGATED,"Mandatory payment failure excludes missed dividends and repurchases. Maturity shortfall, analytical warnings and drawability conventions remain separately classified and are not official covenant conclusions."
P6E-0064,MODERATE_UNMITIGATED,existing,FIRST_NO_WAIVER_DRAWABILITY_SHUTOFF,,NOT_APPLICABLE,,new draws unavailable,,,,,,,,,adverse_conservative,,,chronological_analytical_event_not_contractual_default,SRC-001;SRC-002;SRC-003,MODERATE_UNMITIGATED,"Mandatory payment failure excludes missed dividends and repurchases. Maturity shortfall, analytical warnings and drawability conventions remain separately classified and are not official covenant conclusions."
P6E-0065,MODERATE_UNMITIGATED,existing,FIRST_REVOLVER_CAPACITY_EXHAUSTION,,PASS,,nominal revolver availability <=0,,,,,,,,,adverse_conservative,,,chronological_analytical_event_not_contractual_default,SRC-001;SRC-002;SRC-003,MODERATE_UNMITIGATED,"Mandatory payment failure excludes missed dividends and repurchases. Maturity shortfall, analytical warnings and drawability conventions remain separately classified and are not official covenant conclusions."
P6E-0066,MODERATE_UNMITIGATED,existing,FIRST_MANDATORY_PAYMENT_FAILURE,,PASS,,"unpaid cash interest, scheduled term principal or retained mandatory obligation",,,,,,,,,adverse_conservative,,,chronological_analytical_event_not_contractual_default,SRC-001;SRC-002;SRC-003,MODERATE_UNMITIGATED,"Mandatory payment failure excludes missed dividends and repurchases. Maturity shortfall, analytical warnings and drawability conventions remain separately classified and are not official covenant conclusions."
P6E-0067,MODERATE_UNMITIGATED,existing,FIRST_SCHEDULED_INTEREST_FAILURE,,PASS,,cash-interest shortfall >0,,,,,,,,,adverse_conservative,,,chronological_analytical_event_not_contractual_default,SRC-001;SRC-002;SRC-003,MODERATE_UNMITIGATED,"Mandatory payment failure excludes missed dividends and repurchases. Maturity shortfall, analytical warnings and drawability conventions remain separately classified and are not official covenant conclusions."
P6E-0068,MODERATE_UNMITIGATED,existing,FIRST_SCHEDULED_PRINCIPAL_FAILURE,,PASS,,scheduled-term-principal shortfall >0,,,,,,,,,adverse_conservative,,,chronological_analytical_event_not_contractual_default,SRC-001;SRC-002;SRC-003,MODERATE_UNMITIGATED,"Mandatory payment failure excludes missed dividends and repurchases. Maturity shortfall, analytical warnings and drawability conventions remain separately classified and are not official covenant conclusions."
P6E-0069,MODERATE_UNMITIGATED,existing,FIRST_RETAINED_OBLIGATION_FAILURE,,PASS,,retained-obligation shortfall >0,,,,,,,,,adverse_conservative,,,chronological_analytical_event_not_contractual_default,SRC-001;SRC-002;SRC-003,MODERATE_UNMITIGATED,"Mandatory payment failure excludes missed dividends and repurchases. Maturity shortfall, analytical warnings and drawability conventions remain separately classified and are not official covenant conclusions."
P6E-0070,MODERATE_UNMITIGATED,existing,FIRST_DISTRIBUTION_RESTRICTION_FLAG,,PASS,,narrow or broad analytical flag; not a payment default,,,,,,,,,adverse_conservative,,,chronological_analytical_event_not_contractual_default,SRC-001;SRC-002;SRC-003,MODERATE_UNMITIGATED,"Mandatory payment failure excludes missed dividends and repurchases. Maturity shortfall, analytical warnings and drawability conventions remain separately classified and are not official covenant conclusions."
P6E-0071,MODERATE_UNMITIGATED,existing,EXISTING_MATURITY_SHORTFALL,2029-07-31,MATURITY_SHORTFALL,512.8279388043013359737406642,unfunded at existing maturity,MATURITY_PRINCIPAL,512.8279388043013359737406642,0,512.8279388043013359737406642,no,no,,,adverse_conservative,maturity_shortfall,6,chronological_analytical_event_not_contractual_default,SRC-001;SRC-002;SRC-003,P6M-MODERATE_UNMITIGATED-E-0042,"Mandatory payment failure excludes missed dividends and repurchases. Maturity shortfall, analytical warnings and drawability conventions remain separately classified and are not official covenant conclusions."
P6E-0072,MODERATE_UNMITIGATED,existing,PROPOSED_MATURITY_SHORTFALL,,NOT_APPLICABLE,,unfunded at proposed maturity,,,,,,,,,adverse_conservative,,,chronological_analytical_event_not_contractual_default,SRC-001;SRC-002;SRC-003,MODERATE_UNMITIGATED,"Mandatory payment failure excludes missed dividends and repurchases. Maturity shortfall, analytical warnings and drawability conventions remain separately classified and are not official covenant conclusions."
P6E-0073,SEVERE_UNMITIGATED,proposed,OPENING_REVOLVER_EXPOSURE,OPENING_POSITION,WARNING,29.89771875,opening balance,,,,,,,,,adverse_conservative,,1,chronological_analytical_event_not_contractual_default,SRC-001;SRC-002;SRC-003,SEVERE_UNMITIGATED,"Mandatory payment failure excludes missed dividends and repurchases. Maturity shortfall, analytical warnings and drawability conventions remain separately classified and are not official covenant conclusions."
P6E-0074,SEVERE_UNMITIGATED,proposed,FIRST_INCREMENTAL_POST_CLOSING_DRAW,2026-02-28,WARNING,23.8917026994835599367669523,>0 incremental draw,,,,,no,no,,,adverse_conservative,,2,chronological_analytical_event_not_contractual_default,SRC-001;SRC-002;SRC-003,P6M-SEVERE_UNMITIGATED-P-0001,"Mandatory payment failure excludes missed dividends and repurchases. Maturity shortfall, analytical warnings and drawability conventions remain separately classified and are not official covenant conclusions."
P6E-0075,SEVERE_UNMITIGATED,proposed,FIRST_REVOLVER_REPAYMENT,2028-07-31,WARNING,10.71493769712925900961296358,>0 repayment,,,,,no,no,,,adverse_conservative,,9,chronological_analytical_event_not_contractual_default,SRC-001;SRC-002;SRC-003,P6M-SEVERE_UNMITIGATED-P-0030,"Mandatory payment failure excludes missed dividends and repurchases. Maturity shortfall, analytical warnings and drawability conventions remain separately classified and are not official covenant conclusions."
P6E-0076,SEVERE_UNMITIGATED,proposed,PEAK_SUBSEQUENT_PERIOD_END_REVOLVER,2027-04-30,WARNING,293.8,maximum modeled month-end balance after opening,,,,,yes,no,,,adverse_conservative,,6,chronological_analytical_event_not_contractual_default,SRC-001;SRC-002;SRC-003,P6M-SEVERE_UNMITIGATED-P-0015,"Mandatory payment failure excludes missed dividends and repurchases. Maturity shortfall, analytical warnings and drawability conventions remain separately classified and are not official covenant conclusions."
P6E-0077,SEVERE_UNMITIGATED,proposed,PEAK_REVOLVER_INCLUDING_OPENING,2027-04-30,WARNING,293.8,maximum of opening and subsequent month-end balances,,,,,yes,no,,,adverse_conservative,,6,chronological_analytical_event_not_contractual_default,SRC-001;SRC-002;SRC-003,P6M-SEVERE_UNMITIGATED-P-0015,"Mandatory payment failure excludes missed dividends and repurchases. Maturity shortfall, analytical warnings and drawability conventions remain separately classified and are not official covenant conclusions."
P6E-0078,SEVERE_UNMITIGATED,proposed,FIRST_LIQUIDITY_WARNING,2026-07-31,BREACHED_ANALYTICAL_THRESHOLD,49.808664932676876518592345,usable liquidity <50,,,,,no,no,,,adverse_conservative,,3,chronological_analytical_event_not_contractual_default,SRC-001;SRC-002;SRC-003,P6M-SEVERE_UNMITIGATED-P-0006,"Mandatory payment failure excludes missed dividends and repurchases. Maturity shortfall, analytical warnings and drawability conventions remain separately classified and are not official covenant conclusions."
P6E-0079,SEVERE_UNMITIGATED,proposed,FIRST_CASH_FLOOR_FAILURE,2027-04-30,LIQUIDITY_FAILURE,6.70159560053749160197908718,cash-floor shortfall >0,,,,,yes,no,,,adverse_conservative,,6,chronological_analytical_event_not_contractual_default,SRC-001;SRC-002;SRC-003,P6M-SEVERE_UNMITIGATED-P-0015,"Mandatory payment failure excludes missed dividends and repurchases. Maturity shortfall, analytical warnings and drawability conventions remain separately classified and are not official covenant conclusions."
P6E-0080,SEVERE_UNMITIGATED,proposed,FIRST_ANALYTICAL_LEVERAGE_FAILURE,2026-10-31,BREACHED_ANALYTICAL_THRESHOLD,5.769828205720154375252744484,above analytical threshold,,,,,no,no,,,adverse_conservative,,4,chronological_analytical_event_not_contractual_default,SRC-001;SRC-002;SRC-003,P6M-SEVERE_UNMITIGATED-P-0009,"Mandatory payment failure excludes missed dividends and repurchases. Maturity shortfall, analytical warnings and drawability conventions remain separately classified and are not official covenant conclusions."
P6E-0081,SEVERE_UNMITIGATED,proposed,FIRST_ANALYTICAL_COVERAGE_FAILURE,2027-01-31,BREACHED_ANALYTICAL_THRESHOLD,1.821406749102646641396736754,below 3.00x,,,,,no,no,,,adverse_conservative,,5,chronological_analytical_event_not_contractual_default,SRC-001;SRC-002;SRC-003,P6M-SEVERE_UNMITIGATED-P-0012,"Mandatory payment failure excludes missed dividends and repurchases. Maturity shortfall, analytical warnings and drawability conventions remain separately classified and are not official covenant conclusions."
P6E-0082,SEVERE_UNMITIGATED,proposed,FIRST_NO_WAIVER_DRAWABILITY_SHUTOFF,,NOT_APPLICABLE,,new draws unavailable,,,,,,,,,adverse_conservative,,,chronological_analytical_event_not_contractual_default,SRC-001;SRC-002;SRC-003,SEVERE_UNMITIGATED,"Mandatory payment failure excludes missed dividends and repurchases. Maturity shortfall, analytical warnings and drawability conventions remain separately classified and are not official covenant conclusions."
P6E-0083,SEVERE_UNMITIGATED,proposed,FIRST_REVOLVER_CAPACITY_EXHAUSTION,2027-04-30,LIQUIDITY_FAILURE,0,nominal revolver availability <=0,,,,,yes,no,,,adverse_conservative,,6,chronological_analytical_event_not_contractual_default,SRC-001;SRC-002;SRC-003,P6M-SEVERE_UNMITIGATED-P-0015,"Mandatory payment failure excludes missed dividends and repurchases. Maturity shortfall, analytical warnings and drawability conventions remain separately classified and are not official covenant conclusions."
P6E-0084,SEVERE_UNMITIGATED,proposed,FIRST_MANDATORY_PAYMENT_FAILURE,2027-07-31,MANDATORY_PAYMENT_FAILURE,1.90938455738700413432727889,"unpaid cash interest, scheduled term principal or retained mandatory obligation",SCHEDULED_TERM_PRINCIPAL,16.25,14.34061544261299586567272111,1.90938455738700413432727889,yes,no,14.34061544261299586567272111,0,adverse_conservative,interim_mandatory_payment_failure,7,chronological_analytical_event_not_contractual_default,SRC-001;SRC-002;SRC-003,P6M-SEVERE_UNMITIGATED-P-0018,"Mandatory payment failure excludes missed dividends and repurchases. Maturity shortfall, analytical warnings and drawability conventions remain separately classified and are not official covenant conclusions."
P6E-0085,SEVERE_UNMITIGATED,proposed,FIRST_SCHEDULED_INTEREST_FAILURE,2027-08-31,MANDATORY_PAYMENT_FAILURE,4.03654182697294388580957081,cash-interest shortfall >0,CASH_INTEREST,6.057628688047338854525987318,2.021086861074394968716416508,4.03654182697294388580957081,yes,no,2.021086861074394968716416508,0,adverse_conservative,interim_mandatory_payment_failure,8,chronological_analytical_event_not_contractual_default,SRC-001;SRC-002;SRC-003,P6M-SEVERE_UNMITIGATED-P-0019,"Mandatory payment failure excludes missed dividends and repurchases. Maturity shortfall, analytical warnings and drawability conventions remain separately classified and are not official covenant conclusions."
P6E-0086,SEVERE_UNMITIGATED,proposed,FIRST_SCHEDULED_PRINCIPAL_FAILURE,2027-07-31,MANDATORY_PAYMENT_FAILURE,1.90938455738700413432727889,scheduled-term-principal shortfall >0,SCHEDULED_TERM_PRINCIPAL,16.25,14.34061544261299586567272111,1.90938455738700413432727889,yes,no,14.34061544261299586567272111,0,adverse_conservative,interim_mandatory_payment_failure,7,chronological_analytical_event_not_contractual_default,SRC-001;SRC-002;SRC-003,P6M-SEVERE_UNMITIGATED-P-0018,"Mandatory payment failure excludes missed dividends and repurchases. Maturity shortfall, analytical warnings and drawability conventions remain separately classified and are not official covenant conclusions."
P6E-0087,SEVERE_UNMITIGATED,proposed,FIRST_RETAINED_OBLIGATION_FAILURE,2027-08-31,MANDATORY_PAYMENT_FAILURE,0.66925,retained-obligation shortfall >0,RETAINED_MANDATORY_OBLIGATION,0.66925,0,0.66925,yes,no,,,adverse_conservative,interim_mandatory_payment_failure,8,chronological_analytical_event_not_contractual_default,SRC-001;SRC-002;SRC-003,P6M-SEVERE_UNMITIGATED-P-0019,"Mandatory payment failure excludes missed dividends and repurchases. Maturity shortfall, analytical warnings and drawability conventions remain separately classified and are not official covenant conclusions."
P6E-0088,SEVERE_UNMITIGATED,proposed,FIRST_DISTRIBUTION_RESTRICTION_FLAG,2026-02-28,WARNING,0.4166666666666666666666666667,narrow or broad analytical flag; not a payment default,,,,,no,no,,,adverse_conservative,,2,chronological_analytical_event_not_contractual_default,SRC-001;SRC-002;SRC-003,P6M-SEVERE_UNMITIGATED-P-0001,"Mandatory payment failure excludes missed dividends and repurchases. Maturity shortfall, analytical warnings and drawability conventions remain separately classified and are not official covenant conclusions."
P6E-0089,SEVERE_UNMITIGATED,proposed,EXISTING_MATURITY_SHORTFALL,,NOT_APPLICABLE,,unfunded at existing maturity,,,,,,,,,adverse_conservative,,,chronological_analytical_event_not_contractual_default,SRC-001;SRC-002;SRC-003,SEVERE_UNMITIGATED,"Mandatory payment failure excludes missed dividends and repurchases. Maturity shortfall, analytical warnings and drawability conventions remain separately classified and are not official covenant conclusions."
P6E-0090,SEVERE_UNMITIGATED,proposed,PROPOSED_MATURITY_SHORTFALL,2031-01-31,MATURITY_SHORTFALL,599.6383060174362866681549561,unfunded at proposed maturity,MATURITY_PRINCIPAL,599.6383060174362866681549561,0,599.6383060174362866681549561,no,no,,,adverse_conservative,maturity_shortfall,10,chronological_analytical_event_not_contractual_default,SRC-001;SRC-002;SRC-003,P6M-SEVERE_UNMITIGATED-P-0060,"Mandatory payment failure excludes missed dividends and repurchases. Maturity shortfall, analytical warnings and drawability conventions remain separately classified and are not official covenant conclusions."
P6E-0091,SEVERE_UNMITIGATED,existing,OPENING_REVOLVER_EXPOSURE,OPENING_POSITION,WARNING,207.39771875,opening balance,,,,,,,,,adverse_conservative,,1,chronological_analytical_event_not_contractual_default,SRC-001;SRC-002;SRC-003,SEVERE_UNMITIGATED,"Mandatory payment failure excludes missed dividends and repurchases. Maturity shortfall, analytical warnings and drawability conventions remain separately classified and are not official covenant conclusions."
P6E-0092,SEVERE_UNMITIGATED,existing,FIRST_INCREMENTAL_POST_CLOSING_DRAW,2026-02-28,WARNING,23.82003010191641406811391766,>0 incremental draw,,,,,no,no,,,adverse_conservative,,2,chronological_analytical_event_not_contractual_default,SRC-001;SRC-002;SRC-003,P6M-SEVERE_UNMITIGATED-E-0001,"Mandatory payment failure excludes missed dividends and repurchases. Maturity shortfall, analytical warnings and drawability conventions remain separately classified and are not official covenant conclusions."
P6E-0093,SEVERE_UNMITIGATED,existing,FIRST_REVOLVER_REPAYMENT,2026-07-31,WARNING,6.90657814314188281473205222,>0 repayment,,,,,no,no,,,adverse_conservative,,3,chronological_analytical_event_not_contractual_default,SRC-001;SRC-002;SRC-003,P6M-SEVERE_UNMITIGATED-E-0006,"Mandatory payment failure excludes missed dividends and repurchases. Maturity shortfall, analytical warnings and drawability conventions remain separately classified and are not official covenant conclusions."
P6E-0094,SEVERE_UNMITIGATED,existing,PEAK_SUBSEQUENT_PERIOD_END_REVOLVER,2028-01-31,WARNING,468.8,maximum modeled month-end balance after opening,,,,,yes,no,,,adverse_conservative,,7,chronological_analytical_event_not_contractual_default,SRC-001;SRC-002;SRC-003,P6M-SEVERE_UNMITIGATED-E-0024,"Mandatory payment failure excludes missed dividends and repurchases. Maturity shortfall, analytical warnings and drawability conventions remain separately classified and are not official covenant conclusions."
P6E-0095,SEVERE_UNMITIGATED,existing,PEAK_REVOLVER_INCLUDING_OPENING,2028-01-31,WARNING,468.8,maximum of opening and subsequent month-end balances,,,,,yes,no,,,adverse_conservative,,7,chronological_analytical_event_not_contractual_default,SRC-001;SRC-002;SRC-003,P6M-SEVERE_UNMITIGATED-E-0024,"Mandatory payment failure excludes missed dividends and repurchases. Maturity shortfall, analytical warnings and drawability conventions remain separately classified and are not official covenant conclusions."
P6E-0096,SEVERE_UNMITIGATED,existing,FIRST_LIQUIDITY_WARNING,2027-02-28,BREACHED_ANALYTICAL_THRESHOLD,45.7712872065444746014513482,usable liquidity <50,,,,,no,no,,,adverse_conservative,,6,chronological_analytical_event_not_contractual_default,SRC-001;SRC-002;SRC-003,P6M-SEVERE_UNMITIGATED-E-0013,"Mandatory payment failure excludes missed dividends and repurchases. Maturity shortfall, analytical warnings and drawability conventions remain separately classified and are not official covenant conclusions."
P6E-0097,SEVERE_UNMITIGATED,existing,FIRST_CASH_FLOOR_FAILURE,2028-01-31,LIQUIDITY_FAILURE,10.69372113981900861090088861,cash-floor shortfall >0,,,,,yes,no,,,adverse_conservative,,7,chronological_analytical_event_not_contractual_default,SRC-001;SRC-002;SRC-003,P6M-SEVERE_UNMITIGATED-E-0024,"Mandatory payment failure excludes missed dividends and repurchases. Maturity shortfall, analytical warnings and drawability conventions remain separately classified and are not official covenant conclusions."
P6E-0098,SEVERE_UNMITIGATED,existing,FIRST_ANALYTICAL_LEVERAGE_FAILURE,2026-10-31,BREACHED_ANALYTICAL_THRESHOLD,5.69773326279657357783753314,above analytical threshold,,,,,no,no,,,adverse_conservative,,4,chronological_analytical_event_not_contractual_default,SRC-001;SRC-002;SRC-003,P6M-SEVERE_UNMITIGATED-E-0009,"Mandatory payment failure excludes missed dividends and repurchases. Maturity shortfall, analytical warnings and drawability conventions remain separately classified and are not official covenant conclusions."
P6E-0099,SEVERE_UNMITIGATED,existing,FIRST_ANALYTICAL_COVERAGE_FAILURE,2027-01-31,BREACHED_ANALYTICAL_THRESHOLD,1.84446690604293686102103841,below 3.00x,,,,,no,no,,,adverse_conservative,,5,chronological_analytical_event_not_contractual_default,SRC-001;SRC-002;SRC-003,P6M-SEVERE_UNMITIGATED-E-0012,"Mandatory payment failure excludes missed dividends and repurchases. Maturity shortfall, analytical warnings and drawability conventions remain separately classified and are not official covenant conclusions."
P6E-0100,SEVERE_UNMITIGATED,existing,FIRST_NO_WAIVER_DRAWABILITY_SHUTOFF,,NOT_APPLICABLE,,new draws unavailable,,,,,,,,,adverse_conservative,,,chronological_analytical_event_not_contractual_default,SRC-001;SRC-002;SRC-003,SEVERE_UNMITIGATED,"Mandatory payment failure excludes missed dividends and repurchases. Maturity shortfall, analytical warnings and drawability conventions remain separately classified and are not official covenant conclusions."
P6E-0101,SEVERE_UNMITIGATED,existing,FIRST_REVOLVER_CAPACITY_EXHAUSTION,2028-01-31,LIQUIDITY_FAILURE,0,nominal revolver availability <=0,,,,,yes,no,,,adverse_conservative,,7,chronological_analytical_event_not_contractual_default,SRC-001;SRC-002;SRC-003,P6M-SEVERE_UNMITIGATED-E-0024,"Mandatory payment failure excludes missed dividends and repurchases. Maturity shortfall, analytical warnings and drawability conventions remain separately classified and are not official covenant conclusions."
P6E-0102,SEVERE_UNMITIGATED,existing,FIRST_MANDATORY_PAYMENT_FAILURE,,PASS,,"unpaid cash interest, scheduled term principal or retained mandatory obligation",,,,,,,,,adverse_conservative,,,chronological_analytical_event_not_contractual_default,SRC-001;SRC-002;SRC-003,SEVERE_UNMITIGATED,"Mandatory payment failure excludes missed dividends and repurchases. Maturity shortfall, analytical warnings and drawability conventions remain separately classified and are not official covenant conclusions."
P6E-0103,SEVERE_UNMITIGATED,existing,FIRST_SCHEDULED_INTEREST_FAILURE,,PASS,,cash-interest shortfall >0,,,,,,,,,adverse_conservative,,,chronological_analytical_event_not_contractual_default,SRC-001;SRC-002;SRC-003,SEVERE_UNMITIGATED,"Mandatory payment failure excludes missed dividends and repurchases. Maturity shortfall, analytical warnings and drawability conventions remain separately classified and are not official covenant conclusions."
P6E-0104,SEVERE_UNMITIGATED,existing,FIRST_SCHEDULED_PRINCIPAL_FAILURE,,PASS,,scheduled-term-principal shortfall >0,,,,,,,,,adverse_conservative,,,chronological_analytical_event_not_contractual_default,SRC-001;SRC-002;SRC-003,SEVERE_UNMITIGATED,"Mandatory payment failure excludes missed dividends and repurchases. Maturity shortfall, analytical warnings and drawability conventions remain separately classified and are not official covenant conclusions."
P6E-0105,SEVERE_UNMITIGATED,existing,FIRST_RETAINED_OBLIGATION_FAILURE,,PASS,,retained-obligation shortfall >0,,,,,,,,,adverse_conservative,,,chronological_analytical_event_not_contractual_default,SRC-001;SRC-002;SRC-003,SEVERE_UNMITIGATED,"Mandatory payment failure excludes missed dividends and repurchases. Maturity shortfall, analytical warnings and drawability conventions remain separately classified and are not official covenant conclusions."
P6E-0106,SEVERE_UNMITIGATED,existing,FIRST_DISTRIBUTION_RESTRICTION_FLAG,,PASS,,narrow or broad analytical flag; not a payment default,,,,,,,,,adverse_conservative,,,chronological_analytical_event_not_contractual_default,SRC-001;SRC-002;SRC-003,SEVERE_UNMITIGATED,"Mandatory payment failure excludes missed dividends and repurchases. Maturity shortfall, analytical warnings and drawability conventions remain separately classified and are not official covenant conclusions."
P6E-0107,SEVERE_UNMITIGATED,existing,EXISTING_MATURITY_SHORTFALL,2029-07-31,MATURITY_SHORTFALL,705.6846154956622955690639524,unfunded at existing maturity,MATURITY_PRINCIPAL,705.6846154956622955690639524,0,705.6846154956622955690639524,no,no,,,adverse_conservative,maturity_shortfall,8,chronological_analytical_event_not_contractual_default,SRC-001;SRC-002;SRC-003,P6M-SEVERE_UNMITIGATED-E-0042,"Mandatory payment failure excludes missed dividends and repurchases. Maturity shortfall, analytical warnings and drawability conventions remain separately classified and are not official covenant conclusions."
P6E-0108,SEVERE_UNMITIGATED,existing,PROPOSED_MATURITY_SHORTFALL,,NOT_APPLICABLE,,unfunded at proposed maturity,,,,,,,,,adverse_conservative,,,chronological_analytical_event_not_contractual_default,SRC-001;SRC-002;SRC-003,SEVERE_UNMITIGATED,"Mandatory payment failure excludes missed dividends and repurchases. Maturity shortfall, analytical warnings and drawability conventions remain separately classified and are not official covenant conclusions."
P6E-0109,MODERATE_MITIGATED,proposed,OPENING_REVOLVER_EXPOSURE,OPENING_POSITION,WARNING,29.89771875,opening balance,,,,,,,,,adverse_conservative,,1,chronological_analytical_event_not_contractual_default,SRC-001;SRC-002;SRC-003,MODERATE_MITIGATED,"Mandatory payment failure excludes missed dividends and repurchases. Maturity shortfall, analytical warnings and drawability conventions remain separately classified and are not official covenant conclusions."
P6E-0110,MODERATE_MITIGATED,proposed,FIRST_INCREMENTAL_POST_CLOSING_DRAW,2026-02-28,WARNING,15.96388007822948952786475914,>0 incremental draw,,,,,no,no,,,adverse_conservative,,2,chronological_analytical_event_not_contractual_default,SRC-001;SRC-002;SRC-003,P6M-MODERATE_MITIGATED-P-0001,"Mandatory payment failure excludes missed dividends and repurchases. Maturity shortfall, analytical warnings and drawability conventions remain separately classified and are not official covenant conclusions."
P6E-0111,MODERATE_MITIGATED,proposed,FIRST_REVOLVER_REPAYMENT,2026-06-30,WARNING,2.70335586613725914950774195,>0 repayment,,,,,no,no,,,adverse_conservative,,3,chronological_analytical_event_not_contractual_default,SRC-001;SRC-002;SRC-003,P6M-MODERATE_MITIGATED-P-0005,"Mandatory payment failure excludes missed dividends and repurchases. Maturity shortfall, analytical warnings and drawability conventions remain separately classified and are not official covenant conclusions."
P6E-0112,MODERATE_MITIGATED,proposed,PEAK_SUBSEQUENT_PERIOD_END_REVOLVER,2027-01-31,WARNING,143.4176685111916676280777059,maximum modeled month-end balance after opening,,,,,no,no,,,adverse_conservative,,5,chronological_analytical_event_not_contractual_default,SRC-001;SRC-002;SRC-003,P6M-MODERATE_MITIGATED-P-0012,"Mandatory payment failure excludes missed dividends and repurchases. Maturity shortfall, analytical warnings and drawability conventions remain separately classified and are not official covenant conclusions."
P6E-0113,MODERATE_MITIGATED,proposed,PEAK_REVOLVER_INCLUDING_OPENING,2027-01-31,WARNING,143.4176685111916676280777059,maximum of opening and subsequent month-end balances,,,,,no,no,,,adverse_conservative,,5,chronological_analytical_event_not_contractual_default,SRC-001;SRC-002;SRC-003,P6M-MODERATE_MITIGATED-P-0012,"Mandatory payment failure excludes missed dividends and repurchases. Maturity shortfall, analytical warnings and drawability conventions remain separately classified and are not official covenant conclusions."
P6E-0114,MODERATE_MITIGATED,proposed,FIRST_LIQUIDITY_WARNING,,PASS,,usable liquidity <50,,,,,,,,,adverse_conservative,,,chronological_analytical_event_not_contractual_default,SRC-001;SRC-002;SRC-003,MODERATE_MITIGATED,"Mandatory payment failure excludes missed dividends and repurchases. Maturity shortfall, analytical warnings and drawability conventions remain separately classified and are not official covenant conclusions."
P6E-0115,MODERATE_MITIGATED,proposed,FIRST_CASH_FLOOR_FAILURE,,PASS,,cash-floor shortfall >0,,,,,,,,,adverse_conservative,,,chronological_analytical_event_not_contractual_default,SRC-001;SRC-002;SRC-003,MODERATE_MITIGATED,"Mandatory payment failure excludes missed dividends and repurchases. Maturity shortfall, analytical warnings and drawability conventions remain separately classified and are not official covenant conclusions."
P6E-0116,MODERATE_MITIGATED,proposed,FIRST_ANALYTICAL_LEVERAGE_FAILURE,2026-10-31,BREACHED_ANALYTICAL_THRESHOLD,3.945701434019078732689574898,above analytical threshold,,,,,no,no,,,adverse_conservative,,4,chronological_analytical_event_not_contractual_default,SRC-001;SRC-002;SRC-003,P6M-MODERATE_MITIGATED-P-0009,"Mandatory payment failure excludes missed dividends and repurchases. Maturity shortfall, analytical warnings and drawability conventions remain separately classified and are not official covenant conclusions."
P6E-0117,MODERATE_MITIGATED,proposed,FIRST_ANALYTICAL_COVERAGE_FAILURE,,PASS,,below 3.00x,,,,,,,,,adverse_conservative,,,chronological_analytical_event_not_contractual_default,SRC-001;SRC-002;SRC-003,MODERATE_MITIGATED,"Mandatory payment failure excludes missed dividends and repurchases. Maturity shortfall, analytical warnings and drawability conventions remain separately classified and are not official covenant conclusions."
P6E-0118,MODERATE_MITIGATED,proposed,FIRST_NO_WAIVER_DRAWABILITY_SHUTOFF,,NOT_APPLICABLE,,new draws unavailable,,,,,,,,,adverse_conservative,,,chronological_analytical_event_not_contractual_default,SRC-001;SRC-002;SRC-003,MODERATE_MITIGATED,"Mandatory payment failure excludes missed dividends and repurchases. Maturity shortfall, analytical warnings and drawability conventions remain separately classified and are not official covenant conclusions."
P6E-0119,MODERATE_MITIGATED,proposed,FIRST_REVOLVER_CAPACITY_EXHAUSTION,,PASS,,nominal revolver availability <=0,,,,,,,,,adverse_conservative,,,chronological_analytical_event_not_contractual_default,SRC-001;SRC-002;SRC-003,MODERATE_MITIGATED,"Mandatory payment failure excludes missed dividends and repurchases. Maturity shortfall, analytical warnings and drawability conventions remain separately classified and are not official covenant conclusions."
P6E-0120,MODERATE_MITIGATED,proposed,FIRST_MANDATORY_PAYMENT_FAILURE,,PASS,,"unpaid cash interest, scheduled term principal or retained mandatory obligation",,,,,,,,,adverse_conservative,,,chronological_analytical_event_not_contractual_default,SRC-001;SRC-002;SRC-003,MODERATE_MITIGATED,"Mandatory payment failure excludes missed dividends and repurchases. Maturity shortfall, analytical warnings and drawability conventions remain separately classified and are not official covenant conclusions."
P6E-0121,MODERATE_MITIGATED,proposed,FIRST_SCHEDULED_INTEREST_FAILURE,,PASS,,cash-interest shortfall >0,,,,,,,,,adverse_conservative,,,chronological_analytical_event_not_contractual_default,SRC-001;SRC-002;SRC-003,MODERATE_MITIGATED,"Mandatory payment failure excludes missed dividends and repurchases. Maturity shortfall, analytical warnings and drawability conventions remain separately classified and are not official covenant conclusions."
P6E-0122,MODERATE_MITIGATED,proposed,FIRST_SCHEDULED_PRINCIPAL_FAILURE,,PASS,,scheduled-term-principal shortfall >0,,,,,,,,,adverse_conservative,,,chronological_analytical_event_not_contractual_default,SRC-001;SRC-002;SRC-003,MODERATE_MITIGATED,"Mandatory payment failure excludes missed dividends and repurchases. Maturity shortfall, analytical warnings and drawability conventions remain separately classified and are not official covenant conclusions."
P6E-0123,MODERATE_MITIGATED,proposed,FIRST_RETAINED_OBLIGATION_FAILURE,,PASS,,retained-obligation shortfall >0,,,,,,,,,adverse_conservative,,,chronological_analytical_event_not_contractual_default,SRC-001;SRC-002;SRC-003,MODERATE_MITIGATED,"Mandatory payment failure excludes missed dividends and repurchases. Maturity shortfall, analytical warnings and drawability conventions remain separately classified and are not official covenant conclusions."
P6E-0124,MODERATE_MITIGATED,proposed,FIRST_DISTRIBUTION_RESTRICTION_FLAG,2026-02-28,WARNING,0.4166666666666666666666666667,narrow or broad analytical flag; not a payment default,,,,,no,no,,,adverse_conservative,,2,chronological_analytical_event_not_contractual_default,SRC-001;SRC-002;SRC-003,P6M-MODERATE_MITIGATED-P-0001,"Mandatory payment failure excludes missed dividends and repurchases. Maturity shortfall, analytical warnings and drawability conventions remain separately classified and are not official covenant conclusions."
P6E-0125,MODERATE_MITIGATED,proposed,EXISTING_MATURITY_SHORTFALL,,NOT_APPLICABLE,,unfunded at existing maturity,,,,,,,,,adverse_conservative,,,chronological_analytical_event_not_contractual_default,SRC-001;SRC-002;SRC-003,MODERATE_MITIGATED,"Mandatory payment failure excludes missed dividends and repurchases. Maturity shortfall, analytical warnings and drawability conventions remain separately classified and are not official covenant conclusions."
P6E-0126,MODERATE_MITIGATED,proposed,PROPOSED_MATURITY_SHORTFALL,2031-01-31,MATURITY_SHORTFALL,401.5690299099911542104946431,unfunded at proposed maturity,MATURITY_PRINCIPAL,401.5690299099911542104946431,0,401.5690299099911542104946431,no,no,,,adverse_conservative,maturity_shortfall,6,chronological_analytical_event_not_contractual_default,SRC-001;SRC-002;SRC-003,P6M-MODERATE_MITIGATED-P-0060,"Mandatory payment failure excludes missed dividends and repurchases. Maturity shortfall, analytical warnings and drawability conventions remain separately classified and are not official covenant conclusions."
P6E-0127,MODERATE_MITIGATED,existing,OPENING_REVOLVER_EXPOSURE,OPENING_POSITION,WARNING,207.39771875,opening balance,,,,,,,,,adverse_conservative,,1,chronological_analytical_event_not_contractual_default,SRC-001;SRC-002;SRC-003,MODERATE_MITIGATED,"Mandatory payment failure excludes missed dividends and repurchases. Maturity shortfall, analytical warnings and drawability conventions remain separately classified and are not official covenant conclusions."
P6E-0128,MODERATE_MITIGATED,existing,FIRST_INCREMENTAL_POST_CLOSING_DRAW,2026-02-28,WARNING,15.90059713996170328086272145,>0 incremental draw,,,,,no,no,,,adverse_conservative,,2,chronological_analytical_event_not_contractual_default,SRC-001;SRC-002;SRC-003,P6M-MODERATE_MITIGATED-E-0001,"Mandatory payment failure excludes missed dividends and repurchases. Maturity shortfall, analytical warnings and drawability conventions remain separately classified and are not official covenant conclusions."
P6E-0129,MODERATE_MITIGATED,existing,FIRST_REVOLVER_REPAYMENT,2026-06-30,WARNING,2.76825596663422680658422968,>0 repayment,,,,,no,no,,,adverse_conservative,,4,chronological_analytical_event_not_contractual_default,SRC-001;SRC-002;SRC-003,P6M-MODERATE_MITIGATED-E-0005,"Mandatory payment failure excludes missed dividends and repurchases. Maturity shortfall, analytical warnings and drawability conventions remain separately classified and are not official covenant conclusions."
P6E-0130,MODERATE_MITIGATED,existing,PEAK_SUBSEQUENT_PERIOD_END_REVOLVER,2026-05-31,WARNING,280.6912101311143832805002249,maximum modeled month-end balance after opening,,,,,no,no,,,adverse_conservative,,3,chronological_analytical_event_not_contractual_default,SRC-001;SRC-002;SRC-003,P6M-MODERATE_MITIGATED-E-0004,"Mandatory payment failure excludes missed dividends and repurchases. Maturity shortfall, analytical warnings and drawability conventions remain separately classified and are not official covenant conclusions."
P6E-0131,MODERATE_MITIGATED,existing,PEAK_REVOLVER_INCLUDING_OPENING,2026-05-31,WARNING,280.6912101311143832805002249,maximum of opening and subsequent month-end balances,,,,,no,no,,,adverse_conservative,,3,chronological_analytical_event_not_contractual_default,SRC-001;SRC-002;SRC-003,P6M-MODERATE_MITIGATED-E-0004,"Mandatory payment failure excludes missed dividends and repurchases. Maturity shortfall, analytical warnings and drawability conventions remain separately classified and are not official covenant conclusions."
P6E-0132,MODERATE_MITIGATED,existing,FIRST_LIQUIDITY_WARNING,,PASS,,usable liquidity <50,,,,,,,,,adverse_conservative,,,chronological_analytical_event_not_contractual_default,SRC-001;SRC-002;SRC-003,MODERATE_MITIGATED,"Mandatory payment failure excludes missed dividends and repurchases. Maturity shortfall, analytical warnings and drawability conventions remain separately classified and are not official covenant conclusions."
P6E-0133,MODERATE_MITIGATED,existing,FIRST_CASH_FLOOR_FAILURE,,PASS,,cash-floor shortfall >0,,,,,,,,,adverse_conservative,,,chronological_analytical_event_not_contractual_default,SRC-001;SRC-002;SRC-003,MODERATE_MITIGATED,"Mandatory payment failure excludes missed dividends and repurchases. Maturity shortfall, analytical warnings and drawability conventions remain separately classified and are not official covenant conclusions."
P6E-0134,MODERATE_MITIGATED,existing,FIRST_ANALYTICAL_LEVERAGE_FAILURE,2026-10-31,BREACHED_ANALYTICAL_THRESHOLD,3.88787232776573266878678681,above analytical threshold,,,,,no,no,,,adverse_conservative,,5,chronological_analytical_event_not_contractual_default,SRC-001;SRC-002;SRC-003,P6M-MODERATE_MITIGATED-E-0009,"Mandatory payment failure excludes missed dividends and repurchases. Maturity shortfall, analytical warnings and drawability conventions remain separately classified and are not official covenant conclusions."
P6E-0135,MODERATE_MITIGATED,existing,FIRST_ANALYTICAL_COVERAGE_FAILURE,,PASS,,below 3.00x,,,,,,,,,adverse_conservative,,,chronological_analytical_event_not_contractual_default,SRC-001;SRC-002;SRC-003,MODERATE_MITIGATED,"Mandatory payment failure excludes missed dividends and repurchases. Maturity shortfall, analytical warnings and drawability conventions remain separately classified and are not official covenant conclusions."
P6E-0136,MODERATE_MITIGATED,existing,FIRST_NO_WAIVER_DRAWABILITY_SHUTOFF,,NOT_APPLICABLE,,new draws unavailable,,,,,,,,,adverse_conservative,,,chronological_analytical_event_not_contractual_default,SRC-001;SRC-002;SRC-003,MODERATE_MITIGATED,"Mandatory payment failure excludes missed dividends and repurchases. Maturity shortfall, analytical warnings and drawability conventions remain separately classified and are not official covenant conclusions."
P6E-0137,MODERATE_MITIGATED,existing,FIRST_REVOLVER_CAPACITY_EXHAUSTION,,PASS,,nominal revolver availability <=0,,,,,,,,,adverse_conservative,,,chronological_analytical_event_not_contractual_default,SRC-001;SRC-002;SRC-003,MODERATE_MITIGATED,"Mandatory payment failure excludes missed dividends and repurchases. Maturity shortfall, analytical warnings and drawability conventions remain separately classified and are not official covenant conclusions."
P6E-0138,MODERATE_MITIGATED,existing,FIRST_MANDATORY_PAYMENT_FAILURE,,PASS,,"unpaid cash interest, scheduled term principal or retained mandatory obligation",,,,,,,,,adverse_conservative,,,chronological_analytical_event_not_contractual_default,SRC-001;SRC-002;SRC-003,MODERATE_MITIGATED,"Mandatory payment failure excludes missed dividends and repurchases. Maturity shortfall, analytical warnings and drawability conventions remain separately classified and are not official covenant conclusions."
P6E-0139,MODERATE_MITIGATED,existing,FIRST_SCHEDULED_INTEREST_FAILURE,,PASS,,cash-interest shortfall >0,,,,,,,,,adverse_conservative,,,chronological_analytical_event_not_contractual_default,SRC-001;SRC-002;SRC-003,MODERATE_MITIGATED,"Mandatory payment failure excludes missed dividends and repurchases. Maturity shortfall, analytical warnings and drawability conventions remain separately classified and are not official covenant conclusions."
P6E-0140,MODERATE_MITIGATED,existing,FIRST_SCHEDULED_PRINCIPAL_FAILURE,,PASS,,scheduled-term-principal shortfall >0,,,,,,,,,adverse_conservative,,,chronological_analytical_event_not_contractual_default,SRC-001;SRC-002;SRC-003,MODERATE_MITIGATED,"Mandatory payment failure excludes missed dividends and repurchases. Maturity shortfall, analytical warnings and drawability conventions remain separately classified and are not official covenant conclusions."
P6E-0141,MODERATE_MITIGATED,existing,FIRST_RETAINED_OBLIGATION_FAILURE,,PASS,,retained-obligation shortfall >0,,,,,,,,,adverse_conservative,,,chronological_analytical_event_not_contractual_default,SRC-001;SRC-002;SRC-003,MODERATE_MITIGATED,"Mandatory payment failure excludes missed dividends and repurchases. Maturity shortfall, analytical warnings and drawability conventions remain separately classified and are not official covenant conclusions."
P6E-0142,MODERATE_MITIGATED,existing,FIRST_DISTRIBUTION_RESTRICTION_FLAG,,PASS,,narrow or broad analytical flag; not a payment default,,,,,,,,,adverse_conservative,,,chronological_analytical_event_not_contractual_default,SRC-001;SRC-002;SRC-003,MODERATE_MITIGATED,"Mandatory payment failure excludes missed dividends and repurchases. Maturity shortfall, analytical warnings and drawability conventions remain separately classified and are not official covenant conclusions."
P6E-0143,MODERATE_MITIGATED,existing,EXISTING_MATURITY_SHORTFALL,2029-07-31,MATURITY_SHORTFALL,494.6720104641684677507816819,unfunded at existing maturity,MATURITY_PRINCIPAL,494.6720104641684677507816819,0,494.6720104641684677507816819,no,no,,,adverse_conservative,maturity_shortfall,6,chronological_analytical_event_not_contractual_default,SRC-001;SRC-002;SRC-003,P6M-MODERATE_MITIGATED-E-0042,"Mandatory payment failure excludes missed dividends and repurchases. Maturity shortfall, analytical warnings and drawability conventions remain separately classified and are not official covenant conclusions."
P6E-0144,MODERATE_MITIGATED,existing,PROPOSED_MATURITY_SHORTFALL,,NOT_APPLICABLE,,unfunded at proposed maturity,,,,,,,,,adverse_conservative,,,chronological_analytical_event_not_contractual_default,SRC-001;SRC-002;SRC-003,MODERATE_MITIGATED,"Mandatory payment failure excludes missed dividends and repurchases. Maturity shortfall, analytical warnings and drawability conventions remain separately classified and are not official covenant conclusions."
P6E-0145,SEVERE_MITIGATED,proposed,OPENING_REVOLVER_EXPOSURE,OPENING_POSITION,WARNING,29.89771875,opening balance,,,,,,,,,adverse_conservative,,1,chronological_analytical_event_not_contractual_default,SRC-001;SRC-002;SRC-003,SEVERE_MITIGATED,"Mandatory payment failure excludes missed dividends and repurchases. Maturity shortfall, analytical warnings and drawability conventions remain separately classified and are not official covenant conclusions."
P6E-0146,SEVERE_MITIGATED,proposed,FIRST_INCREMENTAL_POST_CLOSING_DRAW,2026-02-28,WARNING,23.8917026994835599367669523,>0 incremental draw,,,,,no,no,,,adverse_conservative,,2,chronological_analytical_event_not_contractual_default,SRC-001;SRC-002;SRC-003,P6M-SEVERE_MITIGATED-P-0001,"Mandatory payment failure excludes missed dividends and repurchases. Maturity shortfall, analytical warnings and drawability conventions remain separately classified and are not official covenant conclusions."
P6E-0147,SEVERE_MITIGATED,proposed,FIRST_REVOLVER_REPAYMENT,2026-06-30,WARNING,0.77454439013341762675831531,>0 repayment,,,,,no,no,,,adverse_conservative,,3,chronological_analytical_event_not_contractual_default,SRC-001;SRC-002;SRC-003,P6M-SEVERE_MITIGATED-P-0005,"Mandatory payment failure excludes missed dividends and repurchases. Maturity shortfall, analytical warnings and drawability conventions remain separately classified and are not official covenant conclusions."
P6E-0148,SEVERE_MITIGATED,proposed,PEAK_SUBSEQUENT_PERIOD_END_REVOLVER,2027-06-30,WARNING,293.8,maximum modeled month-end balance after opening,,,,,yes,no,,,adverse_conservative,,7,chronological_analytical_event_not_contractual_default,SRC-001;SRC-002;SRC-003,P6M-SEVERE_MITIGATED-P-0017,"Mandatory payment failure excludes missed dividends and repurchases. Maturity shortfall, analytical warnings and drawability conventions remain separately classified and are not official covenant conclusions."
P6E-0149,SEVERE_MITIGATED,proposed,PEAK_REVOLVER_INCLUDING_OPENING,2027-06-30,WARNING,293.8,maximum of opening and subsequent month-end balances,,,,,yes,no,,,adverse_conservative,,7,chronological_analytical_event_not_contractual_default,SRC-001;SRC-002;SRC-003,P6M-SEVERE_MITIGATED-P-0017,"Mandatory payment failure excludes missed dividends and repurchases. Maturity shortfall, analytical warnings and drawability conventions remain separately classified and are not official covenant conclusions."
P6E-0150,SEVERE_MITIGATED,proposed,FIRST_LIQUIDITY_WARNING,2026-08-31,BREACHED_ANALYTICAL_THRESHOLD,48.8109597617242347371665617,usable liquidity <50,,,,,no,no,,,adverse_conservative,,4,chronological_analytical_event_not_contractual_default,SRC-001;SRC-002;SRC-003,P6M-SEVERE_MITIGATED-P-0007,"Mandatory payment failure excludes missed dividends and repurchases. Maturity shortfall, analytical warnings and drawability conventions remain separately classified and are not official covenant conclusions."
P6E-0151,SEVERE_MITIGATED,proposed,FIRST_CASH_FLOOR_FAILURE,2027-06-30,LIQUIDITY_FAILURE,1.8733829184480393199316912,cash-floor shortfall >0,,,,,yes,no,,,adverse_conservative,,7,chronological_analytical_event_not_contractual_default,SRC-001;SRC-002;SRC-003,P6M-SEVERE_MITIGATED-P-0017,"Mandatory payment failure excludes missed dividends and repurchases. Maturity shortfall, analytical warnings and drawability conventions remain separately classified and are not official covenant conclusions."
P6E-0152,SEVERE_MITIGATED,proposed,FIRST_ANALYTICAL_LEVERAGE_FAILURE,2026-10-31,BREACHED_ANALYTICAL_THRESHOLD,5.727518854177526064573666203,above analytical threshold,,,,,no,no,,,adverse_conservative,,5,chronological_analytical_event_not_contractual_default,SRC-001;SRC-002;SRC-003,P6M-SEVERE_MITIGATED-P-0009,"Mandatory payment failure excludes missed dividends and repurchases. Maturity shortfall, analytical warnings and drawability conventions remain separately classified and are not official covenant conclusions."
P6E-0153,SEVERE_MITIGATED,proposed,FIRST_ANALYTICAL_COVERAGE_FAILURE,2027-01-31,BREACHED_ANALYTICAL_THRESHOLD,1.829118129131300703234467926,below 3.00x,,,,,no,no,,,adverse_conservative,,6,chronological_analytical_event_not_contractual_default,SRC-001;SRC-002;SRC-003,P6M-SEVERE_MITIGATED-P-0012,"Mandatory payment failure excludes missed dividends and repurchases. Maturity shortfall, analytical warnings and drawability conventions remain separately classified and are not official covenant conclusions."
P6E-0154,SEVERE_MITIGATED,proposed,FIRST_NO_WAIVER_DRAWABILITY_SHUTOFF,,NOT_APPLICABLE,,new draws unavailable,,,,,,,,,adverse_conservative,,,chronological_analytical_event_not_contractual_default,SRC-001;SRC-002;SRC-003,SEVERE_MITIGATED,"Mandatory payment failure excludes missed dividends and repurchases. Maturity shortfall, analytical warnings and drawability conventions remain separately classified and are not official covenant conclusions."
P6E-0155,SEVERE_MITIGATED,proposed,FIRST_REVOLVER_CAPACITY_EXHAUSTION,2027-06-30,LIQUIDITY_FAILURE,0,nominal revolver availability <=0,,,,,yes,no,,,adverse_conservative,,7,chronological_analytical_event_not_contractual_default,SRC-001;SRC-002;SRC-003,P6M-SEVERE_MITIGATED-P-0017,"Mandatory payment failure excludes missed dividends and repurchases. Maturity shortfall, analytical warnings and drawability conventions remain separately classified and are not official covenant conclusions."
P6E-0156,SEVERE_MITIGATED,proposed,FIRST_MANDATORY_PAYMENT_FAILURE,2027-10-31,MANDATORY_PAYMENT_FAILURE,5.00863961923960611212718408,"unpaid cash interest, scheduled term principal or retained mandatory obligation",SCHEDULED_TERM_PRINCIPAL,16.25,11.24136038076039388787281592,5.00863961923960611212718408,yes,no,11.24136038076039388787281592,0,adverse_conservative,interim_mandatory_payment_failure,8,chronological_analytical_event_not_contractual_default,SRC-001;SRC-002;SRC-003,P6M-SEVERE_MITIGATED-P-0021,"Mandatory payment failure excludes missed dividends and repurchases. Maturity shortfall, analytical warnings and drawability conventions remain separately classified and are not official covenant conclusions."
P6E-0157,SEVERE_MITIGATED,proposed,FIRST_SCHEDULED_INTEREST_FAILURE,2027-11-30,MANDATORY_PAYMENT_FAILURE,5.706575578163314106108632166,cash-interest shortfall >0,CASH_INTEREST,5.963710451280736186984108306,0.25713487311742208087547614,5.706575578163314106108632166,yes,no,0.25713487311742208087547614,0,adverse_conservative,interim_mandatory_payment_failure,9,chronological_analytical_event_not_contractual_default,SRC-001;SRC-002;SRC-003,P6M-SEVERE_MITIGATED-P-0022,"Mandatory payment failure excludes missed dividends and repurchases. Maturity shortfall, analytical warnings and drawability conventions remain separately classified and are not official covenant conclusions."
P6E-0158,SEVERE_MITIGATED,proposed,FIRST_SCHEDULED_PRINCIPAL_FAILURE,2027-10-31,MANDATORY_PAYMENT_FAILURE,5.00863961923960611212718408,scheduled-term-principal shortfall >0,SCHEDULED_TERM_PRINCIPAL,16.25,11.24136038076039388787281592,5.00863961923960611212718408,yes,no,11.24136038076039388787281592,0,adverse_conservative,interim_mandatory_payment_failure,8,chronological_analytical_event_not_contractual_default,SRC-001;SRC-002;SRC-003,P6M-SEVERE_MITIGATED-P-0021,"Mandatory payment failure excludes missed dividends and repurchases. Maturity shortfall, analytical warnings and drawability conventions remain separately classified and are not official covenant conclusions."
P6E-0159,SEVERE_MITIGATED,proposed,FIRST_RETAINED_OBLIGATION_FAILURE,2027-11-30,MANDATORY_PAYMENT_FAILURE,0.5691666666666666666666666667,retained-obligation shortfall >0,RETAINED_MANDATORY_OBLIGATION,0.5691666666666666666666666667,0,0.5691666666666666666666666667,yes,no,,,adverse_conservative,interim_mandatory_payment_failure,9,chronological_analytical_event_not_contractual_default,SRC-001;SRC-002;SRC-003,P6M-SEVERE_MITIGATED-P-0022,"Mandatory payment failure excludes missed dividends and repurchases. Maturity shortfall, analytical warnings and drawability conventions remain separately classified and are not official covenant conclusions."
P6E-0160,SEVERE_MITIGATED,proposed,FIRST_DISTRIBUTION_RESTRICTION_FLAG,2026-02-28,WARNING,0.4166666666666666666666666667,narrow or broad analytical flag; not a payment default,,,,,no,no,,,adverse_conservative,,2,chronological_analytical_event_not_contractual_default,SRC-001;SRC-002;SRC-003,P6M-SEVERE_MITIGATED-P-0001,"Mandatory payment failure excludes missed dividends and repurchases. Maturity shortfall, analytical warnings and drawability conventions remain separately classified and are not official covenant conclusions."
P6E-0161,SEVERE_MITIGATED,proposed,EXISTING_MATURITY_SHORTFALL,,NOT_APPLICABLE,,unfunded at existing maturity,,,,,,,,,adverse_conservative,,,chronological_analytical_event_not_contractual_default,SRC-001;SRC-002;SRC-003,SEVERE_MITIGATED,"Mandatory payment failure excludes missed dividends and repurchases. Maturity shortfall, analytical warnings and drawability conventions remain separately classified and are not official covenant conclusions."
P6E-0162,SEVERE_MITIGATED,proposed,PROPOSED_MATURITY_SHORTFALL,2031-01-31,MATURITY_SHORTFALL,552.112862534656563368911288,unfunded at proposed maturity,MATURITY_PRINCIPAL,552.112862534656563368911288,0,552.112862534656563368911288,no,no,,,adverse_conservative,maturity_shortfall,10,chronological_analytical_event_not_contractual_default,SRC-001;SRC-002;SRC-003,P6M-SEVERE_MITIGATED-P-0060,"Mandatory payment failure excludes missed dividends and repurchases. Maturity shortfall, analytical warnings and drawability conventions remain separately classified and are not official covenant conclusions."
P6E-0163,SEVERE_MITIGATED,existing,OPENING_REVOLVER_EXPOSURE,OPENING_POSITION,WARNING,207.39771875,opening balance,,,,,,,,,adverse_conservative,,1,chronological_analytical_event_not_contractual_default,SRC-001;SRC-002;SRC-003,SEVERE_MITIGATED,"Mandatory payment failure excludes missed dividends and repurchases. Maturity shortfall, analytical warnings and drawability conventions remain separately classified and are not official covenant conclusions."
P6E-0164,SEVERE_MITIGATED,existing,FIRST_INCREMENTAL_POST_CLOSING_DRAW,2026-02-28,WARNING,23.82003010191641406811391766,>0 incremental draw,,,,,no,no,,,adverse_conservative,,2,chronological_analytical_event_not_contractual_default,SRC-001;SRC-002;SRC-003,P6M-SEVERE_MITIGATED-E-0001,"Mandatory payment failure excludes missed dividends and repurchases. Maturity shortfall, analytical warnings and drawability conventions remain separately classified and are not official covenant conclusions."
P6E-0165,SEVERE_MITIGATED,existing,FIRST_REVOLVER_REPAYMENT,2026-06-30,WARNING,0.84829396870129376101941565,>0 repayment,,,,,no,no,,,adverse_conservative,,3,chronological_analytical_event_not_contractual_default,SRC-001;SRC-002;SRC-003,P6M-SEVERE_MITIGATED-E-0005,"Mandatory payment failure excludes missed dividends and repurchases. Maturity shortfall, analytical warnings and drawability conventions remain separately classified and are not official covenant conclusions."
P6E-0166,SEVERE_MITIGATED,existing,PEAK_SUBSEQUENT_PERIOD_END_REVOLVER,2028-02-29,WARNING,457.8525922184074152864144003,maximum modeled month-end balance after opening,,,,,no,no,,,adverse_conservative,,7,chronological_analytical_event_not_contractual_default,SRC-001;SRC-002;SRC-003,P6M-SEVERE_MITIGATED-E-0025,"Mandatory payment failure excludes missed dividends and repurchases. Maturity shortfall, analytical warnings and drawability conventions remain separately classified and are not official covenant conclusions."
P6E-0167,SEVERE_MITIGATED,existing,PEAK_REVOLVER_INCLUDING_OPENING,2028-02-29,WARNING,457.8525922184074152864144003,maximum of opening and subsequent month-end balances,,,,,no,no,,,adverse_conservative,,7,chronological_analytical_event_not_contractual_default,SRC-001;SRC-002;SRC-003,P6M-SEVERE_MITIGATED-E-0025,"Mandatory payment failure excludes missed dividends and repurchases. Maturity shortfall, analytical warnings and drawability conventions remain separately classified and are not official covenant conclusions."
P6E-0168,SEVERE_MITIGATED,existing,FIRST_LIQUIDITY_WARNING,2027-05-31,BREACHED_ANALYTICAL_THRESHOLD,49.337836848944218232729255,usable liquidity <50,,,,,no,no,,,adverse_conservative,,6,chronological_analytical_event_not_contractual_default,SRC-001;SRC-002;SRC-003,P6M-SEVERE_MITIGATED-E-0016,"Mandatory payment failure excludes missed dividends and repurchases. Maturity shortfall, analytical warnings and drawability conventions remain separately classified and are not official covenant conclusions."
P6E-0169,SEVERE_MITIGATED,existing,FIRST_CASH_FLOOR_FAILURE,,PASS,,cash-floor shortfall >0,,,,,,,,,adverse_conservative,,,chronological_analytical_event_not_contractual_default,SRC-001;SRC-002;SRC-003,SEVERE_MITIGATED,"Mandatory payment failure excludes missed dividends and repurchases. Maturity shortfall, analytical warnings and drawability conventions remain separately classified and are not official covenant conclusions."
P6E-0170,SEVERE_MITIGATED,existing,FIRST_ANALYTICAL_LEVERAGE_FAILURE,2026-10-31,BREACHED_ANALYTICAL_THRESHOLD,5.655423911253936962320874229,above analytical threshold,,,,,no,no,,,adverse_conservative,,4,chronological_analytical_event_not_contractual_default,SRC-001;SRC-002;SRC-003,P6M-SEVERE_MITIGATED-E-0009,"Mandatory payment failure excludes missed dividends and repurchases. Maturity shortfall, analytical warnings and drawability conventions remain separately classified and are not official covenant conclusions."
P6E-0171,SEVERE_MITIGATED,existing,FIRST_ANALYTICAL_COVERAGE_FAILURE,2027-01-31,BREACHED_ANALYTICAL_THRESHOLD,1.852375207899728604634319103,below 3.00x,,,,,no,no,,,adverse_conservative,,5,chronological_analytical_event_not_contractual_default,SRC-001;SRC-002;SRC-003,P6M-SEVERE_MITIGATED-E-0012,"Mandatory payment failure excludes missed dividends and repurchases. Maturity shortfall, analytical warnings and drawability conventions remain separately classified and are not official covenant conclusions."
P6E-0172,SEVERE_MITIGATED,existing,FIRST_NO_WAIVER_DRAWABILITY_SHUTOFF,,NOT_APPLICABLE,,new draws unavailable,,,,,,,,,adverse_conservative,,,chronological_analytical_event_not_contractual_default,SRC-001;SRC-002;SRC-003,SEVERE_MITIGATED,"Mandatory payment failure excludes missed dividends and repurchases. Maturity shortfall, analytical warnings and drawability conventions remain separately classified and are not official covenant conclusions."
P6E-0173,SEVERE_MITIGATED,existing,FIRST_REVOLVER_CAPACITY_EXHAUSTION,,PASS,,nominal revolver availability <=0,,,,,,,,,adverse_conservative,,,chronological_analytical_event_not_contractual_default,SRC-001;SRC-002;SRC-003,SEVERE_MITIGATED,"Mandatory payment failure excludes missed dividends and repurchases. Maturity shortfall, analytical warnings and drawability conventions remain separately classified and are not official covenant conclusions."
P6E-0174,SEVERE_MITIGATED,existing,FIRST_MANDATORY_PAYMENT_FAILURE,,PASS,,"unpaid cash interest, scheduled term principal or retained mandatory obligation",,,,,,,,,adverse_conservative,,,chronological_analytical_event_not_contractual_default,SRC-001;SRC-002;SRC-003,SEVERE_MITIGATED,"Mandatory payment failure excludes missed dividends and repurchases. Maturity shortfall, analytical warnings and drawability conventions remain separately classified and are not official covenant conclusions."
P6E-0175,SEVERE_MITIGATED,existing,FIRST_SCHEDULED_INTEREST_FAILURE,,PASS,,cash-interest shortfall >0,,,,,,,,,adverse_conservative,,,chronological_analytical_event_not_contractual_default,SRC-001;SRC-002;SRC-003,SEVERE_MITIGATED,"Mandatory payment failure excludes missed dividends and repurchases. Maturity shortfall, analytical warnings and drawability conventions remain separately classified and are not official covenant conclusions."
P6E-0176,SEVERE_MITIGATED,existing,FIRST_SCHEDULED_PRINCIPAL_FAILURE,,PASS,,scheduled-term-principal shortfall >0,,,,,,,,,adverse_conservative,,,chronological_analytical_event_not_contractual_default,SRC-001;SRC-002;SRC-003,SEVERE_MITIGATED,"Mandatory payment failure excludes missed dividends and repurchases. Maturity shortfall, analytical warnings and drawability conventions remain separately classified and are not official covenant conclusions."
P6E-0177,SEVERE_MITIGATED,existing,FIRST_RETAINED_OBLIGATION_FAILURE,,PASS,,retained-obligation shortfall >0,,,,,,,,,adverse_conservative,,,chronological_analytical_event_not_contractual_default,SRC-001;SRC-002;SRC-003,SEVERE_MITIGATED,"Mandatory payment failure excludes missed dividends and repurchases. Maturity shortfall, analytical warnings and drawability conventions remain separately classified and are not official covenant conclusions."
P6E-0178,SEVERE_MITIGATED,existing,FIRST_DISTRIBUTION_RESTRICTION_FLAG,,PASS,,narrow or broad analytical flag; not a payment default,,,,,,,,,adverse_conservative,,,chronological_analytical_event_not_contractual_default,SRC-001;SRC-002;SRC-003,SEVERE_MITIGATED,"Mandatory payment failure excludes missed dividends and repurchases. Maturity shortfall, analytical warnings and drawability conventions remain separately classified and are not official covenant conclusions."
P6E-0179,SEVERE_MITIGATED,existing,EXISTING_MATURITY_SHORTFALL,2029-07-31,MATURITY_SHORTFALL,660.7809458638400880886680856,unfunded at existing maturity,MATURITY_PRINCIPAL,660.7809458638400880886680856,0,660.7809458638400880886680856,no,no,,,adverse_conservative,maturity_shortfall,8,chronological_analytical_event_not_contractual_default,SRC-001;SRC-002;SRC-003,P6M-SEVERE_MITIGATED-E-0042,"Mandatory payment failure excludes missed dividends and repurchases. Maturity shortfall, analytical warnings and drawability conventions remain separately classified and are not official covenant conclusions."
P6E-0180,SEVERE_MITIGATED,existing,PROPOSED_MATURITY_SHORTFALL,,NOT_APPLICABLE,,unfunded at proposed maturity,,,,,,,,,adverse_conservative,,,chronological_analytical_event_not_contractual_default,SRC-001;SRC-002;SRC-003,SEVERE_MITIGATED,"Mandatory payment failure excludes missed dividends and repurchases. Maturity shortfall, analytical warnings and drawability conventions remain separately classified and are not official covenant conclusions."
P6E-0181,MODERATE_NO_WAIVER,proposed,OPENING_REVOLVER_EXPOSURE,OPENING_POSITION,WARNING,29.89771875,opening balance,,,,,,,,,adverse_conservative,,1,chronological_analytical_event_not_contractual_default,SRC-001;SRC-002;SRC-003,MODERATE_NO_WAIVER,"Mandatory payment failure excludes missed dividends and repurchases. Maturity shortfall, analytical warnings and drawability conventions remain separately classified and are not official covenant conclusions."
P6E-0182,MODERATE_NO_WAIVER,proposed,FIRST_INCREMENTAL_POST_CLOSING_DRAW,2026-02-28,WARNING,15.96388007822948952786475914,>0 incremental draw,,,,,no,no,,,adverse_conservative,,2,chronological_analytical_event_not_contractual_default,SRC-001;SRC-002;SRC-003,P6M-MODERATE_NO_WAIVER-P-0001,"Mandatory payment failure excludes missed dividends and repurchases. Maturity shortfall, analytical warnings and drawability conventions remain separately classified and are not official covenant conclusions."
P6E-0183,MODERATE_NO_WAIVER,proposed,FIRST_REVOLVER_REPAYMENT,2026-06-30,WARNING,2.28272567264091338950081445,>0 repayment,,,,,no,no,,,adverse_conservative,,3,chronological_analytical_event_not_contractual_default,SRC-001;SRC-002;SRC-003,P6M-MODERATE_NO_WAIVER-P-0005,"Mandatory payment failure excludes missed dividends and repurchases. Maturity shortfall, analytical warnings and drawability conventions remain separately classified and are not official covenant conclusions."
P6E-0184,MODERATE_NO_WAIVER,proposed,PEAK_SUBSEQUENT_PERIOD_END_REVOLVER,2026-10-31,WARNING,123.4603528853292502871974204,maximum modeled month-end balance after opening,,,,,no,no,,,adverse_conservative,,4,chronological_analytical_event_not_contractual_default,SRC-001;SRC-002;SRC-003,P6M-MODERATE_NO_WAIVER-P-0009,"Mandatory payment failure excludes missed dividends and repurchases. Maturity shortfall, analytical warnings and drawability conventions remain separately classified and are not official covenant conclusions."
P6E-0185,MODERATE_NO_WAIVER,proposed,PEAK_REVOLVER_INCLUDING_OPENING,2026-10-31,WARNING,123.4603528853292502871974204,maximum of opening and subsequent month-end balances,,,,,no,no,,,adverse_conservative,,4,chronological_analytical_event_not_contractual_default,SRC-001;SRC-002;SRC-003,P6M-MODERATE_NO_WAIVER-P-0009,"Mandatory payment failure excludes missed dividends and repurchases. Maturity shortfall, analytical warnings and drawability conventions remain separately classified and are not official covenant conclusions."
P6E-0186,MODERATE_NO_WAIVER,proposed,FIRST_LIQUIDITY_WARNING,2026-11-30,BREACHED_ANALYTICAL_THRESHOLD,0,usable liquidity <50,,,,,no,yes,,,adverse_conservative,,5,chronological_analytical_event_not_contractual_default,SRC-001;SRC-002;SRC-003,P6M-MODERATE_NO_WAIVER-P-0010,"Mandatory payment failure excludes missed dividends and repurchases. Maturity shortfall, analytical warnings and drawability conventions remain separately classified and are not official covenant conclusions."
P6E-0187,MODERATE_NO_WAIVER,proposed,FIRST_CASH_FLOOR_FAILURE,2026-11-30,LIQUIDITY_FAILURE,4.24030540044281296603377221,cash-floor shortfall >0,,,,,no,yes,,,adverse_conservative,,5,chronological_analytical_event_not_contractual_default,SRC-001;SRC-002;SRC-003,P6M-MODERATE_NO_WAIVER-P-0010,"Mandatory payment failure excludes missed dividends and repurchases. Maturity shortfall, analytical warnings and drawability conventions remain separately classified and are not official covenant conclusions."
P6E-0188,MODERATE_NO_WAIVER,proposed,FIRST_ANALYTICAL_LEVERAGE_FAILURE,2026-10-31,BREACHED_ANALYTICAL_THRESHOLD,3.95962260452227256913022908,above analytical threshold,,,,,no,no,,,adverse_conservative,,4,chronological_analytical_event_not_contractual_default,SRC-001;SRC-002;SRC-003,P6M-MODERATE_NO_WAIVER-P-0009,"Mandatory payment failure excludes missed dividends and repurchases. Maturity shortfall, analytical warnings and drawability conventions remain separately classified and are not official covenant conclusions."
P6E-0189,MODERATE_NO_WAIVER,proposed,FIRST_ANALYTICAL_COVERAGE_FAILURE,,PASS,,below 3.00x,,,,,,,,,adverse_conservative,,,chronological_analytical_event_not_contractual_default,SRC-001;SRC-002;SRC-003,MODERATE_NO_WAIVER,"Mandatory payment failure excludes missed dividends and repurchases. Maturity shortfall, analytical warnings and drawability conventions remain separately classified and are not official covenant conclusions."
P6E-0190,MODERATE_NO_WAIVER,proposed,FIRST_NO_WAIVER_DRAWABILITY_SHUTOFF,2026-11-30,WARNING,0,new draws unavailable,,,,,no,yes,,,adverse_conservative,,5,chronological_analytical_event_not_contractual_default,SRC-001;SRC-002;SRC-003,P6M-MODERATE_NO_WAIVER-P-0010,"Mandatory payment failure excludes missed dividends and repurchases. Maturity shortfall, analytical warnings and drawability conventions remain separately classified and are not official covenant conclusions."
P6E-0191,MODERATE_NO_WAIVER,proposed,FIRST_REVOLVER_CAPACITY_EXHAUSTION,,PASS,,nominal revolver availability <=0,,,,,,,,,adverse_conservative,,,chronological_analytical_event_not_contractual_default,SRC-001;SRC-002;SRC-003,MODERATE_NO_WAIVER,"Mandatory payment failure excludes missed dividends and repurchases. Maturity shortfall, analytical warnings and drawability conventions remain separately classified and are not official covenant conclusions."
P6E-0192,MODERATE_NO_WAIVER,proposed,FIRST_MANDATORY_PAYMENT_FAILURE,,PASS,,"unpaid cash interest, scheduled term principal or retained mandatory obligation",,,,,,,,,adverse_conservative,,,chronological_analytical_event_not_contractual_default,SRC-001;SRC-002;SRC-003,MODERATE_NO_WAIVER,"Mandatory payment failure excludes missed dividends and repurchases. Maturity shortfall, analytical warnings and drawability conventions remain separately classified and are not official covenant conclusions."
P6E-0193,MODERATE_NO_WAIVER,proposed,FIRST_SCHEDULED_INTEREST_FAILURE,,PASS,,cash-interest shortfall >0,,,,,,,,,adverse_conservative,,,chronological_analytical_event_not_contractual_default,SRC-001;SRC-002;SRC-003,MODERATE_NO_WAIVER,"Mandatory payment failure excludes missed dividends and repurchases. Maturity shortfall, analytical warnings and drawability conventions remain separately classified and are not official covenant conclusions."
P6E-0194,MODERATE_NO_WAIVER,proposed,FIRST_SCHEDULED_PRINCIPAL_FAILURE,,PASS,,scheduled-term-principal shortfall >0,,,,,,,,,adverse_conservative,,,chronological_analytical_event_not_contractual_default,SRC-001;SRC-002;SRC-003,MODERATE_NO_WAIVER,"Mandatory payment failure excludes missed dividends and repurchases. Maturity shortfall, analytical warnings and drawability conventions remain separately classified and are not official covenant conclusions."
P6E-0195,MODERATE_NO_WAIVER,proposed,FIRST_RETAINED_OBLIGATION_FAILURE,,PASS,,retained-obligation shortfall >0,,,,,,,,,adverse_conservative,,,chronological_analytical_event_not_contractual_default,SRC-001;SRC-002;SRC-003,MODERATE_NO_WAIVER,"Mandatory payment failure excludes missed dividends and repurchases. Maturity shortfall, analytical warnings and drawability conventions remain separately classified and are not official covenant conclusions."
P6E-0196,MODERATE_NO_WAIVER,proposed,FIRST_DISTRIBUTION_RESTRICTION_FLAG,2026-02-28,WARNING,0.4166666666666666666666666667,narrow or broad analytical flag; not a payment default,,,,,no,no,,,adverse_conservative,,2,chronological_analytical_event_not_contractual_default,SRC-001;SRC-002;SRC-003,P6M-MODERATE_NO_WAIVER-P-0001,"Mandatory payment failure excludes missed dividends and repurchases. Maturity shortfall, analytical warnings and drawability conventions remain separately classified and are not official covenant conclusions."
P6E-0197,MODERATE_NO_WAIVER,proposed,EXISTING_MATURITY_SHORTFALL,,NOT_APPLICABLE,,unfunded at existing maturity,,,,,,,,,adverse_conservative,,,chronological_analytical_event_not_contractual_default,SRC-001;SRC-002;SRC-003,MODERATE_NO_WAIVER,"Mandatory payment failure excludes missed dividends and repurchases. Maturity shortfall, analytical warnings and drawability conventions remain separately classified and are not official covenant conclusions."
P6E-0198,MODERATE_NO_WAIVER,proposed,PROPOSED_MATURITY_SHORTFALL,2031-01-31,MATURITY_SHORTFALL,404.1146321215873582061975075,unfunded at proposed maturity,MATURITY_PRINCIPAL,404.1146321215873582061975075,0,404.1146321215873582061975075,no,yes,,,adverse_conservative,maturity_shortfall,6,chronological_analytical_event_not_contractual_default,SRC-001;SRC-002;SRC-003,P6M-MODERATE_NO_WAIVER-P-0060,"Mandatory payment failure excludes missed dividends and repurchases. Maturity shortfall, analytical warnings and drawability conventions remain separately classified and are not official covenant conclusions."
P6E-0199,MODERATE_NO_WAIVER,existing,OPENING_REVOLVER_EXPOSURE,OPENING_POSITION,WARNING,207.39771875,opening balance,,,,,,,,,adverse_conservative,,1,chronological_analytical_event_not_contractual_default,SRC-001;SRC-002;SRC-003,MODERATE_NO_WAIVER,"Mandatory payment failure excludes missed dividends and repurchases. Maturity shortfall, analytical warnings and drawability conventions remain separately classified and are not official covenant conclusions."
P6E-0200,MODERATE_NO_WAIVER,existing,FIRST_INCREMENTAL_POST_CLOSING_DRAW,2026-02-28,WARNING,15.90059713996170328086272145,>0 incremental draw,,,,,no,no,,,adverse_conservative,,2,chronological_analytical_event_not_contractual_default,SRC-001;SRC-002;SRC-003,P6M-MODERATE_NO_WAIVER-E-0001,"Mandatory payment failure excludes missed dividends and repurchases. Maturity shortfall, analytical warnings and drawability conventions remain separately classified and are not official covenant conclusions."
P6E-0201,MODERATE_NO_WAIVER,existing,FIRST_REVOLVER_REPAYMENT,2026-06-30,WARNING,2.34762577313788104657730217,>0 repayment,,,,,no,no,,,adverse_conservative,,3,chronological_analytical_event_not_contractual_default,SRC-001;SRC-002;SRC-003,P6M-MODERATE_NO_WAIVER-E-0005,"Mandatory payment failure excludes missed dividends and repurchases. Maturity shortfall, analytical warnings and drawability conventions remain separately classified and are not official covenant conclusions."
P6E-0202,MODERATE_NO_WAIVER,existing,PEAK_SUBSEQUENT_PERIOD_END_REVOLVER,2027-01-31,WARNING,283.9897862998153578570090639,maximum modeled month-end balance after opening,,,,,no,no,,,adverse_conservative,,5,chronological_analytical_event_not_contractual_default,SRC-001;SRC-002;SRC-003,P6M-MODERATE_NO_WAIVER-E-0012,"Mandatory payment failure excludes missed dividends and repurchases. Maturity shortfall, analytical warnings and drawability conventions remain separately classified and are not official covenant conclusions."
P6E-0203,MODERATE_NO_WAIVER,existing,PEAK_REVOLVER_INCLUDING_OPENING,2027-01-31,WARNING,283.9897862998153578570090639,maximum of opening and subsequent month-end balances,,,,,no,no,,,adverse_conservative,,5,chronological_analytical_event_not_contractual_default,SRC-001;SRC-002;SRC-003,P6M-MODERATE_NO_WAIVER-E-0012,"Mandatory payment failure excludes missed dividends and repurchases. Maturity shortfall, analytical warnings and drawability conventions remain separately classified and are not official covenant conclusions."
P6E-0204,MODERATE_NO_WAIVER,existing,FIRST_LIQUIDITY_WARNING,,PASS,,usable liquidity <50,,,,,,,,,adverse_conservative,,,chronological_analytical_event_not_contractual_default,SRC-001;SRC-002;SRC-003,MODERATE_NO_WAIVER,"Mandatory payment failure excludes missed dividends and repurchases. Maturity shortfall, analytical warnings and drawability conventions remain separately classified and are not official covenant conclusions."
P6E-0205,MODERATE_NO_WAIVER,existing,FIRST_CASH_FLOOR_FAILURE,,PASS,,cash-floor shortfall >0,,,,,,,,,adverse_conservative,,,chronological_analytical_event_not_contractual_default,SRC-001;SRC-002;SRC-003,MODERATE_NO_WAIVER,"Mandatory payment failure excludes missed dividends and repurchases. Maturity shortfall, analytical warnings and drawability conventions remain separately classified and are not official covenant conclusions."
P6E-0206,MODERATE_NO_WAIVER,existing,FIRST_ANALYTICAL_LEVERAGE_FAILURE,2026-10-31,BREACHED_ANALYTICAL_THRESHOLD,3.90179349826892650522744099,above analytical threshold,,,,,no,no,,,adverse_conservative,,4,chronological_analytical_event_not_contractual_default,SRC-001;SRC-002;SRC-003,P6M-MODERATE_NO_WAIVER-E-0009,"Mandatory payment failure excludes missed dividends and repurchases. Maturity shortfall, analytical warnings and drawability conventions remain separately classified and are not official covenant conclusions."
P6E-0207,MODERATE_NO_WAIVER,existing,FIRST_ANALYTICAL_COVERAGE_FAILURE,,PASS,,below 3.00x,,,,,,,,,adverse_conservative,,,chronological_analytical_event_not_contractual_default,SRC-001;SRC-002;SRC-003,MODERATE_NO_WAIVER,"Mandatory payment failure excludes missed dividends and repurchases. Maturity shortfall, analytical warnings and drawability conventions remain separately classified and are not official covenant conclusions."
P6E-0208,MODERATE_NO_WAIVER,existing,FIRST_NO_WAIVER_DRAWABILITY_SHUTOFF,,PASS,,new draws unavailable,,,,,,,,,adverse_conservative,,,chronological_analytical_event_not_contractual_default,SRC-001;SRC-002;SRC-003,MODERATE_NO_WAIVER,"Mandatory payment failure excludes missed dividends and repurchases. Maturity shortfall, analytical warnings and drawability conventions remain separately classified and are not official covenant conclusions."
P6E-0209,MODERATE_NO_WAIVER,existing,FIRST_REVOLVER_CAPACITY_EXHAUSTION,,PASS,,nominal revolver availability <=0,,,,,,,,,adverse_conservative,,,chronological_analytical_event_not_contractual_default,SRC-001;SRC-002;SRC-003,MODERATE_NO_WAIVER,"Mandatory payment failure excludes missed dividends and repurchases. Maturity shortfall, analytical warnings and drawability conventions remain separately classified and are not official covenant conclusions."
P6E-0210,MODERATE_NO_WAIVER,existing,FIRST_MANDATORY_PAYMENT_FAILURE,,PASS,,"unpaid cash interest, scheduled term principal or retained mandatory obligation",,,,,,,,,adverse_conservative,,,chronological_analytical_event_not_contractual_default,SRC-001;SRC-002;SRC-003,MODERATE_NO_WAIVER,"Mandatory payment failure excludes missed dividends and repurchases. Maturity shortfall, analytical warnings and drawability conventions remain separately classified and are not official covenant conclusions."
P6E-0211,MODERATE_NO_WAIVER,existing,FIRST_SCHEDULED_INTEREST_FAILURE,,PASS,,cash-interest shortfall >0,,,,,,,,,adverse_conservative,,,chronological_analytical_event_not_contractual_default,SRC-001;SRC-002;SRC-003,MODERATE_NO_WAIVER,"Mandatory payment failure excludes missed dividends and repurchases. Maturity shortfall, analytical warnings and drawability conventions remain separately classified and are not official covenant conclusions."
P6E-0212,MODERATE_NO_WAIVER,existing,FIRST_SCHEDULED_PRINCIPAL_FAILURE,,PASS,,scheduled-term-principal shortfall >0,,,,,,,,,adverse_conservative,,,chronological_analytical_event_not_contractual_default,SRC-001;SRC-002;SRC-003,MODERATE_NO_WAIVER,"Mandatory payment failure excludes missed dividends and repurchases. Maturity shortfall, analytical warnings and drawability conventions remain separately classified and are not official covenant conclusions."
P6E-0213,MODERATE_NO_WAIVER,existing,FIRST_RETAINED_OBLIGATION_FAILURE,,PASS,,retained-obligation shortfall >0,,,,,,,,,adverse_conservative,,,chronological_analytical_event_not_contractual_default,SRC-001;SRC-002;SRC-003,MODERATE_NO_WAIVER,"Mandatory payment failure excludes missed dividends and repurchases. Maturity shortfall, analytical warnings and drawability conventions remain separately classified and are not official covenant conclusions."
P6E-0214,MODERATE_NO_WAIVER,existing,FIRST_DISTRIBUTION_RESTRICTION_FLAG,,PASS,,narrow or broad analytical flag; not a payment default,,,,,,,,,adverse_conservative,,,chronological_analytical_event_not_contractual_default,SRC-001;SRC-002;SRC-003,MODERATE_NO_WAIVER,"Mandatory payment failure excludes missed dividends and repurchases. Maturity shortfall, analytical warnings and drawability conventions remain separately classified and are not official covenant conclusions."
P6E-0215,MODERATE_NO_WAIVER,existing,EXISTING_MATURITY_SHORTFALL,2029-07-31,MATURITY_SHORTFALL,512.8279388043013359737406642,unfunded at existing maturity,MATURITY_PRINCIPAL,512.8279388043013359737406642,0,512.8279388043013359737406642,no,no,,,adverse_conservative,maturity_shortfall,6,chronological_analytical_event_not_contractual_default,SRC-001;SRC-002;SRC-003,P6M-MODERATE_NO_WAIVER-E-0042,"Mandatory payment failure excludes missed dividends and repurchases. Maturity shortfall, analytical warnings and drawability conventions remain separately classified and are not official covenant conclusions."
P6E-0216,MODERATE_NO_WAIVER,existing,PROPOSED_MATURITY_SHORTFALL,,NOT_APPLICABLE,,unfunded at proposed maturity,,,,,,,,,adverse_conservative,,,chronological_analytical_event_not_contractual_default,SRC-001;SRC-002;SRC-003,MODERATE_NO_WAIVER,"Mandatory payment failure excludes missed dividends and repurchases. Maturity shortfall, analytical warnings and drawability conventions remain separately classified and are not official covenant conclusions."
P6E-0217,SEVERE_NO_WAIVER,proposed,OPENING_REVOLVER_EXPOSURE,OPENING_POSITION,WARNING,29.89771875,opening balance,,,,,,,,,adverse_conservative,,1,chronological_analytical_event_not_contractual_default,SRC-001;SRC-002;SRC-003,SEVERE_NO_WAIVER,"Mandatory payment failure excludes missed dividends and repurchases. Maturity shortfall, analytical warnings and drawability conventions remain separately classified and are not official covenant conclusions."
P6E-0218,SEVERE_NO_WAIVER,proposed,FIRST_INCREMENTAL_POST_CLOSING_DRAW,2026-02-28,WARNING,23.8917026994835599367669523,>0 incremental draw,,,,,no,no,,,adverse_conservative,,2,chronological_analytical_event_not_contractual_default,SRC-001;SRC-002;SRC-003,P6M-SEVERE_NO_WAIVER-P-0001,"Mandatory payment failure excludes missed dividends and repurchases. Maturity shortfall, analytical warnings and drawability conventions remain separately classified and are not official covenant conclusions."
P6E-0219,SEVERE_NO_WAIVER,proposed,FIRST_REVOLVER_REPAYMENT,2028-07-31,WARNING,11.50966316733038818390337222,>0 repayment,,,,,no,yes,,,adverse_conservative,,8,chronological_analytical_event_not_contractual_default,SRC-001;SRC-002;SRC-003,P6M-SEVERE_NO_WAIVER-P-0030,"Mandatory payment failure excludes missed dividends and repurchases. Maturity shortfall, analytical warnings and drawability conventions remain separately classified and are not official covenant conclusions."
P6E-0220,SEVERE_NO_WAIVER,proposed,PEAK_SUBSEQUENT_PERIOD_END_REVOLVER,2026-07-31,WARNING,243.991335067323123481407655,maximum modeled month-end balance after opening,,,,,no,no,,,adverse_conservative,,3,chronological_analytical_event_not_contractual_default,SRC-001;SRC-002;SRC-003,P6M-SEVERE_NO_WAIVER-P-0006,"Mandatory payment failure excludes missed dividends and repurchases. Maturity shortfall, analytical warnings and drawability conventions remain separately classified and are not official covenant conclusions."
P6E-0221,SEVERE_NO_WAIVER,proposed,PEAK_REVOLVER_INCLUDING_OPENING,2026-07-31,WARNING,243.991335067323123481407655,maximum of opening and subsequent month-end balances,,,,,no,no,,,adverse_conservative,,3,chronological_analytical_event_not_contractual_default,SRC-001;SRC-002;SRC-003,P6M-SEVERE_NO_WAIVER-P-0006,"Mandatory payment failure excludes missed dividends and repurchases. Maturity shortfall, analytical warnings and drawability conventions remain separately classified and are not official covenant conclusions."
P6E-0222,SEVERE_NO_WAIVER,proposed,FIRST_LIQUIDITY_WARNING,2026-07-31,BREACHED_ANALYTICAL_THRESHOLD,49.808664932676876518592345,usable liquidity <50,,,,,no,no,,,adverse_conservative,,3,chronological_analytical_event_not_contractual_default,SRC-001;SRC-002;SRC-003,P6M-SEVERE_NO_WAIVER-P-0006,"Mandatory payment failure excludes missed dividends and repurchases. Maturity shortfall, analytical warnings and drawability conventions remain separately classified and are not official covenant conclusions."
P6E-0223,SEVERE_NO_WAIVER,proposed,FIRST_CASH_FLOOR_FAILURE,2026-08-31,LIQUIDITY_FAILURE,5.12158546651560171986378277,cash-floor shortfall >0,,,,,no,yes,,,adverse_conservative,,4,chronological_analytical_event_not_contractual_default,SRC-001;SRC-002;SRC-003,P6M-SEVERE_NO_WAIVER-P-0007,"Mandatory payment failure excludes missed dividends and repurchases. Maturity shortfall, analytical warnings and drawability conventions remain separately classified and are not official covenant conclusions."
P6E-0224,SEVERE_NO_WAIVER,proposed,FIRST_ANALYTICAL_LEVERAGE_FAILURE,2026-10-31,BREACHED_ANALYTICAL_THRESHOLD,5.7144065273428791260828784,above analytical threshold,,,,,no,yes,,,adverse_conservative,,5,chronological_analytical_event_not_contractual_default,SRC-001;SRC-002;SRC-003,P6M-SEVERE_NO_WAIVER-P-0009,"Mandatory payment failure excludes missed dividends and repurchases. Maturity shortfall, analytical warnings and drawability conventions remain separately classified and are not official covenant conclusions."
P6E-0225,SEVERE_NO_WAIVER,proposed,FIRST_ANALYTICAL_COVERAGE_FAILURE,2027-01-31,BREACHED_ANALYTICAL_THRESHOLD,1.834630141742054542465029611,below 3.00x,,,,,no,yes,,,adverse_conservative,,6,chronological_analytical_event_not_contractual_default,SRC-001;SRC-002;SRC-003,P6M-SEVERE_NO_WAIVER-P-0012,"Mandatory payment failure excludes missed dividends and repurchases. Maturity shortfall, analytical warnings and drawability conventions remain separately classified and are not official covenant conclusions."
P6E-0226,SEVERE_NO_WAIVER,proposed,FIRST_NO_WAIVER_DRAWABILITY_SHUTOFF,2026-08-31,WARNING,0,new draws unavailable,,,,,no,yes,,,adverse_conservative,,4,chronological_analytical_event_not_contractual_default,SRC-001;SRC-002;SRC-003,P6M-SEVERE_NO_WAIVER-P-0007,"Mandatory payment failure excludes missed dividends and repurchases. Maturity shortfall, analytical warnings and drawability conventions remain separately classified and are not official covenant conclusions."
P6E-0227,SEVERE_NO_WAIVER,proposed,FIRST_REVOLVER_CAPACITY_EXHAUSTION,,PASS,,nominal revolver availability <=0,,,,,,,,,adverse_conservative,,,chronological_analytical_event_not_contractual_default,SRC-001;SRC-002;SRC-003,SEVERE_NO_WAIVER,"Mandatory payment failure excludes missed dividends and repurchases. Maturity shortfall, analytical warnings and drawability conventions remain separately classified and are not official covenant conclusions."
P6E-0228,SEVERE_NO_WAIVER,proposed,FIRST_MANDATORY_PAYMENT_FAILURE,2027-01-31,MANDATORY_PAYMENT_FAILURE,9.015776584995569009461295479,"unpaid cash interest, scheduled term principal or retained mandatory obligation",SCHEDULED_TERM_PRINCIPAL,16.25,7.234223415004430990538704521,9.015776584995569009461295479,no,yes,7.234223415004430990538704521,0,adverse_conservative,interim_mandatory_payment_failure,6,chronological_analytical_event_not_contractual_default,SRC-001;SRC-002;SRC-003,P6M-SEVERE_NO_WAIVER-P-0012,"Mandatory payment failure excludes missed dividends and repurchases. Maturity shortfall, analytical warnings and drawability conventions remain separately classified and are not official covenant conclusions."
P6E-0229,SEVERE_NO_WAIVER,proposed,FIRST_SCHEDULED_INTEREST_FAILURE,2027-02-28,MANDATORY_PAYMENT_FAILURE,3.842861029206004953366031847,cash-interest shortfall >0,CASH_INTEREST,5.984767455716975995538955755,2.141906426510971042172923908,3.842861029206004953366031847,no,yes,2.141906426510971042172923908,0,adverse_conservative,interim_mandatory_payment_failure,7,chronological_analytical_event_not_contractual_default,SRC-001;SRC-002;SRC-003,P6M-SEVERE_NO_WAIVER-P-0013,"Mandatory payment failure excludes missed dividends and repurchases. Maturity shortfall, analytical warnings and drawability conventions remain separately classified and are not official covenant conclusions."
P6E-0230,SEVERE_NO_WAIVER,proposed,FIRST_SCHEDULED_PRINCIPAL_FAILURE,2027-01-31,MANDATORY_PAYMENT_FAILURE,9.015776584995569009461295479,scheduled-term-principal shortfall >0,SCHEDULED_TERM_PRINCIPAL,16.25,7.234223415004430990538704521,9.015776584995569009461295479,no,yes,7.234223415004430990538704521,0,adverse_conservative,interim_mandatory_payment_failure,6,chronological_analytical_event_not_contractual_default,SRC-001;SRC-002;SRC-003,P6M-SEVERE_NO_WAIVER-P-0012,"Mandatory payment failure excludes missed dividends and repurchases. Maturity shortfall, analytical warnings and drawability conventions remain separately classified and are not official covenant conclusions."
P6E-0231,SEVERE_NO_WAIVER,proposed,FIRST_RETAINED_OBLIGATION_FAILURE,2027-02-28,MANDATORY_PAYMENT_FAILURE,0.66925,retained-obligation shortfall >0,RETAINED_MANDATORY_OBLIGATION,0.66925,0,0.66925,no,yes,,,adverse_conservative,interim_mandatory_payment_failure,7,chronological_analytical_event_not_contractual_default,SRC-001;SRC-002;SRC-003,P6M-SEVERE_NO_WAIVER-P-0013,"Mandatory payment failure excludes missed dividends and repurchases. Maturity shortfall, analytical warnings and drawability conventions remain separately classified and are not official covenant conclusions."
P6E-0232,SEVERE_NO_WAIVER,proposed,FIRST_DISTRIBUTION_RESTRICTION_FLAG,2026-02-28,WARNING,0.4166666666666666666666666667,narrow or broad analytical flag; not a payment default,,,,,no,no,,,adverse_conservative,,2,chronological_analytical_event_not_contractual_default,SRC-001;SRC-002;SRC-003,P6M-SEVERE_NO_WAIVER-P-0001,"Mandatory payment failure excludes missed dividends and repurchases. Maturity shortfall, analytical warnings and drawability conventions remain separately classified and are not official covenant conclusions."
P6E-0233,SEVERE_NO_WAIVER,proposed,EXISTING_MATURITY_SHORTFALL,,NOT_APPLICABLE,,unfunded at existing maturity,,,,,,,,,adverse_conservative,,,chronological_analytical_event_not_contractual_default,SRC-001;SRC-002;SRC-003,SEVERE_NO_WAIVER,"Mandatory payment failure excludes missed dividends and repurchases. Maturity shortfall, analytical warnings and drawability conventions remain separately classified and are not official covenant conclusions."
P6E-0234,SEVERE_NO_WAIVER,proposed,PROPOSED_MATURITY_SHORTFALL,2031-01-31,MATURITY_SHORTFALL,541.9008039856628091181709679,unfunded at proposed maturity,MATURITY_PRINCIPAL,541.9008039856628091181709679,0,541.9008039856628091181709679,no,yes,,,adverse_conservative,maturity_shortfall,9,chronological_analytical_event_not_contractual_default,SRC-001;SRC-002;SRC-003,P6M-SEVERE_NO_WAIVER-P-0060,"Mandatory payment failure excludes missed dividends and repurchases. Maturity shortfall, analytical warnings and drawability conventions remain separately classified and are not official covenant conclusions."
P6E-0235,SEVERE_NO_WAIVER,existing,OPENING_REVOLVER_EXPOSURE,OPENING_POSITION,WARNING,207.39771875,opening balance,,,,,,,,,adverse_conservative,,1,chronological_analytical_event_not_contractual_default,SRC-001;SRC-002;SRC-003,SEVERE_NO_WAIVER,"Mandatory payment failure excludes missed dividends and repurchases. Maturity shortfall, analytical warnings and drawability conventions remain separately classified and are not official covenant conclusions."
P6E-0236,SEVERE_NO_WAIVER,existing,FIRST_INCREMENTAL_POST_CLOSING_DRAW,2026-02-28,WARNING,23.82003010191641406811391766,>0 incremental draw,,,,,no,no,,,adverse_conservative,,2,chronological_analytical_event_not_contractual_default,SRC-001;SRC-002;SRC-003,P6M-SEVERE_NO_WAIVER-E-0001,"Mandatory payment failure excludes missed dividends and repurchases. Maturity shortfall, analytical warnings and drawability conventions remain separately classified and are not official covenant conclusions."
P6E-0237,SEVERE_NO_WAIVER,existing,FIRST_REVOLVER_REPAYMENT,2026-07-31,WARNING,6.90657814314188281473205222,>0 repayment,,,,,no,no,,,adverse_conservative,,3,chronological_analytical_event_not_contractual_default,SRC-001;SRC-002;SRC-003,P6M-SEVERE_NO_WAIVER-E-0006,"Mandatory payment failure excludes missed dividends and repurchases. Maturity shortfall, analytical warnings and drawability conventions remain separately classified and are not official covenant conclusions."
P6E-0238,SEVERE_NO_WAIVER,existing,PEAK_SUBSEQUENT_PERIOD_END_REVOLVER,2028-01-31,WARNING,468.8,maximum modeled month-end balance after opening,,,,,yes,no,,,adverse_conservative,,7,chronological_analytical_event_not_contractual_default,SRC-001;SRC-002;SRC-003,P6M-SEVERE_NO_WAIVER-E-0024,"Mandatory payment failure excludes missed dividends and repurchases. Maturity shortfall, analytical warnings and drawability conventions remain separately classified and are not official covenant conclusions."
P6E-0239,SEVERE_NO_WAIVER,existing,PEAK_REVOLVER_INCLUDING_OPENING,2028-01-31,WARNING,468.8,maximum of opening and subsequent month-end balances,,,,,yes,no,,,adverse_conservative,,7,chronological_analytical_event_not_contractual_default,SRC-001;SRC-002;SRC-003,P6M-SEVERE_NO_WAIVER-E-0024,"Mandatory payment failure excludes missed dividends and repurchases. Maturity shortfall, analytical warnings and drawability conventions remain separately classified and are not official covenant conclusions."
P6E-0240,SEVERE_NO_WAIVER,existing,FIRST_LIQUIDITY_WARNING,2027-02-28,BREACHED_ANALYTICAL_THRESHOLD,45.7712872065444746014513482,usable liquidity <50,,,,,no,no,,,adverse_conservative,,6,chronological_analytical_event_not_contractual_default,SRC-001;SRC-002;SRC-003,P6M-SEVERE_NO_WAIVER-E-0013,"Mandatory payment failure excludes missed dividends and repurchases. Maturity shortfall, analytical warnings and drawability conventions remain separately classified and are not official covenant conclusions."
P6E-0241,SEVERE_NO_WAIVER,existing,FIRST_CASH_FLOOR_FAILURE,2028-01-31,LIQUIDITY_FAILURE,10.69372113981900861090088861,cash-floor shortfall >0,,,,,yes,no,,,adverse_conservative,,7,chronological_analytical_event_not_contractual_default,SRC-001;SRC-002;SRC-003,P6M-SEVERE_NO_WAIVER-E-0024,"Mandatory payment failure excludes missed dividends and repurchases. Maturity shortfall, analytical warnings and drawability conventions remain separately classified and are not official covenant conclusions."
P6E-0242,SEVERE_NO_WAIVER,existing,FIRST_ANALYTICAL_LEVERAGE_FAILURE,2026-10-31,BREACHED_ANALYTICAL_THRESHOLD,5.69773326279657357783753314,above analytical threshold,,,,,no,no,,,adverse_conservative,,4,chronological_analytical_event_not_contractual_default,SRC-001;SRC-002;SRC-003,P6M-SEVERE_NO_WAIVER-E-0009,"Mandatory payment failure excludes missed dividends and repurchases. Maturity shortfall, analytical warnings and drawability conventions remain separately classified and are not official covenant conclusions."
P6E-0243,SEVERE_NO_WAIVER,existing,FIRST_ANALYTICAL_COVERAGE_FAILURE,2027-01-31,BREACHED_ANALYTICAL_THRESHOLD,1.84446690604293686102103841,below 3.00x,,,,,no,no,,,adverse_conservative,,5,chronological_analytical_event_not_contractual_default,SRC-001;SRC-002;SRC-003,P6M-SEVERE_NO_WAIVER-E-0012,"Mandatory payment failure excludes missed dividends and repurchases. Maturity shortfall, analytical warnings and drawability conventions remain separately classified and are not official covenant conclusions."
P6E-0244,SEVERE_NO_WAIVER,existing,FIRST_NO_WAIVER_DRAWABILITY_SHUTOFF,,PASS,,new draws unavailable,,,,,,,,,adverse_conservative,,,chronological_analytical_event_not_contractual_default,SRC-001;SRC-002;SRC-003,SEVERE_NO_WAIVER,"Mandatory payment failure excludes missed dividends and repurchases. Maturity shortfall, analytical warnings and drawability conventions remain separately classified and are not official covenant conclusions."
P6E-0245,SEVERE_NO_WAIVER,existing,FIRST_REVOLVER_CAPACITY_EXHAUSTION,2028-01-31,LIQUIDITY_FAILURE,0,nominal revolver availability <=0,,,,,yes,no,,,adverse_conservative,,7,chronological_analytical_event_not_contractual_default,SRC-001;SRC-002;SRC-003,P6M-SEVERE_NO_WAIVER-E-0024,"Mandatory payment failure excludes missed dividends and repurchases. Maturity shortfall, analytical warnings and drawability conventions remain separately classified and are not official covenant conclusions."
P6E-0246,SEVERE_NO_WAIVER,existing,FIRST_MANDATORY_PAYMENT_FAILURE,,PASS,,"unpaid cash interest, scheduled term principal or retained mandatory obligation",,,,,,,,,adverse_conservative,,,chronological_analytical_event_not_contractual_default,SRC-001;SRC-002;SRC-003,SEVERE_NO_WAIVER,"Mandatory payment failure excludes missed dividends and repurchases. Maturity shortfall, analytical warnings and drawability conventions remain separately classified and are not official covenant conclusions."
P6E-0247,SEVERE_NO_WAIVER,existing,FIRST_SCHEDULED_INTEREST_FAILURE,,PASS,,cash-interest shortfall >0,,,,,,,,,adverse_conservative,,,chronological_analytical_event_not_contractual_default,SRC-001;SRC-002;SRC-003,SEVERE_NO_WAIVER,"Mandatory payment failure excludes missed dividends and repurchases. Maturity shortfall, analytical warnings and drawability conventions remain separately classified and are not official covenant conclusions."
P6E-0248,SEVERE_NO_WAIVER,existing,FIRST_SCHEDULED_PRINCIPAL_FAILURE,,PASS,,scheduled-term-principal shortfall >0,,,,,,,,,adverse_conservative,,,chronological_analytical_event_not_contractual_default,SRC-001;SRC-002;SRC-003,SEVERE_NO_WAIVER,"Mandatory payment failure excludes missed dividends and repurchases. Maturity shortfall, analytical warnings and drawability conventions remain separately classified and are not official covenant conclusions."
P6E-0249,SEVERE_NO_WAIVER,existing,FIRST_RETAINED_OBLIGATION_FAILURE,,PASS,,retained-obligation shortfall >0,,,,,,,,,adverse_conservative,,,chronological_analytical_event_not_contractual_default,SRC-001;SRC-002;SRC-003,SEVERE_NO_WAIVER,"Mandatory payment failure excludes missed dividends and repurchases. Maturity shortfall, analytical warnings and drawability conventions remain separately classified and are not official covenant conclusions."
P6E-0250,SEVERE_NO_WAIVER,existing,FIRST_DISTRIBUTION_RESTRICTION_FLAG,,PASS,,narrow or broad analytical flag; not a payment default,,,,,,,,,adverse_conservative,,,chronological_analytical_event_not_contractual_default,SRC-001;SRC-002;SRC-003,SEVERE_NO_WAIVER,"Mandatory payment failure excludes missed dividends and repurchases. Maturity shortfall, analytical warnings and drawability conventions remain separately classified and are not official covenant conclusions."
P6E-0251,SEVERE_NO_WAIVER,existing,EXISTING_MATURITY_SHORTFALL,2029-07-31,MATURITY_SHORTFALL,705.6846154956622955690639524,unfunded at existing maturity,MATURITY_PRINCIPAL,705.6846154956622955690639524,0,705.6846154956622955690639524,no,no,,,adverse_conservative,maturity_shortfall,8,chronological_analytical_event_not_contractual_default,SRC-001;SRC-002;SRC-003,P6M-SEVERE_NO_WAIVER-E-0042,"Mandatory payment failure excludes missed dividends and repurchases. Maturity shortfall, analytical warnings and drawability conventions remain separately classified and are not official covenant conclusions."
P6E-0252,SEVERE_NO_WAIVER,existing,PROPOSED_MATURITY_SHORTFALL,,NOT_APPLICABLE,,unfunded at proposed maturity,,,,,,,,,adverse_conservative,,,chronological_analytical_event_not_contractual_default,SRC-001;SRC-002;SRC-003,SEVERE_NO_WAIVER,"Mandatory payment failure excludes missed dividends and repurchases. Maturity shortfall, analytical warnings and drawability conventions remain separately classified and are not official covenant conclusions."
