quarterly_stress_id,scenario_id,scenario_family,structure,fiscal_year,quarter,period_start,period_end,revenue,lender_base_ebitda,lender_base_ebitda_margin_percent,cash_tax_proxy,working_capital_cash_flow,capital_expenditures,other_operating_cash_uses,cfads_before_cash_interest,cash_interest_paid,scheduled_principal_paid,retained_obligation_paid,dividends_paid,repurchases_paid,dividends_suspended,repurchases_suspended,revolver_draws,revolver_repayments,cash_sweep,ending_term_principal,ending_revolver,ending_cash,minimum_usable_liquidity,peak_period_end_revolver,mandatory_payment_failure_months,cash_floor_shortfall,scheduled_principal_shortfall,cash_interest_shortfall,retained_obligation_shortfall,maturity_principal_due,maturity_principal_paid,maturity_principal_shortfall,unsupported_maturity_gap,classification,review_status,source_ids,upstream_ids,limitations
P6Q-0001,BASE,base,proposed,FY2026,Q2,2026-02-01,2026-04-30,452.46668805,63.18797619343977172796536428,13.9652217195837322875299713,-9.429430347432292931991341073,-0.07420514665644750694380049998,-15.83633408175,-0.6999999999999999999999999999,37.14800661760103128903022271,11.01022829841286105668819804,16.25,2.08775,3.624999999999999999999999999,1.25,0,0,9.82329762199995342260467161,12.74832594118812365494669627,0,633.75,26.97269043081182976765797534,25,266.8273095691881702323420247,26.97269043081182976765797534,0,0,0,0,0,0,0,0,0,formula_calculated_quarterly_stress,inherited_phase5_base,SRC-001;SRC-002;SRC-003,P5A-014;P5A-015;P5A-016;P5A-018:P5A-032;SCN-001:SCN-009,Quarter aggregates monthly provisional allocations; actual monthly seasonality is unavailable.
P6Q-0002,BASE,base,proposed,FY2026,Q3,2026-05-01,2026-07-31,495.260618175,63.3243870709029965280623364,12.7860735836919235432932142,-8.8612940881489741320155841,-0.08120873234297211857723589999,-17.334121636125,0,37.04776261428605027746951641,10.69350494768797716581977051,16.25,2.08775,3.624999999999999999999999999,1.25,0,0,9.75074240520298214207305018,12.89225007180105525372279607,0,617.5,23.83118276421375665600822945,25,269.9688172357862433439917706,23.83118276421375665600822945,0,0,0,0,0,0,0,0,0,formula_calculated_quarterly_stress,inherited_phase5_base,SRC-001;SRC-002;SRC-003,P5A-014;P5A-015;P5A-016;P5A-018:P5A-032;SCN-001:SCN-009,Quarter aggregates monthly provisional allocations; actual monthly seasonality is unavailable.
P6Q-0003,BASE,base,proposed,FY2026,Q4,2026-08-01,2026-10-31,489.83375385,63.73627376284614593827085919,13.01181743027939068561819552,-9.040638022780486484567714799,-0.0803216590817442733977069,-17.14418138475,0,37.4711326962339151803054375,10.36887140235532457125931949,16.25,2.08775,3.624999999999999999999999999,1.25,0,0,9.50004151390966245599102793,13.38955280778825306503714594,0,601.25,19.94167147033516604696211144,25,273.8583285296648339530378886,19.94167147033516604696211144,0,0,0,0,0,0,0,0,0,formula_calculated_quarterly_stress,inherited_phase5_base,SRC-001;SRC-002;SRC-003,P5A-014;P5A-015;P5A-016;P5A-018:P5A-032;SCN-001:SCN-009,Quarter aggregates monthly provisional allocations; actual monthly seasonality is unavailable.
P6Q-0004,BASE,base,proposed,FY2027,Q1,2026-11-01,2027-01-31,400.0239980500275,32.0242230857753266029312975,8.005575475941905198323741786,-2.376518046885794643232824378,0.0015252597675147695526983,-14.0008399317509625,0,15.64839036690608422925117143,10.21494666940434705336392094,16.25,2.00775,3.624999999999999999999999999,1.25,0,0,17.69930630249826282411274953,0,0,585,37.64097777283342887107486097,25,256.159022227166571128925139,37.64097777283342887107486097,0,0,0,0,0,0,0,0,0,formula_calculated_quarterly_stress,inherited_phase5_base,SRC-001;SRC-002;SRC-003,P5A-014;P5A-015;P5A-016;P5A-018:P5A-032;SCN-001:SCN-009,Quarter aggregates monthly provisional allocations; actual monthly seasonality is unavailable.
P6Q-0005,BASE,base,proposed,FY2027,Q2,2027-02-01,2027-04-30,452.45537638279875,63.18639649403493573367216518,13.9652217195837322875299713,-9.429194611673607124668041298,0.0016574095790883289958927,-15.83593817339795625,0,37.92292111854246068800001661,10.0549563458368440175397007,16.25,2.00775,3.624999999999999999999999999,1.25,0,0,9.21659554095011557344217404,13.95181031365573224390248995,0,568.75,32.90576300012781220061454506,25,260.8942369998721877993854549,32.90576300012781220061454506,0,0,0,0,0,0,0,0,0,formula_calculated_quarterly_stress,inherited_phase5_base,SRC-001;SRC-002;SRC-003,P5A-014;P5A-015;P5A-016;P5A-018:P5A-032;SCN-001:SCN-009,Quarter aggregates monthly provisional allocations; actual monthly seasonality is unavailable.
P6Q-0006,BASE,base,proposed,FY2027,Q3,2027-05-01,2027-07-31,495.248236659545625,63.3228039612262239531491349,12.78607358369192354329321421,-8.861072555796770407662283725,0.001828842187551724987896,-17.333688283084096875,0,37.12987196453290839547474719,9.713977788930567504048012691,16.25,2.00775,3.624999999999999999999999999,1.25,0,0,9.36811151960029874869724757,13.65125569520263964012398207,0,552.5,28.62261882452547130918781056,25,265.1773811754745286908121894,28.62261882452547130918781056,0,0,0,0,0,0,0,0,0,formula_calculated_quarterly_stress,inherited_phase5_base,SRC-001;SRC-002;SRC-003,P5A-014;P5A-015;P5A-016;P5A-018:P5A-032;SCN-001:SCN-009,Quarter aggregates monthly provisional allocations; actual monthly seasonality is unavailable.
P6Q-0007,BASE,base,proposed,FY2027,Q4,2027-08-01,2027-10-31,489.82150800615375,63.73468035600207478462240239,13.01181743027939068561819551,-9.040412006829916972405600599,0.001806023565781153195876,-17.14375278021538125,0,37.55232159252255771541267779,9.370445577138563611716138896,16.25,2.00775,3.624999999999999999999999999,1.25,0,0,9.11138505071147744891732452,14.16051106609547155261386342,0,536.25,23.57349280914147720549127166,25,270.2265071908585227945087283,23.57349280914147720549127166,0,0,0,0,0,0,0,0,0,formula_calculated_quarterly_stress,inherited_phase5_base,SRC-001;SRC-002;SRC-003,P5A-014;P5A-015;P5A-016;P5A-018:P5A-032;SCN-001:SCN-009,Quarter aggregates monthly provisional allocations; actual monthly seasonality is unavailable.
P6Q-0008,BASE,base,proposed,FY2028,Q1,2027-11-01,2028-01-31,400.0139974500762493125,32.02342248019818221976622422,8.005575475941905198323741787,-2.376458633934622498366743558,0.0015252216360205816834594,-14.0004899107526687259375,0,15.64799915714691157714544007,9.196171403894209844412559321,16.25,1.7075,3.624999999999999999999999999,1.25,0,0,16.38067224674729826726711926,0,0,520,39.95416505588877547275839092,25,253.8458349441112245272416091,39.95416505588877547275839092,0,0,0,0,0,0,0,0,0,formula_calculated_quarterly_stress,inherited_phase5_base,SRC-001;SRC-002;SRC-003,P5A-014;P5A-015;P5A-016;P5A-018:P5A-032;SCN-001:SCN-009,Quarter aggregates monthly provisional allocations; actual monthly seasonality is unavailable.
P6Q-0009,BASE,base,proposed,FY2028,Q2,2028-02-01,2028-04-30,452.44406499838918003125,63.18481683412258486027882335,13.9652217195837322875299713,-9.428958881808315284489924586,0.0016573681438488517876679,-15.83554227494362130109375,0,37.92197304551449712648281665,9.014348211947199182204597119,16.25,1.7075,3.624999999999999999999999999,1.25,0,0,8.76751129288010757581313996,14.84263612644740552009135949,0,503.75,33.87904022232147752848017139,25,259.9209597776785224715198286,33.87904022232147752848017139,0,0,0,0,0,0,0,0,0,formula_calculated_quarterly_stress,inherited_phase5_base,SRC-001;SRC-002;SRC-003,P5A-014;P5A-015;P5A-016;P5A-018:P5A-032;SCN-001:SCN-009,Quarter aggregates monthly provisional allocations; actual monthly seasonality is unavailable.
P6Q-0010,BASE,base,proposed,FY2028,Q3,2028-05-01,2028-07-31,495.235855453629136359375,63.32122089112719329755030611,12.7860735836919235432932142,-8.860851028982875488402092154,0.0018287964664970361947712,-17.333254940877019772578125,0,37.12894371773379507276486015,8.651179678116925269701560158,16.25,1.7075,3.624999999999999999999999999,1.25,0,0,8.91158343403700014993523605,14.55684747365386995299853603,0,487.5,28.23377618270460772541687141,25,265.5662238172953922745831286,28.23377618270460772541687141,0,0,0,0,0,0,0,0,0,formula_calculated_quarterly_stress,inherited_phase5_base,SRC-001;SRC-002;SRC-003,P5A-014;P5A-015;P5A-016;P5A-018:P5A-032;SCN-001:SCN-009,Quarter aggregates monthly provisional allocations; actual monthly seasonality is unavailable.
P6Q-0011,BASE,base,proposed,FY2028,Q4,2028-08-01,2028-10-31,489.80926246845359615625,63.73308698899317473275278684,13.01181743027939068561819552,-9.04018599652974622448129046,0.0018059784151920086670461,-17.14332418639587586546875,0,37.55138278448274465146979249,8.285089931106661190907453886,16.25,1.7075,3.624999999999999999999999999,1.25,0,0,8.64730012148327258081522043,15.08109297485935604137755903,0,471.25,21.79998332932852426485453281,25,272.0000166706714757351454672,21.79998332932852426485453281,0,0,0,0,0,0,0,0,0,formula_calculated_quarterly_stress,inherited_phase5_base,SRC-001;SRC-002;SRC-003,P5A-014;P5A-015;P5A-016;P5A-018:P5A-032;SCN-001:SCN-009,Quarter aggregates monthly provisional allocations; actual monthly seasonality is unavailable.
P6Q-0012,BASE,base,proposed,FY2029,Q1,2028-11-01,2029-01-31,400.0039971001399974062671875,32.02262189463617726521073007,8.005575475941905198323741788,-2.37639922246877413280428439,0.0015251835054796811689173,-14.00013989850489990921935156,0,15.64760795716798290435601143,8.089674744837512923039359913,16.25,1.6245,3.624999999999999999999999999,1.25,0,0,15.89525553081652285868342556,0.70368874314699284000007708,0,455,36.99155011699805428353788129,25,256.8084498830019457164621187,36.99155011699805428353788129,0,0,0,0,0,0,0,0,0,formula_calculated_quarterly_stress,inherited_phase5_base,SRC-001;SRC-002;SRC-003,P5A-014;P5A-015;P5A-016;P5A-018:P5A-032;SCN-001:SCN-009,Quarter aggregates monthly provisional allocations; actual monthly seasonality is unavailable.
P6Q-0013,BASE,base,proposed,FY2029,Q2,2029-02-01,2029-04-30,452.4327538967642203017492189,63.18323721370173179565731637,13.96522171958373228752997129,-9.428723157836270076607812339,0.0016573267096452555663732,-15.83514638638674771056122266,0,37.92102499618835926405465458,7.888163765196044876553997312,16.25,1.6245,3.624999999999999999999999999,1.25,0,0,8.36255878906840482069074848,15.64592002006071920819140574,0,438.75,29.70818888600573989603722403,25,264.091811113994260103962776,29.70818888600573989603722403,0,0,0,0,0,0,0,0,0,formula_calculated_quarterly_stress,inherited_phase5_base,SRC-001;SRC-002;SRC-003,P5A-014;P5A-015;P5A-016;P5A-018:P5A-032;SCN-001:SCN-009,Quarter aggregates monthly provisional allocations; actual monthly seasonality is unavailable.
P6Q-0014,BASE,base,proposed,FY2029,Q3,2029-05-01,2029-07-31,495.2234745572427956309660157,63.31963786060491511771786737,12.7860735836919235432932142,-8.860629507707150916514882104,0.0018287507465853737688665,-17.33282160950349784708381055,0,37.12801549414085172788804121,7.504985859006219014519645639,16.25,1.6245,3.624999999999999999999999999,1.25,0,0,8.49991794431104742551016761,15.37344757944568013887856318,0,422.5,22.83465925087110718266882846,25,270.9653407491288928173311715,22.83465925087110718266882846,0,0,0,0,0,0,0,0,0,formula_calculated_quarterly_stress,inherited_phase5_base,SRC-001;SRC-002;SRC-003,P5A-014;P5A-015;P5A-016;P5A-018:P5A-032;SCN-001:SCN-009,Quarter aggregates monthly provisional allocations; actual monthly seasonality is unavailable.
P6Q-0015,BASE,base,proposed,FY2029,Q4,2029-08-01,2029-10-31,489.7970172368918848163460939,63.73149366181844990338446801,13.01181743027939068561819551,-9.039959991879832980825678429,0.0018059332657316288668295,-17.14289560329121596857211328,0,37.55044399991313258285350583,7.118555293624490390154381911,16.25,1.6245,3.624999999999999999999999999,1.25,0,0,8.22882074280917642587972734,15.91120944909781861857885126,0,406.25,15.15227054458246498996970454,25,278.6477294554175350100302955,15.15227054458246498996970454,0,0,0,0,0,0,0,0,0,formula_calculated_quarterly_stress,inherited_phase5_base,SRC-001;SRC-002;SRC-003,P5A-014;P5A-015;P5A-016;P5A-018:P5A-032;SCN-001:SCN-009,Quarter aggregates monthly provisional allocations; actual monthly seasonality is unavailable.
P6Q-0016,BASE,base,proposed,FY2030,Q1,2029-11-01,2030-01-31,399.9939970002124939063320309,32.0218213290888113607790998,8.005575475941905198323741786,-2.376339812488212413450964282,0.0015251453758920441768882,-13.99978989500743728672162108,0,15.64721676696905370478340265,6.902416694818955933817095315,16.25,1.5365,3.624999999999999999999999999,1.25,0,0,15.46797116162290183450433573,1.55127123377299960547064306,0,390,29.06897047243236721900339721,25,264.7310295275676327809966028,29.06897047243236721900339721,0,0,0,0,0,0,0,0,0,formula_calculated_quarterly_stress,inherited_phase5_base,SRC-001;SRC-002;SRC-003,P5A-014;P5A-015;P5A-016;P5A-018:P5A-032;SCN-001:SCN-009,Quarter aggregates monthly provisional allocations; actual monthly seasonality is unavailable.
P6Q-0017,BASE,base,proposed,FY2030,Q2,2030-02-01,2030-04-30,452.4214430779168011962416752,63.181657632771389252362425,13.96522171958373228752997131,-9.428487439757324169855897156,0.001657285276477514434984,-15.83475050772708804186845863,0,37.92007697056345455507305322,6.679797660808782137006736968,16.25,1.5365,3.624999999999999999999999999,1.25,0,0,7.92838647345554211953587947,16.50716578321021453760219571,0,373.75,20.49019116267769480093708097,25,272.9620182360069745326405013,20.83798176399302546735949866,0,0,0,0,0,0,0,0,0,formula_calculated_quarterly_stress,inherited_phase5_base,SRC-001;SRC-002;SRC-003,P5A-014;P5A-015;P5A-016;P5A-018:P5A-032;SCN-001:SCN-009,Quarter aggregates monthly provisional allocations; actual monthly seasonality is unavailable.
P6Q-0018,BASE,base,proposed,FY2030,Q3,2030-05-01,2030-07-31,495.2110939703788645610752413,63.31805486965839999483992445,12.78607358369192354329321421,-8.86040799196945823774196924,0.0018287050278167091345221,-17.33238828896326025963763345,0,37.12708729375349820659484387,6.275166594895990896172441266,16.25,1.5365,3.624999999999999999999999999,1.25,0,0,8.05854874318587597196232224,16.24896944204338328238472484,0,357.5,12.29977046382018749051467837,25,281.4120527814202033691967469,12.38794721857979663080325308,0,0,0,0,0,0,0,0,0,formula_calculated_quarterly_stress,inherited_phase5_base,SRC-001;SRC-002;SRC-003,P5A-014;P5A-015;P5A-016;P5A-018:P5A-032;SCN-001:SCN-009,Quarter aggregates monthly provisional allocations; actual monthly seasonality is unavailable.
P6Q-0019,BASE,base,proposed,FY2030,Q4,2030-08-01,2030-10-31,489.7847723114609625192256851,63.72990037447690444213688346,13.01181743027939068561819553,-9.039733992880035985001157798,0.0018058881173999855761078,-17.14246703090113368817289898,0,37.54950523881313475453893449,5.891640620998344127684222945,16.25,1.5365,3.624999999999999999999999999,1.25,0,0,3.30340584600539686365996683,12.29977046382018749051467837,0,341.25,3.30340584600539686365996683,25,289.8778445937134892739441305,3.92215540628651072605586954,0,0,0,0,0,0,0,0,0,formula_calculated_quarterly_stress,inherited_phase5_base,SRC-001;SRC-002;SRC-003,P5A-014;P5A-015;P5A-016;P5A-018:P5A-032;SCN-001:SCN-009,Quarter aggregates monthly provisional allocations; actual monthly seasonality is unavailable.
P6Q-0020,BASE,base,proposed,FY2031,Q1,2030-11-01,2031-01-31,399.9839971502874885939843726,32.02102078355558414049508032,8.005575475941905198323741786,-2.376280403992900208140628008,0.0015251072472576468757836,-13.99943990026006210078945304,0,15.64682558654987947844078288,5.629750962137643361373299317,16.25,1.5365,3.624999999999999999999999999,1.25,0,0,15.04155563021491000735910037,2.39713025462714612442658393,0,325,15.94783122159316074659248327,25,291.6918782092721557953278406,15.94783122159316074659248327,0,0,0,0,0,340.9478312215931607465924833,0,340.9478312215931607465924833,340.9478312215931607465924833,formula_calculated_quarterly_stress,inherited_phase5_base,SRC-001;SRC-002;SRC-003,P5A-014;P5A-015;P5A-016;P5A-018:P5A-032;SCN-001:SCN-009,Quarter aggregates monthly provisional allocations; actual monthly seasonality is unavailable.
P6Q-0021,BASE,base,existing,FY2026,Q2,2026-02-01,2026-04-30,452.46668805,63.18797619343977172796536428,13.9652217195837322875299713,-9.429430347432292931991341073,-0.07420514665644750694380049998,-15.83633408175,-0.6999999999999999999999999999,37.14800661760103128903022271,10.8446215625313253886318619,6.25,2.08775,3.624999999999999999999999999,1.25,0,0,0,13.0906350550697059003983608,0,456.25,194.3070836949302940996016392,25,267.8138952390046777486444724,200.9861047609953222513555276,0,0,0,0,0,0,0,0,0,formula_calculated_quarterly_stress,inherited_phase5_base,SRC-001;SRC-002;SRC-003,P5A-014;P5A-015;P5A-016;P5A-018:P5A-032;SCN-001:SCN-009,Quarter aggregates monthly provisional allocations; actual monthly seasonality is unavailable.
P6Q-0022,BASE,base,existing,FY2026,Q3,2026-05-01,2026-07-31,495.260618175,63.3243870709029965280623364,12.7860735836919235432932142,-8.8612940881489741320155841,-0.08120873234297211857723589999,-17.334121636125,0,37.04776261428605027746951641,10.52515565270948236700347887,6.25,2.08775,3.624999999999999999999999999,1.25,0,0,0,13.30985696157656791046603753,0,450,180.9972267333537261891356016,25,280.9772045490020833877579,187.8227954509979166122421,0,0,0,0,0,0,0,0,0,formula_calculated_quarterly_stress,inherited_phase5_base,SRC-001;SRC-002;SRC-003,P5A-014;P5A-015;P5A-016;P5A-018:P5A-032;SCN-001:SCN-009,Quarter aggregates monthly provisional allocations; actual monthly seasonality is unavailable.
P6Q-0023,BASE,base,existing,FY2026,Q4,2026-08-01,2026-10-31,489.83375385,63.73627376284614593827085919,13.01181743027939068561819552,-9.040638022780486484567714799,-0.0803216590817442733977069,-17.14418138475,0,37.4711326962339151803054375,10.19773412965386925868386928,6.25,2.08775,3.624999999999999999999999999,1.25,0,0,0,14.06064856658004592162156821,0,443.75,166.9365781667736802675140334,25,294.5359564379562292692460328,174.2640435620437707307539672,0,0,0,0,0,0,0,0,0,formula_calculated_quarterly_stress,inherited_phase5_base,SRC-001;SRC-002;SRC-003,P5A-014;P5A-015;P5A-016;P5A-018:P5A-032;SCN-001:SCN-009,Quarter aggregates monthly provisional allocations; actual monthly seasonality is unavailable.
P6Q-0024,BASE,base,existing,FY2027,Q1,2026-11-01,2027-01-31,400.0239980500275,32.0242230857753266029312975,8.005575475941905198323741786,-2.376518046885794643232824378,0.0015252597675147695526983,-14.0008399317509625,0,15.64839036690608422925117143,10.04097524819088980571943091,6.25,2.00775,3.624999999999999999999999999,1.25,0,0,7.52533488128480557646825949,0,0,437.5,174.4619130480584858439822928,25,294.3380869519415141560177072,174.4619130480584858439822928,0,0,0,0,0,0,0,0,0,formula_calculated_quarterly_stress,inherited_phase5_base,SRC-001;SRC-002;SRC-003,P5A-014;P5A-015;P5A-016;P5A-018:P5A-032;SCN-001:SCN-009,Quarter aggregates monthly provisional allocations; actual monthly seasonality is unavailable.
P6Q-0025,BASE,base,existing,FY2027,Q2,2027-02-01,2027-04-30,452.45537638279875,63.18639649403493573367216518,13.9652217195837322875299713,-9.429194611673607124668041298,0.0016574095790883289958927,-15.83593817339795625,0,37.92292111854246068800001661,9.878103840702976783942232743,6.25,2.00775,3.624999999999999999999999999,1.25,0,0,0,14.91206727783948390405778386,0,431.25,159.5498457702190019399245089,25,301.3535239429460134315927772,167.4464760570539865684072228,0,0,0,0,0,0,0,0,0,formula_calculated_quarterly_stress,inherited_phase5_base,SRC-001;SRC-002;SRC-003,P5A-014;P5A-015;P5A-016;P5A-018:P5A-032;SCN-001:SCN-009,Quarter aggregates monthly provisional allocations; actual monthly seasonality is unavailable.
P6Q-0026,BASE,base,existing,FY2027,Q3,2027-05-01,2027-07-31,495.248236659545625,63.3228039612262239531491349,12.78607358369192354329321421,-8.861072555796770407662283725,0.001828842187551724987896,-17.333688283084096875,0,37.12987196453290839547474719,9.534196487185903853988927882,6.25,2.00775,3.624999999999999999999999999,1.25,0,0,0,14.46292547734700454148581931,0,425,145.0869202928719973984386896,25,316.1166962210667772438649154,152.6833037789332227561350846,0,0,0,0,0,0,0,0,0,formula_calculated_quarterly_stress,inherited_phase5_base,SRC-001;SRC-002;SRC-003,P5A-014;P5A-015;P5A-016;P5A-018:P5A-032;SCN-001:SCN-009,Quarter aggregates monthly provisional allocations; actual monthly seasonality is unavailable.
P6Q-0027,BASE,base,existing,FY2027,Q4,2027-08-01,2027-10-31,489.82150800615375,63.73468035600207478462240239,13.01181743027939068561819551,-9.040412006829916972405600599,0.001806023565781153195876,-17.14375278021538125,0,37.55232159252255771541267779,9.187686975938425605043400067,6.25,2.00775,3.624999999999999999999999999,1.25,0,0,0,15.23188461658413211036927773,0,418.75,129.8550356762878652880694119,25,330.8345393451233013025808054,137.9654606548766986974191946,0,0,0,0,0,0,0,0,0,formula_calculated_quarterly_stress,inherited_phase5_base,SRC-001;SRC-002;SRC-003,P5A-014;P5A-015;P5A-016;P5A-018:P5A-032;SCN-001:SCN-009,Quarter aggregates monthly provisional allocations; actual monthly seasonality is unavailable.
P6Q-0028,BASE,base,existing,FY2028,Q1,2027-11-01,2028-01-31,400.0139974500762493125,32.02342248019818221976622422,8.005575475941905198323741787,-2.376458633934622498366743558,0.0015252216360205816834594,-14.0004899107526687259375,0,15.64799915714691157714544007,9.010386197161115325148705459,6.25,1.7075,3.624999999999999999999999999,1.25,0,0,6.23152834065594893189762059,0.03664130064174518389435519,0,412.5,136.0499227163020690360726773,25,332.7500772836979309639273227,136.0499227163020690360726773,0,0,0,0,0,0,0,0,0,formula_calculated_quarterly_stress,inherited_phase5_base,SRC-001;SRC-002;SRC-003,P5A-014;P5A-015;P5A-016;P5A-018:P5A-032;SCN-001:SCN-009,Quarter aggregates monthly provisional allocations; actual monthly seasonality is unavailable.
P6Q-0029,BASE,base,existing,FY2028,Q2,2028-02-01,2028-04-30,452.44406499838918003125,63.18481683412258486027882335,13.9652217195837322875299713,-9.428958881808315284489924586,0.0016573681438488517876679,-15.83554227494362130109375,0,37.92197304551449712648281665,8.825486277040887092870139078,6.25,1.7075,3.624999999999999999999999999,1.25,0,0,0,16.26398676847361003361267756,0,406.25,119.7859359478284590024599998,25,340.2136891093693072990942032,128.5863108906306927009057968,0,0,0,0,0,0,0,0,0,formula_calculated_quarterly_stress,inherited_phase5_base,SRC-001;SRC-002;SRC-003,P5A-014;P5A-015;P5A-016;P5A-018:P5A-032;SCN-001:SCN-009,Quarter aggregates monthly provisional allocations; actual monthly seasonality is unavailable.
P6Q-0030,BASE,base,existing,FY2028,Q3,2028-05-01,2028-07-31,495.235855453629136359375,63.32122089112719329755030611,12.7860735836919235432932142,-8.860851028982875488402092154,0.0018287964664970361947712,-17.333254940877019772578125,0,37.12894371773379507276486015,8.459190062353373605022424043,6.25,1.7075,3.624999999999999999999999999,1.25,0,0,0,15.8372536553804214677424361,0,400,103.9486822924480375347175637,25,356.3362095821556541354117472,112.4637904178443458645882528,0,0,0,0,0,0,0,0,0,formula_calculated_quarterly_stress,inherited_phase5_base,SRC-001;SRC-002;SRC-003,P5A-014;P5A-015;P5A-016;P5A-018:P5A-032;SCN-001:SCN-009,Quarter aggregates monthly provisional allocations; actual monthly seasonality is unavailable.
P6Q-0031,BASE,base,existing,FY2028,Q4,2028-08-01,2028-10-31,489.80926246845359615625,63.73308698899317473275278684,13.01181743027939068561819552,-9.04018599652974622448129046,0.0018059784151920086670461,-17.14332418639587586546875,0,37.55138278448274465146979249,8.089920837984104809110005239,6.25,1.7075,3.624999999999999999999999999,1.25,0,0,0,16.62896194649863984235978723,0,393.75,87.31972034594939769235777647,25,372.4359224556585031772261254,96.36407754434149682277387461,0,0,0,0,0,0,0,0,0,formula_calculated_quarterly_stress,inherited_phase5_base,SRC-001;SRC-002;SRC-003,P5A-014;P5A-015;P5A-016;P5A-018:P5A-032;SCN-001:SCN-009,Quarter aggregates monthly provisional allocations; actual monthly seasonality is unavailable.
P6Q-0032,BASE,base,existing,FY2029,Q1,2028-11-01,2029-01-31,400.0039971001399974062671875,32.02262189463617726521073007,8.005575475941905198323741788,-2.37639922246877413280428439,0.0015251835054796811689173,-14.00013989850489990921935156,0,15.64760795716798290435601143,7.891273520069227933654094798,6.25,1.6245,3.624999999999999999999999999,1.25,0,0,5.82875937749816810531641129,0.83559381459692307601832792,0,387.5,92.31288590885064272165585984,25,376.4871140911493572783441402,92.31288590885064272165585984,0,0,0,0,0,0,0,0,0,formula_calculated_quarterly_stress,inherited_phase5_base,SRC-001;SRC-002;SRC-003,P5A-014;P5A-015;P5A-016;P5A-018:P5A-032;SCN-001:SCN-009,Quarter aggregates monthly provisional allocations; actual monthly seasonality is unavailable.
P6Q-0033,BASE,base,existing,FY2029,Q2,2029-02-01,2029-04-30,452.4327538967642203017492189,63.18323721370173179565731637,13.96522171958373228752997129,-9.428723157836270076607812339,0.0016573267096452555663732,-15.83514638638674771056122266,0,37.92102499618835926405465458,7.686476882504851929618746876,6.25,1.6245,3.624999999999999999999999999,1.25,0,0,0,17.4850481136835073344359077,0,381.25,74.82783779516713538721995214,25,384.355519967279218928301629,84.44448003272078107169837099,0,0,0,0,0,0,0,0,0,formula_calculated_quarterly_stress,inherited_phase5_base,SRC-001;SRC-002;SRC-003,P5A-014;P5A-015;P5A-016;P5A-018:P5A-032;SCN-001:SCN-009,Quarter aggregates monthly provisional allocations; actual monthly seasonality is unavailable.
P6Q-0034,BASE,base,existing,FY2029,Q3,2029-05-01,2029-07-31,495.2234745572427956309660157,63.31963786060491511771786737,12.7860735836919235432932142,-8.860629507707150916514882104,0.0018287507465853737688665,-17.33282160950349784708381055,0,37.12801549414085172788804121,7.299958905683733995595501935,6.25,1.6245,3.624999999999999999999999999,1.25,0,0,0,17.07855658845711773229253927,0,375,57.74928120671001765492741287,25,401.705812074133967887187154,67.09418792586603211281284595,0,0,0,0,0,432.7492812067100176549274129,0,432.7492812067100176549274129,432.7492812067100176549274129,formula_calculated_quarterly_stress,inherited_phase5_base,SRC-001;SRC-002;SRC-003,P5A-014;P5A-015;P5A-016;P5A-018:P5A-032;SCN-001:SCN-009,Quarter aggregates monthly provisional allocations; actual monthly seasonality is unavailable.
P6Q-0035,MODERATE_UNMITIGATED,moderate,proposed,FY2026,Q2,2026-02-01,2026-04-30,423.05635332675,50.6196306743311865656476156,11.9652217195837322875299713,-6.7012356082154438914119039,-73.4293688531870244234172408,-14.80697236643625,-2.2,-46.5179461535075317491815291,13.41024113953104624366126085,16.25,2.08775,3.624999999999999999999999999,1.25,0,0,83.14093729303857799284278996,0,0,633.75,113.03865604303857799284279,25,180.76134395696142200715721,113.03865604303857799284279,0,0,0,0,0,0,0,0,0,formula_calculated_quarterly_stress,owner_reviewed_for_phase6_testing,SRC-001;SRC-002;SRC-003,P5A-014;P5A-015;P5A-016;P5A-018:P5A-032;SCN-001:SCN-009,Quarter aggregates monthly provisional allocations; actual monthly seasonality is unavailable.
P6Q-0036,MODERATE_UNMITIGATED,moderate,proposed,FY2026,Q3,2026-05-01,2026-07-31,463.068677993625,49.9469283514218017537382846,10.78607358369192354329321421,-5.96996658245116581343457115,4.7725927158643815763318739,-16.207403729776875,-1.5,31.04215075505814251663558736,14.0975130086878459550478218,16.25,2.08775,3.624999999999999999999999999,1.25,0,0,8.5508379262706168279130489,2.28272567264091338950081445,0,617.5,119.3067682966682814312550245,25,174.4932317033317185687449755,119.3067682966682814312550245,0,0,0,0,0,0,0,0,0,formula_calculated_quarterly_stress,owner_reviewed_for_phase6_testing,SRC-001;SRC-002;SRC-003,P5A-014;P5A-015;P5A-016;P5A-018:P5A-032;SCN-001:SCN-009,Quarter aggregates monthly provisional allocations; actual monthly seasonality is unavailable.
P6Q-0037,MODERATE_UNMITIGATED,moderate,proposed,FY2026,Q4,2026-08-01,2026-10-31,457.99455984975,50.4335247712661464522832533,11.01181743027939068561819551,-6.163023752051004863070813325,4.7107391840668430554471152,-16.02980959474125,0,32.95143060854073464465955518,13.89226519720170350060195105,16.25,2.08775,3.624999999999999999999999999,1.25,0,0,7.07689879915155669831899351,2.92331421049058784237659764,0,601.25,123.4603528853292502871974204,25,170.3396471146707497128025796,123.4603528853292502871974204,0,0,0,0,0,0,0,0,0,formula_calculated_quarterly_stress,owner_reviewed_for_phase6_testing,SRC-001;SRC-002;SRC-003,P5A-014;P5A-015;P5A-016;P5A-018:P5A-032;SCN-001:SCN-009,Quarter aggregates monthly provisional allocations; actual monthly seasonality is unavailable.
P6Q-0038,MODERATE_UNMITIGATED,moderate,proposed,FY2027,Q1,2026-11-01,2027-01-31,374.0224381767757125,22.46219982166441612374076318,6.005575475941905198323741791,-0.351932182954339428922690795,4.1088130758544351819884185,-13.0907853361871499375,0,13.12829537837736193930649088,13.81137084003162077088060051,16.25,2.00775,3.624999999999999999999999999,1.25,0,0,23.81582546165425883157410963,0,0,585,147.27617834698350911877153,25,146.52382165301649088122847,147.27617834698350911877153,0,0,0,0,0,0,0,0,0,formula_calculated_quarterly_stress,owner_reviewed_for_phase6_testing,SRC-001;SRC-002;SRC-003,P5A-014;P5A-015;P5A-016;P5A-018:P5A-032;SCN-001:SCN-009,Quarter aggregates monthly provisional allocations; actual monthly seasonality is unavailable.
P6Q-0039,MODERATE_UNMITIGATED,moderate,proposed,FY2027,Q2,2027-02-01,2027-04-30,430.3981767841373109375,53.6500870131886729525931471,12.4652217195837322875299713,-7.355528211414003861324849275,17.4132482205833604757574054,-15.0639361874448058828125,0,48.64387083491322368421320322,13.22928336891000934694359618,16.25,2.00775,3.624999999999999999999999999,1.25,0,0,0,12.28183746600321433726960703,0,568.75,134.9943408809802947815019229,25,149.5005401234164728896577133,144.2994598765835271103422867,0,0,0,0,0,0,0,0,0,formula_calculated_quarterly_stress,owner_reviewed_for_phase6_testing,SRC-001;SRC-002;SRC-003,P5A-014;P5A-015;P5A-016;P5A-018:P5A-032;SCN-001:SCN-009,Quarter aggregates monthly provisional allocations; actual monthly seasonality is unavailable.
P6Q-0040,MODERATE_UNMITIGATED,moderate,proposed,FY2027,Q3,2027-05-01,2027-07-31,479.1526689681103921875,56.473286142805267752796788,11.78607358369192354329321421,-7.3752060253130993889445095,16.3361679337820970625754237,-16.7703434138838637265625,0,48.6639046373904016998652022,12.26449584995710871005651014,16.25,2.00775,3.624999999999999999999999999,1.25,0,0,0,13.26665878743329298980869207,0,552.5,121.7276820935470017916932309,25,162.1076902047132184296765221,131.6923097952867815703234779,0,0,0,0,0,0,0,0,0,formula_calculated_quarterly_stress,owner_reviewed_for_phase6_testing,SRC-001;SRC-002;SRC-003,P5A-014;P5A-015;P5A-016;P5A-018:P5A-032;SCN-001:SCN-009,Quarter aggregates monthly provisional allocations; actual monthly seasonality is unavailable.
P6Q-0041,MODERATE_UNMITIGATED,moderate,proposed,FY2027,Q4,2027-08-01,2027-10-31,481.8619085010537515625,60.2896822577117723115597884,12.51181743027939068561819552,-8.2911779260926136321508846,15.6244971423851102783274809,-16.8651667975368813046875,0,50.7578346764673876530488847,11.30513908757509058953650604,16.25,2.00775,3.624999999999999999999999999,1.25,0,0,0,16.31994558889229706351237866,0,536.25,105.4077365046547047281808523,25,176.1092457852362802047795959,117.6907542147637197952204041,0,0,0,0,0,0,0,0,0,formula_calculated_quarterly_stress,owner_reviewed_for_phase6_testing,SRC-001;SRC-002;SRC-003,P5A-014;P5A-015;P5A-016;P5A-018:P5A-032;SCN-001:SCN-009,Quarter aggregates monthly provisional allocations; actual monthly seasonality is unavailable.
P6Q-0042,MODERATE_UNMITIGATED,moderate,proposed,FY2028,Q1,2027-11-01,2028-01-31,400.0139974500762493125,32.02342248019818221976622422,8.005575475941905198323741787,-2.376458633934622498366743558,15.6462681290860333851159268,-14.0004899107526687259375,0,31.29274206459692438057790747,10.42217308407134837029244776,16.25,1.7075,3.624999999999999999999999999,1.25,0,0,11.46121088502944026953916443,9.49927986555501627982462413,0,520,107.3696675241291287178953926,25,186.4303324758708712821046074,107.3696675241291287178953926,0,0,0,0,0,0,0,0,0,formula_calculated_quarterly_stress,owner_reviewed_for_phase6_testing,SRC-001;SRC-002;SRC-003,P5A-014;P5A-015;P5A-016;P5A-018:P5A-032;SCN-001:SCN-009,Quarter aggregates monthly provisional allocations; actual monthly seasonality is unavailable.
P6Q-0043,MODERATE_UNMITIGATED,moderate,proposed,FY2028,Q2,2028-02-01,2028-04-30,452.44406499838918003125,63.18481683412258486027882335,13.9652217195837322875299713,-9.428958881808315284489924586,-2.581229433135867538623284199,-15.83554227494362130109375,0,35.33908624423478073607186455,10.1521294737407914310708795,16.25,1.7075,3.624999999999999999999999999,1.25,0,0,10.01453037888416138937773707,12.36898714937815069437872211,0,503.75,105.0152107536351394128944075,25,188.7847892463648605871055925,105.0152107536351394128944075,0,0,0,0,0,0,0,0,0,formula_calculated_quarterly_stress,owner_reviewed_for_phase6_testing,SRC-001;SRC-002;SRC-003,P5A-014;P5A-015;P5A-016;P5A-018:P5A-032;SCN-001:SCN-009,Quarter aggregates monthly provisional allocations; actual monthly seasonality is unavailable.
P6Q-0044,MODERATE_UNMITIGATED,moderate,proposed,FY2028,Q3,2028-05-01,2028-07-31,495.235855453629136359375,63.32122089112719329755030611,12.7860735836919235432932142,-8.860851028982875488402092154,-1.8939425246526275919674813,-17.333254940877019772578125,0,35.23317239661467044460260767,9.844902006172638551327939414,16.25,1.7075,3.624999999999999999999999999,1.25,0,0,9.94705810721356995038639716,12.50282849765560184366106541,0,487.5,102.4594403631931075196197392,25,191.3405596368068924803802608,102.4594403631931075196197392,0,0,0,0,0,0,0,0,0,formula_calculated_quarterly_stress,owner_reviewed_for_phase6_testing,SRC-001;SRC-002;SRC-003,P5A-014;P5A-015;P5A-016;P5A-018:P5A-032;SCN-001:SCN-009,Quarter aggregates monthly provisional allocations; actual monthly seasonality is unavailable.
P6Q-0045,MODERATE_UNMITIGATED,moderate,proposed,FY2028,Q4,2028-08-01,2028-10-31,489.80926246845359615625,63.73308698899317473275278684,13.01181743027939068561819552,-9.04018599652974622448129046,-0.9298862289664109053890738,-17.14332418639587586546875,0,36.61969057710114173741367258,9.522012880289255165085606243,16.25,1.7075,3.624999999999999999999999999,1.25,0,0,9.37413316452539781542550482,13.63931086133728438775357115,0,471.25,98.19426266638122094729167287,25,195.6057373336187790527083271,98.19426266638122094729167287,0,0,0,0,0,0,0,0,0,formula_calculated_quarterly_stress,owner_reviewed_for_phase6_testing,SRC-001;SRC-002;SRC-003,P5A-014;P5A-015;P5A-016;P5A-018:P5A-032;SCN-001:SCN-009,Quarter aggregates monthly provisional allocations; actual monthly seasonality is unavailable.
P6Q-0046,MODERATE_UNMITIGATED,moderate,proposed,FY2029,Q1,2028-11-01,2029-01-31,400.0039971001399974062671875,32.02262189463617726521073007,8.005575475941905198323741788,-2.37639922246877413280428439,0.0015251835054796811689173,-14.00013989850489990921935156,0,15.64760795716798290435601143,9.354815468952411709593195751,16.25,1.6245,3.624999999999999999999999999,1.25,0,0,16.45670751178442880523718432,0,0,455,114.6509701781656497525288572,25,179.1490298218343502474711428,114.6509701781656497525288572,0,0,0,0,0,0,0,0,0,formula_calculated_quarterly_stress,owner_reviewed_for_phase6_testing,SRC-001;SRC-002;SRC-003,P5A-014;P5A-015;P5A-016;P5A-018:P5A-032;SCN-001:SCN-009,Quarter aggregates monthly provisional allocations; actual monthly seasonality is unavailable.
P6Q-0047,MODERATE_UNMITIGATED,moderate,proposed,FY2029,Q2,2029-02-01,2029-04-30,452.4327538967642203017492189,63.18323721370173179565731637,13.96522171958373228752997129,-9.428723157836270076607812339,0.0016573267096452555663732,-15.83514638638674771056122266,0,37.92102499618835926405465458,9.174256071886285241202240512,16.25,1.6245,3.624999999999999999999999999,1.25,0,0,8.79360547896875816935242211,14.79087440327083219220483617,0,438.75,108.6537012538635757296764431,25,185.1462987461364242703235569,108.6537012538635757296764431,0,0,0,0,0,0,0,0,0,formula_calculated_quarterly_stress,owner_reviewed_for_phase6_testing,SRC-001;SRC-002;SRC-003,P5A-014;P5A-015;P5A-016;P5A-018:P5A-032;SCN-001:SCN-009,Quarter aggregates monthly provisional allocations; actual monthly seasonality is unavailable.
P6Q-0048,MODERATE_UNMITIGATED,moderate,proposed,FY2029,Q3,2029-05-01,2029-07-31,495.2234745572427956309660157,63.31963786060491511771786737,12.7860735836919235432932142,-8.860629507707150916514882104,0.0018287507465853737688665,-17.33282160950349784708381055,0,37.12801549414085172788804121,8.812376720591989655998207921,16.25,1.6245,3.624999999999999999999999999,1.25,0,0,8.93810305774416084332860494,14.50424183129302291521843824,0,422.5,103.0875624803147136577866098,25,190.7124375196852863422133902,103.0875624803147136577866098,0,0,0,0,0,0,0,0,0,formula_calculated_quarterly_stress,owner_reviewed_for_phase6_testing,SRC-001;SRC-002;SRC-003,P5A-014;P5A-015;P5A-016;P5A-018:P5A-032;SCN-001:SCN-009,Quarter aggregates monthly provisional allocations; actual monthly seasonality is unavailable.
P6Q-0049,MODERATE_UNMITIGATED,moderate,proposed,FY2029,Q4,2029-08-01,2029-10-31,489.7970172368918848163460939,63.73149366181844990338446801,13.01181743027939068561819551,-9.039959991879832980825678429,0.0018059332657316288668295,-17.14289560329121596857211328,0,37.55044399991313258285350583,8.447597428521318829886467879,16.25,1.6245,3.624999999999999999999999999,1.25,0,0,8.67426249687711104383005563,15.02760906826892479679709358,0,406.25,96.73421590892289990481957185,25,197.0657840910771000951804282,96.73421590892289990481957185,0,0,0,0,0,0,0,0,0,formula_calculated_quarterly_stress,owner_reviewed_for_phase6_testing,SRC-001;SRC-002;SRC-003,P5A-014;P5A-015;P5A-016;P5A-018:P5A-032;SCN-001:SCN-009,Quarter aggregates monthly provisional allocations; actual monthly seasonality is unavailable.
P6Q-0050,MODERATE_UNMITIGATED,moderate,proposed,FY2030,Q1,2029-11-01,2030-01-31,399.9939970002124939063320309,32.0218213290888113607790998,8.005575475941905198323741786,-2.376339812488212413450964282,0.0015251453758920441768882,-13.99978989500743728672162108,0,15.64721676696905370478340265,8.253468662696917829449772096,16.25,1.5365,3.624999999999999999999999999,1.25,0,0,15.92078973118255857356202391,0.65303783545469444889565445,0,390,112.0019678046507640294859413,25,181.7980321953492359705140587,112.0019678046507640294859413,0,0,0,0,0,0,0,0,0,formula_calculated_quarterly_stress,owner_reviewed_for_phase6_testing,SRC-001;SRC-002;SRC-003,P5A-014;P5A-015;P5A-016;P5A-018:P5A-032;SCN-001:SCN-009,Quarter aggregates monthly provisional allocations; actual monthly seasonality is unavailable.
P6Q-0051,MODERATE_UNMITIGATED,moderate,proposed,FY2030,Q2,2030-02-01,2030-04-30,452.4214430779168011962416752,63.181657632771389252362425,13.96522171958373228752997131,-9.428487439757324169855897156,0.001657285276477514434984,-15.83475050772708804186845863,0,37.92007697056345455507305322,8.053223959327611200310395053,16.25,1.5365,3.624999999999999999999999999,1.25,0,0,8.38870402354040055836778842,15.59405703477624391313044658,0,373.75,104.7966147934149206747232831,25,189.0033852065850793252767169,104.7966147934149206747232831,0,0,0,0,0,0,0,0,0,formula_calculated_quarterly_stress,owner_reviewed_for_phase6_testing,SRC-001;SRC-002;SRC-003,P5A-014;P5A-015;P5A-016;P5A-018:P5A-032;SCN-001:SCN-009,Quarter aggregates monthly provisional allocations; actual monthly seasonality is unavailable.
P6Q-0052,MODERATE_UNMITIGATED,moderate,proposed,FY2030,Q3,2030-05-01,2030-07-31,495.2110939703788645610752413,63.31805486965839999483992445,12.78607358369192354329321421,-8.86040799196945823774196924,0.0018287050278167091345221,-17.33238828896326025963763345,0,37.12708729375349820659484387,7.671337758042187390819616618,16.25,1.5365,3.624999999999999999999999999,1.25,0,0,8.52648946196465904917092252,15.32073899767596986494614977,0,357.5,98.00236525770360985894805585,25,195.7976347422963901410519442,98.00236525770360985894805585,0,0,0,0,0,0,0,0,0,formula_calculated_quarterly_stress,owner_reviewed_for_phase6_testing,SRC-001;SRC-002;SRC-003,P5A-014;P5A-015;P5A-016;P5A-018:P5A-032;SCN-001:SCN-009,Quarter aggregates monthly provisional allocations; actual monthly seasonality is unavailable.
P6Q-0053,MODERATE_UNMITIGATED,moderate,proposed,FY2030,Q4,2030-08-01,2030-10-31,489.7847723114609625192256851,63.72990037447690444213688346,13.01181743027939068561819553,-9.039733992880035985001157798,0.0018058881173999855761078,-17.14246703090113368817289898,0,37.54950523881313475453893449,7.286220211742529068127212985,16.25,1.5365,3.624999999999999999999999999,1.25,0,0,8.25583587145895283264759595,15.85762089852955851905931745,0,341.25,90.40058023063300417253633435,25,203.3994197693669958274636656,90.40058023063300417253633435,0,0,0,0,0,0,0,0,0,formula_calculated_quarterly_stress,owner_reviewed_for_phase6_testing,SRC-001;SRC-002;SRC-003,P5A-014;P5A-015;P5A-016;P5A-018:P5A-032;SCN-001:SCN-009,Quarter aggregates monthly provisional allocations; actual monthly seasonality is unavailable.
P6Q-0054,MODERATE_UNMITIGATED,moderate,proposed,FY2031,Q1,2030-11-01,2031-01-31,399.9839971502874885939843726,32.02102078355558414049508032,8.005575475941905198323741786,-2.376280403992900208140628008,0.0015251072472576468757836,-13.99943990026006210078945304,0,15.64682558654987947844078288,7.072138837585340984758204062,16.25,1.5365,3.624999999999999999999999999,1.25,0,0,15.52498634201519490554616356,1.43817309097973339922874238,0,325,104.4873934816684656788537555,25,204.1165378154385843187851901,104.4873934816684656788537555,0,0,0,0,0,429.4873934816684656788537555,0,429.4873934816684656788537555,429.4873934816684656788537555,formula_calculated_quarterly_stress,owner_reviewed_for_phase6_testing,SRC-001;SRC-002;SRC-003,P5A-014;P5A-015;P5A-016;P5A-018:P5A-032;SCN-001:SCN-009,Quarter aggregates monthly provisional allocations; actual monthly seasonality is unavailable.
P6Q-0055,MODERATE_UNMITIGATED,moderate,existing,FY2026,Q2,2026-02-01,2026-04-30,423.05635332675,50.6196306743311865656476156,11.9652217195837322875299713,-6.7012356082154438914119039,-73.4293688531870244234172408,-14.80697236643625,-2.2,-46.5179461535075317491815291,13.21918837133396778756919748,6.25,2.08775,3.624999999999999999999999999,1.25,0,0,72.94988452484149953675072658,0,0,456.25,280.3476032748414995367507265,25,188.4523967251585004632492735,280.3476032748414995367507265,0,0,0,0,0,0,0,0,0,formula_calculated_quarterly_stress,owner_reviewed_for_phase6_testing,SRC-001;SRC-002;SRC-003,P5A-014;P5A-015;P5A-016;P5A-018:P5A-032;SCN-001:SCN-009,Quarter aggregates monthly provisional allocations; actual monthly seasonality is unavailable.
P6Q-0056,MODERATE_UNMITIGATED,moderate,existing,FY2026,Q3,2026-05-01,2026-07-31,463.068677993625,49.9469283514218017537382846,10.78607358369192354329321421,-5.96996658245116581343457115,4.7725927158643815763318739,-16.207403729776875,-1.5,31.04215075505814251663558736,13.90281012447036371042101247,6.25,2.08775,3.624999999999999999999999999,1.25,0,0,0.76159191748666546650835275,4.68818254807444427272292762,0,450,276.4210126442537207305361516,25,187.6908048076718349967409208,281.1091951923281650032590792,0,0,0,0,0,0,0,0,0,formula_calculated_quarterly_stress,owner_reviewed_for_phase6_testing,SRC-001;SRC-002;SRC-003,P5A-014;P5A-015;P5A-016;P5A-018:P5A-032;SCN-001:SCN-009,Quarter aggregates monthly provisional allocations; actual monthly seasonality is unavailable.
P6Q-0057,MODERATE_UNMITIGATED,moderate,existing,FY2026,Q4,2026-08-01,2026-10-31,457.99455984975,50.4335247712661464522832533,11.01181743027939068561819551,-6.163023752051004863070813325,4.7107391840668430554471152,-16.02980959474125,0,32.95143060854073464465955518,13.69384246048365170514449346,6.25,2.08775,3.624999999999999999999999999,1.25,0,0,0.31412724273404617096542284,6.35896539079112911048048455,0,443.75,270.3761744961966377910210899,25,192.0648601130122330984984256,276.7351398869877669015015744,0,0,0,0,0,0,0,0,0,formula_calculated_quarterly_stress,owner_reviewed_for_phase6_testing,SRC-001;SRC-002;SRC-003,P5A-014;P5A-015;P5A-016;P5A-018:P5A-032;SCN-001:SCN-009,Quarter aggregates monthly provisional allocations; actual monthly seasonality is unavailable.
P6Q-0058,MODERATE_UNMITIGATED,moderate,existing,FY2027,Q1,2026-11-01,2027-01-31,374.0224381767757125,22.46219982166441612374076318,6.005575475941905198323741791,-0.351932182954339428922690795,4.1088130758544351819884185,-13.0907853361871499375,0,13.12829537837736193930649088,13.60915718199608200529446498,6.25,2.00775,3.624999999999999999999999999,1.25,0,0,13.6136118036187200659879741,0,0,437.5,283.9897862998153578570090639,25,184.8102137001846421429909361,283.9897862998153578570090639,0,0,0,0,0,0,0,0,0,formula_calculated_quarterly_stress,owner_reviewed_for_phase6_testing,SRC-001;SRC-002;SRC-003,P5A-014;P5A-015;P5A-016;P5A-018:P5A-032;SCN-001:SCN-009,Quarter aggregates monthly provisional allocations; actual monthly seasonality is unavailable.
P6Q-0059,MODERATE_UNMITIGATED,moderate,existing,FY2027,Q2,2027-02-01,2027-04-30,430.3981767841373109375,53.6500870131886729525931471,12.4652217195837322875299713,-7.355528211414003861324849275,17.4132482205833604757574054,-15.0639361874448058828125,0,48.64387083491322368421320322,13.03007457568227340024724629,6.25,2.00775,3.624999999999999999999999999,1.25,0,0,0,22.48104625923095028396595693,0,431.25,261.508740040584407573043107,25,187.8529304568454279595142337,280.9470695431545720404857663,0,0,0,0,0,0,0,0,0,formula_calculated_quarterly_stress,owner_reviewed_for_phase6_testing,SRC-001;SRC-002;SRC-003,P5A-014;P5A-015;P5A-016;P5A-018:P5A-032;SCN-001:SCN-009,Quarter aggregates monthly provisional allocations; actual monthly seasonality is unavailable.
P6Q-0060,MODERATE_UNMITIGATED,moderate,existing,FY2027,Q3,2027-05-01,2027-07-31,479.1526689681103921875,56.473286142805267752796788,11.78607358369192354329321421,-7.3752060253130993889445095,16.3361679337820970625754237,-16.7703434138838637265625,0,48.6639046373904016998652022,12.06859864684777451336536586,6.25,2.00775,3.624999999999999999999999999,1.25,0,0,0,23.46255599054262718649983634,0,425,238.0461840500417803865432707,25,210.6582057713581657381892017,258.1417942286418342618107983,0,0,0,0,0,0,0,0,0,formula_calculated_quarterly_stress,owner_reviewed_for_phase6_testing,SRC-001;SRC-002;SRC-003,P5A-014;P5A-015;P5A-016;P5A-018:P5A-032;SCN-001:SCN-009,Quarter aggregates monthly provisional allocations; actual monthly seasonality is unavailable.
P6Q-0061,MODERATE_UNMITIGATED,moderate,existing,FY2027,Q4,2027-08-01,2027-10-31,481.8619085010537515625,60.2896822577117723115597884,12.51181743027939068561819552,-8.2911779260926136321508846,15.6244971423851102783274809,-16.8651667975368813046875,0,50.7578346764673876530488847,11.11285950292087418955788594,6.25,2.00775,3.624999999999999999999999999,1.25,0,0,0,26.51222517354651346349099877,0,418.75,211.5339588764952669230522719,25,234.8544731066534777084487452,233.9455268933465222915512548,0,0,0,0,0,0,0,0,0,formula_calculated_quarterly_stress,owner_reviewed_for_phase6_testing,SRC-001;SRC-002;SRC-003,P5A-014;P5A-015;P5A-016;P5A-018:P5A-032;SCN-001:SCN-009,Quarter aggregates monthly provisional allocations; actual monthly seasonality is unavailable.
P6Q-0062,MODERATE_UNMITIGATED,moderate,existing,FY2028,Q1,2027-11-01,2028-01-31,400.0139974500762493125,32.02342248019818221976622422,8.005575475941905198323741787,-2.376458633934622498366743558,15.6462681290860333851159268,-14.0004899107526687259375,0,31.29274206459692438057790747,10.23381566530694525220564229,6.25,1.7075,3.624999999999999999999999999,1.25,0,0,1.398081013671916275120082,9.62450741296189540349234717,0,412.5,203.3075324772052877946800068,25,262.0651212854641912040413318,206.7348787145358087959586682,0,0,0,0,0,0,0,0,0,formula_calculated_quarterly_stress,owner_reviewed_for_phase6_testing,SRC-001;SRC-002;SRC-003,P5A-014;P5A-015;P5A-016;P5A-018:P5A-032;SCN-001:SCN-009,Quarter aggregates monthly provisional allocations; actual monthly seasonality is unavailable.
P6Q-0063,MODERATE_UNMITIGATED,moderate,existing,FY2028,Q2,2028-02-01,2028-04-30,452.44406499838918003125,63.18481683412258486027882335,13.9652217195837322875299713,-9.428958881808315284489924586,-2.581229433135867538623284199,-15.83554227494362130109375,0,35.33908624423478073607186455,9.960652729246294924237781232,6.25,1.7075,3.624999999999999999999999999,1.25,0,0,0,12.54593351498848581183408331,0,406.25,190.7615989622168019828459235,25,271.7235075025037717485479467,197.0764924974962282514520533,0,0,0,0,0,0,0,0,0,formula_calculated_quarterly_stress,owner_reviewed_for_phase6_testing,SRC-001;SRC-002;SRC-003,P5A-014;P5A-015;P5A-016;P5A-018:P5A-032;SCN-001:SCN-009,Quarter aggregates monthly provisional allocations; actual monthly seasonality is unavailable.
P6Q-0064,MODERATE_UNMITIGATED,moderate,existing,FY2028,Q3,2028-05-01,2028-07-31,495.235855453629136359375,63.32122089112719329755030611,12.7860735836919235432932142,-8.860851028982875488402092154,-1.8939425246526275919674813,-17.333254940877019772578125,0,35.23317239661467044460260767,9.650254277812816970776668101,6.25,1.7075,3.624999999999999999999999999,1.25,0,0,0,12.75041811880185347382593956,0,400,178.0111808434149485090199839,25,284.3372297091568709091726092,184.4627702908431290908273908,0,0,0,0,0,0,0,0,0,formula_calculated_quarterly_stress,owner_reviewed_for_phase6_testing,SRC-001;SRC-002;SRC-003,P5A-014;P5A-015;P5A-016;P5A-018:P5A-032;SCN-001:SCN-009,Quarter aggregates monthly provisional allocations; actual monthly seasonality is unavailable.
P6Q-0065,MODERATE_UNMITIGATED,moderate,existing,FY2028,Q4,2028-08-01,2028-10-31,489.80926246845359615625,63.73308698899317473275278684,13.01181743027939068561819552,-9.04018599652974622448129046,-0.9298862289664109053890738,-17.14332418639587586546875,0,36.61969057710114173741367258,9.324141654435361073272107487,6.25,1.7075,3.624999999999999999999999999,1.25,0,0,0,14.46304892266578066414156508,0,393.75,163.5481319207491678448784188,25,297.6554020712288532284164605,171.1445979287711467715835395,0,0,0,0,0,0,0,0,0,formula_calculated_quarterly_stress,owner_reviewed_for_phase6_testing,SRC-001;SRC-002;SRC-003,P5A-014;P5A-015;P5A-016;P5A-018:P5A-032;SCN-001:SCN-009,Quarter aggregates monthly provisional allocations; actual monthly seasonality is unavailable.
P6Q-0066,MODERATE_UNMITIGATED,moderate,existing,FY2029,Q1,2028-11-01,2029-01-31,400.0039971001399974062671875,32.02262189463617726521073007,8.005575475941905198323741788,-2.37639922246877413280428439,0.0015251835054796811689173,-14.00013989850489990921935156,0,15.64760795716798290435601143,9.153667362314424338359776844,6.25,1.6245,3.624999999999999999999999999,1.25,0,0,6.25555940514644143400376541,0,0,387.5,169.8036913258956092788821842,25,298.9963086741043907211178158,169.8036913258956092788821842,0,0,0,0,0,0,0,0,0,formula_calculated_quarterly_stress,owner_reviewed_for_phase6_testing,SRC-001;SRC-002;SRC-003,P5A-014;P5A-015;P5A-016;P5A-018:P5A-032;SCN-001:SCN-009,Quarter aggregates monthly provisional allocations; actual monthly seasonality is unavailable.
P6Q-0067,MODERATE_UNMITIGATED,moderate,existing,FY2029,Q2,2029-02-01,2029-04-30,452.4327538967642203017492189,63.18323721370173179565731637,13.96522171958373228752997129,-9.428723157836270076607812339,0.0016573267096452555663732,-15.83514638638674771056122266,0,37.92102499618835926405465458,8.969776817111568838756325147,6.25,1.6245,3.624999999999999999999999999,1.25,0,0,0,16.20174817907679042529832944,0,381.25,153.6019431468188188535838548,25,306.4392877848056355642917062,162.3607122151943644357082938,0,0,0,0,0,0,0,0,0,formula_calculated_quarterly_stress,owner_reviewed_for_phase6_testing,SRC-001;SRC-002;SRC-003,P5A-014;P5A-015;P5A-016;P5A-018:P5A-032;SCN-001:SCN-009,Quarter aggregates monthly provisional allocations; actual monthly seasonality is unavailable.
P6Q-0068,MODERATE_UNMITIGATED,moderate,existing,FY2029,Q3,2029-05-01,2029-07-31,495.2234745572427956309660157,63.31963786060491511771786737,12.7860735836919235432932142,-8.860629507707150916514882104,0.0018287507465853737688665,-17.33282160950349784708381055,0,37.12801549414085172788804121,8.604511151623368848044850632,6.25,1.6245,3.624999999999999999999999999,1.25,0,0,0,15.77400434251748287984319058,0,375,137.8279388043013359737406642,25,322.4992346032556749140931982,146.3007653967443250859068018,0,0,0,0,0,512.8279388043013359737406642,0,512.8279388043013359737406642,512.8279388043013359737406642,formula_calculated_quarterly_stress,owner_reviewed_for_phase6_testing,SRC-001;SRC-002;SRC-003,P5A-014;P5A-015;P5A-016;P5A-018:P5A-032;SCN-001:SCN-009,Quarter aggregates monthly provisional allocations; actual monthly seasonality is unavailable.
P6Q-0069,SEVERE_UNMITIGATED,severe,proposed,FY2026,Q2,2026-02-01,2026-04-30,384.5966848425,39.28740408283005596877055965,10.2152217195837322875299713,-4.409421874919011492192639912,-184.5157969353030785852827159,-13.4608839694875,-3.2,-166.2986986968795341087047962,15.9342836025858971579468871,16.25,2.08775,3.624999999999999999999999999,1.25,0,0,205.4457322994654312666516832,0,0,633.75,235.3434510494654312666516832,25,58.4565489505345687333483168,235.3434510494654312666516832,0,0,0,0,0,0,0,0,0,formula_calculated_quarterly_stress,owner_reviewed_for_phase6_testing,SRC-001;SRC-002;SRC-003,P5A-014;P5A-015;P5A-016;P5A-018:P5A-032;SCN-001:SCN-009,Quarter aggregates monthly provisional allocations; actual monthly seasonality is unavailable.
P6Q-0070,SEVERE_UNMITIGATED,severe,proposed,FY2026,Q3,2026-05-01,2026-07-31,420.97152544875,38.039296805939422048852986,9.036073583691923543293214214,-3.5854919238445967622132465,16.014683605503179664396714,-14.73400339070625,-2.5,33.2344850968917549510364535,18.66961911474944716579242523,16.25,2.08775,3.624999999999999999999999999,1.25,0,0,8.64788401785769221475597173,0,0,617.5,243.991335067323123481407655,25,49.808664932676876518592345,243.991335067323123481407655,0,0,0,0,0,0,0,0,0,formula_calculated_quarterly_stress,owner_reviewed_for_phase6_testing,SRC-001;SRC-002;SRC-003,P5A-014;P5A-015;P5A-016;P5A-018:P5A-032;SCN-001:SCN-009,Quarter aggregates monthly provisional allocations; actual monthly seasonality is unavailable.
P6Q-0071,SEVERE_UNMITIGATED,severe,proposed,FY2026,Q4,2026-08-01,2026-10-31,416.3586907725,38.5623817944504740475302303,9.261817430279390685618195516,-3.781179593371226011882557575,15.809503490193561167678363,-14.5725541770375,-2.5,33.51815151423530920332603572,18.50304954629824111215462274,16.25,2.08775,3.624999999999999999999999999,1.25,0,0,8.19764803206293190882858702,0,0,601.25,252.188983099386055390236242,25,41.611016900613944609763758,252.188983099386055390236242,0,0,0,0,0,0,0,0,0,formula_calculated_quarterly_stress,owner_reviewed_for_phase6_testing,SRC-001;SRC-002;SRC-003,P5A-014;P5A-015;P5A-016;P5A-018:P5A-032;SCN-001:SCN-009,Quarter aggregates monthly provisional allocations; actual monthly seasonality is unavailable.
P6Q-0072,SEVERE_UNMITIGATED,severe,proposed,FY2027,Q1,2026-11-01,2027-01-31,340.020398342523375,14.46982468506440104999160289,4.255575475941905198323741791,0,13.5681565319945013700660506,-11.900713941988318125,-2.5,13.63726727507058429505765349,18.46350141592389951427195632,16.25,2.00775,3.624999999999999999999999999,1.25,0,0,27.95898414085331521921430283,0,0,585,280.1479672402393706094505448,25,13.6520327597606293905494552,280.1479672402393706094505448,0,0,0,0,0,0,0,0,0,formula_calculated_quarterly_stress,owner_reviewed_for_phase6_testing,SRC-001;SRC-002;SRC-003,P5A-014;P5A-015;P5A-016;P5A-018:P5A-032;SCN-001:SCN-009,Quarter aggregates monthly provisional allocations; actual monthly seasonality is unavailable.
P6Q-0073,SEVERE_UNMITIGATED,severe,proposed,FY2027,Q2,2027-02-01,2027-04-30,384.5870699253789375,39.28642189772798521737134038,10.2152217195837322875299713,-4.409311639372138516905335096,0.0025014541421265337632338,-13.4605474473882628125,0,21.41906426510971042172923908,18.6399426254078314142577814,16.25,2.00775,3.624999999999999999999999999,1.25,0,0,13.65203275976062939054945514,0,0,568.75,293.8,18.29840439946250839802091282,0,293.8,0,6.70159560053749160197908718,0,0,0,0,0,0,0,formula_calculated_quarterly_stress,owner_reviewed_for_phase6_testing,SRC-001;SRC-002;SRC-003,P5A-014;P5A-015;P5A-016;P5A-018:P5A-032;SCN-001:SCN-009,Quarter aggregates monthly provisional allocations; actual monthly seasonality is unavailable.
P6Q-0074,SEVERE_UNMITIGATED,severe,proposed,FY2027,Q3,2027-05-01,2027-07-31,420.96100116061378125,38.0383458235192735633017647,9.03607358369192354329321422,-3.585402286546500647294191175,0.0027602551325302287275681,-14.73363504062148234375,0,19.72206875148382080098514162,18.42210770833333333333333334,14.34061544261299586567272111,2.00775,2.416666666666666666666666666,0.8333333333333333333333333334,0,0,0,0,0,554.4093845573870041343272789,293.8,0,0,293.8,1,25,1.90938455738700413432727889,0,0,0,0,0,0,formula_calculated_quarterly_stress,owner_reviewed_for_phase6_testing,SRC-001;SRC-002;SRC-003,P5A-014;P5A-015;P5A-016;P5A-018:P5A-032;SCN-001:SCN-009,Quarter aggregates monthly provisional allocations; actual monthly seasonality is unavailable.
P6Q-0075,SEVERE_UNMITIGATED,severe,proposed,FY2027,Q4,2027-08-01,2027-10-31,416.3482818052306875,38.5614177349056127856790421,9.26181743027939068561819553,-3.781085063881391731232260525,0.0027258029028026952173835,-14.5721898631830740625,0,20.21086861074394968716416508,13.07340666014105457836677843,6.468211950602895108797386649,0.66925,0,0,0,0,0,0,0,547.9411726067841090255298923,293.8,0,0,293.8,3,25,9.781788049397104891202613351,5.041453362334295318544516858,1.3385,0,0,0,0,formula_calculated_quarterly_stress,owner_reviewed_for_phase6_testing,SRC-001;SRC-002;SRC-003,P5A-014;P5A-015;P5A-016;P5A-018:P5A-032;SCN-001:SCN-009,Quarter aggregates monthly provisional allocations; actual monthly seasonality is unavailable.
P6Q-0076,SEVERE_UNMITIGATED,severe,proposed,FY2028,Q1,2027-11-01,2028-01-31,340.011897832564811915625,14.4694629394472744399653531,4.255575475941905198323741791,0,0.0023022158667147858362833,-11.900416424139768417046875,0,2.5713487311742208087547614,2.5713487311742208087547614,0,0,0,0,0,0,0,0,0,547.9411726067841090255298923,293.8,0,0,293.8,3,25,16.25,15.40492985025946206045054988,1.7075,0,0,0,0,formula_calculated_quarterly_stress,owner_reviewed_for_phase6_testing,SRC-001;SRC-002;SRC-003,P5A-014;P5A-015;P5A-016;P5A-018:P5A-032;SCN-001:SCN-009,Quarter aggregates monthly provisional allocations; actual monthly seasonality is unavailable.
P6Q-0077,SEVERE_UNMITIGATED,severe,proposed,FY2028,Q2,2028-02-01,2028-04-30,398.1507771985824784275,43.6581154980704003242203646,10.96522171958373228752997131,-5.311352987001948862144883649,32.0373336585348705461590019,-13.9352772019503867449625,0,56.44881896765293526327198285,17.05127315542767047755816366,16.25,1.138333333333333333333333333,2.416666666666666666666666666,0.8333333333333333333333333334,0,0,0,0,0,531.6911726067841090255298923,293.8,18.75921247889193145238048585,0,293.8,1,25,0,0.085972586732561615954951067,0.5691666666666666666666666667,0,0,0,0,formula_calculated_quarterly_stress,owner_reviewed_for_phase6_testing,SRC-001;SRC-002;SRC-003,P5A-014;P5A-015;P5A-016;P5A-018:P5A-032;SCN-001:SCN-009,Quarter aggregates monthly provisional allocations; actual monthly seasonality is unavailable.
P6Q-0078,SEVERE_UNMITIGATED,severe,proposed,FY2028,Q3,2028-05-01,2028-07-31,450.66462846280251408703125,47.48235687051268933381257548,10.53607358369192354329321421,-5.528385901271152552706353088,29.5553832872862164091058058,-15.77326199619808799304609375,0,55.73609226032966519716593443,15.9478670420923376399334567,16.25,1.7075,3.624999999999999999999999999,1.25,0,0,0,10.71493769712925900961296358,0,515.4411726067841090255298923,283.0850623028707409903870364,25,0,293.8,0,8.20640030437069580050989343,0,0,0,0,0,0,0,formula_calculated_quarterly_stress,owner_reviewed_for_phase6_testing,SRC-001;SRC-002;SRC-003,P5A-014;P5A-015;P5A-016;P5A-018:P5A-032;SCN-001:SCN-009,Quarter aggregates monthly provisional allocations; actual monthly seasonality is unavailable.
P6Q-0079,SEVERE_UNMITIGATED,severe,proposed,FY2028,Q4,2028-08-01,2028-10-31,460.420706720346380386875,53.00279116884838854298449462,11.51181743027939068561819551,-6.77119718653666252456163178,28.3341955420845204571027842,-16.114724735212123313540625,0,58.45106478918412316198502204,14.56749813779147313468958966,16.25,1.7075,3.624999999999999999999999999,1.25,0,0,1.25720280743922023728185809,22.30826945883187026457729045,0,499.1911726067841090255298923,262.0339956514780909630916041,25,9.4577348896900387723311055,284.3422651103099612276688945,0,0,0,0,0,0,0,0,0,formula_calculated_quarterly_stress,owner_reviewed_for_phase6_testing,SRC-001;SRC-002;SRC-003,P5A-014;P5A-015;P5A-016;P5A-018:P5A-032;SCN-001:SCN-009,Quarter aggregates monthly provisional allocations; actual monthly seasonality is unavailable.
P6Q-0080,SEVERE_UNMITIGATED,severe,proposed,FY2029,Q1,2028-11-01,2029-01-31,388.0038771871357974840791719,28.15191415889357346612381439,7.255575475941905198323741791,-1.577599976068831288537507412,29.1491159280903734764619799,-13.58013570154975291194277101,0,42.14329440936536274210551588,13.20391646459982488365574589,16.25,1.6245,3.624999999999999999999999999,1.25,0,0,2.38053354419765365887447483,8.57041148896319151732424482,0,482.9411726067841090255298923,255.8441177067125531046418341,25,29.3854708043242553780339211,264.4145291956757446219660789,0,0,0,0,0,0,0,0,0,formula_calculated_quarterly_stress,owner_reviewed_for_phase6_testing,SRC-001;SRC-002;SRC-003,P5A-014;P5A-015;P5A-016;P5A-018:P5A-032;SCN-001:SCN-009,Quarter aggregates monthly provisional allocations; actual monthly seasonality is unavailable.
P6Q-0081,SEVERE_UNMITIGATED,severe,proposed,FY2029,Q2,2029-02-01,2029-04-30,452.4327538967642203017492189,63.18323721370173179565731637,13.96522171958373228752997129,-9.428723157836270076607812339,30.56004479828804425222486941,-15.83514638638674771056122266,0,68.47941246776675826071315076,11.72281631397791548866214131,16.25,1.6245,3.624999999999999999999999999,1.25,0,0,0,34.00709615378884277205100945,0,466.6911726067841090255298923,221.8370215529237103325908247,25,54.6166124000747480139908321,239.1833875999252519860091679,0,0,0,0,0,0,0,0,0,formula_calculated_quarterly_stress,owner_reviewed_for_phase6_testing,SRC-001;SRC-002;SRC-003,P5A-014;P5A-015;P5A-016;P5A-018:P5A-032;SCN-001:SCN-009,Quarter aggregates monthly provisional allocations; actual monthly seasonality is unavailable.
P6Q-0082,SEVERE_UNMITIGATED,severe,proposed,FY2029,Q3,2029-05-01,2029-07-31,495.2234745572427956309660157,63.31963786060491511771786737,12.7860735836919235432932142,-8.860629507707150916514882104,-5.5623637979150643405999348,-17.33282160950349784708381055,0,31.5638229454792020135192399,11.19545465957918865622730915,16.25,1.6245,3.624999999999999999999999999,1.25,0,0,11.60171018735968789006189205,9.2205784732597012473538228,0,450.4411726067841090255298923,224.218153267023696975298894,25,69.581846732976303024701106,224.218153267023696975298894,0,0,0,0,0,0,0,0,0,formula_calculated_quarterly_stress,owner_reviewed_for_phase6_testing,SRC-001;SRC-002;SRC-003,P5A-014;P5A-015;P5A-016;P5A-018:P5A-032;SCN-001:SCN-009,Quarter aggregates monthly provisional allocations; actual monthly seasonality is unavailable.
P6Q-0083,SEVERE_UNMITIGATED,severe,proposed,FY2029,Q4,2029-08-01,2029-10-31,489.7970172368918848163460939,63.73149366181844990338446801,13.01181743027939068561819551,-9.039959991879832980825678429,-3.638182991584890842613500799,-17.14289560329121596857211328,0,33.91045507506251011137317553,10.94639323624178215462692039,16.25,1.6245,3.624999999999999999999999999,1.25,0,0,10.73173755152178135282639103,10.94629939034250930957264617,0,434.1911726067841090255298923,224.0035914282029690185526389,25,69.7964085717970309814473611,224.0035914282029690185526389,0,0,0,0,0,0,0,0,0,formula_calculated_quarterly_stress,owner_reviewed_for_phase6_testing,SRC-001;SRC-002;SRC-003,P5A-014;P5A-015;P5A-016;P5A-018:P5A-032;SCN-001:SCN-009,Quarter aggregates monthly provisional allocations; actual monthly seasonality is unavailable.
P6Q-0084,SEVERE_UNMITIGATED,severe,proposed,FY2030,Q1,2029-11-01,2030-01-31,399.9939970002124939063320309,32.0218213290888113607790998,8.005575475941905198323741786,-2.376339812488212413450964282,-1.536121143932743278549447,-13.99978989500743728672162108,0,14.10957047766041838205706745,10.83656113514024982448683468,16.25,1.5365,3.624999999999999999999999999,1.25,0,0,19.38849065747983144242976725,0,0,417.9411726067841090255298923,243.3920820856828004609824062,25,50.4079179143171995390175938,243.3920820856828004609824062,0,0,0,0,0,0,0,0,0,formula_calculated_quarterly_stress,owner_reviewed_for_phase6_testing,SRC-001;SRC-002;SRC-003,P5A-014;P5A-015;P5A-016;P5A-018:P5A-032;SCN-001:SCN-009,Quarter aggregates monthly provisional allocations; actual monthly seasonality is unavailable.
P6Q-0085,SEVERE_UNMITIGATED,severe,proposed,FY2030,Q2,2030-02-01,2030-04-30,452.4214430779168011962416752,63.181657632771389252362425,13.96522171958373228752997131,-9.428487439757324169855897156,0.001657285276477514434984,-15.83475050772708804186845863,0,37.92007697056345455507305322,10.69185739388168143236235829,16.25,1.5365,3.624999999999999999999999999,1.25,0,0,9.27306838985246263442045424,13.83978796653423575713114916,0,401.6911726067841090255298923,238.8253625090010273382717112,25,54.9746374909989726617282888,238.8253625090010273382717112,0,0,0,0,0,0,0,0,0,formula_calculated_quarterly_stress,owner_reviewed_for_phase6_testing,SRC-001;SRC-002;SRC-003,P5A-014;P5A-015;P5A-016;P5A-018:P5A-032;SCN-001:SCN-009,Quarter aggregates monthly provisional allocations; actual monthly seasonality is unavailable.
P6Q-0086,SEVERE_UNMITIGATED,severe,proposed,FY2030,Q3,2030-05-01,2030-07-31,495.2110939703788645610752413,63.31805486965839999483992445,12.78607358369192354329321421,-8.86040799196945823774196924,0.0018287050278167091345221,-17.33238828896326025963763345,0,37.12708729375349820659484387,10.3536687396251017951666828,16.25,1.5365,3.624999999999999999999999999,1.25,0,0,9.42549949788034541471743059,13.53741805200874182614559165,0,385.4411726067841090255298923,234.7134439548726309268435502,25,59.0865560451273690731564498,234.7134439548726309268435502,0,0,0,0,0,0,0,0,0,formula_calculated_quarterly_stress,owner_reviewed_for_phase6_testing,SRC-001;SRC-002;SRC-003,P5A-014;P5A-015;P5A-016;P5A-018:P5A-032;SCN-001:SCN-009,Quarter aggregates monthly provisional allocations; actual monthly seasonality is unavailable.
P6Q-0087,SEVERE_UNMITIGATED,severe,proposed,FY2030,Q4,2030-08-01,2030-10-31,489.7847723114609625192256851,63.72990037447690444213688346,13.01181743027939068561819553,-9.039733992880035985001157798,0.0018058881173999855761078,-17.14246703090113368817289898,0,37.54950523881313475453893449,10.01297240116724204063009724,16.25,1.5365,3.624999999999999999999999999,1.25,0,0,9.16973411913205130351780181,14.04476695677794401742663905,0,369.1911726067841090255298923,229.838411117226738212934713,25,63.961588882773261787065287,229.838411117226738212934713,0,0,0,0,0,0,0,0,0,formula_calculated_quarterly_stress,owner_reviewed_for_phase6_testing,SRC-001;SRC-002;SRC-003,P5A-014;P5A-015;P5A-016;P5A-018:P5A-032;SCN-001:SCN-009,Quarter aggregates monthly provisional allocations; actual monthly seasonality is unavailable.
P6Q-0088,SEVERE_UNMITIGATED,severe,proposed,FY2031,Q1,2030-11-01,2031-01-31,399.9839971502874885939843726,32.02102078355558414049508032,8.005575475941905198323741786,-2.376280403992900208140628008,0.0015251072472576468757836,-13.99943990026006210078945304,0,15.64682558654987947844078288,9.844047879975318908131133787,16.25,1.5365,3.624999999999999999999999999,1.25,0,0,16.8587222934254394296903509,0,0,352.9411726067841090255298923,246.6971334106521776426250638,25,63.556885949608755939994089,246.6971334106521776426250638,0,0,0,0,0,599.6383060174362866681549561,0,599.6383060174362866681549561,599.6383060174362866681549561,formula_calculated_quarterly_stress,owner_reviewed_for_phase6_testing,SRC-001;SRC-002;SRC-003,P5A-014;P5A-015;P5A-016;P5A-018:P5A-032;SCN-001:SCN-009,Quarter aggregates monthly provisional allocations; actual monthly seasonality is unavailable.
P6Q-0089,SEVERE_UNMITIGATED,severe,existing,FY2026,Q2,2026-02-01,2026-04-30,384.5966848425,39.28740408283005596877055965,10.2152217195837322875299713,-4.409421874919011492192639912,-184.5157969353030785852827159,-13.4608839694875,-3.2,-166.2986986968795341087047962,15.71772103971831549497090689,6.25,2.08775,3.624999999999999999999999999,1.25,0,0,195.2291697365978496036757031,0,0,456.25,402.6268884865978496036757032,25.00000000000000000000000005,66.17311151340215039632429685,402.6268884865978496036757032,0,0,0,0,0,0,0,0,0,formula_calculated_quarterly_stress,owner_reviewed_for_phase6_testing,SRC-001;SRC-002;SRC-003,P5A-014;P5A-015;P5A-016;P5A-018:P5A-032;SCN-001:SCN-009,Quarter aggregates monthly provisional allocations; actual monthly seasonality is unavailable.
P6Q-0090,SEVERE_UNMITIGATED,severe,existing,FY2026,Q3,2026-05-01,2026-07-31,420.97152544875,38.039296805939422048852986,9.036073583691923543293214214,-3.5854919238445967622132465,16.014683605503179664396714,-14.73400339070625,-2.5,33.2344850968917549510364535,18.44836661752020594225249981,6.25,2.08775,3.624999999999999999999999999,1.25,0,0,5.33320966377033380594809848,6.90657814314188281473205222,0,450,401.0535200072263005948917495,25,60.8399018496318165903761983,407.9600981503681834096238017,0,0,0,0,0,0,0,0,0,formula_calculated_quarterly_stress,owner_reviewed_for_phase6_testing,SRC-001;SRC-002;SRC-003,P5A-014;P5A-015;P5A-016;P5A-018:P5A-032;SCN-001:SCN-009,Quarter aggregates monthly provisional allocations; actual monthly seasonality is unavailable.
P6Q-0091,SEVERE_UNMITIGATED,severe,existing,FY2026,Q4,2026-08-01,2026-10-31,416.3586907725,38.5623817944504740475302303,9.261817430279390685618195516,-3.781179593371226011882557575,15.809503490193561167678363,-14.5725541770375,-2.5,33.51815151423530920332603572,18.27700554828478015923181336,6.25,2.08775,3.624999999999999999999999999,1.25,0,0,5.12082047207683997136014393,7.14921643802736901545436629,0,443.75,399.0251240412757715507975272,25,62.6256595206968594337481065,406.1743404793031405662518935,0,0,0,0,0,0,0,0,0,formula_calculated_quarterly_stress,owner_reviewed_for_phase6_testing,SRC-001;SRC-002;SRC-003,P5A-014;P5A-015;P5A-016;P5A-018:P5A-032;SCN-001:SCN-009,Quarter aggregates monthly provisional allocations; actual monthly seasonality is unavailable.
P6Q-0092,SEVERE_UNMITIGATED,severe,existing,FY2027,Q1,2026-11-01,2027-01-31,340.020398342523375,14.46982468506440104999160289,4.255575475941905198323741791,0,13.5681565319945013700660506,-11.900713941988318125,-2.5,13.63726727507058429505765349,18.2325621511522940368800359,6.25,2.00775,3.624999999999999999999999999,1.25,0,0,17.72804487608170974182238241,0,0,437.5,416.7531689173574812926199097,25,52.0468310826425187073800903,416.7531689173574812926199097,0,0,0,0,0,0,0,0,0,formula_calculated_quarterly_stress,owner_reviewed_for_phase6_testing,SRC-001;SRC-002;SRC-003,P5A-014;P5A-015;P5A-016;P5A-018:P5A-032;SCN-001:SCN-009,Quarter aggregates monthly provisional allocations; actual monthly seasonality is unavailable.
P6Q-0093,SEVERE_UNMITIGATED,severe,existing,FY2027,Q2,2027-02-01,2027-04-30,384.5870699253789375,39.28642189772798521737134038,10.2152217195837322875299713,-4.409311639372138516905335096,0.0025014541421265337632338,-13.4605474473882628125,0,21.41906426510971042172923908,18.42801811896128819894155629,6.25,2.00775,3.624999999999999999999999999,1.25,0,0,10.14170385385157777721231721,0,0,431.25,426.8948727712090590698322269,25,41.9051272287909409301677731,426.8948727712090590698322269,0,0,0,0,0,0,0,0,0,formula_calculated_quarterly_stress,owner_reviewed_for_phase6_testing,SRC-001;SRC-002;SRC-003,P5A-014;P5A-015;P5A-016;P5A-018:P5A-032;SCN-001:SCN-009,Quarter aggregates monthly provisional allocations; actual monthly seasonality is unavailable.
P6Q-0094,SEVERE_UNMITIGATED,severe,existing,FY2027,Q3,2027-05-01,2027-07-31,420.96100116061378125,38.0383458235192735633017647,9.03607358369192354329321422,-3.585402286546500647294191175,0.0027602551325302287275681,-14.73363504062148234375,0,19.72206875148382080098514162,18.52388088507159705397803966,6.25,2.00775,3.624999999999999999999999999,1.25,0,0,11.93456213358777625299289804,0,0,425,438.8294349047968353228251249,25,29.9705650952031646771748751,438.8294349047968353228251249,0,0,0,0,0,0,0,0,0,formula_calculated_quarterly_stress,owner_reviewed_for_phase6_testing,SRC-001;SRC-002;SRC-003,P5A-014;P5A-015;P5A-016;P5A-018:P5A-032;SCN-001:SCN-009,Quarter aggregates monthly provisional allocations; actual monthly seasonality is unavailable.
P6Q-0095,SEVERE_UNMITIGATED,severe,existing,FY2027,Q4,2027-08-01,2027-10-31,416.3482818052306875,38.5614177349056127856790421,9.26181743027939068561819553,-3.781085063881391731232260525,0.0027258029028026952173835,-14.5721898631830740625,0,20.21086861074394968716416508,18.6436508621598715565210428,6.25,2.00775,3.624999999999999999999999999,1.25,0,0,11.56553225141592186935687772,0,0,418.75,450.3949671562127571921820026,25,18.4050328437872428078179974,450.3949671562127571921820026,0,0,0,0,0,0,0,0,0,formula_calculated_quarterly_stress,owner_reviewed_for_phase6_testing,SRC-001;SRC-002;SRC-003,P5A-014;P5A-015;P5A-016;P5A-018:P5A-032;SCN-001:SCN-009,Quarter aggregates monthly provisional allocations; actual monthly seasonality is unavailable.
P6Q-0096,SEVERE_UNMITIGATED,severe,existing,FY2028,Q1,2027-11-01,2028-01-31,340.011897832564811915625,14.4694629394472744399653531,4.255575475941905198323741791,0,0.0023022158667147858362833,-11.900416424139768417046875,0,2.5713487311742208087547614,18.83760271478047222747364746,6.25,1.7075,3.624999999999999999999999999,1.25,0,0,18.40503284378724280781799746,0,0,412.5,468.8,14.30627886018099138909911139,0,468.8,0,10.69372113981900861090088861,0,0,0,0,0,0,0,formula_calculated_quarterly_stress,owner_reviewed_for_phase6_testing,SRC-001;SRC-002;SRC-003,P5A-014;P5A-015;P5A-016;P5A-018:P5A-032;SCN-001:SCN-009,Quarter aggregates monthly provisional allocations; actual monthly seasonality is unavailable.
P6Q-0097,SEVERE_UNMITIGATED,severe,existing,FY2028,Q2,2028-02-01,2028-04-30,398.1507771985824784275,43.6581154980704003242203646,10.96522171958373228752997131,-5.311352987001948862144883649,32.0373336585348705461590019,-13.9352772019503867449625,0,56.44881896765293526327198285,17.92823314188159385520507524,6.25,1.7075,3.624999999999999999999999999,1.25,0,0,0,14.99436468595233279716601898,0,406.25,453.805635314047667202833981,25,0,468.8,0,13.24319007638704841790702366,0,0,0,0,0,0,0,formula_calculated_quarterly_stress,owner_reviewed_for_phase6_testing,SRC-001;SRC-002;SRC-003,P5A-014;P5A-015;P5A-016;P5A-018:P5A-032;SCN-001:SCN-009,Quarter aggregates monthly provisional allocations; actual monthly seasonality is unavailable.
P6Q-0098,SEVERE_UNMITIGATED,severe,existing,FY2028,Q3,2028-05-01,2028-07-31,450.66462846280251408703125,47.48235687051268933381257548,10.53607358369192354329321421,-5.528385901271152552706353088,29.5553832872862164091058058,-15.77326199619808799304609375,0,55.73609226032966519716593443,16.58960526610195896420213565,6.25,1.7075,3.624999999999999999999999999,1.25,0,0,2.19652894174026418423943635,28.51051593596797041720323512,0,400,427.4916483198199609698701823,25,12.7978357442120686129265826,456.0021642557879313870734174,0,0,0,0,0,0,0,0,0,formula_calculated_quarterly_stress,owner_reviewed_for_phase6_testing,SRC-001;SRC-002;SRC-003,P5A-014;P5A-015;P5A-016;P5A-018:P5A-032;SCN-001:SCN-009,Quarter aggregates monthly provisional allocations; actual monthly seasonality is unavailable.
P6Q-0099,SEVERE_UNMITIGATED,severe,existing,FY2028,Q4,2028-08-01,2028-10-31,460.420706720346380386875,53.00279116884838854298449462,11.51181743027939068561819551,-6.77119718653666252456163178,28.3341955420845204571027842,-16.114724735212123313540625,0,58.45106478918412316198502204,15.10613452267745183946031913,6.25,1.7075,3.624999999999999999999999999,1.25,0,0,1.43564669289819932984032573,31.94807695940487065236502863,0,393.75,396.9792180533132896473454793,25,39.872704987281839700289492,428.927295012718160299710508,0,0,0,0,0,0,0,0,0,formula_calculated_quarterly_stress,owner_reviewed_for_phase6_testing,SRC-001;SRC-002;SRC-003,P5A-014;P5A-015;P5A-016;P5A-018:P5A-032;SCN-001:SCN-009,Quarter aggregates monthly provisional allocations; actual monthly seasonality is unavailable.
P6Q-0100,SEVERE_UNMITIGATED,severe,existing,FY2029,Q1,2028-11-01,2029-01-31,388.0038771871357974840791719,28.15191415889357346612381439,7.255575475941905198323741791,-1.577599976068831288537507412,29.1491159280903734764619799,-13.58013570154975291194277101,0,42.14329440936536274210551588,13.72253129981428642848700245,6.25,1.6245,3.624999999999999999999999999,1.25,0,0,2.55240203483209084624352813,18.22366514438316715986204156,0,387.5,381.3079549437622133337269658,25,69.2683799118546195064109926,399.5316200881453804935890074,0,0,0,0,0,0,0,0,0,formula_calculated_quarterly_stress,owner_reviewed_for_phase6_testing,SRC-001;SRC-002;SRC-003,P5A-014;P5A-015;P5A-016;P5A-018:P5A-032;SCN-001:SCN-009,Quarter aggregates monthly provisional allocations; actual monthly seasonality is unavailable.
P6Q-0101,SEVERE_UNMITIGATED,severe,existing,FY2029,Q2,2029-02-01,2029-04-30,452.4327538967642203017492189,63.18323721370173179565731637,13.96522171958373228752997129,-9.428723157836270076607812339,30.56004479828804425222486941,-15.83514638638674771056122266,0,68.47941246776675826071315076,12.22001186317249932702075599,6.25,1.6245,3.624999999999999999999999999,1.25,0,0,0,43.50990060459425893369239477,0,381.25,337.798054339167954400034571,25,103.9879498649208488077939971,364.8120501350791511922060029,0,0,0,0,0,0,0,0,0,formula_calculated_quarterly_stress,owner_reviewed_for_phase6_testing,SRC-001;SRC-002;SRC-003,P5A-014;P5A-015;P5A-016;P5A-018:P5A-032;SCN-001:SCN-009,Quarter aggregates monthly provisional allocations; actual monthly seasonality is unavailable.
P6Q-0102,SEVERE_UNMITIGATED,severe,existing,FY2029,Q3,2029-05-01,2029-07-31,495.2234745572427956309660157,63.31963786060491511771786737,12.7860735836919235432932142,-8.860629507707150916514882104,-5.5623637979150643405999348,-17.33282160950349784708381055,0,31.5638229454792020135192399,11.70088410197354318254862128,6.25,1.6245,3.624999999999999999999999999,1.25,0,0,1.77110991628292103251663639,8.88454875978857986348725501,0,375,330.6846154956622955690639524,25,135.4320593146113767774232306,333.3679406853886232225767694,0,0,0,0,0,705.6846154956622955690639524,0,705.6846154956622955690639524,705.6846154956622955690639524,formula_calculated_quarterly_stress,owner_reviewed_for_phase6_testing,SRC-001;SRC-002;SRC-003,P5A-014;P5A-015;P5A-016;P5A-018:P5A-032;SCN-001:SCN-009,Quarter aggregates monthly provisional allocations; actual monthly seasonality is unavailable.
P6Q-0103,MODERATE_MITIGATED,moderate,proposed,FY2026,Q2,2026-02-01,2026-04-30,423.05635332675,50.6196306743311865656476156,11.9652217195837322875299713,-6.7012356082154438914119039,-73.4293688531870244234172408,-14.80697236643625,-2.2,-46.5179461535075317491815291,13.41024113953104624366126085,16.25,2.08775,3.624999999999999999999999999,1.25,0,0,83.14093729303857799284278996,0,0,633.75,113.03865604303857799284279,25,180.76134395696142200715721,113.03865604303857799284279,0,0,0,0,0,0,0,0,0,formula_calculated_quarterly_stress,owner_reviewed_for_phase6_testing,SRC-001;SRC-002;SRC-003,P5A-014;P5A-015;P5A-016;P5A-018:P5A-032;SCN-001:SCN-009,Quarter aggregates monthly provisional allocations; actual monthly seasonality is unavailable.
P6Q-0104,MODERATE_MITIGATED,moderate,proposed,FY2026,Q3,2026-05-01,2026-07-31,463.068677993625,49.9469283514218017537382846,10.78607358369192354329321421,-5.96996658245116581343457115,4.7725927158643815763318739,-16.207403729776875,-1.5,31.04215075505814251663558736,14.08560568902451391738671233,16.25,2.08775,3.624999999999999999999999999,0,0,1.25,7.70956080010363055025886693,2.70335586613725914950774195,0,617.5,118.0448609770049493935939149,25,175.7551390229950506064060851,118.0448609770049493935939149,0,0,0,0,0,0,0,0,0,formula_calculated_quarterly_stress,owner_reviewed_for_phase6_testing,SRC-001;SRC-002;SRC-003,P5A-014;P5A-015;P5A-016;P5A-018:P5A-032;SCN-001:SCN-009,Quarter aggregates monthly provisional allocations; actual monthly seasonality is unavailable.
P6Q-0105,MODERATE_MITIGATED,moderate,proposed,FY2026,Q4,2026-08-01,2026-10-31,457.99455984975,50.4335247712661464522832533,11.01181743027939068561819551,-6.163023752051004863070813325,4.7107391840668430554471152,-16.02980959474125,0,32.95143060854073464465955518,13.85624878887539425464017722,16.25,2.08775,3.624999999999999999999999999,0,0,1.25,6.26566826600620554311083463,3.39810008567154593313021259,0,601.25,120.912429157339609003574537,25,172.887570842660390996425463,120.912429157339609003574537,0,0,0,0,0,0,0,0,0,formula_calculated_quarterly_stress,owner_reviewed_for_phase6_testing,SRC-001;SRC-002;SRC-003,P5A-014;P5A-015;P5A-016;P5A-018:P5A-032;SCN-001:SCN-009,Quarter aggregates monthly provisional allocations; actual monthly seasonality is unavailable.
P6Q-0106,MODERATE_MITIGATED,moderate,proposed,FY2027,Q1,2026-11-01,2027-01-31,374.0224381767757125,22.46219982166441612374076318,6.005575475941905198323741791,-0.351932182954339428922690795,4.1088130758544351819884185,-13.0907853361871499375,0,13.12829537837736193930649088,13.75078473222942056380965975,16.25,2.00775,3.624999999999999999999999999,0,0,1.25,22.50523935385205862450316886,0,0,585,143.4176685111916676280777059,25,150.3823314888083323719222941,143.4176685111916676280777059,0,0,0,0,0,0,0,0,0,formula_calculated_quarterly_stress,owner_reviewed_for_phase6_testing,SRC-001;SRC-002;SRC-003,P5A-014;P5A-015;P5A-016;P5A-018:P5A-032;SCN-001:SCN-009,Quarter aggregates monthly provisional allocations; actual monthly seasonality is unavailable.
P6Q-0107,MODERATE_MITIGATED,moderate,proposed,FY2027,Q2,2027-02-01,2027-04-30,430.3981767841373109375,53.6500870131886729525931471,12.4652217195837322875299713,-7.355528211414003861324849275,17.4132482205833604757574054,-15.0639361874448058828125,0,48.64387083491322368421320322,13.14651083174183421919672051,16.25,2.00775,3.624999999999999999999999999,0,0,1.25,0,13.61461000317138946501648272,0,568.75,129.8030585080202781630612231,25,153.8006002643037361307274146,139.9993997356962638692725854,0,0,0,0,0,0,0,0,0,formula_calculated_quarterly_stress,owner_reviewed_for_phase6_testing,SRC-001;SRC-002;SRC-003,P5A-014;P5A-015;P5A-016;P5A-018:P5A-032;SCN-001:SCN-009,Quarter aggregates monthly provisional allocations; actual monthly seasonality is unavailable.
P6Q-0108,MODERATE_MITIGATED,moderate,proposed,FY2027,Q3,2027-05-01,2027-07-31,479.1526689681103921875,56.473286142805267752796788,11.78607358369192354329321421,-7.3752060253130993889445095,16.3361679337820970625754237,-16.7703434138838637265625,0,48.6639046373904016998652022,12.160808043840774103299157,16.25,2.00775,3.624999999999999999999999999,0,0,1.25,0,14.62034659354962759656604521,0,552.5,115.1827119144706505664951779,25,167.7475459721116083019643554,126.0524540278883916980356446,0,0,0,0,0,0,0,0,0,formula_calculated_quarterly_stress,owner_reviewed_for_phase6_testing,SRC-001;SRC-002;SRC-003,P5A-014;P5A-015;P5A-016;P5A-018:P5A-032;SCN-001:SCN-009,Quarter aggregates monthly provisional allocations; actual monthly seasonality is unavailable.
P6Q-0109,MODERATE_MITIGATED,moderate,proposed,FY2027,Q4,2027-08-01,2027-10-31,481.8619085010537515625,60.2896822577117723115597884,12.51181743027939068561819552,-8.2911779260926136321508846,15.6244971423851102783274809,-16.8651667975368813046875,0,50.7578346764673876530488847,11.1818697965562695450266433,16.25,2.00775,3.624999999999999999999999999,0,0,1.25,0,17.6932148799111181080222414,0,536.25,97.48949703455953245847293657,25,183.1093732835457854730857395,110.6906267164542145269142605,0,0,0,0,0,0,0,0,0,formula_calculated_quarterly_stress,owner_reviewed_for_phase6_testing,SRC-001;SRC-002;SRC-003,P5A-014;P5A-015;P5A-016;P5A-018:P5A-032;SCN-001:SCN-009,Quarter aggregates monthly provisional allocations; actual monthly seasonality is unavailable.
P6Q-0110,MODERATE_MITIGATED,moderate,proposed,FY2028,Q1,2027-11-01,2028-01-31,400.0139974500762493125,32.02342248019818221976622422,8.005575475941905198323741787,-2.376458633934622498366743558,15.6462681290860333851159268,-14.0004899107526687259375,0,31.29274206459692438057790747,10.280716469782053815322111,16.25,1.7075,3.624999999999999999999999999,0,0,1.25,10.99485029441763994971279406,10.42437588923251051496859053,0,520,98.0599714397446618932171401,25,195.7400285602553381067828599,98.0599714397446618932171401,0,0,0,0,0,0,0,0,0,formula_calculated_quarterly_stress,owner_reviewed_for_phase6_testing,SRC-001;SRC-002;SRC-003,P5A-014;P5A-015;P5A-016;P5A-018:P5A-032;SCN-001:SCN-009,Quarter aggregates monthly provisional allocations; actual monthly seasonality is unavailable.
P6Q-0111,MODERATE_MITIGATED,moderate,proposed,FY2028,Q2,2028-02-01,2028-04-30,452.44406499838918003125,63.18481683412258486027882335,13.9652217195837322875299713,-9.428958881808315284489924586,-2.581229433135867538623284199,-15.83554227494362130109375,0,35.33908624423478073607186455,9.98762940064996065628360914,16.25,1.7075,3.624999999999999999999999999,0,0,1.25,9.54044654275678883413093384,13.30940338634160891391918925,0,503.75,94.29101459615984181342888469,25,199.5089854038401581865711153,94.29101459615984181342888469,0,0,0,0,0,0,0,0,0,formula_calculated_quarterly_stress,owner_reviewed_for_phase6_testing,SRC-001;SRC-002;SRC-003,P5A-014;P5A-015;P5A-016;P5A-018:P5A-032;SCN-001:SCN-009,Quarter aggregates monthly provisional allocations; actual monthly seasonality is unavailable.
P6Q-0112,MODERATE_MITIGATED,moderate,proposed,FY2028,Q3,2028-05-01,2028-07-31,495.235855453629136359375,63.32122089112719329755030611,12.7860735836919235432932142,-8.860851028982875488402092154,-1.8939425246526275919674813,-17.333254940877019772578125,0,35.23317239661467044460260767,9.656976859080713708435125531,16.25,1.7075,3.624999999999999999999999999,0,0,1.25,9.46512312342259940979581215,13.45881866095655614596329429,0,487.5,90.29731905862588507726140255,25,203.5026809413741149227385974,90.29731905862588507726140255,0,0,0,0,0,0,0,0,0,formula_calculated_quarterly_stress,owner_reviewed_for_phase6_testing,SRC-001;SRC-002;SRC-003,P5A-014;P5A-015;P5A-016;P5A-018:P5A-032;SCN-001:SCN-009,Quarter aggregates monthly provisional allocations; actual monthly seasonality is unavailable.
P6Q-0113,MODERATE_MITIGATED,moderate,proposed,FY2028,Q4,2028-08-01,2028-10-31,489.80926246845359615625,63.73308698899317473275278684,13.01181743027939068561819552,-9.04018599652974622448129046,-0.9298862289664109053890738,-17.14332418639587586546875,0,36.61969057710114173741367258,9.310274724191922191520453166,16.25,1.7075,3.624999999999999999999999999,0,0,1.25,8.88421701277707884176022424,14.61113286568629838765344365,0,471.25,84.57040320571666553136818314,25,209.2295967942833344686318169,84.57040320571666553136818314,0,0,0,0,0,0,0,0,0,formula_calculated_quarterly_stress,owner_reviewed_for_phase6_testing,SRC-001;SRC-002;SRC-003,P5A-014;P5A-015;P5A-016;P5A-018:P5A-032;SCN-001:SCN-009,Quarter aggregates monthly provisional allocations; actual monthly seasonality is unavailable.
P6Q-0114,MODERATE_MITIGATED,moderate,proposed,FY2029,Q1,2028-11-01,2029-01-31,400.0039971001399974062671875,32.02262189463617726521073007,8.005575475941905198323741788,-2.37639922246877413280428439,0.0015251835054796811689173,-14.00013989850489990921935156,0,15.64760795716798290435601143,9.118869944380376619014063758,16.25,1.6245,3.624999999999999999999999999,0,0,1.25,15.82125059520183499815321515,0.85048860798944128349516284,0,455,99.54116519292905924602623545,25,194.2588348070709407539737646,99.54116519292905924602623545,0,0,0,0,0,0,0,0,0,formula_calculated_quarterly_stress,owner_reviewed_for_phase6_testing,SRC-001;SRC-002;SRC-003,P5A-014;P5A-015;P5A-016;P5A-018:P5A-032;SCN-001:SCN-009,Quarter aggregates monthly provisional allocations; actual monthly seasonality is unavailable.
P6Q-0115,MODERATE_MITIGATED,moderate,proposed,FY2029,Q2,2029-02-01,2029-04-30,452.4327538967642203017492189,63.18323721370173179565731637,13.96522171958373228752997129,-9.428723157836270076607812339,0.0016573267096452555663732,-15.83514638638674771056122266,0,37.92102499618835926405465458,8.913702288511806611463792643,16.25,1.6245,3.624999999999999999999999999,0,0,1.25,8.2873282818710784165688034,15.79515098954763106915966535,0,438.75,92.0333424852525065934353735,25,201.7666575147474934065646265,92.0333424852525065934353735,0,0,0,0,0,0,0,0,0,formula_calculated_quarterly_stress,owner_reviewed_for_phase6_testing,SRC-001;SRC-002;SRC-003,P5A-014;P5A-015;P5A-016;P5A-018:P5A-032;SCN-001:SCN-009,Quarter aggregates monthly provisional allocations; actual monthly seasonality is unavailable.
P6Q-0116,MODERATE_MITIGATED,moderate,proposed,FY2029,Q3,2029-05-01,2029-07-31,495.2234745572427956309660157,63.31963786060491511771786737,12.7860735836919235432932142,-8.860629507707150916514882104,0.0018287507465853737688665,-17.33282160950349784708381055,0,37.12801549414085172788804121,8.526807149073463629727669647,16.25,1.6245,3.624999999999999999999999999,0,0,1.25,8.42344156924014329568883383,15.5251499143075313938492054,0,422.5,84.93163414018511849527500193,25,208.8683658598148815047249981,84.93163414018511849527500193,0,0,0,0,0,0,0,0,0,formula_calculated_quarterly_stress,owner_reviewed_for_phase6_testing,SRC-001;SRC-002;SRC-003,P5A-014;P5A-015;P5A-016;P5A-018:P5A-032;SCN-001:SCN-009,Quarter aggregates monthly provisional allocations; actual monthly seasonality is unavailable.
P6Q-0117,MODERATE_MITIGATED,moderate,proposed,FY2029,Q4,2029-08-01,2029-10-31,489.7970172368918848163460939,63.73149366181844990338446801,13.01181743027939068561819551,-9.039959991879832980825678429,0.0018059332657316288668295,-17.14289560329121596857211328,0,37.55044399991313258285350583,8.13659779055673759044651473,16.25,1.6245,3.624999999999999999999999999,0,0,1.25,8.15107786745350609113743461,16.06542407680990108354442572,0,406.25,77.01728793082872350286801082,25,216.7827120691712764971319892,77.01728793082872350286801082,0,0,0,0,0,0,0,0,0,formula_calculated_quarterly_stress,owner_reviewed_for_phase6_testing,SRC-001;SRC-002;SRC-003,P5A-014;P5A-015;P5A-016;P5A-018:P5A-032;SCN-001:SCN-009,Quarter aggregates monthly provisional allocations; actual monthly seasonality is unavailable.
P6Q-0118,MODERATE_MITIGATED,moderate,proposed,FY2030,Q1,2029-11-01,2030-01-31,399.9939970002124939063320309,32.0218213290888113607790998,8.005575475941905198323741786,-2.376339812488212413450964282,0.0015251453758920441768882,-13.99978989500743728672162108,0,15.64721676696905370478340265,7.916617819256539290558563937,16.25,1.5365,3.624999999999999999999999999,0,0,1.25,15.38894081188464978347561747,1.70803975959716419770045619,0,390,90.6981889831162090886431721,25,203.1018110168837909113568279,90.6981889831162090886431721,0,0,0,0,0,0,0,0,0,formula_calculated_quarterly_stress,owner_reviewed_for_phase6_testing,SRC-001;SRC-002;SRC-003,P5A-014;P5A-015;P5A-016;P5A-018:P5A-032;SCN-001:SCN-009,Quarter aggregates monthly provisional allocations; actual monthly seasonality is unavailable.
P6Q-0119,MODERATE_MITIGATED,moderate,proposed,FY2030,Q2,2030-02-01,2030-04-30,452.4214430779168011962416752,63.181657632771389252362425,13.96522171958373228752997131,-9.428487439757324169855897156,0.001657285276477514434984,-15.83475050772708804186845863,0,37.92007697056345455507305322,7.690093797035686420554882803,16.25,1.5365,3.624999999999999999999999999,0,0,1.25,7.84804732789170510894233986,16.66653050141947324346051027,0,373.75,81.87970580958844095412500169,25,211.4122639539697131265185633,82.38773604603028687348143668,0,0,0,0,0,0,0,0,0,formula_calculated_quarterly_stress,owner_reviewed_for_phase6_testing,SRC-001;SRC-002;SRC-003,P5A-014;P5A-015;P5A-016;P5A-018:P5A-032;SCN-001:SCN-009,Quarter aggregates monthly provisional allocations; actual monthly seasonality is unavailable.
P6Q-0120,MODERATE_MITIGATED,moderate,proposed,FY2030,Q3,2030-05-01,2030-07-31,495.2110939703788645610752413,63.31805486965839999483992445,12.78607358369192354329321421,-8.86040799196945823774196924,0.0018287050278167091345221,-17.33238828896326025963763345,0,37.12708729375349820659484387,7.281493073677092862213279968,16.25,1.5365,3.624999999999999999999999999,0,0,1.25,7.97687912725599275011510461,16.41097334733239809449666851,0,357.5,73.44561158951203560974343779,25,220.1033183443086003170368704,73.69668165569139968296312963,0,0,0,0,0,0,0,0,0,formula_calculated_quarterly_stress,owner_reviewed_for_phase6_testing,SRC-001;SRC-002;SRC-003,P5A-014;P5A-015;P5A-016;P5A-018:P5A-032;SCN-001:SCN-009,Quarter aggregates monthly provisional allocations; actual monthly seasonality is unavailable.
P6Q-0121,MODERATE_MITIGATED,moderate,proposed,FY2030,Q4,2030-08-01,2030-10-31,489.7847723114609625192256851,63.72990037447690444213688346,13.01181743027939068561819553,-9.039733992880035985001157798,0.0018058881173999855761078,-17.14246703090113368817289898,0,37.54950523881313475453893449,6.869218594824143396005929047,16.25,1.5365,3.624999999999999999999999999,0,0,1.25,7.69712361939641598810113193,16.96591026338540734663413737,0,341.25,64.17682494552304425121043235,25,228.8141214525076628475255535,64.98587854749233715247444652,0,0,0,0,0,0,0,0,0,formula_calculated_quarterly_stress,owner_reviewed_for_phase6_testing,SRC-001;SRC-002;SRC-003,P5A-014;P5A-015;P5A-016;P5A-018:P5A-032;SCN-001:SCN-009,Quarter aggregates monthly provisional allocations; actual monthly seasonality is unavailable.
P6Q-0122,MODERATE_MITIGATED,moderate,proposed,FY2031,Q1,2030-11-01,2031-01-31,399.9839971502874885939843726,32.02102078355558414049508032,8.005575475941905198323741786,-2.376280403992900208140628008,0.0015251072472576468757836,-13.99943990026006210078945304,0,15.64682558654987947844078288,6.627530551017989437724993614,16.25,1.5365,3.624999999999999999999999999,0,0,1.25,14.95702143871646231568794558,2.56481647424835235640373486,0,325,76.56902990999115421049464307,25,230.9020726990520050329245031,76.56902990999115421049464307,0,0,0,0,0,401.5690299099911542104946431,0,401.5690299099911542104946431,401.5690299099911542104946431,formula_calculated_quarterly_stress,owner_reviewed_for_phase6_testing,SRC-001;SRC-002;SRC-003,P5A-014;P5A-015;P5A-016;P5A-018:P5A-032;SCN-001:SCN-009,Quarter aggregates monthly provisional allocations; actual monthly seasonality is unavailable.
P6Q-0123,MODERATE_MITIGATED,moderate,existing,FY2026,Q2,2026-02-01,2026-04-30,423.05635332675,50.6196306743311865656476156,11.9652217195837322875299713,-6.7012356082154438914119039,-73.4293688531870244234172408,-14.80697236643625,-2.2,-46.5179461535075317491815291,13.21918837133396778756919748,6.25,2.08775,3.624999999999999999999999999,1.25,0,0,72.94988452484149953675072658,0,0,456.25,280.3476032748414995367507265,25,188.4523967251585004632492735,280.3476032748414995367507265,0,0,0,0,0,0,0,0,0,formula_calculated_quarterly_stress,owner_reviewed_for_phase6_testing,SRC-001;SRC-002;SRC-003,P5A-014;P5A-015;P5A-016;P5A-018:P5A-032;SCN-001:SCN-009,Quarter aggregates monthly provisional allocations; actual monthly seasonality is unavailable.
P6Q-0124,MODERATE_MITIGATED,moderate,existing,FY2026,Q3,2026-05-01,2026-07-31,463.068677993625,49.9469283514218017537382846,10.78607358369192354329321421,-5.96996658245116581343457115,4.7725927158643815763318739,-16.207403729776875,-1.5,31.04215075505814251663558736,13.890902804807031672759903,6.25,2.08775,3.624999999999999999999999999,0,0,1.25,0.34360685627288374374949838,5.53210480652399458762518273,0,450,275.1591053245903886928750422,25,188.1087898688856167194997751,280.6912101311143832805002249,0,0,0,0,0,0,0,0,0,formula_calculated_quarterly_stress,owner_reviewed_for_phase6_testing,SRC-001;SRC-002;SRC-003,P5A-014;P5A-015;P5A-016;P5A-018:P5A-032;SCN-001:SCN-009,Quarter aggregates monthly provisional allocations; actual monthly seasonality is unavailable.
P6Q-0125,MODERATE_MITIGATED,moderate,existing,FY2026,Q4,2026-08-01,2026-10-31,457.99455984975,50.4335247712661464522832533,11.01181743027939068561819551,-6.163023752051004863070813325,4.7107391840668430554471152,-16.02980959474125,0,32.95143060854073464465955518,13.65782605215734245918271964,6.25,2.08775,3.624999999999999999999999999,0,0,1.25,0,7.33085455638339218547683554,0,443.75,267.8282507682069965073982067,25,193.7527382141903365984368372,275.0472617858096634015631628,0,0,0,0,0,0,0,0,0,formula_calculated_quarterly_stress,owner_reviewed_for_phase6_testing,SRC-001;SRC-002;SRC-003,P5A-014;P5A-015;P5A-016;P5A-018:P5A-032;SCN-001:SCN-009,Quarter aggregates monthly provisional allocations; actual monthly seasonality is unavailable.
P6Q-0126,MODERATE_MITIGATED,moderate,existing,FY2027,Q1,2026-11-01,2027-01-31,374.0224381767757125,22.46219982166441612374076318,6.005575475941905198323741791,-0.351932182954339428922690795,4.1088130758544351819884185,-13.0907853361871499375,0,13.12829537837736193930649088,13.54857107419401861186890525,6.25,2.00775,3.624999999999999999999999999,0,0,1.25,12.30302569581665667256241436,0,0,437.5,280.1312764640236531799606211,25,188.6687235359763468200393789,280.1312764640236531799606211,0,0,0,0,0,0,0,0,0,formula_calculated_quarterly_stress,owner_reviewed_for_phase6_testing,SRC-001;SRC-002;SRC-003,P5A-014;P5A-015;P5A-016;P5A-018:P5A-032;SCN-001:SCN-009,Quarter aggregates monthly provisional allocations; actual monthly seasonality is unavailable.
P6Q-0127,MODERATE_MITIGATED,moderate,existing,FY2027,Q2,2027-02-01,2027-04-30,430.3981767841373109375,53.6500870131886729525931471,12.4652217195837322875299713,-7.355528211414003861324849275,17.4132482205833604757574054,-15.0639361874448058828125,0,48.64387083491322368421320322,12.94730203851095777520222802,6.25,2.00775,3.624999999999999999999999999,0,0,1.25,0,23.81381879640226590901097521,0,431.25,256.3174576676213872709496459,25,192.1529905977325535498221118,276.6470094022674464501778882,0,0,0,0,0,0,0,0,0,formula_calculated_quarterly_stress,owner_reviewed_for_phase6_testing,SRC-001;SRC-002;SRC-003,P5A-014;P5A-015;P5A-016;P5A-018:P5A-032;SCN-001:SCN-009,Quarter aggregates monthly provisional allocations; actual monthly seasonality is unavailable.
P6Q-0128,MODERATE_MITIGATED,moderate,existing,FY2027,Q3,2027-05-01,2027-07-31,479.1526689681103921875,56.473286142805267752796788,11.78607358369192354329321421,-7.3752060253130993889445095,16.3361679337820970625754237,-16.7703434138838637265625,0,48.6639046373904016998652022,11.96491084073138634438277293,6.25,2.00775,3.624999999999999999999999999,0,0,1.25,0,24.81624379665901535548242928,0,425,231.5012138709623719154672166,25,216.2980615387595770431182122,252.5019384612404229568817878,0,0,0,0,0,0,0,0,0,formula_calculated_quarterly_stress,owner_reviewed_for_phase6_testing,SRC-001;SRC-002;SRC-003,P5A-014;P5A-015;P5A-016;P5A-018:P5A-032;SCN-001:SCN-009,Quarter aggregates monthly provisional allocations; actual monthly seasonality is unavailable.
P6Q-0129,MODERATE_MITIGATED,moderate,existing,FY2027,Q4,2027-08-01,2027-10-31,481.8619085010537515625,60.2896822577117723115597884,12.51181743027939068561819552,-8.2911779260926136321508846,15.6244971423851102783274809,-16.8651667975368813046875,0,50.7578346764673876530488847,10.98959021190200057195224244,6.25,2.00775,3.624999999999999999999999999,0,0,1.25,0,27.88549446456538708109664226,0,418.75,203.6157194063969848343705743,25,241.8546006049660576474959491,226.9453993950339423525040509,0,0,0,0,0,0,0,0,0,formula_calculated_quarterly_stress,owner_reviewed_for_phase6_testing,SRC-001;SRC-002;SRC-003,P5A-014;P5A-015;P5A-016;P5A-018:P5A-032;SCN-001:SCN-009,Quarter aggregates monthly provisional allocations; actual monthly seasonality is unavailable.
P6Q-0130,MODERATE_MITIGATED,moderate,existing,FY2028,Q1,2027-11-01,2028-01-31,400.0139974500762493125,32.02342248019818221976622422,8.005575475941905198323741787,-2.376458633934622498366743558,15.6462681290860333851159268,-14.0004899107526687259375,0,31.29274206459692438057790747,10.09235905101759919653836201,6.25,1.7075,3.624999999999999999999999999,0,0,1.25,0.93172042306009869432042878,10.54960343663942387835997424,0,412.5,193.9978363928176596503310289,25,270.4446425422188291071861615,198.3553574577811708928138385,0,0,0,0,0,0,0,0,0,formula_calculated_quarterly_stress,owner_reviewed_for_phase6_testing,SRC-001;SRC-002;SRC-003,P5A-014;P5A-015;P5A-016;P5A-018:P5A-032;SCN-001:SCN-009,Quarter aggregates monthly provisional allocations; actual monthly seasonality is unavailable.
P6Q-0131,MODERATE_MITIGATED,moderate,existing,FY2028,Q2,2028-02-01,2028-04-30,452.44406499838918003125,63.18481683412258486027882335,13.9652217195837322875299713,-9.428958881808315284489924586,-2.581229433135867538623284199,-15.83554227494362130109375,0,35.33908624423478073607186455,9.796152656155411795867335696,6.25,1.7075,3.624999999999999999999999999,0,0,1.25,0,13.96043358807936894020452885,0,406.25,180.0374028047382907101265,25,281.5021245106488028223098936,187.2978754893511971776901064,0,0,0,0,0,0,0,0,0,formula_calculated_quarterly_stress,owner_reviewed_for_phase6_testing,SRC-001;SRC-002;SRC-003,P5A-014;P5A-015;P5A-016;P5A-018:P5A-032;SCN-001:SCN-009,Quarter aggregates monthly provisional allocations; actual monthly seasonality is unavailable.
P6Q-0132,MODERATE_MITIGATED,moderate,existing,FY2028,Q3,2028-05-01,2028-07-31,495.235855453629136359375,63.32122089112719329755030611,12.7860735836919235432932142,-8.860851028982875488402092154,-1.8939425246526275919674813,-17.333254940877019772578125,0,35.23317239661467044460260767,9.462329130720838907290076895,6.25,1.7075,3.624999999999999999999999999,0,0,1.25,0,14.18834326589383153731253077,0,400,165.8490595388444591728139692,25,295.5381124367498589956134428,173.2618875632501410043865572,0,0,0,0,0,0,0,0,0,formula_calculated_quarterly_stress,owner_reviewed_for_phase6_testing,SRC-001;SRC-002;SRC-003,P5A-014;P5A-015;P5A-016;P5A-018:P5A-032;SCN-001:SCN-009,Quarter aggregates monthly provisional allocations; actual monthly seasonality is unavailable.
P6Q-0133,MODERATE_MITIGATED,moderate,existing,FY2028,Q4,2028-08-01,2028-10-31,489.80926246845359615625,63.73308698899317473275278684,13.01181743027939068561819552,-9.04018599652974622448129046,-0.9298862289664109053890738,-17.14332418639587586546875,0,36.61969057710114173741367258,9.112403498337973997744295362,6.25,1.7075,3.624999999999999999999999999,0,0,1.25,0,15.92478707876316773966937722,0,393.75,149.924272460081291433144592,25,310.302104196605414990936497,158.497895803394585009063503,0,0,0,0,0,0,0,0,0,formula_calculated_quarterly_stress,owner_reviewed_for_phase6_testing,SRC-001;SRC-002;SRC-003,P5A-014;P5A-015;P5A-016;P5A-018:P5A-032;SCN-001:SCN-009,Quarter aggregates monthly provisional allocations; actual monthly seasonality is unavailable.
P6Q-0134,MODERATE_MITIGATED,moderate,existing,FY2029,Q1,2028-11-01,2029-01-31,400.0039971001399974062671875,32.02262189463617726521073007,8.005575475941905198323741788,-2.37639922246877413280428439,0.0015251835054796811689173,-14.00013989850489990921935156,0,15.64760795716798290435601143,8.917721837742542956602727876,6.25,1.6245,3.624999999999999999999999999,0,0,1.25,5.75383379697233590936345418,0.98421991639777585711673774,0,387.5,154.6938863406558514853913084,25,314.1061136593441485146086916,154.6938863406558514853913084,0,0,0,0,0,0,0,0,0,formula_calculated_quarterly_stress,owner_reviewed_for_phase6_testing,SRC-001;SRC-002;SRC-003,P5A-014;P5A-015;P5A-016;P5A-018:P5A-032;SCN-001:SCN-009,Quarter aggregates monthly provisional allocations; actual monthly seasonality is unavailable.
P6Q-0135,MODERATE_MITIGATED,moderate,existing,FY2029,Q2,2029-02-01,2029-04-30,452.4327538967642203017492189,63.18323721370173179565731637,13.96522171958373228752997129,-9.428723157836270076607812339,0.0016573267096452555663732,-15.83514638638674771056122266,0,37.92102499618835926405465458,8.70922303373703775661190431,6.25,1.6245,3.624999999999999999999999999,0,0,1.25,0,17.71230196245132150744275028,0,381.25,136.9815843782045299779485581,25,322.049856459606344027039591,146.750143540393655972960409,0,0,0,0,0,0,0,0,0,formula_calculated_quarterly_stress,owner_reviewed_for_phase6_testing,SRC-001;SRC-002;SRC-003,P5A-014;P5A-015;P5A-016;P5A-018:P5A-032;SCN-001:SCN-009,Quarter aggregates monthly provisional allocations; actual monthly seasonality is unavailable.
P6Q-0136,MODERATE_MITIGATED,moderate,existing,FY2029,Q3,2029-05-01,2029-07-31,495.2234745572427956309660157,63.31963786060491511771786737,12.7860735836919235432932142,-8.860629507707150916514882104,0.0018287507465853737688665,-17.33282160950349784708381055,0,37.12801549414085172788804121,8.318941580104789500721165146,6.25,1.6245,3.624999999999999999999999999,0,0,1.25,0,17.30957391403606222716687608,0,375,119.6720104641684677507816819,25,339.6286500454386098112614882,129.1713499545613901887385118,0,0,0,0,0,494.6720104641684677507816819,0,494.6720104641684677507816819,494.6720104641684677507816819,formula_calculated_quarterly_stress,owner_reviewed_for_phase6_testing,SRC-001;SRC-002;SRC-003,P5A-014;P5A-015;P5A-016;P5A-018:P5A-032;SCN-001:SCN-009,Quarter aggregates monthly provisional allocations; actual monthly seasonality is unavailable.
P6Q-0137,SEVERE_MITIGATED,severe,proposed,FY2026,Q2,2026-02-01,2026-04-30,384.5966848425,39.28740408283005596877055965,10.2152217195837322875299713,-4.409421874919011492192639912,-184.5157969353030785852827159,-13.4608839694875,-3.2,-166.2986986968795341087047962,15.9342836025858971579468871,16.25,2.08775,3.624999999999999999999999999,1.25,0,0,205.4457322994654312666516832,0,0,633.75,235.3434510494654312666516832,25,58.4565489505345687333483168,235.3434510494654312666516832,0,0,0,0,0,0,0,0,0,formula_calculated_quarterly_stress,owner_reviewed_for_phase6_testing,SRC-001;SRC-002;SRC-003,P5A-014;P5A-015;P5A-016;P5A-018:P5A-032;SCN-001:SCN-009,Quarter aggregates monthly provisional allocations; actual monthly seasonality is unavailable.
P6Q-0138,SEVERE_MITIGATED,severe,proposed,FY2026,Q3,2026-05-01,2026-07-31,420.97152544875,38.039296805939422048852986,9.036073583691923543293214214,-3.5854919238445967622132465,16.014683605503179664396714,-14.73400339070625,-2.5,33.2344850968917549510364535,18.63656322778727250329978392,16.25,2.08775,1.8125,0,1.8125,1.25,6.32687252102893517902164573,0.77454439013341762675831531,0,617.5,240.8957791803609488189150137,25,52.9042208196390511810849863,240.8957791803609488189150137,0,0,0,0,0,0,0,0,0,formula_calculated_quarterly_stress,owner_reviewed_for_phase6_testing,SRC-001;SRC-002;SRC-003,P5A-014;P5A-015;P5A-016;P5A-018:P5A-032;SCN-001:SCN-009,Quarter aggregates monthly provisional allocations; actual monthly seasonality is unavailable.
P6Q-0139,SEVERE_MITIGATED,severe,proposed,FY2026,Q4,2026-08-01,2026-10-31,416.3586907725,38.5623817944504740475302303,9.261817430279390685618195516,-3.781179593371226011882557575,15.809503490193561167678363,-14.5725541770375,-2.5,33.51815151423530920332603572,18.40295550769806324373341234,16.25,2.08775,1.8125,0,1.8125,1.25,5.95819569481125984743669021,0.92314170134850580702931357,0,601.25,245.9308331738237028593223903,25,47.8691668261762971406776097,245.9308331738237028593223903,0,0,0,0,0,0,0,0,0,formula_calculated_quarterly_stress,owner_reviewed_for_phase6_testing,SRC-001;SRC-002;SRC-003,P5A-014;P5A-015;P5A-016;P5A-018:P5A-032;SCN-001:SCN-009,Quarter aggregates monthly provisional allocations; actual monthly seasonality is unavailable.
P6Q-0140,SEVERE_MITIGATED,severe,proposed,FY2027,Q1,2026-11-01,2027-01-31,340.020398342523375,14.46982468506440104999160289,4.255575475941905198323741791,0,13.5681565319945013700660506,-11.900713941988318125,-2.5,13.63726727507058429505765349,18.29491743028809108209280054,16.25,2.00775,1.8125,0,1.8125,1.25,24.72790015521750678703514706,0,0,585,270.6587333290412096463575374,25,23.1412666709587903536424626,270.6587333290412096463575374,0,0,0,0,0,0,0,0,0,formula_calculated_quarterly_stress,owner_reviewed_for_phase6_testing,SRC-001;SRC-002;SRC-003,P5A-014;P5A-015;P5A-016;P5A-018:P5A-032;SCN-001:SCN-009,Quarter aggregates monthly provisional allocations; actual monthly seasonality is unavailable.
P6Q-0141,SEVERE_MITIGATED,severe,proposed,FY2027,Q2,2027-02-01,2027-04-30,384.5870699253789375,39.28642189772798521737134038,10.2152217195837322875299713,-4.409311639372138516905335096,0.0025014541421265337632338,-13.4605474473882628125,0,21.41906426510971042172923908,18.425401495122214889919014,16.25,2.00775,1.8125,0,1.8125,1.25,17.07658723001250446818977493,0,0,568.75,287.7353205590537141145473123,25,6.0646794409462858854526877,287.7353205590537141145473123,0,0,0,0,0,0,0,0,0,formula_calculated_quarterly_stress,owner_reviewed_for_phase6_testing,SRC-001;SRC-002;SRC-003,P5A-014;P5A-015;P5A-016;P5A-018:P5A-032;SCN-001:SCN-009,Quarter aggregates monthly provisional allocations; actual monthly seasonality is unavailable.
P6Q-0142,SEVERE_MITIGATED,severe,proposed,FY2027,Q3,2027-05-01,2027-07-31,420.96100116061378125,38.0383458235192735633017647,9.03607358369192354329321422,-3.585402286546500647294191175,0.0027602551325302287275681,-14.73363504062148234375,0,19.72206875148382080098514162,18.39597163074699581906251177,16.25,2.00775,1.8125,0,1.8125,1.25,6.06467944094628588545268768,0,0,552.5,293.8,12.32052656168311086737531751,0,293.8,0,12.67947343831688913262468249,0,0,0,0,0,0,0,formula_calculated_quarterly_stress,owner_reviewed_for_phase6_testing,SRC-001;SRC-002;SRC-003,P5A-014;P5A-015;P5A-016;P5A-018:P5A-032;SCN-001:SCN-009,Quarter aggregates monthly provisional allocations; actual monthly seasonality is unavailable.
P6Q-0143,SEVERE_MITIGATED,severe,proposed,FY2027,Q4,2027-08-01,2027-10-31,416.3482818052306875,38.5614177349056127856790421,9.26181743027939068561819553,-3.781085063881391731232260525,0.0027258029028026952173835,-14.5721898631830740625,0,20.21086861074394968716416508,18.07395145833333333333333333,11.24136038076039388787281592,2.00775,1.208333333333333333333333333,0,1.8125,1.25,0,0,0,541.2586396192396061121271841,293.8,0,0,293.8,1,25,5.00863961923960611212718408,0,0,0,0,0,0,formula_calculated_quarterly_stress,owner_reviewed_for_phase6_testing,SRC-001;SRC-002;SRC-003,P5A-014;P5A-015;P5A-016;P5A-018:P5A-032;SCN-001:SCN-009,Quarter aggregates monthly provisional allocations; actual monthly seasonality is unavailable.
P6Q-0144,SEVERE_MITIGATED,severe,proposed,FY2028,Q1,2027-11-01,2028-01-31,340.011897832564811915625,14.4694629394472744399653531,4.255575475941905198323741791,0,0.0023022158667147858362833,-11.900416424139768417046875,0,2.5713487311742208087547614,2.5713487311742208087547614,0,0,0,0,1.8125,1.25,0,0,0,541.2586396192396061121271841,293.8,0,0,293.8,3,25,16.25,15.26175658100132108553089685,1.7075,0,0,0,0,formula_calculated_quarterly_stress,owner_reviewed_for_phase6_testing,SRC-001;SRC-002;SRC-003,P5A-014;P5A-015;P5A-016;P5A-018:P5A-032;SCN-001:SCN-009,Quarter aggregates monthly provisional allocations; actual monthly seasonality is unavailable.
P6Q-0145,SEVERE_MITIGATED,severe,proposed,FY2028,Q2,2028-02-01,2028-04-30,398.1507771985824784275,43.6581154980704003242203646,10.96522171958373228752997131,-5.311352987001948862144883649,32.0373336585348705461590019,-13.9352772019503867449625,0,56.44881896765293526327198285,16.96027933124727282955399678,16.25,1.138333333333333333333333333,1.208333333333333333333333333,0,1.8125,1.25,0,0,0,525.0086396192396061121271841,293.8,20.8918729697389957670513194,0,293.8,1,25,0,0.040475674642362791952867626,0.5691666666666666666666666667,0,0,0,0,formula_calculated_quarterly_stress,owner_reviewed_for_phase6_testing,SRC-001;SRC-002;SRC-003,P5A-014;P5A-015;P5A-016;P5A-018:P5A-032;SCN-001:SCN-009,Quarter aggregates monthly provisional allocations; actual monthly seasonality is unavailable.
P6Q-0146,SEVERE_MITIGATED,severe,proposed,FY2028,Q3,2028-05-01,2028-07-31,450.66462846280251408703125,47.48235687051268933381257548,10.53607358369192354329321421,-5.528385901271152552706353088,29.5553832872862164091058058,-15.77326199619808799304609375,0,55.73609226032966519716593443,15.7848010683933351518229737,16.25,1.7075,1.8125,0,1.8125,1.25,0,16.0731641616753258123942801,0,508.7586396192396061121271841,277.7268358383246741876057199,25,0,293.8,0,5.00963707909594749614144402,0,0,0,0,0,0,0,formula_calculated_quarterly_stress,owner_reviewed_for_phase6_testing,SRC-001;SRC-002;SRC-003,P5A-014;P5A-015;P5A-016;P5A-018:P5A-032;SCN-001:SCN-009,Quarter aggregates monthly provisional allocations; actual monthly seasonality is unavailable.
P6Q-0147,SEVERE_MITIGATED,severe,proposed,FY2028,Q4,2028-08-01,2028-10-31,460.420706720346380386875,53.00279116884838854298449462,11.51181743027939068561819551,-6.77119718653666252456163178,28.3341955420845204571027842,-16.114724735212123313540625,0,58.45106478918412316198502204,14.3151928574369371407245894,16.25,1.7075,1.8125,0,1.8125,1.25,0.15904688933943151128817786,24.52491882108661753254861049,0,492.5086396192396061121271841,253.3609639065774881663452873,25,15.9141172723358943011061022,277.8858827276641056988938978,0,0,0,0,0,0,0,0,0,formula_calculated_quarterly_stress,owner_reviewed_for_phase6_testing,SRC-001;SRC-002;SRC-003,P5A-014;P5A-015;P5A-016;P5A-018:P5A-032;SCN-001:SCN-009,Quarter aggregates monthly provisional allocations; actual monthly seasonality is unavailable.
P6Q-0148,SEVERE_MITIGATED,severe,proposed,FY2029,Q1,2028-11-01,2029-01-31,388.0038771871357974840791719,28.15191415889357346612381439,7.255575475941905198323741791,-1.577599976068831288537507412,29.1491159280903734764619799,-13.58013570154975291194277101,0,42.14329440936536274210551588,12.90715372602242072982514758,16.25,1.6245,1.8125,0,1.8125,1.25,1.26727688950893918049468271,10.816417572851881192775051,0,476.2586396192396061121271841,243.811823223234546154064919,25,39.17175920391357265316003,254.62824079608642734683997,0,0,0,0,0,0,0,0,0,formula_calculated_quarterly_stress,owner_reviewed_for_phase6_testing,SRC-001;SRC-002;SRC-003,P5A-014;P5A-015;P5A-016;P5A-018:P5A-032;SCN-001:SCN-009,Quarter aggregates monthly provisional allocations; actual monthly seasonality is unavailable.
P6Q-0149,SEVERE_MITIGATED,severe,proposed,FY2029,Q2,2029-02-01,2029-04-30,452.4327538967642203017492189,63.18323721370173179565731637,13.96522171958373228752997129,-9.428723157836270076607812339,30.56004479828804425222486941,-15.83514638638674771056122266,0,68.47941246776675826071315076,11.38758933914012532154439015,16.25,1.6245,1.8125,0,1.8125,1.25,0,37.4048231286266329391687606,0,460.0086396192396061121271841,206.4070000946079132148961584,25,67.7752873638545901239288895,226.0247126361454098760711105,0,0,0,0,0,0,0,0,0,formula_calculated_quarterly_stress,owner_reviewed_for_phase6_testing,SRC-001;SRC-002;SRC-003,P5A-014;P5A-015;P5A-016;P5A-018:P5A-032;SCN-001:SCN-009,Quarter aggregates monthly provisional allocations; actual monthly seasonality is unavailable.
P6Q-0150,SEVERE_MITIGATED,severe,proposed,FY2029,Q3,2029-05-01,2029-07-31,495.2234745572427956309660157,63.31963786060491511771786737,12.7860735836919235432932142,-8.860629507707150916514882104,-5.5623637979150643405999348,-17.33282160950349784708381055,0,31.5638229454792020135192399,10.8039590373716800591306151,16.25,1.6245,1.8125,0,1.8125,1.25,10.44406903505828587441331687,11.51693294316580782880194166,0,443.7586396192396061121271841,205.3341361865003912605075336,25,88.4658638134996087394924664,205.3341361865003912605075336,0,0,0,0,0,0,0,0,0,formula_calculated_quarterly_stress,owner_reviewed_for_phase6_testing,SRC-001;SRC-002;SRC-003,P5A-014;P5A-015;P5A-016;P5A-018:P5A-032;SCN-001:SCN-009,Quarter aggregates monthly provisional allocations; actual monthly seasonality is unavailable.
P6Q-0151,SEVERE_MITIGATED,severe,proposed,FY2029,Q4,2029-08-01,2029-10-31,489.7970172368918848163460939,63.73149366181844990338446801,13.01181743027939068561819551,-9.039959991879832980825678429,-3.638182991584890842613500799,-17.14289560329121596857211328,0,33.91045507506251011137317553,10.49769711995945262714308469,16.25,1.6245,1.8125,0,1.8125,1.25,9.55492508196472387905138073,13.28068303706778136328147156,0,427.5086396192396061121271841,201.6083782313973337762774427,25,92.1916217686026662237225573,201.6083782313973337762774427,0,0,0,0,0,0,0,0,0,formula_calculated_quarterly_stress,owner_reviewed_for_phase6_testing,SRC-001;SRC-002;SRC-003,P5A-014;P5A-015;P5A-016;P5A-018:P5A-032;SCN-001:SCN-009,Quarter aggregates monthly provisional allocations; actual monthly seasonality is unavailable.
P6Q-0152,SEVERE_MITIGATED,severe,proposed,FY2030,Q1,2029-11-01,2030-01-31,399.9939970002124939063320309,32.0218213290888113607790998,8.005575475941905198323741786,-2.376339812488212413450964282,-1.536121143932743278549447,-13.99978989500743728672162108,0,14.10957047766041838205706745,10.3297172460716363513658365,16.25,1.5365,1.8125,0,1.8125,1.25,16.10559523344844820631662043,0.28644846503723023700785136,0,411.2586396192396061121271841,217.4275249998085517455862117,25,76.3724750001914482544137883,217.4275249998085517455862117,0,0,0,0,0,0,0,0,0,formula_calculated_quarterly_stress,owner_reviewed_for_phase6_testing,SRC-001;SRC-002;SRC-003,P5A-014;P5A-015;P5A-016;P5A-018:P5A-032;SCN-001:SCN-009,Quarter aggregates monthly provisional allocations; actual monthly seasonality is unavailable.
P6Q-0153,SEVERE_MITIGATED,severe,proposed,FY2030,Q2,2030-02-01,2030-04-30,452.4214430779168011962416752,63.181657632771389252362425,13.96522171958373228752997131,-9.428487439757324169855897156,0.001657285276477514434984,-15.83475050772708804186845863,0,37.92007697056345455507305322,10.125902765741783307024937,16.25,1.5365,1.8125,0,1.8125,1.25,8.05695555815505379677479897,16.25212976297672504482291517,0,395.0086396192396061121271841,209.2323507949868804975380956,25,84.4762947790667397948925602,209.3237052209332602051074398,0,0,0,0,0,0,0,0,0,formula_calculated_quarterly_stress,owner_reviewed_for_phase6_testing,SRC-001;SRC-002;SRC-003,P5A-014;P5A-015;P5A-016;P5A-018:P5A-032;SCN-001:SCN-009,Quarter aggregates monthly provisional allocations; actual monthly seasonality is unavailable.
P6Q-0154,SEVERE_MITIGATED,severe,proposed,FY2030,Q3,2030-05-01,2030-07-31,495.2110939703788645610752413,63.31805486965839999483992445,12.78607358369192354329321421,-8.86040799196945823774196924,0.0018287050278167091345221,-17.33238828896326025963763345,0,37.12708729375349820659484387,9.727624458758595869431011391,16.25,1.5365,1.8125,0,1.8125,1.25,8.18924701853064369656670275,15.98970985352554603373053521,0,378.7586396192396061121271841,201.4318879599919781603742632,25,92.3681120400080218396257368,201.4318879599919781603742632,0,0,0,0,0,0,0,0,0,formula_calculated_quarterly_stress,owner_reviewed_for_phase6_testing,SRC-001;SRC-002;SRC-003,P5A-014;P5A-015;P5A-016;P5A-018:P5A-032;SCN-001:SCN-009,Quarter aggregates monthly provisional allocations; actual monthly seasonality is unavailable.
P6Q-0155,SEVERE_MITIGATED,severe,proposed,FY2030,Q4,2030-08-01,2030-10-31,489.7847723114609625192256851,63.72990037447690444213688346,13.01181743027939068561819553,-9.039733992880035985001157798,0.0018058881173999855761078,-17.14246703090113368817289898,0,37.54950523881313475453893449,9.325843342449288222897447242,16.25,1.5365,1.8125,0,1.8125,1.25,7.9130084659991035630131558,16.53767036236295009465464302,0,362.5086396192396061121271841,192.807226063628131628732776,25,100.6143112848810160694034599,193.1856887151189839305965401,0,0,0,0,0,0,0,0,0,formula_calculated_quarterly_stress,owner_reviewed_for_phase6_testing,SRC-001;SRC-002;SRC-003,P5A-014;P5A-015;P5A-016;P5A-018:P5A-032;SCN-001:SCN-009,Quarter aggregates monthly provisional allocations; actual monthly seasonality is unavailable.
P6Q-0156,SEVERE_MITIGATED,severe,proposed,FY2031,Q1,2030-11-01,2031-01-31,399.9839971502874885939843726,32.02102078355558414049508032,8.005575475941905198323741786,-2.376280403992900208140628008,0.0015251072472576468757836,-13.99943990026006210078945304,0,15.64682558654987947844078288,9.094822438338705106492110781,16.25,1.5365,1.8125,0,1.8125,1.25,15.17648148379639879189332842,2.12948463200757316384200052,0,346.2586396192396061121271841,205.8542229154169572567841039,25,102.0546015202855950342877155,205.8542229154169572567841039,0,0,0,0,0,552.112862534656563368911288,0,552.112862534656563368911288,552.112862534656563368911288,formula_calculated_quarterly_stress,owner_reviewed_for_phase6_testing,SRC-001;SRC-002;SRC-003,P5A-014;P5A-015;P5A-016;P5A-018:P5A-032;SCN-001:SCN-009,Quarter aggregates monthly provisional allocations; actual monthly seasonality is unavailable.
P6Q-0157,SEVERE_MITIGATED,severe,existing,FY2026,Q2,2026-02-01,2026-04-30,384.5966848425,39.28740408283005596877055965,10.2152217195837322875299713,-4.409421874919011492192639912,-184.5157969353030785852827159,-13.4608839694875,-3.2,-166.2986986968795341087047962,15.71772103971831549497090689,6.25,2.08775,3.624999999999999999999999999,1.25,0,0,195.2291697365978496036757031,0,0,456.25,402.6268884865978496036757032,25.00000000000000000000000005,66.17311151340215039632429685,402.6268884865978496036757032,0,0,0,0,0,0,0,0,0,formula_calculated_quarterly_stress,owner_reviewed_for_phase6_testing,SRC-001;SRC-002;SRC-003,P5A-014;P5A-015;P5A-016;P5A-018:P5A-032;SCN-001:SCN-009,Quarter aggregates monthly provisional allocations; actual monthly seasonality is unavailable.
P6Q-0158,SEVERE_MITIGATED,severe,existing,FY2026,Q3,2026-05-01,2026-07-31,420.97152544875,38.039296805939422048852986,9.036073583691923543293214214,-3.5854919238445967622132465,16.014683605503179664396714,-14.73400339070625,-2.5,33.2344850968917549510364535,18.41531073055743009779580146,6.25,2.08775,1.8125,0,1.8125,1.25,4.12517759056319385325418461,8.79410195689751870649483669,0,450,397.9579641202635247504350512,25,62.0479339228389565430701122,406.7520660771610434569298878,0,0,0,0,0,0,0,0,0,formula_calculated_quarterly_stress,owner_reviewed_for_phase6_testing,SRC-001;SRC-002;SRC-003,P5A-014;P5A-015;P5A-016;P5A-018:P5A-032;SCN-001:SCN-009,Quarter aggregates monthly provisional allocations; actual monthly seasonality is unavailable.
P6Q-0159,SEVERE_MITIGATED,severe,existing,FY2026,Q4,2026-08-01,2026-10-31,416.3586907725,38.5623817944504740475302303,9.261817430279390685618195516,-3.781179593371226011882557575,15.809503490193561167678363,-14.5725541770375,-2.5,33.51815151423530920332603572,18.17691150968397507014516875,6.25,2.08775,1.8125,0,1.8125,1.25,4.01845052608659400640146721,9.20944053063792813958233415,0,443.75,392.7669741157121906172541843,25,66.8235853536498812431634816,401.9764146463501187568365184,0,0,0,0,0,0,0,0,0,formula_calculated_quarterly_stress,owner_reviewed_for_phase6_testing,SRC-001;SRC-002;SRC-003,P5A-014;P5A-015;P5A-016;P5A-018:P5A-032;SCN-001:SCN-009,Quarter aggregates monthly provisional allocations; actual monthly seasonality is unavailable.
P6Q-0160,SEVERE_MITIGATED,severe,existing,FY2027,Q1,2026-11-01,2027-01-31,340.020398342523375,14.46982468506440104999160289,4.255575475941905198323741791,0,13.5681565319945013700660506,-11.900713941988318125,-2.5,13.63726727507058429505765349,18.06397816551713135498565352,6.25,2.00775,1.8125,0,1.8125,1.25,14.49696089044654705992800004,0,0,437.5,407.2639350061587376771821843,25,61.5360649938412623228178157,407.2639350061587376771821843,0,0,0,0,0,0,0,0,0,formula_calculated_quarterly_stress,owner_reviewed_for_phase6_testing,SRC-001;SRC-002;SRC-003,P5A-014;P5A-015;P5A-016;P5A-018:P5A-032;SCN-001:SCN-009,Quarter aggregates monthly provisional allocations; actual monthly seasonality is unavailable.
P6Q-0161,SEVERE_MITIGATED,severe,existing,FY2027,Q2,2027-02-01,2027-04-30,384.5870699253789375,39.28642189772798521737134038,10.2152217195837322875299713,-4.409311639372138516905335096,0.0025014541421265337632338,-13.4605474473882628125,0,21.41906426510971042172923908,18.18946095044961446779480972,6.25,2.00775,1.8125,0,1.8125,1.25,7.17885575685469995361674696,0.33820907151479590755117631,0,431.25,414.1045816914986417232477549,25,54.3572092369865623692010688,414.4427907630134376307989312,0,0,0,0,0,0,0,0,0,formula_calculated_quarterly_stress,owner_reviewed_for_phase6_testing,SRC-001;SRC-002;SRC-003,P5A-014;P5A-015;P5A-016;P5A-018:P5A-032;SCN-001:SCN-009,Quarter aggregates monthly provisional allocations; actual monthly seasonality is unavailable.
P6Q-0162,SEVERE_MITIGATED,severe,existing,FY2027,Q3,2027-05-01,2027-07-31,420.96100116061378125,38.0383458235192735633017647,9.03607358369192354329321422,-3.585402286546500647294191175,0.0027602551325302287275681,-14.73363504062148234375,0,19.72206875148382080098514162,18.21383517650131277854528505,6.25,2.00775,1.8125,0,1.8125,1.25,8.56201642501749197756014345,0,0,425,422.6665981165161337008078983,25,46.1334018834838662991921017,422.6665981165161337008078983,0,0,0,0,0,0,0,0,0,formula_calculated_quarterly_stress,owner_reviewed_for_phase6_testing,SRC-001;SRC-002;SRC-003,P5A-014;P5A-015;P5A-016;P5A-018:P5A-032;SCN-001:SCN-009,Quarter aggregates monthly provisional allocations; actual monthly seasonality is unavailable.
P6Q-0163,SEVERE_MITIGATED,severe,existing,FY2027,Q4,2027-08-01,2027-10-31,416.3482818052306875,38.5614177349056127856790421,9.26181743027939068561819553,-3.781085063881391731232260525,0.0027258029028026952173835,-14.5721898631830740625,0,20.21086861074394968716416508,18.26056843938602322687403507,6.25,2.00775,1.8125,0,1.8125,1.25,8.11994982864207353970987,0,0,418.75,430.7865479451582072405177683,25,38.0134520548417927594822317,430.7865479451582072405177683,0,0,0,0,0,0,0,0,0,formula_calculated_quarterly_stress,owner_reviewed_for_phase6_testing,SRC-001;SRC-002;SRC-003,P5A-014;P5A-015;P5A-016;P5A-018:P5A-032;SCN-001:SCN-009,Quarter aggregates monthly provisional allocations; actual monthly seasonality is unavailable.
P6Q-0164,SEVERE_MITIGATED,severe,existing,FY2028,Q1,2027-11-01,2028-01-31,340.011897832564811915625,14.4694629394472744399653531,4.255575475941905198323741791,0,0.0023022158667147858362833,-11.900416424139768417046875,0,2.5713487311742208087547614,18.41822421459111296247847522,6.25,1.7075,1.8125,0,1.8125,1.25,25.61687548341689215372371384,0,0,412.5,456.4034234285750993942414822,25,12.3965765714249006057585178,456.4034234285750993942414822,0,0,0,0,0,0,0,0,0,formula_calculated_quarterly_stress,owner_reviewed_for_phase6_testing,SRC-001;SRC-002;SRC-003,P5A-014;P5A-015;P5A-016;P5A-018:P5A-032;SCN-001:SCN-009,Quarter aggregates monthly provisional allocations; actual monthly seasonality is unavailable.
P6Q-0165,SEVERE_MITIGATED,severe,existing,FY2028,Q2,2028-02-01,2028-04-30,398.1507771985824784275,43.6581154980704003242203646,10.96522171958373228752997131,-5.311352987001948862144883649,32.0373336585348705461590019,-13.9352772019503867449625,0,56.44881896765293526327198285,17.59890491234201040125329326,6.25,1.7075,1.8125,0,1.8125,1.25,1.44916878983231589217291813,30.52908284514324075419160769,0,406.25,427.3235093732641745322227926,25,10.9474077815925847135855997,457.8525922184074152864144003,0,0,0,0,0,0,0,0,0,formula_calculated_quarterly_stress,owner_reviewed_for_phase6_testing,SRC-001;SRC-002;SRC-003,P5A-014;P5A-015;P5A-016;P5A-018:P5A-032;SCN-001:SCN-009,Quarter aggregates monthly provisional allocations; actual monthly seasonality is unavailable.
P6Q-0166,SEVERE_MITIGATED,severe,existing,FY2028,Q3,2028-05-01,2028-07-31,450.66462846280251408703125,47.48235687051268933381257548,10.53607358369192354329321421,-5.528385901271152552706353088,29.5553832872862164091058058,-15.77326199619808799304609375,0,55.73609226032966519716593443,16.04021039437535904271522802,6.25,1.7075,1.8125,0,1.8125,1.25,1.00035121755874413346566207,30.92623308351305028791636846,0,400,397.3976275073098683777720862,25,40.4761394091770813343115453,428.3238605908229186656884547,0,0,0,0,0,0,0,0,0,formula_calculated_quarterly_stress,owner_reviewed_for_phase6_testing,SRC-001;SRC-002;SRC-003,P5A-014;P5A-015;P5A-016;P5A-018:P5A-032;SCN-001:SCN-009,Quarter aggregates monthly provisional allocations; actual monthly seasonality is unavailable.
P6Q-0167,SEVERE_MITIGATED,severe,existing,FY2028,Q4,2028-08-01,2028-10-31,460.420706720346380386875,53.00279116884838854298449462,11.51181743027939068561819551,-6.77119718653666252456163178,28.3341955420845204571027842,-16.114724735212123313540625,0,58.45106478918412316198502204,14.51811356318244968091283276,6.25,1.7075,1.8125,0,1.8125,1.25,0.22627212734664785713387459,34.38922335334832133820606384,0,393.75,363.234676281308194896699897,25,71.1761003653434837650940392,397.6238996346565162349059608,0,0,0,0,0,0,0,0,0,formula_calculated_quarterly_stress,owner_reviewed_for_phase6_testing,SRC-001;SRC-002;SRC-003,P5A-014;P5A-015;P5A-016;P5A-018:P5A-032;SCN-001:SCN-009,Quarter aggregates monthly provisional allocations; actual monthly seasonality is unavailable.
P6Q-0168,SEVERE_MITIGATED,severe,existing,FY2029,Q1,2028-11-01,2029-01-31,388.0038771871357974840791719,28.15191415889357346612381439,7.255575475941905198323741791,-1.577599976068831288537507412,29.1491159280903734764619799,-13.58013570154975291194277101,0,42.14329440936536274210551588,13.1025317051644035661859035,6.25,1.6245,1.8125,0,1.8125,1.25,1.332024976332553565952648,20.68578768053351274187226037,0,387.5,343.8809135771072357207802846,25,104.233298742359251537347455,364.566701257640748462652545,0,0,0,0,0,0,0,0,0,formula_calculated_quarterly_stress,owner_reviewed_for_phase6_testing,SRC-001;SRC-002;SRC-003,P5A-014;P5A-015;P5A-016;P5A-018:P5A-032;SCN-001:SCN-009,Quarter aggregates monthly provisional allocations; actual monthly seasonality is unavailable.
P6Q-0169,SEVERE_MITIGATED,severe,existing,FY2029,Q2,2029-02-01,2029-04-30,452.4327538967642203017492189,63.18323721370173179565731637,13.96522171958373228752997129,-9.428723157836270076607812339,30.56004479828804425222486941,-15.83514638638674771056122266,0,68.47941246776675826071315076,11.57489802189730870689479852,6.25,1.6245,1.8125,0,1.8125,1.25,0,47.21751444586944955381835222,0,381.25,296.6633991312377861669619324,25,142.6441023079630172522023553,326.1558976920369827477976447,0,0,0,0,0,0,0,0,0,formula_calculated_quarterly_stress,owner_reviewed_for_phase6_testing,SRC-001;SRC-002;SRC-003,P5A-014;P5A-015;P5A-016;P5A-018:P5A-032;SCN-001:SCN-009,Quarter aggregates monthly provisional allocations; actual monthly seasonality is unavailable.
P6Q-0170,SEVERE_MITIGATED,severe,existing,FY2029,Q3,2029-05-01,2029-07-31,495.2234745572427956309660157,63.31963786060491511771786737,12.7860735836919235432932142,-8.860629507707150916514882104,-5.5623637979150643405999348,-17.33282160950349784708381055,0,31.5638229454792020135192399,10.99436967808150393522539312,6.25,1.6245,1.8125,0,1.8125,1.25,0.50788706427293212685350952,11.39034033167063020514735629,0,375,285.7809458638400880886680856,25,177.8161805062685571507554268,290.9838194937314428492445732,0,0,0,0,0,660.7809458638400880886680856,0,660.7809458638400880886680856,660.7809458638400880886680856,formula_calculated_quarterly_stress,owner_reviewed_for_phase6_testing,SRC-001;SRC-002;SRC-003,P5A-014;P5A-015;P5A-016;P5A-018:P5A-032;SCN-001:SCN-009,Quarter aggregates monthly provisional allocations; actual monthly seasonality is unavailable.
P6Q-0171,MODERATE_NO_WAIVER,moderate,proposed,FY2026,Q2,2026-02-01,2026-04-30,423.05635332675,50.6196306743311865656476156,11.9652217195837322875299713,-6.7012356082154438914119039,-73.4293688531870244234172408,-14.80697236643625,-2.2,-46.5179461535075317491815291,13.41024113953104624366126085,16.25,2.08775,3.624999999999999999999999999,1.25,0,0,83.14093729303857799284278996,0,0,633.75,113.03865604303857799284279,25,180.76134395696142200715721,113.03865604303857799284279,0,0,0,0,0,0,0,0,0,formula_calculated_quarterly_stress,owner_reviewed_for_phase6_testing,SRC-001;SRC-002;SRC-003,P5A-014;P5A-015;P5A-016;P5A-018:P5A-032;SCN-001:SCN-009,Quarter aggregates monthly provisional allocations; actual monthly seasonality is unavailable.
P6Q-0172,MODERATE_NO_WAIVER,moderate,proposed,FY2026,Q3,2026-05-01,2026-07-31,463.068677993625,49.9469283514218017537382846,10.78607358369192354329321421,-5.96996658245116581343457115,4.7725927158643815763318739,-16.207403729776875,-1.5,31.04215075505814251663558736,14.0975130086878459550478218,16.25,2.08775,3.624999999999999999999999999,1.25,0,0,8.5508379262706168279130489,2.28272567264091338950081445,0,617.5,119.3067682966682814312550245,25,174.4932317033317185687449755,119.3067682966682814312550245,0,0,0,0,0,0,0,0,0,formula_calculated_quarterly_stress,owner_reviewed_for_phase6_testing,SRC-001;SRC-002;SRC-003,P5A-014;P5A-015;P5A-016;P5A-018:P5A-032;SCN-001:SCN-009,Quarter aggregates monthly provisional allocations; actual monthly seasonality is unavailable.
P6Q-0173,MODERATE_NO_WAIVER,moderate,proposed,FY2026,Q4,2026-08-01,2026-10-31,457.99455984975,50.4335247712661464522832533,11.01181743027939068561819551,-6.163023752051004863070813325,4.7107391840668430554471152,-16.02980959474125,0,32.95143060854073464465955518,13.89226519720170350060195105,16.25,2.08775,3.624999999999999999999999999,1.25,0,0,7.07689879915155669831899351,2.92331421049058784237659764,0,601.25,123.4603528853292502871974204,25,170.3396471146707497128025796,123.4603528853292502871974204,0,0,0,0,0,0,0,0,0,formula_calculated_quarterly_stress,owner_reviewed_for_phase6_testing,SRC-001;SRC-002;SRC-003,P5A-014;P5A-015;P5A-016;P5A-018:P5A-032;SCN-001:SCN-009,Quarter aggregates monthly provisional allocations; actual monthly seasonality is unavailable.
P6Q-0174,MODERATE_NO_WAIVER,moderate,proposed,FY2027,Q1,2026-11-01,2027-01-31,374.0224381767757125,22.46219982166441612374076318,6.005575475941905198323741791,-0.351932182954339428922690795,4.1088130758544351819884185,-13.0907853361871499375,0,13.12829537837736193930649088,13.66388822002152272835187785,16.25,2.00775,3.624999999999999999999999999,1.25,0,0,0,0,0,585,123.4603528853292502871974204,1.33165715835583921095461304,0,123.4603528853292502871974204,0,23.66834284164416078904538696,0,0,0,0,0,0,0,formula_calculated_quarterly_stress,owner_reviewed_for_phase6_testing,SRC-001;SRC-002;SRC-003,P5A-014;P5A-015;P5A-016;P5A-018:P5A-032;SCN-001:SCN-009,Quarter aggregates monthly provisional allocations; actual monthly seasonality is unavailable.
P6Q-0175,MODERATE_NO_WAIVER,moderate,proposed,FY2027,Q2,2027-02-01,2027-04-30,430.3981767841373109375,53.6500870131886729525931471,12.4652217195837322875299713,-7.355528211414003861324849275,17.4132482205833604757574054,-15.0639361874448058828125,0,48.64387083491322368421320322,12.91526195780152528025571279,16.25,2.00775,3.624999999999999999999999999,1.25,0,0,0,0,0,568.75,123.4603528853292502871974204,13.92751603546753761491210348,0,123.4603528853292502871974204,0,20.55542682726202447895465058,0,0,0,0,0,0,0,formula_calculated_quarterly_stress,owner_reviewed_for_phase6_testing,SRC-001;SRC-002;SRC-003,P5A-014;P5A-015;P5A-016;P5A-018:P5A-032;SCN-001:SCN-009,Quarter aggregates monthly provisional allocations; actual monthly seasonality is unavailable.
P6Q-0176,MODERATE_NO_WAIVER,moderate,proposed,FY2027,Q3,2027-05-01,2027-07-31,479.1526689681103921875,56.473286142805267752796788,11.78607358369192354329321421,-7.3752060253130993889445095,16.3361679337820970625754237,-16.7703434138838637265625,0,48.6639046373904016998652022,12.17718756293582451135894132,16.25,2.00775,3.624999999999999999999999999,1.25,0,0,0,2.28148310992211480341836435,0,552.5,121.178869775407135483779056,25,0,123.4603528853292502871974204,0,7.71222569947044687805692755,0,0,0,0,0,0,0,formula_calculated_quarterly_stress,owner_reviewed_for_phase6_testing,SRC-001;SRC-002;SRC-003,P5A-014;P5A-015;P5A-016;P5A-018:P5A-032;SCN-001:SCN-009,Quarter aggregates monthly provisional allocations; actual monthly seasonality is unavailable.
P6Q-0177,MODERATE_NO_WAIVER,moderate,proposed,FY2027,Q4,2027-08-01,2027-10-31,481.8619085010537515625,60.2896822577117723115597884,12.51181743027939068561819552,-8.2911779260926136321508846,15.6244971423851102783274809,-16.8651667975368813046875,0,50.7578346764673876530488847,11.29570158607256494399740054,16.25,2.00775,3.624999999999999999999999999,1.25,0,0,0,16.32938309039482270905148416,0,536.25,104.8494866850123127747275718,25,0,117.1388139246286728534415131,0,0,0,0,0,0,0,0,0,formula_calculated_quarterly_stress,owner_reviewed_for_phase6_testing,SRC-001;SRC-002;SRC-003,P5A-014;P5A-015;P5A-016;P5A-018:P5A-032;SCN-001:SCN-009,Quarter aggregates monthly provisional allocations; actual monthly seasonality is unavailable.
P6Q-0178,MODERATE_NO_WAIVER,moderate,proposed,FY2028,Q1,2027-11-01,2028-01-31,400.0139974500762493125,32.02342248019818221976622422,8.005575475941905198323741787,-2.376458633934622498366743558,15.6462681290860333851159268,-14.0004899107526687259375,0,31.29274206459692438057790747,10.38156150851709834349860233,16.25,1.7075,3.624999999999999999999999999,1.25,0,0,0,9.50542630678497922805470327,0,520,95.34406037822733354667286848,13.57325424929484680902460187,0,100.1097840838772331063265586,0,11.42674575070515319097539813,0,0,0,0,0,0,0,formula_calculated_quarterly_stress,owner_reviewed_for_phase6_testing,SRC-001;SRC-002;SRC-003,P5A-014;P5A-015;P5A-016;P5A-018:P5A-032;SCN-001:SCN-009,Quarter aggregates monthly provisional allocations; actual monthly seasonality is unavailable.
P6Q-0179,MODERATE_NO_WAIVER,moderate,proposed,FY2028,Q2,2028-02-01,2028-04-30,452.44406499838918003125,63.18481683412258486027882335,13.9652217195837322875299713,-9.428958881808315284489924586,-2.581229433135867538623284199,-15.83554227494362130109375,0,35.33908624423478073607186455,10.0542549395764859297524413,16.25,1.7075,3.624999999999999999999999999,1.25,0,0,0,1.00905657668830753738757391,0,503.75,94.33500380153902600928529457,15.01652897726483407795645119,0,95.34406037822733354667286848,0,9.98347102273516592204354881,0,0,0,0,0,0,0,formula_calculated_quarterly_stress,owner_reviewed_for_phase6_testing,SRC-001;SRC-002;SRC-003,P5A-014;P5A-015;P5A-016;P5A-018:P5A-032;SCN-001:SCN-009,Quarter aggregates monthly provisional allocations; actual monthly seasonality is unavailable.
P6Q-0180,MODERATE_NO_WAIVER,moderate,proposed,FY2028,Q3,2028-05-01,2028-07-31,495.235855453629136359375,63.32122089112719329755030611,12.7860735836919235432932142,-8.860851028982875488402092154,-1.8939425246526275919674813,-17.333254940877019772578125,0,35.23317239661467044460260767,9.757914661895040610478611162,16.25,1.7075,3.624999999999999999999999999,1.25,0,0,0,2.57499550022924481591329019,0,487.5,91.76000830130978119337200438,15.0842912117552190961671575,0,94.33500380153902600928529457,0,9.9157087882447809038328425,0,0,0,0,0,0,0,formula_calculated_quarterly_stress,owner_reviewed_for_phase6_testing,SRC-001;SRC-002;SRC-003,P5A-014;P5A-015;P5A-016;P5A-018:P5A-032;SCN-001:SCN-009,Quarter aggregates monthly provisional allocations; actual monthly seasonality is unavailable.
P6Q-0181,MODERATE_NO_WAIVER,moderate,proposed,FY2028,Q4,2028-08-01,2028-10-31,489.80926246845359615625,63.73308698899317473275278684,13.01181743027939068561819552,-9.04018599652974622448129046,-0.9298862289664109053890738,-17.14332418639587586546875,0,36.61969057710114173741367258,9.438846540925277701536366534,16.25,1.7075,3.624999999999999999999999999,1.25,0,0,0,3.77652607906416397385012166,0,471.25,87.98348222224561721952188272,15.65610916886691915819434188,0,91.76000830130978119337200438,0,9.34389083113308084180565812,0,0,0,0,0,0,0,formula_calculated_quarterly_stress,owner_reviewed_for_phase6_testing,SRC-001;SRC-002;SRC-003,P5A-014;P5A-015;P5A-016;P5A-018:P5A-032;SCN-001:SCN-009,Quarter aggregates monthly provisional allocations; actual monthly seasonality is unavailable.
P6Q-0182,MODERATE_NO_WAIVER,moderate,proposed,FY2029,Q1,2028-11-01,2029-01-31,400.0039971001399974062671875,32.02262189463617726521073007,8.005575475941905198323741788,-2.37639922246877413280428439,0.0015251835054796811689173,-14.00013989850489990921935156,0,15.64760795716798290435601143,9.140925570500384262830646924,16.25,1.6245,3.454958222201184466386373046,0.8333333333333333333333333334,0,0,0,0,0,455,87.98348222224561721952188272,0,0,87.98348222224561721952188272,0,25,0,0,0,0,0,0,0,formula_calculated_quarterly_stress,owner_reviewed_for_phase6_testing,SRC-001;SRC-002;SRC-003,P5A-014;P5A-015;P5A-016;P5A-018:P5A-032;SCN-001:SCN-009,Quarter aggregates monthly provisional allocations; actual monthly seasonality is unavailable.
P6Q-0183,MODERATE_NO_WAIVER,moderate,proposed,FY2029,Q2,2029-02-01,2029-04-30,452.4327538967642203017492189,63.18323721370173179565731637,13.96522171958373228752997129,-9.428723157836270076607812339,0.0016573267096452555663732,-15.83514638638674771056122266,0,37.92102499618835926405465458,8.874019320500384262830646924,16.25,1.6245,3.624999999999999999999999999,1.25,0,0,0,0,0,438.75,87.98348222224561721952188272,6.29750567568797500122400765,0,87.98348222224561721952188272,0,18.70249432431202499877599235,0,0,0,0,0,0,0,formula_calculated_quarterly_stress,owner_reviewed_for_phase6_testing,SRC-001;SRC-002;SRC-003,P5A-014;P5A-015;P5A-016;P5A-018:P5A-032;SCN-001:SCN-009,Quarter aggregates monthly provisional allocations; actual monthly seasonality is unavailable.
P6Q-0184,MODERATE_NO_WAIVER,moderate,proposed,FY2029,Q3,2029-05-01,2029-07-31,495.2234745572427956309660157,63.31963786060491511771786737,12.7860735836919235432932142,-8.860629507707150916514882104,0.0018287507465853737688665,-17.33282160950349784708381055,0,37.12801549414085172788804121,8.607113070500384262830646924,16.25,1.6245,3.624999999999999999999999999,1.25,0,0,0,0,0,422.5,87.98348222224561721952188272,12.06890809932844246628140193,0,87.98348222224561721952188272,0,12.93109190067155753371859807,0,0,0,0,0,0,0,formula_calculated_quarterly_stress,owner_reviewed_for_phase6_testing,SRC-001;SRC-002;SRC-003,P5A-014;P5A-015;P5A-016;P5A-018:P5A-032;SCN-001:SCN-009,Quarter aggregates monthly provisional allocations; actual monthly seasonality is unavailable.
P6Q-0185,MODERATE_NO_WAIVER,moderate,proposed,FY2029,Q4,2029-08-01,2029-10-31,489.7970172368918848163460939,63.73149366181844990338446801,13.01181743027939068561819551,-9.039959991879832980825678429,0.0018059332657316288668295,-17.14289560329121596857211328,0,37.55044399991313258285350583,8.32225653973723745351902251,16.25,1.6245,3.624999999999999999999999999,1.25,0,0,0,2.18572672919110021526303384,0,406.25,85.79775549305451700425884888,16.36186883031323738035285141,0,87.98348222224561721952188272,0,8.63813116968676261964714859,0,0,0,0,0,0,0,formula_calculated_quarterly_stress,owner_reviewed_for_phase6_testing,SRC-001;SRC-002;SRC-003,P5A-014;P5A-015;P5A-016;P5A-018:P5A-032;SCN-001:SCN-009,Quarter aggregates monthly provisional allocations; actual monthly seasonality is unavailable.
P6Q-0186,MODERATE_NO_WAIVER,moderate,proposed,FY2030,Q1,2029-11-01,2030-01-31,399.9939970002124939063320309,32.0218213290888113607790998,8.005575475941905198323741786,-2.376339812488212413450964282,0.0015251453758920441768882,-13.99978989500743728672162108,0,15.64721676696905370478340265,8.037400008973420441794951594,16.25,1.5365,3.624999999999999999999999999,1.25,0,0,0,0,0,390,85.79775549305451700425884888,1.31018558830887064334130245,0,85.79775549305451700425884888,0,23.68981441169112935665869755,0,0,0,0,0,0,0,formula_calculated_quarterly_stress,owner_reviewed_for_phase6_testing,SRC-001;SRC-002;SRC-003,P5A-014;P5A-015;P5A-016;P5A-018:P5A-032;SCN-001:SCN-009,Quarter aggregates monthly provisional allocations; actual monthly seasonality is unavailable.
P6Q-0187,MODERATE_NO_WAIVER,moderate,proposed,FY2030,Q2,2030-02-01,2030-04-30,452.4214430779168011962416752,63.181657632771389252362425,13.96522171958373228752997131,-9.428487439757324169855897156,0.001657285276477514434984,-15.83475050772708804186845863,0,37.92007697056345455507305322,7.770493758973420441794951594,16.25,1.5365,3.624999999999999999999999999,1.25,0,0,0,0,0,373.75,85.79775549305451700425884888,8.79826879989890475661940406,0,85.79775549305451700425884888,0,16.20173120010109524338059594,0,0,0,0,0,0,0,formula_calculated_quarterly_stress,owner_reviewed_for_phase6_testing,SRC-001;SRC-002;SRC-003,P5A-014;P5A-015;P5A-016;P5A-018:P5A-032;SCN-001:SCN-009,Quarter aggregates monthly provisional allocations; actual monthly seasonality is unavailable.
P6Q-0188,MODERATE_NO_WAIVER,moderate,proposed,FY2030,Q3,2030-05-01,2030-07-31,495.2110939703788645610752413,63.31805486965839999483992445,12.78607358369192354329321421,-8.86040799196945823774196924,0.0018287050278167091345221,-17.33238828896326025963763345,0,37.12708729375349820659484387,7.503587508973420441794951594,16.25,1.5365,3.624999999999999999999999999,1.25,0,0,0,0,0,357.5,85.79775549305451700425884888,15.76026858467898252141929632,0,85.79775549305451700425884888,0,9.23973141532101747858070368,0,0,0,0,0,0,0,formula_calculated_quarterly_stress,owner_reviewed_for_phase6_testing,SRC-001;SRC-002;SRC-003,P5A-014;P5A-015;P5A-016;P5A-018:P5A-032;SCN-001:SCN-009,Quarter aggregates monthly provisional allocations; actual monthly seasonality is unavailable.
P6Q-0189,MODERATE_NO_WAIVER,moderate,proposed,FY2030,Q4,2030-08-01,2030-10-31,489.7847723114609625192256851,63.72990037447690444213688346,13.01181743027939068561819553,-9.039733992880035985001157798,0.0018058881173999855761078,-17.14246703090113368817289898,0,37.54950523881313475453893449,7.181796108286271012562842623,16.25,1.5365,3.624999999999999999999999999,1.25,0,0,0,6.68312337146715879806134137,0,341.25,79.11463212158735820619750751,16.78335434373868746533404681,0,85.79775549305451700425884888,0,8.21664565626131253466595319,0,0,0,0,0,0,0,formula_calculated_quarterly_stress,owner_reviewed_for_phase6_testing,SRC-001;SRC-002;SRC-003,P5A-014;P5A-015;P5A-016;P5A-018:P5A-032;SCN-001:SCN-009,Quarter aggregates monthly provisional allocations; actual monthly seasonality is unavailable.
P6Q-0190,MODERATE_NO_WAIVER,moderate,proposed,FY2031,Q1,2030-11-01,2031-01-31,399.9839971502874885939843726,32.02102078355558414049508032,8.005575475941905198323741786,-2.376280403992900208140628008,0.0015251072472576468757836,-13.99943990026006210078945304,0,15.64682558654987947844078288,6.860004707597072358536794059,16.25,1.5365,3.624999999999999999999999999,1.25,0,0,0,0,0,325,79.11463212158735820619750751,2.90867522269149458523803564,0,79.11463212158735820619750751,0,22.09132477730850541476196436,0,0,0,404.1146321215873582061975075,0,404.1146321215873582061975075,404.1146321215873582061975075,formula_calculated_quarterly_stress,owner_reviewed_for_phase6_testing,SRC-001;SRC-002;SRC-003,P5A-014;P5A-015;P5A-016;P5A-018:P5A-032;SCN-001:SCN-009,Quarter aggregates monthly provisional allocations; actual monthly seasonality is unavailable.
P6Q-0191,MODERATE_NO_WAIVER,moderate,existing,FY2026,Q2,2026-02-01,2026-04-30,423.05635332675,50.6196306743311865656476156,11.9652217195837322875299713,-6.7012356082154438914119039,-73.4293688531870244234172408,-14.80697236643625,-2.2,-46.5179461535075317491815291,13.21918837133396778756919748,6.25,2.08775,3.624999999999999999999999999,1.25,0,0,72.94988452484149953675072658,0,0,456.25,280.3476032748414995367507265,25,188.4523967251585004632492735,280.3476032748414995367507265,0,0,0,0,0,0,0,0,0,formula_calculated_quarterly_stress,owner_reviewed_for_phase6_testing,SRC-001;SRC-002;SRC-003,P5A-014;P5A-015;P5A-016;P5A-018:P5A-032;SCN-001:SCN-009,Quarter aggregates monthly provisional allocations; actual monthly seasonality is unavailable.
P6Q-0192,MODERATE_NO_WAIVER,moderate,existing,FY2026,Q3,2026-05-01,2026-07-31,463.068677993625,49.9469283514218017537382846,10.78607358369192354329321421,-5.96996658245116581343457115,4.7725927158643815763318739,-16.207403729776875,-1.5,31.04215075505814251663558736,13.90281012447036371042101247,6.25,2.08775,3.624999999999999999999999999,1.25,0,0,0.76159191748666546650835275,4.68818254807444427272292762,0,450,276.4210126442537207305361516,25,187.6908048076718349967409208,281.1091951923281650032590792,0,0,0,0,0,0,0,0,0,formula_calculated_quarterly_stress,owner_reviewed_for_phase6_testing,SRC-001;SRC-002;SRC-003,P5A-014;P5A-015;P5A-016;P5A-018:P5A-032;SCN-001:SCN-009,Quarter aggregates monthly provisional allocations; actual monthly seasonality is unavailable.
P6Q-0193,MODERATE_NO_WAIVER,moderate,existing,FY2026,Q4,2026-08-01,2026-10-31,457.99455984975,50.4335247712661464522832533,11.01181743027939068561819551,-6.163023752051004863070813325,4.7107391840668430554471152,-16.02980959474125,0,32.95143060854073464465955518,13.69384246048365170514449346,6.25,2.08775,3.624999999999999999999999999,1.25,0,0,0.31412724273404617096542284,6.35896539079112911048048455,0,443.75,270.3761744961966377910210899,25,192.0648601130122330984984256,276.7351398869877669015015744,0,0,0,0,0,0,0,0,0,formula_calculated_quarterly_stress,owner_reviewed_for_phase6_testing,SRC-001;SRC-002;SRC-003,P5A-014;P5A-015;P5A-016;P5A-018:P5A-032;SCN-001:SCN-009,Quarter aggregates monthly provisional allocations; actual monthly seasonality is unavailable.
P6Q-0194,MODERATE_NO_WAIVER,moderate,existing,FY2027,Q1,2026-11-01,2027-01-31,374.0224381767757125,22.46219982166441612374076318,6.005575475941905198323741791,-0.351932182954339428922690795,4.1088130758544351819884185,-13.0907853361871499375,0,13.12829537837736193930649088,13.60915718199608200529446498,6.25,2.00775,3.624999999999999999999999999,1.25,0,0,13.6136118036187200659879741,0,0,437.5,283.9897862998153578570090639,25,184.8102137001846421429909361,283.9897862998153578570090639,0,0,0,0,0,0,0,0,0,formula_calculated_quarterly_stress,owner_reviewed_for_phase6_testing,SRC-001;SRC-002;SRC-003,P5A-014;P5A-015;P5A-016;P5A-018:P5A-032;SCN-001:SCN-009,Quarter aggregates monthly provisional allocations; actual monthly seasonality is unavailable.
P6Q-0195,MODERATE_NO_WAIVER,moderate,existing,FY2027,Q2,2027-02-01,2027-04-30,430.3981767841373109375,53.6500870131886729525931471,12.4652217195837322875299713,-7.355528211414003861324849275,17.4132482205833604757574054,-15.0639361874448058828125,0,48.64387083491322368421320322,13.03007457568227340024724629,6.25,2.00775,3.624999999999999999999999999,1.25,0,0,0,22.48104625923095028396595693,0,431.25,261.508740040584407573043107,25,187.8529304568454279595142337,280.9470695431545720404857663,0,0,0,0,0,0,0,0,0,formula_calculated_quarterly_stress,owner_reviewed_for_phase6_testing,SRC-001;SRC-002;SRC-003,P5A-014;P5A-015;P5A-016;P5A-018:P5A-032;SCN-001:SCN-009,Quarter aggregates monthly provisional allocations; actual monthly seasonality is unavailable.
P6Q-0196,MODERATE_NO_WAIVER,moderate,existing,FY2027,Q3,2027-05-01,2027-07-31,479.1526689681103921875,56.473286142805267752796788,11.78607358369192354329321421,-7.3752060253130993889445095,16.3361679337820970625754237,-16.7703434138838637265625,0,48.6639046373904016998652022,12.06859864684777451336536586,6.25,2.00775,3.624999999999999999999999999,1.25,0,0,0,23.46255599054262718649983634,0,425,238.0461840500417803865432707,25,210.6582057713581657381892017,258.1417942286418342618107983,0,0,0,0,0,0,0,0,0,formula_calculated_quarterly_stress,owner_reviewed_for_phase6_testing,SRC-001;SRC-002;SRC-003,P5A-014;P5A-015;P5A-016;P5A-018:P5A-032;SCN-001:SCN-009,Quarter aggregates monthly provisional allocations; actual monthly seasonality is unavailable.
P6Q-0197,MODERATE_NO_WAIVER,moderate,existing,FY2027,Q4,2027-08-01,2027-10-31,481.8619085010537515625,60.2896822577117723115597884,12.51181743027939068561819552,-8.2911779260926136321508846,15.6244971423851102783274809,-16.8651667975368813046875,0,50.7578346764673876530488847,11.11285950292087418955788594,6.25,2.00775,3.624999999999999999999999999,1.25,0,0,0,26.51222517354651346349099877,0,418.75,211.5339588764952669230522719,25,234.8544731066534777084487452,233.9455268933465222915512548,0,0,0,0,0,0,0,0,0,formula_calculated_quarterly_stress,owner_reviewed_for_phase6_testing,SRC-001;SRC-002;SRC-003,P5A-014;P5A-015;P5A-016;P5A-018:P5A-032;SCN-001:SCN-009,Quarter aggregates monthly provisional allocations; actual monthly seasonality is unavailable.
P6Q-0198,MODERATE_NO_WAIVER,moderate,existing,FY2028,Q1,2027-11-01,2028-01-31,400.0139974500762493125,32.02342248019818221976622422,8.005575475941905198323741787,-2.376458633934622498366743558,15.6462681290860333851159268,-14.0004899107526687259375,0,31.29274206459692438057790747,10.23381566530694525220564229,6.25,1.7075,3.624999999999999999999999999,1.25,0,0,1.398081013671916275120082,9.62450741296189540349234717,0,412.5,203.3075324772052877946800068,25,262.0651212854641912040413318,206.7348787145358087959586682,0,0,0,0,0,0,0,0,0,formula_calculated_quarterly_stress,owner_reviewed_for_phase6_testing,SRC-001;SRC-002;SRC-003,P5A-014;P5A-015;P5A-016;P5A-018:P5A-032;SCN-001:SCN-009,Quarter aggregates monthly provisional allocations; actual monthly seasonality is unavailable.
P6Q-0199,MODERATE_NO_WAIVER,moderate,existing,FY2028,Q2,2028-02-01,2028-04-30,452.44406499838918003125,63.18481683412258486027882335,13.9652217195837322875299713,-9.428958881808315284489924586,-2.581229433135867538623284199,-15.83554227494362130109375,0,35.33908624423478073607186455,9.960652729246294924237781232,6.25,1.7075,3.624999999999999999999999999,1.25,0,0,0,12.54593351498848581183408331,0,406.25,190.7615989622168019828459235,25,271.7235075025037717485479467,197.0764924974962282514520533,0,0,0,0,0,0,0,0,0,formula_calculated_quarterly_stress,owner_reviewed_for_phase6_testing,SRC-001;SRC-002;SRC-003,P5A-014;P5A-015;P5A-016;P5A-018:P5A-032;SCN-001:SCN-009,Quarter aggregates monthly provisional allocations; actual monthly seasonality is unavailable.
P6Q-0200,MODERATE_NO_WAIVER,moderate,existing,FY2028,Q3,2028-05-01,2028-07-31,495.235855453629136359375,63.32122089112719329755030611,12.7860735836919235432932142,-8.860851028982875488402092154,-1.8939425246526275919674813,-17.333254940877019772578125,0,35.23317239661467044460260767,9.650254277812816970776668101,6.25,1.7075,3.624999999999999999999999999,1.25,0,0,0,12.75041811880185347382593956,0,400,178.0111808434149485090199839,25,284.3372297091568709091726092,184.4627702908431290908273908,0,0,0,0,0,0,0,0,0,formula_calculated_quarterly_stress,owner_reviewed_for_phase6_testing,SRC-001;SRC-002;SRC-003,P5A-014;P5A-015;P5A-016;P5A-018:P5A-032;SCN-001:SCN-009,Quarter aggregates monthly provisional allocations; actual monthly seasonality is unavailable.
P6Q-0201,MODERATE_NO_WAIVER,moderate,existing,FY2028,Q4,2028-08-01,2028-10-31,489.80926246845359615625,63.73308698899317473275278684,13.01181743027939068561819552,-9.04018599652974622448129046,-0.9298862289664109053890738,-17.14332418639587586546875,0,36.61969057710114173741367258,9.324141654435361073272107487,6.25,1.7075,3.624999999999999999999999999,1.25,0,0,0,14.46304892266578066414156508,0,393.75,163.5481319207491678448784188,25,297.6554020712288532284164605,171.1445979287711467715835395,0,0,0,0,0,0,0,0,0,formula_calculated_quarterly_stress,owner_reviewed_for_phase6_testing,SRC-001;SRC-002;SRC-003,P5A-014;P5A-015;P5A-016;P5A-018:P5A-032;SCN-001:SCN-009,Quarter aggregates monthly provisional allocations; actual monthly seasonality is unavailable.
P6Q-0202,MODERATE_NO_WAIVER,moderate,existing,FY2029,Q1,2028-11-01,2029-01-31,400.0039971001399974062671875,32.02262189463617726521073007,8.005575475941905198323741788,-2.37639922246877413280428439,0.0015251835054796811689173,-14.00013989850489990921935156,0,15.64760795716798290435601143,9.153667362314424338359776844,6.25,1.6245,3.624999999999999999999999999,1.25,0,0,6.25555940514644143400376541,0,0,387.5,169.8036913258956092788821842,25,298.9963086741043907211178158,169.8036913258956092788821842,0,0,0,0,0,0,0,0,0,formula_calculated_quarterly_stress,owner_reviewed_for_phase6_testing,SRC-001;SRC-002;SRC-003,P5A-014;P5A-015;P5A-016;P5A-018:P5A-032;SCN-001:SCN-009,Quarter aggregates monthly provisional allocations; actual monthly seasonality is unavailable.
P6Q-0203,MODERATE_NO_WAIVER,moderate,existing,FY2029,Q2,2029-02-01,2029-04-30,452.4327538967642203017492189,63.18323721370173179565731637,13.96522171958373228752997129,-9.428723157836270076607812339,0.0016573267096452555663732,-15.83514638638674771056122266,0,37.92102499618835926405465458,8.969776817111568838756325147,6.25,1.6245,3.624999999999999999999999999,1.25,0,0,0,16.20174817907679042529832944,0,381.25,153.6019431468188188535838548,25,306.4392877848056355642917062,162.3607122151943644357082938,0,0,0,0,0,0,0,0,0,formula_calculated_quarterly_stress,owner_reviewed_for_phase6_testing,SRC-001;SRC-002;SRC-003,P5A-014;P5A-015;P5A-016;P5A-018:P5A-032;SCN-001:SCN-009,Quarter aggregates monthly provisional allocations; actual monthly seasonality is unavailable.
P6Q-0204,MODERATE_NO_WAIVER,moderate,existing,FY2029,Q3,2029-05-01,2029-07-31,495.2234745572427956309660157,63.31963786060491511771786737,12.7860735836919235432932142,-8.860629507707150916514882104,0.0018287507465853737688665,-17.33282160950349784708381055,0,37.12801549414085172788804121,8.604511151623368848044850632,6.25,1.6245,3.624999999999999999999999999,1.25,0,0,0,15.77400434251748287984319058,0,375,137.8279388043013359737406642,25,322.4992346032556749140931982,146.3007653967443250859068018,0,0,0,0,0,512.8279388043013359737406642,0,512.8279388043013359737406642,512.8279388043013359737406642,formula_calculated_quarterly_stress,owner_reviewed_for_phase6_testing,SRC-001;SRC-002;SRC-003,P5A-014;P5A-015;P5A-016;P5A-018:P5A-032;SCN-001:SCN-009,Quarter aggregates monthly provisional allocations; actual monthly seasonality is unavailable.
P6Q-0205,SEVERE_NO_WAIVER,severe,proposed,FY2026,Q2,2026-02-01,2026-04-30,384.5966848425,39.28740408283005596877055965,10.2152217195837322875299713,-4.409421874919011492192639912,-184.5157969353030785852827159,-13.4608839694875,-3.2,-166.2986986968795341087047962,15.9342836025858971579468871,16.25,2.08775,3.624999999999999999999999999,1.25,0,0,205.4457322994654312666516832,0,0,633.75,235.3434510494654312666516832,25,58.4565489505345687333483168,235.3434510494654312666516832,0,0,0,0,0,0,0,0,0,formula_calculated_quarterly_stress,owner_reviewed_for_phase6_testing,SRC-001;SRC-002;SRC-003,P5A-014;P5A-015;P5A-016;P5A-018:P5A-032;SCN-001:SCN-009,Quarter aggregates monthly provisional allocations; actual monthly seasonality is unavailable.
P6Q-0206,SEVERE_NO_WAIVER,severe,proposed,FY2026,Q3,2026-05-01,2026-07-31,420.97152544875,38.039296805939422048852986,9.036073583691923543293214214,-3.5854919238445967622132465,16.014683605503179664396714,-14.73400339070625,-2.5,33.2344850968917549510364535,18.66961911474944716579242523,16.25,2.08775,3.624999999999999999999999999,1.25,0,0,8.64788401785769221475597173,0,0,617.5,243.991335067323123481407655,25,49.808664932676876518592345,243.991335067323123481407655,0,0,0,0,0,0,0,0,0,formula_calculated_quarterly_stress,owner_reviewed_for_phase6_testing,SRC-001;SRC-002;SRC-003,P5A-014;P5A-015;P5A-016;P5A-018:P5A-032;SCN-001:SCN-009,Quarter aggregates monthly provisional allocations; actual monthly seasonality is unavailable.
P6Q-0207,SEVERE_NO_WAIVER,severe,proposed,FY2026,Q4,2026-08-01,2026-10-31,416.3586907725,38.5623817944504740475302303,9.261817430279390685618195516,-3.781179593371226011882557575,15.809503490193561167678363,-14.5725541770375,-2.5,33.51815151423530920332603572,18.39942581215073125392249234,16.25,2.08775,3.624999999999999999999999999,1.25,0,0,0,0,0,601.25,243.991335067323123481407655,16.90597570208457794940354337,0,243.991335067323123481407655,0,8.09402429791542205059645663,0,0,0,0,0,0,0,formula_calculated_quarterly_stress,owner_reviewed_for_phase6_testing,SRC-001;SRC-002;SRC-003,P5A-014;P5A-015;P5A-016;P5A-018:P5A-032;SCN-001:SCN-009,Quarter aggregates monthly provisional allocations; actual monthly seasonality is unavailable.
P6Q-0208,SEVERE_NO_WAIVER,severe,proposed,FY2027,Q1,2026-11-01,2027-01-31,340.020398342523375,14.46982468506440104999160289,4.255575475941905198323741791,0,13.5681565319945013700660506,-11.900713941988318125,-2.5,13.63726727507058429505765349,18.05126956215073125392249234,7.234223415004430990538704521,2.00775,2.416666666666666666666666666,0.8333333333333333333333333334,0,0,0,0,0,594.0157765849955690094612955,243.991335067323123481407655,0,0,243.991335067323123481407655,1,25,9.015776584995569009461295479,0,0,0,0,0,0,formula_calculated_quarterly_stress,owner_reviewed_for_phase6_testing,SRC-001;SRC-002;SRC-003,P5A-014;P5A-015;P5A-016;P5A-018:P5A-032;SCN-001:SCN-009,Quarter aggregates monthly provisional allocations; actual monthly seasonality is unavailable.
P6Q-0209,SEVERE_NO_WAIVER,severe,proposed,FY2027,Q2,2027-02-01,2027-04-30,384.5870699253789375,39.28642189772798521737134038,10.2152217195837322875299713,-4.409311639372138516905335096,0.0025014541421265337632338,-13.4605474473882628125,0,21.41906426510971042172923908,13.42341390683870797647752277,7.326400358271002445251716312,0.66925,0,0,0,0,0,0,0,586.6893762267245665642095792,243.991335067323123481407655,0,0,243.991335067323123481407655,3,25,8.923599641728997554748283688,4.472862418645553343472677832,1.3385,0,0,0,0,formula_calculated_quarterly_stress,owner_reviewed_for_phase6_testing,SRC-001;SRC-002;SRC-003,P5A-014;P5A-015;P5A-016;P5A-018:P5A-032;SCN-001:SCN-009,Quarter aggregates monthly provisional allocations; actual monthly seasonality is unavailable.
P6Q-0210,SEVERE_NO_WAIVER,severe,proposed,FY2027,Q3,2027-05-01,2027-07-31,420.96100116061378125,38.0383458235192735633017647,9.03607358369192354329321422,-3.585402286546500647294191175,0.0027602551325302287275681,-14.73363504062148234375,0,19.72206875148382080098514162,12.77714276784432786675391598,6.275675983639492934231225638,0.66925,0,0,0,0,0,0,0,580.4137002430850736299783536,243.991335067323123481407655,0,0,243.991335067323123481407655,3,25,9.974324016360507065768774362,4.962165429963977225806766591,1.3385,0,0,0,0,formula_calculated_quarterly_stress,owner_reviewed_for_phase6_testing,SRC-001;SRC-002;SRC-003,P5A-014;P5A-015;P5A-016;P5A-018:P5A-032;SCN-001:SCN-009,Quarter aggregates monthly provisional allocations; actual monthly seasonality is unavailable.
P6Q-0211,SEVERE_NO_WAIVER,severe,proposed,FY2027,Q4,2027-08-01,2027-10-31,416.3482818052306875,38.5614177349056127856790421,9.26181743027939068561819553,-3.781085063881391731232260525,0.0027258029028026952173835,-14.5721898631830740625,0,20.21086861074394968716416508,12.90340393260221426487793952,6.638214678141735422286225556,0.66925,0,0,0,0,0,0,0,573.775485564943338207692128,243.991335067323123481407655,0,0,243.991335067323123481407655,3,25,9.611785321858264577713774444,4.701447907256614691566839044,1.3385,0,0,0,0,formula_calculated_quarterly_stress,owner_reviewed_for_phase6_testing,SRC-001;SRC-002;SRC-003,P5A-014;P5A-015;P5A-016;P5A-018:P5A-032;SCN-001:SCN-009,Quarter aggregates monthly provisional allocations; actual monthly seasonality is unavailable.
P6Q-0212,SEVERE_NO_WAIVER,severe,proposed,FY2028,Q1,2027-11-01,2028-01-31,340.011897832564811915625,14.4694629394472744399653531,4.255575475941905198323741791,0,0.0023022158667147858362833,-11.900416424139768417046875,0,2.5713487311742208087547614,2.5713487311742208087547614,0,0,0,0,0,0,0,0,0,573.775485564943338207692128,243.991335067323123481407655,0,0,243.991335067323123481407655,3,25,16.25,14.89127935920542146626753478,1.7075,0,0,0,0,formula_calculated_quarterly_stress,owner_reviewed_for_phase6_testing,SRC-001;SRC-002;SRC-003,P5A-014;P5A-015;P5A-016;P5A-018:P5A-032;SCN-001:SCN-009,Quarter aggregates monthly provisional allocations; actual monthly seasonality is unavailable.
P6Q-0213,SEVERE_NO_WAIVER,severe,proposed,FY2028,Q2,2028-02-01,2028-04-30,398.1507771985824784275,43.6581154980704003242203646,10.96522171958373228752997131,-5.311352987001948862144883649,32.0373336585348705461590019,-13.9352772019503867449625,0,56.44881896765293526327198285,16.64756960308070914666652973,16.25,1.215586126293946032993910596,2.416666666666666666666666666,0.8333333333333333333333333334,0,0,0,0,0,557.525485564943338207692128,243.991335067323123481407655,19.08566323827828008361154251,0,243.991335067323123481407655,1,25,0,0,0.4919138737060539670060894037,0,0,0,0,formula_calculated_quarterly_stress,owner_reviewed_for_phase6_testing,SRC-001;SRC-002;SRC-003,P5A-014;P5A-015;P5A-016;P5A-018:P5A-032;SCN-001:SCN-009,Quarter aggregates monthly provisional allocations; actual monthly seasonality is unavailable.
P6Q-0214,SEVERE_NO_WAIVER,severe,proposed,FY2028,Q3,2028-05-01,2028-07-31,450.66462846280251408703125,47.48235687051268933381257548,10.53607358369192354329321421,-5.528385901271152552706353088,29.5553832872862164091058058,-15.77326199619808799304609375,0,55.73609226032966519716593443,15.47959233127755709687410471,16.25,1.7075,3.624999999999999999999999999,1.25,0,0,0,11.50966316733038818390337222,0,541.275485564943338207692128,232.4816718999927352975042828,25,0,243.991335067323123481407655,0,7.72471561594934540277545181,0,0,0,0,0,0,0,formula_calculated_quarterly_stress,owner_reviewed_for_phase6_testing,SRC-001;SRC-002;SRC-003,P5A-014;P5A-015;P5A-016;P5A-018:P5A-032;SCN-001:SCN-009,Quarter aggregates monthly provisional allocations; actual monthly seasonality is unavailable.
P6Q-0215,SEVERE_NO_WAIVER,severe,proposed,FY2028,Q4,2028-08-01,2028-10-31,460.420706720346380386875,53.00279116884838854298449462,11.51181743027939068561819551,-6.77119718653666252456163178,28.3341955420845204571027842,-16.114724735212123313540625,0,58.45106478918412316198502204,14.10004920124732512969911976,16.25,1.7075,3.624999999999999999999999999,1.25,0,0,0,21.51851558793679803228590227,0,525.025485564943338207692128,210.9631563120559372652183806,25,0,232.4816718999927352975042828,0,1.10121872984540340191257909,0,0,0,0,0,0,0,formula_calculated_quarterly_stress,owner_reviewed_for_phase6_testing,SRC-001;SRC-002;SRC-003,P5A-014;P5A-015;P5A-016;P5A-018:P5A-032;SCN-001:SCN-009,Quarter aggregates monthly provisional allocations; actual monthly seasonality is unavailable.
P6Q-0216,SEVERE_NO_WAIVER,severe,proposed,FY2029,Q1,2028-11-01,2029-01-31,388.0038771871357974840791719,28.15191415889357346612381439,7.255575475941905198323741791,-1.577599976068831288537507412,29.1491159280903734764619799,-13.58013570154975291194277101,0,42.14329440936536274210551588,12.74722846097537672825582548,16.25,1.6245,3.624999999999999999999999999,1.25,0,0,0,6.6465659483899860138496904,0,508.775485564943338207692128,204.3165903636659512513686902,25,0,210.9631563120559372652183806,0,2.22703792063236785082793695,0,0,0,0,0,0,0,formula_calculated_quarterly_stress,owner_reviewed_for_phase6_testing,SRC-001;SRC-002;SRC-003,P5A-014;P5A-015;P5A-016;P5A-018:P5A-032;SCN-001:SCN-009,Quarter aggregates monthly provisional allocations; actual monthly seasonality is unavailable.
P6Q-0217,SEVERE_NO_WAIVER,severe,proposed,FY2029,Q2,2029-02-01,2029-04-30,452.4327538967642203017492189,63.18323721370173179565731637,13.96522171958373228752997129,-9.428723157836270076607812339,30.56004479828804425222486941,-15.83514638638674771056122266,0,68.47941246776675826071315076,11.29731937711539395775733873,16.25,1.6245,3.624999999999999999999999999,1.25,0,0,0,34.43259309065136430295581203,0,492.525485564943338207692128,169.8839972730145869484128782,25,0,187.5148037659775716909782308,0,0,0,0,0,0,0,0,0,formula_calculated_quarterly_stress,owner_reviewed_for_phase6_testing,SRC-001;SRC-002;SRC-003,P5A-014;P5A-015;P5A-016;P5A-018:P5A-032;SCN-001:SCN-009,Quarter aggregates monthly provisional allocations; actual monthly seasonality is unavailable.
P6Q-0218,SEVERE_NO_WAIVER,severe,proposed,FY2029,Q3,2029-05-01,2029-07-31,495.2234745572427956309660157,63.31963786060491511771786737,12.7860735836919235432932142,-8.860629507707150916514882104,-5.5623637979150643405999348,-17.33282160950349784708381055,0,31.5638229454792020135192399,10.73154838402348210430387976,16.25,1.6245,3.624999999999999999999999999,1.25,0,0,0,9.50815066494324129882754096,0,476.275485564943338207692128,160.3758466080713456495853373,13.57462389651247861038781918,0,165.1429362217656053652631162,0,11.42537610348752138961218082,0,0,0,0,0,0,0,formula_calculated_quarterly_stress,owner_reviewed_for_phase6_testing,SRC-001;SRC-002;SRC-003,P5A-014;P5A-015;P5A-016;P5A-018:P5A-032;SCN-001:SCN-009,Quarter aggregates monthly provisional allocations; actual monthly seasonality is unavailable.
P6Q-0219,SEVERE_NO_WAIVER,severe,proposed,FY2029,Q4,2029-08-01,2029-10-31,489.7970172368918848163460939,63.73149366181844990338446801,13.01181743027939068561819551,-9.039959991879832980825678429,-3.638182991584890842613500799,-17.14289560329121596857211328,0,33.91045507506251011137317553,10.41251375594176618235578237,16.25,1.6245,3.624999999999999999999999999,1.25,0,0,0,0,0,460.025485564943338207692128,160.3758466080713456495853373,14.32306521563322253940521235,0,160.3758466080713456495853373,0,10.67693478436677746059478765,0,0,0,0,0,0,0,formula_calculated_quarterly_stress,owner_reviewed_for_phase6_testing,SRC-001;SRC-002;SRC-003,P5A-014;P5A-015;P5A-016;P5A-018:P5A-032;SCN-001:SCN-009,Quarter aggregates monthly provisional allocations; actual monthly seasonality is unavailable.
P6Q-0220,SEVERE_NO_WAIVER,severe,proposed,FY2030,Q1,2029-11-01,2030-01-31,399.9939970002124939063320309,32.0218213290888113607790998,8.005575475941905198323741786,-2.376339812488212413450964282,-1.536121143932743278549447,-13.99978989500743728672162108,0,14.10957047766041838205706745,10.14560750594176618235578237,13.50052818735187473910649743,1.5365,2.416666666666666666666666666,0.8333333333333333333333333334,0,0,0,0,0,446.5249573775914634685856306,160.3758466080713456495853373,0,0,160.3758466080713456495853373,1,25,2.74947181264812526089350257,0,0,0,0,0,0,formula_calculated_quarterly_stress,owner_reviewed_for_phase6_testing,SRC-001;SRC-002;SRC-003,P5A-014;P5A-015;P5A-016;P5A-018:P5A-032;SCN-001:SCN-009,Quarter aggregates monthly provisional allocations; actual monthly seasonality is unavailable.
P6Q-0221,SEVERE_NO_WAIVER,severe,proposed,FY2030,Q2,2030-02-01,2030-04-30,452.4214430779168011962416752,63.181657632771389252362425,13.96522171958373228752997131,-9.428487439757324169855897156,0.001657285276477514434984,-15.83475050772708804186845863,0,37.92007697056345455507305322,9.923861330464511639765958147,16.25,1.5365,3.624999999999999999999999999,1.25,0,0,0,0,0,430.2749573775914634685856306,160.3758466080713456495853373,5.33471564009894291530709506,0,160.3758466080713456495853373,0,19.66528435990105708469290494,0,0,0,0,0,0,0,formula_calculated_quarterly_stress,owner_reviewed_for_phase6_testing,SRC-001;SRC-002;SRC-003,P5A-014;P5A-015;P5A-016;P5A-018:P5A-032;SCN-001:SCN-009,Quarter aggregates monthly provisional allocations; actual monthly seasonality is unavailable.
P6Q-0222,SEVERE_NO_WAIVER,severe,proposed,FY2030,Q3,2030-05-01,2030-07-31,495.2110939703788645610752413,63.31805486965839999483992445,12.78607358369192354329321421,-8.86040799196945823774196924,0.0018287050278167091345221,-17.33238828896326025963763345,0,37.12708729375349820659484387,9.656955080464511639765958147,16.25,1.5365,3.624999999999999999999999999,1.25,0,0,0,0,0,414.0249573775914634685856306,160.3758466080713456495853373,10.14334785338792948213598077,0,160.3758466080713456495853373,0,14.85665214661207051786401923,0,0,0,0,0,0,0,formula_calculated_quarterly_stress,owner_reviewed_for_phase6_testing,SRC-001;SRC-002;SRC-003,P5A-014;P5A-015;P5A-016;P5A-018:P5A-032;SCN-001:SCN-009,Quarter aggregates monthly provisional allocations; actual monthly seasonality is unavailable.
P6Q-0223,SEVERE_NO_WAIVER,severe,proposed,FY2030,Q4,2030-08-01,2030-10-31,489.7847723114609625192256851,63.72990037447690444213688346,13.01181743027939068561819553,-9.039733992880035985001157798,0.0018058881173999855761078,-17.14246703090113368817289898,0,37.54950523881313475453893449,9.390048830464511639765958147,16.25,1.5365,3.624999999999999999999999999,1.25,0,0,0,0,0,397.7749573775914634685856306,160.3758466080713456495853373,15.6413042617365525969089571,0,160.3758466080713456495853373,0,9.3586957382634474030910429,0,0,0,0,0,0,0,formula_calculated_quarterly_stress,owner_reviewed_for_phase6_testing,SRC-001;SRC-002;SRC-003,P5A-014;P5A-015;P5A-016;P5A-018:P5A-032;SCN-001:SCN-009,Quarter aggregates monthly provisional allocations; actual monthly seasonality is unavailable.
P6Q-0224,SEVERE_NO_WAIVER,severe,proposed,FY2031,Q1,2030-11-01,2031-01-31,399.9839971502874885939843726,32.02102078355558414049508032,8.005575475941905198323741786,-2.376280403992900208140628008,0.0015251072472576468757836,-13.99943990026006210078945304,0,15.64682558654987947844078288,9.123142580464511639765958147,16.25,1.5365,3.545153934488587102250448496,0.8333333333333333333333333334,0,0,0,0,0,381.5249573775914634685856306,160.3758466080713456495853373,0,0,160.3758466080713456495853373,0,25,0,0,0,541.9008039856628091181709679,0,541.9008039856628091181709679,541.9008039856628091181709679,formula_calculated_quarterly_stress,owner_reviewed_for_phase6_testing,SRC-001;SRC-002;SRC-003,P5A-014;P5A-015;P5A-016;P5A-018:P5A-032;SCN-001:SCN-009,Quarter aggregates monthly provisional allocations; actual monthly seasonality is unavailable.
P6Q-0225,SEVERE_NO_WAIVER,severe,existing,FY2026,Q2,2026-02-01,2026-04-30,384.5966848425,39.28740408283005596877055965,10.2152217195837322875299713,-4.409421874919011492192639912,-184.5157969353030785852827159,-13.4608839694875,-3.2,-166.2986986968795341087047962,15.71772103971831549497090689,6.25,2.08775,3.624999999999999999999999999,1.25,0,0,195.2291697365978496036757031,0,0,456.25,402.6268884865978496036757032,25.00000000000000000000000005,66.17311151340215039632429685,402.6268884865978496036757032,0,0,0,0,0,0,0,0,0,formula_calculated_quarterly_stress,owner_reviewed_for_phase6_testing,SRC-001;SRC-002;SRC-003,P5A-014;P5A-015;P5A-016;P5A-018:P5A-032;SCN-001:SCN-009,Quarter aggregates monthly provisional allocations; actual monthly seasonality is unavailable.
P6Q-0226,SEVERE_NO_WAIVER,severe,existing,FY2026,Q3,2026-05-01,2026-07-31,420.97152544875,38.039296805939422048852986,9.036073583691923543293214214,-3.5854919238445967622132465,16.014683605503179664396714,-14.73400339070625,-2.5,33.2344850968917549510364535,18.44836661752020594225249981,6.25,2.08775,3.624999999999999999999999999,1.25,0,0,5.33320966377033380594809848,6.90657814314188281473205222,0,450,401.0535200072263005948917495,25,60.8399018496318165903761983,407.9600981503681834096238017,0,0,0,0,0,0,0,0,0,formula_calculated_quarterly_stress,owner_reviewed_for_phase6_testing,SRC-001;SRC-002;SRC-003,P5A-014;P5A-015;P5A-016;P5A-018:P5A-032;SCN-001:SCN-009,Quarter aggregates monthly provisional allocations; actual monthly seasonality is unavailable.
P6Q-0227,SEVERE_NO_WAIVER,severe,existing,FY2026,Q4,2026-08-01,2026-10-31,416.3586907725,38.5623817944504740475302303,9.261817430279390685618195516,-3.781179593371226011882557575,15.809503490193561167678363,-14.5725541770375,-2.5,33.51815151423530920332603572,18.27700554828478015923181336,6.25,2.08775,3.624999999999999999999999999,1.25,0,0,5.12082047207683997136014393,7.14921643802736901545436629,0,443.75,399.0251240412757715507975272,25,62.6256595206968594337481065,406.1743404793031405662518935,0,0,0,0,0,0,0,0,0,formula_calculated_quarterly_stress,owner_reviewed_for_phase6_testing,SRC-001;SRC-002;SRC-003,P5A-014;P5A-015;P5A-016;P5A-018:P5A-032;SCN-001:SCN-009,Quarter aggregates monthly provisional allocations; actual monthly seasonality is unavailable.
P6Q-0228,SEVERE_NO_WAIVER,severe,existing,FY2027,Q1,2026-11-01,2027-01-31,340.020398342523375,14.46982468506440104999160289,4.255575475941905198323741791,0,13.5681565319945013700660506,-11.900713941988318125,-2.5,13.63726727507058429505765349,18.2325621511522940368800359,6.25,2.00775,3.624999999999999999999999999,1.25,0,0,17.72804487608170974182238241,0,0,437.5,416.7531689173574812926199097,25,52.0468310826425187073800903,416.7531689173574812926199097,0,0,0,0,0,0,0,0,0,formula_calculated_quarterly_stress,owner_reviewed_for_phase6_testing,SRC-001;SRC-002;SRC-003,P5A-014;P5A-015;P5A-016;P5A-018:P5A-032;SCN-001:SCN-009,Quarter aggregates monthly provisional allocations; actual monthly seasonality is unavailable.
P6Q-0229,SEVERE_NO_WAIVER,severe,existing,FY2027,Q2,2027-02-01,2027-04-30,384.5870699253789375,39.28642189772798521737134038,10.2152217195837322875299713,-4.409311639372138516905335096,0.0025014541421265337632338,-13.4605474473882628125,0,21.41906426510971042172923908,18.42801811896128819894155629,6.25,2.00775,3.624999999999999999999999999,1.25,0,0,10.14170385385157777721231721,0,0,431.25,426.8948727712090590698322269,25,41.9051272287909409301677731,426.8948727712090590698322269,0,0,0,0,0,0,0,0,0,formula_calculated_quarterly_stress,owner_reviewed_for_phase6_testing,SRC-001;SRC-002;SRC-003,P5A-014;P5A-015;P5A-016;P5A-018:P5A-032;SCN-001:SCN-009,Quarter aggregates monthly provisional allocations; actual monthly seasonality is unavailable.
P6Q-0230,SEVERE_NO_WAIVER,severe,existing,FY2027,Q3,2027-05-01,2027-07-31,420.96100116061378125,38.0383458235192735633017647,9.03607358369192354329321422,-3.585402286546500647294191175,0.0027602551325302287275681,-14.73363504062148234375,0,19.72206875148382080098514162,18.52388088507159705397803966,6.25,2.00775,3.624999999999999999999999999,1.25,0,0,11.93456213358777625299289804,0,0,425,438.8294349047968353228251249,25,29.9705650952031646771748751,438.8294349047968353228251249,0,0,0,0,0,0,0,0,0,formula_calculated_quarterly_stress,owner_reviewed_for_phase6_testing,SRC-001;SRC-002;SRC-003,P5A-014;P5A-015;P5A-016;P5A-018:P5A-032;SCN-001:SCN-009,Quarter aggregates monthly provisional allocations; actual monthly seasonality is unavailable.
P6Q-0231,SEVERE_NO_WAIVER,severe,existing,FY2027,Q4,2027-08-01,2027-10-31,416.3482818052306875,38.5614177349056127856790421,9.26181743027939068561819553,-3.781085063881391731232260525,0.0027258029028026952173835,-14.5721898631830740625,0,20.21086861074394968716416508,18.6436508621598715565210428,6.25,2.00775,3.624999999999999999999999999,1.25,0,0,11.56553225141592186935687772,0,0,418.75,450.3949671562127571921820026,25,18.4050328437872428078179974,450.3949671562127571921820026,0,0,0,0,0,0,0,0,0,formula_calculated_quarterly_stress,owner_reviewed_for_phase6_testing,SRC-001;SRC-002;SRC-003,P5A-014;P5A-015;P5A-016;P5A-018:P5A-032;SCN-001:SCN-009,Quarter aggregates monthly provisional allocations; actual monthly seasonality is unavailable.
P6Q-0232,SEVERE_NO_WAIVER,severe,existing,FY2028,Q1,2027-11-01,2028-01-31,340.011897832564811915625,14.4694629394472744399653531,4.255575475941905198323741791,0,0.0023022158667147858362833,-11.900416424139768417046875,0,2.5713487311742208087547614,18.83760271478047222747364746,6.25,1.7075,3.624999999999999999999999999,1.25,0,0,18.40503284378724280781799746,0,0,412.5,468.8,14.30627886018099138909911139,0,468.8,0,10.69372113981900861090088861,0,0,0,0,0,0,0,formula_calculated_quarterly_stress,owner_reviewed_for_phase6_testing,SRC-001;SRC-002;SRC-003,P5A-014;P5A-015;P5A-016;P5A-018:P5A-032;SCN-001:SCN-009,Quarter aggregates monthly provisional allocations; actual monthly seasonality is unavailable.
P6Q-0233,SEVERE_NO_WAIVER,severe,existing,FY2028,Q2,2028-02-01,2028-04-30,398.1507771985824784275,43.6581154980704003242203646,10.96522171958373228752997131,-5.311352987001948862144883649,32.0373336585348705461590019,-13.9352772019503867449625,0,56.44881896765293526327198285,17.92823314188159385520507524,6.25,1.7075,3.624999999999999999999999999,1.25,0,0,0,14.99436468595233279716601898,0,406.25,453.805635314047667202833981,25,0,468.8,0,13.24319007638704841790702366,0,0,0,0,0,0,0,formula_calculated_quarterly_stress,owner_reviewed_for_phase6_testing,SRC-001;SRC-002;SRC-003,P5A-014;P5A-015;P5A-016;P5A-018:P5A-032;SCN-001:SCN-009,Quarter aggregates monthly provisional allocations; actual monthly seasonality is unavailable.
P6Q-0234,SEVERE_NO_WAIVER,severe,existing,FY2028,Q3,2028-05-01,2028-07-31,450.66462846280251408703125,47.48235687051268933381257548,10.53607358369192354329321421,-5.528385901271152552706353088,29.5553832872862164091058058,-15.77326199619808799304609375,0,55.73609226032966519716593443,16.58960526610195896420213565,6.25,1.7075,3.624999999999999999999999999,1.25,0,0,2.19652894174026418423943635,28.51051593596797041720323512,0,400,427.4916483198199609698701823,25,12.7978357442120686129265826,456.0021642557879313870734174,0,0,0,0,0,0,0,0,0,formula_calculated_quarterly_stress,owner_reviewed_for_phase6_testing,SRC-001;SRC-002;SRC-003,P5A-014;P5A-015;P5A-016;P5A-018:P5A-032;SCN-001:SCN-009,Quarter aggregates monthly provisional allocations; actual monthly seasonality is unavailable.
P6Q-0235,SEVERE_NO_WAIVER,severe,existing,FY2028,Q4,2028-08-01,2028-10-31,460.420706720346380386875,53.00279116884838854298449462,11.51181743027939068561819551,-6.77119718653666252456163178,28.3341955420845204571027842,-16.114724735212123313540625,0,58.45106478918412316198502204,15.10613452267745183946031913,6.25,1.7075,3.624999999999999999999999999,1.25,0,0,1.43564669289819932984032573,31.94807695940487065236502863,0,393.75,396.9792180533132896473454793,25,39.872704987281839700289492,428.927295012718160299710508,0,0,0,0,0,0,0,0,0,formula_calculated_quarterly_stress,owner_reviewed_for_phase6_testing,SRC-001;SRC-002;SRC-003,P5A-014;P5A-015;P5A-016;P5A-018:P5A-032;SCN-001:SCN-009,Quarter aggregates monthly provisional allocations; actual monthly seasonality is unavailable.
P6Q-0236,SEVERE_NO_WAIVER,severe,existing,FY2029,Q1,2028-11-01,2029-01-31,388.0038771871357974840791719,28.15191415889357346612381439,7.255575475941905198323741791,-1.577599976068831288537507412,29.1491159280903734764619799,-13.58013570154975291194277101,0,42.14329440936536274210551588,13.72253129981428642848700245,6.25,1.6245,3.624999999999999999999999999,1.25,0,0,2.55240203483209084624352813,18.22366514438316715986204156,0,387.5,381.3079549437622133337269658,25,69.2683799118546195064109926,399.5316200881453804935890074,0,0,0,0,0,0,0,0,0,formula_calculated_quarterly_stress,owner_reviewed_for_phase6_testing,SRC-001;SRC-002;SRC-003,P5A-014;P5A-015;P5A-016;P5A-018:P5A-032;SCN-001:SCN-009,Quarter aggregates monthly provisional allocations; actual monthly seasonality is unavailable.
P6Q-0237,SEVERE_NO_WAIVER,severe,existing,FY2029,Q2,2029-02-01,2029-04-30,452.4327538967642203017492189,63.18323721370173179565731637,13.96522171958373228752997129,-9.428723157836270076607812339,30.56004479828804425222486941,-15.83514638638674771056122266,0,68.47941246776675826071315076,12.22001186317249932702075599,6.25,1.6245,3.624999999999999999999999999,1.25,0,0,0,43.50990060459425893369239477,0,381.25,337.798054339167954400034571,25,103.9879498649208488077939971,364.8120501350791511922060029,0,0,0,0,0,0,0,0,0,formula_calculated_quarterly_stress,owner_reviewed_for_phase6_testing,SRC-001;SRC-002;SRC-003,P5A-014;P5A-015;P5A-016;P5A-018:P5A-032;SCN-001:SCN-009,Quarter aggregates monthly provisional allocations; actual monthly seasonality is unavailable.
P6Q-0238,SEVERE_NO_WAIVER,severe,existing,FY2029,Q3,2029-05-01,2029-07-31,495.2234745572427956309660157,63.31963786060491511771786737,12.7860735836919235432932142,-8.860629507707150916514882104,-5.5623637979150643405999348,-17.33282160950349784708381055,0,31.5638229454792020135192399,11.70088410197354318254862128,6.25,1.6245,3.624999999999999999999999999,1.25,0,0,1.77110991628292103251663639,8.88454875978857986348725501,0,375,330.6846154956622955690639524,25,135.4320593146113767774232306,333.3679406853886232225767694,0,0,0,0,0,705.6846154956622955690639524,0,705.6846154956622955690639524,705.6846154956622955690639524,formula_calculated_quarterly_stress,owner_reviewed_for_phase6_testing,SRC-001;SRC-002;SRC-003,P5A-014;P5A-015;P5A-016;P5A-018:P5A-032;SCN-001:SCN-009,Quarter aggregates monthly provisional allocations; actual monthly seasonality is unavailable.
