debt_stress_id,scenario_id,structure,fiscal_year,quarter,period_end,opening_term_principal,scheduled_principal_due,scheduled_principal_paid,cash_sweep,maturity_term_payment,ending_term_principal,opening_revolver,revolver_draws,revolver_repayments,maturity_revolver_payment,ending_revolver,ending_bank_debt,retained_debt_proxy,gross_funded_debt,cash_interest_paid,nominal_revolver_availability,usable_revolver_availability,drawability_status,unsupported_maturity_gap,status,source_ids,upstream_ids,limitations
P6D-0001,BASE,proposed,FY2026,Q2,2026-04-30,650,16.25,16.25,0,0,633.75,29.89771875,9.82329762199995342260467161,12.74832594118812365494669627,0,26.97269043081182976765797534,660.7226904308118297676579753,62.619,723.3416904308118297676579753,11.01022829841286105668819804,266.8273095691881702323420247,266.8273095691881702323420247,available_before_analytical_shutoff,0,PASS,SRC-001;SRC-002;SRC-003,P5A-014;P5A-015;P5A-016;P5A-018:P5A-032;SCN-001:SCN-009,Retained debt stays at the Phase 5 conservative opening proxy because principal and interest allocation is unavailable.
P6D-0002,BASE,proposed,FY2026,Q3,2026-07-31,633.75,16.25,16.25,0,0,617.5,26.97269043081182976765797534,9.75074240520298214207305018,12.89225007180105525372279607,0,23.83118276421375665600822945,641.3311827642137566560082294,62.619,703.9501827642137566560082294,10.69350494768797716581977051,269.9688172357862433439917706,269.9688172357862433439917706,available_before_analytical_shutoff,0,PASS,SRC-001;SRC-002;SRC-003,P5A-014;P5A-015;P5A-016;P5A-018:P5A-032;SCN-001:SCN-009,Retained debt stays at the Phase 5 conservative opening proxy because principal and interest allocation is unavailable.
P6D-0003,BASE,proposed,FY2026,Q4,2026-10-31,617.5,16.25,16.25,0,0,601.25,23.83118276421375665600822945,9.50004151390966245599102793,13.38955280778825306503714594,0,19.94167147033516604696211144,621.1916714703351660469621114,62.619,683.8106714703351660469621114,10.36887140235532457125931949,273.8583285296648339530378886,273.8583285296648339530378886,available_before_analytical_shutoff,0,PASS,SRC-001;SRC-002;SRC-003,P5A-014;P5A-015;P5A-016;P5A-018:P5A-032;SCN-001:SCN-009,Retained debt stays at the Phase 5 conservative opening proxy because principal and interest allocation is unavailable.
P6D-0004,BASE,proposed,FY2027,Q1,2027-01-31,601.25,16.25,16.25,0,0,585,19.94167147033516604696211144,17.69930630249826282411274953,0,0,37.64097777283342887107486097,622.640977772833428871074861,62.619,685.259977772833428871074861,10.21494666940434705336392094,256.159022227166571128925139,256.159022227166571128925139,available_before_analytical_shutoff,0,PASS,SRC-001;SRC-002;SRC-003,P5A-014;P5A-015;P5A-016;P5A-018:P5A-032;SCN-001:SCN-009,Retained debt stays at the Phase 5 conservative opening proxy because principal and interest allocation is unavailable.
P6D-0005,BASE,proposed,FY2027,Q2,2027-04-30,585,16.25,16.25,0,0,568.75,37.64097777283342887107486097,9.21659554095011557344217404,13.95181031365573224390248995,0,32.90576300012781220061454506,601.6557630001278122006145451,62.619,664.2747630001278122006145451,10.0549563458368440175397007,260.8942369998721877993854549,260.8942369998721877993854549,available_before_analytical_shutoff,0,PASS,SRC-001;SRC-002;SRC-003,P5A-014;P5A-015;P5A-016;P5A-018:P5A-032;SCN-001:SCN-009,Retained debt stays at the Phase 5 conservative opening proxy because principal and interest allocation is unavailable.
P6D-0006,BASE,proposed,FY2027,Q3,2027-07-31,568.75,16.25,16.25,0,0,552.5,32.90576300012781220061454506,9.36811151960029874869724757,13.65125569520263964012398207,0,28.62261882452547130918781056,581.1226188245254713091878106,62.619,643.7416188245254713091878106,9.713977788930567504048012691,265.1773811754745286908121894,265.1773811754745286908121894,available_before_analytical_shutoff,0,PASS,SRC-001;SRC-002;SRC-003,P5A-014;P5A-015;P5A-016;P5A-018:P5A-032;SCN-001:SCN-009,Retained debt stays at the Phase 5 conservative opening proxy because principal and interest allocation is unavailable.
P6D-0007,BASE,proposed,FY2027,Q4,2027-10-31,552.5,16.25,16.25,0,0,536.25,28.62261882452547130918781056,9.11138505071147744891732452,14.16051106609547155261386342,0,23.57349280914147720549127166,559.8234928091414772054912717,62.619,622.4424928091414772054912717,9.370445577138563611716138896,270.2265071908585227945087283,270.2265071908585227945087283,available_before_analytical_shutoff,0,PASS,SRC-001;SRC-002;SRC-003,P5A-014;P5A-015;P5A-016;P5A-018:P5A-032;SCN-001:SCN-009,Retained debt stays at the Phase 5 conservative opening proxy because principal and interest allocation is unavailable.
P6D-0008,BASE,proposed,FY2028,Q1,2028-01-31,536.25,16.25,16.25,0,0,520,23.57349280914147720549127166,16.38067224674729826726711926,0,0,39.95416505588877547275839092,559.9541650558887754727583909,62.619,622.5731650558887754727583909,9.196171403894209844412559321,253.8458349441112245272416091,253.8458349441112245272416091,available_before_analytical_shutoff,0,PASS,SRC-001;SRC-002;SRC-003,P5A-014;P5A-015;P5A-016;P5A-018:P5A-032;SCN-001:SCN-009,Retained debt stays at the Phase 5 conservative opening proxy because principal and interest allocation is unavailable.
P6D-0009,BASE,proposed,FY2028,Q2,2028-04-30,520,16.25,16.25,0,0,503.75,39.95416505588877547275839092,8.76751129288010757581313996,14.84263612644740552009135949,0,33.87904022232147752848017139,537.6290402223214775284801714,62.619,600.2480402223214775284801714,9.014348211947199182204597119,259.9209597776785224715198286,259.9209597776785224715198286,available_before_analytical_shutoff,0,PASS,SRC-001;SRC-002;SRC-003,P5A-014;P5A-015;P5A-016;P5A-018:P5A-032;SCN-001:SCN-009,Retained debt stays at the Phase 5 conservative opening proxy because principal and interest allocation is unavailable.
P6D-0010,BASE,proposed,FY2028,Q3,2028-07-31,503.75,16.25,16.25,0,0,487.5,33.87904022232147752848017139,8.91158343403700014993523605,14.55684747365386995299853603,0,28.23377618270460772541687141,515.7337761827046077254168714,62.619,578.3527761827046077254168714,8.651179678116925269701560158,265.5662238172953922745831286,265.5662238172953922745831286,available_before_analytical_shutoff,0,PASS,SRC-001;SRC-002;SRC-003,P5A-014;P5A-015;P5A-016;P5A-018:P5A-032;SCN-001:SCN-009,Retained debt stays at the Phase 5 conservative opening proxy because principal and interest allocation is unavailable.
P6D-0011,BASE,proposed,FY2028,Q4,2028-10-31,487.5,16.25,16.25,0,0,471.25,28.23377618270460772541687141,8.64730012148327258081522043,15.08109297485935604137755903,0,21.79998332932852426485453281,493.0499833293285242648545328,62.619,555.6689833293285242648545328,8.285089931106661190907453886,272.0000166706714757351454672,272.0000166706714757351454672,available_before_analytical_shutoff,0,PASS,SRC-001;SRC-002;SRC-003,P5A-014;P5A-015;P5A-016;P5A-018:P5A-032;SCN-001:SCN-009,Retained debt stays at the Phase 5 conservative opening proxy because principal and interest allocation is unavailable.
P6D-0012,BASE,proposed,FY2029,Q1,2029-01-31,471.25,16.25,16.25,0,0,455,21.79998332932852426485453281,15.89525553081652285868342556,0.70368874314699284000007708,0,36.99155011699805428353788129,491.9915501169980542835378813,62.619,554.6105501169980542835378813,8.089674744837512923039359913,256.8084498830019457164621187,256.8084498830019457164621187,available_before_analytical_shutoff,0,PASS,SRC-001;SRC-002;SRC-003,P5A-014;P5A-015;P5A-016;P5A-018:P5A-032;SCN-001:SCN-009,Retained debt stays at the Phase 5 conservative opening proxy because principal and interest allocation is unavailable.
P6D-0013,BASE,proposed,FY2029,Q2,2029-04-30,455,16.25,16.25,0,0,438.75,36.99155011699805428353788129,8.36255878906840482069074848,15.64592002006071920819140574,0,29.70818888600573989603722403,468.458188886005739896037224,62.619,531.077188886005739896037224,7.888163765196044876553997312,264.091811113994260103962776,264.091811113994260103962776,available_before_analytical_shutoff,0,PASS,SRC-001;SRC-002;SRC-003,P5A-014;P5A-015;P5A-016;P5A-018:P5A-032;SCN-001:SCN-009,Retained debt stays at the Phase 5 conservative opening proxy because principal and interest allocation is unavailable.
P6D-0014,BASE,proposed,FY2029,Q3,2029-07-31,438.75,16.25,16.25,0,0,422.5,29.70818888600573989603722403,8.49991794431104742551016761,15.37344757944568013887856318,0,22.83465925087110718266882846,445.3346592508711071826688285,62.619,507.9536592508711071826688285,7.504985859006219014519645639,270.9653407491288928173311715,270.9653407491288928173311715,available_before_analytical_shutoff,0,PASS,SRC-001;SRC-002;SRC-003,P5A-014;P5A-015;P5A-016;P5A-018:P5A-032;SCN-001:SCN-009,Retained debt stays at the Phase 5 conservative opening proxy because principal and interest allocation is unavailable.
P6D-0015,BASE,proposed,FY2029,Q4,2029-10-31,422.5,16.25,16.25,0,0,406.25,22.83465925087110718266882846,8.22882074280917642587972734,15.91120944909781861857885126,0,15.15227054458246498996970454,421.4022705445824649899697045,62.619,484.0212705445824649899697045,7.118555293624490390154381911,278.6477294554175350100302955,278.6477294554175350100302955,available_before_analytical_shutoff,0,PASS,SRC-001;SRC-002;SRC-003,P5A-014;P5A-015;P5A-016;P5A-018:P5A-032;SCN-001:SCN-009,Retained debt stays at the Phase 5 conservative opening proxy because principal and interest allocation is unavailable.
P6D-0016,BASE,proposed,FY2030,Q1,2030-01-31,406.25,16.25,16.25,0,0,390,15.15227054458246498996970454,15.46797116162290183450433573,1.55127123377299960547064306,0,29.06897047243236721900339721,419.0689704724323672190033972,62.619,481.6879704724323672190033972,6.902416694818955933817095315,264.7310295275676327809966028,264.7310295275676327809966028,available_before_analytical_shutoff,0,PASS,SRC-001;SRC-002;SRC-003,P5A-014;P5A-015;P5A-016;P5A-018:P5A-032;SCN-001:SCN-009,Retained debt stays at the Phase 5 conservative opening proxy because principal and interest allocation is unavailable.
P6D-0017,BASE,proposed,FY2030,Q2,2030-04-30,390,16.25,16.25,0,0,373.75,29.06897047243236721900339721,7.92838647345554211953587947,16.50716578321021453760219571,0,20.49019116267769480093708097,394.240191162677694800937081,62.619,456.859191162677694800937081,6.679797660808782137006736968,273.309808837322305199062919,273.309808837322305199062919,available_before_analytical_shutoff,0,PASS,SRC-001;SRC-002;SRC-003,P5A-014;P5A-015;P5A-016;P5A-018:P5A-032;SCN-001:SCN-009,Retained debt stays at the Phase 5 conservative opening proxy because principal and interest allocation is unavailable.
P6D-0018,BASE,proposed,FY2030,Q3,2030-07-31,373.75,16.25,16.25,0,0,357.5,20.49019116267769480093708097,8.05854874318587597196232224,16.24896944204338328238472484,0,12.29977046382018749051467837,369.7997704638201874905146784,62.619,432.4187704638201874905146784,6.275166594895990896172441266,281.5002295361798125094853216,281.5002295361798125094853216,available_before_analytical_shutoff,0,PASS,SRC-001;SRC-002;SRC-003,P5A-014;P5A-015;P5A-016;P5A-018:P5A-032;SCN-001:SCN-009,Retained debt stays at the Phase 5 conservative opening proxy because principal and interest allocation is unavailable.
P6D-0019,BASE,proposed,FY2030,Q4,2030-10-31,357.5,16.25,16.25,0,0,341.25,12.29977046382018749051467837,3.30340584600539686365996683,12.29977046382018749051467837,0,3.30340584600539686365996683,344.5534058460053968636599668,62.619,407.1724058460053968636599668,5.891640620998344127684222945,290.4965941539946031363400332,290.4965941539946031363400332,available_before_analytical_shutoff,0,PASS,SRC-001;SRC-002;SRC-003,P5A-014;P5A-015;P5A-016;P5A-018:P5A-032;SCN-001:SCN-009,Retained debt stays at the Phase 5 conservative opening proxy because principal and interest allocation is unavailable.
P6D-0020,BASE,proposed,FY2031,Q1,2031-01-31,341.25,16.25,16.25,0,0,325,3.30340584600539686365996683,15.04155563021491000735910037,2.39713025462714612442658393,0,15.94783122159316074659248327,340.9478312215931607465924833,62.619,403.5668312215931607465924833,5.629750962137643361373299317,0,0,available_before_analytical_shutoff,340.9478312215931607465924833,MATURITY_SHORTFALL,SRC-001;SRC-002;SRC-003,P5A-014;P5A-015;P5A-016;P5A-018:P5A-032;SCN-001:SCN-009,Retained debt stays at the Phase 5 conservative opening proxy because principal and interest allocation is unavailable.
P6D-0021,BASE,existing,FY2026,Q2,2026-04-30,462.5,6.25,6.25,0,0,456.25,207.39771875,0,13.0906350550697059003983608,0,194.3070836949302940996016392,650.5570836949302940996016392,62.619,713.1760836949302940996016392,10.8446215625313253886318619,274.4929163050697059003983608,274.4929163050697059003983608,existing_contractual_drawability_not_reconstructed,0,PASS,SRC-001;SRC-002;SRC-003,P5A-014;P5A-015;P5A-016;P5A-018:P5A-032;SCN-001:SCN-009,Retained debt stays at the Phase 5 conservative opening proxy because principal and interest allocation is unavailable.
P6D-0022,BASE,existing,FY2026,Q3,2026-07-31,456.25,6.25,6.25,0,0,450,194.3070836949302940996016392,0,13.30985696157656791046603753,0,180.9972267333537261891356016,630.9972267333537261891356016,62.619,693.6162267333537261891356016,10.52515565270948236700347887,287.8027732666462738108643984,287.8027732666462738108643984,existing_contractual_drawability_not_reconstructed,0,PASS,SRC-001;SRC-002;SRC-003,P5A-014;P5A-015;P5A-016;P5A-018:P5A-032;SCN-001:SCN-009,Retained debt stays at the Phase 5 conservative opening proxy because principal and interest allocation is unavailable.
P6D-0023,BASE,existing,FY2026,Q4,2026-10-31,450,6.25,6.25,0,0,443.75,180.9972267333537261891356016,0,14.06064856658004592162156821,0,166.9365781667736802675140334,610.6865781667736802675140334,62.619,673.3055781667736802675140334,10.19773412965386925868386928,301.8634218332263197324859666,301.8634218332263197324859666,existing_contractual_drawability_not_reconstructed,0,PASS,SRC-001;SRC-002;SRC-003,P5A-014;P5A-015;P5A-016;P5A-018:P5A-032;SCN-001:SCN-009,Retained debt stays at the Phase 5 conservative opening proxy because principal and interest allocation is unavailable.
P6D-0024,BASE,existing,FY2027,Q1,2027-01-31,443.75,6.25,6.25,0,0,437.5,166.9365781667736802675140334,7.52533488128480557646825949,0,0,174.4619130480584858439822928,611.9619130480584858439822928,62.619,674.5809130480584858439822928,10.04097524819088980571943091,294.3380869519415141560177072,294.3380869519415141560177072,existing_contractual_drawability_not_reconstructed,0,PASS,SRC-001;SRC-002;SRC-003,P5A-014;P5A-015;P5A-016;P5A-018:P5A-032;SCN-001:SCN-009,Retained debt stays at the Phase 5 conservative opening proxy because principal and interest allocation is unavailable.
P6D-0025,BASE,existing,FY2027,Q2,2027-04-30,437.5,6.25,6.25,0,0,431.25,174.4619130480584858439822928,0,14.91206727783948390405778386,0,159.5498457702190019399245089,590.7998457702190019399245089,62.619,653.4188457702190019399245089,9.878103840702976783942232743,309.2501542297809980600754911,309.2501542297809980600754911,existing_contractual_drawability_not_reconstructed,0,PASS,SRC-001;SRC-002;SRC-003,P5A-014;P5A-015;P5A-016;P5A-018:P5A-032;SCN-001:SCN-009,Retained debt stays at the Phase 5 conservative opening proxy because principal and interest allocation is unavailable.
P6D-0026,BASE,existing,FY2027,Q3,2027-07-31,431.25,6.25,6.25,0,0,425,159.5498457702190019399245089,0,14.46292547734700454148581931,0,145.0869202928719973984386896,570.0869202928719973984386896,62.619,632.7059202928719973984386896,9.534196487185903853988927882,323.7130797071280026015613104,323.7130797071280026015613104,existing_contractual_drawability_not_reconstructed,0,PASS,SRC-001;SRC-002;SRC-003,P5A-014;P5A-015;P5A-016;P5A-018:P5A-032;SCN-001:SCN-009,Retained debt stays at the Phase 5 conservative opening proxy because principal and interest allocation is unavailable.
P6D-0027,BASE,existing,FY2027,Q4,2027-10-31,425,6.25,6.25,0,0,418.75,145.0869202928719973984386896,0,15.23188461658413211036927773,0,129.8550356762878652880694119,548.6050356762878652880694119,62.619,611.2240356762878652880694119,9.187686975938425605043400067,338.9449643237121347119305881,338.9449643237121347119305881,existing_contractual_drawability_not_reconstructed,0,PASS,SRC-001;SRC-002;SRC-003,P5A-014;P5A-015;P5A-016;P5A-018:P5A-032;SCN-001:SCN-009,Retained debt stays at the Phase 5 conservative opening proxy because principal and interest allocation is unavailable.
P6D-0028,BASE,existing,FY2028,Q1,2028-01-31,418.75,6.25,6.25,0,0,412.5,129.8550356762878652880694119,6.23152834065594893189762059,0.03664130064174518389435519,0,136.0499227163020690360726773,548.5499227163020690360726773,62.619,611.1689227163020690360726773,9.010386197161115325148705459,332.7500772836979309639273227,332.7500772836979309639273227,existing_contractual_drawability_not_reconstructed,0,PASS,SRC-001;SRC-002;SRC-003,P5A-014;P5A-015;P5A-016;P5A-018:P5A-032;SCN-001:SCN-009,Retained debt stays at the Phase 5 conservative opening proxy because principal and interest allocation is unavailable.
P6D-0029,BASE,existing,FY2028,Q2,2028-04-30,412.5,6.25,6.25,0,0,406.25,136.0499227163020690360726773,0,16.26398676847361003361267756,0,119.7859359478284590024599998,526.0359359478284590024599998,62.619,588.6549359478284590024599998,8.825486277040887092870139078,349.0140640521715409975400002,349.0140640521715409975400002,existing_contractual_drawability_not_reconstructed,0,PASS,SRC-001;SRC-002;SRC-003,P5A-014;P5A-015;P5A-016;P5A-018:P5A-032;SCN-001:SCN-009,Retained debt stays at the Phase 5 conservative opening proxy because principal and interest allocation is unavailable.
P6D-0030,BASE,existing,FY2028,Q3,2028-07-31,406.25,6.25,6.25,0,0,400,119.7859359478284590024599998,0,15.8372536553804214677424361,0,103.9486822924480375347175637,503.9486822924480375347175637,62.619,566.5676822924480375347175637,8.459190062353373605022424043,364.8513177075519624652824363,364.8513177075519624652824363,existing_contractual_drawability_not_reconstructed,0,PASS,SRC-001;SRC-002;SRC-003,P5A-014;P5A-015;P5A-016;P5A-018:P5A-032;SCN-001:SCN-009,Retained debt stays at the Phase 5 conservative opening proxy because principal and interest allocation is unavailable.
P6D-0031,BASE,existing,FY2028,Q4,2028-10-31,400,6.25,6.25,0,0,393.75,103.9486822924480375347175637,0,16.62896194649863984235978723,0,87.31972034594939769235777647,481.0697203459493976923577765,62.619,543.6887203459493976923577765,8.089920837984104809110005239,381.4802796540506023076422235,381.4802796540506023076422235,existing_contractual_drawability_not_reconstructed,0,PASS,SRC-001;SRC-002;SRC-003,P5A-014;P5A-015;P5A-016;P5A-018:P5A-032;SCN-001:SCN-009,Retained debt stays at the Phase 5 conservative opening proxy because principal and interest allocation is unavailable.
P6D-0032,BASE,existing,FY2029,Q1,2029-01-31,393.75,6.25,6.25,0,0,387.5,87.31972034594939769235777647,5.82875937749816810531641129,0.83559381459692307601832792,0,92.31288590885064272165585984,479.8128859088506427216558598,62.619,542.4318859088506427216558598,7.891273520069227933654094798,376.4871140911493572783441402,376.4871140911493572783441402,existing_contractual_drawability_not_reconstructed,0,PASS,SRC-001;SRC-002;SRC-003,P5A-014;P5A-015;P5A-016;P5A-018:P5A-032;SCN-001:SCN-009,Retained debt stays at the Phase 5 conservative opening proxy because principal and interest allocation is unavailable.
P6D-0033,BASE,existing,FY2029,Q2,2029-04-30,387.5,6.25,6.25,0,0,381.25,92.31288590885064272165585984,0,17.4850481136835073344359077,0,74.82783779516713538721995214,456.0778377951671353872199521,62.619,518.6968377951671353872199521,7.686476882504851929618746876,393.9721622048328646127800479,393.9721622048328646127800479,existing_contractual_drawability_not_reconstructed,0,PASS,SRC-001;SRC-002;SRC-003,P5A-014;P5A-015;P5A-016;P5A-018:P5A-032;SCN-001:SCN-009,Retained debt stays at the Phase 5 conservative opening proxy because principal and interest allocation is unavailable.
P6D-0034,BASE,existing,FY2029,Q3,2029-07-31,381.25,6.25,6.25,0,0,375,74.82783779516713538721995214,0,17.07855658845711773229253927,0,57.74928120671001765492741287,432.7492812067100176549274129,62.619,495.3682812067100176549274129,7.299958905683733995595501935,0,0,existing_contractual_drawability_not_reconstructed,432.7492812067100176549274129,MATURITY_SHORTFALL,SRC-001;SRC-002;SRC-003,P5A-014;P5A-015;P5A-016;P5A-018:P5A-032;SCN-001:SCN-009,Retained debt stays at the Phase 5 conservative opening proxy because principal and interest allocation is unavailable.
P6D-0035,MODERATE_UNMITIGATED,proposed,FY2026,Q2,2026-04-30,650,16.25,16.25,0,0,633.75,29.89771875,83.14093729303857799284278996,0,0,113.03865604303857799284279,746.78865604303857799284279,62.619,809.40765604303857799284279,13.41024113953104624366126085,180.76134395696142200715721,180.76134395696142200715721,available_before_analytical_shutoff,0,PASS,SRC-001;SRC-002;SRC-003,P5A-014;P5A-015;P5A-016;P5A-018:P5A-032;SCN-001:SCN-009,Retained debt stays at the Phase 5 conservative opening proxy because principal and interest allocation is unavailable.
P6D-0036,MODERATE_UNMITIGATED,proposed,FY2026,Q3,2026-07-31,633.75,16.25,16.25,0,0,617.5,113.03865604303857799284279,8.5508379262706168279130489,2.28272567264091338950081445,0,119.3067682966682814312550245,736.8067682966682814312550245,62.619,799.4257682966682814312550245,14.0975130086878459550478218,174.4932317033317185687449755,174.4932317033317185687449755,available_before_analytical_shutoff,0,PASS,SRC-001;SRC-002;SRC-003,P5A-014;P5A-015;P5A-016;P5A-018:P5A-032;SCN-001:SCN-009,Retained debt stays at the Phase 5 conservative opening proxy because principal and interest allocation is unavailable.
P6D-0037,MODERATE_UNMITIGATED,proposed,FY2026,Q4,2026-10-31,617.5,16.25,16.25,0,0,601.25,119.3067682966682814312550245,7.07689879915155669831899351,2.92331421049058784237659764,0,123.4603528853292502871974204,724.7103528853292502871974204,62.619,787.3293528853292502871974204,13.89226519720170350060195105,170.3396471146707497128025796,170.3396471146707497128025796,continued_after_analytical_warning,0,BREACHED_ANALYTICAL_THRESHOLD,SRC-001;SRC-002;SRC-003,P5A-014;P5A-015;P5A-016;P5A-018:P5A-032;SCN-001:SCN-009,Retained debt stays at the Phase 5 conservative opening proxy because principal and interest allocation is unavailable.
P6D-0038,MODERATE_UNMITIGATED,proposed,FY2027,Q1,2027-01-31,601.25,16.25,16.25,0,0,585,123.4603528853292502871974204,23.81582546165425883157410963,0,0,147.27617834698350911877153,732.27617834698350911877153,62.619,794.89517834698350911877153,13.81137084003162077088060051,146.52382165301649088122847,146.52382165301649088122847,continued_after_analytical_warning,0,BREACHED_ANALYTICAL_THRESHOLD,SRC-001;SRC-002;SRC-003,P5A-014;P5A-015;P5A-016;P5A-018:P5A-032;SCN-001:SCN-009,Retained debt stays at the Phase 5 conservative opening proxy because principal and interest allocation is unavailable.
P6D-0039,MODERATE_UNMITIGATED,proposed,FY2027,Q2,2027-04-30,585,16.25,16.25,0,0,568.75,147.27617834698350911877153,0,12.28183746600321433726960703,0,134.9943408809802947815019229,703.7443408809802947815019229,62.619,766.3633408809802947815019229,13.22928336891000934694359618,158.8056591190197052184980771,158.8056591190197052184980771,continued_after_analytical_warning,0,BREACHED_ANALYTICAL_THRESHOLD,SRC-001;SRC-002;SRC-003,P5A-014;P5A-015;P5A-016;P5A-018:P5A-032;SCN-001:SCN-009,Retained debt stays at the Phase 5 conservative opening proxy because principal and interest allocation is unavailable.
P6D-0040,MODERATE_UNMITIGATED,proposed,FY2027,Q3,2027-07-31,568.75,16.25,16.25,0,0,552.5,134.9943408809802947815019229,0,13.26665878743329298980869207,0,121.7276820935470017916932309,674.2276820935470017916932309,62.619,736.8466820935470017916932309,12.26449584995710871005651014,172.0723179064529982083067691,172.0723179064529982083067691,continued_after_analytical_warning,0,BREACHED_ANALYTICAL_THRESHOLD,SRC-001;SRC-002;SRC-003,P5A-014;P5A-015;P5A-016;P5A-018:P5A-032;SCN-001:SCN-009,Retained debt stays at the Phase 5 conservative opening proxy because principal and interest allocation is unavailable.
P6D-0041,MODERATE_UNMITIGATED,proposed,FY2027,Q4,2027-10-31,552.5,16.25,16.25,0,0,536.25,121.7276820935470017916932309,0,16.31994558889229706351237866,0,105.4077365046547047281808523,641.6577365046547047281808523,62.619,704.2767365046547047281808523,11.30513908757509058953650604,188.3922634953452952718191477,188.3922634953452952718191477,continued_after_analytical_warning,0,BREACHED_ANALYTICAL_THRESHOLD,SRC-001;SRC-002;SRC-003,P5A-014;P5A-015;P5A-016;P5A-018:P5A-032;SCN-001:SCN-009,Retained debt stays at the Phase 5 conservative opening proxy because principal and interest allocation is unavailable.
P6D-0042,MODERATE_UNMITIGATED,proposed,FY2028,Q1,2028-01-31,536.25,16.25,16.25,0,0,520,105.4077365046547047281808523,11.46121088502944026953916443,9.49927986555501627982462413,0,107.3696675241291287178953926,627.3696675241291287178953926,62.619,689.9886675241291287178953926,10.42217308407134837029244776,186.4303324758708712821046074,186.4303324758708712821046074,continued_after_analytical_warning,0,BREACHED_ANALYTICAL_THRESHOLD,SRC-001;SRC-002;SRC-003,P5A-014;P5A-015;P5A-016;P5A-018:P5A-032;SCN-001:SCN-009,Retained debt stays at the Phase 5 conservative opening proxy because principal and interest allocation is unavailable.
P6D-0043,MODERATE_UNMITIGATED,proposed,FY2028,Q2,2028-04-30,520,16.25,16.25,0,0,503.75,107.3696675241291287178953926,10.01453037888416138937773707,12.36898714937815069437872211,0,105.0152107536351394128944075,608.7652107536351394128944075,62.619,671.3842107536351394128944075,10.1521294737407914310708795,188.7847892463648605871055925,188.7847892463648605871055925,continued_after_analytical_warning,0,PASS,SRC-001;SRC-002;SRC-003,P5A-014;P5A-015;P5A-016;P5A-018:P5A-032;SCN-001:SCN-009,Retained debt stays at the Phase 5 conservative opening proxy because principal and interest allocation is unavailable.
P6D-0044,MODERATE_UNMITIGATED,proposed,FY2028,Q3,2028-07-31,503.75,16.25,16.25,0,0,487.5,105.0152107536351394128944075,9.94705810721356995038639716,12.50282849765560184366106541,0,102.4594403631931075196197392,589.9594403631931075196197392,62.619,652.5784403631931075196197392,9.844902006172638551327939414,191.3405596368068924803802608,191.3405596368068924803802608,continued_after_analytical_warning,0,PASS,SRC-001;SRC-002;SRC-003,P5A-014;P5A-015;P5A-016;P5A-018:P5A-032;SCN-001:SCN-009,Retained debt stays at the Phase 5 conservative opening proxy because principal and interest allocation is unavailable.
P6D-0045,MODERATE_UNMITIGATED,proposed,FY2028,Q4,2028-10-31,487.5,16.25,16.25,0,0,471.25,102.4594403631931075196197392,9.37413316452539781542550482,13.63931086133728438775357115,0,98.19426266638122094729167287,569.4442626663812209472916729,62.619,632.0632626663812209472916729,9.522012880289255165085606243,195.6057373336187790527083271,195.6057373336187790527083271,continued_after_analytical_warning,0,PASS,SRC-001;SRC-002;SRC-003,P5A-014;P5A-015;P5A-016;P5A-018:P5A-032;SCN-001:SCN-009,Retained debt stays at the Phase 5 conservative opening proxy because principal and interest allocation is unavailable.
P6D-0046,MODERATE_UNMITIGATED,proposed,FY2029,Q1,2029-01-31,471.25,16.25,16.25,0,0,455,98.19426266638122094729167287,16.45670751178442880523718432,0,0,114.6509701781656497525288572,569.6509701781656497525288572,62.619,632.2699701781656497525288572,9.354815468952411709593195751,179.1490298218343502474711428,179.1490298218343502474711428,continued_after_analytical_warning,0,PASS,SRC-001;SRC-002;SRC-003,P5A-014;P5A-015;P5A-016;P5A-018:P5A-032;SCN-001:SCN-009,Retained debt stays at the Phase 5 conservative opening proxy because principal and interest allocation is unavailable.
P6D-0047,MODERATE_UNMITIGATED,proposed,FY2029,Q2,2029-04-30,455,16.25,16.25,0,0,438.75,114.6509701781656497525288572,8.79360547896875816935242211,14.79087440327083219220483617,0,108.6537012538635757296764431,547.4037012538635757296764431,62.619,610.0227012538635757296764431,9.174256071886285241202240512,185.1462987461364242703235569,185.1462987461364242703235569,continued_after_analytical_warning,0,PASS,SRC-001;SRC-002;SRC-003,P5A-014;P5A-015;P5A-016;P5A-018:P5A-032;SCN-001:SCN-009,Retained debt stays at the Phase 5 conservative opening proxy because principal and interest allocation is unavailable.
P6D-0048,MODERATE_UNMITIGATED,proposed,FY2029,Q3,2029-07-31,438.75,16.25,16.25,0,0,422.5,108.6537012538635757296764431,8.93810305774416084332860494,14.50424183129302291521843824,0,103.0875624803147136577866098,525.5875624803147136577866098,62.619,588.2065624803147136577866098,8.812376720591989655998207921,190.7124375196852863422133902,190.7124375196852863422133902,continued_after_analytical_warning,0,PASS,SRC-001;SRC-002;SRC-003,P5A-014;P5A-015;P5A-016;P5A-018:P5A-032;SCN-001:SCN-009,Retained debt stays at the Phase 5 conservative opening proxy because principal and interest allocation is unavailable.
P6D-0049,MODERATE_UNMITIGATED,proposed,FY2029,Q4,2029-10-31,422.5,16.25,16.25,0,0,406.25,103.0875624803147136577866098,8.67426249687711104383005563,15.02760906826892479679709358,0,96.73421590892289990481957185,502.9842159089228999048195718,62.619,565.6032159089228999048195718,8.447597428521318829886467879,197.0657840910771000951804282,197.0657840910771000951804282,continued_after_analytical_warning,0,PASS,SRC-001;SRC-002;SRC-003,P5A-014;P5A-015;P5A-016;P5A-018:P5A-032;SCN-001:SCN-009,Retained debt stays at the Phase 5 conservative opening proxy because principal and interest allocation is unavailable.
P6D-0050,MODERATE_UNMITIGATED,proposed,FY2030,Q1,2030-01-31,406.25,16.25,16.25,0,0,390,96.73421590892289990481957185,15.92078973118255857356202391,0.65303783545469444889565445,0,112.0019678046507640294859413,502.0019678046507640294859413,62.619,564.6209678046507640294859413,8.253468662696917829449772096,181.7980321953492359705140587,181.7980321953492359705140587,continued_after_analytical_warning,0,PASS,SRC-001;SRC-002;SRC-003,P5A-014;P5A-015;P5A-016;P5A-018:P5A-032;SCN-001:SCN-009,Retained debt stays at the Phase 5 conservative opening proxy because principal and interest allocation is unavailable.
P6D-0051,MODERATE_UNMITIGATED,proposed,FY2030,Q2,2030-04-30,390,16.25,16.25,0,0,373.75,112.0019678046507640294859413,8.38870402354040055836778842,15.59405703477624391313044658,0,104.7966147934149206747232831,478.5466147934149206747232831,62.619,541.1656147934149206747232831,8.053223959327611200310395053,189.0033852065850793252767169,189.0033852065850793252767169,continued_after_analytical_warning,0,PASS,SRC-001;SRC-002;SRC-003,P5A-014;P5A-015;P5A-016;P5A-018:P5A-032;SCN-001:SCN-009,Retained debt stays at the Phase 5 conservative opening proxy because principal and interest allocation is unavailable.
P6D-0052,MODERATE_UNMITIGATED,proposed,FY2030,Q3,2030-07-31,373.75,16.25,16.25,0,0,357.5,104.7966147934149206747232831,8.52648946196465904917092252,15.32073899767596986494614977,0,98.00236525770360985894805585,455.5023652577036098589480558,62.619,518.1213652577036098589480558,7.671337758042187390819616618,195.7976347422963901410519442,195.7976347422963901410519442,continued_after_analytical_warning,0,PASS,SRC-001;SRC-002;SRC-003,P5A-014;P5A-015;P5A-016;P5A-018:P5A-032;SCN-001:SCN-009,Retained debt stays at the Phase 5 conservative opening proxy because principal and interest allocation is unavailable.
P6D-0053,MODERATE_UNMITIGATED,proposed,FY2030,Q4,2030-10-31,357.5,16.25,16.25,0,0,341.25,98.00236525770360985894805585,8.25583587145895283264759595,15.85762089852955851905931745,0,90.40058023063300417253633435,431.6505802306330041725363344,62.619,494.2695802306330041725363344,7.286220211742529068127212985,203.3994197693669958274636656,203.3994197693669958274636656,continued_after_analytical_warning,0,PASS,SRC-001;SRC-002;SRC-003,P5A-014;P5A-015;P5A-016;P5A-018:P5A-032;SCN-001:SCN-009,Retained debt stays at the Phase 5 conservative opening proxy because principal and interest allocation is unavailable.
P6D-0054,MODERATE_UNMITIGATED,proposed,FY2031,Q1,2031-01-31,341.25,16.25,16.25,0,0,325,90.40058023063300417253633435,15.52498634201519490554616356,1.43817309097973339922874238,0,104.4873934816684656788537555,429.4873934816684656788537555,62.619,492.1063934816684656788537555,7.072138837585340984758204062,0,0,continued_after_analytical_warning,429.4873934816684656788537555,MATURITY_SHORTFALL,SRC-001;SRC-002;SRC-003,P5A-014;P5A-015;P5A-016;P5A-018:P5A-032;SCN-001:SCN-009,Retained debt stays at the Phase 5 conservative opening proxy because principal and interest allocation is unavailable.
P6D-0055,MODERATE_UNMITIGATED,existing,FY2026,Q2,2026-04-30,462.5,6.25,6.25,0,0,456.25,207.39771875,72.94988452484149953675072658,0,0,280.3476032748414995367507265,736.5976032748414995367507265,62.619,799.2166032748414995367507265,13.21918837133396778756919748,188.4523967251585004632492735,188.4523967251585004632492735,existing_contractual_drawability_not_reconstructed,0,PASS,SRC-001;SRC-002;SRC-003,P5A-014;P5A-015;P5A-016;P5A-018:P5A-032;SCN-001:SCN-009,Retained debt stays at the Phase 5 conservative opening proxy because principal and interest allocation is unavailable.
P6D-0056,MODERATE_UNMITIGATED,existing,FY2026,Q3,2026-07-31,456.25,6.25,6.25,0,0,450,280.3476032748414995367507265,0.76159191748666546650835275,4.68818254807444427272292762,0,276.4210126442537207305361516,726.4210126442537207305361516,62.619,789.0400126442537207305361516,13.90281012447036371042101247,192.3789873557462792694638484,192.3789873557462792694638484,existing_contractual_drawability_not_reconstructed,0,PASS,SRC-001;SRC-002;SRC-003,P5A-014;P5A-015;P5A-016;P5A-018:P5A-032;SCN-001:SCN-009,Retained debt stays at the Phase 5 conservative opening proxy because principal and interest allocation is unavailable.
P6D-0057,MODERATE_UNMITIGATED,existing,FY2026,Q4,2026-10-31,450,6.25,6.25,0,0,443.75,276.4210126442537207305361516,0.31412724273404617096542284,6.35896539079112911048048455,0,270.3761744961966377910210899,714.1261744961966377910210899,62.619,776.7451744961966377910210899,13.69384246048365170514449346,198.4238255038033622089789101,198.4238255038033622089789101,existing_contractual_drawability_not_reconstructed,0,BREACHED_ANALYTICAL_THRESHOLD,SRC-001;SRC-002;SRC-003,P5A-014;P5A-015;P5A-016;P5A-018:P5A-032;SCN-001:SCN-009,Retained debt stays at the Phase 5 conservative opening proxy because principal and interest allocation is unavailable.
P6D-0058,MODERATE_UNMITIGATED,existing,FY2027,Q1,2027-01-31,443.75,6.25,6.25,0,0,437.5,270.3761744961966377910210899,13.6136118036187200659879741,0,0,283.9897862998153578570090639,721.4897862998153578570090639,62.619,784.1087862998153578570090639,13.60915718199608200529446498,184.8102137001846421429909361,184.8102137001846421429909361,existing_contractual_drawability_not_reconstructed,0,BREACHED_ANALYTICAL_THRESHOLD,SRC-001;SRC-002;SRC-003,P5A-014;P5A-015;P5A-016;P5A-018:P5A-032;SCN-001:SCN-009,Retained debt stays at the Phase 5 conservative opening proxy because principal and interest allocation is unavailable.
P6D-0059,MODERATE_UNMITIGATED,existing,FY2027,Q2,2027-04-30,437.5,6.25,6.25,0,0,431.25,283.9897862998153578570090639,0,22.48104625923095028396595693,0,261.508740040584407573043107,692.758740040584407573043107,62.619,755.377740040584407573043107,13.03007457568227340024724629,207.291259959415592426956893,207.291259959415592426956893,existing_contractual_drawability_not_reconstructed,0,BREACHED_ANALYTICAL_THRESHOLD,SRC-001;SRC-002;SRC-003,P5A-014;P5A-015;P5A-016;P5A-018:P5A-032;SCN-001:SCN-009,Retained debt stays at the Phase 5 conservative opening proxy because principal and interest allocation is unavailable.
P6D-0060,MODERATE_UNMITIGATED,existing,FY2027,Q3,2027-07-31,431.25,6.25,6.25,0,0,425,261.508740040584407573043107,0,23.46255599054262718649983634,0,238.0461840500417803865432707,663.0461840500417803865432707,62.619,725.6651840500417803865432707,12.06859864684777451336536586,230.7538159499582196134567293,230.7538159499582196134567293,existing_contractual_drawability_not_reconstructed,0,BREACHED_ANALYTICAL_THRESHOLD,SRC-001;SRC-002;SRC-003,P5A-014;P5A-015;P5A-016;P5A-018:P5A-032;SCN-001:SCN-009,Retained debt stays at the Phase 5 conservative opening proxy because principal and interest allocation is unavailable.
P6D-0061,MODERATE_UNMITIGATED,existing,FY2027,Q4,2027-10-31,425,6.25,6.25,0,0,418.75,238.0461840500417803865432707,0,26.51222517354651346349099877,0,211.5339588764952669230522719,630.2839588764952669230522719,62.619,692.9029588764952669230522719,11.11285950292087418955788594,257.2660411235047330769477281,257.2660411235047330769477281,existing_contractual_drawability_not_reconstructed,0,BREACHED_ANALYTICAL_THRESHOLD,SRC-001;SRC-002;SRC-003,P5A-014;P5A-015;P5A-016;P5A-018:P5A-032;SCN-001:SCN-009,Retained debt stays at the Phase 5 conservative opening proxy because principal and interest allocation is unavailable.
P6D-0062,MODERATE_UNMITIGATED,existing,FY2028,Q1,2028-01-31,418.75,6.25,6.25,0,0,412.5,211.5339588764952669230522719,1.398081013671916275120082,9.62450741296189540349234717,0,203.3075324772052877946800068,615.8075324772052877946800068,62.619,678.4265324772052877946800068,10.23381566530694525220564229,265.4924675227947122053199932,265.4924675227947122053199932,existing_contractual_drawability_not_reconstructed,0,BREACHED_ANALYTICAL_THRESHOLD,SRC-001;SRC-002;SRC-003,P5A-014;P5A-015;P5A-016;P5A-018:P5A-032;SCN-001:SCN-009,Retained debt stays at the Phase 5 conservative opening proxy because principal and interest allocation is unavailable.
P6D-0063,MODERATE_UNMITIGATED,existing,FY2028,Q2,2028-04-30,412.5,6.25,6.25,0,0,406.25,203.3075324772052877946800068,0,12.54593351498848581183408331,0,190.7615989622168019828459235,597.0115989622168019828459235,62.619,659.6305989622168019828459235,9.960652729246294924237781232,278.0384010377831980171540765,278.0384010377831980171540765,existing_contractual_drawability_not_reconstructed,0,PASS,SRC-001;SRC-002;SRC-003,P5A-014;P5A-015;P5A-016;P5A-018:P5A-032;SCN-001:SCN-009,Retained debt stays at the Phase 5 conservative opening proxy because principal and interest allocation is unavailable.
P6D-0064,MODERATE_UNMITIGATED,existing,FY2028,Q3,2028-07-31,406.25,6.25,6.25,0,0,400,190.7615989622168019828459235,0,12.75041811880185347382593956,0,178.0111808434149485090199839,578.0111808434149485090199839,62.619,640.6301808434149485090199839,9.650254277812816970776668101,290.7888191565850514909800161,290.7888191565850514909800161,existing_contractual_drawability_not_reconstructed,0,PASS,SRC-001;SRC-002;SRC-003,P5A-014;P5A-015;P5A-016;P5A-018:P5A-032;SCN-001:SCN-009,Retained debt stays at the Phase 5 conservative opening proxy because principal and interest allocation is unavailable.
P6D-0065,MODERATE_UNMITIGATED,existing,FY2028,Q4,2028-10-31,400,6.25,6.25,0,0,393.75,178.0111808434149485090199839,0,14.46304892266578066414156508,0,163.5481319207491678448784188,557.2981319207491678448784188,62.619,619.9171319207491678448784188,9.324141654435361073272107487,305.2518680792508321551215812,305.2518680792508321551215812,existing_contractual_drawability_not_reconstructed,0,PASS,SRC-001;SRC-002;SRC-003,P5A-014;P5A-015;P5A-016;P5A-018:P5A-032;SCN-001:SCN-009,Retained debt stays at the Phase 5 conservative opening proxy because principal and interest allocation is unavailable.
P6D-0066,MODERATE_UNMITIGATED,existing,FY2029,Q1,2029-01-31,393.75,6.25,6.25,0,0,387.5,163.5481319207491678448784188,6.25555940514644143400376541,0,0,169.8036913258956092788821842,557.3036913258956092788821842,62.619,619.9226913258956092788821842,9.153667362314424338359776844,298.9963086741043907211178158,298.9963086741043907211178158,existing_contractual_drawability_not_reconstructed,0,PASS,SRC-001;SRC-002;SRC-003,P5A-014;P5A-015;P5A-016;P5A-018:P5A-032;SCN-001:SCN-009,Retained debt stays at the Phase 5 conservative opening proxy because principal and interest allocation is unavailable.
P6D-0067,MODERATE_UNMITIGATED,existing,FY2029,Q2,2029-04-30,387.5,6.25,6.25,0,0,381.25,169.8036913258956092788821842,0,16.20174817907679042529832944,0,153.6019431468188188535838548,534.8519431468188188535838548,62.619,597.4709431468188188535838548,8.969776817111568838756325147,315.1980568531811811464161452,315.1980568531811811464161452,existing_contractual_drawability_not_reconstructed,0,PASS,SRC-001;SRC-002;SRC-003,P5A-014;P5A-015;P5A-016;P5A-018:P5A-032;SCN-001:SCN-009,Retained debt stays at the Phase 5 conservative opening proxy because principal and interest allocation is unavailable.
P6D-0068,MODERATE_UNMITIGATED,existing,FY2029,Q3,2029-07-31,381.25,6.25,6.25,0,0,375,153.6019431468188188535838548,0,15.77400434251748287984319058,0,137.8279388043013359737406642,512.8279388043013359737406642,62.619,575.4469388043013359737406642,8.604511151623368848044850632,0,0,existing_contractual_drawability_not_reconstructed,512.8279388043013359737406642,MATURITY_SHORTFALL,SRC-001;SRC-002;SRC-003,P5A-014;P5A-015;P5A-016;P5A-018:P5A-032;SCN-001:SCN-009,Retained debt stays at the Phase 5 conservative opening proxy because principal and interest allocation is unavailable.
P6D-0069,SEVERE_UNMITIGATED,proposed,FY2026,Q2,2026-04-30,650,16.25,16.25,0,0,633.75,29.89771875,205.4457322994654312666516832,0,0,235.3434510494654312666516832,869.0934510494654312666516832,62.619,931.7124510494654312666516832,15.9342836025858971579468871,58.4565489505345687333483168,58.4565489505345687333483168,available_before_analytical_shutoff,0,PASS,SRC-001;SRC-002;SRC-003,P5A-014;P5A-015;P5A-016;P5A-018:P5A-032;SCN-001:SCN-009,Retained debt stays at the Phase 5 conservative opening proxy because principal and interest allocation is unavailable.
P6D-0070,SEVERE_UNMITIGATED,proposed,FY2026,Q3,2026-07-31,633.75,16.25,16.25,0,0,617.5,235.3434510494654312666516832,8.64788401785769221475597173,0,0,243.991335067323123481407655,861.491335067323123481407655,62.619,924.110335067323123481407655,18.66961911474944716579242523,49.808664932676876518592345,49.808664932676876518592345,continued_after_analytical_warning,0,BREACHED_ANALYTICAL_THRESHOLD,SRC-001;SRC-002;SRC-003,P5A-014;P5A-015;P5A-016;P5A-018:P5A-032;SCN-001:SCN-009,Retained debt stays at the Phase 5 conservative opening proxy because principal and interest allocation is unavailable.
P6D-0071,SEVERE_UNMITIGATED,proposed,FY2026,Q4,2026-10-31,617.5,16.25,16.25,0,0,601.25,243.991335067323123481407655,8.19764803206293190882858702,0,0,252.188983099386055390236242,853.438983099386055390236242,62.619,916.057983099386055390236242,18.50304954629824111215462274,41.611016900613944609763758,41.611016900613944609763758,continued_after_analytical_warning,0,BREACHED_ANALYTICAL_THRESHOLD,SRC-001;SRC-002;SRC-003,P5A-014;P5A-015;P5A-016;P5A-018:P5A-032;SCN-001:SCN-009,Retained debt stays at the Phase 5 conservative opening proxy because principal and interest allocation is unavailable.
P6D-0072,SEVERE_UNMITIGATED,proposed,FY2027,Q1,2027-01-31,601.25,16.25,16.25,0,0,585,252.188983099386055390236242,27.95898414085331521921430283,0,0,280.1479672402393706094505448,865.1479672402393706094505448,62.619,927.7669672402393706094505448,18.46350141592389951427195632,13.6520327597606293905494552,13.6520327597606293905494552,continued_after_analytical_warning,0,BREACHED_ANALYTICAL_THRESHOLD,SRC-001;SRC-002;SRC-003,P5A-014;P5A-015;P5A-016;P5A-018:P5A-032;SCN-001:SCN-009,Retained debt stays at the Phase 5 conservative opening proxy because principal and interest allocation is unavailable.
P6D-0073,SEVERE_UNMITIGATED,proposed,FY2027,Q2,2027-04-30,585,16.25,16.25,0,0,568.75,280.1479672402393706094505448,13.65203275976062939054945514,0,0,293.8,862.55,62.619,925.169,18.6399426254078314142577814,0,0,continued_after_analytical_warning,0,LIQUIDITY_FAILURE,SRC-001;SRC-002;SRC-003,P5A-014;P5A-015;P5A-016;P5A-018:P5A-032;SCN-001:SCN-009,Retained debt stays at the Phase 5 conservative opening proxy because principal and interest allocation is unavailable.
P6D-0074,SEVERE_UNMITIGATED,proposed,FY2027,Q3,2027-07-31,568.75,16.25,14.34061544261299586567272111,0,0,554.4093845573870041343272789,293.8,0,0,0,293.8,848.2093845573870041343272789,62.619,910.8283845573870041343272789,18.42210770833333333333333334,0,0,continued_after_analytical_warning,0,MANDATORY_PAYMENT_FAILURE,SRC-001;SRC-002;SRC-003,P5A-014;P5A-015;P5A-016;P5A-018:P5A-032;SCN-001:SCN-009,Retained debt stays at the Phase 5 conservative opening proxy because principal and interest allocation is unavailable.
P6D-0075,SEVERE_UNMITIGATED,proposed,FY2027,Q4,2027-10-31,554.4093845573870041343272789,16.25,6.468211950602895108797386649,0,0,547.9411726067841090255298923,293.8,0,0,0,293.8,841.7411726067841090255298923,62.619,904.3601726067841090255298923,13.07340666014105457836677843,0,0,continued_after_analytical_warning,0,MANDATORY_PAYMENT_FAILURE,SRC-001;SRC-002;SRC-003,P5A-014;P5A-015;P5A-016;P5A-018:P5A-032;SCN-001:SCN-009,Retained debt stays at the Phase 5 conservative opening proxy because principal and interest allocation is unavailable.
P6D-0076,SEVERE_UNMITIGATED,proposed,FY2028,Q1,2028-01-31,547.9411726067841090255298923,16.25,0,0,0,547.9411726067841090255298923,293.8,0,0,0,293.8,841.7411726067841090255298923,62.619,904.3601726067841090255298923,2.5713487311742208087547614,0,0,continued_after_analytical_warning,0,MANDATORY_PAYMENT_FAILURE,SRC-001;SRC-002;SRC-003,P5A-014;P5A-015;P5A-016;P5A-018:P5A-032;SCN-001:SCN-009,Retained debt stays at the Phase 5 conservative opening proxy because principal and interest allocation is unavailable.
P6D-0077,SEVERE_UNMITIGATED,proposed,FY2028,Q2,2028-04-30,547.9411726067841090255298923,16.25,16.25,0,0,531.6911726067841090255298923,293.8,0,0,0,293.8,825.4911726067841090255298923,62.619,888.1101726067841090255298923,17.05127315542767047755816366,0,0,continued_after_analytical_warning,0,LIQUIDITY_FAILURE,SRC-001;SRC-002;SRC-003,P5A-014;P5A-015;P5A-016;P5A-018:P5A-032;SCN-001:SCN-009,Retained debt stays at the Phase 5 conservative opening proxy because principal and interest allocation is unavailable.
P6D-0078,SEVERE_UNMITIGATED,proposed,FY2028,Q3,2028-07-31,531.6911726067841090255298923,16.25,16.25,0,0,515.4411726067841090255298923,293.8,0,10.71493769712925900961296358,0,283.0850623028707409903870364,798.5262349096548500159169287,62.619,861.1452349096548500159169287,15.9478670420923376399334567,10.7149376971292590096129636,10.7149376971292590096129636,continued_after_analytical_warning,0,BREACHED_ANALYTICAL_THRESHOLD,SRC-001;SRC-002;SRC-003,P5A-014;P5A-015;P5A-016;P5A-018:P5A-032;SCN-001:SCN-009,Retained debt stays at the Phase 5 conservative opening proxy because principal and interest allocation is unavailable.
P6D-0079,SEVERE_UNMITIGATED,proposed,FY2028,Q4,2028-10-31,515.4411726067841090255298923,16.25,16.25,0,0,499.1911726067841090255298923,283.0850623028707409903870364,1.25720280743922023728185809,22.30826945883187026457729045,0,262.0339956514780909630916041,761.2251682582621999886214964,62.619,823.8441682582621999886214964,14.56749813779147313468958966,31.7660043485219090369083959,31.7660043485219090369083959,continued_after_analytical_warning,0,BREACHED_ANALYTICAL_THRESHOLD,SRC-001;SRC-002;SRC-003,P5A-014;P5A-015;P5A-016;P5A-018:P5A-032;SCN-001:SCN-009,Retained debt stays at the Phase 5 conservative opening proxy because principal and interest allocation is unavailable.
P6D-0080,SEVERE_UNMITIGATED,proposed,FY2029,Q1,2029-01-31,499.1911726067841090255298923,16.25,16.25,0,0,482.9411726067841090255298923,262.0339956514780909630916041,2.38053354419765365887447483,8.57041148896319151732424482,0,255.8441177067125531046418341,738.7852903134966621301717264,62.619,801.4042903134966621301717264,13.20391646459982488365574589,37.9558822932874468953581659,37.9558822932874468953581659,continued_after_analytical_warning,0,BREACHED_ANALYTICAL_THRESHOLD,SRC-001;SRC-002;SRC-003,P5A-014;P5A-015;P5A-016;P5A-018:P5A-032;SCN-001:SCN-009,Retained debt stays at the Phase 5 conservative opening proxy because principal and interest allocation is unavailable.
P6D-0081,SEVERE_UNMITIGATED,proposed,FY2029,Q2,2029-04-30,482.9411726067841090255298923,16.25,16.25,0,0,466.6911726067841090255298923,255.8441177067125531046418341,0,34.00709615378884277205100945,0,221.8370215529237103325908247,688.528194159707819358120717,62.619,751.147194159707819358120717,11.72281631397791548866214131,71.9629784470762896674091753,71.9629784470762896674091753,continued_after_analytical_warning,0,BREACHED_ANALYTICAL_THRESHOLD,SRC-001;SRC-002;SRC-003,P5A-014;P5A-015;P5A-016;P5A-018:P5A-032;SCN-001:SCN-009,Retained debt stays at the Phase 5 conservative opening proxy because principal and interest allocation is unavailable.
P6D-0082,SEVERE_UNMITIGATED,proposed,FY2029,Q3,2029-07-31,466.6911726067841090255298923,16.25,16.25,0,0,450.4411726067841090255298923,221.8370215529237103325908247,11.60171018735968789006189205,9.2205784732597012473538228,0,224.218153267023696975298894,674.6593258738078060008287863,62.619,737.2783258738078060008287863,11.19545465957918865622730915,69.581846732976303024701106,69.581846732976303024701106,continued_after_analytical_warning,0,BREACHED_ANALYTICAL_THRESHOLD,SRC-001;SRC-002;SRC-003,P5A-014;P5A-015;P5A-016;P5A-018:P5A-032;SCN-001:SCN-009,Retained debt stays at the Phase 5 conservative opening proxy because principal and interest allocation is unavailable.
P6D-0083,SEVERE_UNMITIGATED,proposed,FY2029,Q4,2029-10-31,450.4411726067841090255298923,16.25,16.25,0,0,434.1911726067841090255298923,224.218153267023696975298894,10.73173755152178135282639103,10.94629939034250930957264617,0,224.0035914282029690185526389,658.1947640349870780440825312,62.619,720.8137640349870780440825312,10.94639323624178215462692039,69.7964085717970309814473611,69.7964085717970309814473611,continued_after_analytical_warning,0,BREACHED_ANALYTICAL_THRESHOLD,SRC-001;SRC-002;SRC-003,P5A-014;P5A-015;P5A-016;P5A-018:P5A-032;SCN-001:SCN-009,Retained debt stays at the Phase 5 conservative opening proxy because principal and interest allocation is unavailable.
P6D-0084,SEVERE_UNMITIGATED,proposed,FY2030,Q1,2030-01-31,434.1911726067841090255298923,16.25,16.25,0,0,417.9411726067841090255298923,224.0035914282029690185526389,19.38849065747983144242976725,0,0,243.3920820856828004609824062,661.3332546924669094865122985,62.619,723.9522546924669094865122985,10.83656113514024982448683468,50.4079179143171995390175938,50.4079179143171995390175938,continued_after_analytical_warning,0,PASS,SRC-001;SRC-002;SRC-003,P5A-014;P5A-015;P5A-016;P5A-018:P5A-032;SCN-001:SCN-009,Retained debt stays at the Phase 5 conservative opening proxy because principal and interest allocation is unavailable.
P6D-0085,SEVERE_UNMITIGATED,proposed,FY2030,Q2,2030-04-30,417.9411726067841090255298923,16.25,16.25,0,0,401.6911726067841090255298923,243.3920820856828004609824062,9.27306838985246263442045424,13.83978796653423575713114916,0,238.8253625090010273382717112,640.5165351157851363638016035,62.619,703.1355351157851363638016035,10.69185739388168143236235829,54.9746374909989726617282888,54.9746374909989726617282888,continued_after_analytical_warning,0,PASS,SRC-001;SRC-002;SRC-003,P5A-014;P5A-015;P5A-016;P5A-018:P5A-032;SCN-001:SCN-009,Retained debt stays at the Phase 5 conservative opening proxy because principal and interest allocation is unavailable.
P6D-0086,SEVERE_UNMITIGATED,proposed,FY2030,Q3,2030-07-31,401.6911726067841090255298923,16.25,16.25,0,0,385.4411726067841090255298923,238.8253625090010273382717112,9.42549949788034541471743059,13.53741805200874182614559165,0,234.7134439548726309268435502,620.1546165616567399523734425,62.619,682.7736165616567399523734425,10.3536687396251017951666828,59.0865560451273690731564498,59.0865560451273690731564498,continued_after_analytical_warning,0,PASS,SRC-001;SRC-002;SRC-003,P5A-014;P5A-015;P5A-016;P5A-018:P5A-032;SCN-001:SCN-009,Retained debt stays at the Phase 5 conservative opening proxy because principal and interest allocation is unavailable.
P6D-0087,SEVERE_UNMITIGATED,proposed,FY2030,Q4,2030-10-31,385.4411726067841090255298923,16.25,16.25,0,0,369.1911726067841090255298923,234.7134439548726309268435502,9.16973411913205130351780181,14.04476695677794401742663905,0,229.838411117226738212934713,599.0295837240108472384646053,62.619,661.6485837240108472384646053,10.01297240116724204063009724,63.961588882773261787065287,63.961588882773261787065287,continued_after_analytical_warning,0,PASS,SRC-001;SRC-002;SRC-003,P5A-014;P5A-015;P5A-016;P5A-018:P5A-032;SCN-001:SCN-009,Retained debt stays at the Phase 5 conservative opening proxy because principal and interest allocation is unavailable.
P6D-0088,SEVERE_UNMITIGATED,proposed,FY2031,Q1,2031-01-31,369.1911726067841090255298923,16.25,16.25,0,0,352.9411726067841090255298923,229.838411117226738212934713,16.8587222934254394296903509,0,0,246.6971334106521776426250638,599.6383060174362866681549561,62.619,662.2573060174362866681549561,9.844047879975318908131133787,0,0,continued_after_analytical_warning,599.6383060174362866681549561,MATURITY_SHORTFALL,SRC-001;SRC-002;SRC-003,P5A-014;P5A-015;P5A-016;P5A-018:P5A-032;SCN-001:SCN-009,Retained debt stays at the Phase 5 conservative opening proxy because principal and interest allocation is unavailable.
P6D-0089,SEVERE_UNMITIGATED,existing,FY2026,Q2,2026-04-30,462.5,6.25,6.25,0,0,456.25,207.39771875,195.2291697365978496036757031,0,0,402.6268884865978496036757032,858.8768884865978496036757032,62.619,921.4958884865978496036757032,15.71772103971831549497090689,66.1731115134021503963242968,66.1731115134021503963242968,existing_contractual_drawability_not_reconstructed,0,PASS,SRC-001;SRC-002;SRC-003,P5A-014;P5A-015;P5A-016;P5A-018:P5A-032;SCN-001:SCN-009,Retained debt stays at the Phase 5 conservative opening proxy because principal and interest allocation is unavailable.
P6D-0090,SEVERE_UNMITIGATED,existing,FY2026,Q3,2026-07-31,456.25,6.25,6.25,0,0,450,402.6268884865978496036757032,5.33320966377033380594809848,6.90657814314188281473205222,0,401.0535200072263005948917495,851.0535200072263005948917495,62.619,913.6725200072263005948917495,18.44836661752020594225249981,67.7464799927736994051082505,67.7464799927736994051082505,existing_contractual_drawability_not_reconstructed,0,PASS,SRC-001;SRC-002;SRC-003,P5A-014;P5A-015;P5A-016;P5A-018:P5A-032;SCN-001:SCN-009,Retained debt stays at the Phase 5 conservative opening proxy because principal and interest allocation is unavailable.
P6D-0091,SEVERE_UNMITIGATED,existing,FY2026,Q4,2026-10-31,450,6.25,6.25,0,0,443.75,401.0535200072263005948917495,5.12082047207683997136014393,7.14921643802736901545436629,0,399.0251240412757715507975272,842.7751240412757715507975272,62.619,905.3941240412757715507975272,18.27700554828478015923181336,69.7748759587242284492024728,69.7748759587242284492024728,existing_contractual_drawability_not_reconstructed,0,BREACHED_ANALYTICAL_THRESHOLD,SRC-001;SRC-002;SRC-003,P5A-014;P5A-015;P5A-016;P5A-018:P5A-032;SCN-001:SCN-009,Retained debt stays at the Phase 5 conservative opening proxy because principal and interest allocation is unavailable.
P6D-0092,SEVERE_UNMITIGATED,existing,FY2027,Q1,2027-01-31,443.75,6.25,6.25,0,0,437.5,399.0251240412757715507975272,17.72804487608170974182238241,0,0,416.7531689173574812926199097,854.2531689173574812926199097,62.619,916.8721689173574812926199097,18.2325621511522940368800359,52.0468310826425187073800903,52.0468310826425187073800903,existing_contractual_drawability_not_reconstructed,0,BREACHED_ANALYTICAL_THRESHOLD,SRC-001;SRC-002;SRC-003,P5A-014;P5A-015;P5A-016;P5A-018:P5A-032;SCN-001:SCN-009,Retained debt stays at the Phase 5 conservative opening proxy because principal and interest allocation is unavailable.
P6D-0093,SEVERE_UNMITIGATED,existing,FY2027,Q2,2027-04-30,437.5,6.25,6.25,0,0,431.25,416.7531689173574812926199097,10.14170385385157777721231721,0,0,426.8948727712090590698322269,858.1448727712090590698322269,62.619,920.7638727712090590698322269,18.42801811896128819894155629,41.9051272287909409301677731,41.9051272287909409301677731,existing_contractual_drawability_not_reconstructed,0,BREACHED_ANALYTICAL_THRESHOLD,SRC-001;SRC-002;SRC-003,P5A-014;P5A-015;P5A-016;P5A-018:P5A-032;SCN-001:SCN-009,Retained debt stays at the Phase 5 conservative opening proxy because principal and interest allocation is unavailable.
P6D-0094,SEVERE_UNMITIGATED,existing,FY2027,Q3,2027-07-31,431.25,6.25,6.25,0,0,425,426.8948727712090590698322269,11.93456213358777625299289804,0,0,438.8294349047968353228251249,863.8294349047968353228251249,62.619,926.4484349047968353228251249,18.52388088507159705397803966,29.9705650952031646771748751,29.9705650952031646771748751,existing_contractual_drawability_not_reconstructed,0,BREACHED_ANALYTICAL_THRESHOLD,SRC-001;SRC-002;SRC-003,P5A-014;P5A-015;P5A-016;P5A-018:P5A-032;SCN-001:SCN-009,Retained debt stays at the Phase 5 conservative opening proxy because principal and interest allocation is unavailable.
P6D-0095,SEVERE_UNMITIGATED,existing,FY2027,Q4,2027-10-31,425,6.25,6.25,0,0,418.75,438.8294349047968353228251249,11.56553225141592186935687772,0,0,450.3949671562127571921820026,869.1449671562127571921820026,62.619,931.7639671562127571921820026,18.6436508621598715565210428,18.4050328437872428078179974,18.4050328437872428078179974,existing_contractual_drawability_not_reconstructed,0,BREACHED_ANALYTICAL_THRESHOLD,SRC-001;SRC-002;SRC-003,P5A-014;P5A-015;P5A-016;P5A-018:P5A-032;SCN-001:SCN-009,Retained debt stays at the Phase 5 conservative opening proxy because principal and interest allocation is unavailable.
P6D-0096,SEVERE_UNMITIGATED,existing,FY2028,Q1,2028-01-31,418.75,6.25,6.25,0,0,412.5,450.3949671562127571921820026,18.40503284378724280781799746,0,0,468.8,881.3,62.619,943.919,18.83760271478047222747364746,0,0,existing_contractual_drawability_not_reconstructed,0,LIQUIDITY_FAILURE,SRC-001;SRC-002;SRC-003,P5A-014;P5A-015;P5A-016;P5A-018:P5A-032;SCN-001:SCN-009,Retained debt stays at the Phase 5 conservative opening proxy because principal and interest allocation is unavailable.
P6D-0097,SEVERE_UNMITIGATED,existing,FY2028,Q2,2028-04-30,412.5,6.25,6.25,0,0,406.25,468.8,0,14.99436468595233279716601898,0,453.805635314047667202833981,860.055635314047667202833981,62.619,922.674635314047667202833981,17.92823314188159385520507524,14.994364685952332797166019,14.994364685952332797166019,existing_contractual_drawability_not_reconstructed,0,BREACHED_ANALYTICAL_THRESHOLD,SRC-001;SRC-002;SRC-003,P5A-014;P5A-015;P5A-016;P5A-018:P5A-032;SCN-001:SCN-009,Retained debt stays at the Phase 5 conservative opening proxy because principal and interest allocation is unavailable.
P6D-0098,SEVERE_UNMITIGATED,existing,FY2028,Q3,2028-07-31,406.25,6.25,6.25,0,0,400,453.805635314047667202833981,2.19652894174026418423943635,28.51051593596797041720323512,0,427.4916483198199609698701823,827.4916483198199609698701823,62.619,890.1106483198199609698701823,16.58960526610195896420213565,41.3083516801800390301298177,41.3083516801800390301298177,existing_contractual_drawability_not_reconstructed,0,BREACHED_ANALYTICAL_THRESHOLD,SRC-001;SRC-002;SRC-003,P5A-014;P5A-015;P5A-016;P5A-018:P5A-032;SCN-001:SCN-009,Retained debt stays at the Phase 5 conservative opening proxy because principal and interest allocation is unavailable.
P6D-0099,SEVERE_UNMITIGATED,existing,FY2028,Q4,2028-10-31,400,6.25,6.25,0,0,393.75,427.4916483198199609698701823,1.43564669289819932984032573,31.94807695940487065236502863,0,396.9792180533132896473454793,790.7292180533132896473454793,62.619,853.3482180533132896473454793,15.10613452267745183946031913,71.8207819466867103526545207,71.8207819466867103526545207,existing_contractual_drawability_not_reconstructed,0,BREACHED_ANALYTICAL_THRESHOLD,SRC-001;SRC-002;SRC-003,P5A-014;P5A-015;P5A-016;P5A-018:P5A-032;SCN-001:SCN-009,Retained debt stays at the Phase 5 conservative opening proxy because principal and interest allocation is unavailable.
P6D-0100,SEVERE_UNMITIGATED,existing,FY2029,Q1,2029-01-31,393.75,6.25,6.25,0,0,387.5,396.9792180533132896473454793,2.55240203483209084624352813,18.22366514438316715986204156,0,381.3079549437622133337269658,768.8079549437622133337269658,62.619,831.4269549437622133337269658,13.72253129981428642848700245,87.4920450562377866662730342,87.4920450562377866662730342,existing_contractual_drawability_not_reconstructed,0,BREACHED_ANALYTICAL_THRESHOLD,SRC-001;SRC-002;SRC-003,P5A-014;P5A-015;P5A-016;P5A-018:P5A-032;SCN-001:SCN-009,Retained debt stays at the Phase 5 conservative opening proxy because principal and interest allocation is unavailable.
P6D-0101,SEVERE_UNMITIGATED,existing,FY2029,Q2,2029-04-30,387.5,6.25,6.25,0,0,381.25,381.3079549437622133337269658,0,43.50990060459425893369239477,0,337.798054339167954400034571,719.048054339167954400034571,62.619,781.667054339167954400034571,12.22001186317249932702075599,131.001945660832045599965429,131.001945660832045599965429,existing_contractual_drawability_not_reconstructed,0,BREACHED_ANALYTICAL_THRESHOLD,SRC-001;SRC-002;SRC-003,P5A-014;P5A-015;P5A-016;P5A-018:P5A-032;SCN-001:SCN-009,Retained debt stays at the Phase 5 conservative opening proxy because principal and interest allocation is unavailable.
P6D-0102,SEVERE_UNMITIGATED,existing,FY2029,Q3,2029-07-31,381.25,6.25,6.25,0,0,375,337.798054339167954400034571,1.77110991628292103251663639,8.88454875978857986348725501,0,330.6846154956622955690639524,705.6846154956622955690639524,62.619,768.3036154956622955690639524,11.70088410197354318254862128,0,0,existing_contractual_drawability_not_reconstructed,705.6846154956622955690639524,MATURITY_SHORTFALL,SRC-001;SRC-002;SRC-003,P5A-014;P5A-015;P5A-016;P5A-018:P5A-032;SCN-001:SCN-009,Retained debt stays at the Phase 5 conservative opening proxy because principal and interest allocation is unavailable.
P6D-0103,MODERATE_MITIGATED,proposed,FY2026,Q2,2026-04-30,650,16.25,16.25,0,0,633.75,29.89771875,83.14093729303857799284278996,0,0,113.03865604303857799284279,746.78865604303857799284279,62.619,809.40765604303857799284279,13.41024113953104624366126085,180.76134395696142200715721,180.76134395696142200715721,available_before_analytical_shutoff,0,PASS,SRC-001;SRC-002;SRC-003,P5A-014;P5A-015;P5A-016;P5A-018:P5A-032;SCN-001:SCN-009,Retained debt stays at the Phase 5 conservative opening proxy because principal and interest allocation is unavailable.
P6D-0104,MODERATE_MITIGATED,proposed,FY2026,Q3,2026-07-31,633.75,16.25,16.25,0,0,617.5,113.03865604303857799284279,7.70956080010363055025886693,2.70335586613725914950774195,0,118.0448609770049493935939149,735.5448609770049493935939149,62.619,798.1638609770049493935939149,14.08560568902451391738671233,175.7551390229950506064060851,175.7551390229950506064060851,available_before_analytical_shutoff,0,PASS,SRC-001;SRC-002;SRC-003,P5A-014;P5A-015;P5A-016;P5A-018:P5A-032;SCN-001:SCN-009,Retained debt stays at the Phase 5 conservative opening proxy because principal and interest allocation is unavailable.
P6D-0105,MODERATE_MITIGATED,proposed,FY2026,Q4,2026-10-31,617.5,16.25,16.25,0,0,601.25,118.0448609770049493935939149,6.26566826600620554311083463,3.39810008567154593313021259,0,120.912429157339609003574537,722.162429157339609003574537,62.619,784.781429157339609003574537,13.85624878887539425464017722,172.887570842660390996425463,172.887570842660390996425463,continued_after_analytical_warning,0,BREACHED_ANALYTICAL_THRESHOLD,SRC-001;SRC-002;SRC-003,P5A-014;P5A-015;P5A-016;P5A-018:P5A-032;SCN-001:SCN-009,Retained debt stays at the Phase 5 conservative opening proxy because principal and interest allocation is unavailable.
P6D-0106,MODERATE_MITIGATED,proposed,FY2027,Q1,2027-01-31,601.25,16.25,16.25,0,0,585,120.912429157339609003574537,22.50523935385205862450316886,0,0,143.4176685111916676280777059,728.4176685111916676280777059,62.619,791.0366685111916676280777059,13.75078473222942056380965975,150.3823314888083323719222941,150.3823314888083323719222941,continued_after_analytical_warning,0,BREACHED_ANALYTICAL_THRESHOLD,SRC-001;SRC-002;SRC-003,P5A-014;P5A-015;P5A-016;P5A-018:P5A-032;SCN-001:SCN-009,Retained debt stays at the Phase 5 conservative opening proxy because principal and interest allocation is unavailable.
P6D-0107,MODERATE_MITIGATED,proposed,FY2027,Q2,2027-04-30,585,16.25,16.25,0,0,568.75,143.4176685111916676280777059,0,13.61461000317138946501648272,0,129.8030585080202781630612231,698.5530585080202781630612231,62.619,761.1720585080202781630612231,13.14651083174183421919672051,163.9969414919797218369387769,163.9969414919797218369387769,continued_after_analytical_warning,0,BREACHED_ANALYTICAL_THRESHOLD,SRC-001;SRC-002;SRC-003,P5A-014;P5A-015;P5A-016;P5A-018:P5A-032;SCN-001:SCN-009,Retained debt stays at the Phase 5 conservative opening proxy because principal and interest allocation is unavailable.
P6D-0108,MODERATE_MITIGATED,proposed,FY2027,Q3,2027-07-31,568.75,16.25,16.25,0,0,552.5,129.8030585080202781630612231,0,14.62034659354962759656604521,0,115.1827119144706505664951779,667.6827119144706505664951779,62.619,730.3017119144706505664951779,12.160808043840774103299157,178.6172880855293494335048221,178.6172880855293494335048221,continued_after_analytical_warning,0,BREACHED_ANALYTICAL_THRESHOLD,SRC-001;SRC-002;SRC-003,P5A-014;P5A-015;P5A-016;P5A-018:P5A-032;SCN-001:SCN-009,Retained debt stays at the Phase 5 conservative opening proxy because principal and interest allocation is unavailable.
P6D-0109,MODERATE_MITIGATED,proposed,FY2027,Q4,2027-10-31,552.5,16.25,16.25,0,0,536.25,115.1827119144706505664951779,0,17.6932148799111181080222414,0,97.48949703455953245847293657,633.7394970345595324584729366,62.619,696.3584970345595324584729366,11.1818697965562695450266433,196.3105029654404675415270634,196.3105029654404675415270634,continued_after_analytical_warning,0,BREACHED_ANALYTICAL_THRESHOLD,SRC-001;SRC-002;SRC-003,P5A-014;P5A-015;P5A-016;P5A-018:P5A-032;SCN-001:SCN-009,Retained debt stays at the Phase 5 conservative opening proxy because principal and interest allocation is unavailable.
P6D-0110,MODERATE_MITIGATED,proposed,FY2028,Q1,2028-01-31,536.25,16.25,16.25,0,0,520,97.48949703455953245847293657,10.99485029441763994971279406,10.42437588923251051496859053,0,98.0599714397446618932171401,618.0599714397446618932171401,62.619,680.6789714397446618932171401,10.280716469782053815322111,195.7400285602553381067828599,195.7400285602553381067828599,continued_after_analytical_warning,0,BREACHED_ANALYTICAL_THRESHOLD,SRC-001;SRC-002;SRC-003,P5A-014;P5A-015;P5A-016;P5A-018:P5A-032;SCN-001:SCN-009,Retained debt stays at the Phase 5 conservative opening proxy because principal and interest allocation is unavailable.
P6D-0111,MODERATE_MITIGATED,proposed,FY2028,Q2,2028-04-30,520,16.25,16.25,0,0,503.75,98.0599714397446618932171401,9.54044654275678883413093384,13.30940338634160891391918925,0,94.29101459615984181342888469,598.0410145961598418134288847,62.619,660.6600145961598418134288847,9.98762940064996065628360914,199.5089854038401581865711153,199.5089854038401581865711153,continued_after_analytical_warning,0,PASS,SRC-001;SRC-002;SRC-003,P5A-014;P5A-015;P5A-016;P5A-018:P5A-032;SCN-001:SCN-009,Retained debt stays at the Phase 5 conservative opening proxy because principal and interest allocation is unavailable.
P6D-0112,MODERATE_MITIGATED,proposed,FY2028,Q3,2028-07-31,503.75,16.25,16.25,0,0,487.5,94.29101459615984181342888469,9.46512312342259940979581215,13.45881866095655614596329429,0,90.29731905862588507726140255,577.7973190586258850772614026,62.619,640.4163190586258850772614026,9.656976859080713708435125531,203.5026809413741149227385974,203.5026809413741149227385974,continued_after_analytical_warning,0,PASS,SRC-001;SRC-002;SRC-003,P5A-014;P5A-015;P5A-016;P5A-018:P5A-032;SCN-001:SCN-009,Retained debt stays at the Phase 5 conservative opening proxy because principal and interest allocation is unavailable.
P6D-0113,MODERATE_MITIGATED,proposed,FY2028,Q4,2028-10-31,487.5,16.25,16.25,0,0,471.25,90.29731905862588507726140255,8.88421701277707884176022424,14.61113286568629838765344365,0,84.57040320571666553136818314,555.8204032057166655313681831,62.619,618.4394032057166655313681831,9.310274724191922191520453166,209.2295967942833344686318169,209.2295967942833344686318169,continued_after_analytical_warning,0,PASS,SRC-001;SRC-002;SRC-003,P5A-014;P5A-015;P5A-016;P5A-018:P5A-032;SCN-001:SCN-009,Retained debt stays at the Phase 5 conservative opening proxy because principal and interest allocation is unavailable.
P6D-0114,MODERATE_MITIGATED,proposed,FY2029,Q1,2029-01-31,471.25,16.25,16.25,0,0,455,84.57040320571666553136818314,15.82125059520183499815321515,0.85048860798944128349516284,0,99.54116519292905924602623545,554.5411651929290592460262354,62.619,617.1601651929290592460262354,9.118869944380376619014063758,194.2588348070709407539737646,194.2588348070709407539737646,continued_after_analytical_warning,0,PASS,SRC-001;SRC-002;SRC-003,P5A-014;P5A-015;P5A-016;P5A-018:P5A-032;SCN-001:SCN-009,Retained debt stays at the Phase 5 conservative opening proxy because principal and interest allocation is unavailable.
P6D-0115,MODERATE_MITIGATED,proposed,FY2029,Q2,2029-04-30,455,16.25,16.25,0,0,438.75,99.54116519292905924602623545,8.2873282818710784165688034,15.79515098954763106915966535,0,92.0333424852525065934353735,530.7833424852525065934353735,62.619,593.4023424852525065934353735,8.913702288511806611463792643,201.7666575147474934065646265,201.7666575147474934065646265,continued_after_analytical_warning,0,PASS,SRC-001;SRC-002;SRC-003,P5A-014;P5A-015;P5A-016;P5A-018:P5A-032;SCN-001:SCN-009,Retained debt stays at the Phase 5 conservative opening proxy because principal and interest allocation is unavailable.
P6D-0116,MODERATE_MITIGATED,proposed,FY2029,Q3,2029-07-31,438.75,16.25,16.25,0,0,422.5,92.0333424852525065934353735,8.42344156924014329568883383,15.5251499143075313938492054,0,84.93163414018511849527500193,507.4316341401851184952750019,62.619,570.0506341401851184952750019,8.526807149073463629727669647,208.8683658598148815047249981,208.8683658598148815047249981,continued_after_analytical_warning,0,PASS,SRC-001;SRC-002;SRC-003,P5A-014;P5A-015;P5A-016;P5A-018:P5A-032;SCN-001:SCN-009,Retained debt stays at the Phase 5 conservative opening proxy because principal and interest allocation is unavailable.
P6D-0117,MODERATE_MITIGATED,proposed,FY2029,Q4,2029-10-31,422.5,16.25,16.25,0,0,406.25,84.93163414018511849527500193,8.15107786745350609113743461,16.06542407680990108354442572,0,77.01728793082872350286801082,483.2672879308287235028680108,62.619,545.8862879308287235028680108,8.13659779055673759044651473,216.7827120691712764971319892,216.7827120691712764971319892,continued_after_analytical_warning,0,PASS,SRC-001;SRC-002;SRC-003,P5A-014;P5A-015;P5A-016;P5A-018:P5A-032;SCN-001:SCN-009,Retained debt stays at the Phase 5 conservative opening proxy because principal and interest allocation is unavailable.
P6D-0118,MODERATE_MITIGATED,proposed,FY2030,Q1,2030-01-31,406.25,16.25,16.25,0,0,390,77.01728793082872350286801082,15.38894081188464978347561747,1.70803975959716419770045619,0,90.6981889831162090886431721,480.6981889831162090886431721,62.619,543.3171889831162090886431721,7.916617819256539290558563937,203.1018110168837909113568279,203.1018110168837909113568279,continued_after_analytical_warning,0,PASS,SRC-001;SRC-002;SRC-003,P5A-014;P5A-015;P5A-016;P5A-018:P5A-032;SCN-001:SCN-009,Retained debt stays at the Phase 5 conservative opening proxy because principal and interest allocation is unavailable.
P6D-0119,MODERATE_MITIGATED,proposed,FY2030,Q2,2030-04-30,390,16.25,16.25,0,0,373.75,90.6981889831162090886431721,7.84804732789170510894233986,16.66653050141947324346051027,0,81.87970580958844095412500169,455.6297058095884409541250017,62.619,518.2487058095884409541250017,7.690093797035686420554882803,211.9202941904115590458749983,211.9202941904115590458749983,continued_after_analytical_warning,0,PASS,SRC-001;SRC-002;SRC-003,P5A-014;P5A-015;P5A-016;P5A-018:P5A-032;SCN-001:SCN-009,Retained debt stays at the Phase 5 conservative opening proxy because principal and interest allocation is unavailable.
P6D-0120,MODERATE_MITIGATED,proposed,FY2030,Q3,2030-07-31,373.75,16.25,16.25,0,0,357.5,81.87970580958844095412500169,7.97687912725599275011510461,16.41097334733239809449666851,0,73.44561158951203560974343779,430.9456115895120356097434378,62.619,493.5646115895120356097434378,7.281493073677092862213279968,220.3543884104879643902565622,220.3543884104879643902565622,continued_after_analytical_warning,0,PASS,SRC-001;SRC-002;SRC-003,P5A-014;P5A-015;P5A-016;P5A-018:P5A-032;SCN-001:SCN-009,Retained debt stays at the Phase 5 conservative opening proxy because principal and interest allocation is unavailable.
P6D-0121,MODERATE_MITIGATED,proposed,FY2030,Q4,2030-10-31,357.5,16.25,16.25,0,0,341.25,73.44561158951203560974343779,7.69712361939641598810113193,16.96591026338540734663413737,0,64.17682494552304425121043235,405.4268249455230442512104324,62.619,468.0458249455230442512104324,6.869218594824143396005929047,229.6231750544769557487895676,229.6231750544769557487895676,continued_after_analytical_warning,0,PASS,SRC-001;SRC-002;SRC-003,P5A-014;P5A-015;P5A-016;P5A-018:P5A-032;SCN-001:SCN-009,Retained debt stays at the Phase 5 conservative opening proxy because principal and interest allocation is unavailable.
P6D-0122,MODERATE_MITIGATED,proposed,FY2031,Q1,2031-01-31,341.25,16.25,16.25,0,0,325,64.17682494552304425121043235,14.95702143871646231568794558,2.56481647424835235640373486,0,76.56902990999115421049464307,401.5690299099911542104946431,62.619,464.1880299099911542104946431,6.627530551017989437724993614,0,0,continued_after_analytical_warning,401.5690299099911542104946431,MATURITY_SHORTFALL,SRC-001;SRC-002;SRC-003,P5A-014;P5A-015;P5A-016;P5A-018:P5A-032;SCN-001:SCN-009,Retained debt stays at the Phase 5 conservative opening proxy because principal and interest allocation is unavailable.
P6D-0123,MODERATE_MITIGATED,existing,FY2026,Q2,2026-04-30,462.5,6.25,6.25,0,0,456.25,207.39771875,72.94988452484149953675072658,0,0,280.3476032748414995367507265,736.5976032748414995367507265,62.619,799.2166032748414995367507265,13.21918837133396778756919748,188.4523967251585004632492735,188.4523967251585004632492735,existing_contractual_drawability_not_reconstructed,0,PASS,SRC-001;SRC-002;SRC-003,P5A-014;P5A-015;P5A-016;P5A-018:P5A-032;SCN-001:SCN-009,Retained debt stays at the Phase 5 conservative opening proxy because principal and interest allocation is unavailable.
P6D-0124,MODERATE_MITIGATED,existing,FY2026,Q3,2026-07-31,456.25,6.25,6.25,0,0,450,280.3476032748414995367507265,0.34360685627288374374949838,5.53210480652399458762518273,0,275.1591053245903886928750422,725.1591053245903886928750422,62.619,787.7781053245903886928750422,13.890902804807031672759903,193.6408946754096113071249578,193.6408946754096113071249578,existing_contractual_drawability_not_reconstructed,0,PASS,SRC-001;SRC-002;SRC-003,P5A-014;P5A-015;P5A-016;P5A-018:P5A-032;SCN-001:SCN-009,Retained debt stays at the Phase 5 conservative opening proxy because principal and interest allocation is unavailable.
P6D-0125,MODERATE_MITIGATED,existing,FY2026,Q4,2026-10-31,450,6.25,6.25,0,0,443.75,275.1591053245903886928750422,0,7.33085455638339218547683554,0,267.8282507682069965073982067,711.5782507682069965073982067,62.619,774.1972507682069965073982067,13.65782605215734245918271964,200.9717492317930034926017933,200.9717492317930034926017933,existing_contractual_drawability_not_reconstructed,0,BREACHED_ANALYTICAL_THRESHOLD,SRC-001;SRC-002;SRC-003,P5A-014;P5A-015;P5A-016;P5A-018:P5A-032;SCN-001:SCN-009,Retained debt stays at the Phase 5 conservative opening proxy because principal and interest allocation is unavailable.
P6D-0126,MODERATE_MITIGATED,existing,FY2027,Q1,2027-01-31,443.75,6.25,6.25,0,0,437.5,267.8282507682069965073982067,12.30302569581665667256241436,0,0,280.1312764640236531799606211,717.6312764640236531799606211,62.619,780.2502764640236531799606211,13.54857107419401861186890525,188.6687235359763468200393789,188.6687235359763468200393789,existing_contractual_drawability_not_reconstructed,0,BREACHED_ANALYTICAL_THRESHOLD,SRC-001;SRC-002;SRC-003,P5A-014;P5A-015;P5A-016;P5A-018:P5A-032;SCN-001:SCN-009,Retained debt stays at the Phase 5 conservative opening proxy because principal and interest allocation is unavailable.
P6D-0127,MODERATE_MITIGATED,existing,FY2027,Q2,2027-04-30,437.5,6.25,6.25,0,0,431.25,280.1312764640236531799606211,0,23.81381879640226590901097521,0,256.3174576676213872709496459,687.5674576676213872709496459,62.619,750.1864576676213872709496459,12.94730203851095777520222802,212.4825423323786127290503541,212.4825423323786127290503541,existing_contractual_drawability_not_reconstructed,0,BREACHED_ANALYTICAL_THRESHOLD,SRC-001;SRC-002;SRC-003,P5A-014;P5A-015;P5A-016;P5A-018:P5A-032;SCN-001:SCN-009,Retained debt stays at the Phase 5 conservative opening proxy because principal and interest allocation is unavailable.
P6D-0128,MODERATE_MITIGATED,existing,FY2027,Q3,2027-07-31,431.25,6.25,6.25,0,0,425,256.3174576676213872709496459,0,24.81624379665901535548242928,0,231.5012138709623719154672166,656.5012138709623719154672166,62.619,719.1202138709623719154672166,11.96491084073138634438277293,237.2987861290376280845327834,237.2987861290376280845327834,existing_contractual_drawability_not_reconstructed,0,BREACHED_ANALYTICAL_THRESHOLD,SRC-001;SRC-002;SRC-003,P5A-014;P5A-015;P5A-016;P5A-018:P5A-032;SCN-001:SCN-009,Retained debt stays at the Phase 5 conservative opening proxy because principal and interest allocation is unavailable.
P6D-0129,MODERATE_MITIGATED,existing,FY2027,Q4,2027-10-31,425,6.25,6.25,0,0,418.75,231.5012138709623719154672166,0,27.88549446456538708109664226,0,203.6157194063969848343705743,622.3657194063969848343705743,62.619,684.9847194063969848343705743,10.98959021190200057195224244,265.1842805936030151656294257,265.1842805936030151656294257,existing_contractual_drawability_not_reconstructed,0,PASS,SRC-001;SRC-002;SRC-003,P5A-014;P5A-015;P5A-016;P5A-018:P5A-032;SCN-001:SCN-009,Retained debt stays at the Phase 5 conservative opening proxy because principal and interest allocation is unavailable.
P6D-0130,MODERATE_MITIGATED,existing,FY2028,Q1,2028-01-31,418.75,6.25,6.25,0,0,412.5,203.6157194063969848343705743,0.93172042306009869432042878,10.54960343663942387835997424,0,193.9978363928176596503310289,606.4978363928176596503310289,62.619,669.1168363928176596503310289,10.09235905101759919653836201,274.8021636071823403496689711,274.8021636071823403496689711,existing_contractual_drawability_not_reconstructed,0,PASS,SRC-001;SRC-002;SRC-003,P5A-014;P5A-015;P5A-016;P5A-018:P5A-032;SCN-001:SCN-009,Retained debt stays at the Phase 5 conservative opening proxy because principal and interest allocation is unavailable.
P6D-0131,MODERATE_MITIGATED,existing,FY2028,Q2,2028-04-30,412.5,6.25,6.25,0,0,406.25,193.9978363928176596503310289,0,13.96043358807936894020452885,0,180.0374028047382907101265,586.2874028047382907101265,62.619,648.9064028047382907101265,9.796152656155411795867335696,288.7625971952617092898735,288.7625971952617092898735,existing_contractual_drawability_not_reconstructed,0,PASS,SRC-001;SRC-002;SRC-003,P5A-014;P5A-015;P5A-016;P5A-018:P5A-032;SCN-001:SCN-009,Retained debt stays at the Phase 5 conservative opening proxy because principal and interest allocation is unavailable.
P6D-0132,MODERATE_MITIGATED,existing,FY2028,Q3,2028-07-31,406.25,6.25,6.25,0,0,400,180.0374028047382907101265,0,14.18834326589383153731253077,0,165.8490595388444591728139692,565.8490595388444591728139692,62.619,628.4680595388444591728139692,9.462329130720838907290076895,302.9509404611555408271860308,302.9509404611555408271860308,existing_contractual_drawability_not_reconstructed,0,PASS,SRC-001;SRC-002;SRC-003,P5A-014;P5A-015;P5A-016;P5A-018:P5A-032;SCN-001:SCN-009,Retained debt stays at the Phase 5 conservative opening proxy because principal and interest allocation is unavailable.
P6D-0133,MODERATE_MITIGATED,existing,FY2028,Q4,2028-10-31,400,6.25,6.25,0,0,393.75,165.8490595388444591728139692,0,15.92478707876316773966937722,0,149.924272460081291433144592,543.674272460081291433144592,62.619,606.293272460081291433144592,9.112403498337973997744295362,318.875727539918708566855408,318.875727539918708566855408,existing_contractual_drawability_not_reconstructed,0,PASS,SRC-001;SRC-002;SRC-003,P5A-014;P5A-015;P5A-016;P5A-018:P5A-032;SCN-001:SCN-009,Retained debt stays at the Phase 5 conservative opening proxy because principal and interest allocation is unavailable.
P6D-0134,MODERATE_MITIGATED,existing,FY2029,Q1,2029-01-31,393.75,6.25,6.25,0,0,387.5,149.924272460081291433144592,5.75383379697233590936345418,0.98421991639777585711673774,0,154.6938863406558514853913084,542.1938863406558514853913084,62.619,604.8128863406558514853913084,8.917721837742542956602727876,314.1061136593441485146086916,314.1061136593441485146086916,existing_contractual_drawability_not_reconstructed,0,PASS,SRC-001;SRC-002;SRC-003,P5A-014;P5A-015;P5A-016;P5A-018:P5A-032;SCN-001:SCN-009,Retained debt stays at the Phase 5 conservative opening proxy because principal and interest allocation is unavailable.
P6D-0135,MODERATE_MITIGATED,existing,FY2029,Q2,2029-04-30,387.5,6.25,6.25,0,0,381.25,154.6938863406558514853913084,0,17.71230196245132150744275028,0,136.9815843782045299779485581,518.2315843782045299779485581,62.619,580.8505843782045299779485581,8.70922303373703775661190431,331.8184156217954700220514419,331.8184156217954700220514419,existing_contractual_drawability_not_reconstructed,0,PASS,SRC-001;SRC-002;SRC-003,P5A-014;P5A-015;P5A-016;P5A-018:P5A-032;SCN-001:SCN-009,Retained debt stays at the Phase 5 conservative opening proxy because principal and interest allocation is unavailable.
P6D-0136,MODERATE_MITIGATED,existing,FY2029,Q3,2029-07-31,381.25,6.25,6.25,0,0,375,136.9815843782045299779485581,0,17.30957391403606222716687608,0,119.6720104641684677507816819,494.6720104641684677507816819,62.619,557.2910104641684677507816819,8.318941580104789500721165146,0,0,existing_contractual_drawability_not_reconstructed,494.6720104641684677507816819,MATURITY_SHORTFALL,SRC-001;SRC-002;SRC-003,P5A-014;P5A-015;P5A-016;P5A-018:P5A-032;SCN-001:SCN-009,Retained debt stays at the Phase 5 conservative opening proxy because principal and interest allocation is unavailable.
P6D-0137,SEVERE_MITIGATED,proposed,FY2026,Q2,2026-04-30,650,16.25,16.25,0,0,633.75,29.89771875,205.4457322994654312666516832,0,0,235.3434510494654312666516832,869.0934510494654312666516832,62.619,931.7124510494654312666516832,15.9342836025858971579468871,58.4565489505345687333483168,58.4565489505345687333483168,available_before_analytical_shutoff,0,PASS,SRC-001;SRC-002;SRC-003,P5A-014;P5A-015;P5A-016;P5A-018:P5A-032;SCN-001:SCN-009,Retained debt stays at the Phase 5 conservative opening proxy because principal and interest allocation is unavailable.
P6D-0138,SEVERE_MITIGATED,proposed,FY2026,Q3,2026-07-31,633.75,16.25,16.25,0,0,617.5,235.3434510494654312666516832,6.32687252102893517902164573,0.77454439013341762675831531,0,240.8957791803609488189150137,858.3957791803609488189150137,62.619,921.0147791803609488189150137,18.63656322778727250329978392,52.9042208196390511810849863,52.9042208196390511810849863,available_before_analytical_shutoff,0,PASS,SRC-001;SRC-002;SRC-003,P5A-014;P5A-015;P5A-016;P5A-018:P5A-032;SCN-001:SCN-009,Retained debt stays at the Phase 5 conservative opening proxy because principal and interest allocation is unavailable.
P6D-0139,SEVERE_MITIGATED,proposed,FY2026,Q4,2026-10-31,617.5,16.25,16.25,0,0,601.25,240.8957791803609488189150137,5.95819569481125984743669021,0.92314170134850580702931357,0,245.9308331738237028593223903,847.1808331738237028593223903,62.619,909.7998331738237028593223903,18.40295550769806324373341234,47.8691668261762971406776097,47.8691668261762971406776097,continued_after_analytical_warning,0,BREACHED_ANALYTICAL_THRESHOLD,SRC-001;SRC-002;SRC-003,P5A-014;P5A-015;P5A-016;P5A-018:P5A-032;SCN-001:SCN-009,Retained debt stays at the Phase 5 conservative opening proxy because principal and interest allocation is unavailable.
P6D-0140,SEVERE_MITIGATED,proposed,FY2027,Q1,2027-01-31,601.25,16.25,16.25,0,0,585,245.9308331738237028593223903,24.72790015521750678703514706,0,0,270.6587333290412096463575374,855.6587333290412096463575374,62.619,918.2777333290412096463575374,18.29491743028809108209280054,23.1412666709587903536424626,23.1412666709587903536424626,continued_after_analytical_warning,0,BREACHED_ANALYTICAL_THRESHOLD,SRC-001;SRC-002;SRC-003,P5A-014;P5A-015;P5A-016;P5A-018:P5A-032;SCN-001:SCN-009,Retained debt stays at the Phase 5 conservative opening proxy because principal and interest allocation is unavailable.
P6D-0141,SEVERE_MITIGATED,proposed,FY2027,Q2,2027-04-30,585,16.25,16.25,0,0,568.75,270.6587333290412096463575374,17.07658723001250446818977493,0,0,287.7353205590537141145473123,856.4853205590537141145473123,62.619,919.1043205590537141145473123,18.425401495122214889919014,6.0646794409462858854526877,6.0646794409462858854526877,continued_after_analytical_warning,0,BREACHED_ANALYTICAL_THRESHOLD,SRC-001;SRC-002;SRC-003,P5A-014;P5A-015;P5A-016;P5A-018:P5A-032;SCN-001:SCN-009,Retained debt stays at the Phase 5 conservative opening proxy because principal and interest allocation is unavailable.
P6D-0142,SEVERE_MITIGATED,proposed,FY2027,Q3,2027-07-31,568.75,16.25,16.25,0,0,552.5,287.7353205590537141145473123,6.06467944094628588545268768,0,0,293.8,846.3,62.619,908.919,18.39597163074699581906251177,0,0,continued_after_analytical_warning,0,LIQUIDITY_FAILURE,SRC-001;SRC-002;SRC-003,P5A-014;P5A-015;P5A-016;P5A-018:P5A-032;SCN-001:SCN-009,Retained debt stays at the Phase 5 conservative opening proxy because principal and interest allocation is unavailable.
P6D-0143,SEVERE_MITIGATED,proposed,FY2027,Q4,2027-10-31,552.5,16.25,11.24136038076039388787281592,0,0,541.2586396192396061121271841,293.8,0,0,0,293.8,835.0586396192396061121271841,62.619,897.6776396192396061121271841,18.07395145833333333333333333,0,0,continued_after_analytical_warning,0,MANDATORY_PAYMENT_FAILURE,SRC-001;SRC-002;SRC-003,P5A-014;P5A-015;P5A-016;P5A-018:P5A-032;SCN-001:SCN-009,Retained debt stays at the Phase 5 conservative opening proxy because principal and interest allocation is unavailable.
P6D-0144,SEVERE_MITIGATED,proposed,FY2028,Q1,2028-01-31,541.2586396192396061121271841,16.25,0,0,0,541.2586396192396061121271841,293.8,0,0,0,293.8,835.0586396192396061121271841,62.619,897.6776396192396061121271841,2.5713487311742208087547614,0,0,continued_after_analytical_warning,0,MANDATORY_PAYMENT_FAILURE,SRC-001;SRC-002;SRC-003,P5A-014;P5A-015;P5A-016;P5A-018:P5A-032;SCN-001:SCN-009,Retained debt stays at the Phase 5 conservative opening proxy because principal and interest allocation is unavailable.
P6D-0145,SEVERE_MITIGATED,proposed,FY2028,Q2,2028-04-30,541.2586396192396061121271841,16.25,16.25,0,0,525.0086396192396061121271841,293.8,0,0,0,293.8,818.8086396192396061121271841,62.619,881.4276396192396061121271841,16.96027933124727282955399678,0,0,continued_after_analytical_warning,0,LIQUIDITY_FAILURE,SRC-001;SRC-002;SRC-003,P5A-014;P5A-015;P5A-016;P5A-018:P5A-032;SCN-001:SCN-009,Retained debt stays at the Phase 5 conservative opening proxy because principal and interest allocation is unavailable.
P6D-0146,SEVERE_MITIGATED,proposed,FY2028,Q3,2028-07-31,525.0086396192396061121271841,16.25,16.25,0,0,508.7586396192396061121271841,293.8,0,16.0731641616753258123942801,0,277.7268358383246741876057199,786.485475457564280299732904,62.619,849.104475457564280299732904,15.7848010683933351518229737,16.0731641616753258123942801,16.0731641616753258123942801,continued_after_analytical_warning,0,BREACHED_ANALYTICAL_THRESHOLD,SRC-001;SRC-002;SRC-003,P5A-014;P5A-015;P5A-016;P5A-018:P5A-032;SCN-001:SCN-009,Retained debt stays at the Phase 5 conservative opening proxy because principal and interest allocation is unavailable.
P6D-0147,SEVERE_MITIGATED,proposed,FY2028,Q4,2028-10-31,508.7586396192396061121271841,16.25,16.25,0,0,492.5086396192396061121271841,277.7268358383246741876057199,0.15904688933943151128817786,24.52491882108661753254861049,0,253.3609639065774881663452873,745.8696035258170942784724714,62.619,808.4886035258170942784724714,14.3151928574369371407245894,40.4390360934225118336547127,40.4390360934225118336547127,continued_after_analytical_warning,0,BREACHED_ANALYTICAL_THRESHOLD,SRC-001;SRC-002;SRC-003,P5A-014;P5A-015;P5A-016;P5A-018:P5A-032;SCN-001:SCN-009,Retained debt stays at the Phase 5 conservative opening proxy because principal and interest allocation is unavailable.
P6D-0148,SEVERE_MITIGATED,proposed,FY2029,Q1,2029-01-31,492.5086396192396061121271841,16.25,16.25,0,0,476.2586396192396061121271841,253.3609639065774881663452873,1.26727688950893918049468271,10.816417572851881192775051,0,243.811823223234546154064919,720.0704628424741522661921031,62.619,782.6894628424741522661921031,12.90715372602242072982514758,49.988176776765453845935081,49.988176776765453845935081,continued_after_analytical_warning,0,BREACHED_ANALYTICAL_THRESHOLD,SRC-001;SRC-002;SRC-003,P5A-014;P5A-015;P5A-016;P5A-018:P5A-032;SCN-001:SCN-009,Retained debt stays at the Phase 5 conservative opening proxy because principal and interest allocation is unavailable.
P6D-0149,SEVERE_MITIGATED,proposed,FY2029,Q2,2029-04-30,476.2586396192396061121271841,16.25,16.25,0,0,460.0086396192396061121271841,243.811823223234546154064919,0,37.4048231286266329391687606,0,206.4070000946079132148961584,666.4156397138475193270233425,62.619,729.0346397138475193270233425,11.38758933914012532154439015,87.3929999053920867851038416,87.3929999053920867851038416,continued_after_analytical_warning,0,BREACHED_ANALYTICAL_THRESHOLD,SRC-001;SRC-002;SRC-003,P5A-014;P5A-015;P5A-016;P5A-018:P5A-032;SCN-001:SCN-009,Retained debt stays at the Phase 5 conservative opening proxy because principal and interest allocation is unavailable.
P6D-0150,SEVERE_MITIGATED,proposed,FY2029,Q3,2029-07-31,460.0086396192396061121271841,16.25,16.25,0,0,443.7586396192396061121271841,206.4070000946079132148961584,10.44406903505828587441331687,11.51693294316580782880194166,0,205.3341361865003912605075336,649.0927758057399973726347177,62.619,711.7117758057399973726347177,10.8039590373716800591306151,88.4658638134996087394924664,88.4658638134996087394924664,continued_after_analytical_warning,0,BREACHED_ANALYTICAL_THRESHOLD,SRC-001;SRC-002;SRC-003,P5A-014;P5A-015;P5A-016;P5A-018:P5A-032;SCN-001:SCN-009,Retained debt stays at the Phase 5 conservative opening proxy because principal and interest allocation is unavailable.
P6D-0151,SEVERE_MITIGATED,proposed,FY2029,Q4,2029-10-31,443.7586396192396061121271841,16.25,16.25,0,0,427.5086396192396061121271841,205.3341361865003912605075336,9.55492508196472387905138073,13.28068303706778136328147156,0,201.6083782313973337762774427,629.1170178506369398884046268,62.619,691.7360178506369398884046268,10.49769711995945262714308469,92.1916217686026662237225573,92.1916217686026662237225573,continued_after_analytical_warning,0,PASS,SRC-001;SRC-002;SRC-003,P5A-014;P5A-015;P5A-016;P5A-018:P5A-032;SCN-001:SCN-009,Retained debt stays at the Phase 5 conservative opening proxy because principal and interest allocation is unavailable.
P6D-0152,SEVERE_MITIGATED,proposed,FY2030,Q1,2030-01-31,427.5086396192396061121271841,16.25,16.25,0,0,411.2586396192396061121271841,201.6083782313973337762774427,16.10559523344844820631662043,0.28644846503723023700785136,0,217.4275249998085517455862117,628.6861646190481578577133958,62.619,691.3051646190481578577133958,10.3297172460716363513658365,76.3724750001914482544137883,76.3724750001914482544137883,continued_after_analytical_warning,0,PASS,SRC-001;SRC-002;SRC-003,P5A-014;P5A-015;P5A-016;P5A-018:P5A-032;SCN-001:SCN-009,Retained debt stays at the Phase 5 conservative opening proxy because principal and interest allocation is unavailable.
P6D-0153,SEVERE_MITIGATED,proposed,FY2030,Q2,2030-04-30,411.2586396192396061121271841,16.25,16.25,0,0,395.0086396192396061121271841,217.4275249998085517455862117,8.05695555815505379677479897,16.25212976297672504482291517,0,209.2323507949868804975380956,604.2409904142264866096652797,62.619,666.8599904142264866096652797,10.125902765741783307024937,84.5676492050131195024619044,84.5676492050131195024619044,continued_after_analytical_warning,0,PASS,SRC-001;SRC-002;SRC-003,P5A-014;P5A-015;P5A-016;P5A-018:P5A-032;SCN-001:SCN-009,Retained debt stays at the Phase 5 conservative opening proxy because principal and interest allocation is unavailable.
P6D-0154,SEVERE_MITIGATED,proposed,FY2030,Q3,2030-07-31,395.0086396192396061121271841,16.25,16.25,0,0,378.7586396192396061121271841,209.2323507949868804975380956,8.18924701853064369656670275,15.98970985352554603373053521,0,201.4318879599919781603742632,580.1905275792315842725014473,62.619,642.8095275792315842725014473,9.727624458758595869431011391,92.3681120400080218396257368,92.3681120400080218396257368,continued_after_analytical_warning,0,PASS,SRC-001;SRC-002;SRC-003,P5A-014;P5A-015;P5A-016;P5A-018:P5A-032;SCN-001:SCN-009,Retained debt stays at the Phase 5 conservative opening proxy because principal and interest allocation is unavailable.
P6D-0155,SEVERE_MITIGATED,proposed,FY2030,Q4,2030-10-31,378.7586396192396061121271841,16.25,16.25,0,0,362.5086396192396061121271841,201.4318879599919781603742632,7.9130084659991035630131558,16.53767036236295009465464302,0,192.807226063628131628732776,555.3158656828677377408599601,62.619,617.9348656828677377408599601,9.325843342449288222897447242,100.992773936371868371267224,100.992773936371868371267224,continued_after_analytical_warning,0,PASS,SRC-001;SRC-002;SRC-003,P5A-014;P5A-015;P5A-016;P5A-018:P5A-032;SCN-001:SCN-009,Retained debt stays at the Phase 5 conservative opening proxy because principal and interest allocation is unavailable.
P6D-0156,SEVERE_MITIGATED,proposed,FY2031,Q1,2031-01-31,362.5086396192396061121271841,16.25,16.25,0,0,346.2586396192396061121271841,192.807226063628131628732776,15.17648148379639879189332842,2.12948463200757316384200052,0,205.8542229154169572567841039,552.112862534656563368911288,62.619,614.731862534656563368911288,9.094822438338705106492110781,0,0,continued_after_analytical_warning,552.112862534656563368911288,MATURITY_SHORTFALL,SRC-001;SRC-002;SRC-003,P5A-014;P5A-015;P5A-016;P5A-018:P5A-032;SCN-001:SCN-009,Retained debt stays at the Phase 5 conservative opening proxy because principal and interest allocation is unavailable.
P6D-0157,SEVERE_MITIGATED,existing,FY2026,Q2,2026-04-30,462.5,6.25,6.25,0,0,456.25,207.39771875,195.2291697365978496036757031,0,0,402.6268884865978496036757032,858.8768884865978496036757032,62.619,921.4958884865978496036757032,15.71772103971831549497090689,66.1731115134021503963242968,66.1731115134021503963242968,existing_contractual_drawability_not_reconstructed,0,PASS,SRC-001;SRC-002;SRC-003,P5A-014;P5A-015;P5A-016;P5A-018:P5A-032;SCN-001:SCN-009,Retained debt stays at the Phase 5 conservative opening proxy because principal and interest allocation is unavailable.
P6D-0158,SEVERE_MITIGATED,existing,FY2026,Q3,2026-07-31,456.25,6.25,6.25,0,0,450,402.6268884865978496036757032,4.12517759056319385325418461,8.79410195689751870649483669,0,397.9579641202635247504350512,847.9579641202635247504350512,62.619,910.5769641202635247504350512,18.41531073055743009779580146,70.8420358797364752495649488,70.8420358797364752495649488,existing_contractual_drawability_not_reconstructed,0,PASS,SRC-001;SRC-002;SRC-003,P5A-014;P5A-015;P5A-016;P5A-018:P5A-032;SCN-001:SCN-009,Retained debt stays at the Phase 5 conservative opening proxy because principal and interest allocation is unavailable.
P6D-0159,SEVERE_MITIGATED,existing,FY2026,Q4,2026-10-31,450,6.25,6.25,0,0,443.75,397.9579641202635247504350512,4.01845052608659400640146721,9.20944053063792813958233415,0,392.7669741157121906172541843,836.5169741157121906172541843,62.619,899.1359741157121906172541843,18.17691150968397507014516875,76.0330258842878093827458157,76.0330258842878093827458157,existing_contractual_drawability_not_reconstructed,0,BREACHED_ANALYTICAL_THRESHOLD,SRC-001;SRC-002;SRC-003,P5A-014;P5A-015;P5A-016;P5A-018:P5A-032;SCN-001:SCN-009,Retained debt stays at the Phase 5 conservative opening proxy because principal and interest allocation is unavailable.
P6D-0160,SEVERE_MITIGATED,existing,FY2027,Q1,2027-01-31,443.75,6.25,6.25,0,0,437.5,392.7669741157121906172541843,14.49696089044654705992800004,0,0,407.2639350061587376771821843,844.7639350061587376771821843,62.619,907.3829350061587376771821843,18.06397816551713135498565352,61.5360649938412623228178157,61.5360649938412623228178157,existing_contractual_drawability_not_reconstructed,0,BREACHED_ANALYTICAL_THRESHOLD,SRC-001;SRC-002;SRC-003,P5A-014;P5A-015;P5A-016;P5A-018:P5A-032;SCN-001:SCN-009,Retained debt stays at the Phase 5 conservative opening proxy because principal and interest allocation is unavailable.
P6D-0161,SEVERE_MITIGATED,existing,FY2027,Q2,2027-04-30,437.5,6.25,6.25,0,0,431.25,407.2639350061587376771821843,7.17885575685469995361674696,0.33820907151479590755117631,0,414.1045816914986417232477549,845.3545816914986417232477549,62.619,907.9735816914986417232477549,18.18946095044961446779480972,54.6954183085013582767522451,54.6954183085013582767522451,existing_contractual_drawability_not_reconstructed,0,BREACHED_ANALYTICAL_THRESHOLD,SRC-001;SRC-002;SRC-003,P5A-014;P5A-015;P5A-016;P5A-018:P5A-032;SCN-001:SCN-009,Retained debt stays at the Phase 5 conservative opening proxy because principal and interest allocation is unavailable.
P6D-0162,SEVERE_MITIGATED,existing,FY2027,Q3,2027-07-31,431.25,6.25,6.25,0,0,425,414.1045816914986417232477549,8.56201642501749197756014345,0,0,422.6665981165161337008078983,847.6665981165161337008078983,62.619,910.2855981165161337008078983,18.21383517650131277854528505,46.1334018834838662991921017,46.1334018834838662991921017,existing_contractual_drawability_not_reconstructed,0,BREACHED_ANALYTICAL_THRESHOLD,SRC-001;SRC-002;SRC-003,P5A-014;P5A-015;P5A-016;P5A-018:P5A-032;SCN-001:SCN-009,Retained debt stays at the Phase 5 conservative opening proxy because principal and interest allocation is unavailable.
P6D-0163,SEVERE_MITIGATED,existing,FY2027,Q4,2027-10-31,425,6.25,6.25,0,0,418.75,422.6665981165161337008078983,8.11994982864207353970987,0,0,430.7865479451582072405177683,849.5365479451582072405177683,62.619,912.1555479451582072405177683,18.26056843938602322687403507,38.0134520548417927594822317,38.0134520548417927594822317,existing_contractual_drawability_not_reconstructed,0,BREACHED_ANALYTICAL_THRESHOLD,SRC-001;SRC-002;SRC-003,P5A-014;P5A-015;P5A-016;P5A-018:P5A-032;SCN-001:SCN-009,Retained debt stays at the Phase 5 conservative opening proxy because principal and interest allocation is unavailable.
P6D-0164,SEVERE_MITIGATED,existing,FY2028,Q1,2028-01-31,418.75,6.25,6.25,0,0,412.5,430.7865479451582072405177683,25.61687548341689215372371384,0,0,456.4034234285750993942414822,868.9034234285750993942414822,62.619,931.5224234285750993942414822,18.41822421459111296247847522,12.3965765714249006057585178,12.3965765714249006057585178,existing_contractual_drawability_not_reconstructed,0,BREACHED_ANALYTICAL_THRESHOLD,SRC-001;SRC-002;SRC-003,P5A-014;P5A-015;P5A-016;P5A-018:P5A-032;SCN-001:SCN-009,Retained debt stays at the Phase 5 conservative opening proxy because principal and interest allocation is unavailable.
P6D-0165,SEVERE_MITIGATED,existing,FY2028,Q2,2028-04-30,412.5,6.25,6.25,0,0,406.25,456.4034234285750993942414822,1.44916878983231589217291813,30.52908284514324075419160769,0,427.3235093732641745322227926,833.5735093732641745322227926,62.619,896.1925093732641745322227926,17.59890491234201040125329326,41.4764906267358254677772074,41.4764906267358254677772074,existing_contractual_drawability_not_reconstructed,0,BREACHED_ANALYTICAL_THRESHOLD,SRC-001;SRC-002;SRC-003,P5A-014;P5A-015;P5A-016;P5A-018:P5A-032;SCN-001:SCN-009,Retained debt stays at the Phase 5 conservative opening proxy because principal and interest allocation is unavailable.
P6D-0166,SEVERE_MITIGATED,existing,FY2028,Q3,2028-07-31,406.25,6.25,6.25,0,0,400,427.3235093732641745322227926,1.00035121755874413346566207,30.92623308351305028791636846,0,397.3976275073098683777720862,797.3976275073098683777720862,62.619,860.0166275073098683777720862,16.04021039437535904271522802,71.4023724926901316222279138,71.4023724926901316222279138,existing_contractual_drawability_not_reconstructed,0,BREACHED_ANALYTICAL_THRESHOLD,SRC-001;SRC-002;SRC-003,P5A-014;P5A-015;P5A-016;P5A-018:P5A-032;SCN-001:SCN-009,Retained debt stays at the Phase 5 conservative opening proxy because principal and interest allocation is unavailable.
P6D-0167,SEVERE_MITIGATED,existing,FY2028,Q4,2028-10-31,400,6.25,6.25,0,0,393.75,397.3976275073098683777720862,0.22627212734664785713387459,34.38922335334832133820606384,0,363.234676281308194896699897,756.984676281308194896699897,62.619,819.603676281308194896699897,14.51811356318244968091283276,105.565323718691805103300103,105.565323718691805103300103,existing_contractual_drawability_not_reconstructed,0,BREACHED_ANALYTICAL_THRESHOLD,SRC-001;SRC-002;SRC-003,P5A-014;P5A-015;P5A-016;P5A-018:P5A-032;SCN-001:SCN-009,Retained debt stays at the Phase 5 conservative opening proxy because principal and interest allocation is unavailable.
P6D-0168,SEVERE_MITIGATED,existing,FY2029,Q1,2029-01-31,393.75,6.25,6.25,0,0,387.5,363.234676281308194896699897,1.332024976332553565952648,20.68578768053351274187226037,0,343.8809135771072357207802846,731.3809135771072357207802846,62.619,793.9999135771072357207802846,13.1025317051644035661859035,124.9190864228927642792197154,124.9190864228927642792197154,existing_contractual_drawability_not_reconstructed,0,BREACHED_ANALYTICAL_THRESHOLD,SRC-001;SRC-002;SRC-003,P5A-014;P5A-015;P5A-016;P5A-018:P5A-032;SCN-001:SCN-009,Retained debt stays at the Phase 5 conservative opening proxy because principal and interest allocation is unavailable.
P6D-0169,SEVERE_MITIGATED,existing,FY2029,Q2,2029-04-30,387.5,6.25,6.25,0,0,381.25,343.8809135771072357207802846,0,47.21751444586944955381835222,0,296.6633991312377861669619324,677.9133991312377861669619324,62.619,740.5323991312377861669619324,11.57489802189730870689479852,172.1366008687622138330380676,172.1366008687622138330380676,existing_contractual_drawability_not_reconstructed,0,BREACHED_ANALYTICAL_THRESHOLD,SRC-001;SRC-002;SRC-003,P5A-014;P5A-015;P5A-016;P5A-018:P5A-032;SCN-001:SCN-009,Retained debt stays at the Phase 5 conservative opening proxy because principal and interest allocation is unavailable.
P6D-0170,SEVERE_MITIGATED,existing,FY2029,Q3,2029-07-31,381.25,6.25,6.25,0,0,375,296.6633991312377861669619324,0.50788706427293212685350952,11.39034033167063020514735629,0,285.7809458638400880886680856,660.7809458638400880886680856,62.619,723.3999458638400880886680856,10.99436967808150393522539312,0,0,existing_contractual_drawability_not_reconstructed,660.7809458638400880886680856,MATURITY_SHORTFALL,SRC-001;SRC-002;SRC-003,P5A-014;P5A-015;P5A-016;P5A-018:P5A-032;SCN-001:SCN-009,Retained debt stays at the Phase 5 conservative opening proxy because principal and interest allocation is unavailable.
P6D-0171,MODERATE_NO_WAIVER,proposed,FY2026,Q2,2026-04-30,650,16.25,16.25,0,0,633.75,29.89771875,83.14093729303857799284278996,0,0,113.03865604303857799284279,746.78865604303857799284279,62.619,809.40765604303857799284279,13.41024113953104624366126085,180.76134395696142200715721,180.76134395696142200715721,available_before_analytical_shutoff,0,PASS,SRC-001;SRC-002;SRC-003,P5A-014;P5A-015;P5A-016;P5A-018:P5A-032;SCN-001:SCN-009,Retained debt stays at the Phase 5 conservative opening proxy because principal and interest allocation is unavailable.
P6D-0172,MODERATE_NO_WAIVER,proposed,FY2026,Q3,2026-07-31,633.75,16.25,16.25,0,0,617.5,113.03865604303857799284279,8.5508379262706168279130489,2.28272567264091338950081445,0,119.3067682966682814312550245,736.8067682966682814312550245,62.619,799.4257682966682814312550245,14.0975130086878459550478218,174.4932317033317185687449755,174.4932317033317185687449755,available_before_analytical_shutoff,0,PASS,SRC-001;SRC-002;SRC-003,P5A-014;P5A-015;P5A-016;P5A-018:P5A-032;SCN-001:SCN-009,Retained debt stays at the Phase 5 conservative opening proxy because principal and interest allocation is unavailable.
P6D-0173,MODERATE_NO_WAIVER,proposed,FY2026,Q4,2026-10-31,617.5,16.25,16.25,0,0,601.25,119.3067682966682814312550245,7.07689879915155669831899351,2.92331421049058784237659764,0,123.4603528853292502871974204,724.7103528853292502871974204,62.619,787.3293528853292502871974204,13.89226519720170350060195105,170.3396471146707497128025796,170.3396471146707497128025796,continued_after_analytical_warning,0,BREACHED_ANALYTICAL_THRESHOLD,SRC-001;SRC-002;SRC-003,P5A-014;P5A-015;P5A-016;P5A-018:P5A-032;SCN-001:SCN-009,Retained debt stays at the Phase 5 conservative opening proxy because principal and interest allocation is unavailable.
P6D-0174,MODERATE_NO_WAIVER,proposed,FY2027,Q1,2027-01-31,601.25,16.25,16.25,0,0,585,123.4603528853292502871974204,0,0,0,123.4603528853292502871974204,708.4603528853292502871974204,62.619,771.0793528853292502871974204,13.66388822002152272835187785,170.3396471146707497128025796,0,no_waiver_drawability_shutoff,0,LIQUIDITY_FAILURE,SRC-001;SRC-002;SRC-003,P5A-014;P5A-015;P5A-016;P5A-018:P5A-032;SCN-001:SCN-009,Retained debt stays at the Phase 5 conservative opening proxy because principal and interest allocation is unavailable.
P6D-0175,MODERATE_NO_WAIVER,proposed,FY2027,Q2,2027-04-30,585,16.25,16.25,0,0,568.75,123.4603528853292502871974204,0,0,0,123.4603528853292502871974204,692.2103528853292502871974204,62.619,754.8293528853292502871974204,12.91526195780152528025571279,170.3396471146707497128025796,0,no_waiver_drawability_shutoff,0,LIQUIDITY_FAILURE,SRC-001;SRC-002;SRC-003,P5A-014;P5A-015;P5A-016;P5A-018:P5A-032;SCN-001:SCN-009,Retained debt stays at the Phase 5 conservative opening proxy because principal and interest allocation is unavailable.
P6D-0176,MODERATE_NO_WAIVER,proposed,FY2027,Q3,2027-07-31,568.75,16.25,16.25,0,0,552.5,123.4603528853292502871974204,0,2.28148310992211480341836435,0,121.178869775407135483779056,673.678869775407135483779056,62.619,736.297869775407135483779056,12.17718756293582451135894132,172.621130224592864516220944,0,no_waiver_drawability_shutoff,0,BREACHED_ANALYTICAL_THRESHOLD,SRC-001;SRC-002;SRC-003,P5A-014;P5A-015;P5A-016;P5A-018:P5A-032;SCN-001:SCN-009,Retained debt stays at the Phase 5 conservative opening proxy because principal and interest allocation is unavailable.
P6D-0177,MODERATE_NO_WAIVER,proposed,FY2027,Q4,2027-10-31,552.5,16.25,16.25,0,0,536.25,121.178869775407135483779056,0,16.32938309039482270905148416,0,104.8494866850123127747275718,641.0994866850123127747275718,62.619,703.7184866850123127747275718,11.29570158607256494399740054,188.9505133149876872252724282,0,no_waiver_drawability_shutoff,0,BREACHED_ANALYTICAL_THRESHOLD,SRC-001;SRC-002;SRC-003,P5A-014;P5A-015;P5A-016;P5A-018:P5A-032;SCN-001:SCN-009,Retained debt stays at the Phase 5 conservative opening proxy because principal and interest allocation is unavailable.
P6D-0178,MODERATE_NO_WAIVER,proposed,FY2028,Q1,2028-01-31,536.25,16.25,16.25,0,0,520,104.8494866850123127747275718,0,9.50542630678497922805470327,0,95.34406037822733354667286848,615.3440603782273335466728685,62.619,677.9630603782273335466728685,10.38156150851709834349860233,198.4559396217726664533271315,0,no_waiver_drawability_shutoff,0,LIQUIDITY_FAILURE,SRC-001;SRC-002;SRC-003,P5A-014;P5A-015;P5A-016;P5A-018:P5A-032;SCN-001:SCN-009,Retained debt stays at the Phase 5 conservative opening proxy because principal and interest allocation is unavailable.
P6D-0179,MODERATE_NO_WAIVER,proposed,FY2028,Q2,2028-04-30,520,16.25,16.25,0,0,503.75,95.34406037822733354667286848,0,1.00905657668830753738757391,0,94.33500380153902600928529457,598.0850038015390260092852946,62.619,660.7040038015390260092852946,10.0542549395764859297524413,199.4649961984609739907147054,0,no_waiver_drawability_shutoff,0,LIQUIDITY_FAILURE,SRC-001;SRC-002;SRC-003,P5A-014;P5A-015;P5A-016;P5A-018:P5A-032;SCN-001:SCN-009,Retained debt stays at the Phase 5 conservative opening proxy because principal and interest allocation is unavailable.
P6D-0180,MODERATE_NO_WAIVER,proposed,FY2028,Q3,2028-07-31,503.75,16.25,16.25,0,0,487.5,94.33500380153902600928529457,0,2.57499550022924481591329019,0,91.76000830130978119337200438,579.2600083013097811933720044,62.619,641.8790083013097811933720044,9.757914661895040610478611162,202.0399916986902188066279956,0,no_waiver_drawability_shutoff,0,LIQUIDITY_FAILURE,SRC-001;SRC-002;SRC-003,P5A-014;P5A-015;P5A-016;P5A-018:P5A-032;SCN-001:SCN-009,Retained debt stays at the Phase 5 conservative opening proxy because principal and interest allocation is unavailable.
P6D-0181,MODERATE_NO_WAIVER,proposed,FY2028,Q4,2028-10-31,487.5,16.25,16.25,0,0,471.25,91.76000830130978119337200438,0,3.77652607906416397385012166,0,87.98348222224561721952188272,559.2334822222456172195218827,62.619,621.8524822222456172195218827,9.438846540925277701536366534,205.8165177777543827804781173,0,no_waiver_drawability_shutoff,0,LIQUIDITY_FAILURE,SRC-001;SRC-002;SRC-003,P5A-014;P5A-015;P5A-016;P5A-018:P5A-032;SCN-001:SCN-009,Retained debt stays at the Phase 5 conservative opening proxy because principal and interest allocation is unavailable.
P6D-0182,MODERATE_NO_WAIVER,proposed,FY2029,Q1,2029-01-31,471.25,16.25,16.25,0,0,455,87.98348222224561721952188272,0,0,0,87.98348222224561721952188272,542.9834822222456172195218827,62.619,605.6024822222456172195218827,9.140925570500384262830646924,205.8165177777543827804781173,0,no_waiver_drawability_shutoff,0,LIQUIDITY_FAILURE,SRC-001;SRC-002;SRC-003,P5A-014;P5A-015;P5A-016;P5A-018:P5A-032;SCN-001:SCN-009,Retained debt stays at the Phase 5 conservative opening proxy because principal and interest allocation is unavailable.
P6D-0183,MODERATE_NO_WAIVER,proposed,FY2029,Q2,2029-04-30,455,16.25,16.25,0,0,438.75,87.98348222224561721952188272,0,0,0,87.98348222224561721952188272,526.7334822222456172195218827,62.619,589.3524822222456172195218827,8.874019320500384262830646924,205.8165177777543827804781173,0,no_waiver_drawability_shutoff,0,LIQUIDITY_FAILURE,SRC-001;SRC-002;SRC-003,P5A-014;P5A-015;P5A-016;P5A-018:P5A-032;SCN-001:SCN-009,Retained debt stays at the Phase 5 conservative opening proxy because principal and interest allocation is unavailable.
P6D-0184,MODERATE_NO_WAIVER,proposed,FY2029,Q3,2029-07-31,438.75,16.25,16.25,0,0,422.5,87.98348222224561721952188272,0,0,0,87.98348222224561721952188272,510.4834822222456172195218827,62.619,573.1024822222456172195218827,8.607113070500384262830646924,205.8165177777543827804781173,0,no_waiver_drawability_shutoff,0,LIQUIDITY_FAILURE,SRC-001;SRC-002;SRC-003,P5A-014;P5A-015;P5A-016;P5A-018:P5A-032;SCN-001:SCN-009,Retained debt stays at the Phase 5 conservative opening proxy because principal and interest allocation is unavailable.
P6D-0185,MODERATE_NO_WAIVER,proposed,FY2029,Q4,2029-10-31,422.5,16.25,16.25,0,0,406.25,87.98348222224561721952188272,0,2.18572672919110021526303384,0,85.79775549305451700425884888,492.0477554930545170042588489,62.619,554.6667554930545170042588489,8.32225653973723745351902251,208.0022445069454829957411511,0,no_waiver_drawability_shutoff,0,LIQUIDITY_FAILURE,SRC-001;SRC-002;SRC-003,P5A-014;P5A-015;P5A-016;P5A-018:P5A-032;SCN-001:SCN-009,Retained debt stays at the Phase 5 conservative opening proxy because principal and interest allocation is unavailable.
P6D-0186,MODERATE_NO_WAIVER,proposed,FY2030,Q1,2030-01-31,406.25,16.25,16.25,0,0,390,85.79775549305451700425884888,0,0,0,85.79775549305451700425884888,475.7977554930545170042588489,62.619,538.4167554930545170042588489,8.037400008973420441794951594,208.0022445069454829957411511,0,no_waiver_drawability_shutoff,0,LIQUIDITY_FAILURE,SRC-001;SRC-002;SRC-003,P5A-014;P5A-015;P5A-016;P5A-018:P5A-032;SCN-001:SCN-009,Retained debt stays at the Phase 5 conservative opening proxy because principal and interest allocation is unavailable.
P6D-0187,MODERATE_NO_WAIVER,proposed,FY2030,Q2,2030-04-30,390,16.25,16.25,0,0,373.75,85.79775549305451700425884888,0,0,0,85.79775549305451700425884888,459.5477554930545170042588489,62.619,522.1667554930545170042588489,7.770493758973420441794951594,208.0022445069454829957411511,0,no_waiver_drawability_shutoff,0,LIQUIDITY_FAILURE,SRC-001;SRC-002;SRC-003,P5A-014;P5A-015;P5A-016;P5A-018:P5A-032;SCN-001:SCN-009,Retained debt stays at the Phase 5 conservative opening proxy because principal and interest allocation is unavailable.
P6D-0188,MODERATE_NO_WAIVER,proposed,FY2030,Q3,2030-07-31,373.75,16.25,16.25,0,0,357.5,85.79775549305451700425884888,0,0,0,85.79775549305451700425884888,443.2977554930545170042588489,62.619,505.9167554930545170042588489,7.503587508973420441794951594,208.0022445069454829957411511,0,no_waiver_drawability_shutoff,0,LIQUIDITY_FAILURE,SRC-001;SRC-002;SRC-003,P5A-014;P5A-015;P5A-016;P5A-018:P5A-032;SCN-001:SCN-009,Retained debt stays at the Phase 5 conservative opening proxy because principal and interest allocation is unavailable.
P6D-0189,MODERATE_NO_WAIVER,proposed,FY2030,Q4,2030-10-31,357.5,16.25,16.25,0,0,341.25,85.79775549305451700425884888,0,6.68312337146715879806134137,0,79.11463212158735820619750751,420.3646321215873582061975075,62.619,482.9836321215873582061975075,7.181796108286271012562842623,214.6853678784126417938024925,0,no_waiver_drawability_shutoff,0,LIQUIDITY_FAILURE,SRC-001;SRC-002;SRC-003,P5A-014;P5A-015;P5A-016;P5A-018:P5A-032;SCN-001:SCN-009,Retained debt stays at the Phase 5 conservative opening proxy because principal and interest allocation is unavailable.
P6D-0190,MODERATE_NO_WAIVER,proposed,FY2031,Q1,2031-01-31,341.25,16.25,16.25,0,0,325,79.11463212158735820619750751,0,0,0,79.11463212158735820619750751,404.1146321215873582061975075,62.619,466.7336321215873582061975075,6.860004707597072358536794059,0,0,no_waiver_drawability_shutoff,404.1146321215873582061975075,LIQUIDITY_FAILURE,SRC-001;SRC-002;SRC-003,P5A-014;P5A-015;P5A-016;P5A-018:P5A-032;SCN-001:SCN-009,Retained debt stays at the Phase 5 conservative opening proxy because principal and interest allocation is unavailable.
P6D-0191,MODERATE_NO_WAIVER,existing,FY2026,Q2,2026-04-30,462.5,6.25,6.25,0,0,456.25,207.39771875,72.94988452484149953675072658,0,0,280.3476032748414995367507265,736.5976032748414995367507265,62.619,799.2166032748414995367507265,13.21918837133396778756919748,188.4523967251585004632492735,188.4523967251585004632492735,existing_contractual_drawability_not_reconstructed,0,PASS,SRC-001;SRC-002;SRC-003,P5A-014;P5A-015;P5A-016;P5A-018:P5A-032;SCN-001:SCN-009,Retained debt stays at the Phase 5 conservative opening proxy because principal and interest allocation is unavailable.
P6D-0192,MODERATE_NO_WAIVER,existing,FY2026,Q3,2026-07-31,456.25,6.25,6.25,0,0,450,280.3476032748414995367507265,0.76159191748666546650835275,4.68818254807444427272292762,0,276.4210126442537207305361516,726.4210126442537207305361516,62.619,789.0400126442537207305361516,13.90281012447036371042101247,192.3789873557462792694638484,192.3789873557462792694638484,existing_contractual_drawability_not_reconstructed,0,PASS,SRC-001;SRC-002;SRC-003,P5A-014;P5A-015;P5A-016;P5A-018:P5A-032;SCN-001:SCN-009,Retained debt stays at the Phase 5 conservative opening proxy because principal and interest allocation is unavailable.
P6D-0193,MODERATE_NO_WAIVER,existing,FY2026,Q4,2026-10-31,450,6.25,6.25,0,0,443.75,276.4210126442537207305361516,0.31412724273404617096542284,6.35896539079112911048048455,0,270.3761744961966377910210899,714.1261744961966377910210899,62.619,776.7451744961966377910210899,13.69384246048365170514449346,198.4238255038033622089789101,198.4238255038033622089789101,existing_contractual_drawability_not_reconstructed,0,BREACHED_ANALYTICAL_THRESHOLD,SRC-001;SRC-002;SRC-003,P5A-014;P5A-015;P5A-016;P5A-018:P5A-032;SCN-001:SCN-009,Retained debt stays at the Phase 5 conservative opening proxy because principal and interest allocation is unavailable.
P6D-0194,MODERATE_NO_WAIVER,existing,FY2027,Q1,2027-01-31,443.75,6.25,6.25,0,0,437.5,270.3761744961966377910210899,13.6136118036187200659879741,0,0,283.9897862998153578570090639,721.4897862998153578570090639,62.619,784.1087862998153578570090639,13.60915718199608200529446498,184.8102137001846421429909361,184.8102137001846421429909361,existing_contractual_drawability_not_reconstructed,0,BREACHED_ANALYTICAL_THRESHOLD,SRC-001;SRC-002;SRC-003,P5A-014;P5A-015;P5A-016;P5A-018:P5A-032;SCN-001:SCN-009,Retained debt stays at the Phase 5 conservative opening proxy because principal and interest allocation is unavailable.
P6D-0195,MODERATE_NO_WAIVER,existing,FY2027,Q2,2027-04-30,437.5,6.25,6.25,0,0,431.25,283.9897862998153578570090639,0,22.48104625923095028396595693,0,261.508740040584407573043107,692.758740040584407573043107,62.619,755.377740040584407573043107,13.03007457568227340024724629,207.291259959415592426956893,207.291259959415592426956893,existing_contractual_drawability_not_reconstructed,0,BREACHED_ANALYTICAL_THRESHOLD,SRC-001;SRC-002;SRC-003,P5A-014;P5A-015;P5A-016;P5A-018:P5A-032;SCN-001:SCN-009,Retained debt stays at the Phase 5 conservative opening proxy because principal and interest allocation is unavailable.
P6D-0196,MODERATE_NO_WAIVER,existing,FY2027,Q3,2027-07-31,431.25,6.25,6.25,0,0,425,261.508740040584407573043107,0,23.46255599054262718649983634,0,238.0461840500417803865432707,663.0461840500417803865432707,62.619,725.6651840500417803865432707,12.06859864684777451336536586,230.7538159499582196134567293,230.7538159499582196134567293,existing_contractual_drawability_not_reconstructed,0,BREACHED_ANALYTICAL_THRESHOLD,SRC-001;SRC-002;SRC-003,P5A-014;P5A-015;P5A-016;P5A-018:P5A-032;SCN-001:SCN-009,Retained debt stays at the Phase 5 conservative opening proxy because principal and interest allocation is unavailable.
P6D-0197,MODERATE_NO_WAIVER,existing,FY2027,Q4,2027-10-31,425,6.25,6.25,0,0,418.75,238.0461840500417803865432707,0,26.51222517354651346349099877,0,211.5339588764952669230522719,630.2839588764952669230522719,62.619,692.9029588764952669230522719,11.11285950292087418955788594,257.2660411235047330769477281,257.2660411235047330769477281,existing_contractual_drawability_not_reconstructed,0,BREACHED_ANALYTICAL_THRESHOLD,SRC-001;SRC-002;SRC-003,P5A-014;P5A-015;P5A-016;P5A-018:P5A-032;SCN-001:SCN-009,Retained debt stays at the Phase 5 conservative opening proxy because principal and interest allocation is unavailable.
P6D-0198,MODERATE_NO_WAIVER,existing,FY2028,Q1,2028-01-31,418.75,6.25,6.25,0,0,412.5,211.5339588764952669230522719,1.398081013671916275120082,9.62450741296189540349234717,0,203.3075324772052877946800068,615.8075324772052877946800068,62.619,678.4265324772052877946800068,10.23381566530694525220564229,265.4924675227947122053199932,265.4924675227947122053199932,existing_contractual_drawability_not_reconstructed,0,BREACHED_ANALYTICAL_THRESHOLD,SRC-001;SRC-002;SRC-003,P5A-014;P5A-015;P5A-016;P5A-018:P5A-032;SCN-001:SCN-009,Retained debt stays at the Phase 5 conservative opening proxy because principal and interest allocation is unavailable.
P6D-0199,MODERATE_NO_WAIVER,existing,FY2028,Q2,2028-04-30,412.5,6.25,6.25,0,0,406.25,203.3075324772052877946800068,0,12.54593351498848581183408331,0,190.7615989622168019828459235,597.0115989622168019828459235,62.619,659.6305989622168019828459235,9.960652729246294924237781232,278.0384010377831980171540765,278.0384010377831980171540765,existing_contractual_drawability_not_reconstructed,0,PASS,SRC-001;SRC-002;SRC-003,P5A-014;P5A-015;P5A-016;P5A-018:P5A-032;SCN-001:SCN-009,Retained debt stays at the Phase 5 conservative opening proxy because principal and interest allocation is unavailable.
P6D-0200,MODERATE_NO_WAIVER,existing,FY2028,Q3,2028-07-31,406.25,6.25,6.25,0,0,400,190.7615989622168019828459235,0,12.75041811880185347382593956,0,178.0111808434149485090199839,578.0111808434149485090199839,62.619,640.6301808434149485090199839,9.650254277812816970776668101,290.7888191565850514909800161,290.7888191565850514909800161,existing_contractual_drawability_not_reconstructed,0,PASS,SRC-001;SRC-002;SRC-003,P5A-014;P5A-015;P5A-016;P5A-018:P5A-032;SCN-001:SCN-009,Retained debt stays at the Phase 5 conservative opening proxy because principal and interest allocation is unavailable.
P6D-0201,MODERATE_NO_WAIVER,existing,FY2028,Q4,2028-10-31,400,6.25,6.25,0,0,393.75,178.0111808434149485090199839,0,14.46304892266578066414156508,0,163.5481319207491678448784188,557.2981319207491678448784188,62.619,619.9171319207491678448784188,9.324141654435361073272107487,305.2518680792508321551215812,305.2518680792508321551215812,existing_contractual_drawability_not_reconstructed,0,PASS,SRC-001;SRC-002;SRC-003,P5A-014;P5A-015;P5A-016;P5A-018:P5A-032;SCN-001:SCN-009,Retained debt stays at the Phase 5 conservative opening proxy because principal and interest allocation is unavailable.
P6D-0202,MODERATE_NO_WAIVER,existing,FY2029,Q1,2029-01-31,393.75,6.25,6.25,0,0,387.5,163.5481319207491678448784188,6.25555940514644143400376541,0,0,169.8036913258956092788821842,557.3036913258956092788821842,62.619,619.9226913258956092788821842,9.153667362314424338359776844,298.9963086741043907211178158,298.9963086741043907211178158,existing_contractual_drawability_not_reconstructed,0,PASS,SRC-001;SRC-002;SRC-003,P5A-014;P5A-015;P5A-016;P5A-018:P5A-032;SCN-001:SCN-009,Retained debt stays at the Phase 5 conservative opening proxy because principal and interest allocation is unavailable.
P6D-0203,MODERATE_NO_WAIVER,existing,FY2029,Q2,2029-04-30,387.5,6.25,6.25,0,0,381.25,169.8036913258956092788821842,0,16.20174817907679042529832944,0,153.6019431468188188535838548,534.8519431468188188535838548,62.619,597.4709431468188188535838548,8.969776817111568838756325147,315.1980568531811811464161452,315.1980568531811811464161452,existing_contractual_drawability_not_reconstructed,0,PASS,SRC-001;SRC-002;SRC-003,P5A-014;P5A-015;P5A-016;P5A-018:P5A-032;SCN-001:SCN-009,Retained debt stays at the Phase 5 conservative opening proxy because principal and interest allocation is unavailable.
P6D-0204,MODERATE_NO_WAIVER,existing,FY2029,Q3,2029-07-31,381.25,6.25,6.25,0,0,375,153.6019431468188188535838548,0,15.77400434251748287984319058,0,137.8279388043013359737406642,512.8279388043013359737406642,62.619,575.4469388043013359737406642,8.604511151623368848044850632,0,0,existing_contractual_drawability_not_reconstructed,512.8279388043013359737406642,MATURITY_SHORTFALL,SRC-001;SRC-002;SRC-003,P5A-014;P5A-015;P5A-016;P5A-018:P5A-032;SCN-001:SCN-009,Retained debt stays at the Phase 5 conservative opening proxy because principal and interest allocation is unavailable.
P6D-0205,SEVERE_NO_WAIVER,proposed,FY2026,Q2,2026-04-30,650,16.25,16.25,0,0,633.75,29.89771875,205.4457322994654312666516832,0,0,235.3434510494654312666516832,869.0934510494654312666516832,62.619,931.7124510494654312666516832,15.9342836025858971579468871,58.4565489505345687333483168,58.4565489505345687333483168,available_before_analytical_shutoff,0,PASS,SRC-001;SRC-002;SRC-003,P5A-014;P5A-015;P5A-016;P5A-018:P5A-032;SCN-001:SCN-009,Retained debt stays at the Phase 5 conservative opening proxy because principal and interest allocation is unavailable.
P6D-0206,SEVERE_NO_WAIVER,proposed,FY2026,Q3,2026-07-31,633.75,16.25,16.25,0,0,617.5,235.3434510494654312666516832,8.64788401785769221475597173,0,0,243.991335067323123481407655,861.491335067323123481407655,62.619,924.110335067323123481407655,18.66961911474944716579242523,49.808664932676876518592345,49.808664932676876518592345,continued_after_analytical_warning,0,BREACHED_ANALYTICAL_THRESHOLD,SRC-001;SRC-002;SRC-003,P5A-014;P5A-015;P5A-016;P5A-018:P5A-032;SCN-001:SCN-009,Retained debt stays at the Phase 5 conservative opening proxy because principal and interest allocation is unavailable.
P6D-0207,SEVERE_NO_WAIVER,proposed,FY2026,Q4,2026-10-31,617.5,16.25,16.25,0,0,601.25,243.991335067323123481407655,0,0,0,243.991335067323123481407655,845.241335067323123481407655,62.619,907.860335067323123481407655,18.39942581215073125392249234,49.808664932676876518592345,0,no_waiver_drawability_shutoff,0,LIQUIDITY_FAILURE,SRC-001;SRC-002;SRC-003,P5A-014;P5A-015;P5A-016;P5A-018:P5A-032;SCN-001:SCN-009,Retained debt stays at the Phase 5 conservative opening proxy because principal and interest allocation is unavailable.
P6D-0208,SEVERE_NO_WAIVER,proposed,FY2027,Q1,2027-01-31,601.25,16.25,7.234223415004430990538704521,0,0,594.0157765849955690094612955,243.991335067323123481407655,0,0,0,243.991335067323123481407655,838.0071116523186924908689505,62.619,900.6261116523186924908689505,18.05126956215073125392249234,49.808664932676876518592345,0,no_waiver_drawability_shutoff,0,MANDATORY_PAYMENT_FAILURE,SRC-001;SRC-002;SRC-003,P5A-014;P5A-015;P5A-016;P5A-018:P5A-032;SCN-001:SCN-009,Retained debt stays at the Phase 5 conservative opening proxy because principal and interest allocation is unavailable.
P6D-0209,SEVERE_NO_WAIVER,proposed,FY2027,Q2,2027-04-30,594.0157765849955690094612955,16.25,7.326400358271002445251716312,0,0,586.6893762267245665642095792,243.991335067323123481407655,0,0,0,243.991335067323123481407655,830.6807112940476900456172342,62.619,893.2997112940476900456172342,13.42341390683870797647752277,49.808664932676876518592345,0,no_waiver_drawability_shutoff,0,MANDATORY_PAYMENT_FAILURE,SRC-001;SRC-002;SRC-003,P5A-014;P5A-015;P5A-016;P5A-018:P5A-032;SCN-001:SCN-009,Retained debt stays at the Phase 5 conservative opening proxy because principal and interest allocation is unavailable.
P6D-0210,SEVERE_NO_WAIVER,proposed,FY2027,Q3,2027-07-31,586.6893762267245665642095792,16.25,6.275675983639492934231225638,0,0,580.4137002430850736299783536,243.991335067323123481407655,0,0,0,243.991335067323123481407655,824.4050353104081971113860086,62.619,887.0240353104081971113860086,12.77714276784432786675391598,49.808664932676876518592345,0,no_waiver_drawability_shutoff,0,MANDATORY_PAYMENT_FAILURE,SRC-001;SRC-002;SRC-003,P5A-014;P5A-015;P5A-016;P5A-018:P5A-032;SCN-001:SCN-009,Retained debt stays at the Phase 5 conservative opening proxy because principal and interest allocation is unavailable.
P6D-0211,SEVERE_NO_WAIVER,proposed,FY2027,Q4,2027-10-31,580.4137002430850736299783536,16.25,6.638214678141735422286225556,0,0,573.775485564943338207692128,243.991335067323123481407655,0,0,0,243.991335067323123481407655,817.766820632266461689099783,62.619,880.385820632266461689099783,12.90340393260221426487793952,49.808664932676876518592345,0,no_waiver_drawability_shutoff,0,MANDATORY_PAYMENT_FAILURE,SRC-001;SRC-002;SRC-003,P5A-014;P5A-015;P5A-016;P5A-018:P5A-032;SCN-001:SCN-009,Retained debt stays at the Phase 5 conservative opening proxy because principal and interest allocation is unavailable.
P6D-0212,SEVERE_NO_WAIVER,proposed,FY2028,Q1,2028-01-31,573.775485564943338207692128,16.25,0,0,0,573.775485564943338207692128,243.991335067323123481407655,0,0,0,243.991335067323123481407655,817.766820632266461689099783,62.619,880.385820632266461689099783,2.5713487311742208087547614,49.808664932676876518592345,0,no_waiver_drawability_shutoff,0,MANDATORY_PAYMENT_FAILURE,SRC-001;SRC-002;SRC-003,P5A-014;P5A-015;P5A-016;P5A-018:P5A-032;SCN-001:SCN-009,Retained debt stays at the Phase 5 conservative opening proxy because principal and interest allocation is unavailable.
P6D-0213,SEVERE_NO_WAIVER,proposed,FY2028,Q2,2028-04-30,573.775485564943338207692128,16.25,16.25,0,0,557.525485564943338207692128,243.991335067323123481407655,0,0,0,243.991335067323123481407655,801.516820632266461689099783,62.619,864.135820632266461689099783,16.64756960308070914666652973,49.808664932676876518592345,0,no_waiver_drawability_shutoff,0,LIQUIDITY_FAILURE,SRC-001;SRC-002;SRC-003,P5A-014;P5A-015;P5A-016;P5A-018:P5A-032;SCN-001:SCN-009,Retained debt stays at the Phase 5 conservative opening proxy because principal and interest allocation is unavailable.
P6D-0214,SEVERE_NO_WAIVER,proposed,FY2028,Q3,2028-07-31,557.525485564943338207692128,16.25,16.25,0,0,541.275485564943338207692128,243.991335067323123481407655,0,11.50966316733038818390337222,0,232.4816718999927352975042828,773.7571574649360735051964108,62.619,836.3761574649360735051964108,15.47959233127755709687410471,61.3183281000072647024957172,0,no_waiver_drawability_shutoff,0,BREACHED_ANALYTICAL_THRESHOLD,SRC-001;SRC-002;SRC-003,P5A-014;P5A-015;P5A-016;P5A-018:P5A-032;SCN-001:SCN-009,Retained debt stays at the Phase 5 conservative opening proxy because principal and interest allocation is unavailable.
P6D-0215,SEVERE_NO_WAIVER,proposed,FY2028,Q4,2028-10-31,541.275485564943338207692128,16.25,16.25,0,0,525.025485564943338207692128,232.4816718999927352975042828,0,21.51851558793679803228590227,0,210.9631563120559372652183806,735.9886418769992754729105086,62.619,798.6076418769992754729105086,14.10004920124732512969911976,82.8368436879440627347816194,0,no_waiver_drawability_shutoff,0,BREACHED_ANALYTICAL_THRESHOLD,SRC-001;SRC-002;SRC-003,P5A-014;P5A-015;P5A-016;P5A-018:P5A-032;SCN-001:SCN-009,Retained debt stays at the Phase 5 conservative opening proxy because principal and interest allocation is unavailable.
P6D-0216,SEVERE_NO_WAIVER,proposed,FY2029,Q1,2029-01-31,525.025485564943338207692128,16.25,16.25,0,0,508.775485564943338207692128,210.9631563120559372652183806,0,6.6465659483899860138496904,0,204.3165903636659512513686902,713.0920759286092894590608182,62.619,775.7110759286092894590608182,12.74722846097537672825582548,89.4834096363340487486313098,0,no_waiver_drawability_shutoff,0,BREACHED_ANALYTICAL_THRESHOLD,SRC-001;SRC-002;SRC-003,P5A-014;P5A-015;P5A-016;P5A-018:P5A-032;SCN-001:SCN-009,Retained debt stays at the Phase 5 conservative opening proxy because principal and interest allocation is unavailable.
P6D-0217,SEVERE_NO_WAIVER,proposed,FY2029,Q2,2029-04-30,508.775485564943338207692128,16.25,16.25,0,0,492.525485564943338207692128,204.3165903636659512513686902,0,34.43259309065136430295581203,0,169.8839972730145869484128782,662.4094828379579251561050062,62.619,725.0284828379579251561050062,11.29731937711539395775733873,123.9160027269854130515871218,0,no_waiver_drawability_shutoff,0,BREACHED_ANALYTICAL_THRESHOLD,SRC-001;SRC-002;SRC-003,P5A-014;P5A-015;P5A-016;P5A-018:P5A-032;SCN-001:SCN-009,Retained debt stays at the Phase 5 conservative opening proxy because principal and interest allocation is unavailable.
P6D-0218,SEVERE_NO_WAIVER,proposed,FY2029,Q3,2029-07-31,492.525485564943338207692128,16.25,16.25,0,0,476.275485564943338207692128,169.8839972730145869484128782,0,9.50815066494324129882754096,0,160.3758466080713456495853373,636.6513321730146838572774653,62.619,699.2703321730146838572774653,10.73154838402348210430387976,133.4241533919286543504146627,0,no_waiver_drawability_shutoff,0,LIQUIDITY_FAILURE,SRC-001;SRC-002;SRC-003,P5A-014;P5A-015;P5A-016;P5A-018:P5A-032;SCN-001:SCN-009,Retained debt stays at the Phase 5 conservative opening proxy because principal and interest allocation is unavailable.
P6D-0219,SEVERE_NO_WAIVER,proposed,FY2029,Q4,2029-10-31,476.275485564943338207692128,16.25,16.25,0,0,460.025485564943338207692128,160.3758466080713456495853373,0,0,0,160.3758466080713456495853373,620.4013321730146838572774653,62.619,683.0203321730146838572774653,10.41251375594176618235578237,133.4241533919286543504146627,0,no_waiver_drawability_shutoff,0,LIQUIDITY_FAILURE,SRC-001;SRC-002;SRC-003,P5A-014;P5A-015;P5A-016;P5A-018:P5A-032;SCN-001:SCN-009,Retained debt stays at the Phase 5 conservative opening proxy because principal and interest allocation is unavailable.
P6D-0220,SEVERE_NO_WAIVER,proposed,FY2030,Q1,2030-01-31,460.025485564943338207692128,16.25,13.50052818735187473910649743,0,0,446.5249573775914634685856306,160.3758466080713456495853373,0,0,0,160.3758466080713456495853373,606.9008039856628091181709679,62.619,669.5198039856628091181709679,10.14560750594176618235578237,133.4241533919286543504146627,0,no_waiver_drawability_shutoff,0,MANDATORY_PAYMENT_FAILURE,SRC-001;SRC-002;SRC-003,P5A-014;P5A-015;P5A-016;P5A-018:P5A-032;SCN-001:SCN-009,Retained debt stays at the Phase 5 conservative opening proxy because principal and interest allocation is unavailable.
P6D-0221,SEVERE_NO_WAIVER,proposed,FY2030,Q2,2030-04-30,446.5249573775914634685856306,16.25,16.25,0,0,430.2749573775914634685856306,160.3758466080713456495853373,0,0,0,160.3758466080713456495853373,590.6508039856628091181709679,62.619,653.2698039856628091181709679,9.923861330464511639765958147,133.4241533919286543504146627,0,no_waiver_drawability_shutoff,0,LIQUIDITY_FAILURE,SRC-001;SRC-002;SRC-003,P5A-014;P5A-015;P5A-016;P5A-018:P5A-032;SCN-001:SCN-009,Retained debt stays at the Phase 5 conservative opening proxy because principal and interest allocation is unavailable.
P6D-0222,SEVERE_NO_WAIVER,proposed,FY2030,Q3,2030-07-31,430.2749573775914634685856306,16.25,16.25,0,0,414.0249573775914634685856306,160.3758466080713456495853373,0,0,0,160.3758466080713456495853373,574.4008039856628091181709679,62.619,637.0198039856628091181709679,9.656955080464511639765958147,133.4241533919286543504146627,0,no_waiver_drawability_shutoff,0,LIQUIDITY_FAILURE,SRC-001;SRC-002;SRC-003,P5A-014;P5A-015;P5A-016;P5A-018:P5A-032;SCN-001:SCN-009,Retained debt stays at the Phase 5 conservative opening proxy because principal and interest allocation is unavailable.
P6D-0223,SEVERE_NO_WAIVER,proposed,FY2030,Q4,2030-10-31,414.0249573775914634685856306,16.25,16.25,0,0,397.7749573775914634685856306,160.3758466080713456495853373,0,0,0,160.3758466080713456495853373,558.1508039856628091181709679,62.619,620.7698039856628091181709679,9.390048830464511639765958147,133.4241533919286543504146627,0,no_waiver_drawability_shutoff,0,LIQUIDITY_FAILURE,SRC-001;SRC-002;SRC-003,P5A-014;P5A-015;P5A-016;P5A-018:P5A-032;SCN-001:SCN-009,Retained debt stays at the Phase 5 conservative opening proxy because principal and interest allocation is unavailable.
P6D-0224,SEVERE_NO_WAIVER,proposed,FY2031,Q1,2031-01-31,397.7749573775914634685856306,16.25,16.25,0,0,381.5249573775914634685856306,160.3758466080713456495853373,0,0,0,160.3758466080713456495853373,541.9008039856628091181709679,62.619,604.5198039856628091181709679,9.123142580464511639765958147,0,0,no_waiver_drawability_shutoff,541.9008039856628091181709679,LIQUIDITY_FAILURE,SRC-001;SRC-002;SRC-003,P5A-014;P5A-015;P5A-016;P5A-018:P5A-032;SCN-001:SCN-009,Retained debt stays at the Phase 5 conservative opening proxy because principal and interest allocation is unavailable.
P6D-0225,SEVERE_NO_WAIVER,existing,FY2026,Q2,2026-04-30,462.5,6.25,6.25,0,0,456.25,207.39771875,195.2291697365978496036757031,0,0,402.6268884865978496036757032,858.8768884865978496036757032,62.619,921.4958884865978496036757032,15.71772103971831549497090689,66.1731115134021503963242968,66.1731115134021503963242968,existing_contractual_drawability_not_reconstructed,0,PASS,SRC-001;SRC-002;SRC-003,P5A-014;P5A-015;P5A-016;P5A-018:P5A-032;SCN-001:SCN-009,Retained debt stays at the Phase 5 conservative opening proxy because principal and interest allocation is unavailable.
P6D-0226,SEVERE_NO_WAIVER,existing,FY2026,Q3,2026-07-31,456.25,6.25,6.25,0,0,450,402.6268884865978496036757032,5.33320966377033380594809848,6.90657814314188281473205222,0,401.0535200072263005948917495,851.0535200072263005948917495,62.619,913.6725200072263005948917495,18.44836661752020594225249981,67.7464799927736994051082505,67.7464799927736994051082505,existing_contractual_drawability_not_reconstructed,0,PASS,SRC-001;SRC-002;SRC-003,P5A-014;P5A-015;P5A-016;P5A-018:P5A-032;SCN-001:SCN-009,Retained debt stays at the Phase 5 conservative opening proxy because principal and interest allocation is unavailable.
P6D-0227,SEVERE_NO_WAIVER,existing,FY2026,Q4,2026-10-31,450,6.25,6.25,0,0,443.75,401.0535200072263005948917495,5.12082047207683997136014393,7.14921643802736901545436629,0,399.0251240412757715507975272,842.7751240412757715507975272,62.619,905.3941240412757715507975272,18.27700554828478015923181336,69.7748759587242284492024728,69.7748759587242284492024728,existing_contractual_drawability_not_reconstructed,0,BREACHED_ANALYTICAL_THRESHOLD,SRC-001;SRC-002;SRC-003,P5A-014;P5A-015;P5A-016;P5A-018:P5A-032;SCN-001:SCN-009,Retained debt stays at the Phase 5 conservative opening proxy because principal and interest allocation is unavailable.
P6D-0228,SEVERE_NO_WAIVER,existing,FY2027,Q1,2027-01-31,443.75,6.25,6.25,0,0,437.5,399.0251240412757715507975272,17.72804487608170974182238241,0,0,416.7531689173574812926199097,854.2531689173574812926199097,62.619,916.8721689173574812926199097,18.2325621511522940368800359,52.0468310826425187073800903,52.0468310826425187073800903,existing_contractual_drawability_not_reconstructed,0,BREACHED_ANALYTICAL_THRESHOLD,SRC-001;SRC-002;SRC-003,P5A-014;P5A-015;P5A-016;P5A-018:P5A-032;SCN-001:SCN-009,Retained debt stays at the Phase 5 conservative opening proxy because principal and interest allocation is unavailable.
P6D-0229,SEVERE_NO_WAIVER,existing,FY2027,Q2,2027-04-30,437.5,6.25,6.25,0,0,431.25,416.7531689173574812926199097,10.14170385385157777721231721,0,0,426.8948727712090590698322269,858.1448727712090590698322269,62.619,920.7638727712090590698322269,18.42801811896128819894155629,41.9051272287909409301677731,41.9051272287909409301677731,existing_contractual_drawability_not_reconstructed,0,BREACHED_ANALYTICAL_THRESHOLD,SRC-001;SRC-002;SRC-003,P5A-014;P5A-015;P5A-016;P5A-018:P5A-032;SCN-001:SCN-009,Retained debt stays at the Phase 5 conservative opening proxy because principal and interest allocation is unavailable.
P6D-0230,SEVERE_NO_WAIVER,existing,FY2027,Q3,2027-07-31,431.25,6.25,6.25,0,0,425,426.8948727712090590698322269,11.93456213358777625299289804,0,0,438.8294349047968353228251249,863.8294349047968353228251249,62.619,926.4484349047968353228251249,18.52388088507159705397803966,29.9705650952031646771748751,29.9705650952031646771748751,existing_contractual_drawability_not_reconstructed,0,BREACHED_ANALYTICAL_THRESHOLD,SRC-001;SRC-002;SRC-003,P5A-014;P5A-015;P5A-016;P5A-018:P5A-032;SCN-001:SCN-009,Retained debt stays at the Phase 5 conservative opening proxy because principal and interest allocation is unavailable.
P6D-0231,SEVERE_NO_WAIVER,existing,FY2027,Q4,2027-10-31,425,6.25,6.25,0,0,418.75,438.8294349047968353228251249,11.56553225141592186935687772,0,0,450.3949671562127571921820026,869.1449671562127571921820026,62.619,931.7639671562127571921820026,18.6436508621598715565210428,18.4050328437872428078179974,18.4050328437872428078179974,existing_contractual_drawability_not_reconstructed,0,BREACHED_ANALYTICAL_THRESHOLD,SRC-001;SRC-002;SRC-003,P5A-014;P5A-015;P5A-016;P5A-018:P5A-032;SCN-001:SCN-009,Retained debt stays at the Phase 5 conservative opening proxy because principal and interest allocation is unavailable.
P6D-0232,SEVERE_NO_WAIVER,existing,FY2028,Q1,2028-01-31,418.75,6.25,6.25,0,0,412.5,450.3949671562127571921820026,18.40503284378724280781799746,0,0,468.8,881.3,62.619,943.919,18.83760271478047222747364746,0,0,existing_contractual_drawability_not_reconstructed,0,LIQUIDITY_FAILURE,SRC-001;SRC-002;SRC-003,P5A-014;P5A-015;P5A-016;P5A-018:P5A-032;SCN-001:SCN-009,Retained debt stays at the Phase 5 conservative opening proxy because principal and interest allocation is unavailable.
P6D-0233,SEVERE_NO_WAIVER,existing,FY2028,Q2,2028-04-30,412.5,6.25,6.25,0,0,406.25,468.8,0,14.99436468595233279716601898,0,453.805635314047667202833981,860.055635314047667202833981,62.619,922.674635314047667202833981,17.92823314188159385520507524,14.994364685952332797166019,14.994364685952332797166019,existing_contractual_drawability_not_reconstructed,0,BREACHED_ANALYTICAL_THRESHOLD,SRC-001;SRC-002;SRC-003,P5A-014;P5A-015;P5A-016;P5A-018:P5A-032;SCN-001:SCN-009,Retained debt stays at the Phase 5 conservative opening proxy because principal and interest allocation is unavailable.
P6D-0234,SEVERE_NO_WAIVER,existing,FY2028,Q3,2028-07-31,406.25,6.25,6.25,0,0,400,453.805635314047667202833981,2.19652894174026418423943635,28.51051593596797041720323512,0,427.4916483198199609698701823,827.4916483198199609698701823,62.619,890.1106483198199609698701823,16.58960526610195896420213565,41.3083516801800390301298177,41.3083516801800390301298177,existing_contractual_drawability_not_reconstructed,0,BREACHED_ANALYTICAL_THRESHOLD,SRC-001;SRC-002;SRC-003,P5A-014;P5A-015;P5A-016;P5A-018:P5A-032;SCN-001:SCN-009,Retained debt stays at the Phase 5 conservative opening proxy because principal and interest allocation is unavailable.
P6D-0235,SEVERE_NO_WAIVER,existing,FY2028,Q4,2028-10-31,400,6.25,6.25,0,0,393.75,427.4916483198199609698701823,1.43564669289819932984032573,31.94807695940487065236502863,0,396.9792180533132896473454793,790.7292180533132896473454793,62.619,853.3482180533132896473454793,15.10613452267745183946031913,71.8207819466867103526545207,71.8207819466867103526545207,existing_contractual_drawability_not_reconstructed,0,BREACHED_ANALYTICAL_THRESHOLD,SRC-001;SRC-002;SRC-003,P5A-014;P5A-015;P5A-016;P5A-018:P5A-032;SCN-001:SCN-009,Retained debt stays at the Phase 5 conservative opening proxy because principal and interest allocation is unavailable.
P6D-0236,SEVERE_NO_WAIVER,existing,FY2029,Q1,2029-01-31,393.75,6.25,6.25,0,0,387.5,396.9792180533132896473454793,2.55240203483209084624352813,18.22366514438316715986204156,0,381.3079549437622133337269658,768.8079549437622133337269658,62.619,831.4269549437622133337269658,13.72253129981428642848700245,87.4920450562377866662730342,87.4920450562377866662730342,existing_contractual_drawability_not_reconstructed,0,BREACHED_ANALYTICAL_THRESHOLD,SRC-001;SRC-002;SRC-003,P5A-014;P5A-015;P5A-016;P5A-018:P5A-032;SCN-001:SCN-009,Retained debt stays at the Phase 5 conservative opening proxy because principal and interest allocation is unavailable.
P6D-0237,SEVERE_NO_WAIVER,existing,FY2029,Q2,2029-04-30,387.5,6.25,6.25,0,0,381.25,381.3079549437622133337269658,0,43.50990060459425893369239477,0,337.798054339167954400034571,719.048054339167954400034571,62.619,781.667054339167954400034571,12.22001186317249932702075599,131.001945660832045599965429,131.001945660832045599965429,existing_contractual_drawability_not_reconstructed,0,BREACHED_ANALYTICAL_THRESHOLD,SRC-001;SRC-002;SRC-003,P5A-014;P5A-015;P5A-016;P5A-018:P5A-032;SCN-001:SCN-009,Retained debt stays at the Phase 5 conservative opening proxy because principal and interest allocation is unavailable.
P6D-0238,SEVERE_NO_WAIVER,existing,FY2029,Q3,2029-07-31,381.25,6.25,6.25,0,0,375,337.798054339167954400034571,1.77110991628292103251663639,8.88454875978857986348725501,0,330.6846154956622955690639524,705.6846154956622955690639524,62.619,768.3036154956622955690639524,11.70088410197354318254862128,0,0,existing_contractual_drawability_not_reconstructed,705.6846154956622955690639524,MATURITY_SHORTFALL,SRC-001;SRC-002;SRC-003,P5A-014;P5A-015;P5A-016;P5A-018:P5A-032;SCN-001:SCN-009,Retained debt stays at the Phase 5 conservative opening proxy because principal and interest allocation is unavailable.
