ledger_id,artifact_path,record_type,record_id,source_ids,upstream_ids,classification,review_status,source_date,cutoff_status,notes
P6L-00001,data/phase6/raw/STARTING_CHECKPOINT.csv,starting_checkpoint,owencchapman24/quanex-credit-underwriting,,,raw_governance_record,deterministic_calculation,,within_cutoff,Live remote verified before Phase 6 editing; Phase 5 baseline validations and 184 tests passed.
P6L-00002,data/phase6/raw/SCENARIO_ASSUMPTIONS.csv,scenario_assumption,P6A-0001,SRC-001;SRC-002;SRC-003,SCN-001,raw_governance_record,inherited_owner_reviewed_phase5_testing,2025-12-12,within_cutoff,"Owner reviewed the exact stress point, timing, recovery, distribution treatment and drawability convention for Phase 6 analytical testing only. These are not management forecasts, contractual conclusions or final loan terms."
P6L-00003,data/phase6/raw/SCENARIO_ASSUMPTIONS.csv,scenario_assumption,P6A-0002,SRC-001;SRC-002;SRC-003,SCN-002,raw_governance_record,inherited_owner_reviewed_phase5_testing,2025-12-12,within_cutoff,"Owner reviewed the exact stress point, timing, recovery, distribution treatment and drawability convention for Phase 6 analytical testing only. These are not management forecasts, contractual conclusions or final loan terms."
P6L-00004,data/phase6/raw/SCENARIO_ASSUMPTIONS.csv,scenario_assumption,P6A-0003,SRC-001;SRC-002;SRC-003,SCN-003,raw_governance_record,inherited_owner_reviewed_phase5_testing,2025-12-12,within_cutoff,"Owner reviewed the exact stress point, timing, recovery, distribution treatment and drawability convention for Phase 6 analytical testing only. These are not management forecasts, contractual conclusions or final loan terms."
P6L-00005,data/phase6/raw/SCENARIO_ASSUMPTIONS.csv,scenario_assumption,P6A-0004,SRC-001;SRC-002;SRC-003,SCN-004,raw_governance_record,inherited_owner_reviewed_phase5_testing,2025-12-12,within_cutoff,"Owner reviewed the exact stress point, timing, recovery, distribution treatment and drawability convention for Phase 6 analytical testing only. These are not management forecasts, contractual conclusions or final loan terms."
P6L-00006,data/phase6/raw/SCENARIO_ASSUMPTIONS.csv,scenario_assumption,P6A-0005,SRC-001;SRC-002;SRC-003,SCN-009,raw_governance_record,inherited_owner_reviewed_phase5_testing,2025-12-12,within_cutoff,"Owner reviewed the exact stress point, timing, recovery, distribution treatment and drawability convention for Phase 6 analytical testing only. These are not management forecasts, contractual conclusions or final loan terms."
P6L-00007,data/phase6/raw/SCENARIO_ASSUMPTIONS.csv,scenario_assumption,P6A-0006,SRC-001;SRC-002;SRC-003,SCN-009,raw_governance_record,inherited_owner_reviewed_phase5_testing,2025-12-12,within_cutoff,"Owner reviewed the exact stress point, timing, recovery, distribution treatment and drawability convention for Phase 6 analytical testing only. These are not management forecasts, contractual conclusions or final loan terms."
P6L-00008,data/phase6/raw/SCENARIO_ASSUMPTIONS.csv,scenario_assumption,P6A-0007,SRC-001;SRC-002;SRC-003,SCN-009,raw_governance_record,inherited_owner_reviewed_phase5_testing,2025-12-12,within_cutoff,"Owner reviewed the exact stress point, timing, recovery, distribution treatment and drawability convention for Phase 6 analytical testing only. These are not management forecasts, contractual conclusions or final loan terms."
P6L-00009,data/phase6/raw/SCENARIO_ASSUMPTIONS.csv,scenario_assumption,P6A-0008,SRC-001;SRC-002;SRC-003,SCN-006,raw_governance_record,inherited_owner_reviewed_phase5_testing,2025-12-12,within_cutoff,"Owner reviewed the exact stress point, timing, recovery, distribution treatment and drawability convention for Phase 6 analytical testing only. These are not management forecasts, contractual conclusions or final loan terms."
P6L-00010,data/phase6/raw/SCENARIO_ASSUMPTIONS.csv,scenario_assumption,P6A-0009,SRC-001;SRC-002;SRC-003,SCN-005,raw_governance_record,inherited_owner_reviewed_phase5_testing,2025-12-12,within_cutoff,"Owner reviewed the exact stress point, timing, recovery, distribution treatment and drawability convention for Phase 6 analytical testing only. These are not management forecasts, contractual conclusions or final loan terms."
P6L-00011,data/phase6/raw/SCENARIO_ASSUMPTIONS.csv,scenario_assumption,P6A-0010,SRC-001;SRC-002;SRC-003,SCN-003;SCN-004,raw_governance_record,inherited_owner_reviewed_phase5_testing,2025-12-12,within_cutoff,"Owner reviewed the exact stress point, timing, recovery, distribution treatment and drawability convention for Phase 6 analytical testing only. These are not management forecasts, contractual conclusions or final loan terms."
P6L-00012,data/phase6/raw/SCENARIO_ASSUMPTIONS.csv,scenario_assumption,P6A-0011,SRC-001;SRC-002;SRC-003,SCN-007,raw_governance_record,inherited_owner_reviewed_phase5_testing,2025-12-12,within_cutoff,"Owner reviewed the exact stress point, timing, recovery, distribution treatment and drawability convention for Phase 6 analytical testing only. These are not management forecasts, contractual conclusions or final loan terms."
P6L-00013,data/phase6/raw/SCENARIO_ASSUMPTIONS.csv,scenario_assumption,P6A-0012,SRC-001;SRC-002;SRC-003,GAP-005;GAP-006,raw_governance_record,inherited_owner_reviewed_phase5_testing,2025-12-12,within_cutoff,"Owner reviewed the exact stress point, timing, recovery, distribution treatment and drawability convention for Phase 6 analytical testing only. These are not management forecasts, contractual conclusions or final loan terms."
P6L-00014,data/phase6/raw/SCENARIO_ASSUMPTIONS.csv,scenario_assumption,P6A-0013,SRC-001;SRC-002;SRC-003,SCN-001,raw_governance_record,owner_reviewed_for_phase6_testing,2025-12-12,within_cutoff,"Owner reviewed the exact stress point, timing, recovery, distribution treatment and drawability convention for Phase 6 analytical testing only. These are not management forecasts, contractual conclusions or final loan terms."
P6L-00015,data/phase6/raw/SCENARIO_ASSUMPTIONS.csv,scenario_assumption,P6A-0014,SRC-001;SRC-002;SRC-003,SCN-002,raw_governance_record,owner_reviewed_for_phase6_testing,2025-12-12,within_cutoff,"Owner reviewed the exact stress point, timing, recovery, distribution treatment and drawability convention for Phase 6 analytical testing only. These are not management forecasts, contractual conclusions or final loan terms."
P6L-00016,data/phase6/raw/SCENARIO_ASSUMPTIONS.csv,scenario_assumption,P6A-0015,SRC-001;SRC-002;SRC-003,SCN-003,raw_governance_record,owner_reviewed_for_phase6_testing,2025-12-12,within_cutoff,"Owner reviewed the exact stress point, timing, recovery, distribution treatment and drawability convention for Phase 6 analytical testing only. These are not management forecasts, contractual conclusions or final loan terms."
P6L-00017,data/phase6/raw/SCENARIO_ASSUMPTIONS.csv,scenario_assumption,P6A-0016,SRC-001;SRC-002;SRC-003,SCN-004,raw_governance_record,owner_reviewed_for_phase6_testing,2025-12-12,within_cutoff,"Owner reviewed the exact stress point, timing, recovery, distribution treatment and drawability convention for Phase 6 analytical testing only. These are not management forecasts, contractual conclusions or final loan terms."
P6L-00018,data/phase6/raw/SCENARIO_ASSUMPTIONS.csv,scenario_assumption,P6A-0017,SRC-001;SRC-002;SRC-003,SCN-009,raw_governance_record,owner_reviewed_for_phase6_testing,2025-12-12,within_cutoff,"Owner reviewed the exact stress point, timing, recovery, distribution treatment and drawability convention for Phase 6 analytical testing only. These are not management forecasts, contractual conclusions or final loan terms."
P6L-00019,data/phase6/raw/SCENARIO_ASSUMPTIONS.csv,scenario_assumption,P6A-0018,SRC-001;SRC-002;SRC-003,SCN-009,raw_governance_record,owner_reviewed_for_phase6_testing,2025-12-12,within_cutoff,"Owner reviewed the exact stress point, timing, recovery, distribution treatment and drawability convention for Phase 6 analytical testing only. These are not management forecasts, contractual conclusions or final loan terms."
P6L-00020,data/phase6/raw/SCENARIO_ASSUMPTIONS.csv,scenario_assumption,P6A-0019,SRC-001;SRC-002;SRC-003,SCN-009,raw_governance_record,owner_reviewed_for_phase6_testing,2025-12-12,within_cutoff,"Owner reviewed the exact stress point, timing, recovery, distribution treatment and drawability convention for Phase 6 analytical testing only. These are not management forecasts, contractual conclusions or final loan terms."
P6L-00021,data/phase6/raw/SCENARIO_ASSUMPTIONS.csv,scenario_assumption,P6A-0020,SRC-001;SRC-002;SRC-003,SCN-006,raw_governance_record,owner_reviewed_for_phase6_testing,2025-12-12,within_cutoff,"Owner reviewed the exact stress point, timing, recovery, distribution treatment and drawability convention for Phase 6 analytical testing only. These are not management forecasts, contractual conclusions or final loan terms."
P6L-00022,data/phase6/raw/SCENARIO_ASSUMPTIONS.csv,scenario_assumption,P6A-0021,SRC-001;SRC-002;SRC-003,SCN-005,raw_governance_record,owner_reviewed_for_phase6_testing,2025-12-12,within_cutoff,"Owner reviewed the exact stress point, timing, recovery, distribution treatment and drawability convention for Phase 6 analytical testing only. These are not management forecasts, contractual conclusions or final loan terms."
P6L-00023,data/phase6/raw/SCENARIO_ASSUMPTIONS.csv,scenario_assumption,P6A-0022,SRC-001;SRC-002;SRC-003,SCN-003;SCN-004,raw_governance_record,owner_reviewed_for_phase6_testing,2025-12-12,within_cutoff,"Owner reviewed the exact stress point, timing, recovery, distribution treatment and drawability convention for Phase 6 analytical testing only. These are not management forecasts, contractual conclusions or final loan terms."
P6L-00024,data/phase6/raw/SCENARIO_ASSUMPTIONS.csv,scenario_assumption,P6A-0023,SRC-001;SRC-002;SRC-003,SCN-007,raw_governance_record,owner_reviewed_for_phase6_testing,2025-12-12,within_cutoff,"Owner reviewed the exact stress point, timing, recovery, distribution treatment and drawability convention for Phase 6 analytical testing only. These are not management forecasts, contractual conclusions or final loan terms."
P6L-00025,data/phase6/raw/SCENARIO_ASSUMPTIONS.csv,scenario_assumption,P6A-0024,SRC-001;SRC-002;SRC-003,GAP-005;GAP-006,raw_governance_record,owner_reviewed_for_phase6_testing,2025-12-12,within_cutoff,"Owner reviewed the exact stress point, timing, recovery, distribution treatment and drawability convention for Phase 6 analytical testing only. These are not management forecasts, contractual conclusions or final loan terms."
P6L-00026,data/phase6/raw/SCENARIO_ASSUMPTIONS.csv,scenario_assumption,P6A-0025,SRC-001;SRC-002;SRC-003,SCN-001,raw_governance_record,owner_reviewed_for_phase6_testing,2025-12-12,within_cutoff,"Owner reviewed the exact stress point, timing, recovery, distribution treatment and drawability convention for Phase 6 analytical testing only. These are not management forecasts, contractual conclusions or final loan terms."
P6L-00027,data/phase6/raw/SCENARIO_ASSUMPTIONS.csv,scenario_assumption,P6A-0026,SRC-001;SRC-002;SRC-003,SCN-002,raw_governance_record,owner_reviewed_for_phase6_testing,2025-12-12,within_cutoff,"Owner reviewed the exact stress point, timing, recovery, distribution treatment and drawability convention for Phase 6 analytical testing only. These are not management forecasts, contractual conclusions or final loan terms."
P6L-00028,data/phase6/raw/SCENARIO_ASSUMPTIONS.csv,scenario_assumption,P6A-0027,SRC-001;SRC-002;SRC-003,SCN-003,raw_governance_record,owner_reviewed_for_phase6_testing,2025-12-12,within_cutoff,"Owner reviewed the exact stress point, timing, recovery, distribution treatment and drawability convention for Phase 6 analytical testing only. These are not management forecasts, contractual conclusions or final loan terms."
P6L-00029,data/phase6/raw/SCENARIO_ASSUMPTIONS.csv,scenario_assumption,P6A-0028,SRC-001;SRC-002;SRC-003,SCN-004,raw_governance_record,owner_reviewed_for_phase6_testing,2025-12-12,within_cutoff,"Owner reviewed the exact stress point, timing, recovery, distribution treatment and drawability convention for Phase 6 analytical testing only. These are not management forecasts, contractual conclusions or final loan terms."
P6L-00030,data/phase6/raw/SCENARIO_ASSUMPTIONS.csv,scenario_assumption,P6A-0029,SRC-001;SRC-002;SRC-003,SCN-009,raw_governance_record,owner_reviewed_for_phase6_testing,2025-12-12,within_cutoff,"Owner reviewed the exact stress point, timing, recovery, distribution treatment and drawability convention for Phase 6 analytical testing only. These are not management forecasts, contractual conclusions or final loan terms."
P6L-00031,data/phase6/raw/SCENARIO_ASSUMPTIONS.csv,scenario_assumption,P6A-0030,SRC-001;SRC-002;SRC-003,SCN-009,raw_governance_record,owner_reviewed_for_phase6_testing,2025-12-12,within_cutoff,"Owner reviewed the exact stress point, timing, recovery, distribution treatment and drawability convention for Phase 6 analytical testing only. These are not management forecasts, contractual conclusions or final loan terms."
P6L-00032,data/phase6/raw/SCENARIO_ASSUMPTIONS.csv,scenario_assumption,P6A-0031,SRC-001;SRC-002;SRC-003,SCN-009,raw_governance_record,owner_reviewed_for_phase6_testing,2025-12-12,within_cutoff,"Owner reviewed the exact stress point, timing, recovery, distribution treatment and drawability convention for Phase 6 analytical testing only. These are not management forecasts, contractual conclusions or final loan terms."
P6L-00033,data/phase6/raw/SCENARIO_ASSUMPTIONS.csv,scenario_assumption,P6A-0032,SRC-001;SRC-002;SRC-003,SCN-006,raw_governance_record,owner_reviewed_for_phase6_testing,2025-12-12,within_cutoff,"Owner reviewed the exact stress point, timing, recovery, distribution treatment and drawability convention for Phase 6 analytical testing only. These are not management forecasts, contractual conclusions or final loan terms."
P6L-00034,data/phase6/raw/SCENARIO_ASSUMPTIONS.csv,scenario_assumption,P6A-0033,SRC-001;SRC-002;SRC-003,SCN-005,raw_governance_record,owner_reviewed_for_phase6_testing,2025-12-12,within_cutoff,"Owner reviewed the exact stress point, timing, recovery, distribution treatment and drawability convention for Phase 6 analytical testing only. These are not management forecasts, contractual conclusions or final loan terms."
P6L-00035,data/phase6/raw/SCENARIO_ASSUMPTIONS.csv,scenario_assumption,P6A-0034,SRC-001;SRC-002;SRC-003,SCN-003;SCN-004,raw_governance_record,owner_reviewed_for_phase6_testing,2025-12-12,within_cutoff,"Owner reviewed the exact stress point, timing, recovery, distribution treatment and drawability convention for Phase 6 analytical testing only. These are not management forecasts, contractual conclusions or final loan terms."
P6L-00036,data/phase6/raw/SCENARIO_ASSUMPTIONS.csv,scenario_assumption,P6A-0035,SRC-001;SRC-002;SRC-003,SCN-007,raw_governance_record,owner_reviewed_for_phase6_testing,2025-12-12,within_cutoff,"Owner reviewed the exact stress point, timing, recovery, distribution treatment and drawability convention for Phase 6 analytical testing only. These are not management forecasts, contractual conclusions or final loan terms."
P6L-00037,data/phase6/raw/SCENARIO_ASSUMPTIONS.csv,scenario_assumption,P6A-0036,SRC-001;SRC-002;SRC-003,GAP-005;GAP-006,raw_governance_record,owner_reviewed_for_phase6_testing,2025-12-12,within_cutoff,"Owner reviewed the exact stress point, timing, recovery, distribution treatment and drawability convention for Phase 6 analytical testing only. These are not management forecasts, contractual conclusions or final loan terms."
P6L-00038,data/phase6/raw/SCENARIO_ASSUMPTIONS.csv,scenario_assumption,P6A-0037,SRC-001;SRC-002;SRC-003,SCN-001,raw_governance_record,owner_reviewed_for_phase6_testing,2025-12-12,within_cutoff,"Owner reviewed the exact stress point, timing, recovery, distribution treatment and drawability convention for Phase 6 analytical testing only. These are not management forecasts, contractual conclusions or final loan terms."
P6L-00039,data/phase6/raw/SCENARIO_ASSUMPTIONS.csv,scenario_assumption,P6A-0038,SRC-001;SRC-002;SRC-003,SCN-002,raw_governance_record,owner_reviewed_for_phase6_testing,2025-12-12,within_cutoff,"Owner reviewed the exact stress point, timing, recovery, distribution treatment and drawability convention for Phase 6 analytical testing only. These are not management forecasts, contractual conclusions or final loan terms."
P6L-00040,data/phase6/raw/SCENARIO_ASSUMPTIONS.csv,scenario_assumption,P6A-0039,SRC-001;SRC-002;SRC-003,SCN-003,raw_governance_record,owner_reviewed_for_phase6_testing,2025-12-12,within_cutoff,"Owner reviewed the exact stress point, timing, recovery, distribution treatment and drawability convention for Phase 6 analytical testing only. These are not management forecasts, contractual conclusions or final loan terms."
P6L-00041,data/phase6/raw/SCENARIO_ASSUMPTIONS.csv,scenario_assumption,P6A-0040,SRC-001;SRC-002;SRC-003,SCN-004,raw_governance_record,owner_reviewed_for_phase6_testing,2025-12-12,within_cutoff,"Owner reviewed the exact stress point, timing, recovery, distribution treatment and drawability convention for Phase 6 analytical testing only. These are not management forecasts, contractual conclusions or final loan terms."
P6L-00042,data/phase6/raw/SCENARIO_ASSUMPTIONS.csv,scenario_assumption,P6A-0041,SRC-001;SRC-002;SRC-003,SCN-009,raw_governance_record,owner_reviewed_for_phase6_testing,2025-12-12,within_cutoff,"Owner reviewed the exact stress point, timing, recovery, distribution treatment and drawability convention for Phase 6 analytical testing only. These are not management forecasts, contractual conclusions or final loan terms."
P6L-00043,data/phase6/raw/SCENARIO_ASSUMPTIONS.csv,scenario_assumption,P6A-0042,SRC-001;SRC-002;SRC-003,SCN-009,raw_governance_record,owner_reviewed_for_phase6_testing,2025-12-12,within_cutoff,"Owner reviewed the exact stress point, timing, recovery, distribution treatment and drawability convention for Phase 6 analytical testing only. These are not management forecasts, contractual conclusions or final loan terms."
P6L-00044,data/phase6/raw/SCENARIO_ASSUMPTIONS.csv,scenario_assumption,P6A-0043,SRC-001;SRC-002;SRC-003,SCN-009,raw_governance_record,owner_reviewed_for_phase6_testing,2025-12-12,within_cutoff,"Owner reviewed the exact stress point, timing, recovery, distribution treatment and drawability convention for Phase 6 analytical testing only. These are not management forecasts, contractual conclusions or final loan terms."
P6L-00045,data/phase6/raw/SCENARIO_ASSUMPTIONS.csv,scenario_assumption,P6A-0044,SRC-001;SRC-002;SRC-003,SCN-006,raw_governance_record,owner_reviewed_for_phase6_testing,2025-12-12,within_cutoff,"Owner reviewed the exact stress point, timing, recovery, distribution treatment and drawability convention for Phase 6 analytical testing only. These are not management forecasts, contractual conclusions or final loan terms."
P6L-00046,data/phase6/raw/SCENARIO_ASSUMPTIONS.csv,scenario_assumption,P6A-0045,SRC-001;SRC-002;SRC-003,SCN-005,raw_governance_record,owner_reviewed_for_phase6_testing,2025-12-12,within_cutoff,"Owner reviewed the exact stress point, timing, recovery, distribution treatment and drawability convention for Phase 6 analytical testing only. These are not management forecasts, contractual conclusions or final loan terms."
P6L-00047,data/phase6/raw/SCENARIO_ASSUMPTIONS.csv,scenario_assumption,P6A-0046,SRC-001;SRC-002;SRC-003,SCN-003;SCN-004,raw_governance_record,owner_reviewed_for_phase6_testing,2025-12-12,within_cutoff,"Owner reviewed the exact stress point, timing, recovery, distribution treatment and drawability convention for Phase 6 analytical testing only. These are not management forecasts, contractual conclusions or final loan terms."
P6L-00048,data/phase6/raw/SCENARIO_ASSUMPTIONS.csv,scenario_assumption,P6A-0047,SRC-001;SRC-002;SRC-003,SCN-007,raw_governance_record,owner_reviewed_for_phase6_testing,2025-12-12,within_cutoff,"Owner reviewed the exact stress point, timing, recovery, distribution treatment and drawability convention for Phase 6 analytical testing only. These are not management forecasts, contractual conclusions or final loan terms."
P6L-00049,data/phase6/raw/SCENARIO_ASSUMPTIONS.csv,scenario_assumption,P6A-0048,SRC-001;SRC-002;SRC-003,GAP-005;GAP-006,raw_governance_record,owner_reviewed_for_phase6_testing,2025-12-12,within_cutoff,"Owner reviewed the exact stress point, timing, recovery, distribution treatment and drawability convention for Phase 6 analytical testing only. These are not management forecasts, contractual conclusions or final loan terms."
P6L-00050,data/phase6/raw/SCENARIO_ASSUMPTIONS.csv,scenario_assumption,P6A-0049,SRC-001;SRC-002;SRC-003,SCN-001,raw_governance_record,owner_reviewed_for_phase6_testing,2025-12-12,within_cutoff,"Owner reviewed the exact stress point, timing, recovery, distribution treatment and drawability convention for Phase 6 analytical testing only. These are not management forecasts, contractual conclusions or final loan terms."
P6L-00051,data/phase6/raw/SCENARIO_ASSUMPTIONS.csv,scenario_assumption,P6A-0050,SRC-001;SRC-002;SRC-003,SCN-002,raw_governance_record,owner_reviewed_for_phase6_testing,2025-12-12,within_cutoff,"Owner reviewed the exact stress point, timing, recovery, distribution treatment and drawability convention for Phase 6 analytical testing only. These are not management forecasts, contractual conclusions or final loan terms."
P6L-00052,data/phase6/raw/SCENARIO_ASSUMPTIONS.csv,scenario_assumption,P6A-0051,SRC-001;SRC-002;SRC-003,SCN-003,raw_governance_record,owner_reviewed_for_phase6_testing,2025-12-12,within_cutoff,"Owner reviewed the exact stress point, timing, recovery, distribution treatment and drawability convention for Phase 6 analytical testing only. These are not management forecasts, contractual conclusions or final loan terms."
P6L-00053,data/phase6/raw/SCENARIO_ASSUMPTIONS.csv,scenario_assumption,P6A-0052,SRC-001;SRC-002;SRC-003,SCN-004,raw_governance_record,owner_reviewed_for_phase6_testing,2025-12-12,within_cutoff,"Owner reviewed the exact stress point, timing, recovery, distribution treatment and drawability convention for Phase 6 analytical testing only. These are not management forecasts, contractual conclusions or final loan terms."
P6L-00054,data/phase6/raw/SCENARIO_ASSUMPTIONS.csv,scenario_assumption,P6A-0053,SRC-001;SRC-002;SRC-003,SCN-009,raw_governance_record,owner_reviewed_for_phase6_testing,2025-12-12,within_cutoff,"Owner reviewed the exact stress point, timing, recovery, distribution treatment and drawability convention for Phase 6 analytical testing only. These are not management forecasts, contractual conclusions or final loan terms."
P6L-00055,data/phase6/raw/SCENARIO_ASSUMPTIONS.csv,scenario_assumption,P6A-0054,SRC-001;SRC-002;SRC-003,SCN-009,raw_governance_record,owner_reviewed_for_phase6_testing,2025-12-12,within_cutoff,"Owner reviewed the exact stress point, timing, recovery, distribution treatment and drawability convention for Phase 6 analytical testing only. These are not management forecasts, contractual conclusions or final loan terms."
P6L-00056,data/phase6/raw/SCENARIO_ASSUMPTIONS.csv,scenario_assumption,P6A-0055,SRC-001;SRC-002;SRC-003,SCN-009,raw_governance_record,owner_reviewed_for_phase6_testing,2025-12-12,within_cutoff,"Owner reviewed the exact stress point, timing, recovery, distribution treatment and drawability convention for Phase 6 analytical testing only. These are not management forecasts, contractual conclusions or final loan terms."
P6L-00057,data/phase6/raw/SCENARIO_ASSUMPTIONS.csv,scenario_assumption,P6A-0056,SRC-001;SRC-002;SRC-003,SCN-006,raw_governance_record,owner_reviewed_for_phase6_testing,2025-12-12,within_cutoff,"Owner reviewed the exact stress point, timing, recovery, distribution treatment and drawability convention for Phase 6 analytical testing only. These are not management forecasts, contractual conclusions or final loan terms."
P6L-00058,data/phase6/raw/SCENARIO_ASSUMPTIONS.csv,scenario_assumption,P6A-0057,SRC-001;SRC-002;SRC-003,SCN-005,raw_governance_record,owner_reviewed_for_phase6_testing,2025-12-12,within_cutoff,"Owner reviewed the exact stress point, timing, recovery, distribution treatment and drawability convention for Phase 6 analytical testing only. These are not management forecasts, contractual conclusions or final loan terms."
P6L-00059,data/phase6/raw/SCENARIO_ASSUMPTIONS.csv,scenario_assumption,P6A-0058,SRC-001;SRC-002;SRC-003,SCN-003;SCN-004,raw_governance_record,owner_reviewed_for_phase6_testing,2025-12-12,within_cutoff,"Owner reviewed the exact stress point, timing, recovery, distribution treatment and drawability convention for Phase 6 analytical testing only. These are not management forecasts, contractual conclusions or final loan terms."
P6L-00060,data/phase6/raw/SCENARIO_ASSUMPTIONS.csv,scenario_assumption,P6A-0059,SRC-001;SRC-002;SRC-003,SCN-007,raw_governance_record,owner_reviewed_for_phase6_testing,2025-12-12,within_cutoff,"Owner reviewed the exact stress point, timing, recovery, distribution treatment and drawability convention for Phase 6 analytical testing only. These are not management forecasts, contractual conclusions or final loan terms."
P6L-00061,data/phase6/raw/SCENARIO_ASSUMPTIONS.csv,scenario_assumption,P6A-0060,SRC-001;SRC-002;SRC-003,GAP-005;GAP-006,raw_governance_record,owner_reviewed_for_phase6_testing,2025-12-12,within_cutoff,"Owner reviewed the exact stress point, timing, recovery, distribution treatment and drawability convention for Phase 6 analytical testing only. These are not management forecasts, contractual conclusions or final loan terms."
P6L-00062,data/phase6/raw/SCENARIO_ASSUMPTIONS.csv,scenario_assumption,P6A-0061,SRC-001;SRC-002;SRC-003,SCN-001,raw_governance_record,owner_reviewed_for_phase6_testing,2025-12-12,within_cutoff,"Owner reviewed the exact stress point, timing, recovery, distribution treatment and drawability convention for Phase 6 analytical testing only. These are not management forecasts, contractual conclusions or final loan terms."
P6L-00063,data/phase6/raw/SCENARIO_ASSUMPTIONS.csv,scenario_assumption,P6A-0062,SRC-001;SRC-002;SRC-003,SCN-002,raw_governance_record,owner_reviewed_for_phase6_testing,2025-12-12,within_cutoff,"Owner reviewed the exact stress point, timing, recovery, distribution treatment and drawability convention for Phase 6 analytical testing only. These are not management forecasts, contractual conclusions or final loan terms."
P6L-00064,data/phase6/raw/SCENARIO_ASSUMPTIONS.csv,scenario_assumption,P6A-0063,SRC-001;SRC-002;SRC-003,SCN-003,raw_governance_record,owner_reviewed_for_phase6_testing,2025-12-12,within_cutoff,"Owner reviewed the exact stress point, timing, recovery, distribution treatment and drawability convention for Phase 6 analytical testing only. These are not management forecasts, contractual conclusions or final loan terms."
P6L-00065,data/phase6/raw/SCENARIO_ASSUMPTIONS.csv,scenario_assumption,P6A-0064,SRC-001;SRC-002;SRC-003,SCN-004,raw_governance_record,owner_reviewed_for_phase6_testing,2025-12-12,within_cutoff,"Owner reviewed the exact stress point, timing, recovery, distribution treatment and drawability convention for Phase 6 analytical testing only. These are not management forecasts, contractual conclusions or final loan terms."
P6L-00066,data/phase6/raw/SCENARIO_ASSUMPTIONS.csv,scenario_assumption,P6A-0065,SRC-001;SRC-002;SRC-003,SCN-009,raw_governance_record,owner_reviewed_for_phase6_testing,2025-12-12,within_cutoff,"Owner reviewed the exact stress point, timing, recovery, distribution treatment and drawability convention for Phase 6 analytical testing only. These are not management forecasts, contractual conclusions or final loan terms."
P6L-00067,data/phase6/raw/SCENARIO_ASSUMPTIONS.csv,scenario_assumption,P6A-0066,SRC-001;SRC-002;SRC-003,SCN-009,raw_governance_record,owner_reviewed_for_phase6_testing,2025-12-12,within_cutoff,"Owner reviewed the exact stress point, timing, recovery, distribution treatment and drawability convention for Phase 6 analytical testing only. These are not management forecasts, contractual conclusions or final loan terms."
P6L-00068,data/phase6/raw/SCENARIO_ASSUMPTIONS.csv,scenario_assumption,P6A-0067,SRC-001;SRC-002;SRC-003,SCN-009,raw_governance_record,owner_reviewed_for_phase6_testing,2025-12-12,within_cutoff,"Owner reviewed the exact stress point, timing, recovery, distribution treatment and drawability convention for Phase 6 analytical testing only. These are not management forecasts, contractual conclusions or final loan terms."
P6L-00069,data/phase6/raw/SCENARIO_ASSUMPTIONS.csv,scenario_assumption,P6A-0068,SRC-001;SRC-002;SRC-003,SCN-006,raw_governance_record,owner_reviewed_for_phase6_testing,2025-12-12,within_cutoff,"Owner reviewed the exact stress point, timing, recovery, distribution treatment and drawability convention for Phase 6 analytical testing only. These are not management forecasts, contractual conclusions or final loan terms."
P6L-00070,data/phase6/raw/SCENARIO_ASSUMPTIONS.csv,scenario_assumption,P6A-0069,SRC-001;SRC-002;SRC-003,SCN-005,raw_governance_record,owner_reviewed_for_phase6_testing,2025-12-12,within_cutoff,"Owner reviewed the exact stress point, timing, recovery, distribution treatment and drawability convention for Phase 6 analytical testing only. These are not management forecasts, contractual conclusions or final loan terms."
P6L-00071,data/phase6/raw/SCENARIO_ASSUMPTIONS.csv,scenario_assumption,P6A-0070,SRC-001;SRC-002;SRC-003,SCN-003;SCN-004,raw_governance_record,owner_reviewed_for_phase6_testing,2025-12-12,within_cutoff,"Owner reviewed the exact stress point, timing, recovery, distribution treatment and drawability convention for Phase 6 analytical testing only. These are not management forecasts, contractual conclusions or final loan terms."
P6L-00072,data/phase6/raw/SCENARIO_ASSUMPTIONS.csv,scenario_assumption,P6A-0071,SRC-001;SRC-002;SRC-003,SCN-007,raw_governance_record,owner_reviewed_for_phase6_testing,2025-12-12,within_cutoff,"Owner reviewed the exact stress point, timing, recovery, distribution treatment and drawability convention for Phase 6 analytical testing only. These are not management forecasts, contractual conclusions or final loan terms."
P6L-00073,data/phase6/raw/SCENARIO_ASSUMPTIONS.csv,scenario_assumption,P6A-0072,SRC-001;SRC-002;SRC-003,GAP-005;GAP-006,raw_governance_record,owner_reviewed_for_phase6_testing,2025-12-12,within_cutoff,"Owner reviewed the exact stress point, timing, recovery, distribution treatment and drawability convention for Phase 6 analytical testing only. These are not management forecasts, contractual conclusions or final loan terms."
P6L-00074,data/phase6/raw/SCENARIO_ASSUMPTIONS.csv,scenario_assumption,P6A-0073,SRC-001;SRC-002;SRC-003,SCN-001,raw_governance_record,owner_reviewed_for_phase6_testing,2025-12-12,within_cutoff,"Owner reviewed the exact stress point, timing, recovery, distribution treatment and drawability convention for Phase 6 analytical testing only. These are not management forecasts, contractual conclusions or final loan terms."
P6L-00075,data/phase6/raw/SCENARIO_ASSUMPTIONS.csv,scenario_assumption,P6A-0074,SRC-001;SRC-002;SRC-003,SCN-002,raw_governance_record,owner_reviewed_for_phase6_testing,2025-12-12,within_cutoff,"Owner reviewed the exact stress point, timing, recovery, distribution treatment and drawability convention for Phase 6 analytical testing only. These are not management forecasts, contractual conclusions or final loan terms."
P6L-00076,data/phase6/raw/SCENARIO_ASSUMPTIONS.csv,scenario_assumption,P6A-0075,SRC-001;SRC-002;SRC-003,SCN-003,raw_governance_record,owner_reviewed_for_phase6_testing,2025-12-12,within_cutoff,"Owner reviewed the exact stress point, timing, recovery, distribution treatment and drawability convention for Phase 6 analytical testing only. These are not management forecasts, contractual conclusions or final loan terms."
P6L-00077,data/phase6/raw/SCENARIO_ASSUMPTIONS.csv,scenario_assumption,P6A-0076,SRC-001;SRC-002;SRC-003,SCN-004,raw_governance_record,owner_reviewed_for_phase6_testing,2025-12-12,within_cutoff,"Owner reviewed the exact stress point, timing, recovery, distribution treatment and drawability convention for Phase 6 analytical testing only. These are not management forecasts, contractual conclusions or final loan terms."
P6L-00078,data/phase6/raw/SCENARIO_ASSUMPTIONS.csv,scenario_assumption,P6A-0077,SRC-001;SRC-002;SRC-003,SCN-009,raw_governance_record,owner_reviewed_for_phase6_testing,2025-12-12,within_cutoff,"Owner reviewed the exact stress point, timing, recovery, distribution treatment and drawability convention for Phase 6 analytical testing only. These are not management forecasts, contractual conclusions or final loan terms."
P6L-00079,data/phase6/raw/SCENARIO_ASSUMPTIONS.csv,scenario_assumption,P6A-0078,SRC-001;SRC-002;SRC-003,SCN-009,raw_governance_record,owner_reviewed_for_phase6_testing,2025-12-12,within_cutoff,"Owner reviewed the exact stress point, timing, recovery, distribution treatment and drawability convention for Phase 6 analytical testing only. These are not management forecasts, contractual conclusions or final loan terms."
P6L-00080,data/phase6/raw/SCENARIO_ASSUMPTIONS.csv,scenario_assumption,P6A-0079,SRC-001;SRC-002;SRC-003,SCN-009,raw_governance_record,owner_reviewed_for_phase6_testing,2025-12-12,within_cutoff,"Owner reviewed the exact stress point, timing, recovery, distribution treatment and drawability convention for Phase 6 analytical testing only. These are not management forecasts, contractual conclusions or final loan terms."
P6L-00081,data/phase6/raw/SCENARIO_ASSUMPTIONS.csv,scenario_assumption,P6A-0080,SRC-001;SRC-002;SRC-003,SCN-006,raw_governance_record,owner_reviewed_for_phase6_testing,2025-12-12,within_cutoff,"Owner reviewed the exact stress point, timing, recovery, distribution treatment and drawability convention for Phase 6 analytical testing only. These are not management forecasts, contractual conclusions or final loan terms."
P6L-00082,data/phase6/raw/SCENARIO_ASSUMPTIONS.csv,scenario_assumption,P6A-0081,SRC-001;SRC-002;SRC-003,SCN-005,raw_governance_record,owner_reviewed_for_phase6_testing,2025-12-12,within_cutoff,"Owner reviewed the exact stress point, timing, recovery, distribution treatment and drawability convention for Phase 6 analytical testing only. These are not management forecasts, contractual conclusions or final loan terms."
P6L-00083,data/phase6/raw/SCENARIO_ASSUMPTIONS.csv,scenario_assumption,P6A-0082,SRC-001;SRC-002;SRC-003,SCN-003;SCN-004,raw_governance_record,owner_reviewed_for_phase6_testing,2025-12-12,within_cutoff,"Owner reviewed the exact stress point, timing, recovery, distribution treatment and drawability convention for Phase 6 analytical testing only. These are not management forecasts, contractual conclusions or final loan terms."
P6L-00084,data/phase6/raw/SCENARIO_ASSUMPTIONS.csv,scenario_assumption,P6A-0083,SRC-001;SRC-002;SRC-003,SCN-007,raw_governance_record,owner_reviewed_for_phase6_testing,2025-12-12,within_cutoff,"Owner reviewed the exact stress point, timing, recovery, distribution treatment and drawability convention for Phase 6 analytical testing only. These are not management forecasts, contractual conclusions or final loan terms."
P6L-00085,data/phase6/raw/SCENARIO_ASSUMPTIONS.csv,scenario_assumption,P6A-0084,SRC-001;SRC-002;SRC-003,GAP-005;GAP-006,raw_governance_record,owner_reviewed_for_phase6_testing,2025-12-12,within_cutoff,"Owner reviewed the exact stress point, timing, recovery, distribution treatment and drawability convention for Phase 6 analytical testing only. These are not management forecasts, contractual conclusions or final loan terms."
P6L-00086,data/phase6/raw/MITIGATION_DECISIONS.csv,mitigation_decision,P6M-001,SRC-001;SRC-002,,raw_governance_record,owner_reviewed_for_phase6_testing,2025-12-12,within_cutoff,"Owner reviewed this action's timing, amount and zero direct implementation cost for Phase 6 analytical testing only; management action, legal permission and execution are not promised."
P6L-00087,data/phase6/raw/MITIGATION_DECISIONS.csv,mitigation_decision,P6M-002,SRC-001;SRC-002,,raw_governance_record,owner_reviewed_for_phase6_testing,2025-12-12,within_cutoff,"Owner reviewed this action's timing, amount and zero direct implementation cost for Phase 6 analytical testing only; management action, legal permission and execution are not promised."
P6L-00088,data/phase6/raw/MITIGATION_DECISIONS.csv,mitigation_decision,P6M-003,SRC-001,,raw_governance_record,proposed_for_owner_review,2025-12-12,within_cutoff,"No Phase 6 credit is modeled; feasibility, amount and timing remain pending."
P6L-00089,data/phase6/raw/MITIGATION_DECISIONS.csv,mitigation_decision,P6M-004,SRC-001;SRC-017;SRC-018;SRC-019;SRC-020;SRC-021;SRC-016;SRC-022;SRC-002,,raw_governance_record,proposed_for_owner_review,2025-12-12,within_cutoff,"No Phase 6 credit is modeled; feasibility, amount and timing remain pending."
P6L-00090,data/phase6/raw/MITIGATION_DECISIONS.csv,mitigation_decision,P6M-005,SRC-001;SRC-018;SRC-022;SRC-002,,raw_governance_record,proposed_for_owner_review,2025-12-12,within_cutoff,"No Phase 6 credit is modeled; feasibility, amount and timing remain pending."
P6L-00091,data/phase6/raw/MITIGATION_DECISIONS.csv,mitigation_decision,P6M-006,SRC-001;SRC-017;SRC-018;SRC-019;SRC-020;SRC-002;SRC-022,,raw_governance_record,proposed_for_owner_review,2025-12-12,within_cutoff,"No Phase 6 credit is modeled; feasibility, amount and timing remain pending."
P6L-00092,data/phase6/raw/MITIGATION_DECISIONS.csv,mitigation_decision,P6M-007,SRC-001;SRC-003;SRC-016,,raw_governance_record,proposed_for_owner_review,2025-12-12,within_cutoff,"No Phase 6 credit is modeled; feasibility, amount and timing remain pending."
P6L-00093,data/phase6/raw/MITIGATION_DECISIONS.csv,mitigation_decision,P6M-008,SRC-001;SRC-025;SRC-003;SRC-016,,raw_governance_record,proposed_for_owner_review,2025-12-12,within_cutoff,"No Phase 6 credit is modeled; feasibility, amount and timing remain pending."
P6L-00094,data/phase6/processed/SCENARIO_RESULTS.csv,scenario_result,P6R-001,SRC-001;SRC-002;SRC-003,P6M-BASE-P-0001:P6M-BASE-P-0060,formula_calculated_scenario_summary,inherited_phase5_base,2025-12-12,within_cutoff,"Formal covenant compliance, proposed documentation, recurring fees, eligible cash and refinancing at maturity remain not determinable."
P6L-00095,data/phase6/processed/SCENARIO_RESULTS.csv,scenario_result,P6R-002,SRC-001;SRC-002;SRC-003,P6M-BASE-E-0001:P6M-BASE-E-0042,formula_calculated_scenario_summary,inherited_phase5_base,2025-12-12,within_cutoff,"Formal covenant compliance, proposed documentation, recurring fees, eligible cash and refinancing at maturity remain not determinable."
P6L-00096,data/phase6/processed/SCENARIO_RESULTS.csv,scenario_result,P6R-003,SRC-001;SRC-002;SRC-003,P6M-MODERATE_UNMITIGATED-P-0001:P6M-MODERATE_UNMITIGATED-P-0060,formula_calculated_scenario_summary,owner_reviewed_for_phase6_testing,2025-12-12,within_cutoff,"Formal covenant compliance, proposed documentation, recurring fees, eligible cash and refinancing at maturity remain not determinable."
P6L-00097,data/phase6/processed/SCENARIO_RESULTS.csv,scenario_result,P6R-004,SRC-001;SRC-002;SRC-003,P6M-MODERATE_UNMITIGATED-E-0001:P6M-MODERATE_UNMITIGATED-E-0042,formula_calculated_scenario_summary,owner_reviewed_for_phase6_testing,2025-12-12,within_cutoff,"Formal covenant compliance, proposed documentation, recurring fees, eligible cash and refinancing at maturity remain not determinable."
P6L-00098,data/phase6/processed/SCENARIO_RESULTS.csv,scenario_result,P6R-005,SRC-001;SRC-002;SRC-003,P6M-SEVERE_UNMITIGATED-P-0001:P6M-SEVERE_UNMITIGATED-P-0060,formula_calculated_scenario_summary,owner_reviewed_for_phase6_testing,2025-12-12,within_cutoff,"Formal covenant compliance, proposed documentation, recurring fees, eligible cash and refinancing at maturity remain not determinable."
P6L-00099,data/phase6/processed/SCENARIO_RESULTS.csv,scenario_result,P6R-006,SRC-001;SRC-002;SRC-003,P6M-SEVERE_UNMITIGATED-E-0001:P6M-SEVERE_UNMITIGATED-E-0042,formula_calculated_scenario_summary,owner_reviewed_for_phase6_testing,2025-12-12,within_cutoff,"Formal covenant compliance, proposed documentation, recurring fees, eligible cash and refinancing at maturity remain not determinable."
P6L-00100,data/phase6/processed/SCENARIO_RESULTS.csv,scenario_result,P6R-007,SRC-001;SRC-002;SRC-003,P6M-MODERATE_MITIGATED-P-0001:P6M-MODERATE_MITIGATED-P-0060,formula_calculated_scenario_summary,owner_reviewed_for_phase6_testing,2025-12-12,within_cutoff,"Formal covenant compliance, proposed documentation, recurring fees, eligible cash and refinancing at maturity remain not determinable."
P6L-00101,data/phase6/processed/SCENARIO_RESULTS.csv,scenario_result,P6R-008,SRC-001;SRC-002;SRC-003,P6M-MODERATE_MITIGATED-E-0001:P6M-MODERATE_MITIGATED-E-0042,formula_calculated_scenario_summary,owner_reviewed_for_phase6_testing,2025-12-12,within_cutoff,"Formal covenant compliance, proposed documentation, recurring fees, eligible cash and refinancing at maturity remain not determinable."
P6L-00102,data/phase6/processed/SCENARIO_RESULTS.csv,scenario_result,P6R-009,SRC-001;SRC-002;SRC-003,P6M-SEVERE_MITIGATED-P-0001:P6M-SEVERE_MITIGATED-P-0060,formula_calculated_scenario_summary,owner_reviewed_for_phase6_testing,2025-12-12,within_cutoff,"Formal covenant compliance, proposed documentation, recurring fees, eligible cash and refinancing at maturity remain not determinable."
P6L-00103,data/phase6/processed/SCENARIO_RESULTS.csv,scenario_result,P6R-010,SRC-001;SRC-002;SRC-003,P6M-SEVERE_MITIGATED-E-0001:P6M-SEVERE_MITIGATED-E-0042,formula_calculated_scenario_summary,owner_reviewed_for_phase6_testing,2025-12-12,within_cutoff,"Formal covenant compliance, proposed documentation, recurring fees, eligible cash and refinancing at maturity remain not determinable."
P6L-00104,data/phase6/processed/SCENARIO_RESULTS.csv,scenario_result,P6R-011,SRC-001;SRC-002;SRC-003,P6M-MODERATE_NO_WAIVER-P-0001:P6M-MODERATE_NO_WAIVER-P-0060,formula_calculated_scenario_summary,owner_reviewed_for_phase6_testing,2025-12-12,within_cutoff,"Formal covenant compliance, proposed documentation, recurring fees, eligible cash and refinancing at maturity remain not determinable."
P6L-00105,data/phase6/processed/SCENARIO_RESULTS.csv,scenario_result,P6R-012,SRC-001;SRC-002;SRC-003,P6M-MODERATE_NO_WAIVER-E-0001:P6M-MODERATE_NO_WAIVER-E-0042,formula_calculated_scenario_summary,owner_reviewed_for_phase6_testing,2025-12-12,within_cutoff,"Formal covenant compliance, proposed documentation, recurring fees, eligible cash and refinancing at maturity remain not determinable."
P6L-00106,data/phase6/processed/SCENARIO_RESULTS.csv,scenario_result,P6R-013,SRC-001;SRC-002;SRC-003,P6M-SEVERE_NO_WAIVER-P-0001:P6M-SEVERE_NO_WAIVER-P-0060,formula_calculated_scenario_summary,owner_reviewed_for_phase6_testing,2025-12-12,within_cutoff,"Formal covenant compliance, proposed documentation, recurring fees, eligible cash and refinancing at maturity remain not determinable."
P6L-00107,data/phase6/processed/SCENARIO_RESULTS.csv,scenario_result,P6R-014,SRC-001;SRC-002;SRC-003,P6M-SEVERE_NO_WAIVER-E-0001:P6M-SEVERE_NO_WAIVER-E-0042,formula_calculated_scenario_summary,owner_reviewed_for_phase6_testing,2025-12-12,within_cutoff,"Formal covenant compliance, proposed documentation, recurring fees, eligible cash and refinancing at maturity remain not determinable."
P6L-00108,data/phase6/processed/MONTHLY_LIQUIDITY_STRESS.csv,monthly_liquidity_stress,P6M-BASE-P-0001,SRC-001;SRC-002;SRC-003,P5A-014;P5A-015;P5A-016;P5A-018:P5A-032;SCN-001:SCN-009,formula_calculated_downside_liquidity_path,inherited_phase5_base,2025-12-12,within_cutoff,"Recurring financing fees, official covenant definitions, eligible cash, distribution permissions and actual closing cash remain unavailable. Monthly timing is an owner-reviewed testing convention, not observed borrower seasonality."
P6L-00109,data/phase6/processed/MONTHLY_LIQUIDITY_STRESS.csv,monthly_liquidity_stress,P6M-BASE-P-0002,SRC-001;SRC-002;SRC-003,P5A-014;P5A-015;P5A-016;P5A-018:P5A-032;SCN-001:SCN-009,formula_calculated_downside_liquidity_path,inherited_phase5_base,2025-12-12,within_cutoff,"Recurring financing fees, official covenant definitions, eligible cash, distribution permissions and actual closing cash remain unavailable. Monthly timing is an owner-reviewed testing convention, not observed borrower seasonality."
P6L-00110,data/phase6/processed/MONTHLY_LIQUIDITY_STRESS.csv,monthly_liquidity_stress,P6M-BASE-P-0003,SRC-001;SRC-002;SRC-003,P5A-014;P5A-015;P5A-016;P5A-018:P5A-032;SCN-001:SCN-009,formula_calculated_downside_liquidity_path,inherited_phase5_base,2025-12-12,within_cutoff,"Recurring financing fees, official covenant definitions, eligible cash, distribution permissions and actual closing cash remain unavailable. Monthly timing is an owner-reviewed testing convention, not observed borrower seasonality."
P6L-00111,data/phase6/processed/MONTHLY_LIQUIDITY_STRESS.csv,monthly_liquidity_stress,P6M-BASE-P-0004,SRC-001;SRC-002;SRC-003,P5A-014;P5A-015;P5A-016;P5A-018:P5A-032;SCN-001:SCN-009,formula_calculated_downside_liquidity_path,inherited_phase5_base,2025-12-12,within_cutoff,"Recurring financing fees, official covenant definitions, eligible cash, distribution permissions and actual closing cash remain unavailable. Monthly timing is an owner-reviewed testing convention, not observed borrower seasonality."
P6L-00112,data/phase6/processed/MONTHLY_LIQUIDITY_STRESS.csv,monthly_liquidity_stress,P6M-BASE-P-0005,SRC-001;SRC-002;SRC-003,P5A-014;P5A-015;P5A-016;P5A-018:P5A-032;SCN-001:SCN-009,formula_calculated_downside_liquidity_path,inherited_phase5_base,2025-12-12,within_cutoff,"Recurring financing fees, official covenant definitions, eligible cash, distribution permissions and actual closing cash remain unavailable. Monthly timing is an owner-reviewed testing convention, not observed borrower seasonality."
P6L-00113,data/phase6/processed/MONTHLY_LIQUIDITY_STRESS.csv,monthly_liquidity_stress,P6M-BASE-P-0006,SRC-001;SRC-002;SRC-003,P5A-014;P5A-015;P5A-016;P5A-018:P5A-032;SCN-001:SCN-009,formula_calculated_downside_liquidity_path,inherited_phase5_base,2025-12-12,within_cutoff,"Recurring financing fees, official covenant definitions, eligible cash, distribution permissions and actual closing cash remain unavailable. Monthly timing is an owner-reviewed testing convention, not observed borrower seasonality."
P6L-00114,data/phase6/processed/MONTHLY_LIQUIDITY_STRESS.csv,monthly_liquidity_stress,P6M-BASE-P-0007,SRC-001;SRC-002;SRC-003,P5A-014;P5A-015;P5A-016;P5A-018:P5A-032;SCN-001:SCN-009,formula_calculated_downside_liquidity_path,inherited_phase5_base,2025-12-12,within_cutoff,"Recurring financing fees, official covenant definitions, eligible cash, distribution permissions and actual closing cash remain unavailable. Monthly timing is an owner-reviewed testing convention, not observed borrower seasonality."
P6L-00115,data/phase6/processed/MONTHLY_LIQUIDITY_STRESS.csv,monthly_liquidity_stress,P6M-BASE-P-0008,SRC-001;SRC-002;SRC-003,P5A-014;P5A-015;P5A-016;P5A-018:P5A-032;SCN-001:SCN-009,formula_calculated_downside_liquidity_path,inherited_phase5_base,2025-12-12,within_cutoff,"Recurring financing fees, official covenant definitions, eligible cash, distribution permissions and actual closing cash remain unavailable. Monthly timing is an owner-reviewed testing convention, not observed borrower seasonality."
P6L-00116,data/phase6/processed/MONTHLY_LIQUIDITY_STRESS.csv,monthly_liquidity_stress,P6M-BASE-P-0009,SRC-001;SRC-002;SRC-003,P5A-014;P5A-015;P5A-016;P5A-018:P5A-032;SCN-001:SCN-009,formula_calculated_downside_liquidity_path,inherited_phase5_base,2025-12-12,within_cutoff,"Recurring financing fees, official covenant definitions, eligible cash, distribution permissions and actual closing cash remain unavailable. Monthly timing is an owner-reviewed testing convention, not observed borrower seasonality."
P6L-00117,data/phase6/processed/MONTHLY_LIQUIDITY_STRESS.csv,monthly_liquidity_stress,P6M-BASE-P-0010,SRC-001;SRC-002;SRC-003,P5A-014;P5A-015;P5A-016;P5A-018:P5A-032;SCN-001:SCN-009,formula_calculated_downside_liquidity_path,inherited_phase5_base,2025-12-12,within_cutoff,"Recurring financing fees, official covenant definitions, eligible cash, distribution permissions and actual closing cash remain unavailable. Monthly timing is an owner-reviewed testing convention, not observed borrower seasonality."
P6L-00118,data/phase6/processed/MONTHLY_LIQUIDITY_STRESS.csv,monthly_liquidity_stress,P6M-BASE-P-0011,SRC-001;SRC-002;SRC-003,P5A-014;P5A-015;P5A-016;P5A-018:P5A-032;SCN-001:SCN-009,formula_calculated_downside_liquidity_path,inherited_phase5_base,2025-12-12,within_cutoff,"Recurring financing fees, official covenant definitions, eligible cash, distribution permissions and actual closing cash remain unavailable. Monthly timing is an owner-reviewed testing convention, not observed borrower seasonality."
P6L-00119,data/phase6/processed/MONTHLY_LIQUIDITY_STRESS.csv,monthly_liquidity_stress,P6M-BASE-P-0012,SRC-001;SRC-002;SRC-003,P5A-014;P5A-015;P5A-016;P5A-018:P5A-032;SCN-001:SCN-009,formula_calculated_downside_liquidity_path,inherited_phase5_base,2025-12-12,within_cutoff,"Recurring financing fees, official covenant definitions, eligible cash, distribution permissions and actual closing cash remain unavailable. Monthly timing is an owner-reviewed testing convention, not observed borrower seasonality."
P6L-00120,data/phase6/processed/MONTHLY_LIQUIDITY_STRESS.csv,monthly_liquidity_stress,P6M-BASE-P-0013,SRC-001;SRC-002;SRC-003,P5A-014;P5A-015;P5A-016;P5A-018:P5A-032;SCN-001:SCN-009,formula_calculated_downside_liquidity_path,inherited_phase5_base,2025-12-12,within_cutoff,"Recurring financing fees, official covenant definitions, eligible cash, distribution permissions and actual closing cash remain unavailable. Monthly timing is an owner-reviewed testing convention, not observed borrower seasonality."
P6L-00121,data/phase6/processed/MONTHLY_LIQUIDITY_STRESS.csv,monthly_liquidity_stress,P6M-BASE-P-0014,SRC-001;SRC-002;SRC-003,P5A-014;P5A-015;P5A-016;P5A-018:P5A-032;SCN-001:SCN-009,formula_calculated_downside_liquidity_path,inherited_phase5_base,2025-12-12,within_cutoff,"Recurring financing fees, official covenant definitions, eligible cash, distribution permissions and actual closing cash remain unavailable. Monthly timing is an owner-reviewed testing convention, not observed borrower seasonality."
P6L-00122,data/phase6/processed/MONTHLY_LIQUIDITY_STRESS.csv,monthly_liquidity_stress,P6M-BASE-P-0015,SRC-001;SRC-002;SRC-003,P5A-014;P5A-015;P5A-016;P5A-018:P5A-032;SCN-001:SCN-009,formula_calculated_downside_liquidity_path,inherited_phase5_base,2025-12-12,within_cutoff,"Recurring financing fees, official covenant definitions, eligible cash, distribution permissions and actual closing cash remain unavailable. Monthly timing is an owner-reviewed testing convention, not observed borrower seasonality."
P6L-00123,data/phase6/processed/MONTHLY_LIQUIDITY_STRESS.csv,monthly_liquidity_stress,P6M-BASE-P-0016,SRC-001;SRC-002;SRC-003,P5A-014;P5A-015;P5A-016;P5A-018:P5A-032;SCN-001:SCN-009,formula_calculated_downside_liquidity_path,inherited_phase5_base,2025-12-12,within_cutoff,"Recurring financing fees, official covenant definitions, eligible cash, distribution permissions and actual closing cash remain unavailable. Monthly timing is an owner-reviewed testing convention, not observed borrower seasonality."
P6L-00124,data/phase6/processed/MONTHLY_LIQUIDITY_STRESS.csv,monthly_liquidity_stress,P6M-BASE-P-0017,SRC-001;SRC-002;SRC-003,P5A-014;P5A-015;P5A-016;P5A-018:P5A-032;SCN-001:SCN-009,formula_calculated_downside_liquidity_path,inherited_phase5_base,2025-12-12,within_cutoff,"Recurring financing fees, official covenant definitions, eligible cash, distribution permissions and actual closing cash remain unavailable. Monthly timing is an owner-reviewed testing convention, not observed borrower seasonality."
P6L-00125,data/phase6/processed/MONTHLY_LIQUIDITY_STRESS.csv,monthly_liquidity_stress,P6M-BASE-P-0018,SRC-001;SRC-002;SRC-003,P5A-014;P5A-015;P5A-016;P5A-018:P5A-032;SCN-001:SCN-009,formula_calculated_downside_liquidity_path,inherited_phase5_base,2025-12-12,within_cutoff,"Recurring financing fees, official covenant definitions, eligible cash, distribution permissions and actual closing cash remain unavailable. Monthly timing is an owner-reviewed testing convention, not observed borrower seasonality."
P6L-00126,data/phase6/processed/MONTHLY_LIQUIDITY_STRESS.csv,monthly_liquidity_stress,P6M-BASE-P-0019,SRC-001;SRC-002;SRC-003,P5A-014;P5A-015;P5A-016;P5A-018:P5A-032;SCN-001:SCN-009,formula_calculated_downside_liquidity_path,inherited_phase5_base,2025-12-12,within_cutoff,"Recurring financing fees, official covenant definitions, eligible cash, distribution permissions and actual closing cash remain unavailable. Monthly timing is an owner-reviewed testing convention, not observed borrower seasonality."
P6L-00127,data/phase6/processed/MONTHLY_LIQUIDITY_STRESS.csv,monthly_liquidity_stress,P6M-BASE-P-0020,SRC-001;SRC-002;SRC-003,P5A-014;P5A-015;P5A-016;P5A-018:P5A-032;SCN-001:SCN-009,formula_calculated_downside_liquidity_path,inherited_phase5_base,2025-12-12,within_cutoff,"Recurring financing fees, official covenant definitions, eligible cash, distribution permissions and actual closing cash remain unavailable. Monthly timing is an owner-reviewed testing convention, not observed borrower seasonality."
P6L-00128,data/phase6/processed/MONTHLY_LIQUIDITY_STRESS.csv,monthly_liquidity_stress,P6M-BASE-P-0021,SRC-001;SRC-002;SRC-003,P5A-014;P5A-015;P5A-016;P5A-018:P5A-032;SCN-001:SCN-009,formula_calculated_downside_liquidity_path,inherited_phase5_base,2025-12-12,within_cutoff,"Recurring financing fees, official covenant definitions, eligible cash, distribution permissions and actual closing cash remain unavailable. Monthly timing is an owner-reviewed testing convention, not observed borrower seasonality."
P6L-00129,data/phase6/processed/MONTHLY_LIQUIDITY_STRESS.csv,monthly_liquidity_stress,P6M-BASE-P-0022,SRC-001;SRC-002;SRC-003,P5A-014;P5A-015;P5A-016;P5A-018:P5A-032;SCN-001:SCN-009,formula_calculated_downside_liquidity_path,inherited_phase5_base,2025-12-12,within_cutoff,"Recurring financing fees, official covenant definitions, eligible cash, distribution permissions and actual closing cash remain unavailable. Monthly timing is an owner-reviewed testing convention, not observed borrower seasonality."
P6L-00130,data/phase6/processed/MONTHLY_LIQUIDITY_STRESS.csv,monthly_liquidity_stress,P6M-BASE-P-0023,SRC-001;SRC-002;SRC-003,P5A-014;P5A-015;P5A-016;P5A-018:P5A-032;SCN-001:SCN-009,formula_calculated_downside_liquidity_path,inherited_phase5_base,2025-12-12,within_cutoff,"Recurring financing fees, official covenant definitions, eligible cash, distribution permissions and actual closing cash remain unavailable. Monthly timing is an owner-reviewed testing convention, not observed borrower seasonality."
P6L-00131,data/phase6/processed/MONTHLY_LIQUIDITY_STRESS.csv,monthly_liquidity_stress,P6M-BASE-P-0024,SRC-001;SRC-002;SRC-003,P5A-014;P5A-015;P5A-016;P5A-018:P5A-032;SCN-001:SCN-009,formula_calculated_downside_liquidity_path,inherited_phase5_base,2025-12-12,within_cutoff,"Recurring financing fees, official covenant definitions, eligible cash, distribution permissions and actual closing cash remain unavailable. Monthly timing is an owner-reviewed testing convention, not observed borrower seasonality."
P6L-00132,data/phase6/processed/MONTHLY_LIQUIDITY_STRESS.csv,monthly_liquidity_stress,P6M-BASE-P-0025,SRC-001;SRC-002;SRC-003,P5A-014;P5A-015;P5A-016;P5A-018:P5A-032;SCN-001:SCN-009,formula_calculated_downside_liquidity_path,inherited_phase5_base,2025-12-12,within_cutoff,"Recurring financing fees, official covenant definitions, eligible cash, distribution permissions and actual closing cash remain unavailable. Monthly timing is an owner-reviewed testing convention, not observed borrower seasonality."
P6L-00133,data/phase6/processed/MONTHLY_LIQUIDITY_STRESS.csv,monthly_liquidity_stress,P6M-BASE-P-0026,SRC-001;SRC-002;SRC-003,P5A-014;P5A-015;P5A-016;P5A-018:P5A-032;SCN-001:SCN-009,formula_calculated_downside_liquidity_path,inherited_phase5_base,2025-12-12,within_cutoff,"Recurring financing fees, official covenant definitions, eligible cash, distribution permissions and actual closing cash remain unavailable. Monthly timing is an owner-reviewed testing convention, not observed borrower seasonality."
P6L-00134,data/phase6/processed/MONTHLY_LIQUIDITY_STRESS.csv,monthly_liquidity_stress,P6M-BASE-P-0027,SRC-001;SRC-002;SRC-003,P5A-014;P5A-015;P5A-016;P5A-018:P5A-032;SCN-001:SCN-009,formula_calculated_downside_liquidity_path,inherited_phase5_base,2025-12-12,within_cutoff,"Recurring financing fees, official covenant definitions, eligible cash, distribution permissions and actual closing cash remain unavailable. Monthly timing is an owner-reviewed testing convention, not observed borrower seasonality."
P6L-00135,data/phase6/processed/MONTHLY_LIQUIDITY_STRESS.csv,monthly_liquidity_stress,P6M-BASE-P-0028,SRC-001;SRC-002;SRC-003,P5A-014;P5A-015;P5A-016;P5A-018:P5A-032;SCN-001:SCN-009,formula_calculated_downside_liquidity_path,inherited_phase5_base,2025-12-12,within_cutoff,"Recurring financing fees, official covenant definitions, eligible cash, distribution permissions and actual closing cash remain unavailable. Monthly timing is an owner-reviewed testing convention, not observed borrower seasonality."
P6L-00136,data/phase6/processed/MONTHLY_LIQUIDITY_STRESS.csv,monthly_liquidity_stress,P6M-BASE-P-0029,SRC-001;SRC-002;SRC-003,P5A-014;P5A-015;P5A-016;P5A-018:P5A-032;SCN-001:SCN-009,formula_calculated_downside_liquidity_path,inherited_phase5_base,2025-12-12,within_cutoff,"Recurring financing fees, official covenant definitions, eligible cash, distribution permissions and actual closing cash remain unavailable. Monthly timing is an owner-reviewed testing convention, not observed borrower seasonality."
P6L-00137,data/phase6/processed/MONTHLY_LIQUIDITY_STRESS.csv,monthly_liquidity_stress,P6M-BASE-P-0030,SRC-001;SRC-002;SRC-003,P5A-014;P5A-015;P5A-016;P5A-018:P5A-032;SCN-001:SCN-009,formula_calculated_downside_liquidity_path,inherited_phase5_base,2025-12-12,within_cutoff,"Recurring financing fees, official covenant definitions, eligible cash, distribution permissions and actual closing cash remain unavailable. Monthly timing is an owner-reviewed testing convention, not observed borrower seasonality."
P6L-00138,data/phase6/processed/MONTHLY_LIQUIDITY_STRESS.csv,monthly_liquidity_stress,P6M-BASE-P-0031,SRC-001;SRC-002;SRC-003,P5A-014;P5A-015;P5A-016;P5A-018:P5A-032;SCN-001:SCN-009,formula_calculated_downside_liquidity_path,inherited_phase5_base,2025-12-12,within_cutoff,"Recurring financing fees, official covenant definitions, eligible cash, distribution permissions and actual closing cash remain unavailable. Monthly timing is an owner-reviewed testing convention, not observed borrower seasonality."
P6L-00139,data/phase6/processed/MONTHLY_LIQUIDITY_STRESS.csv,monthly_liquidity_stress,P6M-BASE-P-0032,SRC-001;SRC-002;SRC-003,P5A-014;P5A-015;P5A-016;P5A-018:P5A-032;SCN-001:SCN-009,formula_calculated_downside_liquidity_path,inherited_phase5_base,2025-12-12,within_cutoff,"Recurring financing fees, official covenant definitions, eligible cash, distribution permissions and actual closing cash remain unavailable. Monthly timing is an owner-reviewed testing convention, not observed borrower seasonality."
P6L-00140,data/phase6/processed/MONTHLY_LIQUIDITY_STRESS.csv,monthly_liquidity_stress,P6M-BASE-P-0033,SRC-001;SRC-002;SRC-003,P5A-014;P5A-015;P5A-016;P5A-018:P5A-032;SCN-001:SCN-009,formula_calculated_downside_liquidity_path,inherited_phase5_base,2025-12-12,within_cutoff,"Recurring financing fees, official covenant definitions, eligible cash, distribution permissions and actual closing cash remain unavailable. Monthly timing is an owner-reviewed testing convention, not observed borrower seasonality."
P6L-00141,data/phase6/processed/MONTHLY_LIQUIDITY_STRESS.csv,monthly_liquidity_stress,P6M-BASE-P-0034,SRC-001;SRC-002;SRC-003,P5A-014;P5A-015;P5A-016;P5A-018:P5A-032;SCN-001:SCN-009,formula_calculated_downside_liquidity_path,inherited_phase5_base,2025-12-12,within_cutoff,"Recurring financing fees, official covenant definitions, eligible cash, distribution permissions and actual closing cash remain unavailable. Monthly timing is an owner-reviewed testing convention, not observed borrower seasonality."
P6L-00142,data/phase6/processed/MONTHLY_LIQUIDITY_STRESS.csv,monthly_liquidity_stress,P6M-BASE-P-0035,SRC-001;SRC-002;SRC-003,P5A-014;P5A-015;P5A-016;P5A-018:P5A-032;SCN-001:SCN-009,formula_calculated_downside_liquidity_path,inherited_phase5_base,2025-12-12,within_cutoff,"Recurring financing fees, official covenant definitions, eligible cash, distribution permissions and actual closing cash remain unavailable. Monthly timing is an owner-reviewed testing convention, not observed borrower seasonality."
P6L-00143,data/phase6/processed/MONTHLY_LIQUIDITY_STRESS.csv,monthly_liquidity_stress,P6M-BASE-P-0036,SRC-001;SRC-002;SRC-003,P5A-014;P5A-015;P5A-016;P5A-018:P5A-032;SCN-001:SCN-009,formula_calculated_downside_liquidity_path,inherited_phase5_base,2025-12-12,within_cutoff,"Recurring financing fees, official covenant definitions, eligible cash, distribution permissions and actual closing cash remain unavailable. Monthly timing is an owner-reviewed testing convention, not observed borrower seasonality."
P6L-00144,data/phase6/processed/MONTHLY_LIQUIDITY_STRESS.csv,monthly_liquidity_stress,P6M-BASE-P-0037,SRC-001;SRC-002;SRC-003,P5A-014;P5A-015;P5A-016;P5A-018:P5A-032;SCN-001:SCN-009,formula_calculated_downside_liquidity_path,inherited_phase5_base,2025-12-12,within_cutoff,"Recurring financing fees, official covenant definitions, eligible cash, distribution permissions and actual closing cash remain unavailable. Monthly timing is an owner-reviewed testing convention, not observed borrower seasonality."
P6L-00145,data/phase6/processed/MONTHLY_LIQUIDITY_STRESS.csv,monthly_liquidity_stress,P6M-BASE-P-0038,SRC-001;SRC-002;SRC-003,P5A-014;P5A-015;P5A-016;P5A-018:P5A-032;SCN-001:SCN-009,formula_calculated_downside_liquidity_path,inherited_phase5_base,2025-12-12,within_cutoff,"Recurring financing fees, official covenant definitions, eligible cash, distribution permissions and actual closing cash remain unavailable. Monthly timing is an owner-reviewed testing convention, not observed borrower seasonality."
P6L-00146,data/phase6/processed/MONTHLY_LIQUIDITY_STRESS.csv,monthly_liquidity_stress,P6M-BASE-P-0039,SRC-001;SRC-002;SRC-003,P5A-014;P5A-015;P5A-016;P5A-018:P5A-032;SCN-001:SCN-009,formula_calculated_downside_liquidity_path,inherited_phase5_base,2025-12-12,within_cutoff,"Recurring financing fees, official covenant definitions, eligible cash, distribution permissions and actual closing cash remain unavailable. Monthly timing is an owner-reviewed testing convention, not observed borrower seasonality."
P6L-00147,data/phase6/processed/MONTHLY_LIQUIDITY_STRESS.csv,monthly_liquidity_stress,P6M-BASE-P-0040,SRC-001;SRC-002;SRC-003,P5A-014;P5A-015;P5A-016;P5A-018:P5A-032;SCN-001:SCN-009,formula_calculated_downside_liquidity_path,inherited_phase5_base,2025-12-12,within_cutoff,"Recurring financing fees, official covenant definitions, eligible cash, distribution permissions and actual closing cash remain unavailable. Monthly timing is an owner-reviewed testing convention, not observed borrower seasonality."
P6L-00148,data/phase6/processed/MONTHLY_LIQUIDITY_STRESS.csv,monthly_liquidity_stress,P6M-BASE-P-0041,SRC-001;SRC-002;SRC-003,P5A-014;P5A-015;P5A-016;P5A-018:P5A-032;SCN-001:SCN-009,formula_calculated_downside_liquidity_path,inherited_phase5_base,2025-12-12,within_cutoff,"Recurring financing fees, official covenant definitions, eligible cash, distribution permissions and actual closing cash remain unavailable. Monthly timing is an owner-reviewed testing convention, not observed borrower seasonality."
P6L-00149,data/phase6/processed/MONTHLY_LIQUIDITY_STRESS.csv,monthly_liquidity_stress,P6M-BASE-P-0042,SRC-001;SRC-002;SRC-003,P5A-014;P5A-015;P5A-016;P5A-018:P5A-032;SCN-001:SCN-009,formula_calculated_downside_liquidity_path,inherited_phase5_base,2025-12-12,within_cutoff,"Recurring financing fees, official covenant definitions, eligible cash, distribution permissions and actual closing cash remain unavailable. Monthly timing is an owner-reviewed testing convention, not observed borrower seasonality."
P6L-00150,data/phase6/processed/MONTHLY_LIQUIDITY_STRESS.csv,monthly_liquidity_stress,P6M-BASE-P-0043,SRC-001;SRC-002;SRC-003,P5A-014;P5A-015;P5A-016;P5A-018:P5A-032;SCN-001:SCN-009,formula_calculated_downside_liquidity_path,inherited_phase5_base,2025-12-12,within_cutoff,"Recurring financing fees, official covenant definitions, eligible cash, distribution permissions and actual closing cash remain unavailable. Monthly timing is an owner-reviewed testing convention, not observed borrower seasonality."
P6L-00151,data/phase6/processed/MONTHLY_LIQUIDITY_STRESS.csv,monthly_liquidity_stress,P6M-BASE-P-0044,SRC-001;SRC-002;SRC-003,P5A-014;P5A-015;P5A-016;P5A-018:P5A-032;SCN-001:SCN-009,formula_calculated_downside_liquidity_path,inherited_phase5_base,2025-12-12,within_cutoff,"Recurring financing fees, official covenant definitions, eligible cash, distribution permissions and actual closing cash remain unavailable. Monthly timing is an owner-reviewed testing convention, not observed borrower seasonality."
P6L-00152,data/phase6/processed/MONTHLY_LIQUIDITY_STRESS.csv,monthly_liquidity_stress,P6M-BASE-P-0045,SRC-001;SRC-002;SRC-003,P5A-014;P5A-015;P5A-016;P5A-018:P5A-032;SCN-001:SCN-009,formula_calculated_downside_liquidity_path,inherited_phase5_base,2025-12-12,within_cutoff,"Recurring financing fees, official covenant definitions, eligible cash, distribution permissions and actual closing cash remain unavailable. Monthly timing is an owner-reviewed testing convention, not observed borrower seasonality."
P6L-00153,data/phase6/processed/MONTHLY_LIQUIDITY_STRESS.csv,monthly_liquidity_stress,P6M-BASE-P-0046,SRC-001;SRC-002;SRC-003,P5A-014;P5A-015;P5A-016;P5A-018:P5A-032;SCN-001:SCN-009,formula_calculated_downside_liquidity_path,inherited_phase5_base,2025-12-12,within_cutoff,"Recurring financing fees, official covenant definitions, eligible cash, distribution permissions and actual closing cash remain unavailable. Monthly timing is an owner-reviewed testing convention, not observed borrower seasonality."
P6L-00154,data/phase6/processed/MONTHLY_LIQUIDITY_STRESS.csv,monthly_liquidity_stress,P6M-BASE-P-0047,SRC-001;SRC-002;SRC-003,P5A-014;P5A-015;P5A-016;P5A-018:P5A-032;SCN-001:SCN-009,formula_calculated_downside_liquidity_path,inherited_phase5_base,2025-12-12,within_cutoff,"Recurring financing fees, official covenant definitions, eligible cash, distribution permissions and actual closing cash remain unavailable. Monthly timing is an owner-reviewed testing convention, not observed borrower seasonality."
P6L-00155,data/phase6/processed/MONTHLY_LIQUIDITY_STRESS.csv,monthly_liquidity_stress,P6M-BASE-P-0048,SRC-001;SRC-002;SRC-003,P5A-014;P5A-015;P5A-016;P5A-018:P5A-032;SCN-001:SCN-009,formula_calculated_downside_liquidity_path,inherited_phase5_base,2025-12-12,within_cutoff,"Recurring financing fees, official covenant definitions, eligible cash, distribution permissions and actual closing cash remain unavailable. Monthly timing is an owner-reviewed testing convention, not observed borrower seasonality."
P6L-00156,data/phase6/processed/MONTHLY_LIQUIDITY_STRESS.csv,monthly_liquidity_stress,P6M-BASE-P-0049,SRC-001;SRC-002;SRC-003,P5A-014;P5A-015;P5A-016;P5A-018:P5A-032;SCN-001:SCN-009,formula_calculated_downside_liquidity_path,inherited_phase5_base,2025-12-12,within_cutoff,"Recurring financing fees, official covenant definitions, eligible cash, distribution permissions and actual closing cash remain unavailable. Monthly timing is an owner-reviewed testing convention, not observed borrower seasonality."
P6L-00157,data/phase6/processed/MONTHLY_LIQUIDITY_STRESS.csv,monthly_liquidity_stress,P6M-BASE-P-0050,SRC-001;SRC-002;SRC-003,P5A-014;P5A-015;P5A-016;P5A-018:P5A-032;SCN-001:SCN-009,formula_calculated_downside_liquidity_path,inherited_phase5_base,2025-12-12,within_cutoff,"Recurring financing fees, official covenant definitions, eligible cash, distribution permissions and actual closing cash remain unavailable. Monthly timing is an owner-reviewed testing convention, not observed borrower seasonality."
P6L-00158,data/phase6/processed/MONTHLY_LIQUIDITY_STRESS.csv,monthly_liquidity_stress,P6M-BASE-P-0051,SRC-001;SRC-002;SRC-003,P5A-014;P5A-015;P5A-016;P5A-018:P5A-032;SCN-001:SCN-009,formula_calculated_downside_liquidity_path,inherited_phase5_base,2025-12-12,within_cutoff,"Recurring financing fees, official covenant definitions, eligible cash, distribution permissions and actual closing cash remain unavailable. Monthly timing is an owner-reviewed testing convention, not observed borrower seasonality."
P6L-00159,data/phase6/processed/MONTHLY_LIQUIDITY_STRESS.csv,monthly_liquidity_stress,P6M-BASE-P-0052,SRC-001;SRC-002;SRC-003,P5A-014;P5A-015;P5A-016;P5A-018:P5A-032;SCN-001:SCN-009,formula_calculated_downside_liquidity_path,inherited_phase5_base,2025-12-12,within_cutoff,"Recurring financing fees, official covenant definitions, eligible cash, distribution permissions and actual closing cash remain unavailable. Monthly timing is an owner-reviewed testing convention, not observed borrower seasonality."
P6L-00160,data/phase6/processed/MONTHLY_LIQUIDITY_STRESS.csv,monthly_liquidity_stress,P6M-BASE-P-0053,SRC-001;SRC-002;SRC-003,P5A-014;P5A-015;P5A-016;P5A-018:P5A-032;SCN-001:SCN-009,formula_calculated_downside_liquidity_path,inherited_phase5_base,2025-12-12,within_cutoff,"Recurring financing fees, official covenant definitions, eligible cash, distribution permissions and actual closing cash remain unavailable. Monthly timing is an owner-reviewed testing convention, not observed borrower seasonality."
P6L-00161,data/phase6/processed/MONTHLY_LIQUIDITY_STRESS.csv,monthly_liquidity_stress,P6M-BASE-P-0054,SRC-001;SRC-002;SRC-003,P5A-014;P5A-015;P5A-016;P5A-018:P5A-032;SCN-001:SCN-009,formula_calculated_downside_liquidity_path,inherited_phase5_base,2025-12-12,within_cutoff,"Recurring financing fees, official covenant definitions, eligible cash, distribution permissions and actual closing cash remain unavailable. Monthly timing is an owner-reviewed testing convention, not observed borrower seasonality."
P6L-00162,data/phase6/processed/MONTHLY_LIQUIDITY_STRESS.csv,monthly_liquidity_stress,P6M-BASE-P-0055,SRC-001;SRC-002;SRC-003,P5A-014;P5A-015;P5A-016;P5A-018:P5A-032;SCN-001:SCN-009,formula_calculated_downside_liquidity_path,inherited_phase5_base,2025-12-12,within_cutoff,"Recurring financing fees, official covenant definitions, eligible cash, distribution permissions and actual closing cash remain unavailable. Monthly timing is an owner-reviewed testing convention, not observed borrower seasonality."
P6L-00163,data/phase6/processed/MONTHLY_LIQUIDITY_STRESS.csv,monthly_liquidity_stress,P6M-BASE-P-0056,SRC-001;SRC-002;SRC-003,P5A-014;P5A-015;P5A-016;P5A-018:P5A-032;SCN-001:SCN-009,formula_calculated_downside_liquidity_path,inherited_phase5_base,2025-12-12,within_cutoff,"Recurring financing fees, official covenant definitions, eligible cash, distribution permissions and actual closing cash remain unavailable. Monthly timing is an owner-reviewed testing convention, not observed borrower seasonality."
P6L-00164,data/phase6/processed/MONTHLY_LIQUIDITY_STRESS.csv,monthly_liquidity_stress,P6M-BASE-P-0057,SRC-001;SRC-002;SRC-003,P5A-014;P5A-015;P5A-016;P5A-018:P5A-032;SCN-001:SCN-009,formula_calculated_downside_liquidity_path,inherited_phase5_base,2025-12-12,within_cutoff,"Recurring financing fees, official covenant definitions, eligible cash, distribution permissions and actual closing cash remain unavailable. Monthly timing is an owner-reviewed testing convention, not observed borrower seasonality."
P6L-00165,data/phase6/processed/MONTHLY_LIQUIDITY_STRESS.csv,monthly_liquidity_stress,P6M-BASE-P-0058,SRC-001;SRC-002;SRC-003,P5A-014;P5A-015;P5A-016;P5A-018:P5A-032;SCN-001:SCN-009,formula_calculated_downside_liquidity_path,inherited_phase5_base,2025-12-12,within_cutoff,"Recurring financing fees, official covenant definitions, eligible cash, distribution permissions and actual closing cash remain unavailable. Monthly timing is an owner-reviewed testing convention, not observed borrower seasonality."
P6L-00166,data/phase6/processed/MONTHLY_LIQUIDITY_STRESS.csv,monthly_liquidity_stress,P6M-BASE-P-0059,SRC-001;SRC-002;SRC-003,P5A-014;P5A-015;P5A-016;P5A-018:P5A-032;SCN-001:SCN-009,formula_calculated_downside_liquidity_path,inherited_phase5_base,2025-12-12,within_cutoff,"Recurring financing fees, official covenant definitions, eligible cash, distribution permissions and actual closing cash remain unavailable. Monthly timing is an owner-reviewed testing convention, not observed borrower seasonality."
P6L-00167,data/phase6/processed/MONTHLY_LIQUIDITY_STRESS.csv,monthly_liquidity_stress,P6M-BASE-P-0060,SRC-001;SRC-002;SRC-003,P5A-014;P5A-015;P5A-016;P5A-018:P5A-032;SCN-001:SCN-009,formula_calculated_downside_liquidity_path,inherited_phase5_base,2025-12-12,within_cutoff,"Recurring financing fees, official covenant definitions, eligible cash, distribution permissions and actual closing cash remain unavailable. Monthly timing is an owner-reviewed testing convention, not observed borrower seasonality."
P6L-00168,data/phase6/processed/MONTHLY_LIQUIDITY_STRESS.csv,monthly_liquidity_stress,P6M-BASE-E-0001,SRC-001;SRC-002;SRC-003,P5A-014;P5A-015;P5A-016;P5A-018:P5A-032;SCN-001:SCN-009,formula_calculated_downside_liquidity_path,inherited_phase5_base,2025-12-12,within_cutoff,"Recurring financing fees, official covenant definitions, eligible cash, distribution permissions and actual closing cash remain unavailable. Monthly timing is an owner-reviewed testing convention, not observed borrower seasonality."
P6L-00169,data/phase6/processed/MONTHLY_LIQUIDITY_STRESS.csv,monthly_liquidity_stress,P6M-BASE-E-0002,SRC-001;SRC-002;SRC-003,P5A-014;P5A-015;P5A-016;P5A-018:P5A-032;SCN-001:SCN-009,formula_calculated_downside_liquidity_path,inherited_phase5_base,2025-12-12,within_cutoff,"Recurring financing fees, official covenant definitions, eligible cash, distribution permissions and actual closing cash remain unavailable. Monthly timing is an owner-reviewed testing convention, not observed borrower seasonality."
P6L-00170,data/phase6/processed/MONTHLY_LIQUIDITY_STRESS.csv,monthly_liquidity_stress,P6M-BASE-E-0003,SRC-001;SRC-002;SRC-003,P5A-014;P5A-015;P5A-016;P5A-018:P5A-032;SCN-001:SCN-009,formula_calculated_downside_liquidity_path,inherited_phase5_base,2025-12-12,within_cutoff,"Recurring financing fees, official covenant definitions, eligible cash, distribution permissions and actual closing cash remain unavailable. Monthly timing is an owner-reviewed testing convention, not observed borrower seasonality."
P6L-00171,data/phase6/processed/MONTHLY_LIQUIDITY_STRESS.csv,monthly_liquidity_stress,P6M-BASE-E-0004,SRC-001;SRC-002;SRC-003,P5A-014;P5A-015;P5A-016;P5A-018:P5A-032;SCN-001:SCN-009,formula_calculated_downside_liquidity_path,inherited_phase5_base,2025-12-12,within_cutoff,"Recurring financing fees, official covenant definitions, eligible cash, distribution permissions and actual closing cash remain unavailable. Monthly timing is an owner-reviewed testing convention, not observed borrower seasonality."
P6L-00172,data/phase6/processed/MONTHLY_LIQUIDITY_STRESS.csv,monthly_liquidity_stress,P6M-BASE-E-0005,SRC-001;SRC-002;SRC-003,P5A-014;P5A-015;P5A-016;P5A-018:P5A-032;SCN-001:SCN-009,formula_calculated_downside_liquidity_path,inherited_phase5_base,2025-12-12,within_cutoff,"Recurring financing fees, official covenant definitions, eligible cash, distribution permissions and actual closing cash remain unavailable. Monthly timing is an owner-reviewed testing convention, not observed borrower seasonality."
P6L-00173,data/phase6/processed/MONTHLY_LIQUIDITY_STRESS.csv,monthly_liquidity_stress,P6M-BASE-E-0006,SRC-001;SRC-002;SRC-003,P5A-014;P5A-015;P5A-016;P5A-018:P5A-032;SCN-001:SCN-009,formula_calculated_downside_liquidity_path,inherited_phase5_base,2025-12-12,within_cutoff,"Recurring financing fees, official covenant definitions, eligible cash, distribution permissions and actual closing cash remain unavailable. Monthly timing is an owner-reviewed testing convention, not observed borrower seasonality."
P6L-00174,data/phase6/processed/MONTHLY_LIQUIDITY_STRESS.csv,monthly_liquidity_stress,P6M-BASE-E-0007,SRC-001;SRC-002;SRC-003,P5A-014;P5A-015;P5A-016;P5A-018:P5A-032;SCN-001:SCN-009,formula_calculated_downside_liquidity_path,inherited_phase5_base,2025-12-12,within_cutoff,"Recurring financing fees, official covenant definitions, eligible cash, distribution permissions and actual closing cash remain unavailable. Monthly timing is an owner-reviewed testing convention, not observed borrower seasonality."
P6L-00175,data/phase6/processed/MONTHLY_LIQUIDITY_STRESS.csv,monthly_liquidity_stress,P6M-BASE-E-0008,SRC-001;SRC-002;SRC-003,P5A-014;P5A-015;P5A-016;P5A-018:P5A-032;SCN-001:SCN-009,formula_calculated_downside_liquidity_path,inherited_phase5_base,2025-12-12,within_cutoff,"Recurring financing fees, official covenant definitions, eligible cash, distribution permissions and actual closing cash remain unavailable. Monthly timing is an owner-reviewed testing convention, not observed borrower seasonality."
P6L-00176,data/phase6/processed/MONTHLY_LIQUIDITY_STRESS.csv,monthly_liquidity_stress,P6M-BASE-E-0009,SRC-001;SRC-002;SRC-003,P5A-014;P5A-015;P5A-016;P5A-018:P5A-032;SCN-001:SCN-009,formula_calculated_downside_liquidity_path,inherited_phase5_base,2025-12-12,within_cutoff,"Recurring financing fees, official covenant definitions, eligible cash, distribution permissions and actual closing cash remain unavailable. Monthly timing is an owner-reviewed testing convention, not observed borrower seasonality."
P6L-00177,data/phase6/processed/MONTHLY_LIQUIDITY_STRESS.csv,monthly_liquidity_stress,P6M-BASE-E-0010,SRC-001;SRC-002;SRC-003,P5A-014;P5A-015;P5A-016;P5A-018:P5A-032;SCN-001:SCN-009,formula_calculated_downside_liquidity_path,inherited_phase5_base,2025-12-12,within_cutoff,"Recurring financing fees, official covenant definitions, eligible cash, distribution permissions and actual closing cash remain unavailable. Monthly timing is an owner-reviewed testing convention, not observed borrower seasonality."
P6L-00178,data/phase6/processed/MONTHLY_LIQUIDITY_STRESS.csv,monthly_liquidity_stress,P6M-BASE-E-0011,SRC-001;SRC-002;SRC-003,P5A-014;P5A-015;P5A-016;P5A-018:P5A-032;SCN-001:SCN-009,formula_calculated_downside_liquidity_path,inherited_phase5_base,2025-12-12,within_cutoff,"Recurring financing fees, official covenant definitions, eligible cash, distribution permissions and actual closing cash remain unavailable. Monthly timing is an owner-reviewed testing convention, not observed borrower seasonality."
P6L-00179,data/phase6/processed/MONTHLY_LIQUIDITY_STRESS.csv,monthly_liquidity_stress,P6M-BASE-E-0012,SRC-001;SRC-002;SRC-003,P5A-014;P5A-015;P5A-016;P5A-018:P5A-032;SCN-001:SCN-009,formula_calculated_downside_liquidity_path,inherited_phase5_base,2025-12-12,within_cutoff,"Recurring financing fees, official covenant definitions, eligible cash, distribution permissions and actual closing cash remain unavailable. Monthly timing is an owner-reviewed testing convention, not observed borrower seasonality."
P6L-00180,data/phase6/processed/MONTHLY_LIQUIDITY_STRESS.csv,monthly_liquidity_stress,P6M-BASE-E-0013,SRC-001;SRC-002;SRC-003,P5A-014;P5A-015;P5A-016;P5A-018:P5A-032;SCN-001:SCN-009,formula_calculated_downside_liquidity_path,inherited_phase5_base,2025-12-12,within_cutoff,"Recurring financing fees, official covenant definitions, eligible cash, distribution permissions and actual closing cash remain unavailable. Monthly timing is an owner-reviewed testing convention, not observed borrower seasonality."
P6L-00181,data/phase6/processed/MONTHLY_LIQUIDITY_STRESS.csv,monthly_liquidity_stress,P6M-BASE-E-0014,SRC-001;SRC-002;SRC-003,P5A-014;P5A-015;P5A-016;P5A-018:P5A-032;SCN-001:SCN-009,formula_calculated_downside_liquidity_path,inherited_phase5_base,2025-12-12,within_cutoff,"Recurring financing fees, official covenant definitions, eligible cash, distribution permissions and actual closing cash remain unavailable. Monthly timing is an owner-reviewed testing convention, not observed borrower seasonality."
P6L-00182,data/phase6/processed/MONTHLY_LIQUIDITY_STRESS.csv,monthly_liquidity_stress,P6M-BASE-E-0015,SRC-001;SRC-002;SRC-003,P5A-014;P5A-015;P5A-016;P5A-018:P5A-032;SCN-001:SCN-009,formula_calculated_downside_liquidity_path,inherited_phase5_base,2025-12-12,within_cutoff,"Recurring financing fees, official covenant definitions, eligible cash, distribution permissions and actual closing cash remain unavailable. Monthly timing is an owner-reviewed testing convention, not observed borrower seasonality."
P6L-00183,data/phase6/processed/MONTHLY_LIQUIDITY_STRESS.csv,monthly_liquidity_stress,P6M-BASE-E-0016,SRC-001;SRC-002;SRC-003,P5A-014;P5A-015;P5A-016;P5A-018:P5A-032;SCN-001:SCN-009,formula_calculated_downside_liquidity_path,inherited_phase5_base,2025-12-12,within_cutoff,"Recurring financing fees, official covenant definitions, eligible cash, distribution permissions and actual closing cash remain unavailable. Monthly timing is an owner-reviewed testing convention, not observed borrower seasonality."
P6L-00184,data/phase6/processed/MONTHLY_LIQUIDITY_STRESS.csv,monthly_liquidity_stress,P6M-BASE-E-0017,SRC-001;SRC-002;SRC-003,P5A-014;P5A-015;P5A-016;P5A-018:P5A-032;SCN-001:SCN-009,formula_calculated_downside_liquidity_path,inherited_phase5_base,2025-12-12,within_cutoff,"Recurring financing fees, official covenant definitions, eligible cash, distribution permissions and actual closing cash remain unavailable. Monthly timing is an owner-reviewed testing convention, not observed borrower seasonality."
P6L-00185,data/phase6/processed/MONTHLY_LIQUIDITY_STRESS.csv,monthly_liquidity_stress,P6M-BASE-E-0018,SRC-001;SRC-002;SRC-003,P5A-014;P5A-015;P5A-016;P5A-018:P5A-032;SCN-001:SCN-009,formula_calculated_downside_liquidity_path,inherited_phase5_base,2025-12-12,within_cutoff,"Recurring financing fees, official covenant definitions, eligible cash, distribution permissions and actual closing cash remain unavailable. Monthly timing is an owner-reviewed testing convention, not observed borrower seasonality."
P6L-00186,data/phase6/processed/MONTHLY_LIQUIDITY_STRESS.csv,monthly_liquidity_stress,P6M-BASE-E-0019,SRC-001;SRC-002;SRC-003,P5A-014;P5A-015;P5A-016;P5A-018:P5A-032;SCN-001:SCN-009,formula_calculated_downside_liquidity_path,inherited_phase5_base,2025-12-12,within_cutoff,"Recurring financing fees, official covenant definitions, eligible cash, distribution permissions and actual closing cash remain unavailable. Monthly timing is an owner-reviewed testing convention, not observed borrower seasonality."
P6L-00187,data/phase6/processed/MONTHLY_LIQUIDITY_STRESS.csv,monthly_liquidity_stress,P6M-BASE-E-0020,SRC-001;SRC-002;SRC-003,P5A-014;P5A-015;P5A-016;P5A-018:P5A-032;SCN-001:SCN-009,formula_calculated_downside_liquidity_path,inherited_phase5_base,2025-12-12,within_cutoff,"Recurring financing fees, official covenant definitions, eligible cash, distribution permissions and actual closing cash remain unavailable. Monthly timing is an owner-reviewed testing convention, not observed borrower seasonality."
P6L-00188,data/phase6/processed/MONTHLY_LIQUIDITY_STRESS.csv,monthly_liquidity_stress,P6M-BASE-E-0021,SRC-001;SRC-002;SRC-003,P5A-014;P5A-015;P5A-016;P5A-018:P5A-032;SCN-001:SCN-009,formula_calculated_downside_liquidity_path,inherited_phase5_base,2025-12-12,within_cutoff,"Recurring financing fees, official covenant definitions, eligible cash, distribution permissions and actual closing cash remain unavailable. Monthly timing is an owner-reviewed testing convention, not observed borrower seasonality."
P6L-00189,data/phase6/processed/MONTHLY_LIQUIDITY_STRESS.csv,monthly_liquidity_stress,P6M-BASE-E-0022,SRC-001;SRC-002;SRC-003,P5A-014;P5A-015;P5A-016;P5A-018:P5A-032;SCN-001:SCN-009,formula_calculated_downside_liquidity_path,inherited_phase5_base,2025-12-12,within_cutoff,"Recurring financing fees, official covenant definitions, eligible cash, distribution permissions and actual closing cash remain unavailable. Monthly timing is an owner-reviewed testing convention, not observed borrower seasonality."
P6L-00190,data/phase6/processed/MONTHLY_LIQUIDITY_STRESS.csv,monthly_liquidity_stress,P6M-BASE-E-0023,SRC-001;SRC-002;SRC-003,P5A-014;P5A-015;P5A-016;P5A-018:P5A-032;SCN-001:SCN-009,formula_calculated_downside_liquidity_path,inherited_phase5_base,2025-12-12,within_cutoff,"Recurring financing fees, official covenant definitions, eligible cash, distribution permissions and actual closing cash remain unavailable. Monthly timing is an owner-reviewed testing convention, not observed borrower seasonality."
P6L-00191,data/phase6/processed/MONTHLY_LIQUIDITY_STRESS.csv,monthly_liquidity_stress,P6M-BASE-E-0024,SRC-001;SRC-002;SRC-003,P5A-014;P5A-015;P5A-016;P5A-018:P5A-032;SCN-001:SCN-009,formula_calculated_downside_liquidity_path,inherited_phase5_base,2025-12-12,within_cutoff,"Recurring financing fees, official covenant definitions, eligible cash, distribution permissions and actual closing cash remain unavailable. Monthly timing is an owner-reviewed testing convention, not observed borrower seasonality."
P6L-00192,data/phase6/processed/MONTHLY_LIQUIDITY_STRESS.csv,monthly_liquidity_stress,P6M-BASE-E-0025,SRC-001;SRC-002;SRC-003,P5A-014;P5A-015;P5A-016;P5A-018:P5A-032;SCN-001:SCN-009,formula_calculated_downside_liquidity_path,inherited_phase5_base,2025-12-12,within_cutoff,"Recurring financing fees, official covenant definitions, eligible cash, distribution permissions and actual closing cash remain unavailable. Monthly timing is an owner-reviewed testing convention, not observed borrower seasonality."
P6L-00193,data/phase6/processed/MONTHLY_LIQUIDITY_STRESS.csv,monthly_liquidity_stress,P6M-BASE-E-0026,SRC-001;SRC-002;SRC-003,P5A-014;P5A-015;P5A-016;P5A-018:P5A-032;SCN-001:SCN-009,formula_calculated_downside_liquidity_path,inherited_phase5_base,2025-12-12,within_cutoff,"Recurring financing fees, official covenant definitions, eligible cash, distribution permissions and actual closing cash remain unavailable. Monthly timing is an owner-reviewed testing convention, not observed borrower seasonality."
P6L-00194,data/phase6/processed/MONTHLY_LIQUIDITY_STRESS.csv,monthly_liquidity_stress,P6M-BASE-E-0027,SRC-001;SRC-002;SRC-003,P5A-014;P5A-015;P5A-016;P5A-018:P5A-032;SCN-001:SCN-009,formula_calculated_downside_liquidity_path,inherited_phase5_base,2025-12-12,within_cutoff,"Recurring financing fees, official covenant definitions, eligible cash, distribution permissions and actual closing cash remain unavailable. Monthly timing is an owner-reviewed testing convention, not observed borrower seasonality."
P6L-00195,data/phase6/processed/MONTHLY_LIQUIDITY_STRESS.csv,monthly_liquidity_stress,P6M-BASE-E-0028,SRC-001;SRC-002;SRC-003,P5A-014;P5A-015;P5A-016;P5A-018:P5A-032;SCN-001:SCN-009,formula_calculated_downside_liquidity_path,inherited_phase5_base,2025-12-12,within_cutoff,"Recurring financing fees, official covenant definitions, eligible cash, distribution permissions and actual closing cash remain unavailable. Monthly timing is an owner-reviewed testing convention, not observed borrower seasonality."
P6L-00196,data/phase6/processed/MONTHLY_LIQUIDITY_STRESS.csv,monthly_liquidity_stress,P6M-BASE-E-0029,SRC-001;SRC-002;SRC-003,P5A-014;P5A-015;P5A-016;P5A-018:P5A-032;SCN-001:SCN-009,formula_calculated_downside_liquidity_path,inherited_phase5_base,2025-12-12,within_cutoff,"Recurring financing fees, official covenant definitions, eligible cash, distribution permissions and actual closing cash remain unavailable. Monthly timing is an owner-reviewed testing convention, not observed borrower seasonality."
P6L-00197,data/phase6/processed/MONTHLY_LIQUIDITY_STRESS.csv,monthly_liquidity_stress,P6M-BASE-E-0030,SRC-001;SRC-002;SRC-003,P5A-014;P5A-015;P5A-016;P5A-018:P5A-032;SCN-001:SCN-009,formula_calculated_downside_liquidity_path,inherited_phase5_base,2025-12-12,within_cutoff,"Recurring financing fees, official covenant definitions, eligible cash, distribution permissions and actual closing cash remain unavailable. Monthly timing is an owner-reviewed testing convention, not observed borrower seasonality."
P6L-00198,data/phase6/processed/MONTHLY_LIQUIDITY_STRESS.csv,monthly_liquidity_stress,P6M-BASE-E-0031,SRC-001;SRC-002;SRC-003,P5A-014;P5A-015;P5A-016;P5A-018:P5A-032;SCN-001:SCN-009,formula_calculated_downside_liquidity_path,inherited_phase5_base,2025-12-12,within_cutoff,"Recurring financing fees, official covenant definitions, eligible cash, distribution permissions and actual closing cash remain unavailable. Monthly timing is an owner-reviewed testing convention, not observed borrower seasonality."
P6L-00199,data/phase6/processed/MONTHLY_LIQUIDITY_STRESS.csv,monthly_liquidity_stress,P6M-BASE-E-0032,SRC-001;SRC-002;SRC-003,P5A-014;P5A-015;P5A-016;P5A-018:P5A-032;SCN-001:SCN-009,formula_calculated_downside_liquidity_path,inherited_phase5_base,2025-12-12,within_cutoff,"Recurring financing fees, official covenant definitions, eligible cash, distribution permissions and actual closing cash remain unavailable. Monthly timing is an owner-reviewed testing convention, not observed borrower seasonality."
P6L-00200,data/phase6/processed/MONTHLY_LIQUIDITY_STRESS.csv,monthly_liquidity_stress,P6M-BASE-E-0033,SRC-001;SRC-002;SRC-003,P5A-014;P5A-015;P5A-016;P5A-018:P5A-032;SCN-001:SCN-009,formula_calculated_downside_liquidity_path,inherited_phase5_base,2025-12-12,within_cutoff,"Recurring financing fees, official covenant definitions, eligible cash, distribution permissions and actual closing cash remain unavailable. Monthly timing is an owner-reviewed testing convention, not observed borrower seasonality."
P6L-00201,data/phase6/processed/MONTHLY_LIQUIDITY_STRESS.csv,monthly_liquidity_stress,P6M-BASE-E-0034,SRC-001;SRC-002;SRC-003,P5A-014;P5A-015;P5A-016;P5A-018:P5A-032;SCN-001:SCN-009,formula_calculated_downside_liquidity_path,inherited_phase5_base,2025-12-12,within_cutoff,"Recurring financing fees, official covenant definitions, eligible cash, distribution permissions and actual closing cash remain unavailable. Monthly timing is an owner-reviewed testing convention, not observed borrower seasonality."
P6L-00202,data/phase6/processed/MONTHLY_LIQUIDITY_STRESS.csv,monthly_liquidity_stress,P6M-BASE-E-0035,SRC-001;SRC-002;SRC-003,P5A-014;P5A-015;P5A-016;P5A-018:P5A-032;SCN-001:SCN-009,formula_calculated_downside_liquidity_path,inherited_phase5_base,2025-12-12,within_cutoff,"Recurring financing fees, official covenant definitions, eligible cash, distribution permissions and actual closing cash remain unavailable. Monthly timing is an owner-reviewed testing convention, not observed borrower seasonality."
P6L-00203,data/phase6/processed/MONTHLY_LIQUIDITY_STRESS.csv,monthly_liquidity_stress,P6M-BASE-E-0036,SRC-001;SRC-002;SRC-003,P5A-014;P5A-015;P5A-016;P5A-018:P5A-032;SCN-001:SCN-009,formula_calculated_downside_liquidity_path,inherited_phase5_base,2025-12-12,within_cutoff,"Recurring financing fees, official covenant definitions, eligible cash, distribution permissions and actual closing cash remain unavailable. Monthly timing is an owner-reviewed testing convention, not observed borrower seasonality."
P6L-00204,data/phase6/processed/MONTHLY_LIQUIDITY_STRESS.csv,monthly_liquidity_stress,P6M-BASE-E-0037,SRC-001;SRC-002;SRC-003,P5A-014;P5A-015;P5A-016;P5A-018:P5A-032;SCN-001:SCN-009,formula_calculated_downside_liquidity_path,inherited_phase5_base,2025-12-12,within_cutoff,"Recurring financing fees, official covenant definitions, eligible cash, distribution permissions and actual closing cash remain unavailable. Monthly timing is an owner-reviewed testing convention, not observed borrower seasonality."
P6L-00205,data/phase6/processed/MONTHLY_LIQUIDITY_STRESS.csv,monthly_liquidity_stress,P6M-BASE-E-0038,SRC-001;SRC-002;SRC-003,P5A-014;P5A-015;P5A-016;P5A-018:P5A-032;SCN-001:SCN-009,formula_calculated_downside_liquidity_path,inherited_phase5_base,2025-12-12,within_cutoff,"Recurring financing fees, official covenant definitions, eligible cash, distribution permissions and actual closing cash remain unavailable. Monthly timing is an owner-reviewed testing convention, not observed borrower seasonality."
P6L-00206,data/phase6/processed/MONTHLY_LIQUIDITY_STRESS.csv,monthly_liquidity_stress,P6M-BASE-E-0039,SRC-001;SRC-002;SRC-003,P5A-014;P5A-015;P5A-016;P5A-018:P5A-032;SCN-001:SCN-009,formula_calculated_downside_liquidity_path,inherited_phase5_base,2025-12-12,within_cutoff,"Recurring financing fees, official covenant definitions, eligible cash, distribution permissions and actual closing cash remain unavailable. Monthly timing is an owner-reviewed testing convention, not observed borrower seasonality."
P6L-00207,data/phase6/processed/MONTHLY_LIQUIDITY_STRESS.csv,monthly_liquidity_stress,P6M-BASE-E-0040,SRC-001;SRC-002;SRC-003,P5A-014;P5A-015;P5A-016;P5A-018:P5A-032;SCN-001:SCN-009,formula_calculated_downside_liquidity_path,inherited_phase5_base,2025-12-12,within_cutoff,"Recurring financing fees, official covenant definitions, eligible cash, distribution permissions and actual closing cash remain unavailable. Monthly timing is an owner-reviewed testing convention, not observed borrower seasonality."
P6L-00208,data/phase6/processed/MONTHLY_LIQUIDITY_STRESS.csv,monthly_liquidity_stress,P6M-BASE-E-0041,SRC-001;SRC-002;SRC-003,P5A-014;P5A-015;P5A-016;P5A-018:P5A-032;SCN-001:SCN-009,formula_calculated_downside_liquidity_path,inherited_phase5_base,2025-12-12,within_cutoff,"Recurring financing fees, official covenant definitions, eligible cash, distribution permissions and actual closing cash remain unavailable. Monthly timing is an owner-reviewed testing convention, not observed borrower seasonality."
P6L-00209,data/phase6/processed/MONTHLY_LIQUIDITY_STRESS.csv,monthly_liquidity_stress,P6M-BASE-E-0042,SRC-001;SRC-002;SRC-003,P5A-014;P5A-015;P5A-016;P5A-018:P5A-032;SCN-001:SCN-009,formula_calculated_downside_liquidity_path,inherited_phase5_base,2025-12-12,within_cutoff,"Recurring financing fees, official covenant definitions, eligible cash, distribution permissions and actual closing cash remain unavailable. Monthly timing is an owner-reviewed testing convention, not observed borrower seasonality."
P6L-00210,data/phase6/processed/MONTHLY_LIQUIDITY_STRESS.csv,monthly_liquidity_stress,P6M-MODERATE_UNMITIGATED-P-0001,SRC-001;SRC-002;SRC-003,P5A-014;P5A-015;P5A-016;P5A-018:P5A-032;SCN-001:SCN-009,formula_calculated_downside_liquidity_path,owner_reviewed_for_phase6_testing,2025-12-12,within_cutoff,"Recurring financing fees, official covenant definitions, eligible cash, distribution permissions and actual closing cash remain unavailable. Monthly timing is an owner-reviewed testing convention, not observed borrower seasonality."
P6L-00211,data/phase6/processed/MONTHLY_LIQUIDITY_STRESS.csv,monthly_liquidity_stress,P6M-MODERATE_UNMITIGATED-P-0002,SRC-001;SRC-002;SRC-003,P5A-014;P5A-015;P5A-016;P5A-018:P5A-032;SCN-001:SCN-009,formula_calculated_downside_liquidity_path,owner_reviewed_for_phase6_testing,2025-12-12,within_cutoff,"Recurring financing fees, official covenant definitions, eligible cash, distribution permissions and actual closing cash remain unavailable. Monthly timing is an owner-reviewed testing convention, not observed borrower seasonality."
P6L-00212,data/phase6/processed/MONTHLY_LIQUIDITY_STRESS.csv,monthly_liquidity_stress,P6M-MODERATE_UNMITIGATED-P-0003,SRC-001;SRC-002;SRC-003,P5A-014;P5A-015;P5A-016;P5A-018:P5A-032;SCN-001:SCN-009,formula_calculated_downside_liquidity_path,owner_reviewed_for_phase6_testing,2025-12-12,within_cutoff,"Recurring financing fees, official covenant definitions, eligible cash, distribution permissions and actual closing cash remain unavailable. Monthly timing is an owner-reviewed testing convention, not observed borrower seasonality."
P6L-00213,data/phase6/processed/MONTHLY_LIQUIDITY_STRESS.csv,monthly_liquidity_stress,P6M-MODERATE_UNMITIGATED-P-0004,SRC-001;SRC-002;SRC-003,P5A-014;P5A-015;P5A-016;P5A-018:P5A-032;SCN-001:SCN-009,formula_calculated_downside_liquidity_path,owner_reviewed_for_phase6_testing,2025-12-12,within_cutoff,"Recurring financing fees, official covenant definitions, eligible cash, distribution permissions and actual closing cash remain unavailable. Monthly timing is an owner-reviewed testing convention, not observed borrower seasonality."
P6L-00214,data/phase6/processed/MONTHLY_LIQUIDITY_STRESS.csv,monthly_liquidity_stress,P6M-MODERATE_UNMITIGATED-P-0005,SRC-001;SRC-002;SRC-003,P5A-014;P5A-015;P5A-016;P5A-018:P5A-032;SCN-001:SCN-009,formula_calculated_downside_liquidity_path,owner_reviewed_for_phase6_testing,2025-12-12,within_cutoff,"Recurring financing fees, official covenant definitions, eligible cash, distribution permissions and actual closing cash remain unavailable. Monthly timing is an owner-reviewed testing convention, not observed borrower seasonality."
P6L-00215,data/phase6/processed/MONTHLY_LIQUIDITY_STRESS.csv,monthly_liquidity_stress,P6M-MODERATE_UNMITIGATED-P-0006,SRC-001;SRC-002;SRC-003,P5A-014;P5A-015;P5A-016;P5A-018:P5A-032;SCN-001:SCN-009,formula_calculated_downside_liquidity_path,owner_reviewed_for_phase6_testing,2025-12-12,within_cutoff,"Recurring financing fees, official covenant definitions, eligible cash, distribution permissions and actual closing cash remain unavailable. Monthly timing is an owner-reviewed testing convention, not observed borrower seasonality."
P6L-00216,data/phase6/processed/MONTHLY_LIQUIDITY_STRESS.csv,monthly_liquidity_stress,P6M-MODERATE_UNMITIGATED-P-0007,SRC-001;SRC-002;SRC-003,P5A-014;P5A-015;P5A-016;P5A-018:P5A-032;SCN-001:SCN-009,formula_calculated_downside_liquidity_path,owner_reviewed_for_phase6_testing,2025-12-12,within_cutoff,"Recurring financing fees, official covenant definitions, eligible cash, distribution permissions and actual closing cash remain unavailable. Monthly timing is an owner-reviewed testing convention, not observed borrower seasonality."
P6L-00217,data/phase6/processed/MONTHLY_LIQUIDITY_STRESS.csv,monthly_liquidity_stress,P6M-MODERATE_UNMITIGATED-P-0008,SRC-001;SRC-002;SRC-003,P5A-014;P5A-015;P5A-016;P5A-018:P5A-032;SCN-001:SCN-009,formula_calculated_downside_liquidity_path,owner_reviewed_for_phase6_testing,2025-12-12,within_cutoff,"Recurring financing fees, official covenant definitions, eligible cash, distribution permissions and actual closing cash remain unavailable. Monthly timing is an owner-reviewed testing convention, not observed borrower seasonality."
P6L-00218,data/phase6/processed/MONTHLY_LIQUIDITY_STRESS.csv,monthly_liquidity_stress,P6M-MODERATE_UNMITIGATED-P-0009,SRC-001;SRC-002;SRC-003,P5A-014;P5A-015;P5A-016;P5A-018:P5A-032;SCN-001:SCN-009,formula_calculated_downside_liquidity_path,owner_reviewed_for_phase6_testing,2025-12-12,within_cutoff,"Recurring financing fees, official covenant definitions, eligible cash, distribution permissions and actual closing cash remain unavailable. Monthly timing is an owner-reviewed testing convention, not observed borrower seasonality."
P6L-00219,data/phase6/processed/MONTHLY_LIQUIDITY_STRESS.csv,monthly_liquidity_stress,P6M-MODERATE_UNMITIGATED-P-0010,SRC-001;SRC-002;SRC-003,P5A-014;P5A-015;P5A-016;P5A-018:P5A-032;SCN-001:SCN-009,formula_calculated_downside_liquidity_path,owner_reviewed_for_phase6_testing,2025-12-12,within_cutoff,"Recurring financing fees, official covenant definitions, eligible cash, distribution permissions and actual closing cash remain unavailable. Monthly timing is an owner-reviewed testing convention, not observed borrower seasonality."
P6L-00220,data/phase6/processed/MONTHLY_LIQUIDITY_STRESS.csv,monthly_liquidity_stress,P6M-MODERATE_UNMITIGATED-P-0011,SRC-001;SRC-002;SRC-003,P5A-014;P5A-015;P5A-016;P5A-018:P5A-032;SCN-001:SCN-009,formula_calculated_downside_liquidity_path,owner_reviewed_for_phase6_testing,2025-12-12,within_cutoff,"Recurring financing fees, official covenant definitions, eligible cash, distribution permissions and actual closing cash remain unavailable. Monthly timing is an owner-reviewed testing convention, not observed borrower seasonality."
P6L-00221,data/phase6/processed/MONTHLY_LIQUIDITY_STRESS.csv,monthly_liquidity_stress,P6M-MODERATE_UNMITIGATED-P-0012,SRC-001;SRC-002;SRC-003,P5A-014;P5A-015;P5A-016;P5A-018:P5A-032;SCN-001:SCN-009,formula_calculated_downside_liquidity_path,owner_reviewed_for_phase6_testing,2025-12-12,within_cutoff,"Recurring financing fees, official covenant definitions, eligible cash, distribution permissions and actual closing cash remain unavailable. Monthly timing is an owner-reviewed testing convention, not observed borrower seasonality."
P6L-00222,data/phase6/processed/MONTHLY_LIQUIDITY_STRESS.csv,monthly_liquidity_stress,P6M-MODERATE_UNMITIGATED-P-0013,SRC-001;SRC-002;SRC-003,P5A-014;P5A-015;P5A-016;P5A-018:P5A-032;SCN-001:SCN-009,formula_calculated_downside_liquidity_path,owner_reviewed_for_phase6_testing,2025-12-12,within_cutoff,"Recurring financing fees, official covenant definitions, eligible cash, distribution permissions and actual closing cash remain unavailable. Monthly timing is an owner-reviewed testing convention, not observed borrower seasonality."
P6L-00223,data/phase6/processed/MONTHLY_LIQUIDITY_STRESS.csv,monthly_liquidity_stress,P6M-MODERATE_UNMITIGATED-P-0014,SRC-001;SRC-002;SRC-003,P5A-014;P5A-015;P5A-016;P5A-018:P5A-032;SCN-001:SCN-009,formula_calculated_downside_liquidity_path,owner_reviewed_for_phase6_testing,2025-12-12,within_cutoff,"Recurring financing fees, official covenant definitions, eligible cash, distribution permissions and actual closing cash remain unavailable. Monthly timing is an owner-reviewed testing convention, not observed borrower seasonality."
P6L-00224,data/phase6/processed/MONTHLY_LIQUIDITY_STRESS.csv,monthly_liquidity_stress,P6M-MODERATE_UNMITIGATED-P-0015,SRC-001;SRC-002;SRC-003,P5A-014;P5A-015;P5A-016;P5A-018:P5A-032;SCN-001:SCN-009,formula_calculated_downside_liquidity_path,owner_reviewed_for_phase6_testing,2025-12-12,within_cutoff,"Recurring financing fees, official covenant definitions, eligible cash, distribution permissions and actual closing cash remain unavailable. Monthly timing is an owner-reviewed testing convention, not observed borrower seasonality."
P6L-00225,data/phase6/processed/MONTHLY_LIQUIDITY_STRESS.csv,monthly_liquidity_stress,P6M-MODERATE_UNMITIGATED-P-0016,SRC-001;SRC-002;SRC-003,P5A-014;P5A-015;P5A-016;P5A-018:P5A-032;SCN-001:SCN-009,formula_calculated_downside_liquidity_path,owner_reviewed_for_phase6_testing,2025-12-12,within_cutoff,"Recurring financing fees, official covenant definitions, eligible cash, distribution permissions and actual closing cash remain unavailable. Monthly timing is an owner-reviewed testing convention, not observed borrower seasonality."
P6L-00226,data/phase6/processed/MONTHLY_LIQUIDITY_STRESS.csv,monthly_liquidity_stress,P6M-MODERATE_UNMITIGATED-P-0017,SRC-001;SRC-002;SRC-003,P5A-014;P5A-015;P5A-016;P5A-018:P5A-032;SCN-001:SCN-009,formula_calculated_downside_liquidity_path,owner_reviewed_for_phase6_testing,2025-12-12,within_cutoff,"Recurring financing fees, official covenant definitions, eligible cash, distribution permissions and actual closing cash remain unavailable. Monthly timing is an owner-reviewed testing convention, not observed borrower seasonality."
P6L-00227,data/phase6/processed/MONTHLY_LIQUIDITY_STRESS.csv,monthly_liquidity_stress,P6M-MODERATE_UNMITIGATED-P-0018,SRC-001;SRC-002;SRC-003,P5A-014;P5A-015;P5A-016;P5A-018:P5A-032;SCN-001:SCN-009,formula_calculated_downside_liquidity_path,owner_reviewed_for_phase6_testing,2025-12-12,within_cutoff,"Recurring financing fees, official covenant definitions, eligible cash, distribution permissions and actual closing cash remain unavailable. Monthly timing is an owner-reviewed testing convention, not observed borrower seasonality."
P6L-00228,data/phase6/processed/MONTHLY_LIQUIDITY_STRESS.csv,monthly_liquidity_stress,P6M-MODERATE_UNMITIGATED-P-0019,SRC-001;SRC-002;SRC-003,P5A-014;P5A-015;P5A-016;P5A-018:P5A-032;SCN-001:SCN-009,formula_calculated_downside_liquidity_path,owner_reviewed_for_phase6_testing,2025-12-12,within_cutoff,"Recurring financing fees, official covenant definitions, eligible cash, distribution permissions and actual closing cash remain unavailable. Monthly timing is an owner-reviewed testing convention, not observed borrower seasonality."
P6L-00229,data/phase6/processed/MONTHLY_LIQUIDITY_STRESS.csv,monthly_liquidity_stress,P6M-MODERATE_UNMITIGATED-P-0020,SRC-001;SRC-002;SRC-003,P5A-014;P5A-015;P5A-016;P5A-018:P5A-032;SCN-001:SCN-009,formula_calculated_downside_liquidity_path,owner_reviewed_for_phase6_testing,2025-12-12,within_cutoff,"Recurring financing fees, official covenant definitions, eligible cash, distribution permissions and actual closing cash remain unavailable. Monthly timing is an owner-reviewed testing convention, not observed borrower seasonality."
P6L-00230,data/phase6/processed/MONTHLY_LIQUIDITY_STRESS.csv,monthly_liquidity_stress,P6M-MODERATE_UNMITIGATED-P-0021,SRC-001;SRC-002;SRC-003,P5A-014;P5A-015;P5A-016;P5A-018:P5A-032;SCN-001:SCN-009,formula_calculated_downside_liquidity_path,owner_reviewed_for_phase6_testing,2025-12-12,within_cutoff,"Recurring financing fees, official covenant definitions, eligible cash, distribution permissions and actual closing cash remain unavailable. Monthly timing is an owner-reviewed testing convention, not observed borrower seasonality."
P6L-00231,data/phase6/processed/MONTHLY_LIQUIDITY_STRESS.csv,monthly_liquidity_stress,P6M-MODERATE_UNMITIGATED-P-0022,SRC-001;SRC-002;SRC-003,P5A-014;P5A-015;P5A-016;P5A-018:P5A-032;SCN-001:SCN-009,formula_calculated_downside_liquidity_path,owner_reviewed_for_phase6_testing,2025-12-12,within_cutoff,"Recurring financing fees, official covenant definitions, eligible cash, distribution permissions and actual closing cash remain unavailable. Monthly timing is an owner-reviewed testing convention, not observed borrower seasonality."
P6L-00232,data/phase6/processed/MONTHLY_LIQUIDITY_STRESS.csv,monthly_liquidity_stress,P6M-MODERATE_UNMITIGATED-P-0023,SRC-001;SRC-002;SRC-003,P5A-014;P5A-015;P5A-016;P5A-018:P5A-032;SCN-001:SCN-009,formula_calculated_downside_liquidity_path,owner_reviewed_for_phase6_testing,2025-12-12,within_cutoff,"Recurring financing fees, official covenant definitions, eligible cash, distribution permissions and actual closing cash remain unavailable. Monthly timing is an owner-reviewed testing convention, not observed borrower seasonality."
P6L-00233,data/phase6/processed/MONTHLY_LIQUIDITY_STRESS.csv,monthly_liquidity_stress,P6M-MODERATE_UNMITIGATED-P-0024,SRC-001;SRC-002;SRC-003,P5A-014;P5A-015;P5A-016;P5A-018:P5A-032;SCN-001:SCN-009,formula_calculated_downside_liquidity_path,owner_reviewed_for_phase6_testing,2025-12-12,within_cutoff,"Recurring financing fees, official covenant definitions, eligible cash, distribution permissions and actual closing cash remain unavailable. Monthly timing is an owner-reviewed testing convention, not observed borrower seasonality."
P6L-00234,data/phase6/processed/MONTHLY_LIQUIDITY_STRESS.csv,monthly_liquidity_stress,P6M-MODERATE_UNMITIGATED-P-0025,SRC-001;SRC-002;SRC-003,P5A-014;P5A-015;P5A-016;P5A-018:P5A-032;SCN-001:SCN-009,formula_calculated_downside_liquidity_path,owner_reviewed_for_phase6_testing,2025-12-12,within_cutoff,"Recurring financing fees, official covenant definitions, eligible cash, distribution permissions and actual closing cash remain unavailable. Monthly timing is an owner-reviewed testing convention, not observed borrower seasonality."
P6L-00235,data/phase6/processed/MONTHLY_LIQUIDITY_STRESS.csv,monthly_liquidity_stress,P6M-MODERATE_UNMITIGATED-P-0026,SRC-001;SRC-002;SRC-003,P5A-014;P5A-015;P5A-016;P5A-018:P5A-032;SCN-001:SCN-009,formula_calculated_downside_liquidity_path,owner_reviewed_for_phase6_testing,2025-12-12,within_cutoff,"Recurring financing fees, official covenant definitions, eligible cash, distribution permissions and actual closing cash remain unavailable. Monthly timing is an owner-reviewed testing convention, not observed borrower seasonality."
P6L-00236,data/phase6/processed/MONTHLY_LIQUIDITY_STRESS.csv,monthly_liquidity_stress,P6M-MODERATE_UNMITIGATED-P-0027,SRC-001;SRC-002;SRC-003,P5A-014;P5A-015;P5A-016;P5A-018:P5A-032;SCN-001:SCN-009,formula_calculated_downside_liquidity_path,owner_reviewed_for_phase6_testing,2025-12-12,within_cutoff,"Recurring financing fees, official covenant definitions, eligible cash, distribution permissions and actual closing cash remain unavailable. Monthly timing is an owner-reviewed testing convention, not observed borrower seasonality."
P6L-00237,data/phase6/processed/MONTHLY_LIQUIDITY_STRESS.csv,monthly_liquidity_stress,P6M-MODERATE_UNMITIGATED-P-0028,SRC-001;SRC-002;SRC-003,P5A-014;P5A-015;P5A-016;P5A-018:P5A-032;SCN-001:SCN-009,formula_calculated_downside_liquidity_path,owner_reviewed_for_phase6_testing,2025-12-12,within_cutoff,"Recurring financing fees, official covenant definitions, eligible cash, distribution permissions and actual closing cash remain unavailable. Monthly timing is an owner-reviewed testing convention, not observed borrower seasonality."
P6L-00238,data/phase6/processed/MONTHLY_LIQUIDITY_STRESS.csv,monthly_liquidity_stress,P6M-MODERATE_UNMITIGATED-P-0029,SRC-001;SRC-002;SRC-003,P5A-014;P5A-015;P5A-016;P5A-018:P5A-032;SCN-001:SCN-009,formula_calculated_downside_liquidity_path,owner_reviewed_for_phase6_testing,2025-12-12,within_cutoff,"Recurring financing fees, official covenant definitions, eligible cash, distribution permissions and actual closing cash remain unavailable. Monthly timing is an owner-reviewed testing convention, not observed borrower seasonality."
P6L-00239,data/phase6/processed/MONTHLY_LIQUIDITY_STRESS.csv,monthly_liquidity_stress,P6M-MODERATE_UNMITIGATED-P-0030,SRC-001;SRC-002;SRC-003,P5A-014;P5A-015;P5A-016;P5A-018:P5A-032;SCN-001:SCN-009,formula_calculated_downside_liquidity_path,owner_reviewed_for_phase6_testing,2025-12-12,within_cutoff,"Recurring financing fees, official covenant definitions, eligible cash, distribution permissions and actual closing cash remain unavailable. Monthly timing is an owner-reviewed testing convention, not observed borrower seasonality."
P6L-00240,data/phase6/processed/MONTHLY_LIQUIDITY_STRESS.csv,monthly_liquidity_stress,P6M-MODERATE_UNMITIGATED-P-0031,SRC-001;SRC-002;SRC-003,P5A-014;P5A-015;P5A-016;P5A-018:P5A-032;SCN-001:SCN-009,formula_calculated_downside_liquidity_path,owner_reviewed_for_phase6_testing,2025-12-12,within_cutoff,"Recurring financing fees, official covenant definitions, eligible cash, distribution permissions and actual closing cash remain unavailable. Monthly timing is an owner-reviewed testing convention, not observed borrower seasonality."
P6L-00241,data/phase6/processed/MONTHLY_LIQUIDITY_STRESS.csv,monthly_liquidity_stress,P6M-MODERATE_UNMITIGATED-P-0032,SRC-001;SRC-002;SRC-003,P5A-014;P5A-015;P5A-016;P5A-018:P5A-032;SCN-001:SCN-009,formula_calculated_downside_liquidity_path,owner_reviewed_for_phase6_testing,2025-12-12,within_cutoff,"Recurring financing fees, official covenant definitions, eligible cash, distribution permissions and actual closing cash remain unavailable. Monthly timing is an owner-reviewed testing convention, not observed borrower seasonality."
P6L-00242,data/phase6/processed/MONTHLY_LIQUIDITY_STRESS.csv,monthly_liquidity_stress,P6M-MODERATE_UNMITIGATED-P-0033,SRC-001;SRC-002;SRC-003,P5A-014;P5A-015;P5A-016;P5A-018:P5A-032;SCN-001:SCN-009,formula_calculated_downside_liquidity_path,owner_reviewed_for_phase6_testing,2025-12-12,within_cutoff,"Recurring financing fees, official covenant definitions, eligible cash, distribution permissions and actual closing cash remain unavailable. Monthly timing is an owner-reviewed testing convention, not observed borrower seasonality."
P6L-00243,data/phase6/processed/MONTHLY_LIQUIDITY_STRESS.csv,monthly_liquidity_stress,P6M-MODERATE_UNMITIGATED-P-0034,SRC-001;SRC-002;SRC-003,P5A-014;P5A-015;P5A-016;P5A-018:P5A-032;SCN-001:SCN-009,formula_calculated_downside_liquidity_path,owner_reviewed_for_phase6_testing,2025-12-12,within_cutoff,"Recurring financing fees, official covenant definitions, eligible cash, distribution permissions and actual closing cash remain unavailable. Monthly timing is an owner-reviewed testing convention, not observed borrower seasonality."
P6L-00244,data/phase6/processed/MONTHLY_LIQUIDITY_STRESS.csv,monthly_liquidity_stress,P6M-MODERATE_UNMITIGATED-P-0035,SRC-001;SRC-002;SRC-003,P5A-014;P5A-015;P5A-016;P5A-018:P5A-032;SCN-001:SCN-009,formula_calculated_downside_liquidity_path,owner_reviewed_for_phase6_testing,2025-12-12,within_cutoff,"Recurring financing fees, official covenant definitions, eligible cash, distribution permissions and actual closing cash remain unavailable. Monthly timing is an owner-reviewed testing convention, not observed borrower seasonality."
P6L-00245,data/phase6/processed/MONTHLY_LIQUIDITY_STRESS.csv,monthly_liquidity_stress,P6M-MODERATE_UNMITIGATED-P-0036,SRC-001;SRC-002;SRC-003,P5A-014;P5A-015;P5A-016;P5A-018:P5A-032;SCN-001:SCN-009,formula_calculated_downside_liquidity_path,owner_reviewed_for_phase6_testing,2025-12-12,within_cutoff,"Recurring financing fees, official covenant definitions, eligible cash, distribution permissions and actual closing cash remain unavailable. Monthly timing is an owner-reviewed testing convention, not observed borrower seasonality."
P6L-00246,data/phase6/processed/MONTHLY_LIQUIDITY_STRESS.csv,monthly_liquidity_stress,P6M-MODERATE_UNMITIGATED-P-0037,SRC-001;SRC-002;SRC-003,P5A-014;P5A-015;P5A-016;P5A-018:P5A-032;SCN-001:SCN-009,formula_calculated_downside_liquidity_path,owner_reviewed_for_phase6_testing,2025-12-12,within_cutoff,"Recurring financing fees, official covenant definitions, eligible cash, distribution permissions and actual closing cash remain unavailable. Monthly timing is an owner-reviewed testing convention, not observed borrower seasonality."
P6L-00247,data/phase6/processed/MONTHLY_LIQUIDITY_STRESS.csv,monthly_liquidity_stress,P6M-MODERATE_UNMITIGATED-P-0038,SRC-001;SRC-002;SRC-003,P5A-014;P5A-015;P5A-016;P5A-018:P5A-032;SCN-001:SCN-009,formula_calculated_downside_liquidity_path,owner_reviewed_for_phase6_testing,2025-12-12,within_cutoff,"Recurring financing fees, official covenant definitions, eligible cash, distribution permissions and actual closing cash remain unavailable. Monthly timing is an owner-reviewed testing convention, not observed borrower seasonality."
P6L-00248,data/phase6/processed/MONTHLY_LIQUIDITY_STRESS.csv,monthly_liquidity_stress,P6M-MODERATE_UNMITIGATED-P-0039,SRC-001;SRC-002;SRC-003,P5A-014;P5A-015;P5A-016;P5A-018:P5A-032;SCN-001:SCN-009,formula_calculated_downside_liquidity_path,owner_reviewed_for_phase6_testing,2025-12-12,within_cutoff,"Recurring financing fees, official covenant definitions, eligible cash, distribution permissions and actual closing cash remain unavailable. Monthly timing is an owner-reviewed testing convention, not observed borrower seasonality."
P6L-00249,data/phase6/processed/MONTHLY_LIQUIDITY_STRESS.csv,monthly_liquidity_stress,P6M-MODERATE_UNMITIGATED-P-0040,SRC-001;SRC-002;SRC-003,P5A-014;P5A-015;P5A-016;P5A-018:P5A-032;SCN-001:SCN-009,formula_calculated_downside_liquidity_path,owner_reviewed_for_phase6_testing,2025-12-12,within_cutoff,"Recurring financing fees, official covenant definitions, eligible cash, distribution permissions and actual closing cash remain unavailable. Monthly timing is an owner-reviewed testing convention, not observed borrower seasonality."
P6L-00250,data/phase6/processed/MONTHLY_LIQUIDITY_STRESS.csv,monthly_liquidity_stress,P6M-MODERATE_UNMITIGATED-P-0041,SRC-001;SRC-002;SRC-003,P5A-014;P5A-015;P5A-016;P5A-018:P5A-032;SCN-001:SCN-009,formula_calculated_downside_liquidity_path,owner_reviewed_for_phase6_testing,2025-12-12,within_cutoff,"Recurring financing fees, official covenant definitions, eligible cash, distribution permissions and actual closing cash remain unavailable. Monthly timing is an owner-reviewed testing convention, not observed borrower seasonality."
P6L-00251,data/phase6/processed/MONTHLY_LIQUIDITY_STRESS.csv,monthly_liquidity_stress,P6M-MODERATE_UNMITIGATED-P-0042,SRC-001;SRC-002;SRC-003,P5A-014;P5A-015;P5A-016;P5A-018:P5A-032;SCN-001:SCN-009,formula_calculated_downside_liquidity_path,owner_reviewed_for_phase6_testing,2025-12-12,within_cutoff,"Recurring financing fees, official covenant definitions, eligible cash, distribution permissions and actual closing cash remain unavailable. Monthly timing is an owner-reviewed testing convention, not observed borrower seasonality."
P6L-00252,data/phase6/processed/MONTHLY_LIQUIDITY_STRESS.csv,monthly_liquidity_stress,P6M-MODERATE_UNMITIGATED-P-0043,SRC-001;SRC-002;SRC-003,P5A-014;P5A-015;P5A-016;P5A-018:P5A-032;SCN-001:SCN-009,formula_calculated_downside_liquidity_path,owner_reviewed_for_phase6_testing,2025-12-12,within_cutoff,"Recurring financing fees, official covenant definitions, eligible cash, distribution permissions and actual closing cash remain unavailable. Monthly timing is an owner-reviewed testing convention, not observed borrower seasonality."
P6L-00253,data/phase6/processed/MONTHLY_LIQUIDITY_STRESS.csv,monthly_liquidity_stress,P6M-MODERATE_UNMITIGATED-P-0044,SRC-001;SRC-002;SRC-003,P5A-014;P5A-015;P5A-016;P5A-018:P5A-032;SCN-001:SCN-009,formula_calculated_downside_liquidity_path,owner_reviewed_for_phase6_testing,2025-12-12,within_cutoff,"Recurring financing fees, official covenant definitions, eligible cash, distribution permissions and actual closing cash remain unavailable. Monthly timing is an owner-reviewed testing convention, not observed borrower seasonality."
P6L-00254,data/phase6/processed/MONTHLY_LIQUIDITY_STRESS.csv,monthly_liquidity_stress,P6M-MODERATE_UNMITIGATED-P-0045,SRC-001;SRC-002;SRC-003,P5A-014;P5A-015;P5A-016;P5A-018:P5A-032;SCN-001:SCN-009,formula_calculated_downside_liquidity_path,owner_reviewed_for_phase6_testing,2025-12-12,within_cutoff,"Recurring financing fees, official covenant definitions, eligible cash, distribution permissions and actual closing cash remain unavailable. Monthly timing is an owner-reviewed testing convention, not observed borrower seasonality."
P6L-00255,data/phase6/processed/MONTHLY_LIQUIDITY_STRESS.csv,monthly_liquidity_stress,P6M-MODERATE_UNMITIGATED-P-0046,SRC-001;SRC-002;SRC-003,P5A-014;P5A-015;P5A-016;P5A-018:P5A-032;SCN-001:SCN-009,formula_calculated_downside_liquidity_path,owner_reviewed_for_phase6_testing,2025-12-12,within_cutoff,"Recurring financing fees, official covenant definitions, eligible cash, distribution permissions and actual closing cash remain unavailable. Monthly timing is an owner-reviewed testing convention, not observed borrower seasonality."
P6L-00256,data/phase6/processed/MONTHLY_LIQUIDITY_STRESS.csv,monthly_liquidity_stress,P6M-MODERATE_UNMITIGATED-P-0047,SRC-001;SRC-002;SRC-003,P5A-014;P5A-015;P5A-016;P5A-018:P5A-032;SCN-001:SCN-009,formula_calculated_downside_liquidity_path,owner_reviewed_for_phase6_testing,2025-12-12,within_cutoff,"Recurring financing fees, official covenant definitions, eligible cash, distribution permissions and actual closing cash remain unavailable. Monthly timing is an owner-reviewed testing convention, not observed borrower seasonality."
P6L-00257,data/phase6/processed/MONTHLY_LIQUIDITY_STRESS.csv,monthly_liquidity_stress,P6M-MODERATE_UNMITIGATED-P-0048,SRC-001;SRC-002;SRC-003,P5A-014;P5A-015;P5A-016;P5A-018:P5A-032;SCN-001:SCN-009,formula_calculated_downside_liquidity_path,owner_reviewed_for_phase6_testing,2025-12-12,within_cutoff,"Recurring financing fees, official covenant definitions, eligible cash, distribution permissions and actual closing cash remain unavailable. Monthly timing is an owner-reviewed testing convention, not observed borrower seasonality."
P6L-00258,data/phase6/processed/MONTHLY_LIQUIDITY_STRESS.csv,monthly_liquidity_stress,P6M-MODERATE_UNMITIGATED-P-0049,SRC-001;SRC-002;SRC-003,P5A-014;P5A-015;P5A-016;P5A-018:P5A-032;SCN-001:SCN-009,formula_calculated_downside_liquidity_path,owner_reviewed_for_phase6_testing,2025-12-12,within_cutoff,"Recurring financing fees, official covenant definitions, eligible cash, distribution permissions and actual closing cash remain unavailable. Monthly timing is an owner-reviewed testing convention, not observed borrower seasonality."
P6L-00259,data/phase6/processed/MONTHLY_LIQUIDITY_STRESS.csv,monthly_liquidity_stress,P6M-MODERATE_UNMITIGATED-P-0050,SRC-001;SRC-002;SRC-003,P5A-014;P5A-015;P5A-016;P5A-018:P5A-032;SCN-001:SCN-009,formula_calculated_downside_liquidity_path,owner_reviewed_for_phase6_testing,2025-12-12,within_cutoff,"Recurring financing fees, official covenant definitions, eligible cash, distribution permissions and actual closing cash remain unavailable. Monthly timing is an owner-reviewed testing convention, not observed borrower seasonality."
P6L-00260,data/phase6/processed/MONTHLY_LIQUIDITY_STRESS.csv,monthly_liquidity_stress,P6M-MODERATE_UNMITIGATED-P-0051,SRC-001;SRC-002;SRC-003,P5A-014;P5A-015;P5A-016;P5A-018:P5A-032;SCN-001:SCN-009,formula_calculated_downside_liquidity_path,owner_reviewed_for_phase6_testing,2025-12-12,within_cutoff,"Recurring financing fees, official covenant definitions, eligible cash, distribution permissions and actual closing cash remain unavailable. Monthly timing is an owner-reviewed testing convention, not observed borrower seasonality."
P6L-00261,data/phase6/processed/MONTHLY_LIQUIDITY_STRESS.csv,monthly_liquidity_stress,P6M-MODERATE_UNMITIGATED-P-0052,SRC-001;SRC-002;SRC-003,P5A-014;P5A-015;P5A-016;P5A-018:P5A-032;SCN-001:SCN-009,formula_calculated_downside_liquidity_path,owner_reviewed_for_phase6_testing,2025-12-12,within_cutoff,"Recurring financing fees, official covenant definitions, eligible cash, distribution permissions and actual closing cash remain unavailable. Monthly timing is an owner-reviewed testing convention, not observed borrower seasonality."
P6L-00262,data/phase6/processed/MONTHLY_LIQUIDITY_STRESS.csv,monthly_liquidity_stress,P6M-MODERATE_UNMITIGATED-P-0053,SRC-001;SRC-002;SRC-003,P5A-014;P5A-015;P5A-016;P5A-018:P5A-032;SCN-001:SCN-009,formula_calculated_downside_liquidity_path,owner_reviewed_for_phase6_testing,2025-12-12,within_cutoff,"Recurring financing fees, official covenant definitions, eligible cash, distribution permissions and actual closing cash remain unavailable. Monthly timing is an owner-reviewed testing convention, not observed borrower seasonality."
P6L-00263,data/phase6/processed/MONTHLY_LIQUIDITY_STRESS.csv,monthly_liquidity_stress,P6M-MODERATE_UNMITIGATED-P-0054,SRC-001;SRC-002;SRC-003,P5A-014;P5A-015;P5A-016;P5A-018:P5A-032;SCN-001:SCN-009,formula_calculated_downside_liquidity_path,owner_reviewed_for_phase6_testing,2025-12-12,within_cutoff,"Recurring financing fees, official covenant definitions, eligible cash, distribution permissions and actual closing cash remain unavailable. Monthly timing is an owner-reviewed testing convention, not observed borrower seasonality."
P6L-00264,data/phase6/processed/MONTHLY_LIQUIDITY_STRESS.csv,monthly_liquidity_stress,P6M-MODERATE_UNMITIGATED-P-0055,SRC-001;SRC-002;SRC-003,P5A-014;P5A-015;P5A-016;P5A-018:P5A-032;SCN-001:SCN-009,formula_calculated_downside_liquidity_path,owner_reviewed_for_phase6_testing,2025-12-12,within_cutoff,"Recurring financing fees, official covenant definitions, eligible cash, distribution permissions and actual closing cash remain unavailable. Monthly timing is an owner-reviewed testing convention, not observed borrower seasonality."
P6L-00265,data/phase6/processed/MONTHLY_LIQUIDITY_STRESS.csv,monthly_liquidity_stress,P6M-MODERATE_UNMITIGATED-P-0056,SRC-001;SRC-002;SRC-003,P5A-014;P5A-015;P5A-016;P5A-018:P5A-032;SCN-001:SCN-009,formula_calculated_downside_liquidity_path,owner_reviewed_for_phase6_testing,2025-12-12,within_cutoff,"Recurring financing fees, official covenant definitions, eligible cash, distribution permissions and actual closing cash remain unavailable. Monthly timing is an owner-reviewed testing convention, not observed borrower seasonality."
P6L-00266,data/phase6/processed/MONTHLY_LIQUIDITY_STRESS.csv,monthly_liquidity_stress,P6M-MODERATE_UNMITIGATED-P-0057,SRC-001;SRC-002;SRC-003,P5A-014;P5A-015;P5A-016;P5A-018:P5A-032;SCN-001:SCN-009,formula_calculated_downside_liquidity_path,owner_reviewed_for_phase6_testing,2025-12-12,within_cutoff,"Recurring financing fees, official covenant definitions, eligible cash, distribution permissions and actual closing cash remain unavailable. Monthly timing is an owner-reviewed testing convention, not observed borrower seasonality."
P6L-00267,data/phase6/processed/MONTHLY_LIQUIDITY_STRESS.csv,monthly_liquidity_stress,P6M-MODERATE_UNMITIGATED-P-0058,SRC-001;SRC-002;SRC-003,P5A-014;P5A-015;P5A-016;P5A-018:P5A-032;SCN-001:SCN-009,formula_calculated_downside_liquidity_path,owner_reviewed_for_phase6_testing,2025-12-12,within_cutoff,"Recurring financing fees, official covenant definitions, eligible cash, distribution permissions and actual closing cash remain unavailable. Monthly timing is an owner-reviewed testing convention, not observed borrower seasonality."
P6L-00268,data/phase6/processed/MONTHLY_LIQUIDITY_STRESS.csv,monthly_liquidity_stress,P6M-MODERATE_UNMITIGATED-P-0059,SRC-001;SRC-002;SRC-003,P5A-014;P5A-015;P5A-016;P5A-018:P5A-032;SCN-001:SCN-009,formula_calculated_downside_liquidity_path,owner_reviewed_for_phase6_testing,2025-12-12,within_cutoff,"Recurring financing fees, official covenant definitions, eligible cash, distribution permissions and actual closing cash remain unavailable. Monthly timing is an owner-reviewed testing convention, not observed borrower seasonality."
P6L-00269,data/phase6/processed/MONTHLY_LIQUIDITY_STRESS.csv,monthly_liquidity_stress,P6M-MODERATE_UNMITIGATED-P-0060,SRC-001;SRC-002;SRC-003,P5A-014;P5A-015;P5A-016;P5A-018:P5A-032;SCN-001:SCN-009,formula_calculated_downside_liquidity_path,owner_reviewed_for_phase6_testing,2025-12-12,within_cutoff,"Recurring financing fees, official covenant definitions, eligible cash, distribution permissions and actual closing cash remain unavailable. Monthly timing is an owner-reviewed testing convention, not observed borrower seasonality."
P6L-00270,data/phase6/processed/MONTHLY_LIQUIDITY_STRESS.csv,monthly_liquidity_stress,P6M-MODERATE_UNMITIGATED-E-0001,SRC-001;SRC-002;SRC-003,P5A-014;P5A-015;P5A-016;P5A-018:P5A-032;SCN-001:SCN-009,formula_calculated_downside_liquidity_path,owner_reviewed_for_phase6_testing,2025-12-12,within_cutoff,"Recurring financing fees, official covenant definitions, eligible cash, distribution permissions and actual closing cash remain unavailable. Monthly timing is an owner-reviewed testing convention, not observed borrower seasonality."
P6L-00271,data/phase6/processed/MONTHLY_LIQUIDITY_STRESS.csv,monthly_liquidity_stress,P6M-MODERATE_UNMITIGATED-E-0002,SRC-001;SRC-002;SRC-003,P5A-014;P5A-015;P5A-016;P5A-018:P5A-032;SCN-001:SCN-009,formula_calculated_downside_liquidity_path,owner_reviewed_for_phase6_testing,2025-12-12,within_cutoff,"Recurring financing fees, official covenant definitions, eligible cash, distribution permissions and actual closing cash remain unavailable. Monthly timing is an owner-reviewed testing convention, not observed borrower seasonality."
P6L-00272,data/phase6/processed/MONTHLY_LIQUIDITY_STRESS.csv,monthly_liquidity_stress,P6M-MODERATE_UNMITIGATED-E-0003,SRC-001;SRC-002;SRC-003,P5A-014;P5A-015;P5A-016;P5A-018:P5A-032;SCN-001:SCN-009,formula_calculated_downside_liquidity_path,owner_reviewed_for_phase6_testing,2025-12-12,within_cutoff,"Recurring financing fees, official covenant definitions, eligible cash, distribution permissions and actual closing cash remain unavailable. Monthly timing is an owner-reviewed testing convention, not observed borrower seasonality."
P6L-00273,data/phase6/processed/MONTHLY_LIQUIDITY_STRESS.csv,monthly_liquidity_stress,P6M-MODERATE_UNMITIGATED-E-0004,SRC-001;SRC-002;SRC-003,P5A-014;P5A-015;P5A-016;P5A-018:P5A-032;SCN-001:SCN-009,formula_calculated_downside_liquidity_path,owner_reviewed_for_phase6_testing,2025-12-12,within_cutoff,"Recurring financing fees, official covenant definitions, eligible cash, distribution permissions and actual closing cash remain unavailable. Monthly timing is an owner-reviewed testing convention, not observed borrower seasonality."
P6L-00274,data/phase6/processed/MONTHLY_LIQUIDITY_STRESS.csv,monthly_liquidity_stress,P6M-MODERATE_UNMITIGATED-E-0005,SRC-001;SRC-002;SRC-003,P5A-014;P5A-015;P5A-016;P5A-018:P5A-032;SCN-001:SCN-009,formula_calculated_downside_liquidity_path,owner_reviewed_for_phase6_testing,2025-12-12,within_cutoff,"Recurring financing fees, official covenant definitions, eligible cash, distribution permissions and actual closing cash remain unavailable. Monthly timing is an owner-reviewed testing convention, not observed borrower seasonality."
P6L-00275,data/phase6/processed/MONTHLY_LIQUIDITY_STRESS.csv,monthly_liquidity_stress,P6M-MODERATE_UNMITIGATED-E-0006,SRC-001;SRC-002;SRC-003,P5A-014;P5A-015;P5A-016;P5A-018:P5A-032;SCN-001:SCN-009,formula_calculated_downside_liquidity_path,owner_reviewed_for_phase6_testing,2025-12-12,within_cutoff,"Recurring financing fees, official covenant definitions, eligible cash, distribution permissions and actual closing cash remain unavailable. Monthly timing is an owner-reviewed testing convention, not observed borrower seasonality."
P6L-00276,data/phase6/processed/MONTHLY_LIQUIDITY_STRESS.csv,monthly_liquidity_stress,P6M-MODERATE_UNMITIGATED-E-0007,SRC-001;SRC-002;SRC-003,P5A-014;P5A-015;P5A-016;P5A-018:P5A-032;SCN-001:SCN-009,formula_calculated_downside_liquidity_path,owner_reviewed_for_phase6_testing,2025-12-12,within_cutoff,"Recurring financing fees, official covenant definitions, eligible cash, distribution permissions and actual closing cash remain unavailable. Monthly timing is an owner-reviewed testing convention, not observed borrower seasonality."
P6L-00277,data/phase6/processed/MONTHLY_LIQUIDITY_STRESS.csv,monthly_liquidity_stress,P6M-MODERATE_UNMITIGATED-E-0008,SRC-001;SRC-002;SRC-003,P5A-014;P5A-015;P5A-016;P5A-018:P5A-032;SCN-001:SCN-009,formula_calculated_downside_liquidity_path,owner_reviewed_for_phase6_testing,2025-12-12,within_cutoff,"Recurring financing fees, official covenant definitions, eligible cash, distribution permissions and actual closing cash remain unavailable. Monthly timing is an owner-reviewed testing convention, not observed borrower seasonality."
P6L-00278,data/phase6/processed/MONTHLY_LIQUIDITY_STRESS.csv,monthly_liquidity_stress,P6M-MODERATE_UNMITIGATED-E-0009,SRC-001;SRC-002;SRC-003,P5A-014;P5A-015;P5A-016;P5A-018:P5A-032;SCN-001:SCN-009,formula_calculated_downside_liquidity_path,owner_reviewed_for_phase6_testing,2025-12-12,within_cutoff,"Recurring financing fees, official covenant definitions, eligible cash, distribution permissions and actual closing cash remain unavailable. Monthly timing is an owner-reviewed testing convention, not observed borrower seasonality."
P6L-00279,data/phase6/processed/MONTHLY_LIQUIDITY_STRESS.csv,monthly_liquidity_stress,P6M-MODERATE_UNMITIGATED-E-0010,SRC-001;SRC-002;SRC-003,P5A-014;P5A-015;P5A-016;P5A-018:P5A-032;SCN-001:SCN-009,formula_calculated_downside_liquidity_path,owner_reviewed_for_phase6_testing,2025-12-12,within_cutoff,"Recurring financing fees, official covenant definitions, eligible cash, distribution permissions and actual closing cash remain unavailable. Monthly timing is an owner-reviewed testing convention, not observed borrower seasonality."
P6L-00280,data/phase6/processed/MONTHLY_LIQUIDITY_STRESS.csv,monthly_liquidity_stress,P6M-MODERATE_UNMITIGATED-E-0011,SRC-001;SRC-002;SRC-003,P5A-014;P5A-015;P5A-016;P5A-018:P5A-032;SCN-001:SCN-009,formula_calculated_downside_liquidity_path,owner_reviewed_for_phase6_testing,2025-12-12,within_cutoff,"Recurring financing fees, official covenant definitions, eligible cash, distribution permissions and actual closing cash remain unavailable. Monthly timing is an owner-reviewed testing convention, not observed borrower seasonality."
P6L-00281,data/phase6/processed/MONTHLY_LIQUIDITY_STRESS.csv,monthly_liquidity_stress,P6M-MODERATE_UNMITIGATED-E-0012,SRC-001;SRC-002;SRC-003,P5A-014;P5A-015;P5A-016;P5A-018:P5A-032;SCN-001:SCN-009,formula_calculated_downside_liquidity_path,owner_reviewed_for_phase6_testing,2025-12-12,within_cutoff,"Recurring financing fees, official covenant definitions, eligible cash, distribution permissions and actual closing cash remain unavailable. Monthly timing is an owner-reviewed testing convention, not observed borrower seasonality."
P6L-00282,data/phase6/processed/MONTHLY_LIQUIDITY_STRESS.csv,monthly_liquidity_stress,P6M-MODERATE_UNMITIGATED-E-0013,SRC-001;SRC-002;SRC-003,P5A-014;P5A-015;P5A-016;P5A-018:P5A-032;SCN-001:SCN-009,formula_calculated_downside_liquidity_path,owner_reviewed_for_phase6_testing,2025-12-12,within_cutoff,"Recurring financing fees, official covenant definitions, eligible cash, distribution permissions and actual closing cash remain unavailable. Monthly timing is an owner-reviewed testing convention, not observed borrower seasonality."
P6L-00283,data/phase6/processed/MONTHLY_LIQUIDITY_STRESS.csv,monthly_liquidity_stress,P6M-MODERATE_UNMITIGATED-E-0014,SRC-001;SRC-002;SRC-003,P5A-014;P5A-015;P5A-016;P5A-018:P5A-032;SCN-001:SCN-009,formula_calculated_downside_liquidity_path,owner_reviewed_for_phase6_testing,2025-12-12,within_cutoff,"Recurring financing fees, official covenant definitions, eligible cash, distribution permissions and actual closing cash remain unavailable. Monthly timing is an owner-reviewed testing convention, not observed borrower seasonality."
P6L-00284,data/phase6/processed/MONTHLY_LIQUIDITY_STRESS.csv,monthly_liquidity_stress,P6M-MODERATE_UNMITIGATED-E-0015,SRC-001;SRC-002;SRC-003,P5A-014;P5A-015;P5A-016;P5A-018:P5A-032;SCN-001:SCN-009,formula_calculated_downside_liquidity_path,owner_reviewed_for_phase6_testing,2025-12-12,within_cutoff,"Recurring financing fees, official covenant definitions, eligible cash, distribution permissions and actual closing cash remain unavailable. Monthly timing is an owner-reviewed testing convention, not observed borrower seasonality."
P6L-00285,data/phase6/processed/MONTHLY_LIQUIDITY_STRESS.csv,monthly_liquidity_stress,P6M-MODERATE_UNMITIGATED-E-0016,SRC-001;SRC-002;SRC-003,P5A-014;P5A-015;P5A-016;P5A-018:P5A-032;SCN-001:SCN-009,formula_calculated_downside_liquidity_path,owner_reviewed_for_phase6_testing,2025-12-12,within_cutoff,"Recurring financing fees, official covenant definitions, eligible cash, distribution permissions and actual closing cash remain unavailable. Monthly timing is an owner-reviewed testing convention, not observed borrower seasonality."
P6L-00286,data/phase6/processed/MONTHLY_LIQUIDITY_STRESS.csv,monthly_liquidity_stress,P6M-MODERATE_UNMITIGATED-E-0017,SRC-001;SRC-002;SRC-003,P5A-014;P5A-015;P5A-016;P5A-018:P5A-032;SCN-001:SCN-009,formula_calculated_downside_liquidity_path,owner_reviewed_for_phase6_testing,2025-12-12,within_cutoff,"Recurring financing fees, official covenant definitions, eligible cash, distribution permissions and actual closing cash remain unavailable. Monthly timing is an owner-reviewed testing convention, not observed borrower seasonality."
P6L-00287,data/phase6/processed/MONTHLY_LIQUIDITY_STRESS.csv,monthly_liquidity_stress,P6M-MODERATE_UNMITIGATED-E-0018,SRC-001;SRC-002;SRC-003,P5A-014;P5A-015;P5A-016;P5A-018:P5A-032;SCN-001:SCN-009,formula_calculated_downside_liquidity_path,owner_reviewed_for_phase6_testing,2025-12-12,within_cutoff,"Recurring financing fees, official covenant definitions, eligible cash, distribution permissions and actual closing cash remain unavailable. Monthly timing is an owner-reviewed testing convention, not observed borrower seasonality."
P6L-00288,data/phase6/processed/MONTHLY_LIQUIDITY_STRESS.csv,monthly_liquidity_stress,P6M-MODERATE_UNMITIGATED-E-0019,SRC-001;SRC-002;SRC-003,P5A-014;P5A-015;P5A-016;P5A-018:P5A-032;SCN-001:SCN-009,formula_calculated_downside_liquidity_path,owner_reviewed_for_phase6_testing,2025-12-12,within_cutoff,"Recurring financing fees, official covenant definitions, eligible cash, distribution permissions and actual closing cash remain unavailable. Monthly timing is an owner-reviewed testing convention, not observed borrower seasonality."
P6L-00289,data/phase6/processed/MONTHLY_LIQUIDITY_STRESS.csv,monthly_liquidity_stress,P6M-MODERATE_UNMITIGATED-E-0020,SRC-001;SRC-002;SRC-003,P5A-014;P5A-015;P5A-016;P5A-018:P5A-032;SCN-001:SCN-009,formula_calculated_downside_liquidity_path,owner_reviewed_for_phase6_testing,2025-12-12,within_cutoff,"Recurring financing fees, official covenant definitions, eligible cash, distribution permissions and actual closing cash remain unavailable. Monthly timing is an owner-reviewed testing convention, not observed borrower seasonality."
P6L-00290,data/phase6/processed/MONTHLY_LIQUIDITY_STRESS.csv,monthly_liquidity_stress,P6M-MODERATE_UNMITIGATED-E-0021,SRC-001;SRC-002;SRC-003,P5A-014;P5A-015;P5A-016;P5A-018:P5A-032;SCN-001:SCN-009,formula_calculated_downside_liquidity_path,owner_reviewed_for_phase6_testing,2025-12-12,within_cutoff,"Recurring financing fees, official covenant definitions, eligible cash, distribution permissions and actual closing cash remain unavailable. Monthly timing is an owner-reviewed testing convention, not observed borrower seasonality."
P6L-00291,data/phase6/processed/MONTHLY_LIQUIDITY_STRESS.csv,monthly_liquidity_stress,P6M-MODERATE_UNMITIGATED-E-0022,SRC-001;SRC-002;SRC-003,P5A-014;P5A-015;P5A-016;P5A-018:P5A-032;SCN-001:SCN-009,formula_calculated_downside_liquidity_path,owner_reviewed_for_phase6_testing,2025-12-12,within_cutoff,"Recurring financing fees, official covenant definitions, eligible cash, distribution permissions and actual closing cash remain unavailable. Monthly timing is an owner-reviewed testing convention, not observed borrower seasonality."
P6L-00292,data/phase6/processed/MONTHLY_LIQUIDITY_STRESS.csv,monthly_liquidity_stress,P6M-MODERATE_UNMITIGATED-E-0023,SRC-001;SRC-002;SRC-003,P5A-014;P5A-015;P5A-016;P5A-018:P5A-032;SCN-001:SCN-009,formula_calculated_downside_liquidity_path,owner_reviewed_for_phase6_testing,2025-12-12,within_cutoff,"Recurring financing fees, official covenant definitions, eligible cash, distribution permissions and actual closing cash remain unavailable. Monthly timing is an owner-reviewed testing convention, not observed borrower seasonality."
P6L-00293,data/phase6/processed/MONTHLY_LIQUIDITY_STRESS.csv,monthly_liquidity_stress,P6M-MODERATE_UNMITIGATED-E-0024,SRC-001;SRC-002;SRC-003,P5A-014;P5A-015;P5A-016;P5A-018:P5A-032;SCN-001:SCN-009,formula_calculated_downside_liquidity_path,owner_reviewed_for_phase6_testing,2025-12-12,within_cutoff,"Recurring financing fees, official covenant definitions, eligible cash, distribution permissions and actual closing cash remain unavailable. Monthly timing is an owner-reviewed testing convention, not observed borrower seasonality."
P6L-00294,data/phase6/processed/MONTHLY_LIQUIDITY_STRESS.csv,monthly_liquidity_stress,P6M-MODERATE_UNMITIGATED-E-0025,SRC-001;SRC-002;SRC-003,P5A-014;P5A-015;P5A-016;P5A-018:P5A-032;SCN-001:SCN-009,formula_calculated_downside_liquidity_path,owner_reviewed_for_phase6_testing,2025-12-12,within_cutoff,"Recurring financing fees, official covenant definitions, eligible cash, distribution permissions and actual closing cash remain unavailable. Monthly timing is an owner-reviewed testing convention, not observed borrower seasonality."
P6L-00295,data/phase6/processed/MONTHLY_LIQUIDITY_STRESS.csv,monthly_liquidity_stress,P6M-MODERATE_UNMITIGATED-E-0026,SRC-001;SRC-002;SRC-003,P5A-014;P5A-015;P5A-016;P5A-018:P5A-032;SCN-001:SCN-009,formula_calculated_downside_liquidity_path,owner_reviewed_for_phase6_testing,2025-12-12,within_cutoff,"Recurring financing fees, official covenant definitions, eligible cash, distribution permissions and actual closing cash remain unavailable. Monthly timing is an owner-reviewed testing convention, not observed borrower seasonality."
P6L-00296,data/phase6/processed/MONTHLY_LIQUIDITY_STRESS.csv,monthly_liquidity_stress,P6M-MODERATE_UNMITIGATED-E-0027,SRC-001;SRC-002;SRC-003,P5A-014;P5A-015;P5A-016;P5A-018:P5A-032;SCN-001:SCN-009,formula_calculated_downside_liquidity_path,owner_reviewed_for_phase6_testing,2025-12-12,within_cutoff,"Recurring financing fees, official covenant definitions, eligible cash, distribution permissions and actual closing cash remain unavailable. Monthly timing is an owner-reviewed testing convention, not observed borrower seasonality."
P6L-00297,data/phase6/processed/MONTHLY_LIQUIDITY_STRESS.csv,monthly_liquidity_stress,P6M-MODERATE_UNMITIGATED-E-0028,SRC-001;SRC-002;SRC-003,P5A-014;P5A-015;P5A-016;P5A-018:P5A-032;SCN-001:SCN-009,formula_calculated_downside_liquidity_path,owner_reviewed_for_phase6_testing,2025-12-12,within_cutoff,"Recurring financing fees, official covenant definitions, eligible cash, distribution permissions and actual closing cash remain unavailable. Monthly timing is an owner-reviewed testing convention, not observed borrower seasonality."
P6L-00298,data/phase6/processed/MONTHLY_LIQUIDITY_STRESS.csv,monthly_liquidity_stress,P6M-MODERATE_UNMITIGATED-E-0029,SRC-001;SRC-002;SRC-003,P5A-014;P5A-015;P5A-016;P5A-018:P5A-032;SCN-001:SCN-009,formula_calculated_downside_liquidity_path,owner_reviewed_for_phase6_testing,2025-12-12,within_cutoff,"Recurring financing fees, official covenant definitions, eligible cash, distribution permissions and actual closing cash remain unavailable. Monthly timing is an owner-reviewed testing convention, not observed borrower seasonality."
P6L-00299,data/phase6/processed/MONTHLY_LIQUIDITY_STRESS.csv,monthly_liquidity_stress,P6M-MODERATE_UNMITIGATED-E-0030,SRC-001;SRC-002;SRC-003,P5A-014;P5A-015;P5A-016;P5A-018:P5A-032;SCN-001:SCN-009,formula_calculated_downside_liquidity_path,owner_reviewed_for_phase6_testing,2025-12-12,within_cutoff,"Recurring financing fees, official covenant definitions, eligible cash, distribution permissions and actual closing cash remain unavailable. Monthly timing is an owner-reviewed testing convention, not observed borrower seasonality."
P6L-00300,data/phase6/processed/MONTHLY_LIQUIDITY_STRESS.csv,monthly_liquidity_stress,P6M-MODERATE_UNMITIGATED-E-0031,SRC-001;SRC-002;SRC-003,P5A-014;P5A-015;P5A-016;P5A-018:P5A-032;SCN-001:SCN-009,formula_calculated_downside_liquidity_path,owner_reviewed_for_phase6_testing,2025-12-12,within_cutoff,"Recurring financing fees, official covenant definitions, eligible cash, distribution permissions and actual closing cash remain unavailable. Monthly timing is an owner-reviewed testing convention, not observed borrower seasonality."
P6L-00301,data/phase6/processed/MONTHLY_LIQUIDITY_STRESS.csv,monthly_liquidity_stress,P6M-MODERATE_UNMITIGATED-E-0032,SRC-001;SRC-002;SRC-003,P5A-014;P5A-015;P5A-016;P5A-018:P5A-032;SCN-001:SCN-009,formula_calculated_downside_liquidity_path,owner_reviewed_for_phase6_testing,2025-12-12,within_cutoff,"Recurring financing fees, official covenant definitions, eligible cash, distribution permissions and actual closing cash remain unavailable. Monthly timing is an owner-reviewed testing convention, not observed borrower seasonality."
P6L-00302,data/phase6/processed/MONTHLY_LIQUIDITY_STRESS.csv,monthly_liquidity_stress,P6M-MODERATE_UNMITIGATED-E-0033,SRC-001;SRC-002;SRC-003,P5A-014;P5A-015;P5A-016;P5A-018:P5A-032;SCN-001:SCN-009,formula_calculated_downside_liquidity_path,owner_reviewed_for_phase6_testing,2025-12-12,within_cutoff,"Recurring financing fees, official covenant definitions, eligible cash, distribution permissions and actual closing cash remain unavailable. Monthly timing is an owner-reviewed testing convention, not observed borrower seasonality."
P6L-00303,data/phase6/processed/MONTHLY_LIQUIDITY_STRESS.csv,monthly_liquidity_stress,P6M-MODERATE_UNMITIGATED-E-0034,SRC-001;SRC-002;SRC-003,P5A-014;P5A-015;P5A-016;P5A-018:P5A-032;SCN-001:SCN-009,formula_calculated_downside_liquidity_path,owner_reviewed_for_phase6_testing,2025-12-12,within_cutoff,"Recurring financing fees, official covenant definitions, eligible cash, distribution permissions and actual closing cash remain unavailable. Monthly timing is an owner-reviewed testing convention, not observed borrower seasonality."
P6L-00304,data/phase6/processed/MONTHLY_LIQUIDITY_STRESS.csv,monthly_liquidity_stress,P6M-MODERATE_UNMITIGATED-E-0035,SRC-001;SRC-002;SRC-003,P5A-014;P5A-015;P5A-016;P5A-018:P5A-032;SCN-001:SCN-009,formula_calculated_downside_liquidity_path,owner_reviewed_for_phase6_testing,2025-12-12,within_cutoff,"Recurring financing fees, official covenant definitions, eligible cash, distribution permissions and actual closing cash remain unavailable. Monthly timing is an owner-reviewed testing convention, not observed borrower seasonality."
P6L-00305,data/phase6/processed/MONTHLY_LIQUIDITY_STRESS.csv,monthly_liquidity_stress,P6M-MODERATE_UNMITIGATED-E-0036,SRC-001;SRC-002;SRC-003,P5A-014;P5A-015;P5A-016;P5A-018:P5A-032;SCN-001:SCN-009,formula_calculated_downside_liquidity_path,owner_reviewed_for_phase6_testing,2025-12-12,within_cutoff,"Recurring financing fees, official covenant definitions, eligible cash, distribution permissions and actual closing cash remain unavailable. Monthly timing is an owner-reviewed testing convention, not observed borrower seasonality."
P6L-00306,data/phase6/processed/MONTHLY_LIQUIDITY_STRESS.csv,monthly_liquidity_stress,P6M-MODERATE_UNMITIGATED-E-0037,SRC-001;SRC-002;SRC-003,P5A-014;P5A-015;P5A-016;P5A-018:P5A-032;SCN-001:SCN-009,formula_calculated_downside_liquidity_path,owner_reviewed_for_phase6_testing,2025-12-12,within_cutoff,"Recurring financing fees, official covenant definitions, eligible cash, distribution permissions and actual closing cash remain unavailable. Monthly timing is an owner-reviewed testing convention, not observed borrower seasonality."
P6L-00307,data/phase6/processed/MONTHLY_LIQUIDITY_STRESS.csv,monthly_liquidity_stress,P6M-MODERATE_UNMITIGATED-E-0038,SRC-001;SRC-002;SRC-003,P5A-014;P5A-015;P5A-016;P5A-018:P5A-032;SCN-001:SCN-009,formula_calculated_downside_liquidity_path,owner_reviewed_for_phase6_testing,2025-12-12,within_cutoff,"Recurring financing fees, official covenant definitions, eligible cash, distribution permissions and actual closing cash remain unavailable. Monthly timing is an owner-reviewed testing convention, not observed borrower seasonality."
P6L-00308,data/phase6/processed/MONTHLY_LIQUIDITY_STRESS.csv,monthly_liquidity_stress,P6M-MODERATE_UNMITIGATED-E-0039,SRC-001;SRC-002;SRC-003,P5A-014;P5A-015;P5A-016;P5A-018:P5A-032;SCN-001:SCN-009,formula_calculated_downside_liquidity_path,owner_reviewed_for_phase6_testing,2025-12-12,within_cutoff,"Recurring financing fees, official covenant definitions, eligible cash, distribution permissions and actual closing cash remain unavailable. Monthly timing is an owner-reviewed testing convention, not observed borrower seasonality."
P6L-00309,data/phase6/processed/MONTHLY_LIQUIDITY_STRESS.csv,monthly_liquidity_stress,P6M-MODERATE_UNMITIGATED-E-0040,SRC-001;SRC-002;SRC-003,P5A-014;P5A-015;P5A-016;P5A-018:P5A-032;SCN-001:SCN-009,formula_calculated_downside_liquidity_path,owner_reviewed_for_phase6_testing,2025-12-12,within_cutoff,"Recurring financing fees, official covenant definitions, eligible cash, distribution permissions and actual closing cash remain unavailable. Monthly timing is an owner-reviewed testing convention, not observed borrower seasonality."
P6L-00310,data/phase6/processed/MONTHLY_LIQUIDITY_STRESS.csv,monthly_liquidity_stress,P6M-MODERATE_UNMITIGATED-E-0041,SRC-001;SRC-002;SRC-003,P5A-014;P5A-015;P5A-016;P5A-018:P5A-032;SCN-001:SCN-009,formula_calculated_downside_liquidity_path,owner_reviewed_for_phase6_testing,2025-12-12,within_cutoff,"Recurring financing fees, official covenant definitions, eligible cash, distribution permissions and actual closing cash remain unavailable. Monthly timing is an owner-reviewed testing convention, not observed borrower seasonality."
P6L-00311,data/phase6/processed/MONTHLY_LIQUIDITY_STRESS.csv,monthly_liquidity_stress,P6M-MODERATE_UNMITIGATED-E-0042,SRC-001;SRC-002;SRC-003,P5A-014;P5A-015;P5A-016;P5A-018:P5A-032;SCN-001:SCN-009,formula_calculated_downside_liquidity_path,owner_reviewed_for_phase6_testing,2025-12-12,within_cutoff,"Recurring financing fees, official covenant definitions, eligible cash, distribution permissions and actual closing cash remain unavailable. Monthly timing is an owner-reviewed testing convention, not observed borrower seasonality."
P6L-00312,data/phase6/processed/MONTHLY_LIQUIDITY_STRESS.csv,monthly_liquidity_stress,P6M-SEVERE_UNMITIGATED-P-0001,SRC-001;SRC-002;SRC-003,P5A-014;P5A-015;P5A-016;P5A-018:P5A-032;SCN-001:SCN-009,formula_calculated_downside_liquidity_path,owner_reviewed_for_phase6_testing,2025-12-12,within_cutoff,"Recurring financing fees, official covenant definitions, eligible cash, distribution permissions and actual closing cash remain unavailable. Monthly timing is an owner-reviewed testing convention, not observed borrower seasonality."
P6L-00313,data/phase6/processed/MONTHLY_LIQUIDITY_STRESS.csv,monthly_liquidity_stress,P6M-SEVERE_UNMITIGATED-P-0002,SRC-001;SRC-002;SRC-003,P5A-014;P5A-015;P5A-016;P5A-018:P5A-032;SCN-001:SCN-009,formula_calculated_downside_liquidity_path,owner_reviewed_for_phase6_testing,2025-12-12,within_cutoff,"Recurring financing fees, official covenant definitions, eligible cash, distribution permissions and actual closing cash remain unavailable. Monthly timing is an owner-reviewed testing convention, not observed borrower seasonality."
P6L-00314,data/phase6/processed/MONTHLY_LIQUIDITY_STRESS.csv,monthly_liquidity_stress,P6M-SEVERE_UNMITIGATED-P-0003,SRC-001;SRC-002;SRC-003,P5A-014;P5A-015;P5A-016;P5A-018:P5A-032;SCN-001:SCN-009,formula_calculated_downside_liquidity_path,owner_reviewed_for_phase6_testing,2025-12-12,within_cutoff,"Recurring financing fees, official covenant definitions, eligible cash, distribution permissions and actual closing cash remain unavailable. Monthly timing is an owner-reviewed testing convention, not observed borrower seasonality."
P6L-00315,data/phase6/processed/MONTHLY_LIQUIDITY_STRESS.csv,monthly_liquidity_stress,P6M-SEVERE_UNMITIGATED-P-0004,SRC-001;SRC-002;SRC-003,P5A-014;P5A-015;P5A-016;P5A-018:P5A-032;SCN-001:SCN-009,formula_calculated_downside_liquidity_path,owner_reviewed_for_phase6_testing,2025-12-12,within_cutoff,"Recurring financing fees, official covenant definitions, eligible cash, distribution permissions and actual closing cash remain unavailable. Monthly timing is an owner-reviewed testing convention, not observed borrower seasonality."
P6L-00316,data/phase6/processed/MONTHLY_LIQUIDITY_STRESS.csv,monthly_liquidity_stress,P6M-SEVERE_UNMITIGATED-P-0005,SRC-001;SRC-002;SRC-003,P5A-014;P5A-015;P5A-016;P5A-018:P5A-032;SCN-001:SCN-009,formula_calculated_downside_liquidity_path,owner_reviewed_for_phase6_testing,2025-12-12,within_cutoff,"Recurring financing fees, official covenant definitions, eligible cash, distribution permissions and actual closing cash remain unavailable. Monthly timing is an owner-reviewed testing convention, not observed borrower seasonality."
P6L-00317,data/phase6/processed/MONTHLY_LIQUIDITY_STRESS.csv,monthly_liquidity_stress,P6M-SEVERE_UNMITIGATED-P-0006,SRC-001;SRC-002;SRC-003,P5A-014;P5A-015;P5A-016;P5A-018:P5A-032;SCN-001:SCN-009,formula_calculated_downside_liquidity_path,owner_reviewed_for_phase6_testing,2025-12-12,within_cutoff,"Recurring financing fees, official covenant definitions, eligible cash, distribution permissions and actual closing cash remain unavailable. Monthly timing is an owner-reviewed testing convention, not observed borrower seasonality."
P6L-00318,data/phase6/processed/MONTHLY_LIQUIDITY_STRESS.csv,monthly_liquidity_stress,P6M-SEVERE_UNMITIGATED-P-0007,SRC-001;SRC-002;SRC-003,P5A-014;P5A-015;P5A-016;P5A-018:P5A-032;SCN-001:SCN-009,formula_calculated_downside_liquidity_path,owner_reviewed_for_phase6_testing,2025-12-12,within_cutoff,"Recurring financing fees, official covenant definitions, eligible cash, distribution permissions and actual closing cash remain unavailable. Monthly timing is an owner-reviewed testing convention, not observed borrower seasonality."
P6L-00319,data/phase6/processed/MONTHLY_LIQUIDITY_STRESS.csv,monthly_liquidity_stress,P6M-SEVERE_UNMITIGATED-P-0008,SRC-001;SRC-002;SRC-003,P5A-014;P5A-015;P5A-016;P5A-018:P5A-032;SCN-001:SCN-009,formula_calculated_downside_liquidity_path,owner_reviewed_for_phase6_testing,2025-12-12,within_cutoff,"Recurring financing fees, official covenant definitions, eligible cash, distribution permissions and actual closing cash remain unavailable. Monthly timing is an owner-reviewed testing convention, not observed borrower seasonality."
P6L-00320,data/phase6/processed/MONTHLY_LIQUIDITY_STRESS.csv,monthly_liquidity_stress,P6M-SEVERE_UNMITIGATED-P-0009,SRC-001;SRC-002;SRC-003,P5A-014;P5A-015;P5A-016;P5A-018:P5A-032;SCN-001:SCN-009,formula_calculated_downside_liquidity_path,owner_reviewed_for_phase6_testing,2025-12-12,within_cutoff,"Recurring financing fees, official covenant definitions, eligible cash, distribution permissions and actual closing cash remain unavailable. Monthly timing is an owner-reviewed testing convention, not observed borrower seasonality."
P6L-00321,data/phase6/processed/MONTHLY_LIQUIDITY_STRESS.csv,monthly_liquidity_stress,P6M-SEVERE_UNMITIGATED-P-0010,SRC-001;SRC-002;SRC-003,P5A-014;P5A-015;P5A-016;P5A-018:P5A-032;SCN-001:SCN-009,formula_calculated_downside_liquidity_path,owner_reviewed_for_phase6_testing,2025-12-12,within_cutoff,"Recurring financing fees, official covenant definitions, eligible cash, distribution permissions and actual closing cash remain unavailable. Monthly timing is an owner-reviewed testing convention, not observed borrower seasonality."
P6L-00322,data/phase6/processed/MONTHLY_LIQUIDITY_STRESS.csv,monthly_liquidity_stress,P6M-SEVERE_UNMITIGATED-P-0011,SRC-001;SRC-002;SRC-003,P5A-014;P5A-015;P5A-016;P5A-018:P5A-032;SCN-001:SCN-009,formula_calculated_downside_liquidity_path,owner_reviewed_for_phase6_testing,2025-12-12,within_cutoff,"Recurring financing fees, official covenant definitions, eligible cash, distribution permissions and actual closing cash remain unavailable. Monthly timing is an owner-reviewed testing convention, not observed borrower seasonality."
P6L-00323,data/phase6/processed/MONTHLY_LIQUIDITY_STRESS.csv,monthly_liquidity_stress,P6M-SEVERE_UNMITIGATED-P-0012,SRC-001;SRC-002;SRC-003,P5A-014;P5A-015;P5A-016;P5A-018:P5A-032;SCN-001:SCN-009,formula_calculated_downside_liquidity_path,owner_reviewed_for_phase6_testing,2025-12-12,within_cutoff,"Recurring financing fees, official covenant definitions, eligible cash, distribution permissions and actual closing cash remain unavailable. Monthly timing is an owner-reviewed testing convention, not observed borrower seasonality."
P6L-00324,data/phase6/processed/MONTHLY_LIQUIDITY_STRESS.csv,monthly_liquidity_stress,P6M-SEVERE_UNMITIGATED-P-0013,SRC-001;SRC-002;SRC-003,P5A-014;P5A-015;P5A-016;P5A-018:P5A-032;SCN-001:SCN-009,formula_calculated_downside_liquidity_path,owner_reviewed_for_phase6_testing,2025-12-12,within_cutoff,"Recurring financing fees, official covenant definitions, eligible cash, distribution permissions and actual closing cash remain unavailable. Monthly timing is an owner-reviewed testing convention, not observed borrower seasonality."
P6L-00325,data/phase6/processed/MONTHLY_LIQUIDITY_STRESS.csv,monthly_liquidity_stress,P6M-SEVERE_UNMITIGATED-P-0014,SRC-001;SRC-002;SRC-003,P5A-014;P5A-015;P5A-016;P5A-018:P5A-032;SCN-001:SCN-009,formula_calculated_downside_liquidity_path,owner_reviewed_for_phase6_testing,2025-12-12,within_cutoff,"Recurring financing fees, official covenant definitions, eligible cash, distribution permissions and actual closing cash remain unavailable. Monthly timing is an owner-reviewed testing convention, not observed borrower seasonality."
P6L-00326,data/phase6/processed/MONTHLY_LIQUIDITY_STRESS.csv,monthly_liquidity_stress,P6M-SEVERE_UNMITIGATED-P-0015,SRC-001;SRC-002;SRC-003,P5A-014;P5A-015;P5A-016;P5A-018:P5A-032;SCN-001:SCN-009,formula_calculated_downside_liquidity_path,owner_reviewed_for_phase6_testing,2025-12-12,within_cutoff,"Recurring financing fees, official covenant definitions, eligible cash, distribution permissions and actual closing cash remain unavailable. Monthly timing is an owner-reviewed testing convention, not observed borrower seasonality."
P6L-00327,data/phase6/processed/MONTHLY_LIQUIDITY_STRESS.csv,monthly_liquidity_stress,P6M-SEVERE_UNMITIGATED-P-0016,SRC-001;SRC-002;SRC-003,P5A-014;P5A-015;P5A-016;P5A-018:P5A-032;SCN-001:SCN-009,formula_calculated_downside_liquidity_path,owner_reviewed_for_phase6_testing,2025-12-12,within_cutoff,"Recurring financing fees, official covenant definitions, eligible cash, distribution permissions and actual closing cash remain unavailable. Monthly timing is an owner-reviewed testing convention, not observed borrower seasonality."
P6L-00328,data/phase6/processed/MONTHLY_LIQUIDITY_STRESS.csv,monthly_liquidity_stress,P6M-SEVERE_UNMITIGATED-P-0017,SRC-001;SRC-002;SRC-003,P5A-014;P5A-015;P5A-016;P5A-018:P5A-032;SCN-001:SCN-009,formula_calculated_downside_liquidity_path,owner_reviewed_for_phase6_testing,2025-12-12,within_cutoff,"Recurring financing fees, official covenant definitions, eligible cash, distribution permissions and actual closing cash remain unavailable. Monthly timing is an owner-reviewed testing convention, not observed borrower seasonality."
P6L-00329,data/phase6/processed/MONTHLY_LIQUIDITY_STRESS.csv,monthly_liquidity_stress,P6M-SEVERE_UNMITIGATED-P-0018,SRC-001;SRC-002;SRC-003,P5A-014;P5A-015;P5A-016;P5A-018:P5A-032;SCN-001:SCN-009,formula_calculated_downside_liquidity_path,owner_reviewed_for_phase6_testing,2025-12-12,within_cutoff,"Recurring financing fees, official covenant definitions, eligible cash, distribution permissions and actual closing cash remain unavailable. Monthly timing is an owner-reviewed testing convention, not observed borrower seasonality."
P6L-00330,data/phase6/processed/MONTHLY_LIQUIDITY_STRESS.csv,monthly_liquidity_stress,P6M-SEVERE_UNMITIGATED-P-0019,SRC-001;SRC-002;SRC-003,P5A-014;P5A-015;P5A-016;P5A-018:P5A-032;SCN-001:SCN-009,formula_calculated_downside_liquidity_path,owner_reviewed_for_phase6_testing,2025-12-12,within_cutoff,"Recurring financing fees, official covenant definitions, eligible cash, distribution permissions and actual closing cash remain unavailable. Monthly timing is an owner-reviewed testing convention, not observed borrower seasonality."
P6L-00331,data/phase6/processed/MONTHLY_LIQUIDITY_STRESS.csv,monthly_liquidity_stress,P6M-SEVERE_UNMITIGATED-P-0020,SRC-001;SRC-002;SRC-003,P5A-014;P5A-015;P5A-016;P5A-018:P5A-032;SCN-001:SCN-009,formula_calculated_downside_liquidity_path,owner_reviewed_for_phase6_testing,2025-12-12,within_cutoff,"Recurring financing fees, official covenant definitions, eligible cash, distribution permissions and actual closing cash remain unavailable. Monthly timing is an owner-reviewed testing convention, not observed borrower seasonality."
P6L-00332,data/phase6/processed/MONTHLY_LIQUIDITY_STRESS.csv,monthly_liquidity_stress,P6M-SEVERE_UNMITIGATED-P-0021,SRC-001;SRC-002;SRC-003,P5A-014;P5A-015;P5A-016;P5A-018:P5A-032;SCN-001:SCN-009,formula_calculated_downside_liquidity_path,owner_reviewed_for_phase6_testing,2025-12-12,within_cutoff,"Recurring financing fees, official covenant definitions, eligible cash, distribution permissions and actual closing cash remain unavailable. Monthly timing is an owner-reviewed testing convention, not observed borrower seasonality."
P6L-00333,data/phase6/processed/MONTHLY_LIQUIDITY_STRESS.csv,monthly_liquidity_stress,P6M-SEVERE_UNMITIGATED-P-0022,SRC-001;SRC-002;SRC-003,P5A-014;P5A-015;P5A-016;P5A-018:P5A-032;SCN-001:SCN-009,formula_calculated_downside_liquidity_path,owner_reviewed_for_phase6_testing,2025-12-12,within_cutoff,"Recurring financing fees, official covenant definitions, eligible cash, distribution permissions and actual closing cash remain unavailable. Monthly timing is an owner-reviewed testing convention, not observed borrower seasonality."
P6L-00334,data/phase6/processed/MONTHLY_LIQUIDITY_STRESS.csv,monthly_liquidity_stress,P6M-SEVERE_UNMITIGATED-P-0023,SRC-001;SRC-002;SRC-003,P5A-014;P5A-015;P5A-016;P5A-018:P5A-032;SCN-001:SCN-009,formula_calculated_downside_liquidity_path,owner_reviewed_for_phase6_testing,2025-12-12,within_cutoff,"Recurring financing fees, official covenant definitions, eligible cash, distribution permissions and actual closing cash remain unavailable. Monthly timing is an owner-reviewed testing convention, not observed borrower seasonality."
P6L-00335,data/phase6/processed/MONTHLY_LIQUIDITY_STRESS.csv,monthly_liquidity_stress,P6M-SEVERE_UNMITIGATED-P-0024,SRC-001;SRC-002;SRC-003,P5A-014;P5A-015;P5A-016;P5A-018:P5A-032;SCN-001:SCN-009,formula_calculated_downside_liquidity_path,owner_reviewed_for_phase6_testing,2025-12-12,within_cutoff,"Recurring financing fees, official covenant definitions, eligible cash, distribution permissions and actual closing cash remain unavailable. Monthly timing is an owner-reviewed testing convention, not observed borrower seasonality."
P6L-00336,data/phase6/processed/MONTHLY_LIQUIDITY_STRESS.csv,monthly_liquidity_stress,P6M-SEVERE_UNMITIGATED-P-0025,SRC-001;SRC-002;SRC-003,P5A-014;P5A-015;P5A-016;P5A-018:P5A-032;SCN-001:SCN-009,formula_calculated_downside_liquidity_path,owner_reviewed_for_phase6_testing,2025-12-12,within_cutoff,"Recurring financing fees, official covenant definitions, eligible cash, distribution permissions and actual closing cash remain unavailable. Monthly timing is an owner-reviewed testing convention, not observed borrower seasonality."
P6L-00337,data/phase6/processed/MONTHLY_LIQUIDITY_STRESS.csv,monthly_liquidity_stress,P6M-SEVERE_UNMITIGATED-P-0026,SRC-001;SRC-002;SRC-003,P5A-014;P5A-015;P5A-016;P5A-018:P5A-032;SCN-001:SCN-009,formula_calculated_downside_liquidity_path,owner_reviewed_for_phase6_testing,2025-12-12,within_cutoff,"Recurring financing fees, official covenant definitions, eligible cash, distribution permissions and actual closing cash remain unavailable. Monthly timing is an owner-reviewed testing convention, not observed borrower seasonality."
P6L-00338,data/phase6/processed/MONTHLY_LIQUIDITY_STRESS.csv,monthly_liquidity_stress,P6M-SEVERE_UNMITIGATED-P-0027,SRC-001;SRC-002;SRC-003,P5A-014;P5A-015;P5A-016;P5A-018:P5A-032;SCN-001:SCN-009,formula_calculated_downside_liquidity_path,owner_reviewed_for_phase6_testing,2025-12-12,within_cutoff,"Recurring financing fees, official covenant definitions, eligible cash, distribution permissions and actual closing cash remain unavailable. Monthly timing is an owner-reviewed testing convention, not observed borrower seasonality."
P6L-00339,data/phase6/processed/MONTHLY_LIQUIDITY_STRESS.csv,monthly_liquidity_stress,P6M-SEVERE_UNMITIGATED-P-0028,SRC-001;SRC-002;SRC-003,P5A-014;P5A-015;P5A-016;P5A-018:P5A-032;SCN-001:SCN-009,formula_calculated_downside_liquidity_path,owner_reviewed_for_phase6_testing,2025-12-12,within_cutoff,"Recurring financing fees, official covenant definitions, eligible cash, distribution permissions and actual closing cash remain unavailable. Monthly timing is an owner-reviewed testing convention, not observed borrower seasonality."
P6L-00340,data/phase6/processed/MONTHLY_LIQUIDITY_STRESS.csv,monthly_liquidity_stress,P6M-SEVERE_UNMITIGATED-P-0029,SRC-001;SRC-002;SRC-003,P5A-014;P5A-015;P5A-016;P5A-018:P5A-032;SCN-001:SCN-009,formula_calculated_downside_liquidity_path,owner_reviewed_for_phase6_testing,2025-12-12,within_cutoff,"Recurring financing fees, official covenant definitions, eligible cash, distribution permissions and actual closing cash remain unavailable. Monthly timing is an owner-reviewed testing convention, not observed borrower seasonality."
P6L-00341,data/phase6/processed/MONTHLY_LIQUIDITY_STRESS.csv,monthly_liquidity_stress,P6M-SEVERE_UNMITIGATED-P-0030,SRC-001;SRC-002;SRC-003,P5A-014;P5A-015;P5A-016;P5A-018:P5A-032;SCN-001:SCN-009,formula_calculated_downside_liquidity_path,owner_reviewed_for_phase6_testing,2025-12-12,within_cutoff,"Recurring financing fees, official covenant definitions, eligible cash, distribution permissions and actual closing cash remain unavailable. Monthly timing is an owner-reviewed testing convention, not observed borrower seasonality."
P6L-00342,data/phase6/processed/MONTHLY_LIQUIDITY_STRESS.csv,monthly_liquidity_stress,P6M-SEVERE_UNMITIGATED-P-0031,SRC-001;SRC-002;SRC-003,P5A-014;P5A-015;P5A-016;P5A-018:P5A-032;SCN-001:SCN-009,formula_calculated_downside_liquidity_path,owner_reviewed_for_phase6_testing,2025-12-12,within_cutoff,"Recurring financing fees, official covenant definitions, eligible cash, distribution permissions and actual closing cash remain unavailable. Monthly timing is an owner-reviewed testing convention, not observed borrower seasonality."
P6L-00343,data/phase6/processed/MONTHLY_LIQUIDITY_STRESS.csv,monthly_liquidity_stress,P6M-SEVERE_UNMITIGATED-P-0032,SRC-001;SRC-002;SRC-003,P5A-014;P5A-015;P5A-016;P5A-018:P5A-032;SCN-001:SCN-009,formula_calculated_downside_liquidity_path,owner_reviewed_for_phase6_testing,2025-12-12,within_cutoff,"Recurring financing fees, official covenant definitions, eligible cash, distribution permissions and actual closing cash remain unavailable. Monthly timing is an owner-reviewed testing convention, not observed borrower seasonality."
P6L-00344,data/phase6/processed/MONTHLY_LIQUIDITY_STRESS.csv,monthly_liquidity_stress,P6M-SEVERE_UNMITIGATED-P-0033,SRC-001;SRC-002;SRC-003,P5A-014;P5A-015;P5A-016;P5A-018:P5A-032;SCN-001:SCN-009,formula_calculated_downside_liquidity_path,owner_reviewed_for_phase6_testing,2025-12-12,within_cutoff,"Recurring financing fees, official covenant definitions, eligible cash, distribution permissions and actual closing cash remain unavailable. Monthly timing is an owner-reviewed testing convention, not observed borrower seasonality."
P6L-00345,data/phase6/processed/MONTHLY_LIQUIDITY_STRESS.csv,monthly_liquidity_stress,P6M-SEVERE_UNMITIGATED-P-0034,SRC-001;SRC-002;SRC-003,P5A-014;P5A-015;P5A-016;P5A-018:P5A-032;SCN-001:SCN-009,formula_calculated_downside_liquidity_path,owner_reviewed_for_phase6_testing,2025-12-12,within_cutoff,"Recurring financing fees, official covenant definitions, eligible cash, distribution permissions and actual closing cash remain unavailable. Monthly timing is an owner-reviewed testing convention, not observed borrower seasonality."
P6L-00346,data/phase6/processed/MONTHLY_LIQUIDITY_STRESS.csv,monthly_liquidity_stress,P6M-SEVERE_UNMITIGATED-P-0035,SRC-001;SRC-002;SRC-003,P5A-014;P5A-015;P5A-016;P5A-018:P5A-032;SCN-001:SCN-009,formula_calculated_downside_liquidity_path,owner_reviewed_for_phase6_testing,2025-12-12,within_cutoff,"Recurring financing fees, official covenant definitions, eligible cash, distribution permissions and actual closing cash remain unavailable. Monthly timing is an owner-reviewed testing convention, not observed borrower seasonality."
P6L-00347,data/phase6/processed/MONTHLY_LIQUIDITY_STRESS.csv,monthly_liquidity_stress,P6M-SEVERE_UNMITIGATED-P-0036,SRC-001;SRC-002;SRC-003,P5A-014;P5A-015;P5A-016;P5A-018:P5A-032;SCN-001:SCN-009,formula_calculated_downside_liquidity_path,owner_reviewed_for_phase6_testing,2025-12-12,within_cutoff,"Recurring financing fees, official covenant definitions, eligible cash, distribution permissions and actual closing cash remain unavailable. Monthly timing is an owner-reviewed testing convention, not observed borrower seasonality."
P6L-00348,data/phase6/processed/MONTHLY_LIQUIDITY_STRESS.csv,monthly_liquidity_stress,P6M-SEVERE_UNMITIGATED-P-0037,SRC-001;SRC-002;SRC-003,P5A-014;P5A-015;P5A-016;P5A-018:P5A-032;SCN-001:SCN-009,formula_calculated_downside_liquidity_path,owner_reviewed_for_phase6_testing,2025-12-12,within_cutoff,"Recurring financing fees, official covenant definitions, eligible cash, distribution permissions and actual closing cash remain unavailable. Monthly timing is an owner-reviewed testing convention, not observed borrower seasonality."
P6L-00349,data/phase6/processed/MONTHLY_LIQUIDITY_STRESS.csv,monthly_liquidity_stress,P6M-SEVERE_UNMITIGATED-P-0038,SRC-001;SRC-002;SRC-003,P5A-014;P5A-015;P5A-016;P5A-018:P5A-032;SCN-001:SCN-009,formula_calculated_downside_liquidity_path,owner_reviewed_for_phase6_testing,2025-12-12,within_cutoff,"Recurring financing fees, official covenant definitions, eligible cash, distribution permissions and actual closing cash remain unavailable. Monthly timing is an owner-reviewed testing convention, not observed borrower seasonality."
P6L-00350,data/phase6/processed/MONTHLY_LIQUIDITY_STRESS.csv,monthly_liquidity_stress,P6M-SEVERE_UNMITIGATED-P-0039,SRC-001;SRC-002;SRC-003,P5A-014;P5A-015;P5A-016;P5A-018:P5A-032;SCN-001:SCN-009,formula_calculated_downside_liquidity_path,owner_reviewed_for_phase6_testing,2025-12-12,within_cutoff,"Recurring financing fees, official covenant definitions, eligible cash, distribution permissions and actual closing cash remain unavailable. Monthly timing is an owner-reviewed testing convention, not observed borrower seasonality."
P6L-00351,data/phase6/processed/MONTHLY_LIQUIDITY_STRESS.csv,monthly_liquidity_stress,P6M-SEVERE_UNMITIGATED-P-0040,SRC-001;SRC-002;SRC-003,P5A-014;P5A-015;P5A-016;P5A-018:P5A-032;SCN-001:SCN-009,formula_calculated_downside_liquidity_path,owner_reviewed_for_phase6_testing,2025-12-12,within_cutoff,"Recurring financing fees, official covenant definitions, eligible cash, distribution permissions and actual closing cash remain unavailable. Monthly timing is an owner-reviewed testing convention, not observed borrower seasonality."
P6L-00352,data/phase6/processed/MONTHLY_LIQUIDITY_STRESS.csv,monthly_liquidity_stress,P6M-SEVERE_UNMITIGATED-P-0041,SRC-001;SRC-002;SRC-003,P5A-014;P5A-015;P5A-016;P5A-018:P5A-032;SCN-001:SCN-009,formula_calculated_downside_liquidity_path,owner_reviewed_for_phase6_testing,2025-12-12,within_cutoff,"Recurring financing fees, official covenant definitions, eligible cash, distribution permissions and actual closing cash remain unavailable. Monthly timing is an owner-reviewed testing convention, not observed borrower seasonality."
P6L-00353,data/phase6/processed/MONTHLY_LIQUIDITY_STRESS.csv,monthly_liquidity_stress,P6M-SEVERE_UNMITIGATED-P-0042,SRC-001;SRC-002;SRC-003,P5A-014;P5A-015;P5A-016;P5A-018:P5A-032;SCN-001:SCN-009,formula_calculated_downside_liquidity_path,owner_reviewed_for_phase6_testing,2025-12-12,within_cutoff,"Recurring financing fees, official covenant definitions, eligible cash, distribution permissions and actual closing cash remain unavailable. Monthly timing is an owner-reviewed testing convention, not observed borrower seasonality."
P6L-00354,data/phase6/processed/MONTHLY_LIQUIDITY_STRESS.csv,monthly_liquidity_stress,P6M-SEVERE_UNMITIGATED-P-0043,SRC-001;SRC-002;SRC-003,P5A-014;P5A-015;P5A-016;P5A-018:P5A-032;SCN-001:SCN-009,formula_calculated_downside_liquidity_path,owner_reviewed_for_phase6_testing,2025-12-12,within_cutoff,"Recurring financing fees, official covenant definitions, eligible cash, distribution permissions and actual closing cash remain unavailable. Monthly timing is an owner-reviewed testing convention, not observed borrower seasonality."
P6L-00355,data/phase6/processed/MONTHLY_LIQUIDITY_STRESS.csv,monthly_liquidity_stress,P6M-SEVERE_UNMITIGATED-P-0044,SRC-001;SRC-002;SRC-003,P5A-014;P5A-015;P5A-016;P5A-018:P5A-032;SCN-001:SCN-009,formula_calculated_downside_liquidity_path,owner_reviewed_for_phase6_testing,2025-12-12,within_cutoff,"Recurring financing fees, official covenant definitions, eligible cash, distribution permissions and actual closing cash remain unavailable. Monthly timing is an owner-reviewed testing convention, not observed borrower seasonality."
P6L-00356,data/phase6/processed/MONTHLY_LIQUIDITY_STRESS.csv,monthly_liquidity_stress,P6M-SEVERE_UNMITIGATED-P-0045,SRC-001;SRC-002;SRC-003,P5A-014;P5A-015;P5A-016;P5A-018:P5A-032;SCN-001:SCN-009,formula_calculated_downside_liquidity_path,owner_reviewed_for_phase6_testing,2025-12-12,within_cutoff,"Recurring financing fees, official covenant definitions, eligible cash, distribution permissions and actual closing cash remain unavailable. Monthly timing is an owner-reviewed testing convention, not observed borrower seasonality."
P6L-00357,data/phase6/processed/MONTHLY_LIQUIDITY_STRESS.csv,monthly_liquidity_stress,P6M-SEVERE_UNMITIGATED-P-0046,SRC-001;SRC-002;SRC-003,P5A-014;P5A-015;P5A-016;P5A-018:P5A-032;SCN-001:SCN-009,formula_calculated_downside_liquidity_path,owner_reviewed_for_phase6_testing,2025-12-12,within_cutoff,"Recurring financing fees, official covenant definitions, eligible cash, distribution permissions and actual closing cash remain unavailable. Monthly timing is an owner-reviewed testing convention, not observed borrower seasonality."
P6L-00358,data/phase6/processed/MONTHLY_LIQUIDITY_STRESS.csv,monthly_liquidity_stress,P6M-SEVERE_UNMITIGATED-P-0047,SRC-001;SRC-002;SRC-003,P5A-014;P5A-015;P5A-016;P5A-018:P5A-032;SCN-001:SCN-009,formula_calculated_downside_liquidity_path,owner_reviewed_for_phase6_testing,2025-12-12,within_cutoff,"Recurring financing fees, official covenant definitions, eligible cash, distribution permissions and actual closing cash remain unavailable. Monthly timing is an owner-reviewed testing convention, not observed borrower seasonality."
P6L-00359,data/phase6/processed/MONTHLY_LIQUIDITY_STRESS.csv,monthly_liquidity_stress,P6M-SEVERE_UNMITIGATED-P-0048,SRC-001;SRC-002;SRC-003,P5A-014;P5A-015;P5A-016;P5A-018:P5A-032;SCN-001:SCN-009,formula_calculated_downside_liquidity_path,owner_reviewed_for_phase6_testing,2025-12-12,within_cutoff,"Recurring financing fees, official covenant definitions, eligible cash, distribution permissions and actual closing cash remain unavailable. Monthly timing is an owner-reviewed testing convention, not observed borrower seasonality."
P6L-00360,data/phase6/processed/MONTHLY_LIQUIDITY_STRESS.csv,monthly_liquidity_stress,P6M-SEVERE_UNMITIGATED-P-0049,SRC-001;SRC-002;SRC-003,P5A-014;P5A-015;P5A-016;P5A-018:P5A-032;SCN-001:SCN-009,formula_calculated_downside_liquidity_path,owner_reviewed_for_phase6_testing,2025-12-12,within_cutoff,"Recurring financing fees, official covenant definitions, eligible cash, distribution permissions and actual closing cash remain unavailable. Monthly timing is an owner-reviewed testing convention, not observed borrower seasonality."
P6L-00361,data/phase6/processed/MONTHLY_LIQUIDITY_STRESS.csv,monthly_liquidity_stress,P6M-SEVERE_UNMITIGATED-P-0050,SRC-001;SRC-002;SRC-003,P5A-014;P5A-015;P5A-016;P5A-018:P5A-032;SCN-001:SCN-009,formula_calculated_downside_liquidity_path,owner_reviewed_for_phase6_testing,2025-12-12,within_cutoff,"Recurring financing fees, official covenant definitions, eligible cash, distribution permissions and actual closing cash remain unavailable. Monthly timing is an owner-reviewed testing convention, not observed borrower seasonality."
P6L-00362,data/phase6/processed/MONTHLY_LIQUIDITY_STRESS.csv,monthly_liquidity_stress,P6M-SEVERE_UNMITIGATED-P-0051,SRC-001;SRC-002;SRC-003,P5A-014;P5A-015;P5A-016;P5A-018:P5A-032;SCN-001:SCN-009,formula_calculated_downside_liquidity_path,owner_reviewed_for_phase6_testing,2025-12-12,within_cutoff,"Recurring financing fees, official covenant definitions, eligible cash, distribution permissions and actual closing cash remain unavailable. Monthly timing is an owner-reviewed testing convention, not observed borrower seasonality."
P6L-00363,data/phase6/processed/MONTHLY_LIQUIDITY_STRESS.csv,monthly_liquidity_stress,P6M-SEVERE_UNMITIGATED-P-0052,SRC-001;SRC-002;SRC-003,P5A-014;P5A-015;P5A-016;P5A-018:P5A-032;SCN-001:SCN-009,formula_calculated_downside_liquidity_path,owner_reviewed_for_phase6_testing,2025-12-12,within_cutoff,"Recurring financing fees, official covenant definitions, eligible cash, distribution permissions and actual closing cash remain unavailable. Monthly timing is an owner-reviewed testing convention, not observed borrower seasonality."
P6L-00364,data/phase6/processed/MONTHLY_LIQUIDITY_STRESS.csv,monthly_liquidity_stress,P6M-SEVERE_UNMITIGATED-P-0053,SRC-001;SRC-002;SRC-003,P5A-014;P5A-015;P5A-016;P5A-018:P5A-032;SCN-001:SCN-009,formula_calculated_downside_liquidity_path,owner_reviewed_for_phase6_testing,2025-12-12,within_cutoff,"Recurring financing fees, official covenant definitions, eligible cash, distribution permissions and actual closing cash remain unavailable. Monthly timing is an owner-reviewed testing convention, not observed borrower seasonality."
P6L-00365,data/phase6/processed/MONTHLY_LIQUIDITY_STRESS.csv,monthly_liquidity_stress,P6M-SEVERE_UNMITIGATED-P-0054,SRC-001;SRC-002;SRC-003,P5A-014;P5A-015;P5A-016;P5A-018:P5A-032;SCN-001:SCN-009,formula_calculated_downside_liquidity_path,owner_reviewed_for_phase6_testing,2025-12-12,within_cutoff,"Recurring financing fees, official covenant definitions, eligible cash, distribution permissions and actual closing cash remain unavailable. Monthly timing is an owner-reviewed testing convention, not observed borrower seasonality."
P6L-00366,data/phase6/processed/MONTHLY_LIQUIDITY_STRESS.csv,monthly_liquidity_stress,P6M-SEVERE_UNMITIGATED-P-0055,SRC-001;SRC-002;SRC-003,P5A-014;P5A-015;P5A-016;P5A-018:P5A-032;SCN-001:SCN-009,formula_calculated_downside_liquidity_path,owner_reviewed_for_phase6_testing,2025-12-12,within_cutoff,"Recurring financing fees, official covenant definitions, eligible cash, distribution permissions and actual closing cash remain unavailable. Monthly timing is an owner-reviewed testing convention, not observed borrower seasonality."
P6L-00367,data/phase6/processed/MONTHLY_LIQUIDITY_STRESS.csv,monthly_liquidity_stress,P6M-SEVERE_UNMITIGATED-P-0056,SRC-001;SRC-002;SRC-003,P5A-014;P5A-015;P5A-016;P5A-018:P5A-032;SCN-001:SCN-009,formula_calculated_downside_liquidity_path,owner_reviewed_for_phase6_testing,2025-12-12,within_cutoff,"Recurring financing fees, official covenant definitions, eligible cash, distribution permissions and actual closing cash remain unavailable. Monthly timing is an owner-reviewed testing convention, not observed borrower seasonality."
P6L-00368,data/phase6/processed/MONTHLY_LIQUIDITY_STRESS.csv,monthly_liquidity_stress,P6M-SEVERE_UNMITIGATED-P-0057,SRC-001;SRC-002;SRC-003,P5A-014;P5A-015;P5A-016;P5A-018:P5A-032;SCN-001:SCN-009,formula_calculated_downside_liquidity_path,owner_reviewed_for_phase6_testing,2025-12-12,within_cutoff,"Recurring financing fees, official covenant definitions, eligible cash, distribution permissions and actual closing cash remain unavailable. Monthly timing is an owner-reviewed testing convention, not observed borrower seasonality."
P6L-00369,data/phase6/processed/MONTHLY_LIQUIDITY_STRESS.csv,monthly_liquidity_stress,P6M-SEVERE_UNMITIGATED-P-0058,SRC-001;SRC-002;SRC-003,P5A-014;P5A-015;P5A-016;P5A-018:P5A-032;SCN-001:SCN-009,formula_calculated_downside_liquidity_path,owner_reviewed_for_phase6_testing,2025-12-12,within_cutoff,"Recurring financing fees, official covenant definitions, eligible cash, distribution permissions and actual closing cash remain unavailable. Monthly timing is an owner-reviewed testing convention, not observed borrower seasonality."
P6L-00370,data/phase6/processed/MONTHLY_LIQUIDITY_STRESS.csv,monthly_liquidity_stress,P6M-SEVERE_UNMITIGATED-P-0059,SRC-001;SRC-002;SRC-003,P5A-014;P5A-015;P5A-016;P5A-018:P5A-032;SCN-001:SCN-009,formula_calculated_downside_liquidity_path,owner_reviewed_for_phase6_testing,2025-12-12,within_cutoff,"Recurring financing fees, official covenant definitions, eligible cash, distribution permissions and actual closing cash remain unavailable. Monthly timing is an owner-reviewed testing convention, not observed borrower seasonality."
P6L-00371,data/phase6/processed/MONTHLY_LIQUIDITY_STRESS.csv,monthly_liquidity_stress,P6M-SEVERE_UNMITIGATED-P-0060,SRC-001;SRC-002;SRC-003,P5A-014;P5A-015;P5A-016;P5A-018:P5A-032;SCN-001:SCN-009,formula_calculated_downside_liquidity_path,owner_reviewed_for_phase6_testing,2025-12-12,within_cutoff,"Recurring financing fees, official covenant definitions, eligible cash, distribution permissions and actual closing cash remain unavailable. Monthly timing is an owner-reviewed testing convention, not observed borrower seasonality."
P6L-00372,data/phase6/processed/MONTHLY_LIQUIDITY_STRESS.csv,monthly_liquidity_stress,P6M-SEVERE_UNMITIGATED-E-0001,SRC-001;SRC-002;SRC-003,P5A-014;P5A-015;P5A-016;P5A-018:P5A-032;SCN-001:SCN-009,formula_calculated_downside_liquidity_path,owner_reviewed_for_phase6_testing,2025-12-12,within_cutoff,"Recurring financing fees, official covenant definitions, eligible cash, distribution permissions and actual closing cash remain unavailable. Monthly timing is an owner-reviewed testing convention, not observed borrower seasonality."
P6L-00373,data/phase6/processed/MONTHLY_LIQUIDITY_STRESS.csv,monthly_liquidity_stress,P6M-SEVERE_UNMITIGATED-E-0002,SRC-001;SRC-002;SRC-003,P5A-014;P5A-015;P5A-016;P5A-018:P5A-032;SCN-001:SCN-009,formula_calculated_downside_liquidity_path,owner_reviewed_for_phase6_testing,2025-12-12,within_cutoff,"Recurring financing fees, official covenant definitions, eligible cash, distribution permissions and actual closing cash remain unavailable. Monthly timing is an owner-reviewed testing convention, not observed borrower seasonality."
P6L-00374,data/phase6/processed/MONTHLY_LIQUIDITY_STRESS.csv,monthly_liquidity_stress,P6M-SEVERE_UNMITIGATED-E-0003,SRC-001;SRC-002;SRC-003,P5A-014;P5A-015;P5A-016;P5A-018:P5A-032;SCN-001:SCN-009,formula_calculated_downside_liquidity_path,owner_reviewed_for_phase6_testing,2025-12-12,within_cutoff,"Recurring financing fees, official covenant definitions, eligible cash, distribution permissions and actual closing cash remain unavailable. Monthly timing is an owner-reviewed testing convention, not observed borrower seasonality."
P6L-00375,data/phase6/processed/MONTHLY_LIQUIDITY_STRESS.csv,monthly_liquidity_stress,P6M-SEVERE_UNMITIGATED-E-0004,SRC-001;SRC-002;SRC-003,P5A-014;P5A-015;P5A-016;P5A-018:P5A-032;SCN-001:SCN-009,formula_calculated_downside_liquidity_path,owner_reviewed_for_phase6_testing,2025-12-12,within_cutoff,"Recurring financing fees, official covenant definitions, eligible cash, distribution permissions and actual closing cash remain unavailable. Monthly timing is an owner-reviewed testing convention, not observed borrower seasonality."
P6L-00376,data/phase6/processed/MONTHLY_LIQUIDITY_STRESS.csv,monthly_liquidity_stress,P6M-SEVERE_UNMITIGATED-E-0005,SRC-001;SRC-002;SRC-003,P5A-014;P5A-015;P5A-016;P5A-018:P5A-032;SCN-001:SCN-009,formula_calculated_downside_liquidity_path,owner_reviewed_for_phase6_testing,2025-12-12,within_cutoff,"Recurring financing fees, official covenant definitions, eligible cash, distribution permissions and actual closing cash remain unavailable. Monthly timing is an owner-reviewed testing convention, not observed borrower seasonality."
P6L-00377,data/phase6/processed/MONTHLY_LIQUIDITY_STRESS.csv,monthly_liquidity_stress,P6M-SEVERE_UNMITIGATED-E-0006,SRC-001;SRC-002;SRC-003,P5A-014;P5A-015;P5A-016;P5A-018:P5A-032;SCN-001:SCN-009,formula_calculated_downside_liquidity_path,owner_reviewed_for_phase6_testing,2025-12-12,within_cutoff,"Recurring financing fees, official covenant definitions, eligible cash, distribution permissions and actual closing cash remain unavailable. Monthly timing is an owner-reviewed testing convention, not observed borrower seasonality."
P6L-00378,data/phase6/processed/MONTHLY_LIQUIDITY_STRESS.csv,monthly_liquidity_stress,P6M-SEVERE_UNMITIGATED-E-0007,SRC-001;SRC-002;SRC-003,P5A-014;P5A-015;P5A-016;P5A-018:P5A-032;SCN-001:SCN-009,formula_calculated_downside_liquidity_path,owner_reviewed_for_phase6_testing,2025-12-12,within_cutoff,"Recurring financing fees, official covenant definitions, eligible cash, distribution permissions and actual closing cash remain unavailable. Monthly timing is an owner-reviewed testing convention, not observed borrower seasonality."
P6L-00379,data/phase6/processed/MONTHLY_LIQUIDITY_STRESS.csv,monthly_liquidity_stress,P6M-SEVERE_UNMITIGATED-E-0008,SRC-001;SRC-002;SRC-003,P5A-014;P5A-015;P5A-016;P5A-018:P5A-032;SCN-001:SCN-009,formula_calculated_downside_liquidity_path,owner_reviewed_for_phase6_testing,2025-12-12,within_cutoff,"Recurring financing fees, official covenant definitions, eligible cash, distribution permissions and actual closing cash remain unavailable. Monthly timing is an owner-reviewed testing convention, not observed borrower seasonality."
P6L-00380,data/phase6/processed/MONTHLY_LIQUIDITY_STRESS.csv,monthly_liquidity_stress,P6M-SEVERE_UNMITIGATED-E-0009,SRC-001;SRC-002;SRC-003,P5A-014;P5A-015;P5A-016;P5A-018:P5A-032;SCN-001:SCN-009,formula_calculated_downside_liquidity_path,owner_reviewed_for_phase6_testing,2025-12-12,within_cutoff,"Recurring financing fees, official covenant definitions, eligible cash, distribution permissions and actual closing cash remain unavailable. Monthly timing is an owner-reviewed testing convention, not observed borrower seasonality."
P6L-00381,data/phase6/processed/MONTHLY_LIQUIDITY_STRESS.csv,monthly_liquidity_stress,P6M-SEVERE_UNMITIGATED-E-0010,SRC-001;SRC-002;SRC-003,P5A-014;P5A-015;P5A-016;P5A-018:P5A-032;SCN-001:SCN-009,formula_calculated_downside_liquidity_path,owner_reviewed_for_phase6_testing,2025-12-12,within_cutoff,"Recurring financing fees, official covenant definitions, eligible cash, distribution permissions and actual closing cash remain unavailable. Monthly timing is an owner-reviewed testing convention, not observed borrower seasonality."
P6L-00382,data/phase6/processed/MONTHLY_LIQUIDITY_STRESS.csv,monthly_liquidity_stress,P6M-SEVERE_UNMITIGATED-E-0011,SRC-001;SRC-002;SRC-003,P5A-014;P5A-015;P5A-016;P5A-018:P5A-032;SCN-001:SCN-009,formula_calculated_downside_liquidity_path,owner_reviewed_for_phase6_testing,2025-12-12,within_cutoff,"Recurring financing fees, official covenant definitions, eligible cash, distribution permissions and actual closing cash remain unavailable. Monthly timing is an owner-reviewed testing convention, not observed borrower seasonality."
P6L-00383,data/phase6/processed/MONTHLY_LIQUIDITY_STRESS.csv,monthly_liquidity_stress,P6M-SEVERE_UNMITIGATED-E-0012,SRC-001;SRC-002;SRC-003,P5A-014;P5A-015;P5A-016;P5A-018:P5A-032;SCN-001:SCN-009,formula_calculated_downside_liquidity_path,owner_reviewed_for_phase6_testing,2025-12-12,within_cutoff,"Recurring financing fees, official covenant definitions, eligible cash, distribution permissions and actual closing cash remain unavailable. Monthly timing is an owner-reviewed testing convention, not observed borrower seasonality."
P6L-00384,data/phase6/processed/MONTHLY_LIQUIDITY_STRESS.csv,monthly_liquidity_stress,P6M-SEVERE_UNMITIGATED-E-0013,SRC-001;SRC-002;SRC-003,P5A-014;P5A-015;P5A-016;P5A-018:P5A-032;SCN-001:SCN-009,formula_calculated_downside_liquidity_path,owner_reviewed_for_phase6_testing,2025-12-12,within_cutoff,"Recurring financing fees, official covenant definitions, eligible cash, distribution permissions and actual closing cash remain unavailable. Monthly timing is an owner-reviewed testing convention, not observed borrower seasonality."
P6L-00385,data/phase6/processed/MONTHLY_LIQUIDITY_STRESS.csv,monthly_liquidity_stress,P6M-SEVERE_UNMITIGATED-E-0014,SRC-001;SRC-002;SRC-003,P5A-014;P5A-015;P5A-016;P5A-018:P5A-032;SCN-001:SCN-009,formula_calculated_downside_liquidity_path,owner_reviewed_for_phase6_testing,2025-12-12,within_cutoff,"Recurring financing fees, official covenant definitions, eligible cash, distribution permissions and actual closing cash remain unavailable. Monthly timing is an owner-reviewed testing convention, not observed borrower seasonality."
P6L-00386,data/phase6/processed/MONTHLY_LIQUIDITY_STRESS.csv,monthly_liquidity_stress,P6M-SEVERE_UNMITIGATED-E-0015,SRC-001;SRC-002;SRC-003,P5A-014;P5A-015;P5A-016;P5A-018:P5A-032;SCN-001:SCN-009,formula_calculated_downside_liquidity_path,owner_reviewed_for_phase6_testing,2025-12-12,within_cutoff,"Recurring financing fees, official covenant definitions, eligible cash, distribution permissions and actual closing cash remain unavailable. Monthly timing is an owner-reviewed testing convention, not observed borrower seasonality."
P6L-00387,data/phase6/processed/MONTHLY_LIQUIDITY_STRESS.csv,monthly_liquidity_stress,P6M-SEVERE_UNMITIGATED-E-0016,SRC-001;SRC-002;SRC-003,P5A-014;P5A-015;P5A-016;P5A-018:P5A-032;SCN-001:SCN-009,formula_calculated_downside_liquidity_path,owner_reviewed_for_phase6_testing,2025-12-12,within_cutoff,"Recurring financing fees, official covenant definitions, eligible cash, distribution permissions and actual closing cash remain unavailable. Monthly timing is an owner-reviewed testing convention, not observed borrower seasonality."
P6L-00388,data/phase6/processed/MONTHLY_LIQUIDITY_STRESS.csv,monthly_liquidity_stress,P6M-SEVERE_UNMITIGATED-E-0017,SRC-001;SRC-002;SRC-003,P5A-014;P5A-015;P5A-016;P5A-018:P5A-032;SCN-001:SCN-009,formula_calculated_downside_liquidity_path,owner_reviewed_for_phase6_testing,2025-12-12,within_cutoff,"Recurring financing fees, official covenant definitions, eligible cash, distribution permissions and actual closing cash remain unavailable. Monthly timing is an owner-reviewed testing convention, not observed borrower seasonality."
P6L-00389,data/phase6/processed/MONTHLY_LIQUIDITY_STRESS.csv,monthly_liquidity_stress,P6M-SEVERE_UNMITIGATED-E-0018,SRC-001;SRC-002;SRC-003,P5A-014;P5A-015;P5A-016;P5A-018:P5A-032;SCN-001:SCN-009,formula_calculated_downside_liquidity_path,owner_reviewed_for_phase6_testing,2025-12-12,within_cutoff,"Recurring financing fees, official covenant definitions, eligible cash, distribution permissions and actual closing cash remain unavailable. Monthly timing is an owner-reviewed testing convention, not observed borrower seasonality."
P6L-00390,data/phase6/processed/MONTHLY_LIQUIDITY_STRESS.csv,monthly_liquidity_stress,P6M-SEVERE_UNMITIGATED-E-0019,SRC-001;SRC-002;SRC-003,P5A-014;P5A-015;P5A-016;P5A-018:P5A-032;SCN-001:SCN-009,formula_calculated_downside_liquidity_path,owner_reviewed_for_phase6_testing,2025-12-12,within_cutoff,"Recurring financing fees, official covenant definitions, eligible cash, distribution permissions and actual closing cash remain unavailable. Monthly timing is an owner-reviewed testing convention, not observed borrower seasonality."
P6L-00391,data/phase6/processed/MONTHLY_LIQUIDITY_STRESS.csv,monthly_liquidity_stress,P6M-SEVERE_UNMITIGATED-E-0020,SRC-001;SRC-002;SRC-003,P5A-014;P5A-015;P5A-016;P5A-018:P5A-032;SCN-001:SCN-009,formula_calculated_downside_liquidity_path,owner_reviewed_for_phase6_testing,2025-12-12,within_cutoff,"Recurring financing fees, official covenant definitions, eligible cash, distribution permissions and actual closing cash remain unavailable. Monthly timing is an owner-reviewed testing convention, not observed borrower seasonality."
P6L-00392,data/phase6/processed/MONTHLY_LIQUIDITY_STRESS.csv,monthly_liquidity_stress,P6M-SEVERE_UNMITIGATED-E-0021,SRC-001;SRC-002;SRC-003,P5A-014;P5A-015;P5A-016;P5A-018:P5A-032;SCN-001:SCN-009,formula_calculated_downside_liquidity_path,owner_reviewed_for_phase6_testing,2025-12-12,within_cutoff,"Recurring financing fees, official covenant definitions, eligible cash, distribution permissions and actual closing cash remain unavailable. Monthly timing is an owner-reviewed testing convention, not observed borrower seasonality."
P6L-00393,data/phase6/processed/MONTHLY_LIQUIDITY_STRESS.csv,monthly_liquidity_stress,P6M-SEVERE_UNMITIGATED-E-0022,SRC-001;SRC-002;SRC-003,P5A-014;P5A-015;P5A-016;P5A-018:P5A-032;SCN-001:SCN-009,formula_calculated_downside_liquidity_path,owner_reviewed_for_phase6_testing,2025-12-12,within_cutoff,"Recurring financing fees, official covenant definitions, eligible cash, distribution permissions and actual closing cash remain unavailable. Monthly timing is an owner-reviewed testing convention, not observed borrower seasonality."
P6L-00394,data/phase6/processed/MONTHLY_LIQUIDITY_STRESS.csv,monthly_liquidity_stress,P6M-SEVERE_UNMITIGATED-E-0023,SRC-001;SRC-002;SRC-003,P5A-014;P5A-015;P5A-016;P5A-018:P5A-032;SCN-001:SCN-009,formula_calculated_downside_liquidity_path,owner_reviewed_for_phase6_testing,2025-12-12,within_cutoff,"Recurring financing fees, official covenant definitions, eligible cash, distribution permissions and actual closing cash remain unavailable. Monthly timing is an owner-reviewed testing convention, not observed borrower seasonality."
P6L-00395,data/phase6/processed/MONTHLY_LIQUIDITY_STRESS.csv,monthly_liquidity_stress,P6M-SEVERE_UNMITIGATED-E-0024,SRC-001;SRC-002;SRC-003,P5A-014;P5A-015;P5A-016;P5A-018:P5A-032;SCN-001:SCN-009,formula_calculated_downside_liquidity_path,owner_reviewed_for_phase6_testing,2025-12-12,within_cutoff,"Recurring financing fees, official covenant definitions, eligible cash, distribution permissions and actual closing cash remain unavailable. Monthly timing is an owner-reviewed testing convention, not observed borrower seasonality."
P6L-00396,data/phase6/processed/MONTHLY_LIQUIDITY_STRESS.csv,monthly_liquidity_stress,P6M-SEVERE_UNMITIGATED-E-0025,SRC-001;SRC-002;SRC-003,P5A-014;P5A-015;P5A-016;P5A-018:P5A-032;SCN-001:SCN-009,formula_calculated_downside_liquidity_path,owner_reviewed_for_phase6_testing,2025-12-12,within_cutoff,"Recurring financing fees, official covenant definitions, eligible cash, distribution permissions and actual closing cash remain unavailable. Monthly timing is an owner-reviewed testing convention, not observed borrower seasonality."
P6L-00397,data/phase6/processed/MONTHLY_LIQUIDITY_STRESS.csv,monthly_liquidity_stress,P6M-SEVERE_UNMITIGATED-E-0026,SRC-001;SRC-002;SRC-003,P5A-014;P5A-015;P5A-016;P5A-018:P5A-032;SCN-001:SCN-009,formula_calculated_downside_liquidity_path,owner_reviewed_for_phase6_testing,2025-12-12,within_cutoff,"Recurring financing fees, official covenant definitions, eligible cash, distribution permissions and actual closing cash remain unavailable. Monthly timing is an owner-reviewed testing convention, not observed borrower seasonality."
P6L-00398,data/phase6/processed/MONTHLY_LIQUIDITY_STRESS.csv,monthly_liquidity_stress,P6M-SEVERE_UNMITIGATED-E-0027,SRC-001;SRC-002;SRC-003,P5A-014;P5A-015;P5A-016;P5A-018:P5A-032;SCN-001:SCN-009,formula_calculated_downside_liquidity_path,owner_reviewed_for_phase6_testing,2025-12-12,within_cutoff,"Recurring financing fees, official covenant definitions, eligible cash, distribution permissions and actual closing cash remain unavailable. Monthly timing is an owner-reviewed testing convention, not observed borrower seasonality."
P6L-00399,data/phase6/processed/MONTHLY_LIQUIDITY_STRESS.csv,monthly_liquidity_stress,P6M-SEVERE_UNMITIGATED-E-0028,SRC-001;SRC-002;SRC-003,P5A-014;P5A-015;P5A-016;P5A-018:P5A-032;SCN-001:SCN-009,formula_calculated_downside_liquidity_path,owner_reviewed_for_phase6_testing,2025-12-12,within_cutoff,"Recurring financing fees, official covenant definitions, eligible cash, distribution permissions and actual closing cash remain unavailable. Monthly timing is an owner-reviewed testing convention, not observed borrower seasonality."
P6L-00400,data/phase6/processed/MONTHLY_LIQUIDITY_STRESS.csv,monthly_liquidity_stress,P6M-SEVERE_UNMITIGATED-E-0029,SRC-001;SRC-002;SRC-003,P5A-014;P5A-015;P5A-016;P5A-018:P5A-032;SCN-001:SCN-009,formula_calculated_downside_liquidity_path,owner_reviewed_for_phase6_testing,2025-12-12,within_cutoff,"Recurring financing fees, official covenant definitions, eligible cash, distribution permissions and actual closing cash remain unavailable. Monthly timing is an owner-reviewed testing convention, not observed borrower seasonality."
P6L-00401,data/phase6/processed/MONTHLY_LIQUIDITY_STRESS.csv,monthly_liquidity_stress,P6M-SEVERE_UNMITIGATED-E-0030,SRC-001;SRC-002;SRC-003,P5A-014;P5A-015;P5A-016;P5A-018:P5A-032;SCN-001:SCN-009,formula_calculated_downside_liquidity_path,owner_reviewed_for_phase6_testing,2025-12-12,within_cutoff,"Recurring financing fees, official covenant definitions, eligible cash, distribution permissions and actual closing cash remain unavailable. Monthly timing is an owner-reviewed testing convention, not observed borrower seasonality."
P6L-00402,data/phase6/processed/MONTHLY_LIQUIDITY_STRESS.csv,monthly_liquidity_stress,P6M-SEVERE_UNMITIGATED-E-0031,SRC-001;SRC-002;SRC-003,P5A-014;P5A-015;P5A-016;P5A-018:P5A-032;SCN-001:SCN-009,formula_calculated_downside_liquidity_path,owner_reviewed_for_phase6_testing,2025-12-12,within_cutoff,"Recurring financing fees, official covenant definitions, eligible cash, distribution permissions and actual closing cash remain unavailable. Monthly timing is an owner-reviewed testing convention, not observed borrower seasonality."
P6L-00403,data/phase6/processed/MONTHLY_LIQUIDITY_STRESS.csv,monthly_liquidity_stress,P6M-SEVERE_UNMITIGATED-E-0032,SRC-001;SRC-002;SRC-003,P5A-014;P5A-015;P5A-016;P5A-018:P5A-032;SCN-001:SCN-009,formula_calculated_downside_liquidity_path,owner_reviewed_for_phase6_testing,2025-12-12,within_cutoff,"Recurring financing fees, official covenant definitions, eligible cash, distribution permissions and actual closing cash remain unavailable. Monthly timing is an owner-reviewed testing convention, not observed borrower seasonality."
P6L-00404,data/phase6/processed/MONTHLY_LIQUIDITY_STRESS.csv,monthly_liquidity_stress,P6M-SEVERE_UNMITIGATED-E-0033,SRC-001;SRC-002;SRC-003,P5A-014;P5A-015;P5A-016;P5A-018:P5A-032;SCN-001:SCN-009,formula_calculated_downside_liquidity_path,owner_reviewed_for_phase6_testing,2025-12-12,within_cutoff,"Recurring financing fees, official covenant definitions, eligible cash, distribution permissions and actual closing cash remain unavailable. Monthly timing is an owner-reviewed testing convention, not observed borrower seasonality."
P6L-00405,data/phase6/processed/MONTHLY_LIQUIDITY_STRESS.csv,monthly_liquidity_stress,P6M-SEVERE_UNMITIGATED-E-0034,SRC-001;SRC-002;SRC-003,P5A-014;P5A-015;P5A-016;P5A-018:P5A-032;SCN-001:SCN-009,formula_calculated_downside_liquidity_path,owner_reviewed_for_phase6_testing,2025-12-12,within_cutoff,"Recurring financing fees, official covenant definitions, eligible cash, distribution permissions and actual closing cash remain unavailable. Monthly timing is an owner-reviewed testing convention, not observed borrower seasonality."
P6L-00406,data/phase6/processed/MONTHLY_LIQUIDITY_STRESS.csv,monthly_liquidity_stress,P6M-SEVERE_UNMITIGATED-E-0035,SRC-001;SRC-002;SRC-003,P5A-014;P5A-015;P5A-016;P5A-018:P5A-032;SCN-001:SCN-009,formula_calculated_downside_liquidity_path,owner_reviewed_for_phase6_testing,2025-12-12,within_cutoff,"Recurring financing fees, official covenant definitions, eligible cash, distribution permissions and actual closing cash remain unavailable. Monthly timing is an owner-reviewed testing convention, not observed borrower seasonality."
P6L-00407,data/phase6/processed/MONTHLY_LIQUIDITY_STRESS.csv,monthly_liquidity_stress,P6M-SEVERE_UNMITIGATED-E-0036,SRC-001;SRC-002;SRC-003,P5A-014;P5A-015;P5A-016;P5A-018:P5A-032;SCN-001:SCN-009,formula_calculated_downside_liquidity_path,owner_reviewed_for_phase6_testing,2025-12-12,within_cutoff,"Recurring financing fees, official covenant definitions, eligible cash, distribution permissions and actual closing cash remain unavailable. Monthly timing is an owner-reviewed testing convention, not observed borrower seasonality."
P6L-00408,data/phase6/processed/MONTHLY_LIQUIDITY_STRESS.csv,monthly_liquidity_stress,P6M-SEVERE_UNMITIGATED-E-0037,SRC-001;SRC-002;SRC-003,P5A-014;P5A-015;P5A-016;P5A-018:P5A-032;SCN-001:SCN-009,formula_calculated_downside_liquidity_path,owner_reviewed_for_phase6_testing,2025-12-12,within_cutoff,"Recurring financing fees, official covenant definitions, eligible cash, distribution permissions and actual closing cash remain unavailable. Monthly timing is an owner-reviewed testing convention, not observed borrower seasonality."
P6L-00409,data/phase6/processed/MONTHLY_LIQUIDITY_STRESS.csv,monthly_liquidity_stress,P6M-SEVERE_UNMITIGATED-E-0038,SRC-001;SRC-002;SRC-003,P5A-014;P5A-015;P5A-016;P5A-018:P5A-032;SCN-001:SCN-009,formula_calculated_downside_liquidity_path,owner_reviewed_for_phase6_testing,2025-12-12,within_cutoff,"Recurring financing fees, official covenant definitions, eligible cash, distribution permissions and actual closing cash remain unavailable. Monthly timing is an owner-reviewed testing convention, not observed borrower seasonality."
P6L-00410,data/phase6/processed/MONTHLY_LIQUIDITY_STRESS.csv,monthly_liquidity_stress,P6M-SEVERE_UNMITIGATED-E-0039,SRC-001;SRC-002;SRC-003,P5A-014;P5A-015;P5A-016;P5A-018:P5A-032;SCN-001:SCN-009,formula_calculated_downside_liquidity_path,owner_reviewed_for_phase6_testing,2025-12-12,within_cutoff,"Recurring financing fees, official covenant definitions, eligible cash, distribution permissions and actual closing cash remain unavailable. Monthly timing is an owner-reviewed testing convention, not observed borrower seasonality."
P6L-00411,data/phase6/processed/MONTHLY_LIQUIDITY_STRESS.csv,monthly_liquidity_stress,P6M-SEVERE_UNMITIGATED-E-0040,SRC-001;SRC-002;SRC-003,P5A-014;P5A-015;P5A-016;P5A-018:P5A-032;SCN-001:SCN-009,formula_calculated_downside_liquidity_path,owner_reviewed_for_phase6_testing,2025-12-12,within_cutoff,"Recurring financing fees, official covenant definitions, eligible cash, distribution permissions and actual closing cash remain unavailable. Monthly timing is an owner-reviewed testing convention, not observed borrower seasonality."
P6L-00412,data/phase6/processed/MONTHLY_LIQUIDITY_STRESS.csv,monthly_liquidity_stress,P6M-SEVERE_UNMITIGATED-E-0041,SRC-001;SRC-002;SRC-003,P5A-014;P5A-015;P5A-016;P5A-018:P5A-032;SCN-001:SCN-009,formula_calculated_downside_liquidity_path,owner_reviewed_for_phase6_testing,2025-12-12,within_cutoff,"Recurring financing fees, official covenant definitions, eligible cash, distribution permissions and actual closing cash remain unavailable. Monthly timing is an owner-reviewed testing convention, not observed borrower seasonality."
P6L-00413,data/phase6/processed/MONTHLY_LIQUIDITY_STRESS.csv,monthly_liquidity_stress,P6M-SEVERE_UNMITIGATED-E-0042,SRC-001;SRC-002;SRC-003,P5A-014;P5A-015;P5A-016;P5A-018:P5A-032;SCN-001:SCN-009,formula_calculated_downside_liquidity_path,owner_reviewed_for_phase6_testing,2025-12-12,within_cutoff,"Recurring financing fees, official covenant definitions, eligible cash, distribution permissions and actual closing cash remain unavailable. Monthly timing is an owner-reviewed testing convention, not observed borrower seasonality."
P6L-00414,data/phase6/processed/MONTHLY_LIQUIDITY_STRESS.csv,monthly_liquidity_stress,P6M-MODERATE_MITIGATED-P-0001,SRC-001;SRC-002;SRC-003,P5A-014;P5A-015;P5A-016;P5A-018:P5A-032;SCN-001:SCN-009,formula_calculated_downside_liquidity_path,owner_reviewed_for_phase6_testing,2025-12-12,within_cutoff,"Recurring financing fees, official covenant definitions, eligible cash, distribution permissions and actual closing cash remain unavailable. Monthly timing is an owner-reviewed testing convention, not observed borrower seasonality."
P6L-00415,data/phase6/processed/MONTHLY_LIQUIDITY_STRESS.csv,monthly_liquidity_stress,P6M-MODERATE_MITIGATED-P-0002,SRC-001;SRC-002;SRC-003,P5A-014;P5A-015;P5A-016;P5A-018:P5A-032;SCN-001:SCN-009,formula_calculated_downside_liquidity_path,owner_reviewed_for_phase6_testing,2025-12-12,within_cutoff,"Recurring financing fees, official covenant definitions, eligible cash, distribution permissions and actual closing cash remain unavailable. Monthly timing is an owner-reviewed testing convention, not observed borrower seasonality."
P6L-00416,data/phase6/processed/MONTHLY_LIQUIDITY_STRESS.csv,monthly_liquidity_stress,P6M-MODERATE_MITIGATED-P-0003,SRC-001;SRC-002;SRC-003,P5A-014;P5A-015;P5A-016;P5A-018:P5A-032;SCN-001:SCN-009,formula_calculated_downside_liquidity_path,owner_reviewed_for_phase6_testing,2025-12-12,within_cutoff,"Recurring financing fees, official covenant definitions, eligible cash, distribution permissions and actual closing cash remain unavailable. Monthly timing is an owner-reviewed testing convention, not observed borrower seasonality."
P6L-00417,data/phase6/processed/MONTHLY_LIQUIDITY_STRESS.csv,monthly_liquidity_stress,P6M-MODERATE_MITIGATED-P-0004,SRC-001;SRC-002;SRC-003,P5A-014;P5A-015;P5A-016;P5A-018:P5A-032;SCN-001:SCN-009,formula_calculated_downside_liquidity_path,owner_reviewed_for_phase6_testing,2025-12-12,within_cutoff,"Recurring financing fees, official covenant definitions, eligible cash, distribution permissions and actual closing cash remain unavailable. Monthly timing is an owner-reviewed testing convention, not observed borrower seasonality."
P6L-00418,data/phase6/processed/MONTHLY_LIQUIDITY_STRESS.csv,monthly_liquidity_stress,P6M-MODERATE_MITIGATED-P-0005,SRC-001;SRC-002;SRC-003,P5A-014;P5A-015;P5A-016;P5A-018:P5A-032;SCN-001:SCN-009,formula_calculated_downside_liquidity_path,owner_reviewed_for_phase6_testing,2025-12-12,within_cutoff,"Recurring financing fees, official covenant definitions, eligible cash, distribution permissions and actual closing cash remain unavailable. Monthly timing is an owner-reviewed testing convention, not observed borrower seasonality."
P6L-00419,data/phase6/processed/MONTHLY_LIQUIDITY_STRESS.csv,monthly_liquidity_stress,P6M-MODERATE_MITIGATED-P-0006,SRC-001;SRC-002;SRC-003,P5A-014;P5A-015;P5A-016;P5A-018:P5A-032;SCN-001:SCN-009,formula_calculated_downside_liquidity_path,owner_reviewed_for_phase6_testing,2025-12-12,within_cutoff,"Recurring financing fees, official covenant definitions, eligible cash, distribution permissions and actual closing cash remain unavailable. Monthly timing is an owner-reviewed testing convention, not observed borrower seasonality."
P6L-00420,data/phase6/processed/MONTHLY_LIQUIDITY_STRESS.csv,monthly_liquidity_stress,P6M-MODERATE_MITIGATED-P-0007,SRC-001;SRC-002;SRC-003,P5A-014;P5A-015;P5A-016;P5A-018:P5A-032;SCN-001:SCN-009,formula_calculated_downside_liquidity_path,owner_reviewed_for_phase6_testing,2025-12-12,within_cutoff,"Recurring financing fees, official covenant definitions, eligible cash, distribution permissions and actual closing cash remain unavailable. Monthly timing is an owner-reviewed testing convention, not observed borrower seasonality."
P6L-00421,data/phase6/processed/MONTHLY_LIQUIDITY_STRESS.csv,monthly_liquidity_stress,P6M-MODERATE_MITIGATED-P-0008,SRC-001;SRC-002;SRC-003,P5A-014;P5A-015;P5A-016;P5A-018:P5A-032;SCN-001:SCN-009,formula_calculated_downside_liquidity_path,owner_reviewed_for_phase6_testing,2025-12-12,within_cutoff,"Recurring financing fees, official covenant definitions, eligible cash, distribution permissions and actual closing cash remain unavailable. Monthly timing is an owner-reviewed testing convention, not observed borrower seasonality."
P6L-00422,data/phase6/processed/MONTHLY_LIQUIDITY_STRESS.csv,monthly_liquidity_stress,P6M-MODERATE_MITIGATED-P-0009,SRC-001;SRC-002;SRC-003,P5A-014;P5A-015;P5A-016;P5A-018:P5A-032;SCN-001:SCN-009,formula_calculated_downside_liquidity_path,owner_reviewed_for_phase6_testing,2025-12-12,within_cutoff,"Recurring financing fees, official covenant definitions, eligible cash, distribution permissions and actual closing cash remain unavailable. Monthly timing is an owner-reviewed testing convention, not observed borrower seasonality."
P6L-00423,data/phase6/processed/MONTHLY_LIQUIDITY_STRESS.csv,monthly_liquidity_stress,P6M-MODERATE_MITIGATED-P-0010,SRC-001;SRC-002;SRC-003,P5A-014;P5A-015;P5A-016;P5A-018:P5A-032;SCN-001:SCN-009,formula_calculated_downside_liquidity_path,owner_reviewed_for_phase6_testing,2025-12-12,within_cutoff,"Recurring financing fees, official covenant definitions, eligible cash, distribution permissions and actual closing cash remain unavailable. Monthly timing is an owner-reviewed testing convention, not observed borrower seasonality."
P6L-00424,data/phase6/processed/MONTHLY_LIQUIDITY_STRESS.csv,monthly_liquidity_stress,P6M-MODERATE_MITIGATED-P-0011,SRC-001;SRC-002;SRC-003,P5A-014;P5A-015;P5A-016;P5A-018:P5A-032;SCN-001:SCN-009,formula_calculated_downside_liquidity_path,owner_reviewed_for_phase6_testing,2025-12-12,within_cutoff,"Recurring financing fees, official covenant definitions, eligible cash, distribution permissions and actual closing cash remain unavailable. Monthly timing is an owner-reviewed testing convention, not observed borrower seasonality."
P6L-00425,data/phase6/processed/MONTHLY_LIQUIDITY_STRESS.csv,monthly_liquidity_stress,P6M-MODERATE_MITIGATED-P-0012,SRC-001;SRC-002;SRC-003,P5A-014;P5A-015;P5A-016;P5A-018:P5A-032;SCN-001:SCN-009,formula_calculated_downside_liquidity_path,owner_reviewed_for_phase6_testing,2025-12-12,within_cutoff,"Recurring financing fees, official covenant definitions, eligible cash, distribution permissions and actual closing cash remain unavailable. Monthly timing is an owner-reviewed testing convention, not observed borrower seasonality."
P6L-00426,data/phase6/processed/MONTHLY_LIQUIDITY_STRESS.csv,monthly_liquidity_stress,P6M-MODERATE_MITIGATED-P-0013,SRC-001;SRC-002;SRC-003,P5A-014;P5A-015;P5A-016;P5A-018:P5A-032;SCN-001:SCN-009,formula_calculated_downside_liquidity_path,owner_reviewed_for_phase6_testing,2025-12-12,within_cutoff,"Recurring financing fees, official covenant definitions, eligible cash, distribution permissions and actual closing cash remain unavailable. Monthly timing is an owner-reviewed testing convention, not observed borrower seasonality."
P6L-00427,data/phase6/processed/MONTHLY_LIQUIDITY_STRESS.csv,monthly_liquidity_stress,P6M-MODERATE_MITIGATED-P-0014,SRC-001;SRC-002;SRC-003,P5A-014;P5A-015;P5A-016;P5A-018:P5A-032;SCN-001:SCN-009,formula_calculated_downside_liquidity_path,owner_reviewed_for_phase6_testing,2025-12-12,within_cutoff,"Recurring financing fees, official covenant definitions, eligible cash, distribution permissions and actual closing cash remain unavailable. Monthly timing is an owner-reviewed testing convention, not observed borrower seasonality."
P6L-00428,data/phase6/processed/MONTHLY_LIQUIDITY_STRESS.csv,monthly_liquidity_stress,P6M-MODERATE_MITIGATED-P-0015,SRC-001;SRC-002;SRC-003,P5A-014;P5A-015;P5A-016;P5A-018:P5A-032;SCN-001:SCN-009,formula_calculated_downside_liquidity_path,owner_reviewed_for_phase6_testing,2025-12-12,within_cutoff,"Recurring financing fees, official covenant definitions, eligible cash, distribution permissions and actual closing cash remain unavailable. Monthly timing is an owner-reviewed testing convention, not observed borrower seasonality."
P6L-00429,data/phase6/processed/MONTHLY_LIQUIDITY_STRESS.csv,monthly_liquidity_stress,P6M-MODERATE_MITIGATED-P-0016,SRC-001;SRC-002;SRC-003,P5A-014;P5A-015;P5A-016;P5A-018:P5A-032;SCN-001:SCN-009,formula_calculated_downside_liquidity_path,owner_reviewed_for_phase6_testing,2025-12-12,within_cutoff,"Recurring financing fees, official covenant definitions, eligible cash, distribution permissions and actual closing cash remain unavailable. Monthly timing is an owner-reviewed testing convention, not observed borrower seasonality."
P6L-00430,data/phase6/processed/MONTHLY_LIQUIDITY_STRESS.csv,monthly_liquidity_stress,P6M-MODERATE_MITIGATED-P-0017,SRC-001;SRC-002;SRC-003,P5A-014;P5A-015;P5A-016;P5A-018:P5A-032;SCN-001:SCN-009,formula_calculated_downside_liquidity_path,owner_reviewed_for_phase6_testing,2025-12-12,within_cutoff,"Recurring financing fees, official covenant definitions, eligible cash, distribution permissions and actual closing cash remain unavailable. Monthly timing is an owner-reviewed testing convention, not observed borrower seasonality."
P6L-00431,data/phase6/processed/MONTHLY_LIQUIDITY_STRESS.csv,monthly_liquidity_stress,P6M-MODERATE_MITIGATED-P-0018,SRC-001;SRC-002;SRC-003,P5A-014;P5A-015;P5A-016;P5A-018:P5A-032;SCN-001:SCN-009,formula_calculated_downside_liquidity_path,owner_reviewed_for_phase6_testing,2025-12-12,within_cutoff,"Recurring financing fees, official covenant definitions, eligible cash, distribution permissions and actual closing cash remain unavailable. Monthly timing is an owner-reviewed testing convention, not observed borrower seasonality."
P6L-00432,data/phase6/processed/MONTHLY_LIQUIDITY_STRESS.csv,monthly_liquidity_stress,P6M-MODERATE_MITIGATED-P-0019,SRC-001;SRC-002;SRC-003,P5A-014;P5A-015;P5A-016;P5A-018:P5A-032;SCN-001:SCN-009,formula_calculated_downside_liquidity_path,owner_reviewed_for_phase6_testing,2025-12-12,within_cutoff,"Recurring financing fees, official covenant definitions, eligible cash, distribution permissions and actual closing cash remain unavailable. Monthly timing is an owner-reviewed testing convention, not observed borrower seasonality."
P6L-00433,data/phase6/processed/MONTHLY_LIQUIDITY_STRESS.csv,monthly_liquidity_stress,P6M-MODERATE_MITIGATED-P-0020,SRC-001;SRC-002;SRC-003,P5A-014;P5A-015;P5A-016;P5A-018:P5A-032;SCN-001:SCN-009,formula_calculated_downside_liquidity_path,owner_reviewed_for_phase6_testing,2025-12-12,within_cutoff,"Recurring financing fees, official covenant definitions, eligible cash, distribution permissions and actual closing cash remain unavailable. Monthly timing is an owner-reviewed testing convention, not observed borrower seasonality."
P6L-00434,data/phase6/processed/MONTHLY_LIQUIDITY_STRESS.csv,monthly_liquidity_stress,P6M-MODERATE_MITIGATED-P-0021,SRC-001;SRC-002;SRC-003,P5A-014;P5A-015;P5A-016;P5A-018:P5A-032;SCN-001:SCN-009,formula_calculated_downside_liquidity_path,owner_reviewed_for_phase6_testing,2025-12-12,within_cutoff,"Recurring financing fees, official covenant definitions, eligible cash, distribution permissions and actual closing cash remain unavailable. Monthly timing is an owner-reviewed testing convention, not observed borrower seasonality."
P6L-00435,data/phase6/processed/MONTHLY_LIQUIDITY_STRESS.csv,monthly_liquidity_stress,P6M-MODERATE_MITIGATED-P-0022,SRC-001;SRC-002;SRC-003,P5A-014;P5A-015;P5A-016;P5A-018:P5A-032;SCN-001:SCN-009,formula_calculated_downside_liquidity_path,owner_reviewed_for_phase6_testing,2025-12-12,within_cutoff,"Recurring financing fees, official covenant definitions, eligible cash, distribution permissions and actual closing cash remain unavailable. Monthly timing is an owner-reviewed testing convention, not observed borrower seasonality."
P6L-00436,data/phase6/processed/MONTHLY_LIQUIDITY_STRESS.csv,monthly_liquidity_stress,P6M-MODERATE_MITIGATED-P-0023,SRC-001;SRC-002;SRC-003,P5A-014;P5A-015;P5A-016;P5A-018:P5A-032;SCN-001:SCN-009,formula_calculated_downside_liquidity_path,owner_reviewed_for_phase6_testing,2025-12-12,within_cutoff,"Recurring financing fees, official covenant definitions, eligible cash, distribution permissions and actual closing cash remain unavailable. Monthly timing is an owner-reviewed testing convention, not observed borrower seasonality."
P6L-00437,data/phase6/processed/MONTHLY_LIQUIDITY_STRESS.csv,monthly_liquidity_stress,P6M-MODERATE_MITIGATED-P-0024,SRC-001;SRC-002;SRC-003,P5A-014;P5A-015;P5A-016;P5A-018:P5A-032;SCN-001:SCN-009,formula_calculated_downside_liquidity_path,owner_reviewed_for_phase6_testing,2025-12-12,within_cutoff,"Recurring financing fees, official covenant definitions, eligible cash, distribution permissions and actual closing cash remain unavailable. Monthly timing is an owner-reviewed testing convention, not observed borrower seasonality."
P6L-00438,data/phase6/processed/MONTHLY_LIQUIDITY_STRESS.csv,monthly_liquidity_stress,P6M-MODERATE_MITIGATED-P-0025,SRC-001;SRC-002;SRC-003,P5A-014;P5A-015;P5A-016;P5A-018:P5A-032;SCN-001:SCN-009,formula_calculated_downside_liquidity_path,owner_reviewed_for_phase6_testing,2025-12-12,within_cutoff,"Recurring financing fees, official covenant definitions, eligible cash, distribution permissions and actual closing cash remain unavailable. Monthly timing is an owner-reviewed testing convention, not observed borrower seasonality."
P6L-00439,data/phase6/processed/MONTHLY_LIQUIDITY_STRESS.csv,monthly_liquidity_stress,P6M-MODERATE_MITIGATED-P-0026,SRC-001;SRC-002;SRC-003,P5A-014;P5A-015;P5A-016;P5A-018:P5A-032;SCN-001:SCN-009,formula_calculated_downside_liquidity_path,owner_reviewed_for_phase6_testing,2025-12-12,within_cutoff,"Recurring financing fees, official covenant definitions, eligible cash, distribution permissions and actual closing cash remain unavailable. Monthly timing is an owner-reviewed testing convention, not observed borrower seasonality."
P6L-00440,data/phase6/processed/MONTHLY_LIQUIDITY_STRESS.csv,monthly_liquidity_stress,P6M-MODERATE_MITIGATED-P-0027,SRC-001;SRC-002;SRC-003,P5A-014;P5A-015;P5A-016;P5A-018:P5A-032;SCN-001:SCN-009,formula_calculated_downside_liquidity_path,owner_reviewed_for_phase6_testing,2025-12-12,within_cutoff,"Recurring financing fees, official covenant definitions, eligible cash, distribution permissions and actual closing cash remain unavailable. Monthly timing is an owner-reviewed testing convention, not observed borrower seasonality."
P6L-00441,data/phase6/processed/MONTHLY_LIQUIDITY_STRESS.csv,monthly_liquidity_stress,P6M-MODERATE_MITIGATED-P-0028,SRC-001;SRC-002;SRC-003,P5A-014;P5A-015;P5A-016;P5A-018:P5A-032;SCN-001:SCN-009,formula_calculated_downside_liquidity_path,owner_reviewed_for_phase6_testing,2025-12-12,within_cutoff,"Recurring financing fees, official covenant definitions, eligible cash, distribution permissions and actual closing cash remain unavailable. Monthly timing is an owner-reviewed testing convention, not observed borrower seasonality."
P6L-00442,data/phase6/processed/MONTHLY_LIQUIDITY_STRESS.csv,monthly_liquidity_stress,P6M-MODERATE_MITIGATED-P-0029,SRC-001;SRC-002;SRC-003,P5A-014;P5A-015;P5A-016;P5A-018:P5A-032;SCN-001:SCN-009,formula_calculated_downside_liquidity_path,owner_reviewed_for_phase6_testing,2025-12-12,within_cutoff,"Recurring financing fees, official covenant definitions, eligible cash, distribution permissions and actual closing cash remain unavailable. Monthly timing is an owner-reviewed testing convention, not observed borrower seasonality."
P6L-00443,data/phase6/processed/MONTHLY_LIQUIDITY_STRESS.csv,monthly_liquidity_stress,P6M-MODERATE_MITIGATED-P-0030,SRC-001;SRC-002;SRC-003,P5A-014;P5A-015;P5A-016;P5A-018:P5A-032;SCN-001:SCN-009,formula_calculated_downside_liquidity_path,owner_reviewed_for_phase6_testing,2025-12-12,within_cutoff,"Recurring financing fees, official covenant definitions, eligible cash, distribution permissions and actual closing cash remain unavailable. Monthly timing is an owner-reviewed testing convention, not observed borrower seasonality."
P6L-00444,data/phase6/processed/MONTHLY_LIQUIDITY_STRESS.csv,monthly_liquidity_stress,P6M-MODERATE_MITIGATED-P-0031,SRC-001;SRC-002;SRC-003,P5A-014;P5A-015;P5A-016;P5A-018:P5A-032;SCN-001:SCN-009,formula_calculated_downside_liquidity_path,owner_reviewed_for_phase6_testing,2025-12-12,within_cutoff,"Recurring financing fees, official covenant definitions, eligible cash, distribution permissions and actual closing cash remain unavailable. Monthly timing is an owner-reviewed testing convention, not observed borrower seasonality."
P6L-00445,data/phase6/processed/MONTHLY_LIQUIDITY_STRESS.csv,monthly_liquidity_stress,P6M-MODERATE_MITIGATED-P-0032,SRC-001;SRC-002;SRC-003,P5A-014;P5A-015;P5A-016;P5A-018:P5A-032;SCN-001:SCN-009,formula_calculated_downside_liquidity_path,owner_reviewed_for_phase6_testing,2025-12-12,within_cutoff,"Recurring financing fees, official covenant definitions, eligible cash, distribution permissions and actual closing cash remain unavailable. Monthly timing is an owner-reviewed testing convention, not observed borrower seasonality."
P6L-00446,data/phase6/processed/MONTHLY_LIQUIDITY_STRESS.csv,monthly_liquidity_stress,P6M-MODERATE_MITIGATED-P-0033,SRC-001;SRC-002;SRC-003,P5A-014;P5A-015;P5A-016;P5A-018:P5A-032;SCN-001:SCN-009,formula_calculated_downside_liquidity_path,owner_reviewed_for_phase6_testing,2025-12-12,within_cutoff,"Recurring financing fees, official covenant definitions, eligible cash, distribution permissions and actual closing cash remain unavailable. Monthly timing is an owner-reviewed testing convention, not observed borrower seasonality."
P6L-00447,data/phase6/processed/MONTHLY_LIQUIDITY_STRESS.csv,monthly_liquidity_stress,P6M-MODERATE_MITIGATED-P-0034,SRC-001;SRC-002;SRC-003,P5A-014;P5A-015;P5A-016;P5A-018:P5A-032;SCN-001:SCN-009,formula_calculated_downside_liquidity_path,owner_reviewed_for_phase6_testing,2025-12-12,within_cutoff,"Recurring financing fees, official covenant definitions, eligible cash, distribution permissions and actual closing cash remain unavailable. Monthly timing is an owner-reviewed testing convention, not observed borrower seasonality."
P6L-00448,data/phase6/processed/MONTHLY_LIQUIDITY_STRESS.csv,monthly_liquidity_stress,P6M-MODERATE_MITIGATED-P-0035,SRC-001;SRC-002;SRC-003,P5A-014;P5A-015;P5A-016;P5A-018:P5A-032;SCN-001:SCN-009,formula_calculated_downside_liquidity_path,owner_reviewed_for_phase6_testing,2025-12-12,within_cutoff,"Recurring financing fees, official covenant definitions, eligible cash, distribution permissions and actual closing cash remain unavailable. Monthly timing is an owner-reviewed testing convention, not observed borrower seasonality."
P6L-00449,data/phase6/processed/MONTHLY_LIQUIDITY_STRESS.csv,monthly_liquidity_stress,P6M-MODERATE_MITIGATED-P-0036,SRC-001;SRC-002;SRC-003,P5A-014;P5A-015;P5A-016;P5A-018:P5A-032;SCN-001:SCN-009,formula_calculated_downside_liquidity_path,owner_reviewed_for_phase6_testing,2025-12-12,within_cutoff,"Recurring financing fees, official covenant definitions, eligible cash, distribution permissions and actual closing cash remain unavailable. Monthly timing is an owner-reviewed testing convention, not observed borrower seasonality."
P6L-00450,data/phase6/processed/MONTHLY_LIQUIDITY_STRESS.csv,monthly_liquidity_stress,P6M-MODERATE_MITIGATED-P-0037,SRC-001;SRC-002;SRC-003,P5A-014;P5A-015;P5A-016;P5A-018:P5A-032;SCN-001:SCN-009,formula_calculated_downside_liquidity_path,owner_reviewed_for_phase6_testing,2025-12-12,within_cutoff,"Recurring financing fees, official covenant definitions, eligible cash, distribution permissions and actual closing cash remain unavailable. Monthly timing is an owner-reviewed testing convention, not observed borrower seasonality."
P6L-00451,data/phase6/processed/MONTHLY_LIQUIDITY_STRESS.csv,monthly_liquidity_stress,P6M-MODERATE_MITIGATED-P-0038,SRC-001;SRC-002;SRC-003,P5A-014;P5A-015;P5A-016;P5A-018:P5A-032;SCN-001:SCN-009,formula_calculated_downside_liquidity_path,owner_reviewed_for_phase6_testing,2025-12-12,within_cutoff,"Recurring financing fees, official covenant definitions, eligible cash, distribution permissions and actual closing cash remain unavailable. Monthly timing is an owner-reviewed testing convention, not observed borrower seasonality."
P6L-00452,data/phase6/processed/MONTHLY_LIQUIDITY_STRESS.csv,monthly_liquidity_stress,P6M-MODERATE_MITIGATED-P-0039,SRC-001;SRC-002;SRC-003,P5A-014;P5A-015;P5A-016;P5A-018:P5A-032;SCN-001:SCN-009,formula_calculated_downside_liquidity_path,owner_reviewed_for_phase6_testing,2025-12-12,within_cutoff,"Recurring financing fees, official covenant definitions, eligible cash, distribution permissions and actual closing cash remain unavailable. Monthly timing is an owner-reviewed testing convention, not observed borrower seasonality."
P6L-00453,data/phase6/processed/MONTHLY_LIQUIDITY_STRESS.csv,monthly_liquidity_stress,P6M-MODERATE_MITIGATED-P-0040,SRC-001;SRC-002;SRC-003,P5A-014;P5A-015;P5A-016;P5A-018:P5A-032;SCN-001:SCN-009,formula_calculated_downside_liquidity_path,owner_reviewed_for_phase6_testing,2025-12-12,within_cutoff,"Recurring financing fees, official covenant definitions, eligible cash, distribution permissions and actual closing cash remain unavailable. Monthly timing is an owner-reviewed testing convention, not observed borrower seasonality."
P6L-00454,data/phase6/processed/MONTHLY_LIQUIDITY_STRESS.csv,monthly_liquidity_stress,P6M-MODERATE_MITIGATED-P-0041,SRC-001;SRC-002;SRC-003,P5A-014;P5A-015;P5A-016;P5A-018:P5A-032;SCN-001:SCN-009,formula_calculated_downside_liquidity_path,owner_reviewed_for_phase6_testing,2025-12-12,within_cutoff,"Recurring financing fees, official covenant definitions, eligible cash, distribution permissions and actual closing cash remain unavailable. Monthly timing is an owner-reviewed testing convention, not observed borrower seasonality."
P6L-00455,data/phase6/processed/MONTHLY_LIQUIDITY_STRESS.csv,monthly_liquidity_stress,P6M-MODERATE_MITIGATED-P-0042,SRC-001;SRC-002;SRC-003,P5A-014;P5A-015;P5A-016;P5A-018:P5A-032;SCN-001:SCN-009,formula_calculated_downside_liquidity_path,owner_reviewed_for_phase6_testing,2025-12-12,within_cutoff,"Recurring financing fees, official covenant definitions, eligible cash, distribution permissions and actual closing cash remain unavailable. Monthly timing is an owner-reviewed testing convention, not observed borrower seasonality."
P6L-00456,data/phase6/processed/MONTHLY_LIQUIDITY_STRESS.csv,monthly_liquidity_stress,P6M-MODERATE_MITIGATED-P-0043,SRC-001;SRC-002;SRC-003,P5A-014;P5A-015;P5A-016;P5A-018:P5A-032;SCN-001:SCN-009,formula_calculated_downside_liquidity_path,owner_reviewed_for_phase6_testing,2025-12-12,within_cutoff,"Recurring financing fees, official covenant definitions, eligible cash, distribution permissions and actual closing cash remain unavailable. Monthly timing is an owner-reviewed testing convention, not observed borrower seasonality."
P6L-00457,data/phase6/processed/MONTHLY_LIQUIDITY_STRESS.csv,monthly_liquidity_stress,P6M-MODERATE_MITIGATED-P-0044,SRC-001;SRC-002;SRC-003,P5A-014;P5A-015;P5A-016;P5A-018:P5A-032;SCN-001:SCN-009,formula_calculated_downside_liquidity_path,owner_reviewed_for_phase6_testing,2025-12-12,within_cutoff,"Recurring financing fees, official covenant definitions, eligible cash, distribution permissions and actual closing cash remain unavailable. Monthly timing is an owner-reviewed testing convention, not observed borrower seasonality."
P6L-00458,data/phase6/processed/MONTHLY_LIQUIDITY_STRESS.csv,monthly_liquidity_stress,P6M-MODERATE_MITIGATED-P-0045,SRC-001;SRC-002;SRC-003,P5A-014;P5A-015;P5A-016;P5A-018:P5A-032;SCN-001:SCN-009,formula_calculated_downside_liquidity_path,owner_reviewed_for_phase6_testing,2025-12-12,within_cutoff,"Recurring financing fees, official covenant definitions, eligible cash, distribution permissions and actual closing cash remain unavailable. Monthly timing is an owner-reviewed testing convention, not observed borrower seasonality."
P6L-00459,data/phase6/processed/MONTHLY_LIQUIDITY_STRESS.csv,monthly_liquidity_stress,P6M-MODERATE_MITIGATED-P-0046,SRC-001;SRC-002;SRC-003,P5A-014;P5A-015;P5A-016;P5A-018:P5A-032;SCN-001:SCN-009,formula_calculated_downside_liquidity_path,owner_reviewed_for_phase6_testing,2025-12-12,within_cutoff,"Recurring financing fees, official covenant definitions, eligible cash, distribution permissions and actual closing cash remain unavailable. Monthly timing is an owner-reviewed testing convention, not observed borrower seasonality."
P6L-00460,data/phase6/processed/MONTHLY_LIQUIDITY_STRESS.csv,monthly_liquidity_stress,P6M-MODERATE_MITIGATED-P-0047,SRC-001;SRC-002;SRC-003,P5A-014;P5A-015;P5A-016;P5A-018:P5A-032;SCN-001:SCN-009,formula_calculated_downside_liquidity_path,owner_reviewed_for_phase6_testing,2025-12-12,within_cutoff,"Recurring financing fees, official covenant definitions, eligible cash, distribution permissions and actual closing cash remain unavailable. Monthly timing is an owner-reviewed testing convention, not observed borrower seasonality."
P6L-00461,data/phase6/processed/MONTHLY_LIQUIDITY_STRESS.csv,monthly_liquidity_stress,P6M-MODERATE_MITIGATED-P-0048,SRC-001;SRC-002;SRC-003,P5A-014;P5A-015;P5A-016;P5A-018:P5A-032;SCN-001:SCN-009,formula_calculated_downside_liquidity_path,owner_reviewed_for_phase6_testing,2025-12-12,within_cutoff,"Recurring financing fees, official covenant definitions, eligible cash, distribution permissions and actual closing cash remain unavailable. Monthly timing is an owner-reviewed testing convention, not observed borrower seasonality."
P6L-00462,data/phase6/processed/MONTHLY_LIQUIDITY_STRESS.csv,monthly_liquidity_stress,P6M-MODERATE_MITIGATED-P-0049,SRC-001;SRC-002;SRC-003,P5A-014;P5A-015;P5A-016;P5A-018:P5A-032;SCN-001:SCN-009,formula_calculated_downside_liquidity_path,owner_reviewed_for_phase6_testing,2025-12-12,within_cutoff,"Recurring financing fees, official covenant definitions, eligible cash, distribution permissions and actual closing cash remain unavailable. Monthly timing is an owner-reviewed testing convention, not observed borrower seasonality."
P6L-00463,data/phase6/processed/MONTHLY_LIQUIDITY_STRESS.csv,monthly_liquidity_stress,P6M-MODERATE_MITIGATED-P-0050,SRC-001;SRC-002;SRC-003,P5A-014;P5A-015;P5A-016;P5A-018:P5A-032;SCN-001:SCN-009,formula_calculated_downside_liquidity_path,owner_reviewed_for_phase6_testing,2025-12-12,within_cutoff,"Recurring financing fees, official covenant definitions, eligible cash, distribution permissions and actual closing cash remain unavailable. Monthly timing is an owner-reviewed testing convention, not observed borrower seasonality."
P6L-00464,data/phase6/processed/MONTHLY_LIQUIDITY_STRESS.csv,monthly_liquidity_stress,P6M-MODERATE_MITIGATED-P-0051,SRC-001;SRC-002;SRC-003,P5A-014;P5A-015;P5A-016;P5A-018:P5A-032;SCN-001:SCN-009,formula_calculated_downside_liquidity_path,owner_reviewed_for_phase6_testing,2025-12-12,within_cutoff,"Recurring financing fees, official covenant definitions, eligible cash, distribution permissions and actual closing cash remain unavailable. Monthly timing is an owner-reviewed testing convention, not observed borrower seasonality."
P6L-00465,data/phase6/processed/MONTHLY_LIQUIDITY_STRESS.csv,monthly_liquidity_stress,P6M-MODERATE_MITIGATED-P-0052,SRC-001;SRC-002;SRC-003,P5A-014;P5A-015;P5A-016;P5A-018:P5A-032;SCN-001:SCN-009,formula_calculated_downside_liquidity_path,owner_reviewed_for_phase6_testing,2025-12-12,within_cutoff,"Recurring financing fees, official covenant definitions, eligible cash, distribution permissions and actual closing cash remain unavailable. Monthly timing is an owner-reviewed testing convention, not observed borrower seasonality."
P6L-00466,data/phase6/processed/MONTHLY_LIQUIDITY_STRESS.csv,monthly_liquidity_stress,P6M-MODERATE_MITIGATED-P-0053,SRC-001;SRC-002;SRC-003,P5A-014;P5A-015;P5A-016;P5A-018:P5A-032;SCN-001:SCN-009,formula_calculated_downside_liquidity_path,owner_reviewed_for_phase6_testing,2025-12-12,within_cutoff,"Recurring financing fees, official covenant definitions, eligible cash, distribution permissions and actual closing cash remain unavailable. Monthly timing is an owner-reviewed testing convention, not observed borrower seasonality."
P6L-00467,data/phase6/processed/MONTHLY_LIQUIDITY_STRESS.csv,monthly_liquidity_stress,P6M-MODERATE_MITIGATED-P-0054,SRC-001;SRC-002;SRC-003,P5A-014;P5A-015;P5A-016;P5A-018:P5A-032;SCN-001:SCN-009,formula_calculated_downside_liquidity_path,owner_reviewed_for_phase6_testing,2025-12-12,within_cutoff,"Recurring financing fees, official covenant definitions, eligible cash, distribution permissions and actual closing cash remain unavailable. Monthly timing is an owner-reviewed testing convention, not observed borrower seasonality."
P6L-00468,data/phase6/processed/MONTHLY_LIQUIDITY_STRESS.csv,monthly_liquidity_stress,P6M-MODERATE_MITIGATED-P-0055,SRC-001;SRC-002;SRC-003,P5A-014;P5A-015;P5A-016;P5A-018:P5A-032;SCN-001:SCN-009,formula_calculated_downside_liquidity_path,owner_reviewed_for_phase6_testing,2025-12-12,within_cutoff,"Recurring financing fees, official covenant definitions, eligible cash, distribution permissions and actual closing cash remain unavailable. Monthly timing is an owner-reviewed testing convention, not observed borrower seasonality."
P6L-00469,data/phase6/processed/MONTHLY_LIQUIDITY_STRESS.csv,monthly_liquidity_stress,P6M-MODERATE_MITIGATED-P-0056,SRC-001;SRC-002;SRC-003,P5A-014;P5A-015;P5A-016;P5A-018:P5A-032;SCN-001:SCN-009,formula_calculated_downside_liquidity_path,owner_reviewed_for_phase6_testing,2025-12-12,within_cutoff,"Recurring financing fees, official covenant definitions, eligible cash, distribution permissions and actual closing cash remain unavailable. Monthly timing is an owner-reviewed testing convention, not observed borrower seasonality."
P6L-00470,data/phase6/processed/MONTHLY_LIQUIDITY_STRESS.csv,monthly_liquidity_stress,P6M-MODERATE_MITIGATED-P-0057,SRC-001;SRC-002;SRC-003,P5A-014;P5A-015;P5A-016;P5A-018:P5A-032;SCN-001:SCN-009,formula_calculated_downside_liquidity_path,owner_reviewed_for_phase6_testing,2025-12-12,within_cutoff,"Recurring financing fees, official covenant definitions, eligible cash, distribution permissions and actual closing cash remain unavailable. Monthly timing is an owner-reviewed testing convention, not observed borrower seasonality."
P6L-00471,data/phase6/processed/MONTHLY_LIQUIDITY_STRESS.csv,monthly_liquidity_stress,P6M-MODERATE_MITIGATED-P-0058,SRC-001;SRC-002;SRC-003,P5A-014;P5A-015;P5A-016;P5A-018:P5A-032;SCN-001:SCN-009,formula_calculated_downside_liquidity_path,owner_reviewed_for_phase6_testing,2025-12-12,within_cutoff,"Recurring financing fees, official covenant definitions, eligible cash, distribution permissions and actual closing cash remain unavailable. Monthly timing is an owner-reviewed testing convention, not observed borrower seasonality."
P6L-00472,data/phase6/processed/MONTHLY_LIQUIDITY_STRESS.csv,monthly_liquidity_stress,P6M-MODERATE_MITIGATED-P-0059,SRC-001;SRC-002;SRC-003,P5A-014;P5A-015;P5A-016;P5A-018:P5A-032;SCN-001:SCN-009,formula_calculated_downside_liquidity_path,owner_reviewed_for_phase6_testing,2025-12-12,within_cutoff,"Recurring financing fees, official covenant definitions, eligible cash, distribution permissions and actual closing cash remain unavailable. Monthly timing is an owner-reviewed testing convention, not observed borrower seasonality."
P6L-00473,data/phase6/processed/MONTHLY_LIQUIDITY_STRESS.csv,monthly_liquidity_stress,P6M-MODERATE_MITIGATED-P-0060,SRC-001;SRC-002;SRC-003,P5A-014;P5A-015;P5A-016;P5A-018:P5A-032;SCN-001:SCN-009,formula_calculated_downside_liquidity_path,owner_reviewed_for_phase6_testing,2025-12-12,within_cutoff,"Recurring financing fees, official covenant definitions, eligible cash, distribution permissions and actual closing cash remain unavailable. Monthly timing is an owner-reviewed testing convention, not observed borrower seasonality."
P6L-00474,data/phase6/processed/MONTHLY_LIQUIDITY_STRESS.csv,monthly_liquidity_stress,P6M-MODERATE_MITIGATED-E-0001,SRC-001;SRC-002;SRC-003,P5A-014;P5A-015;P5A-016;P5A-018:P5A-032;SCN-001:SCN-009,formula_calculated_downside_liquidity_path,owner_reviewed_for_phase6_testing,2025-12-12,within_cutoff,"Recurring financing fees, official covenant definitions, eligible cash, distribution permissions and actual closing cash remain unavailable. Monthly timing is an owner-reviewed testing convention, not observed borrower seasonality."
P6L-00475,data/phase6/processed/MONTHLY_LIQUIDITY_STRESS.csv,monthly_liquidity_stress,P6M-MODERATE_MITIGATED-E-0002,SRC-001;SRC-002;SRC-003,P5A-014;P5A-015;P5A-016;P5A-018:P5A-032;SCN-001:SCN-009,formula_calculated_downside_liquidity_path,owner_reviewed_for_phase6_testing,2025-12-12,within_cutoff,"Recurring financing fees, official covenant definitions, eligible cash, distribution permissions and actual closing cash remain unavailable. Monthly timing is an owner-reviewed testing convention, not observed borrower seasonality."
P6L-00476,data/phase6/processed/MONTHLY_LIQUIDITY_STRESS.csv,monthly_liquidity_stress,P6M-MODERATE_MITIGATED-E-0003,SRC-001;SRC-002;SRC-003,P5A-014;P5A-015;P5A-016;P5A-018:P5A-032;SCN-001:SCN-009,formula_calculated_downside_liquidity_path,owner_reviewed_for_phase6_testing,2025-12-12,within_cutoff,"Recurring financing fees, official covenant definitions, eligible cash, distribution permissions and actual closing cash remain unavailable. Monthly timing is an owner-reviewed testing convention, not observed borrower seasonality."
P6L-00477,data/phase6/processed/MONTHLY_LIQUIDITY_STRESS.csv,monthly_liquidity_stress,P6M-MODERATE_MITIGATED-E-0004,SRC-001;SRC-002;SRC-003,P5A-014;P5A-015;P5A-016;P5A-018:P5A-032;SCN-001:SCN-009,formula_calculated_downside_liquidity_path,owner_reviewed_for_phase6_testing,2025-12-12,within_cutoff,"Recurring financing fees, official covenant definitions, eligible cash, distribution permissions and actual closing cash remain unavailable. Monthly timing is an owner-reviewed testing convention, not observed borrower seasonality."
P6L-00478,data/phase6/processed/MONTHLY_LIQUIDITY_STRESS.csv,monthly_liquidity_stress,P6M-MODERATE_MITIGATED-E-0005,SRC-001;SRC-002;SRC-003,P5A-014;P5A-015;P5A-016;P5A-018:P5A-032;SCN-001:SCN-009,formula_calculated_downside_liquidity_path,owner_reviewed_for_phase6_testing,2025-12-12,within_cutoff,"Recurring financing fees, official covenant definitions, eligible cash, distribution permissions and actual closing cash remain unavailable. Monthly timing is an owner-reviewed testing convention, not observed borrower seasonality."
P6L-00479,data/phase6/processed/MONTHLY_LIQUIDITY_STRESS.csv,monthly_liquidity_stress,P6M-MODERATE_MITIGATED-E-0006,SRC-001;SRC-002;SRC-003,P5A-014;P5A-015;P5A-016;P5A-018:P5A-032;SCN-001:SCN-009,formula_calculated_downside_liquidity_path,owner_reviewed_for_phase6_testing,2025-12-12,within_cutoff,"Recurring financing fees, official covenant definitions, eligible cash, distribution permissions and actual closing cash remain unavailable. Monthly timing is an owner-reviewed testing convention, not observed borrower seasonality."
P6L-00480,data/phase6/processed/MONTHLY_LIQUIDITY_STRESS.csv,monthly_liquidity_stress,P6M-MODERATE_MITIGATED-E-0007,SRC-001;SRC-002;SRC-003,P5A-014;P5A-015;P5A-016;P5A-018:P5A-032;SCN-001:SCN-009,formula_calculated_downside_liquidity_path,owner_reviewed_for_phase6_testing,2025-12-12,within_cutoff,"Recurring financing fees, official covenant definitions, eligible cash, distribution permissions and actual closing cash remain unavailable. Monthly timing is an owner-reviewed testing convention, not observed borrower seasonality."
P6L-00481,data/phase6/processed/MONTHLY_LIQUIDITY_STRESS.csv,monthly_liquidity_stress,P6M-MODERATE_MITIGATED-E-0008,SRC-001;SRC-002;SRC-003,P5A-014;P5A-015;P5A-016;P5A-018:P5A-032;SCN-001:SCN-009,formula_calculated_downside_liquidity_path,owner_reviewed_for_phase6_testing,2025-12-12,within_cutoff,"Recurring financing fees, official covenant definitions, eligible cash, distribution permissions and actual closing cash remain unavailable. Monthly timing is an owner-reviewed testing convention, not observed borrower seasonality."
P6L-00482,data/phase6/processed/MONTHLY_LIQUIDITY_STRESS.csv,monthly_liquidity_stress,P6M-MODERATE_MITIGATED-E-0009,SRC-001;SRC-002;SRC-003,P5A-014;P5A-015;P5A-016;P5A-018:P5A-032;SCN-001:SCN-009,formula_calculated_downside_liquidity_path,owner_reviewed_for_phase6_testing,2025-12-12,within_cutoff,"Recurring financing fees, official covenant definitions, eligible cash, distribution permissions and actual closing cash remain unavailable. Monthly timing is an owner-reviewed testing convention, not observed borrower seasonality."
P6L-00483,data/phase6/processed/MONTHLY_LIQUIDITY_STRESS.csv,monthly_liquidity_stress,P6M-MODERATE_MITIGATED-E-0010,SRC-001;SRC-002;SRC-003,P5A-014;P5A-015;P5A-016;P5A-018:P5A-032;SCN-001:SCN-009,formula_calculated_downside_liquidity_path,owner_reviewed_for_phase6_testing,2025-12-12,within_cutoff,"Recurring financing fees, official covenant definitions, eligible cash, distribution permissions and actual closing cash remain unavailable. Monthly timing is an owner-reviewed testing convention, not observed borrower seasonality."
P6L-00484,data/phase6/processed/MONTHLY_LIQUIDITY_STRESS.csv,monthly_liquidity_stress,P6M-MODERATE_MITIGATED-E-0011,SRC-001;SRC-002;SRC-003,P5A-014;P5A-015;P5A-016;P5A-018:P5A-032;SCN-001:SCN-009,formula_calculated_downside_liquidity_path,owner_reviewed_for_phase6_testing,2025-12-12,within_cutoff,"Recurring financing fees, official covenant definitions, eligible cash, distribution permissions and actual closing cash remain unavailable. Monthly timing is an owner-reviewed testing convention, not observed borrower seasonality."
P6L-00485,data/phase6/processed/MONTHLY_LIQUIDITY_STRESS.csv,monthly_liquidity_stress,P6M-MODERATE_MITIGATED-E-0012,SRC-001;SRC-002;SRC-003,P5A-014;P5A-015;P5A-016;P5A-018:P5A-032;SCN-001:SCN-009,formula_calculated_downside_liquidity_path,owner_reviewed_for_phase6_testing,2025-12-12,within_cutoff,"Recurring financing fees, official covenant definitions, eligible cash, distribution permissions and actual closing cash remain unavailable. Monthly timing is an owner-reviewed testing convention, not observed borrower seasonality."
P6L-00486,data/phase6/processed/MONTHLY_LIQUIDITY_STRESS.csv,monthly_liquidity_stress,P6M-MODERATE_MITIGATED-E-0013,SRC-001;SRC-002;SRC-003,P5A-014;P5A-015;P5A-016;P5A-018:P5A-032;SCN-001:SCN-009,formula_calculated_downside_liquidity_path,owner_reviewed_for_phase6_testing,2025-12-12,within_cutoff,"Recurring financing fees, official covenant definitions, eligible cash, distribution permissions and actual closing cash remain unavailable. Monthly timing is an owner-reviewed testing convention, not observed borrower seasonality."
P6L-00487,data/phase6/processed/MONTHLY_LIQUIDITY_STRESS.csv,monthly_liquidity_stress,P6M-MODERATE_MITIGATED-E-0014,SRC-001;SRC-002;SRC-003,P5A-014;P5A-015;P5A-016;P5A-018:P5A-032;SCN-001:SCN-009,formula_calculated_downside_liquidity_path,owner_reviewed_for_phase6_testing,2025-12-12,within_cutoff,"Recurring financing fees, official covenant definitions, eligible cash, distribution permissions and actual closing cash remain unavailable. Monthly timing is an owner-reviewed testing convention, not observed borrower seasonality."
P6L-00488,data/phase6/processed/MONTHLY_LIQUIDITY_STRESS.csv,monthly_liquidity_stress,P6M-MODERATE_MITIGATED-E-0015,SRC-001;SRC-002;SRC-003,P5A-014;P5A-015;P5A-016;P5A-018:P5A-032;SCN-001:SCN-009,formula_calculated_downside_liquidity_path,owner_reviewed_for_phase6_testing,2025-12-12,within_cutoff,"Recurring financing fees, official covenant definitions, eligible cash, distribution permissions and actual closing cash remain unavailable. Monthly timing is an owner-reviewed testing convention, not observed borrower seasonality."
P6L-00489,data/phase6/processed/MONTHLY_LIQUIDITY_STRESS.csv,monthly_liquidity_stress,P6M-MODERATE_MITIGATED-E-0016,SRC-001;SRC-002;SRC-003,P5A-014;P5A-015;P5A-016;P5A-018:P5A-032;SCN-001:SCN-009,formula_calculated_downside_liquidity_path,owner_reviewed_for_phase6_testing,2025-12-12,within_cutoff,"Recurring financing fees, official covenant definitions, eligible cash, distribution permissions and actual closing cash remain unavailable. Monthly timing is an owner-reviewed testing convention, not observed borrower seasonality."
P6L-00490,data/phase6/processed/MONTHLY_LIQUIDITY_STRESS.csv,monthly_liquidity_stress,P6M-MODERATE_MITIGATED-E-0017,SRC-001;SRC-002;SRC-003,P5A-014;P5A-015;P5A-016;P5A-018:P5A-032;SCN-001:SCN-009,formula_calculated_downside_liquidity_path,owner_reviewed_for_phase6_testing,2025-12-12,within_cutoff,"Recurring financing fees, official covenant definitions, eligible cash, distribution permissions and actual closing cash remain unavailable. Monthly timing is an owner-reviewed testing convention, not observed borrower seasonality."
P6L-00491,data/phase6/processed/MONTHLY_LIQUIDITY_STRESS.csv,monthly_liquidity_stress,P6M-MODERATE_MITIGATED-E-0018,SRC-001;SRC-002;SRC-003,P5A-014;P5A-015;P5A-016;P5A-018:P5A-032;SCN-001:SCN-009,formula_calculated_downside_liquidity_path,owner_reviewed_for_phase6_testing,2025-12-12,within_cutoff,"Recurring financing fees, official covenant definitions, eligible cash, distribution permissions and actual closing cash remain unavailable. Monthly timing is an owner-reviewed testing convention, not observed borrower seasonality."
P6L-00492,data/phase6/processed/MONTHLY_LIQUIDITY_STRESS.csv,monthly_liquidity_stress,P6M-MODERATE_MITIGATED-E-0019,SRC-001;SRC-002;SRC-003,P5A-014;P5A-015;P5A-016;P5A-018:P5A-032;SCN-001:SCN-009,formula_calculated_downside_liquidity_path,owner_reviewed_for_phase6_testing,2025-12-12,within_cutoff,"Recurring financing fees, official covenant definitions, eligible cash, distribution permissions and actual closing cash remain unavailable. Monthly timing is an owner-reviewed testing convention, not observed borrower seasonality."
P6L-00493,data/phase6/processed/MONTHLY_LIQUIDITY_STRESS.csv,monthly_liquidity_stress,P6M-MODERATE_MITIGATED-E-0020,SRC-001;SRC-002;SRC-003,P5A-014;P5A-015;P5A-016;P5A-018:P5A-032;SCN-001:SCN-009,formula_calculated_downside_liquidity_path,owner_reviewed_for_phase6_testing,2025-12-12,within_cutoff,"Recurring financing fees, official covenant definitions, eligible cash, distribution permissions and actual closing cash remain unavailable. Monthly timing is an owner-reviewed testing convention, not observed borrower seasonality."
P6L-00494,data/phase6/processed/MONTHLY_LIQUIDITY_STRESS.csv,monthly_liquidity_stress,P6M-MODERATE_MITIGATED-E-0021,SRC-001;SRC-002;SRC-003,P5A-014;P5A-015;P5A-016;P5A-018:P5A-032;SCN-001:SCN-009,formula_calculated_downside_liquidity_path,owner_reviewed_for_phase6_testing,2025-12-12,within_cutoff,"Recurring financing fees, official covenant definitions, eligible cash, distribution permissions and actual closing cash remain unavailable. Monthly timing is an owner-reviewed testing convention, not observed borrower seasonality."
P6L-00495,data/phase6/processed/MONTHLY_LIQUIDITY_STRESS.csv,monthly_liquidity_stress,P6M-MODERATE_MITIGATED-E-0022,SRC-001;SRC-002;SRC-003,P5A-014;P5A-015;P5A-016;P5A-018:P5A-032;SCN-001:SCN-009,formula_calculated_downside_liquidity_path,owner_reviewed_for_phase6_testing,2025-12-12,within_cutoff,"Recurring financing fees, official covenant definitions, eligible cash, distribution permissions and actual closing cash remain unavailable. Monthly timing is an owner-reviewed testing convention, not observed borrower seasonality."
P6L-00496,data/phase6/processed/MONTHLY_LIQUIDITY_STRESS.csv,monthly_liquidity_stress,P6M-MODERATE_MITIGATED-E-0023,SRC-001;SRC-002;SRC-003,P5A-014;P5A-015;P5A-016;P5A-018:P5A-032;SCN-001:SCN-009,formula_calculated_downside_liquidity_path,owner_reviewed_for_phase6_testing,2025-12-12,within_cutoff,"Recurring financing fees, official covenant definitions, eligible cash, distribution permissions and actual closing cash remain unavailable. Monthly timing is an owner-reviewed testing convention, not observed borrower seasonality."
P6L-00497,data/phase6/processed/MONTHLY_LIQUIDITY_STRESS.csv,monthly_liquidity_stress,P6M-MODERATE_MITIGATED-E-0024,SRC-001;SRC-002;SRC-003,P5A-014;P5A-015;P5A-016;P5A-018:P5A-032;SCN-001:SCN-009,formula_calculated_downside_liquidity_path,owner_reviewed_for_phase6_testing,2025-12-12,within_cutoff,"Recurring financing fees, official covenant definitions, eligible cash, distribution permissions and actual closing cash remain unavailable. Monthly timing is an owner-reviewed testing convention, not observed borrower seasonality."
P6L-00498,data/phase6/processed/MONTHLY_LIQUIDITY_STRESS.csv,monthly_liquidity_stress,P6M-MODERATE_MITIGATED-E-0025,SRC-001;SRC-002;SRC-003,P5A-014;P5A-015;P5A-016;P5A-018:P5A-032;SCN-001:SCN-009,formula_calculated_downside_liquidity_path,owner_reviewed_for_phase6_testing,2025-12-12,within_cutoff,"Recurring financing fees, official covenant definitions, eligible cash, distribution permissions and actual closing cash remain unavailable. Monthly timing is an owner-reviewed testing convention, not observed borrower seasonality."
P6L-00499,data/phase6/processed/MONTHLY_LIQUIDITY_STRESS.csv,monthly_liquidity_stress,P6M-MODERATE_MITIGATED-E-0026,SRC-001;SRC-002;SRC-003,P5A-014;P5A-015;P5A-016;P5A-018:P5A-032;SCN-001:SCN-009,formula_calculated_downside_liquidity_path,owner_reviewed_for_phase6_testing,2025-12-12,within_cutoff,"Recurring financing fees, official covenant definitions, eligible cash, distribution permissions and actual closing cash remain unavailable. Monthly timing is an owner-reviewed testing convention, not observed borrower seasonality."
P6L-00500,data/phase6/processed/MONTHLY_LIQUIDITY_STRESS.csv,monthly_liquidity_stress,P6M-MODERATE_MITIGATED-E-0027,SRC-001;SRC-002;SRC-003,P5A-014;P5A-015;P5A-016;P5A-018:P5A-032;SCN-001:SCN-009,formula_calculated_downside_liquidity_path,owner_reviewed_for_phase6_testing,2025-12-12,within_cutoff,"Recurring financing fees, official covenant definitions, eligible cash, distribution permissions and actual closing cash remain unavailable. Monthly timing is an owner-reviewed testing convention, not observed borrower seasonality."
P6L-00501,data/phase6/processed/MONTHLY_LIQUIDITY_STRESS.csv,monthly_liquidity_stress,P6M-MODERATE_MITIGATED-E-0028,SRC-001;SRC-002;SRC-003,P5A-014;P5A-015;P5A-016;P5A-018:P5A-032;SCN-001:SCN-009,formula_calculated_downside_liquidity_path,owner_reviewed_for_phase6_testing,2025-12-12,within_cutoff,"Recurring financing fees, official covenant definitions, eligible cash, distribution permissions and actual closing cash remain unavailable. Monthly timing is an owner-reviewed testing convention, not observed borrower seasonality."
P6L-00502,data/phase6/processed/MONTHLY_LIQUIDITY_STRESS.csv,monthly_liquidity_stress,P6M-MODERATE_MITIGATED-E-0029,SRC-001;SRC-002;SRC-003,P5A-014;P5A-015;P5A-016;P5A-018:P5A-032;SCN-001:SCN-009,formula_calculated_downside_liquidity_path,owner_reviewed_for_phase6_testing,2025-12-12,within_cutoff,"Recurring financing fees, official covenant definitions, eligible cash, distribution permissions and actual closing cash remain unavailable. Monthly timing is an owner-reviewed testing convention, not observed borrower seasonality."
P6L-00503,data/phase6/processed/MONTHLY_LIQUIDITY_STRESS.csv,monthly_liquidity_stress,P6M-MODERATE_MITIGATED-E-0030,SRC-001;SRC-002;SRC-003,P5A-014;P5A-015;P5A-016;P5A-018:P5A-032;SCN-001:SCN-009,formula_calculated_downside_liquidity_path,owner_reviewed_for_phase6_testing,2025-12-12,within_cutoff,"Recurring financing fees, official covenant definitions, eligible cash, distribution permissions and actual closing cash remain unavailable. Monthly timing is an owner-reviewed testing convention, not observed borrower seasonality."
P6L-00504,data/phase6/processed/MONTHLY_LIQUIDITY_STRESS.csv,monthly_liquidity_stress,P6M-MODERATE_MITIGATED-E-0031,SRC-001;SRC-002;SRC-003,P5A-014;P5A-015;P5A-016;P5A-018:P5A-032;SCN-001:SCN-009,formula_calculated_downside_liquidity_path,owner_reviewed_for_phase6_testing,2025-12-12,within_cutoff,"Recurring financing fees, official covenant definitions, eligible cash, distribution permissions and actual closing cash remain unavailable. Monthly timing is an owner-reviewed testing convention, not observed borrower seasonality."
P6L-00505,data/phase6/processed/MONTHLY_LIQUIDITY_STRESS.csv,monthly_liquidity_stress,P6M-MODERATE_MITIGATED-E-0032,SRC-001;SRC-002;SRC-003,P5A-014;P5A-015;P5A-016;P5A-018:P5A-032;SCN-001:SCN-009,formula_calculated_downside_liquidity_path,owner_reviewed_for_phase6_testing,2025-12-12,within_cutoff,"Recurring financing fees, official covenant definitions, eligible cash, distribution permissions and actual closing cash remain unavailable. Monthly timing is an owner-reviewed testing convention, not observed borrower seasonality."
P6L-00506,data/phase6/processed/MONTHLY_LIQUIDITY_STRESS.csv,monthly_liquidity_stress,P6M-MODERATE_MITIGATED-E-0033,SRC-001;SRC-002;SRC-003,P5A-014;P5A-015;P5A-016;P5A-018:P5A-032;SCN-001:SCN-009,formula_calculated_downside_liquidity_path,owner_reviewed_for_phase6_testing,2025-12-12,within_cutoff,"Recurring financing fees, official covenant definitions, eligible cash, distribution permissions and actual closing cash remain unavailable. Monthly timing is an owner-reviewed testing convention, not observed borrower seasonality."
P6L-00507,data/phase6/processed/MONTHLY_LIQUIDITY_STRESS.csv,monthly_liquidity_stress,P6M-MODERATE_MITIGATED-E-0034,SRC-001;SRC-002;SRC-003,P5A-014;P5A-015;P5A-016;P5A-018:P5A-032;SCN-001:SCN-009,formula_calculated_downside_liquidity_path,owner_reviewed_for_phase6_testing,2025-12-12,within_cutoff,"Recurring financing fees, official covenant definitions, eligible cash, distribution permissions and actual closing cash remain unavailable. Monthly timing is an owner-reviewed testing convention, not observed borrower seasonality."
P6L-00508,data/phase6/processed/MONTHLY_LIQUIDITY_STRESS.csv,monthly_liquidity_stress,P6M-MODERATE_MITIGATED-E-0035,SRC-001;SRC-002;SRC-003,P5A-014;P5A-015;P5A-016;P5A-018:P5A-032;SCN-001:SCN-009,formula_calculated_downside_liquidity_path,owner_reviewed_for_phase6_testing,2025-12-12,within_cutoff,"Recurring financing fees, official covenant definitions, eligible cash, distribution permissions and actual closing cash remain unavailable. Monthly timing is an owner-reviewed testing convention, not observed borrower seasonality."
P6L-00509,data/phase6/processed/MONTHLY_LIQUIDITY_STRESS.csv,monthly_liquidity_stress,P6M-MODERATE_MITIGATED-E-0036,SRC-001;SRC-002;SRC-003,P5A-014;P5A-015;P5A-016;P5A-018:P5A-032;SCN-001:SCN-009,formula_calculated_downside_liquidity_path,owner_reviewed_for_phase6_testing,2025-12-12,within_cutoff,"Recurring financing fees, official covenant definitions, eligible cash, distribution permissions and actual closing cash remain unavailable. Monthly timing is an owner-reviewed testing convention, not observed borrower seasonality."
P6L-00510,data/phase6/processed/MONTHLY_LIQUIDITY_STRESS.csv,monthly_liquidity_stress,P6M-MODERATE_MITIGATED-E-0037,SRC-001;SRC-002;SRC-003,P5A-014;P5A-015;P5A-016;P5A-018:P5A-032;SCN-001:SCN-009,formula_calculated_downside_liquidity_path,owner_reviewed_for_phase6_testing,2025-12-12,within_cutoff,"Recurring financing fees, official covenant definitions, eligible cash, distribution permissions and actual closing cash remain unavailable. Monthly timing is an owner-reviewed testing convention, not observed borrower seasonality."
P6L-00511,data/phase6/processed/MONTHLY_LIQUIDITY_STRESS.csv,monthly_liquidity_stress,P6M-MODERATE_MITIGATED-E-0038,SRC-001;SRC-002;SRC-003,P5A-014;P5A-015;P5A-016;P5A-018:P5A-032;SCN-001:SCN-009,formula_calculated_downside_liquidity_path,owner_reviewed_for_phase6_testing,2025-12-12,within_cutoff,"Recurring financing fees, official covenant definitions, eligible cash, distribution permissions and actual closing cash remain unavailable. Monthly timing is an owner-reviewed testing convention, not observed borrower seasonality."
P6L-00512,data/phase6/processed/MONTHLY_LIQUIDITY_STRESS.csv,monthly_liquidity_stress,P6M-MODERATE_MITIGATED-E-0039,SRC-001;SRC-002;SRC-003,P5A-014;P5A-015;P5A-016;P5A-018:P5A-032;SCN-001:SCN-009,formula_calculated_downside_liquidity_path,owner_reviewed_for_phase6_testing,2025-12-12,within_cutoff,"Recurring financing fees, official covenant definitions, eligible cash, distribution permissions and actual closing cash remain unavailable. Monthly timing is an owner-reviewed testing convention, not observed borrower seasonality."
P6L-00513,data/phase6/processed/MONTHLY_LIQUIDITY_STRESS.csv,monthly_liquidity_stress,P6M-MODERATE_MITIGATED-E-0040,SRC-001;SRC-002;SRC-003,P5A-014;P5A-015;P5A-016;P5A-018:P5A-032;SCN-001:SCN-009,formula_calculated_downside_liquidity_path,owner_reviewed_for_phase6_testing,2025-12-12,within_cutoff,"Recurring financing fees, official covenant definitions, eligible cash, distribution permissions and actual closing cash remain unavailable. Monthly timing is an owner-reviewed testing convention, not observed borrower seasonality."
P6L-00514,data/phase6/processed/MONTHLY_LIQUIDITY_STRESS.csv,monthly_liquidity_stress,P6M-MODERATE_MITIGATED-E-0041,SRC-001;SRC-002;SRC-003,P5A-014;P5A-015;P5A-016;P5A-018:P5A-032;SCN-001:SCN-009,formula_calculated_downside_liquidity_path,owner_reviewed_for_phase6_testing,2025-12-12,within_cutoff,"Recurring financing fees, official covenant definitions, eligible cash, distribution permissions and actual closing cash remain unavailable. Monthly timing is an owner-reviewed testing convention, not observed borrower seasonality."
P6L-00515,data/phase6/processed/MONTHLY_LIQUIDITY_STRESS.csv,monthly_liquidity_stress,P6M-MODERATE_MITIGATED-E-0042,SRC-001;SRC-002;SRC-003,P5A-014;P5A-015;P5A-016;P5A-018:P5A-032;SCN-001:SCN-009,formula_calculated_downside_liquidity_path,owner_reviewed_for_phase6_testing,2025-12-12,within_cutoff,"Recurring financing fees, official covenant definitions, eligible cash, distribution permissions and actual closing cash remain unavailable. Monthly timing is an owner-reviewed testing convention, not observed borrower seasonality."
P6L-00516,data/phase6/processed/MONTHLY_LIQUIDITY_STRESS.csv,monthly_liquidity_stress,P6M-SEVERE_MITIGATED-P-0001,SRC-001;SRC-002;SRC-003,P5A-014;P5A-015;P5A-016;P5A-018:P5A-032;SCN-001:SCN-009,formula_calculated_downside_liquidity_path,owner_reviewed_for_phase6_testing,2025-12-12,within_cutoff,"Recurring financing fees, official covenant definitions, eligible cash, distribution permissions and actual closing cash remain unavailable. Monthly timing is an owner-reviewed testing convention, not observed borrower seasonality."
P6L-00517,data/phase6/processed/MONTHLY_LIQUIDITY_STRESS.csv,monthly_liquidity_stress,P6M-SEVERE_MITIGATED-P-0002,SRC-001;SRC-002;SRC-003,P5A-014;P5A-015;P5A-016;P5A-018:P5A-032;SCN-001:SCN-009,formula_calculated_downside_liquidity_path,owner_reviewed_for_phase6_testing,2025-12-12,within_cutoff,"Recurring financing fees, official covenant definitions, eligible cash, distribution permissions and actual closing cash remain unavailable. Monthly timing is an owner-reviewed testing convention, not observed borrower seasonality."
P6L-00518,data/phase6/processed/MONTHLY_LIQUIDITY_STRESS.csv,monthly_liquidity_stress,P6M-SEVERE_MITIGATED-P-0003,SRC-001;SRC-002;SRC-003,P5A-014;P5A-015;P5A-016;P5A-018:P5A-032;SCN-001:SCN-009,formula_calculated_downside_liquidity_path,owner_reviewed_for_phase6_testing,2025-12-12,within_cutoff,"Recurring financing fees, official covenant definitions, eligible cash, distribution permissions and actual closing cash remain unavailable. Monthly timing is an owner-reviewed testing convention, not observed borrower seasonality."
P6L-00519,data/phase6/processed/MONTHLY_LIQUIDITY_STRESS.csv,monthly_liquidity_stress,P6M-SEVERE_MITIGATED-P-0004,SRC-001;SRC-002;SRC-003,P5A-014;P5A-015;P5A-016;P5A-018:P5A-032;SCN-001:SCN-009,formula_calculated_downside_liquidity_path,owner_reviewed_for_phase6_testing,2025-12-12,within_cutoff,"Recurring financing fees, official covenant definitions, eligible cash, distribution permissions and actual closing cash remain unavailable. Monthly timing is an owner-reviewed testing convention, not observed borrower seasonality."
P6L-00520,data/phase6/processed/MONTHLY_LIQUIDITY_STRESS.csv,monthly_liquidity_stress,P6M-SEVERE_MITIGATED-P-0005,SRC-001;SRC-002;SRC-003,P5A-014;P5A-015;P5A-016;P5A-018:P5A-032;SCN-001:SCN-009,formula_calculated_downside_liquidity_path,owner_reviewed_for_phase6_testing,2025-12-12,within_cutoff,"Recurring financing fees, official covenant definitions, eligible cash, distribution permissions and actual closing cash remain unavailable. Monthly timing is an owner-reviewed testing convention, not observed borrower seasonality."
P6L-00521,data/phase6/processed/MONTHLY_LIQUIDITY_STRESS.csv,monthly_liquidity_stress,P6M-SEVERE_MITIGATED-P-0006,SRC-001;SRC-002;SRC-003,P5A-014;P5A-015;P5A-016;P5A-018:P5A-032;SCN-001:SCN-009,formula_calculated_downside_liquidity_path,owner_reviewed_for_phase6_testing,2025-12-12,within_cutoff,"Recurring financing fees, official covenant definitions, eligible cash, distribution permissions and actual closing cash remain unavailable. Monthly timing is an owner-reviewed testing convention, not observed borrower seasonality."
P6L-00522,data/phase6/processed/MONTHLY_LIQUIDITY_STRESS.csv,monthly_liquidity_stress,P6M-SEVERE_MITIGATED-P-0007,SRC-001;SRC-002;SRC-003,P5A-014;P5A-015;P5A-016;P5A-018:P5A-032;SCN-001:SCN-009,formula_calculated_downside_liquidity_path,owner_reviewed_for_phase6_testing,2025-12-12,within_cutoff,"Recurring financing fees, official covenant definitions, eligible cash, distribution permissions and actual closing cash remain unavailable. Monthly timing is an owner-reviewed testing convention, not observed borrower seasonality."
P6L-00523,data/phase6/processed/MONTHLY_LIQUIDITY_STRESS.csv,monthly_liquidity_stress,P6M-SEVERE_MITIGATED-P-0008,SRC-001;SRC-002;SRC-003,P5A-014;P5A-015;P5A-016;P5A-018:P5A-032;SCN-001:SCN-009,formula_calculated_downside_liquidity_path,owner_reviewed_for_phase6_testing,2025-12-12,within_cutoff,"Recurring financing fees, official covenant definitions, eligible cash, distribution permissions and actual closing cash remain unavailable. Monthly timing is an owner-reviewed testing convention, not observed borrower seasonality."
P6L-00524,data/phase6/processed/MONTHLY_LIQUIDITY_STRESS.csv,monthly_liquidity_stress,P6M-SEVERE_MITIGATED-P-0009,SRC-001;SRC-002;SRC-003,P5A-014;P5A-015;P5A-016;P5A-018:P5A-032;SCN-001:SCN-009,formula_calculated_downside_liquidity_path,owner_reviewed_for_phase6_testing,2025-12-12,within_cutoff,"Recurring financing fees, official covenant definitions, eligible cash, distribution permissions and actual closing cash remain unavailable. Monthly timing is an owner-reviewed testing convention, not observed borrower seasonality."
P6L-00525,data/phase6/processed/MONTHLY_LIQUIDITY_STRESS.csv,monthly_liquidity_stress,P6M-SEVERE_MITIGATED-P-0010,SRC-001;SRC-002;SRC-003,P5A-014;P5A-015;P5A-016;P5A-018:P5A-032;SCN-001:SCN-009,formula_calculated_downside_liquidity_path,owner_reviewed_for_phase6_testing,2025-12-12,within_cutoff,"Recurring financing fees, official covenant definitions, eligible cash, distribution permissions and actual closing cash remain unavailable. Monthly timing is an owner-reviewed testing convention, not observed borrower seasonality."
P6L-00526,data/phase6/processed/MONTHLY_LIQUIDITY_STRESS.csv,monthly_liquidity_stress,P6M-SEVERE_MITIGATED-P-0011,SRC-001;SRC-002;SRC-003,P5A-014;P5A-015;P5A-016;P5A-018:P5A-032;SCN-001:SCN-009,formula_calculated_downside_liquidity_path,owner_reviewed_for_phase6_testing,2025-12-12,within_cutoff,"Recurring financing fees, official covenant definitions, eligible cash, distribution permissions and actual closing cash remain unavailable. Monthly timing is an owner-reviewed testing convention, not observed borrower seasonality."
P6L-00527,data/phase6/processed/MONTHLY_LIQUIDITY_STRESS.csv,monthly_liquidity_stress,P6M-SEVERE_MITIGATED-P-0012,SRC-001;SRC-002;SRC-003,P5A-014;P5A-015;P5A-016;P5A-018:P5A-032;SCN-001:SCN-009,formula_calculated_downside_liquidity_path,owner_reviewed_for_phase6_testing,2025-12-12,within_cutoff,"Recurring financing fees, official covenant definitions, eligible cash, distribution permissions and actual closing cash remain unavailable. Monthly timing is an owner-reviewed testing convention, not observed borrower seasonality."
P6L-00528,data/phase6/processed/MONTHLY_LIQUIDITY_STRESS.csv,monthly_liquidity_stress,P6M-SEVERE_MITIGATED-P-0013,SRC-001;SRC-002;SRC-003,P5A-014;P5A-015;P5A-016;P5A-018:P5A-032;SCN-001:SCN-009,formula_calculated_downside_liquidity_path,owner_reviewed_for_phase6_testing,2025-12-12,within_cutoff,"Recurring financing fees, official covenant definitions, eligible cash, distribution permissions and actual closing cash remain unavailable. Monthly timing is an owner-reviewed testing convention, not observed borrower seasonality."
P6L-00529,data/phase6/processed/MONTHLY_LIQUIDITY_STRESS.csv,monthly_liquidity_stress,P6M-SEVERE_MITIGATED-P-0014,SRC-001;SRC-002;SRC-003,P5A-014;P5A-015;P5A-016;P5A-018:P5A-032;SCN-001:SCN-009,formula_calculated_downside_liquidity_path,owner_reviewed_for_phase6_testing,2025-12-12,within_cutoff,"Recurring financing fees, official covenant definitions, eligible cash, distribution permissions and actual closing cash remain unavailable. Monthly timing is an owner-reviewed testing convention, not observed borrower seasonality."
P6L-00530,data/phase6/processed/MONTHLY_LIQUIDITY_STRESS.csv,monthly_liquidity_stress,P6M-SEVERE_MITIGATED-P-0015,SRC-001;SRC-002;SRC-003,P5A-014;P5A-015;P5A-016;P5A-018:P5A-032;SCN-001:SCN-009,formula_calculated_downside_liquidity_path,owner_reviewed_for_phase6_testing,2025-12-12,within_cutoff,"Recurring financing fees, official covenant definitions, eligible cash, distribution permissions and actual closing cash remain unavailable. Monthly timing is an owner-reviewed testing convention, not observed borrower seasonality."
P6L-00531,data/phase6/processed/MONTHLY_LIQUIDITY_STRESS.csv,monthly_liquidity_stress,P6M-SEVERE_MITIGATED-P-0016,SRC-001;SRC-002;SRC-003,P5A-014;P5A-015;P5A-016;P5A-018:P5A-032;SCN-001:SCN-009,formula_calculated_downside_liquidity_path,owner_reviewed_for_phase6_testing,2025-12-12,within_cutoff,"Recurring financing fees, official covenant definitions, eligible cash, distribution permissions and actual closing cash remain unavailable. Monthly timing is an owner-reviewed testing convention, not observed borrower seasonality."
P6L-00532,data/phase6/processed/MONTHLY_LIQUIDITY_STRESS.csv,monthly_liquidity_stress,P6M-SEVERE_MITIGATED-P-0017,SRC-001;SRC-002;SRC-003,P5A-014;P5A-015;P5A-016;P5A-018:P5A-032;SCN-001:SCN-009,formula_calculated_downside_liquidity_path,owner_reviewed_for_phase6_testing,2025-12-12,within_cutoff,"Recurring financing fees, official covenant definitions, eligible cash, distribution permissions and actual closing cash remain unavailable. Monthly timing is an owner-reviewed testing convention, not observed borrower seasonality."
P6L-00533,data/phase6/processed/MONTHLY_LIQUIDITY_STRESS.csv,monthly_liquidity_stress,P6M-SEVERE_MITIGATED-P-0018,SRC-001;SRC-002;SRC-003,P5A-014;P5A-015;P5A-016;P5A-018:P5A-032;SCN-001:SCN-009,formula_calculated_downside_liquidity_path,owner_reviewed_for_phase6_testing,2025-12-12,within_cutoff,"Recurring financing fees, official covenant definitions, eligible cash, distribution permissions and actual closing cash remain unavailable. Monthly timing is an owner-reviewed testing convention, not observed borrower seasonality."
P6L-00534,data/phase6/processed/MONTHLY_LIQUIDITY_STRESS.csv,monthly_liquidity_stress,P6M-SEVERE_MITIGATED-P-0019,SRC-001;SRC-002;SRC-003,P5A-014;P5A-015;P5A-016;P5A-018:P5A-032;SCN-001:SCN-009,formula_calculated_downside_liquidity_path,owner_reviewed_for_phase6_testing,2025-12-12,within_cutoff,"Recurring financing fees, official covenant definitions, eligible cash, distribution permissions and actual closing cash remain unavailable. Monthly timing is an owner-reviewed testing convention, not observed borrower seasonality."
P6L-00535,data/phase6/processed/MONTHLY_LIQUIDITY_STRESS.csv,monthly_liquidity_stress,P6M-SEVERE_MITIGATED-P-0020,SRC-001;SRC-002;SRC-003,P5A-014;P5A-015;P5A-016;P5A-018:P5A-032;SCN-001:SCN-009,formula_calculated_downside_liquidity_path,owner_reviewed_for_phase6_testing,2025-12-12,within_cutoff,"Recurring financing fees, official covenant definitions, eligible cash, distribution permissions and actual closing cash remain unavailable. Monthly timing is an owner-reviewed testing convention, not observed borrower seasonality."
P6L-00536,data/phase6/processed/MONTHLY_LIQUIDITY_STRESS.csv,monthly_liquidity_stress,P6M-SEVERE_MITIGATED-P-0021,SRC-001;SRC-002;SRC-003,P5A-014;P5A-015;P5A-016;P5A-018:P5A-032;SCN-001:SCN-009,formula_calculated_downside_liquidity_path,owner_reviewed_for_phase6_testing,2025-12-12,within_cutoff,"Recurring financing fees, official covenant definitions, eligible cash, distribution permissions and actual closing cash remain unavailable. Monthly timing is an owner-reviewed testing convention, not observed borrower seasonality."
P6L-00537,data/phase6/processed/MONTHLY_LIQUIDITY_STRESS.csv,monthly_liquidity_stress,P6M-SEVERE_MITIGATED-P-0022,SRC-001;SRC-002;SRC-003,P5A-014;P5A-015;P5A-016;P5A-018:P5A-032;SCN-001:SCN-009,formula_calculated_downside_liquidity_path,owner_reviewed_for_phase6_testing,2025-12-12,within_cutoff,"Recurring financing fees, official covenant definitions, eligible cash, distribution permissions and actual closing cash remain unavailable. Monthly timing is an owner-reviewed testing convention, not observed borrower seasonality."
P6L-00538,data/phase6/processed/MONTHLY_LIQUIDITY_STRESS.csv,monthly_liquidity_stress,P6M-SEVERE_MITIGATED-P-0023,SRC-001;SRC-002;SRC-003,P5A-014;P5A-015;P5A-016;P5A-018:P5A-032;SCN-001:SCN-009,formula_calculated_downside_liquidity_path,owner_reviewed_for_phase6_testing,2025-12-12,within_cutoff,"Recurring financing fees, official covenant definitions, eligible cash, distribution permissions and actual closing cash remain unavailable. Monthly timing is an owner-reviewed testing convention, not observed borrower seasonality."
P6L-00539,data/phase6/processed/MONTHLY_LIQUIDITY_STRESS.csv,monthly_liquidity_stress,P6M-SEVERE_MITIGATED-P-0024,SRC-001;SRC-002;SRC-003,P5A-014;P5A-015;P5A-016;P5A-018:P5A-032;SCN-001:SCN-009,formula_calculated_downside_liquidity_path,owner_reviewed_for_phase6_testing,2025-12-12,within_cutoff,"Recurring financing fees, official covenant definitions, eligible cash, distribution permissions and actual closing cash remain unavailable. Monthly timing is an owner-reviewed testing convention, not observed borrower seasonality."
P6L-00540,data/phase6/processed/MONTHLY_LIQUIDITY_STRESS.csv,monthly_liquidity_stress,P6M-SEVERE_MITIGATED-P-0025,SRC-001;SRC-002;SRC-003,P5A-014;P5A-015;P5A-016;P5A-018:P5A-032;SCN-001:SCN-009,formula_calculated_downside_liquidity_path,owner_reviewed_for_phase6_testing,2025-12-12,within_cutoff,"Recurring financing fees, official covenant definitions, eligible cash, distribution permissions and actual closing cash remain unavailable. Monthly timing is an owner-reviewed testing convention, not observed borrower seasonality."
P6L-00541,data/phase6/processed/MONTHLY_LIQUIDITY_STRESS.csv,monthly_liquidity_stress,P6M-SEVERE_MITIGATED-P-0026,SRC-001;SRC-002;SRC-003,P5A-014;P5A-015;P5A-016;P5A-018:P5A-032;SCN-001:SCN-009,formula_calculated_downside_liquidity_path,owner_reviewed_for_phase6_testing,2025-12-12,within_cutoff,"Recurring financing fees, official covenant definitions, eligible cash, distribution permissions and actual closing cash remain unavailable. Monthly timing is an owner-reviewed testing convention, not observed borrower seasonality."
P6L-00542,data/phase6/processed/MONTHLY_LIQUIDITY_STRESS.csv,monthly_liquidity_stress,P6M-SEVERE_MITIGATED-P-0027,SRC-001;SRC-002;SRC-003,P5A-014;P5A-015;P5A-016;P5A-018:P5A-032;SCN-001:SCN-009,formula_calculated_downside_liquidity_path,owner_reviewed_for_phase6_testing,2025-12-12,within_cutoff,"Recurring financing fees, official covenant definitions, eligible cash, distribution permissions and actual closing cash remain unavailable. Monthly timing is an owner-reviewed testing convention, not observed borrower seasonality."
P6L-00543,data/phase6/processed/MONTHLY_LIQUIDITY_STRESS.csv,monthly_liquidity_stress,P6M-SEVERE_MITIGATED-P-0028,SRC-001;SRC-002;SRC-003,P5A-014;P5A-015;P5A-016;P5A-018:P5A-032;SCN-001:SCN-009,formula_calculated_downside_liquidity_path,owner_reviewed_for_phase6_testing,2025-12-12,within_cutoff,"Recurring financing fees, official covenant definitions, eligible cash, distribution permissions and actual closing cash remain unavailable. Monthly timing is an owner-reviewed testing convention, not observed borrower seasonality."
P6L-00544,data/phase6/processed/MONTHLY_LIQUIDITY_STRESS.csv,monthly_liquidity_stress,P6M-SEVERE_MITIGATED-P-0029,SRC-001;SRC-002;SRC-003,P5A-014;P5A-015;P5A-016;P5A-018:P5A-032;SCN-001:SCN-009,formula_calculated_downside_liquidity_path,owner_reviewed_for_phase6_testing,2025-12-12,within_cutoff,"Recurring financing fees, official covenant definitions, eligible cash, distribution permissions and actual closing cash remain unavailable. Monthly timing is an owner-reviewed testing convention, not observed borrower seasonality."
P6L-00545,data/phase6/processed/MONTHLY_LIQUIDITY_STRESS.csv,monthly_liquidity_stress,P6M-SEVERE_MITIGATED-P-0030,SRC-001;SRC-002;SRC-003,P5A-014;P5A-015;P5A-016;P5A-018:P5A-032;SCN-001:SCN-009,formula_calculated_downside_liquidity_path,owner_reviewed_for_phase6_testing,2025-12-12,within_cutoff,"Recurring financing fees, official covenant definitions, eligible cash, distribution permissions and actual closing cash remain unavailable. Monthly timing is an owner-reviewed testing convention, not observed borrower seasonality."
P6L-00546,data/phase6/processed/MONTHLY_LIQUIDITY_STRESS.csv,monthly_liquidity_stress,P6M-SEVERE_MITIGATED-P-0031,SRC-001;SRC-002;SRC-003,P5A-014;P5A-015;P5A-016;P5A-018:P5A-032;SCN-001:SCN-009,formula_calculated_downside_liquidity_path,owner_reviewed_for_phase6_testing,2025-12-12,within_cutoff,"Recurring financing fees, official covenant definitions, eligible cash, distribution permissions and actual closing cash remain unavailable. Monthly timing is an owner-reviewed testing convention, not observed borrower seasonality."
P6L-00547,data/phase6/processed/MONTHLY_LIQUIDITY_STRESS.csv,monthly_liquidity_stress,P6M-SEVERE_MITIGATED-P-0032,SRC-001;SRC-002;SRC-003,P5A-014;P5A-015;P5A-016;P5A-018:P5A-032;SCN-001:SCN-009,formula_calculated_downside_liquidity_path,owner_reviewed_for_phase6_testing,2025-12-12,within_cutoff,"Recurring financing fees, official covenant definitions, eligible cash, distribution permissions and actual closing cash remain unavailable. Monthly timing is an owner-reviewed testing convention, not observed borrower seasonality."
P6L-00548,data/phase6/processed/MONTHLY_LIQUIDITY_STRESS.csv,monthly_liquidity_stress,P6M-SEVERE_MITIGATED-P-0033,SRC-001;SRC-002;SRC-003,P5A-014;P5A-015;P5A-016;P5A-018:P5A-032;SCN-001:SCN-009,formula_calculated_downside_liquidity_path,owner_reviewed_for_phase6_testing,2025-12-12,within_cutoff,"Recurring financing fees, official covenant definitions, eligible cash, distribution permissions and actual closing cash remain unavailable. Monthly timing is an owner-reviewed testing convention, not observed borrower seasonality."
P6L-00549,data/phase6/processed/MONTHLY_LIQUIDITY_STRESS.csv,monthly_liquidity_stress,P6M-SEVERE_MITIGATED-P-0034,SRC-001;SRC-002;SRC-003,P5A-014;P5A-015;P5A-016;P5A-018:P5A-032;SCN-001:SCN-009,formula_calculated_downside_liquidity_path,owner_reviewed_for_phase6_testing,2025-12-12,within_cutoff,"Recurring financing fees, official covenant definitions, eligible cash, distribution permissions and actual closing cash remain unavailable. Monthly timing is an owner-reviewed testing convention, not observed borrower seasonality."
P6L-00550,data/phase6/processed/MONTHLY_LIQUIDITY_STRESS.csv,monthly_liquidity_stress,P6M-SEVERE_MITIGATED-P-0035,SRC-001;SRC-002;SRC-003,P5A-014;P5A-015;P5A-016;P5A-018:P5A-032;SCN-001:SCN-009,formula_calculated_downside_liquidity_path,owner_reviewed_for_phase6_testing,2025-12-12,within_cutoff,"Recurring financing fees, official covenant definitions, eligible cash, distribution permissions and actual closing cash remain unavailable. Monthly timing is an owner-reviewed testing convention, not observed borrower seasonality."
P6L-00551,data/phase6/processed/MONTHLY_LIQUIDITY_STRESS.csv,monthly_liquidity_stress,P6M-SEVERE_MITIGATED-P-0036,SRC-001;SRC-002;SRC-003,P5A-014;P5A-015;P5A-016;P5A-018:P5A-032;SCN-001:SCN-009,formula_calculated_downside_liquidity_path,owner_reviewed_for_phase6_testing,2025-12-12,within_cutoff,"Recurring financing fees, official covenant definitions, eligible cash, distribution permissions and actual closing cash remain unavailable. Monthly timing is an owner-reviewed testing convention, not observed borrower seasonality."
P6L-00552,data/phase6/processed/MONTHLY_LIQUIDITY_STRESS.csv,monthly_liquidity_stress,P6M-SEVERE_MITIGATED-P-0037,SRC-001;SRC-002;SRC-003,P5A-014;P5A-015;P5A-016;P5A-018:P5A-032;SCN-001:SCN-009,formula_calculated_downside_liquidity_path,owner_reviewed_for_phase6_testing,2025-12-12,within_cutoff,"Recurring financing fees, official covenant definitions, eligible cash, distribution permissions and actual closing cash remain unavailable. Monthly timing is an owner-reviewed testing convention, not observed borrower seasonality."
P6L-00553,data/phase6/processed/MONTHLY_LIQUIDITY_STRESS.csv,monthly_liquidity_stress,P6M-SEVERE_MITIGATED-P-0038,SRC-001;SRC-002;SRC-003,P5A-014;P5A-015;P5A-016;P5A-018:P5A-032;SCN-001:SCN-009,formula_calculated_downside_liquidity_path,owner_reviewed_for_phase6_testing,2025-12-12,within_cutoff,"Recurring financing fees, official covenant definitions, eligible cash, distribution permissions and actual closing cash remain unavailable. Monthly timing is an owner-reviewed testing convention, not observed borrower seasonality."
P6L-00554,data/phase6/processed/MONTHLY_LIQUIDITY_STRESS.csv,monthly_liquidity_stress,P6M-SEVERE_MITIGATED-P-0039,SRC-001;SRC-002;SRC-003,P5A-014;P5A-015;P5A-016;P5A-018:P5A-032;SCN-001:SCN-009,formula_calculated_downside_liquidity_path,owner_reviewed_for_phase6_testing,2025-12-12,within_cutoff,"Recurring financing fees, official covenant definitions, eligible cash, distribution permissions and actual closing cash remain unavailable. Monthly timing is an owner-reviewed testing convention, not observed borrower seasonality."
P6L-00555,data/phase6/processed/MONTHLY_LIQUIDITY_STRESS.csv,monthly_liquidity_stress,P6M-SEVERE_MITIGATED-P-0040,SRC-001;SRC-002;SRC-003,P5A-014;P5A-015;P5A-016;P5A-018:P5A-032;SCN-001:SCN-009,formula_calculated_downside_liquidity_path,owner_reviewed_for_phase6_testing,2025-12-12,within_cutoff,"Recurring financing fees, official covenant definitions, eligible cash, distribution permissions and actual closing cash remain unavailable. Monthly timing is an owner-reviewed testing convention, not observed borrower seasonality."
P6L-00556,data/phase6/processed/MONTHLY_LIQUIDITY_STRESS.csv,monthly_liquidity_stress,P6M-SEVERE_MITIGATED-P-0041,SRC-001;SRC-002;SRC-003,P5A-014;P5A-015;P5A-016;P5A-018:P5A-032;SCN-001:SCN-009,formula_calculated_downside_liquidity_path,owner_reviewed_for_phase6_testing,2025-12-12,within_cutoff,"Recurring financing fees, official covenant definitions, eligible cash, distribution permissions and actual closing cash remain unavailable. Monthly timing is an owner-reviewed testing convention, not observed borrower seasonality."
P6L-00557,data/phase6/processed/MONTHLY_LIQUIDITY_STRESS.csv,monthly_liquidity_stress,P6M-SEVERE_MITIGATED-P-0042,SRC-001;SRC-002;SRC-003,P5A-014;P5A-015;P5A-016;P5A-018:P5A-032;SCN-001:SCN-009,formula_calculated_downside_liquidity_path,owner_reviewed_for_phase6_testing,2025-12-12,within_cutoff,"Recurring financing fees, official covenant definitions, eligible cash, distribution permissions and actual closing cash remain unavailable. Monthly timing is an owner-reviewed testing convention, not observed borrower seasonality."
P6L-00558,data/phase6/processed/MONTHLY_LIQUIDITY_STRESS.csv,monthly_liquidity_stress,P6M-SEVERE_MITIGATED-P-0043,SRC-001;SRC-002;SRC-003,P5A-014;P5A-015;P5A-016;P5A-018:P5A-032;SCN-001:SCN-009,formula_calculated_downside_liquidity_path,owner_reviewed_for_phase6_testing,2025-12-12,within_cutoff,"Recurring financing fees, official covenant definitions, eligible cash, distribution permissions and actual closing cash remain unavailable. Monthly timing is an owner-reviewed testing convention, not observed borrower seasonality."
P6L-00559,data/phase6/processed/MONTHLY_LIQUIDITY_STRESS.csv,monthly_liquidity_stress,P6M-SEVERE_MITIGATED-P-0044,SRC-001;SRC-002;SRC-003,P5A-014;P5A-015;P5A-016;P5A-018:P5A-032;SCN-001:SCN-009,formula_calculated_downside_liquidity_path,owner_reviewed_for_phase6_testing,2025-12-12,within_cutoff,"Recurring financing fees, official covenant definitions, eligible cash, distribution permissions and actual closing cash remain unavailable. Monthly timing is an owner-reviewed testing convention, not observed borrower seasonality."
P6L-00560,data/phase6/processed/MONTHLY_LIQUIDITY_STRESS.csv,monthly_liquidity_stress,P6M-SEVERE_MITIGATED-P-0045,SRC-001;SRC-002;SRC-003,P5A-014;P5A-015;P5A-016;P5A-018:P5A-032;SCN-001:SCN-009,formula_calculated_downside_liquidity_path,owner_reviewed_for_phase6_testing,2025-12-12,within_cutoff,"Recurring financing fees, official covenant definitions, eligible cash, distribution permissions and actual closing cash remain unavailable. Monthly timing is an owner-reviewed testing convention, not observed borrower seasonality."
P6L-00561,data/phase6/processed/MONTHLY_LIQUIDITY_STRESS.csv,monthly_liquidity_stress,P6M-SEVERE_MITIGATED-P-0046,SRC-001;SRC-002;SRC-003,P5A-014;P5A-015;P5A-016;P5A-018:P5A-032;SCN-001:SCN-009,formula_calculated_downside_liquidity_path,owner_reviewed_for_phase6_testing,2025-12-12,within_cutoff,"Recurring financing fees, official covenant definitions, eligible cash, distribution permissions and actual closing cash remain unavailable. Monthly timing is an owner-reviewed testing convention, not observed borrower seasonality."
P6L-00562,data/phase6/processed/MONTHLY_LIQUIDITY_STRESS.csv,monthly_liquidity_stress,P6M-SEVERE_MITIGATED-P-0047,SRC-001;SRC-002;SRC-003,P5A-014;P5A-015;P5A-016;P5A-018:P5A-032;SCN-001:SCN-009,formula_calculated_downside_liquidity_path,owner_reviewed_for_phase6_testing,2025-12-12,within_cutoff,"Recurring financing fees, official covenant definitions, eligible cash, distribution permissions and actual closing cash remain unavailable. Monthly timing is an owner-reviewed testing convention, not observed borrower seasonality."
P6L-00563,data/phase6/processed/MONTHLY_LIQUIDITY_STRESS.csv,monthly_liquidity_stress,P6M-SEVERE_MITIGATED-P-0048,SRC-001;SRC-002;SRC-003,P5A-014;P5A-015;P5A-016;P5A-018:P5A-032;SCN-001:SCN-009,formula_calculated_downside_liquidity_path,owner_reviewed_for_phase6_testing,2025-12-12,within_cutoff,"Recurring financing fees, official covenant definitions, eligible cash, distribution permissions and actual closing cash remain unavailable. Monthly timing is an owner-reviewed testing convention, not observed borrower seasonality."
P6L-00564,data/phase6/processed/MONTHLY_LIQUIDITY_STRESS.csv,monthly_liquidity_stress,P6M-SEVERE_MITIGATED-P-0049,SRC-001;SRC-002;SRC-003,P5A-014;P5A-015;P5A-016;P5A-018:P5A-032;SCN-001:SCN-009,formula_calculated_downside_liquidity_path,owner_reviewed_for_phase6_testing,2025-12-12,within_cutoff,"Recurring financing fees, official covenant definitions, eligible cash, distribution permissions and actual closing cash remain unavailable. Monthly timing is an owner-reviewed testing convention, not observed borrower seasonality."
P6L-00565,data/phase6/processed/MONTHLY_LIQUIDITY_STRESS.csv,monthly_liquidity_stress,P6M-SEVERE_MITIGATED-P-0050,SRC-001;SRC-002;SRC-003,P5A-014;P5A-015;P5A-016;P5A-018:P5A-032;SCN-001:SCN-009,formula_calculated_downside_liquidity_path,owner_reviewed_for_phase6_testing,2025-12-12,within_cutoff,"Recurring financing fees, official covenant definitions, eligible cash, distribution permissions and actual closing cash remain unavailable. Monthly timing is an owner-reviewed testing convention, not observed borrower seasonality."
P6L-00566,data/phase6/processed/MONTHLY_LIQUIDITY_STRESS.csv,monthly_liquidity_stress,P6M-SEVERE_MITIGATED-P-0051,SRC-001;SRC-002;SRC-003,P5A-014;P5A-015;P5A-016;P5A-018:P5A-032;SCN-001:SCN-009,formula_calculated_downside_liquidity_path,owner_reviewed_for_phase6_testing,2025-12-12,within_cutoff,"Recurring financing fees, official covenant definitions, eligible cash, distribution permissions and actual closing cash remain unavailable. Monthly timing is an owner-reviewed testing convention, not observed borrower seasonality."
P6L-00567,data/phase6/processed/MONTHLY_LIQUIDITY_STRESS.csv,monthly_liquidity_stress,P6M-SEVERE_MITIGATED-P-0052,SRC-001;SRC-002;SRC-003,P5A-014;P5A-015;P5A-016;P5A-018:P5A-032;SCN-001:SCN-009,formula_calculated_downside_liquidity_path,owner_reviewed_for_phase6_testing,2025-12-12,within_cutoff,"Recurring financing fees, official covenant definitions, eligible cash, distribution permissions and actual closing cash remain unavailable. Monthly timing is an owner-reviewed testing convention, not observed borrower seasonality."
P6L-00568,data/phase6/processed/MONTHLY_LIQUIDITY_STRESS.csv,monthly_liquidity_stress,P6M-SEVERE_MITIGATED-P-0053,SRC-001;SRC-002;SRC-003,P5A-014;P5A-015;P5A-016;P5A-018:P5A-032;SCN-001:SCN-009,formula_calculated_downside_liquidity_path,owner_reviewed_for_phase6_testing,2025-12-12,within_cutoff,"Recurring financing fees, official covenant definitions, eligible cash, distribution permissions and actual closing cash remain unavailable. Monthly timing is an owner-reviewed testing convention, not observed borrower seasonality."
P6L-00569,data/phase6/processed/MONTHLY_LIQUIDITY_STRESS.csv,monthly_liquidity_stress,P6M-SEVERE_MITIGATED-P-0054,SRC-001;SRC-002;SRC-003,P5A-014;P5A-015;P5A-016;P5A-018:P5A-032;SCN-001:SCN-009,formula_calculated_downside_liquidity_path,owner_reviewed_for_phase6_testing,2025-12-12,within_cutoff,"Recurring financing fees, official covenant definitions, eligible cash, distribution permissions and actual closing cash remain unavailable. Monthly timing is an owner-reviewed testing convention, not observed borrower seasonality."
P6L-00570,data/phase6/processed/MONTHLY_LIQUIDITY_STRESS.csv,monthly_liquidity_stress,P6M-SEVERE_MITIGATED-P-0055,SRC-001;SRC-002;SRC-003,P5A-014;P5A-015;P5A-016;P5A-018:P5A-032;SCN-001:SCN-009,formula_calculated_downside_liquidity_path,owner_reviewed_for_phase6_testing,2025-12-12,within_cutoff,"Recurring financing fees, official covenant definitions, eligible cash, distribution permissions and actual closing cash remain unavailable. Monthly timing is an owner-reviewed testing convention, not observed borrower seasonality."
P6L-00571,data/phase6/processed/MONTHLY_LIQUIDITY_STRESS.csv,monthly_liquidity_stress,P6M-SEVERE_MITIGATED-P-0056,SRC-001;SRC-002;SRC-003,P5A-014;P5A-015;P5A-016;P5A-018:P5A-032;SCN-001:SCN-009,formula_calculated_downside_liquidity_path,owner_reviewed_for_phase6_testing,2025-12-12,within_cutoff,"Recurring financing fees, official covenant definitions, eligible cash, distribution permissions and actual closing cash remain unavailable. Monthly timing is an owner-reviewed testing convention, not observed borrower seasonality."
P6L-00572,data/phase6/processed/MONTHLY_LIQUIDITY_STRESS.csv,monthly_liquidity_stress,P6M-SEVERE_MITIGATED-P-0057,SRC-001;SRC-002;SRC-003,P5A-014;P5A-015;P5A-016;P5A-018:P5A-032;SCN-001:SCN-009,formula_calculated_downside_liquidity_path,owner_reviewed_for_phase6_testing,2025-12-12,within_cutoff,"Recurring financing fees, official covenant definitions, eligible cash, distribution permissions and actual closing cash remain unavailable. Monthly timing is an owner-reviewed testing convention, not observed borrower seasonality."
P6L-00573,data/phase6/processed/MONTHLY_LIQUIDITY_STRESS.csv,monthly_liquidity_stress,P6M-SEVERE_MITIGATED-P-0058,SRC-001;SRC-002;SRC-003,P5A-014;P5A-015;P5A-016;P5A-018:P5A-032;SCN-001:SCN-009,formula_calculated_downside_liquidity_path,owner_reviewed_for_phase6_testing,2025-12-12,within_cutoff,"Recurring financing fees, official covenant definitions, eligible cash, distribution permissions and actual closing cash remain unavailable. Monthly timing is an owner-reviewed testing convention, not observed borrower seasonality."
P6L-00574,data/phase6/processed/MONTHLY_LIQUIDITY_STRESS.csv,monthly_liquidity_stress,P6M-SEVERE_MITIGATED-P-0059,SRC-001;SRC-002;SRC-003,P5A-014;P5A-015;P5A-016;P5A-018:P5A-032;SCN-001:SCN-009,formula_calculated_downside_liquidity_path,owner_reviewed_for_phase6_testing,2025-12-12,within_cutoff,"Recurring financing fees, official covenant definitions, eligible cash, distribution permissions and actual closing cash remain unavailable. Monthly timing is an owner-reviewed testing convention, not observed borrower seasonality."
P6L-00575,data/phase6/processed/MONTHLY_LIQUIDITY_STRESS.csv,monthly_liquidity_stress,P6M-SEVERE_MITIGATED-P-0060,SRC-001;SRC-002;SRC-003,P5A-014;P5A-015;P5A-016;P5A-018:P5A-032;SCN-001:SCN-009,formula_calculated_downside_liquidity_path,owner_reviewed_for_phase6_testing,2025-12-12,within_cutoff,"Recurring financing fees, official covenant definitions, eligible cash, distribution permissions and actual closing cash remain unavailable. Monthly timing is an owner-reviewed testing convention, not observed borrower seasonality."
P6L-00576,data/phase6/processed/MONTHLY_LIQUIDITY_STRESS.csv,monthly_liquidity_stress,P6M-SEVERE_MITIGATED-E-0001,SRC-001;SRC-002;SRC-003,P5A-014;P5A-015;P5A-016;P5A-018:P5A-032;SCN-001:SCN-009,formula_calculated_downside_liquidity_path,owner_reviewed_for_phase6_testing,2025-12-12,within_cutoff,"Recurring financing fees, official covenant definitions, eligible cash, distribution permissions and actual closing cash remain unavailable. Monthly timing is an owner-reviewed testing convention, not observed borrower seasonality."
P6L-00577,data/phase6/processed/MONTHLY_LIQUIDITY_STRESS.csv,monthly_liquidity_stress,P6M-SEVERE_MITIGATED-E-0002,SRC-001;SRC-002;SRC-003,P5A-014;P5A-015;P5A-016;P5A-018:P5A-032;SCN-001:SCN-009,formula_calculated_downside_liquidity_path,owner_reviewed_for_phase6_testing,2025-12-12,within_cutoff,"Recurring financing fees, official covenant definitions, eligible cash, distribution permissions and actual closing cash remain unavailable. Monthly timing is an owner-reviewed testing convention, not observed borrower seasonality."
P6L-00578,data/phase6/processed/MONTHLY_LIQUIDITY_STRESS.csv,monthly_liquidity_stress,P6M-SEVERE_MITIGATED-E-0003,SRC-001;SRC-002;SRC-003,P5A-014;P5A-015;P5A-016;P5A-018:P5A-032;SCN-001:SCN-009,formula_calculated_downside_liquidity_path,owner_reviewed_for_phase6_testing,2025-12-12,within_cutoff,"Recurring financing fees, official covenant definitions, eligible cash, distribution permissions and actual closing cash remain unavailable. Monthly timing is an owner-reviewed testing convention, not observed borrower seasonality."
P6L-00579,data/phase6/processed/MONTHLY_LIQUIDITY_STRESS.csv,monthly_liquidity_stress,P6M-SEVERE_MITIGATED-E-0004,SRC-001;SRC-002;SRC-003,P5A-014;P5A-015;P5A-016;P5A-018:P5A-032;SCN-001:SCN-009,formula_calculated_downside_liquidity_path,owner_reviewed_for_phase6_testing,2025-12-12,within_cutoff,"Recurring financing fees, official covenant definitions, eligible cash, distribution permissions and actual closing cash remain unavailable. Monthly timing is an owner-reviewed testing convention, not observed borrower seasonality."
P6L-00580,data/phase6/processed/MONTHLY_LIQUIDITY_STRESS.csv,monthly_liquidity_stress,P6M-SEVERE_MITIGATED-E-0005,SRC-001;SRC-002;SRC-003,P5A-014;P5A-015;P5A-016;P5A-018:P5A-032;SCN-001:SCN-009,formula_calculated_downside_liquidity_path,owner_reviewed_for_phase6_testing,2025-12-12,within_cutoff,"Recurring financing fees, official covenant definitions, eligible cash, distribution permissions and actual closing cash remain unavailable. Monthly timing is an owner-reviewed testing convention, not observed borrower seasonality."
P6L-00581,data/phase6/processed/MONTHLY_LIQUIDITY_STRESS.csv,monthly_liquidity_stress,P6M-SEVERE_MITIGATED-E-0006,SRC-001;SRC-002;SRC-003,P5A-014;P5A-015;P5A-016;P5A-018:P5A-032;SCN-001:SCN-009,formula_calculated_downside_liquidity_path,owner_reviewed_for_phase6_testing,2025-12-12,within_cutoff,"Recurring financing fees, official covenant definitions, eligible cash, distribution permissions and actual closing cash remain unavailable. Monthly timing is an owner-reviewed testing convention, not observed borrower seasonality."
P6L-00582,data/phase6/processed/MONTHLY_LIQUIDITY_STRESS.csv,monthly_liquidity_stress,P6M-SEVERE_MITIGATED-E-0007,SRC-001;SRC-002;SRC-003,P5A-014;P5A-015;P5A-016;P5A-018:P5A-032;SCN-001:SCN-009,formula_calculated_downside_liquidity_path,owner_reviewed_for_phase6_testing,2025-12-12,within_cutoff,"Recurring financing fees, official covenant definitions, eligible cash, distribution permissions and actual closing cash remain unavailable. Monthly timing is an owner-reviewed testing convention, not observed borrower seasonality."
P6L-00583,data/phase6/processed/MONTHLY_LIQUIDITY_STRESS.csv,monthly_liquidity_stress,P6M-SEVERE_MITIGATED-E-0008,SRC-001;SRC-002;SRC-003,P5A-014;P5A-015;P5A-016;P5A-018:P5A-032;SCN-001:SCN-009,formula_calculated_downside_liquidity_path,owner_reviewed_for_phase6_testing,2025-12-12,within_cutoff,"Recurring financing fees, official covenant definitions, eligible cash, distribution permissions and actual closing cash remain unavailable. Monthly timing is an owner-reviewed testing convention, not observed borrower seasonality."
P6L-00584,data/phase6/processed/MONTHLY_LIQUIDITY_STRESS.csv,monthly_liquidity_stress,P6M-SEVERE_MITIGATED-E-0009,SRC-001;SRC-002;SRC-003,P5A-014;P5A-015;P5A-016;P5A-018:P5A-032;SCN-001:SCN-009,formula_calculated_downside_liquidity_path,owner_reviewed_for_phase6_testing,2025-12-12,within_cutoff,"Recurring financing fees, official covenant definitions, eligible cash, distribution permissions and actual closing cash remain unavailable. Monthly timing is an owner-reviewed testing convention, not observed borrower seasonality."
P6L-00585,data/phase6/processed/MONTHLY_LIQUIDITY_STRESS.csv,monthly_liquidity_stress,P6M-SEVERE_MITIGATED-E-0010,SRC-001;SRC-002;SRC-003,P5A-014;P5A-015;P5A-016;P5A-018:P5A-032;SCN-001:SCN-009,formula_calculated_downside_liquidity_path,owner_reviewed_for_phase6_testing,2025-12-12,within_cutoff,"Recurring financing fees, official covenant definitions, eligible cash, distribution permissions and actual closing cash remain unavailable. Monthly timing is an owner-reviewed testing convention, not observed borrower seasonality."
P6L-00586,data/phase6/processed/MONTHLY_LIQUIDITY_STRESS.csv,monthly_liquidity_stress,P6M-SEVERE_MITIGATED-E-0011,SRC-001;SRC-002;SRC-003,P5A-014;P5A-015;P5A-016;P5A-018:P5A-032;SCN-001:SCN-009,formula_calculated_downside_liquidity_path,owner_reviewed_for_phase6_testing,2025-12-12,within_cutoff,"Recurring financing fees, official covenant definitions, eligible cash, distribution permissions and actual closing cash remain unavailable. Monthly timing is an owner-reviewed testing convention, not observed borrower seasonality."
P6L-00587,data/phase6/processed/MONTHLY_LIQUIDITY_STRESS.csv,monthly_liquidity_stress,P6M-SEVERE_MITIGATED-E-0012,SRC-001;SRC-002;SRC-003,P5A-014;P5A-015;P5A-016;P5A-018:P5A-032;SCN-001:SCN-009,formula_calculated_downside_liquidity_path,owner_reviewed_for_phase6_testing,2025-12-12,within_cutoff,"Recurring financing fees, official covenant definitions, eligible cash, distribution permissions and actual closing cash remain unavailable. Monthly timing is an owner-reviewed testing convention, not observed borrower seasonality."
P6L-00588,data/phase6/processed/MONTHLY_LIQUIDITY_STRESS.csv,monthly_liquidity_stress,P6M-SEVERE_MITIGATED-E-0013,SRC-001;SRC-002;SRC-003,P5A-014;P5A-015;P5A-016;P5A-018:P5A-032;SCN-001:SCN-009,formula_calculated_downside_liquidity_path,owner_reviewed_for_phase6_testing,2025-12-12,within_cutoff,"Recurring financing fees, official covenant definitions, eligible cash, distribution permissions and actual closing cash remain unavailable. Monthly timing is an owner-reviewed testing convention, not observed borrower seasonality."
P6L-00589,data/phase6/processed/MONTHLY_LIQUIDITY_STRESS.csv,monthly_liquidity_stress,P6M-SEVERE_MITIGATED-E-0014,SRC-001;SRC-002;SRC-003,P5A-014;P5A-015;P5A-016;P5A-018:P5A-032;SCN-001:SCN-009,formula_calculated_downside_liquidity_path,owner_reviewed_for_phase6_testing,2025-12-12,within_cutoff,"Recurring financing fees, official covenant definitions, eligible cash, distribution permissions and actual closing cash remain unavailable. Monthly timing is an owner-reviewed testing convention, not observed borrower seasonality."
P6L-00590,data/phase6/processed/MONTHLY_LIQUIDITY_STRESS.csv,monthly_liquidity_stress,P6M-SEVERE_MITIGATED-E-0015,SRC-001;SRC-002;SRC-003,P5A-014;P5A-015;P5A-016;P5A-018:P5A-032;SCN-001:SCN-009,formula_calculated_downside_liquidity_path,owner_reviewed_for_phase6_testing,2025-12-12,within_cutoff,"Recurring financing fees, official covenant definitions, eligible cash, distribution permissions and actual closing cash remain unavailable. Monthly timing is an owner-reviewed testing convention, not observed borrower seasonality."
P6L-00591,data/phase6/processed/MONTHLY_LIQUIDITY_STRESS.csv,monthly_liquidity_stress,P6M-SEVERE_MITIGATED-E-0016,SRC-001;SRC-002;SRC-003,P5A-014;P5A-015;P5A-016;P5A-018:P5A-032;SCN-001:SCN-009,formula_calculated_downside_liquidity_path,owner_reviewed_for_phase6_testing,2025-12-12,within_cutoff,"Recurring financing fees, official covenant definitions, eligible cash, distribution permissions and actual closing cash remain unavailable. Monthly timing is an owner-reviewed testing convention, not observed borrower seasonality."
P6L-00592,data/phase6/processed/MONTHLY_LIQUIDITY_STRESS.csv,monthly_liquidity_stress,P6M-SEVERE_MITIGATED-E-0017,SRC-001;SRC-002;SRC-003,P5A-014;P5A-015;P5A-016;P5A-018:P5A-032;SCN-001:SCN-009,formula_calculated_downside_liquidity_path,owner_reviewed_for_phase6_testing,2025-12-12,within_cutoff,"Recurring financing fees, official covenant definitions, eligible cash, distribution permissions and actual closing cash remain unavailable. Monthly timing is an owner-reviewed testing convention, not observed borrower seasonality."
P6L-00593,data/phase6/processed/MONTHLY_LIQUIDITY_STRESS.csv,monthly_liquidity_stress,P6M-SEVERE_MITIGATED-E-0018,SRC-001;SRC-002;SRC-003,P5A-014;P5A-015;P5A-016;P5A-018:P5A-032;SCN-001:SCN-009,formula_calculated_downside_liquidity_path,owner_reviewed_for_phase6_testing,2025-12-12,within_cutoff,"Recurring financing fees, official covenant definitions, eligible cash, distribution permissions and actual closing cash remain unavailable. Monthly timing is an owner-reviewed testing convention, not observed borrower seasonality."
P6L-00594,data/phase6/processed/MONTHLY_LIQUIDITY_STRESS.csv,monthly_liquidity_stress,P6M-SEVERE_MITIGATED-E-0019,SRC-001;SRC-002;SRC-003,P5A-014;P5A-015;P5A-016;P5A-018:P5A-032;SCN-001:SCN-009,formula_calculated_downside_liquidity_path,owner_reviewed_for_phase6_testing,2025-12-12,within_cutoff,"Recurring financing fees, official covenant definitions, eligible cash, distribution permissions and actual closing cash remain unavailable. Monthly timing is an owner-reviewed testing convention, not observed borrower seasonality."
P6L-00595,data/phase6/processed/MONTHLY_LIQUIDITY_STRESS.csv,monthly_liquidity_stress,P6M-SEVERE_MITIGATED-E-0020,SRC-001;SRC-002;SRC-003,P5A-014;P5A-015;P5A-016;P5A-018:P5A-032;SCN-001:SCN-009,formula_calculated_downside_liquidity_path,owner_reviewed_for_phase6_testing,2025-12-12,within_cutoff,"Recurring financing fees, official covenant definitions, eligible cash, distribution permissions and actual closing cash remain unavailable. Monthly timing is an owner-reviewed testing convention, not observed borrower seasonality."
P6L-00596,data/phase6/processed/MONTHLY_LIQUIDITY_STRESS.csv,monthly_liquidity_stress,P6M-SEVERE_MITIGATED-E-0021,SRC-001;SRC-002;SRC-003,P5A-014;P5A-015;P5A-016;P5A-018:P5A-032;SCN-001:SCN-009,formula_calculated_downside_liquidity_path,owner_reviewed_for_phase6_testing,2025-12-12,within_cutoff,"Recurring financing fees, official covenant definitions, eligible cash, distribution permissions and actual closing cash remain unavailable. Monthly timing is an owner-reviewed testing convention, not observed borrower seasonality."
P6L-00597,data/phase6/processed/MONTHLY_LIQUIDITY_STRESS.csv,monthly_liquidity_stress,P6M-SEVERE_MITIGATED-E-0022,SRC-001;SRC-002;SRC-003,P5A-014;P5A-015;P5A-016;P5A-018:P5A-032;SCN-001:SCN-009,formula_calculated_downside_liquidity_path,owner_reviewed_for_phase6_testing,2025-12-12,within_cutoff,"Recurring financing fees, official covenant definitions, eligible cash, distribution permissions and actual closing cash remain unavailable. Monthly timing is an owner-reviewed testing convention, not observed borrower seasonality."
P6L-00598,data/phase6/processed/MONTHLY_LIQUIDITY_STRESS.csv,monthly_liquidity_stress,P6M-SEVERE_MITIGATED-E-0023,SRC-001;SRC-002;SRC-003,P5A-014;P5A-015;P5A-016;P5A-018:P5A-032;SCN-001:SCN-009,formula_calculated_downside_liquidity_path,owner_reviewed_for_phase6_testing,2025-12-12,within_cutoff,"Recurring financing fees, official covenant definitions, eligible cash, distribution permissions and actual closing cash remain unavailable. Monthly timing is an owner-reviewed testing convention, not observed borrower seasonality."
P6L-00599,data/phase6/processed/MONTHLY_LIQUIDITY_STRESS.csv,monthly_liquidity_stress,P6M-SEVERE_MITIGATED-E-0024,SRC-001;SRC-002;SRC-003,P5A-014;P5A-015;P5A-016;P5A-018:P5A-032;SCN-001:SCN-009,formula_calculated_downside_liquidity_path,owner_reviewed_for_phase6_testing,2025-12-12,within_cutoff,"Recurring financing fees, official covenant definitions, eligible cash, distribution permissions and actual closing cash remain unavailable. Monthly timing is an owner-reviewed testing convention, not observed borrower seasonality."
P6L-00600,data/phase6/processed/MONTHLY_LIQUIDITY_STRESS.csv,monthly_liquidity_stress,P6M-SEVERE_MITIGATED-E-0025,SRC-001;SRC-002;SRC-003,P5A-014;P5A-015;P5A-016;P5A-018:P5A-032;SCN-001:SCN-009,formula_calculated_downside_liquidity_path,owner_reviewed_for_phase6_testing,2025-12-12,within_cutoff,"Recurring financing fees, official covenant definitions, eligible cash, distribution permissions and actual closing cash remain unavailable. Monthly timing is an owner-reviewed testing convention, not observed borrower seasonality."
P6L-00601,data/phase6/processed/MONTHLY_LIQUIDITY_STRESS.csv,monthly_liquidity_stress,P6M-SEVERE_MITIGATED-E-0026,SRC-001;SRC-002;SRC-003,P5A-014;P5A-015;P5A-016;P5A-018:P5A-032;SCN-001:SCN-009,formula_calculated_downside_liquidity_path,owner_reviewed_for_phase6_testing,2025-12-12,within_cutoff,"Recurring financing fees, official covenant definitions, eligible cash, distribution permissions and actual closing cash remain unavailable. Monthly timing is an owner-reviewed testing convention, not observed borrower seasonality."
P6L-00602,data/phase6/processed/MONTHLY_LIQUIDITY_STRESS.csv,monthly_liquidity_stress,P6M-SEVERE_MITIGATED-E-0027,SRC-001;SRC-002;SRC-003,P5A-014;P5A-015;P5A-016;P5A-018:P5A-032;SCN-001:SCN-009,formula_calculated_downside_liquidity_path,owner_reviewed_for_phase6_testing,2025-12-12,within_cutoff,"Recurring financing fees, official covenant definitions, eligible cash, distribution permissions and actual closing cash remain unavailable. Monthly timing is an owner-reviewed testing convention, not observed borrower seasonality."
P6L-00603,data/phase6/processed/MONTHLY_LIQUIDITY_STRESS.csv,monthly_liquidity_stress,P6M-SEVERE_MITIGATED-E-0028,SRC-001;SRC-002;SRC-003,P5A-014;P5A-015;P5A-016;P5A-018:P5A-032;SCN-001:SCN-009,formula_calculated_downside_liquidity_path,owner_reviewed_for_phase6_testing,2025-12-12,within_cutoff,"Recurring financing fees, official covenant definitions, eligible cash, distribution permissions and actual closing cash remain unavailable. Monthly timing is an owner-reviewed testing convention, not observed borrower seasonality."
P6L-00604,data/phase6/processed/MONTHLY_LIQUIDITY_STRESS.csv,monthly_liquidity_stress,P6M-SEVERE_MITIGATED-E-0029,SRC-001;SRC-002;SRC-003,P5A-014;P5A-015;P5A-016;P5A-018:P5A-032;SCN-001:SCN-009,formula_calculated_downside_liquidity_path,owner_reviewed_for_phase6_testing,2025-12-12,within_cutoff,"Recurring financing fees, official covenant definitions, eligible cash, distribution permissions and actual closing cash remain unavailable. Monthly timing is an owner-reviewed testing convention, not observed borrower seasonality."
P6L-00605,data/phase6/processed/MONTHLY_LIQUIDITY_STRESS.csv,monthly_liquidity_stress,P6M-SEVERE_MITIGATED-E-0030,SRC-001;SRC-002;SRC-003,P5A-014;P5A-015;P5A-016;P5A-018:P5A-032;SCN-001:SCN-009,formula_calculated_downside_liquidity_path,owner_reviewed_for_phase6_testing,2025-12-12,within_cutoff,"Recurring financing fees, official covenant definitions, eligible cash, distribution permissions and actual closing cash remain unavailable. Monthly timing is an owner-reviewed testing convention, not observed borrower seasonality."
P6L-00606,data/phase6/processed/MONTHLY_LIQUIDITY_STRESS.csv,monthly_liquidity_stress,P6M-SEVERE_MITIGATED-E-0031,SRC-001;SRC-002;SRC-003,P5A-014;P5A-015;P5A-016;P5A-018:P5A-032;SCN-001:SCN-009,formula_calculated_downside_liquidity_path,owner_reviewed_for_phase6_testing,2025-12-12,within_cutoff,"Recurring financing fees, official covenant definitions, eligible cash, distribution permissions and actual closing cash remain unavailable. Monthly timing is an owner-reviewed testing convention, not observed borrower seasonality."
P6L-00607,data/phase6/processed/MONTHLY_LIQUIDITY_STRESS.csv,monthly_liquidity_stress,P6M-SEVERE_MITIGATED-E-0032,SRC-001;SRC-002;SRC-003,P5A-014;P5A-015;P5A-016;P5A-018:P5A-032;SCN-001:SCN-009,formula_calculated_downside_liquidity_path,owner_reviewed_for_phase6_testing,2025-12-12,within_cutoff,"Recurring financing fees, official covenant definitions, eligible cash, distribution permissions and actual closing cash remain unavailable. Monthly timing is an owner-reviewed testing convention, not observed borrower seasonality."
P6L-00608,data/phase6/processed/MONTHLY_LIQUIDITY_STRESS.csv,monthly_liquidity_stress,P6M-SEVERE_MITIGATED-E-0033,SRC-001;SRC-002;SRC-003,P5A-014;P5A-015;P5A-016;P5A-018:P5A-032;SCN-001:SCN-009,formula_calculated_downside_liquidity_path,owner_reviewed_for_phase6_testing,2025-12-12,within_cutoff,"Recurring financing fees, official covenant definitions, eligible cash, distribution permissions and actual closing cash remain unavailable. Monthly timing is an owner-reviewed testing convention, not observed borrower seasonality."
P6L-00609,data/phase6/processed/MONTHLY_LIQUIDITY_STRESS.csv,monthly_liquidity_stress,P6M-SEVERE_MITIGATED-E-0034,SRC-001;SRC-002;SRC-003,P5A-014;P5A-015;P5A-016;P5A-018:P5A-032;SCN-001:SCN-009,formula_calculated_downside_liquidity_path,owner_reviewed_for_phase6_testing,2025-12-12,within_cutoff,"Recurring financing fees, official covenant definitions, eligible cash, distribution permissions and actual closing cash remain unavailable. Monthly timing is an owner-reviewed testing convention, not observed borrower seasonality."
P6L-00610,data/phase6/processed/MONTHLY_LIQUIDITY_STRESS.csv,monthly_liquidity_stress,P6M-SEVERE_MITIGATED-E-0035,SRC-001;SRC-002;SRC-003,P5A-014;P5A-015;P5A-016;P5A-018:P5A-032;SCN-001:SCN-009,formula_calculated_downside_liquidity_path,owner_reviewed_for_phase6_testing,2025-12-12,within_cutoff,"Recurring financing fees, official covenant definitions, eligible cash, distribution permissions and actual closing cash remain unavailable. Monthly timing is an owner-reviewed testing convention, not observed borrower seasonality."
P6L-00611,data/phase6/processed/MONTHLY_LIQUIDITY_STRESS.csv,monthly_liquidity_stress,P6M-SEVERE_MITIGATED-E-0036,SRC-001;SRC-002;SRC-003,P5A-014;P5A-015;P5A-016;P5A-018:P5A-032;SCN-001:SCN-009,formula_calculated_downside_liquidity_path,owner_reviewed_for_phase6_testing,2025-12-12,within_cutoff,"Recurring financing fees, official covenant definitions, eligible cash, distribution permissions and actual closing cash remain unavailable. Monthly timing is an owner-reviewed testing convention, not observed borrower seasonality."
P6L-00612,data/phase6/processed/MONTHLY_LIQUIDITY_STRESS.csv,monthly_liquidity_stress,P6M-SEVERE_MITIGATED-E-0037,SRC-001;SRC-002;SRC-003,P5A-014;P5A-015;P5A-016;P5A-018:P5A-032;SCN-001:SCN-009,formula_calculated_downside_liquidity_path,owner_reviewed_for_phase6_testing,2025-12-12,within_cutoff,"Recurring financing fees, official covenant definitions, eligible cash, distribution permissions and actual closing cash remain unavailable. Monthly timing is an owner-reviewed testing convention, not observed borrower seasonality."
P6L-00613,data/phase6/processed/MONTHLY_LIQUIDITY_STRESS.csv,monthly_liquidity_stress,P6M-SEVERE_MITIGATED-E-0038,SRC-001;SRC-002;SRC-003,P5A-014;P5A-015;P5A-016;P5A-018:P5A-032;SCN-001:SCN-009,formula_calculated_downside_liquidity_path,owner_reviewed_for_phase6_testing,2025-12-12,within_cutoff,"Recurring financing fees, official covenant definitions, eligible cash, distribution permissions and actual closing cash remain unavailable. Monthly timing is an owner-reviewed testing convention, not observed borrower seasonality."
P6L-00614,data/phase6/processed/MONTHLY_LIQUIDITY_STRESS.csv,monthly_liquidity_stress,P6M-SEVERE_MITIGATED-E-0039,SRC-001;SRC-002;SRC-003,P5A-014;P5A-015;P5A-016;P5A-018:P5A-032;SCN-001:SCN-009,formula_calculated_downside_liquidity_path,owner_reviewed_for_phase6_testing,2025-12-12,within_cutoff,"Recurring financing fees, official covenant definitions, eligible cash, distribution permissions and actual closing cash remain unavailable. Monthly timing is an owner-reviewed testing convention, not observed borrower seasonality."
P6L-00615,data/phase6/processed/MONTHLY_LIQUIDITY_STRESS.csv,monthly_liquidity_stress,P6M-SEVERE_MITIGATED-E-0040,SRC-001;SRC-002;SRC-003,P5A-014;P5A-015;P5A-016;P5A-018:P5A-032;SCN-001:SCN-009,formula_calculated_downside_liquidity_path,owner_reviewed_for_phase6_testing,2025-12-12,within_cutoff,"Recurring financing fees, official covenant definitions, eligible cash, distribution permissions and actual closing cash remain unavailable. Monthly timing is an owner-reviewed testing convention, not observed borrower seasonality."
P6L-00616,data/phase6/processed/MONTHLY_LIQUIDITY_STRESS.csv,monthly_liquidity_stress,P6M-SEVERE_MITIGATED-E-0041,SRC-001;SRC-002;SRC-003,P5A-014;P5A-015;P5A-016;P5A-018:P5A-032;SCN-001:SCN-009,formula_calculated_downside_liquidity_path,owner_reviewed_for_phase6_testing,2025-12-12,within_cutoff,"Recurring financing fees, official covenant definitions, eligible cash, distribution permissions and actual closing cash remain unavailable. Monthly timing is an owner-reviewed testing convention, not observed borrower seasonality."
P6L-00617,data/phase6/processed/MONTHLY_LIQUIDITY_STRESS.csv,monthly_liquidity_stress,P6M-SEVERE_MITIGATED-E-0042,SRC-001;SRC-002;SRC-003,P5A-014;P5A-015;P5A-016;P5A-018:P5A-032;SCN-001:SCN-009,formula_calculated_downside_liquidity_path,owner_reviewed_for_phase6_testing,2025-12-12,within_cutoff,"Recurring financing fees, official covenant definitions, eligible cash, distribution permissions and actual closing cash remain unavailable. Monthly timing is an owner-reviewed testing convention, not observed borrower seasonality."
P6L-00618,data/phase6/processed/MONTHLY_LIQUIDITY_STRESS.csv,monthly_liquidity_stress,P6M-MODERATE_NO_WAIVER-P-0001,SRC-001;SRC-002;SRC-003,P5A-014;P5A-015;P5A-016;P5A-018:P5A-032;SCN-001:SCN-009,formula_calculated_downside_liquidity_path,owner_reviewed_for_phase6_testing,2025-12-12,within_cutoff,"Recurring financing fees, official covenant definitions, eligible cash, distribution permissions and actual closing cash remain unavailable. Monthly timing is an owner-reviewed testing convention, not observed borrower seasonality."
P6L-00619,data/phase6/processed/MONTHLY_LIQUIDITY_STRESS.csv,monthly_liquidity_stress,P6M-MODERATE_NO_WAIVER-P-0002,SRC-001;SRC-002;SRC-003,P5A-014;P5A-015;P5A-016;P5A-018:P5A-032;SCN-001:SCN-009,formula_calculated_downside_liquidity_path,owner_reviewed_for_phase6_testing,2025-12-12,within_cutoff,"Recurring financing fees, official covenant definitions, eligible cash, distribution permissions and actual closing cash remain unavailable. Monthly timing is an owner-reviewed testing convention, not observed borrower seasonality."
P6L-00620,data/phase6/processed/MONTHLY_LIQUIDITY_STRESS.csv,monthly_liquidity_stress,P6M-MODERATE_NO_WAIVER-P-0003,SRC-001;SRC-002;SRC-003,P5A-014;P5A-015;P5A-016;P5A-018:P5A-032;SCN-001:SCN-009,formula_calculated_downside_liquidity_path,owner_reviewed_for_phase6_testing,2025-12-12,within_cutoff,"Recurring financing fees, official covenant definitions, eligible cash, distribution permissions and actual closing cash remain unavailable. Monthly timing is an owner-reviewed testing convention, not observed borrower seasonality."
P6L-00621,data/phase6/processed/MONTHLY_LIQUIDITY_STRESS.csv,monthly_liquidity_stress,P6M-MODERATE_NO_WAIVER-P-0004,SRC-001;SRC-002;SRC-003,P5A-014;P5A-015;P5A-016;P5A-018:P5A-032;SCN-001:SCN-009,formula_calculated_downside_liquidity_path,owner_reviewed_for_phase6_testing,2025-12-12,within_cutoff,"Recurring financing fees, official covenant definitions, eligible cash, distribution permissions and actual closing cash remain unavailable. Monthly timing is an owner-reviewed testing convention, not observed borrower seasonality."
P6L-00622,data/phase6/processed/MONTHLY_LIQUIDITY_STRESS.csv,monthly_liquidity_stress,P6M-MODERATE_NO_WAIVER-P-0005,SRC-001;SRC-002;SRC-003,P5A-014;P5A-015;P5A-016;P5A-018:P5A-032;SCN-001:SCN-009,formula_calculated_downside_liquidity_path,owner_reviewed_for_phase6_testing,2025-12-12,within_cutoff,"Recurring financing fees, official covenant definitions, eligible cash, distribution permissions and actual closing cash remain unavailable. Monthly timing is an owner-reviewed testing convention, not observed borrower seasonality."
P6L-00623,data/phase6/processed/MONTHLY_LIQUIDITY_STRESS.csv,monthly_liquidity_stress,P6M-MODERATE_NO_WAIVER-P-0006,SRC-001;SRC-002;SRC-003,P5A-014;P5A-015;P5A-016;P5A-018:P5A-032;SCN-001:SCN-009,formula_calculated_downside_liquidity_path,owner_reviewed_for_phase6_testing,2025-12-12,within_cutoff,"Recurring financing fees, official covenant definitions, eligible cash, distribution permissions and actual closing cash remain unavailable. Monthly timing is an owner-reviewed testing convention, not observed borrower seasonality."
P6L-00624,data/phase6/processed/MONTHLY_LIQUIDITY_STRESS.csv,monthly_liquidity_stress,P6M-MODERATE_NO_WAIVER-P-0007,SRC-001;SRC-002;SRC-003,P5A-014;P5A-015;P5A-016;P5A-018:P5A-032;SCN-001:SCN-009,formula_calculated_downside_liquidity_path,owner_reviewed_for_phase6_testing,2025-12-12,within_cutoff,"Recurring financing fees, official covenant definitions, eligible cash, distribution permissions and actual closing cash remain unavailable. Monthly timing is an owner-reviewed testing convention, not observed borrower seasonality."
P6L-00625,data/phase6/processed/MONTHLY_LIQUIDITY_STRESS.csv,monthly_liquidity_stress,P6M-MODERATE_NO_WAIVER-P-0008,SRC-001;SRC-002;SRC-003,P5A-014;P5A-015;P5A-016;P5A-018:P5A-032;SCN-001:SCN-009,formula_calculated_downside_liquidity_path,owner_reviewed_for_phase6_testing,2025-12-12,within_cutoff,"Recurring financing fees, official covenant definitions, eligible cash, distribution permissions and actual closing cash remain unavailable. Monthly timing is an owner-reviewed testing convention, not observed borrower seasonality."
P6L-00626,data/phase6/processed/MONTHLY_LIQUIDITY_STRESS.csv,monthly_liquidity_stress,P6M-MODERATE_NO_WAIVER-P-0009,SRC-001;SRC-002;SRC-003,P5A-014;P5A-015;P5A-016;P5A-018:P5A-032;SCN-001:SCN-009,formula_calculated_downside_liquidity_path,owner_reviewed_for_phase6_testing,2025-12-12,within_cutoff,"Recurring financing fees, official covenant definitions, eligible cash, distribution permissions and actual closing cash remain unavailable. Monthly timing is an owner-reviewed testing convention, not observed borrower seasonality."
P6L-00627,data/phase6/processed/MONTHLY_LIQUIDITY_STRESS.csv,monthly_liquidity_stress,P6M-MODERATE_NO_WAIVER-P-0010,SRC-001;SRC-002;SRC-003,P5A-014;P5A-015;P5A-016;P5A-018:P5A-032;SCN-001:SCN-009,formula_calculated_downside_liquidity_path,owner_reviewed_for_phase6_testing,2025-12-12,within_cutoff,"Recurring financing fees, official covenant definitions, eligible cash, distribution permissions and actual closing cash remain unavailable. Monthly timing is an owner-reviewed testing convention, not observed borrower seasonality."
P6L-00628,data/phase6/processed/MONTHLY_LIQUIDITY_STRESS.csv,monthly_liquidity_stress,P6M-MODERATE_NO_WAIVER-P-0011,SRC-001;SRC-002;SRC-003,P5A-014;P5A-015;P5A-016;P5A-018:P5A-032;SCN-001:SCN-009,formula_calculated_downside_liquidity_path,owner_reviewed_for_phase6_testing,2025-12-12,within_cutoff,"Recurring financing fees, official covenant definitions, eligible cash, distribution permissions and actual closing cash remain unavailable. Monthly timing is an owner-reviewed testing convention, not observed borrower seasonality."
P6L-00629,data/phase6/processed/MONTHLY_LIQUIDITY_STRESS.csv,monthly_liquidity_stress,P6M-MODERATE_NO_WAIVER-P-0012,SRC-001;SRC-002;SRC-003,P5A-014;P5A-015;P5A-016;P5A-018:P5A-032;SCN-001:SCN-009,formula_calculated_downside_liquidity_path,owner_reviewed_for_phase6_testing,2025-12-12,within_cutoff,"Recurring financing fees, official covenant definitions, eligible cash, distribution permissions and actual closing cash remain unavailable. Monthly timing is an owner-reviewed testing convention, not observed borrower seasonality."
P6L-00630,data/phase6/processed/MONTHLY_LIQUIDITY_STRESS.csv,monthly_liquidity_stress,P6M-MODERATE_NO_WAIVER-P-0013,SRC-001;SRC-002;SRC-003,P5A-014;P5A-015;P5A-016;P5A-018:P5A-032;SCN-001:SCN-009,formula_calculated_downside_liquidity_path,owner_reviewed_for_phase6_testing,2025-12-12,within_cutoff,"Recurring financing fees, official covenant definitions, eligible cash, distribution permissions and actual closing cash remain unavailable. Monthly timing is an owner-reviewed testing convention, not observed borrower seasonality."
P6L-00631,data/phase6/processed/MONTHLY_LIQUIDITY_STRESS.csv,monthly_liquidity_stress,P6M-MODERATE_NO_WAIVER-P-0014,SRC-001;SRC-002;SRC-003,P5A-014;P5A-015;P5A-016;P5A-018:P5A-032;SCN-001:SCN-009,formula_calculated_downside_liquidity_path,owner_reviewed_for_phase6_testing,2025-12-12,within_cutoff,"Recurring financing fees, official covenant definitions, eligible cash, distribution permissions and actual closing cash remain unavailable. Monthly timing is an owner-reviewed testing convention, not observed borrower seasonality."
P6L-00632,data/phase6/processed/MONTHLY_LIQUIDITY_STRESS.csv,monthly_liquidity_stress,P6M-MODERATE_NO_WAIVER-P-0015,SRC-001;SRC-002;SRC-003,P5A-014;P5A-015;P5A-016;P5A-018:P5A-032;SCN-001:SCN-009,formula_calculated_downside_liquidity_path,owner_reviewed_for_phase6_testing,2025-12-12,within_cutoff,"Recurring financing fees, official covenant definitions, eligible cash, distribution permissions and actual closing cash remain unavailable. Monthly timing is an owner-reviewed testing convention, not observed borrower seasonality."
P6L-00633,data/phase6/processed/MONTHLY_LIQUIDITY_STRESS.csv,monthly_liquidity_stress,P6M-MODERATE_NO_WAIVER-P-0016,SRC-001;SRC-002;SRC-003,P5A-014;P5A-015;P5A-016;P5A-018:P5A-032;SCN-001:SCN-009,formula_calculated_downside_liquidity_path,owner_reviewed_for_phase6_testing,2025-12-12,within_cutoff,"Recurring financing fees, official covenant definitions, eligible cash, distribution permissions and actual closing cash remain unavailable. Monthly timing is an owner-reviewed testing convention, not observed borrower seasonality."
P6L-00634,data/phase6/processed/MONTHLY_LIQUIDITY_STRESS.csv,monthly_liquidity_stress,P6M-MODERATE_NO_WAIVER-P-0017,SRC-001;SRC-002;SRC-003,P5A-014;P5A-015;P5A-016;P5A-018:P5A-032;SCN-001:SCN-009,formula_calculated_downside_liquidity_path,owner_reviewed_for_phase6_testing,2025-12-12,within_cutoff,"Recurring financing fees, official covenant definitions, eligible cash, distribution permissions and actual closing cash remain unavailable. Monthly timing is an owner-reviewed testing convention, not observed borrower seasonality."
P6L-00635,data/phase6/processed/MONTHLY_LIQUIDITY_STRESS.csv,monthly_liquidity_stress,P6M-MODERATE_NO_WAIVER-P-0018,SRC-001;SRC-002;SRC-003,P5A-014;P5A-015;P5A-016;P5A-018:P5A-032;SCN-001:SCN-009,formula_calculated_downside_liquidity_path,owner_reviewed_for_phase6_testing,2025-12-12,within_cutoff,"Recurring financing fees, official covenant definitions, eligible cash, distribution permissions and actual closing cash remain unavailable. Monthly timing is an owner-reviewed testing convention, not observed borrower seasonality."
P6L-00636,data/phase6/processed/MONTHLY_LIQUIDITY_STRESS.csv,monthly_liquidity_stress,P6M-MODERATE_NO_WAIVER-P-0019,SRC-001;SRC-002;SRC-003,P5A-014;P5A-015;P5A-016;P5A-018:P5A-032;SCN-001:SCN-009,formula_calculated_downside_liquidity_path,owner_reviewed_for_phase6_testing,2025-12-12,within_cutoff,"Recurring financing fees, official covenant definitions, eligible cash, distribution permissions and actual closing cash remain unavailable. Monthly timing is an owner-reviewed testing convention, not observed borrower seasonality."
P6L-00637,data/phase6/processed/MONTHLY_LIQUIDITY_STRESS.csv,monthly_liquidity_stress,P6M-MODERATE_NO_WAIVER-P-0020,SRC-001;SRC-002;SRC-003,P5A-014;P5A-015;P5A-016;P5A-018:P5A-032;SCN-001:SCN-009,formula_calculated_downside_liquidity_path,owner_reviewed_for_phase6_testing,2025-12-12,within_cutoff,"Recurring financing fees, official covenant definitions, eligible cash, distribution permissions and actual closing cash remain unavailable. Monthly timing is an owner-reviewed testing convention, not observed borrower seasonality."
P6L-00638,data/phase6/processed/MONTHLY_LIQUIDITY_STRESS.csv,monthly_liquidity_stress,P6M-MODERATE_NO_WAIVER-P-0021,SRC-001;SRC-002;SRC-003,P5A-014;P5A-015;P5A-016;P5A-018:P5A-032;SCN-001:SCN-009,formula_calculated_downside_liquidity_path,owner_reviewed_for_phase6_testing,2025-12-12,within_cutoff,"Recurring financing fees, official covenant definitions, eligible cash, distribution permissions and actual closing cash remain unavailable. Monthly timing is an owner-reviewed testing convention, not observed borrower seasonality."
P6L-00639,data/phase6/processed/MONTHLY_LIQUIDITY_STRESS.csv,monthly_liquidity_stress,P6M-MODERATE_NO_WAIVER-P-0022,SRC-001;SRC-002;SRC-003,P5A-014;P5A-015;P5A-016;P5A-018:P5A-032;SCN-001:SCN-009,formula_calculated_downside_liquidity_path,owner_reviewed_for_phase6_testing,2025-12-12,within_cutoff,"Recurring financing fees, official covenant definitions, eligible cash, distribution permissions and actual closing cash remain unavailable. Monthly timing is an owner-reviewed testing convention, not observed borrower seasonality."
P6L-00640,data/phase6/processed/MONTHLY_LIQUIDITY_STRESS.csv,monthly_liquidity_stress,P6M-MODERATE_NO_WAIVER-P-0023,SRC-001;SRC-002;SRC-003,P5A-014;P5A-015;P5A-016;P5A-018:P5A-032;SCN-001:SCN-009,formula_calculated_downside_liquidity_path,owner_reviewed_for_phase6_testing,2025-12-12,within_cutoff,"Recurring financing fees, official covenant definitions, eligible cash, distribution permissions and actual closing cash remain unavailable. Monthly timing is an owner-reviewed testing convention, not observed borrower seasonality."
P6L-00641,data/phase6/processed/MONTHLY_LIQUIDITY_STRESS.csv,monthly_liquidity_stress,P6M-MODERATE_NO_WAIVER-P-0024,SRC-001;SRC-002;SRC-003,P5A-014;P5A-015;P5A-016;P5A-018:P5A-032;SCN-001:SCN-009,formula_calculated_downside_liquidity_path,owner_reviewed_for_phase6_testing,2025-12-12,within_cutoff,"Recurring financing fees, official covenant definitions, eligible cash, distribution permissions and actual closing cash remain unavailable. Monthly timing is an owner-reviewed testing convention, not observed borrower seasonality."
P6L-00642,data/phase6/processed/MONTHLY_LIQUIDITY_STRESS.csv,monthly_liquidity_stress,P6M-MODERATE_NO_WAIVER-P-0025,SRC-001;SRC-002;SRC-003,P5A-014;P5A-015;P5A-016;P5A-018:P5A-032;SCN-001:SCN-009,formula_calculated_downside_liquidity_path,owner_reviewed_for_phase6_testing,2025-12-12,within_cutoff,"Recurring financing fees, official covenant definitions, eligible cash, distribution permissions and actual closing cash remain unavailable. Monthly timing is an owner-reviewed testing convention, not observed borrower seasonality."
P6L-00643,data/phase6/processed/MONTHLY_LIQUIDITY_STRESS.csv,monthly_liquidity_stress,P6M-MODERATE_NO_WAIVER-P-0026,SRC-001;SRC-002;SRC-003,P5A-014;P5A-015;P5A-016;P5A-018:P5A-032;SCN-001:SCN-009,formula_calculated_downside_liquidity_path,owner_reviewed_for_phase6_testing,2025-12-12,within_cutoff,"Recurring financing fees, official covenant definitions, eligible cash, distribution permissions and actual closing cash remain unavailable. Monthly timing is an owner-reviewed testing convention, not observed borrower seasonality."
P6L-00644,data/phase6/processed/MONTHLY_LIQUIDITY_STRESS.csv,monthly_liquidity_stress,P6M-MODERATE_NO_WAIVER-P-0027,SRC-001;SRC-002;SRC-003,P5A-014;P5A-015;P5A-016;P5A-018:P5A-032;SCN-001:SCN-009,formula_calculated_downside_liquidity_path,owner_reviewed_for_phase6_testing,2025-12-12,within_cutoff,"Recurring financing fees, official covenant definitions, eligible cash, distribution permissions and actual closing cash remain unavailable. Monthly timing is an owner-reviewed testing convention, not observed borrower seasonality."
P6L-00645,data/phase6/processed/MONTHLY_LIQUIDITY_STRESS.csv,monthly_liquidity_stress,P6M-MODERATE_NO_WAIVER-P-0028,SRC-001;SRC-002;SRC-003,P5A-014;P5A-015;P5A-016;P5A-018:P5A-032;SCN-001:SCN-009,formula_calculated_downside_liquidity_path,owner_reviewed_for_phase6_testing,2025-12-12,within_cutoff,"Recurring financing fees, official covenant definitions, eligible cash, distribution permissions and actual closing cash remain unavailable. Monthly timing is an owner-reviewed testing convention, not observed borrower seasonality."
P6L-00646,data/phase6/processed/MONTHLY_LIQUIDITY_STRESS.csv,monthly_liquidity_stress,P6M-MODERATE_NO_WAIVER-P-0029,SRC-001;SRC-002;SRC-003,P5A-014;P5A-015;P5A-016;P5A-018:P5A-032;SCN-001:SCN-009,formula_calculated_downside_liquidity_path,owner_reviewed_for_phase6_testing,2025-12-12,within_cutoff,"Recurring financing fees, official covenant definitions, eligible cash, distribution permissions and actual closing cash remain unavailable. Monthly timing is an owner-reviewed testing convention, not observed borrower seasonality."
P6L-00647,data/phase6/processed/MONTHLY_LIQUIDITY_STRESS.csv,monthly_liquidity_stress,P6M-MODERATE_NO_WAIVER-P-0030,SRC-001;SRC-002;SRC-003,P5A-014;P5A-015;P5A-016;P5A-018:P5A-032;SCN-001:SCN-009,formula_calculated_downside_liquidity_path,owner_reviewed_for_phase6_testing,2025-12-12,within_cutoff,"Recurring financing fees, official covenant definitions, eligible cash, distribution permissions and actual closing cash remain unavailable. Monthly timing is an owner-reviewed testing convention, not observed borrower seasonality."
P6L-00648,data/phase6/processed/MONTHLY_LIQUIDITY_STRESS.csv,monthly_liquidity_stress,P6M-MODERATE_NO_WAIVER-P-0031,SRC-001;SRC-002;SRC-003,P5A-014;P5A-015;P5A-016;P5A-018:P5A-032;SCN-001:SCN-009,formula_calculated_downside_liquidity_path,owner_reviewed_for_phase6_testing,2025-12-12,within_cutoff,"Recurring financing fees, official covenant definitions, eligible cash, distribution permissions and actual closing cash remain unavailable. Monthly timing is an owner-reviewed testing convention, not observed borrower seasonality."
P6L-00649,data/phase6/processed/MONTHLY_LIQUIDITY_STRESS.csv,monthly_liquidity_stress,P6M-MODERATE_NO_WAIVER-P-0032,SRC-001;SRC-002;SRC-003,P5A-014;P5A-015;P5A-016;P5A-018:P5A-032;SCN-001:SCN-009,formula_calculated_downside_liquidity_path,owner_reviewed_for_phase6_testing,2025-12-12,within_cutoff,"Recurring financing fees, official covenant definitions, eligible cash, distribution permissions and actual closing cash remain unavailable. Monthly timing is an owner-reviewed testing convention, not observed borrower seasonality."
P6L-00650,data/phase6/processed/MONTHLY_LIQUIDITY_STRESS.csv,monthly_liquidity_stress,P6M-MODERATE_NO_WAIVER-P-0033,SRC-001;SRC-002;SRC-003,P5A-014;P5A-015;P5A-016;P5A-018:P5A-032;SCN-001:SCN-009,formula_calculated_downside_liquidity_path,owner_reviewed_for_phase6_testing,2025-12-12,within_cutoff,"Recurring financing fees, official covenant definitions, eligible cash, distribution permissions and actual closing cash remain unavailable. Monthly timing is an owner-reviewed testing convention, not observed borrower seasonality."
P6L-00651,data/phase6/processed/MONTHLY_LIQUIDITY_STRESS.csv,monthly_liquidity_stress,P6M-MODERATE_NO_WAIVER-P-0034,SRC-001;SRC-002;SRC-003,P5A-014;P5A-015;P5A-016;P5A-018:P5A-032;SCN-001:SCN-009,formula_calculated_downside_liquidity_path,owner_reviewed_for_phase6_testing,2025-12-12,within_cutoff,"Recurring financing fees, official covenant definitions, eligible cash, distribution permissions and actual closing cash remain unavailable. Monthly timing is an owner-reviewed testing convention, not observed borrower seasonality."
P6L-00652,data/phase6/processed/MONTHLY_LIQUIDITY_STRESS.csv,monthly_liquidity_stress,P6M-MODERATE_NO_WAIVER-P-0035,SRC-001;SRC-002;SRC-003,P5A-014;P5A-015;P5A-016;P5A-018:P5A-032;SCN-001:SCN-009,formula_calculated_downside_liquidity_path,owner_reviewed_for_phase6_testing,2025-12-12,within_cutoff,"Recurring financing fees, official covenant definitions, eligible cash, distribution permissions and actual closing cash remain unavailable. Monthly timing is an owner-reviewed testing convention, not observed borrower seasonality."
P6L-00653,data/phase6/processed/MONTHLY_LIQUIDITY_STRESS.csv,monthly_liquidity_stress,P6M-MODERATE_NO_WAIVER-P-0036,SRC-001;SRC-002;SRC-003,P5A-014;P5A-015;P5A-016;P5A-018:P5A-032;SCN-001:SCN-009,formula_calculated_downside_liquidity_path,owner_reviewed_for_phase6_testing,2025-12-12,within_cutoff,"Recurring financing fees, official covenant definitions, eligible cash, distribution permissions and actual closing cash remain unavailable. Monthly timing is an owner-reviewed testing convention, not observed borrower seasonality."
P6L-00654,data/phase6/processed/MONTHLY_LIQUIDITY_STRESS.csv,monthly_liquidity_stress,P6M-MODERATE_NO_WAIVER-P-0037,SRC-001;SRC-002;SRC-003,P5A-014;P5A-015;P5A-016;P5A-018:P5A-032;SCN-001:SCN-009,formula_calculated_downside_liquidity_path,owner_reviewed_for_phase6_testing,2025-12-12,within_cutoff,"Recurring financing fees, official covenant definitions, eligible cash, distribution permissions and actual closing cash remain unavailable. Monthly timing is an owner-reviewed testing convention, not observed borrower seasonality."
P6L-00655,data/phase6/processed/MONTHLY_LIQUIDITY_STRESS.csv,monthly_liquidity_stress,P6M-MODERATE_NO_WAIVER-P-0038,SRC-001;SRC-002;SRC-003,P5A-014;P5A-015;P5A-016;P5A-018:P5A-032;SCN-001:SCN-009,formula_calculated_downside_liquidity_path,owner_reviewed_for_phase6_testing,2025-12-12,within_cutoff,"Recurring financing fees, official covenant definitions, eligible cash, distribution permissions and actual closing cash remain unavailable. Monthly timing is an owner-reviewed testing convention, not observed borrower seasonality."
P6L-00656,data/phase6/processed/MONTHLY_LIQUIDITY_STRESS.csv,monthly_liquidity_stress,P6M-MODERATE_NO_WAIVER-P-0039,SRC-001;SRC-002;SRC-003,P5A-014;P5A-015;P5A-016;P5A-018:P5A-032;SCN-001:SCN-009,formula_calculated_downside_liquidity_path,owner_reviewed_for_phase6_testing,2025-12-12,within_cutoff,"Recurring financing fees, official covenant definitions, eligible cash, distribution permissions and actual closing cash remain unavailable. Monthly timing is an owner-reviewed testing convention, not observed borrower seasonality."
P6L-00657,data/phase6/processed/MONTHLY_LIQUIDITY_STRESS.csv,monthly_liquidity_stress,P6M-MODERATE_NO_WAIVER-P-0040,SRC-001;SRC-002;SRC-003,P5A-014;P5A-015;P5A-016;P5A-018:P5A-032;SCN-001:SCN-009,formula_calculated_downside_liquidity_path,owner_reviewed_for_phase6_testing,2025-12-12,within_cutoff,"Recurring financing fees, official covenant definitions, eligible cash, distribution permissions and actual closing cash remain unavailable. Monthly timing is an owner-reviewed testing convention, not observed borrower seasonality."
P6L-00658,data/phase6/processed/MONTHLY_LIQUIDITY_STRESS.csv,monthly_liquidity_stress,P6M-MODERATE_NO_WAIVER-P-0041,SRC-001;SRC-002;SRC-003,P5A-014;P5A-015;P5A-016;P5A-018:P5A-032;SCN-001:SCN-009,formula_calculated_downside_liquidity_path,owner_reviewed_for_phase6_testing,2025-12-12,within_cutoff,"Recurring financing fees, official covenant definitions, eligible cash, distribution permissions and actual closing cash remain unavailable. Monthly timing is an owner-reviewed testing convention, not observed borrower seasonality."
P6L-00659,data/phase6/processed/MONTHLY_LIQUIDITY_STRESS.csv,monthly_liquidity_stress,P6M-MODERATE_NO_WAIVER-P-0042,SRC-001;SRC-002;SRC-003,P5A-014;P5A-015;P5A-016;P5A-018:P5A-032;SCN-001:SCN-009,formula_calculated_downside_liquidity_path,owner_reviewed_for_phase6_testing,2025-12-12,within_cutoff,"Recurring financing fees, official covenant definitions, eligible cash, distribution permissions and actual closing cash remain unavailable. Monthly timing is an owner-reviewed testing convention, not observed borrower seasonality."
P6L-00660,data/phase6/processed/MONTHLY_LIQUIDITY_STRESS.csv,monthly_liquidity_stress,P6M-MODERATE_NO_WAIVER-P-0043,SRC-001;SRC-002;SRC-003,P5A-014;P5A-015;P5A-016;P5A-018:P5A-032;SCN-001:SCN-009,formula_calculated_downside_liquidity_path,owner_reviewed_for_phase6_testing,2025-12-12,within_cutoff,"Recurring financing fees, official covenant definitions, eligible cash, distribution permissions and actual closing cash remain unavailable. Monthly timing is an owner-reviewed testing convention, not observed borrower seasonality."
P6L-00661,data/phase6/processed/MONTHLY_LIQUIDITY_STRESS.csv,monthly_liquidity_stress,P6M-MODERATE_NO_WAIVER-P-0044,SRC-001;SRC-002;SRC-003,P5A-014;P5A-015;P5A-016;P5A-018:P5A-032;SCN-001:SCN-009,formula_calculated_downside_liquidity_path,owner_reviewed_for_phase6_testing,2025-12-12,within_cutoff,"Recurring financing fees, official covenant definitions, eligible cash, distribution permissions and actual closing cash remain unavailable. Monthly timing is an owner-reviewed testing convention, not observed borrower seasonality."
P6L-00662,data/phase6/processed/MONTHLY_LIQUIDITY_STRESS.csv,monthly_liquidity_stress,P6M-MODERATE_NO_WAIVER-P-0045,SRC-001;SRC-002;SRC-003,P5A-014;P5A-015;P5A-016;P5A-018:P5A-032;SCN-001:SCN-009,formula_calculated_downside_liquidity_path,owner_reviewed_for_phase6_testing,2025-12-12,within_cutoff,"Recurring financing fees, official covenant definitions, eligible cash, distribution permissions and actual closing cash remain unavailable. Monthly timing is an owner-reviewed testing convention, not observed borrower seasonality."
P6L-00663,data/phase6/processed/MONTHLY_LIQUIDITY_STRESS.csv,monthly_liquidity_stress,P6M-MODERATE_NO_WAIVER-P-0046,SRC-001;SRC-002;SRC-003,P5A-014;P5A-015;P5A-016;P5A-018:P5A-032;SCN-001:SCN-009,formula_calculated_downside_liquidity_path,owner_reviewed_for_phase6_testing,2025-12-12,within_cutoff,"Recurring financing fees, official covenant definitions, eligible cash, distribution permissions and actual closing cash remain unavailable. Monthly timing is an owner-reviewed testing convention, not observed borrower seasonality."
P6L-00664,data/phase6/processed/MONTHLY_LIQUIDITY_STRESS.csv,monthly_liquidity_stress,P6M-MODERATE_NO_WAIVER-P-0047,SRC-001;SRC-002;SRC-003,P5A-014;P5A-015;P5A-016;P5A-018:P5A-032;SCN-001:SCN-009,formula_calculated_downside_liquidity_path,owner_reviewed_for_phase6_testing,2025-12-12,within_cutoff,"Recurring financing fees, official covenant definitions, eligible cash, distribution permissions and actual closing cash remain unavailable. Monthly timing is an owner-reviewed testing convention, not observed borrower seasonality."
P6L-00665,data/phase6/processed/MONTHLY_LIQUIDITY_STRESS.csv,monthly_liquidity_stress,P6M-MODERATE_NO_WAIVER-P-0048,SRC-001;SRC-002;SRC-003,P5A-014;P5A-015;P5A-016;P5A-018:P5A-032;SCN-001:SCN-009,formula_calculated_downside_liquidity_path,owner_reviewed_for_phase6_testing,2025-12-12,within_cutoff,"Recurring financing fees, official covenant definitions, eligible cash, distribution permissions and actual closing cash remain unavailable. Monthly timing is an owner-reviewed testing convention, not observed borrower seasonality."
P6L-00666,data/phase6/processed/MONTHLY_LIQUIDITY_STRESS.csv,monthly_liquidity_stress,P6M-MODERATE_NO_WAIVER-P-0049,SRC-001;SRC-002;SRC-003,P5A-014;P5A-015;P5A-016;P5A-018:P5A-032;SCN-001:SCN-009,formula_calculated_downside_liquidity_path,owner_reviewed_for_phase6_testing,2025-12-12,within_cutoff,"Recurring financing fees, official covenant definitions, eligible cash, distribution permissions and actual closing cash remain unavailable. Monthly timing is an owner-reviewed testing convention, not observed borrower seasonality."
P6L-00667,data/phase6/processed/MONTHLY_LIQUIDITY_STRESS.csv,monthly_liquidity_stress,P6M-MODERATE_NO_WAIVER-P-0050,SRC-001;SRC-002;SRC-003,P5A-014;P5A-015;P5A-016;P5A-018:P5A-032;SCN-001:SCN-009,formula_calculated_downside_liquidity_path,owner_reviewed_for_phase6_testing,2025-12-12,within_cutoff,"Recurring financing fees, official covenant definitions, eligible cash, distribution permissions and actual closing cash remain unavailable. Monthly timing is an owner-reviewed testing convention, not observed borrower seasonality."
P6L-00668,data/phase6/processed/MONTHLY_LIQUIDITY_STRESS.csv,monthly_liquidity_stress,P6M-MODERATE_NO_WAIVER-P-0051,SRC-001;SRC-002;SRC-003,P5A-014;P5A-015;P5A-016;P5A-018:P5A-032;SCN-001:SCN-009,formula_calculated_downside_liquidity_path,owner_reviewed_for_phase6_testing,2025-12-12,within_cutoff,"Recurring financing fees, official covenant definitions, eligible cash, distribution permissions and actual closing cash remain unavailable. Monthly timing is an owner-reviewed testing convention, not observed borrower seasonality."
P6L-00669,data/phase6/processed/MONTHLY_LIQUIDITY_STRESS.csv,monthly_liquidity_stress,P6M-MODERATE_NO_WAIVER-P-0052,SRC-001;SRC-002;SRC-003,P5A-014;P5A-015;P5A-016;P5A-018:P5A-032;SCN-001:SCN-009,formula_calculated_downside_liquidity_path,owner_reviewed_for_phase6_testing,2025-12-12,within_cutoff,"Recurring financing fees, official covenant definitions, eligible cash, distribution permissions and actual closing cash remain unavailable. Monthly timing is an owner-reviewed testing convention, not observed borrower seasonality."
P6L-00670,data/phase6/processed/MONTHLY_LIQUIDITY_STRESS.csv,monthly_liquidity_stress,P6M-MODERATE_NO_WAIVER-P-0053,SRC-001;SRC-002;SRC-003,P5A-014;P5A-015;P5A-016;P5A-018:P5A-032;SCN-001:SCN-009,formula_calculated_downside_liquidity_path,owner_reviewed_for_phase6_testing,2025-12-12,within_cutoff,"Recurring financing fees, official covenant definitions, eligible cash, distribution permissions and actual closing cash remain unavailable. Monthly timing is an owner-reviewed testing convention, not observed borrower seasonality."
P6L-00671,data/phase6/processed/MONTHLY_LIQUIDITY_STRESS.csv,monthly_liquidity_stress,P6M-MODERATE_NO_WAIVER-P-0054,SRC-001;SRC-002;SRC-003,P5A-014;P5A-015;P5A-016;P5A-018:P5A-032;SCN-001:SCN-009,formula_calculated_downside_liquidity_path,owner_reviewed_for_phase6_testing,2025-12-12,within_cutoff,"Recurring financing fees, official covenant definitions, eligible cash, distribution permissions and actual closing cash remain unavailable. Monthly timing is an owner-reviewed testing convention, not observed borrower seasonality."
P6L-00672,data/phase6/processed/MONTHLY_LIQUIDITY_STRESS.csv,monthly_liquidity_stress,P6M-MODERATE_NO_WAIVER-P-0055,SRC-001;SRC-002;SRC-003,P5A-014;P5A-015;P5A-016;P5A-018:P5A-032;SCN-001:SCN-009,formula_calculated_downside_liquidity_path,owner_reviewed_for_phase6_testing,2025-12-12,within_cutoff,"Recurring financing fees, official covenant definitions, eligible cash, distribution permissions and actual closing cash remain unavailable. Monthly timing is an owner-reviewed testing convention, not observed borrower seasonality."
P6L-00673,data/phase6/processed/MONTHLY_LIQUIDITY_STRESS.csv,monthly_liquidity_stress,P6M-MODERATE_NO_WAIVER-P-0056,SRC-001;SRC-002;SRC-003,P5A-014;P5A-015;P5A-016;P5A-018:P5A-032;SCN-001:SCN-009,formula_calculated_downside_liquidity_path,owner_reviewed_for_phase6_testing,2025-12-12,within_cutoff,"Recurring financing fees, official covenant definitions, eligible cash, distribution permissions and actual closing cash remain unavailable. Monthly timing is an owner-reviewed testing convention, not observed borrower seasonality."
P6L-00674,data/phase6/processed/MONTHLY_LIQUIDITY_STRESS.csv,monthly_liquidity_stress,P6M-MODERATE_NO_WAIVER-P-0057,SRC-001;SRC-002;SRC-003,P5A-014;P5A-015;P5A-016;P5A-018:P5A-032;SCN-001:SCN-009,formula_calculated_downside_liquidity_path,owner_reviewed_for_phase6_testing,2025-12-12,within_cutoff,"Recurring financing fees, official covenant definitions, eligible cash, distribution permissions and actual closing cash remain unavailable. Monthly timing is an owner-reviewed testing convention, not observed borrower seasonality."
P6L-00675,data/phase6/processed/MONTHLY_LIQUIDITY_STRESS.csv,monthly_liquidity_stress,P6M-MODERATE_NO_WAIVER-P-0058,SRC-001;SRC-002;SRC-003,P5A-014;P5A-015;P5A-016;P5A-018:P5A-032;SCN-001:SCN-009,formula_calculated_downside_liquidity_path,owner_reviewed_for_phase6_testing,2025-12-12,within_cutoff,"Recurring financing fees, official covenant definitions, eligible cash, distribution permissions and actual closing cash remain unavailable. Monthly timing is an owner-reviewed testing convention, not observed borrower seasonality."
P6L-00676,data/phase6/processed/MONTHLY_LIQUIDITY_STRESS.csv,monthly_liquidity_stress,P6M-MODERATE_NO_WAIVER-P-0059,SRC-001;SRC-002;SRC-003,P5A-014;P5A-015;P5A-016;P5A-018:P5A-032;SCN-001:SCN-009,formula_calculated_downside_liquidity_path,owner_reviewed_for_phase6_testing,2025-12-12,within_cutoff,"Recurring financing fees, official covenant definitions, eligible cash, distribution permissions and actual closing cash remain unavailable. Monthly timing is an owner-reviewed testing convention, not observed borrower seasonality."
P6L-00677,data/phase6/processed/MONTHLY_LIQUIDITY_STRESS.csv,monthly_liquidity_stress,P6M-MODERATE_NO_WAIVER-P-0060,SRC-001;SRC-002;SRC-003,P5A-014;P5A-015;P5A-016;P5A-018:P5A-032;SCN-001:SCN-009,formula_calculated_downside_liquidity_path,owner_reviewed_for_phase6_testing,2025-12-12,within_cutoff,"Recurring financing fees, official covenant definitions, eligible cash, distribution permissions and actual closing cash remain unavailable. Monthly timing is an owner-reviewed testing convention, not observed borrower seasonality."
P6L-00678,data/phase6/processed/MONTHLY_LIQUIDITY_STRESS.csv,monthly_liquidity_stress,P6M-MODERATE_NO_WAIVER-E-0001,SRC-001;SRC-002;SRC-003,P5A-014;P5A-015;P5A-016;P5A-018:P5A-032;SCN-001:SCN-009,formula_calculated_downside_liquidity_path,owner_reviewed_for_phase6_testing,2025-12-12,within_cutoff,"Recurring financing fees, official covenant definitions, eligible cash, distribution permissions and actual closing cash remain unavailable. Monthly timing is an owner-reviewed testing convention, not observed borrower seasonality."
P6L-00679,data/phase6/processed/MONTHLY_LIQUIDITY_STRESS.csv,monthly_liquidity_stress,P6M-MODERATE_NO_WAIVER-E-0002,SRC-001;SRC-002;SRC-003,P5A-014;P5A-015;P5A-016;P5A-018:P5A-032;SCN-001:SCN-009,formula_calculated_downside_liquidity_path,owner_reviewed_for_phase6_testing,2025-12-12,within_cutoff,"Recurring financing fees, official covenant definitions, eligible cash, distribution permissions and actual closing cash remain unavailable. Monthly timing is an owner-reviewed testing convention, not observed borrower seasonality."
P6L-00680,data/phase6/processed/MONTHLY_LIQUIDITY_STRESS.csv,monthly_liquidity_stress,P6M-MODERATE_NO_WAIVER-E-0003,SRC-001;SRC-002;SRC-003,P5A-014;P5A-015;P5A-016;P5A-018:P5A-032;SCN-001:SCN-009,formula_calculated_downside_liquidity_path,owner_reviewed_for_phase6_testing,2025-12-12,within_cutoff,"Recurring financing fees, official covenant definitions, eligible cash, distribution permissions and actual closing cash remain unavailable. Monthly timing is an owner-reviewed testing convention, not observed borrower seasonality."
P6L-00681,data/phase6/processed/MONTHLY_LIQUIDITY_STRESS.csv,monthly_liquidity_stress,P6M-MODERATE_NO_WAIVER-E-0004,SRC-001;SRC-002;SRC-003,P5A-014;P5A-015;P5A-016;P5A-018:P5A-032;SCN-001:SCN-009,formula_calculated_downside_liquidity_path,owner_reviewed_for_phase6_testing,2025-12-12,within_cutoff,"Recurring financing fees, official covenant definitions, eligible cash, distribution permissions and actual closing cash remain unavailable. Monthly timing is an owner-reviewed testing convention, not observed borrower seasonality."
P6L-00682,data/phase6/processed/MONTHLY_LIQUIDITY_STRESS.csv,monthly_liquidity_stress,P6M-MODERATE_NO_WAIVER-E-0005,SRC-001;SRC-002;SRC-003,P5A-014;P5A-015;P5A-016;P5A-018:P5A-032;SCN-001:SCN-009,formula_calculated_downside_liquidity_path,owner_reviewed_for_phase6_testing,2025-12-12,within_cutoff,"Recurring financing fees, official covenant definitions, eligible cash, distribution permissions and actual closing cash remain unavailable. Monthly timing is an owner-reviewed testing convention, not observed borrower seasonality."
P6L-00683,data/phase6/processed/MONTHLY_LIQUIDITY_STRESS.csv,monthly_liquidity_stress,P6M-MODERATE_NO_WAIVER-E-0006,SRC-001;SRC-002;SRC-003,P5A-014;P5A-015;P5A-016;P5A-018:P5A-032;SCN-001:SCN-009,formula_calculated_downside_liquidity_path,owner_reviewed_for_phase6_testing,2025-12-12,within_cutoff,"Recurring financing fees, official covenant definitions, eligible cash, distribution permissions and actual closing cash remain unavailable. Monthly timing is an owner-reviewed testing convention, not observed borrower seasonality."
P6L-00684,data/phase6/processed/MONTHLY_LIQUIDITY_STRESS.csv,monthly_liquidity_stress,P6M-MODERATE_NO_WAIVER-E-0007,SRC-001;SRC-002;SRC-003,P5A-014;P5A-015;P5A-016;P5A-018:P5A-032;SCN-001:SCN-009,formula_calculated_downside_liquidity_path,owner_reviewed_for_phase6_testing,2025-12-12,within_cutoff,"Recurring financing fees, official covenant definitions, eligible cash, distribution permissions and actual closing cash remain unavailable. Monthly timing is an owner-reviewed testing convention, not observed borrower seasonality."
P6L-00685,data/phase6/processed/MONTHLY_LIQUIDITY_STRESS.csv,monthly_liquidity_stress,P6M-MODERATE_NO_WAIVER-E-0008,SRC-001;SRC-002;SRC-003,P5A-014;P5A-015;P5A-016;P5A-018:P5A-032;SCN-001:SCN-009,formula_calculated_downside_liquidity_path,owner_reviewed_for_phase6_testing,2025-12-12,within_cutoff,"Recurring financing fees, official covenant definitions, eligible cash, distribution permissions and actual closing cash remain unavailable. Monthly timing is an owner-reviewed testing convention, not observed borrower seasonality."
P6L-00686,data/phase6/processed/MONTHLY_LIQUIDITY_STRESS.csv,monthly_liquidity_stress,P6M-MODERATE_NO_WAIVER-E-0009,SRC-001;SRC-002;SRC-003,P5A-014;P5A-015;P5A-016;P5A-018:P5A-032;SCN-001:SCN-009,formula_calculated_downside_liquidity_path,owner_reviewed_for_phase6_testing,2025-12-12,within_cutoff,"Recurring financing fees, official covenant definitions, eligible cash, distribution permissions and actual closing cash remain unavailable. Monthly timing is an owner-reviewed testing convention, not observed borrower seasonality."
P6L-00687,data/phase6/processed/MONTHLY_LIQUIDITY_STRESS.csv,monthly_liquidity_stress,P6M-MODERATE_NO_WAIVER-E-0010,SRC-001;SRC-002;SRC-003,P5A-014;P5A-015;P5A-016;P5A-018:P5A-032;SCN-001:SCN-009,formula_calculated_downside_liquidity_path,owner_reviewed_for_phase6_testing,2025-12-12,within_cutoff,"Recurring financing fees, official covenant definitions, eligible cash, distribution permissions and actual closing cash remain unavailable. Monthly timing is an owner-reviewed testing convention, not observed borrower seasonality."
P6L-00688,data/phase6/processed/MONTHLY_LIQUIDITY_STRESS.csv,monthly_liquidity_stress,P6M-MODERATE_NO_WAIVER-E-0011,SRC-001;SRC-002;SRC-003,P5A-014;P5A-015;P5A-016;P5A-018:P5A-032;SCN-001:SCN-009,formula_calculated_downside_liquidity_path,owner_reviewed_for_phase6_testing,2025-12-12,within_cutoff,"Recurring financing fees, official covenant definitions, eligible cash, distribution permissions and actual closing cash remain unavailable. Monthly timing is an owner-reviewed testing convention, not observed borrower seasonality."
P6L-00689,data/phase6/processed/MONTHLY_LIQUIDITY_STRESS.csv,monthly_liquidity_stress,P6M-MODERATE_NO_WAIVER-E-0012,SRC-001;SRC-002;SRC-003,P5A-014;P5A-015;P5A-016;P5A-018:P5A-032;SCN-001:SCN-009,formula_calculated_downside_liquidity_path,owner_reviewed_for_phase6_testing,2025-12-12,within_cutoff,"Recurring financing fees, official covenant definitions, eligible cash, distribution permissions and actual closing cash remain unavailable. Monthly timing is an owner-reviewed testing convention, not observed borrower seasonality."
P6L-00690,data/phase6/processed/MONTHLY_LIQUIDITY_STRESS.csv,monthly_liquidity_stress,P6M-MODERATE_NO_WAIVER-E-0013,SRC-001;SRC-002;SRC-003,P5A-014;P5A-015;P5A-016;P5A-018:P5A-032;SCN-001:SCN-009,formula_calculated_downside_liquidity_path,owner_reviewed_for_phase6_testing,2025-12-12,within_cutoff,"Recurring financing fees, official covenant definitions, eligible cash, distribution permissions and actual closing cash remain unavailable. Monthly timing is an owner-reviewed testing convention, not observed borrower seasonality."
P6L-00691,data/phase6/processed/MONTHLY_LIQUIDITY_STRESS.csv,monthly_liquidity_stress,P6M-MODERATE_NO_WAIVER-E-0014,SRC-001;SRC-002;SRC-003,P5A-014;P5A-015;P5A-016;P5A-018:P5A-032;SCN-001:SCN-009,formula_calculated_downside_liquidity_path,owner_reviewed_for_phase6_testing,2025-12-12,within_cutoff,"Recurring financing fees, official covenant definitions, eligible cash, distribution permissions and actual closing cash remain unavailable. Monthly timing is an owner-reviewed testing convention, not observed borrower seasonality."
P6L-00692,data/phase6/processed/MONTHLY_LIQUIDITY_STRESS.csv,monthly_liquidity_stress,P6M-MODERATE_NO_WAIVER-E-0015,SRC-001;SRC-002;SRC-003,P5A-014;P5A-015;P5A-016;P5A-018:P5A-032;SCN-001:SCN-009,formula_calculated_downside_liquidity_path,owner_reviewed_for_phase6_testing,2025-12-12,within_cutoff,"Recurring financing fees, official covenant definitions, eligible cash, distribution permissions and actual closing cash remain unavailable. Monthly timing is an owner-reviewed testing convention, not observed borrower seasonality."
P6L-00693,data/phase6/processed/MONTHLY_LIQUIDITY_STRESS.csv,monthly_liquidity_stress,P6M-MODERATE_NO_WAIVER-E-0016,SRC-001;SRC-002;SRC-003,P5A-014;P5A-015;P5A-016;P5A-018:P5A-032;SCN-001:SCN-009,formula_calculated_downside_liquidity_path,owner_reviewed_for_phase6_testing,2025-12-12,within_cutoff,"Recurring financing fees, official covenant definitions, eligible cash, distribution permissions and actual closing cash remain unavailable. Monthly timing is an owner-reviewed testing convention, not observed borrower seasonality."
P6L-00694,data/phase6/processed/MONTHLY_LIQUIDITY_STRESS.csv,monthly_liquidity_stress,P6M-MODERATE_NO_WAIVER-E-0017,SRC-001;SRC-002;SRC-003,P5A-014;P5A-015;P5A-016;P5A-018:P5A-032;SCN-001:SCN-009,formula_calculated_downside_liquidity_path,owner_reviewed_for_phase6_testing,2025-12-12,within_cutoff,"Recurring financing fees, official covenant definitions, eligible cash, distribution permissions and actual closing cash remain unavailable. Monthly timing is an owner-reviewed testing convention, not observed borrower seasonality."
P6L-00695,data/phase6/processed/MONTHLY_LIQUIDITY_STRESS.csv,monthly_liquidity_stress,P6M-MODERATE_NO_WAIVER-E-0018,SRC-001;SRC-002;SRC-003,P5A-014;P5A-015;P5A-016;P5A-018:P5A-032;SCN-001:SCN-009,formula_calculated_downside_liquidity_path,owner_reviewed_for_phase6_testing,2025-12-12,within_cutoff,"Recurring financing fees, official covenant definitions, eligible cash, distribution permissions and actual closing cash remain unavailable. Monthly timing is an owner-reviewed testing convention, not observed borrower seasonality."
P6L-00696,data/phase6/processed/MONTHLY_LIQUIDITY_STRESS.csv,monthly_liquidity_stress,P6M-MODERATE_NO_WAIVER-E-0019,SRC-001;SRC-002;SRC-003,P5A-014;P5A-015;P5A-016;P5A-018:P5A-032;SCN-001:SCN-009,formula_calculated_downside_liquidity_path,owner_reviewed_for_phase6_testing,2025-12-12,within_cutoff,"Recurring financing fees, official covenant definitions, eligible cash, distribution permissions and actual closing cash remain unavailable. Monthly timing is an owner-reviewed testing convention, not observed borrower seasonality."
P6L-00697,data/phase6/processed/MONTHLY_LIQUIDITY_STRESS.csv,monthly_liquidity_stress,P6M-MODERATE_NO_WAIVER-E-0020,SRC-001;SRC-002;SRC-003,P5A-014;P5A-015;P5A-016;P5A-018:P5A-032;SCN-001:SCN-009,formula_calculated_downside_liquidity_path,owner_reviewed_for_phase6_testing,2025-12-12,within_cutoff,"Recurring financing fees, official covenant definitions, eligible cash, distribution permissions and actual closing cash remain unavailable. Monthly timing is an owner-reviewed testing convention, not observed borrower seasonality."
P6L-00698,data/phase6/processed/MONTHLY_LIQUIDITY_STRESS.csv,monthly_liquidity_stress,P6M-MODERATE_NO_WAIVER-E-0021,SRC-001;SRC-002;SRC-003,P5A-014;P5A-015;P5A-016;P5A-018:P5A-032;SCN-001:SCN-009,formula_calculated_downside_liquidity_path,owner_reviewed_for_phase6_testing,2025-12-12,within_cutoff,"Recurring financing fees, official covenant definitions, eligible cash, distribution permissions and actual closing cash remain unavailable. Monthly timing is an owner-reviewed testing convention, not observed borrower seasonality."
P6L-00699,data/phase6/processed/MONTHLY_LIQUIDITY_STRESS.csv,monthly_liquidity_stress,P6M-MODERATE_NO_WAIVER-E-0022,SRC-001;SRC-002;SRC-003,P5A-014;P5A-015;P5A-016;P5A-018:P5A-032;SCN-001:SCN-009,formula_calculated_downside_liquidity_path,owner_reviewed_for_phase6_testing,2025-12-12,within_cutoff,"Recurring financing fees, official covenant definitions, eligible cash, distribution permissions and actual closing cash remain unavailable. Monthly timing is an owner-reviewed testing convention, not observed borrower seasonality."
P6L-00700,data/phase6/processed/MONTHLY_LIQUIDITY_STRESS.csv,monthly_liquidity_stress,P6M-MODERATE_NO_WAIVER-E-0023,SRC-001;SRC-002;SRC-003,P5A-014;P5A-015;P5A-016;P5A-018:P5A-032;SCN-001:SCN-009,formula_calculated_downside_liquidity_path,owner_reviewed_for_phase6_testing,2025-12-12,within_cutoff,"Recurring financing fees, official covenant definitions, eligible cash, distribution permissions and actual closing cash remain unavailable. Monthly timing is an owner-reviewed testing convention, not observed borrower seasonality."
P6L-00701,data/phase6/processed/MONTHLY_LIQUIDITY_STRESS.csv,monthly_liquidity_stress,P6M-MODERATE_NO_WAIVER-E-0024,SRC-001;SRC-002;SRC-003,P5A-014;P5A-015;P5A-016;P5A-018:P5A-032;SCN-001:SCN-009,formula_calculated_downside_liquidity_path,owner_reviewed_for_phase6_testing,2025-12-12,within_cutoff,"Recurring financing fees, official covenant definitions, eligible cash, distribution permissions and actual closing cash remain unavailable. Monthly timing is an owner-reviewed testing convention, not observed borrower seasonality."
P6L-00702,data/phase6/processed/MONTHLY_LIQUIDITY_STRESS.csv,monthly_liquidity_stress,P6M-MODERATE_NO_WAIVER-E-0025,SRC-001;SRC-002;SRC-003,P5A-014;P5A-015;P5A-016;P5A-018:P5A-032;SCN-001:SCN-009,formula_calculated_downside_liquidity_path,owner_reviewed_for_phase6_testing,2025-12-12,within_cutoff,"Recurring financing fees, official covenant definitions, eligible cash, distribution permissions and actual closing cash remain unavailable. Monthly timing is an owner-reviewed testing convention, not observed borrower seasonality."
P6L-00703,data/phase6/processed/MONTHLY_LIQUIDITY_STRESS.csv,monthly_liquidity_stress,P6M-MODERATE_NO_WAIVER-E-0026,SRC-001;SRC-002;SRC-003,P5A-014;P5A-015;P5A-016;P5A-018:P5A-032;SCN-001:SCN-009,formula_calculated_downside_liquidity_path,owner_reviewed_for_phase6_testing,2025-12-12,within_cutoff,"Recurring financing fees, official covenant definitions, eligible cash, distribution permissions and actual closing cash remain unavailable. Monthly timing is an owner-reviewed testing convention, not observed borrower seasonality."
P6L-00704,data/phase6/processed/MONTHLY_LIQUIDITY_STRESS.csv,monthly_liquidity_stress,P6M-MODERATE_NO_WAIVER-E-0027,SRC-001;SRC-002;SRC-003,P5A-014;P5A-015;P5A-016;P5A-018:P5A-032;SCN-001:SCN-009,formula_calculated_downside_liquidity_path,owner_reviewed_for_phase6_testing,2025-12-12,within_cutoff,"Recurring financing fees, official covenant definitions, eligible cash, distribution permissions and actual closing cash remain unavailable. Monthly timing is an owner-reviewed testing convention, not observed borrower seasonality."
P6L-00705,data/phase6/processed/MONTHLY_LIQUIDITY_STRESS.csv,monthly_liquidity_stress,P6M-MODERATE_NO_WAIVER-E-0028,SRC-001;SRC-002;SRC-003,P5A-014;P5A-015;P5A-016;P5A-018:P5A-032;SCN-001:SCN-009,formula_calculated_downside_liquidity_path,owner_reviewed_for_phase6_testing,2025-12-12,within_cutoff,"Recurring financing fees, official covenant definitions, eligible cash, distribution permissions and actual closing cash remain unavailable. Monthly timing is an owner-reviewed testing convention, not observed borrower seasonality."
P6L-00706,data/phase6/processed/MONTHLY_LIQUIDITY_STRESS.csv,monthly_liquidity_stress,P6M-MODERATE_NO_WAIVER-E-0029,SRC-001;SRC-002;SRC-003,P5A-014;P5A-015;P5A-016;P5A-018:P5A-032;SCN-001:SCN-009,formula_calculated_downside_liquidity_path,owner_reviewed_for_phase6_testing,2025-12-12,within_cutoff,"Recurring financing fees, official covenant definitions, eligible cash, distribution permissions and actual closing cash remain unavailable. Monthly timing is an owner-reviewed testing convention, not observed borrower seasonality."
P6L-00707,data/phase6/processed/MONTHLY_LIQUIDITY_STRESS.csv,monthly_liquidity_stress,P6M-MODERATE_NO_WAIVER-E-0030,SRC-001;SRC-002;SRC-003,P5A-014;P5A-015;P5A-016;P5A-018:P5A-032;SCN-001:SCN-009,formula_calculated_downside_liquidity_path,owner_reviewed_for_phase6_testing,2025-12-12,within_cutoff,"Recurring financing fees, official covenant definitions, eligible cash, distribution permissions and actual closing cash remain unavailable. Monthly timing is an owner-reviewed testing convention, not observed borrower seasonality."
P6L-00708,data/phase6/processed/MONTHLY_LIQUIDITY_STRESS.csv,monthly_liquidity_stress,P6M-MODERATE_NO_WAIVER-E-0031,SRC-001;SRC-002;SRC-003,P5A-014;P5A-015;P5A-016;P5A-018:P5A-032;SCN-001:SCN-009,formula_calculated_downside_liquidity_path,owner_reviewed_for_phase6_testing,2025-12-12,within_cutoff,"Recurring financing fees, official covenant definitions, eligible cash, distribution permissions and actual closing cash remain unavailable. Monthly timing is an owner-reviewed testing convention, not observed borrower seasonality."
P6L-00709,data/phase6/processed/MONTHLY_LIQUIDITY_STRESS.csv,monthly_liquidity_stress,P6M-MODERATE_NO_WAIVER-E-0032,SRC-001;SRC-002;SRC-003,P5A-014;P5A-015;P5A-016;P5A-018:P5A-032;SCN-001:SCN-009,formula_calculated_downside_liquidity_path,owner_reviewed_for_phase6_testing,2025-12-12,within_cutoff,"Recurring financing fees, official covenant definitions, eligible cash, distribution permissions and actual closing cash remain unavailable. Monthly timing is an owner-reviewed testing convention, not observed borrower seasonality."
P6L-00710,data/phase6/processed/MONTHLY_LIQUIDITY_STRESS.csv,monthly_liquidity_stress,P6M-MODERATE_NO_WAIVER-E-0033,SRC-001;SRC-002;SRC-003,P5A-014;P5A-015;P5A-016;P5A-018:P5A-032;SCN-001:SCN-009,formula_calculated_downside_liquidity_path,owner_reviewed_for_phase6_testing,2025-12-12,within_cutoff,"Recurring financing fees, official covenant definitions, eligible cash, distribution permissions and actual closing cash remain unavailable. Monthly timing is an owner-reviewed testing convention, not observed borrower seasonality."
P6L-00711,data/phase6/processed/MONTHLY_LIQUIDITY_STRESS.csv,monthly_liquidity_stress,P6M-MODERATE_NO_WAIVER-E-0034,SRC-001;SRC-002;SRC-003,P5A-014;P5A-015;P5A-016;P5A-018:P5A-032;SCN-001:SCN-009,formula_calculated_downside_liquidity_path,owner_reviewed_for_phase6_testing,2025-12-12,within_cutoff,"Recurring financing fees, official covenant definitions, eligible cash, distribution permissions and actual closing cash remain unavailable. Monthly timing is an owner-reviewed testing convention, not observed borrower seasonality."
P6L-00712,data/phase6/processed/MONTHLY_LIQUIDITY_STRESS.csv,monthly_liquidity_stress,P6M-MODERATE_NO_WAIVER-E-0035,SRC-001;SRC-002;SRC-003,P5A-014;P5A-015;P5A-016;P5A-018:P5A-032;SCN-001:SCN-009,formula_calculated_downside_liquidity_path,owner_reviewed_for_phase6_testing,2025-12-12,within_cutoff,"Recurring financing fees, official covenant definitions, eligible cash, distribution permissions and actual closing cash remain unavailable. Monthly timing is an owner-reviewed testing convention, not observed borrower seasonality."
P6L-00713,data/phase6/processed/MONTHLY_LIQUIDITY_STRESS.csv,monthly_liquidity_stress,P6M-MODERATE_NO_WAIVER-E-0036,SRC-001;SRC-002;SRC-003,P5A-014;P5A-015;P5A-016;P5A-018:P5A-032;SCN-001:SCN-009,formula_calculated_downside_liquidity_path,owner_reviewed_for_phase6_testing,2025-12-12,within_cutoff,"Recurring financing fees, official covenant definitions, eligible cash, distribution permissions and actual closing cash remain unavailable. Monthly timing is an owner-reviewed testing convention, not observed borrower seasonality."
P6L-00714,data/phase6/processed/MONTHLY_LIQUIDITY_STRESS.csv,monthly_liquidity_stress,P6M-MODERATE_NO_WAIVER-E-0037,SRC-001;SRC-002;SRC-003,P5A-014;P5A-015;P5A-016;P5A-018:P5A-032;SCN-001:SCN-009,formula_calculated_downside_liquidity_path,owner_reviewed_for_phase6_testing,2025-12-12,within_cutoff,"Recurring financing fees, official covenant definitions, eligible cash, distribution permissions and actual closing cash remain unavailable. Monthly timing is an owner-reviewed testing convention, not observed borrower seasonality."
P6L-00715,data/phase6/processed/MONTHLY_LIQUIDITY_STRESS.csv,monthly_liquidity_stress,P6M-MODERATE_NO_WAIVER-E-0038,SRC-001;SRC-002;SRC-003,P5A-014;P5A-015;P5A-016;P5A-018:P5A-032;SCN-001:SCN-009,formula_calculated_downside_liquidity_path,owner_reviewed_for_phase6_testing,2025-12-12,within_cutoff,"Recurring financing fees, official covenant definitions, eligible cash, distribution permissions and actual closing cash remain unavailable. Monthly timing is an owner-reviewed testing convention, not observed borrower seasonality."
P6L-00716,data/phase6/processed/MONTHLY_LIQUIDITY_STRESS.csv,monthly_liquidity_stress,P6M-MODERATE_NO_WAIVER-E-0039,SRC-001;SRC-002;SRC-003,P5A-014;P5A-015;P5A-016;P5A-018:P5A-032;SCN-001:SCN-009,formula_calculated_downside_liquidity_path,owner_reviewed_for_phase6_testing,2025-12-12,within_cutoff,"Recurring financing fees, official covenant definitions, eligible cash, distribution permissions and actual closing cash remain unavailable. Monthly timing is an owner-reviewed testing convention, not observed borrower seasonality."
P6L-00717,data/phase6/processed/MONTHLY_LIQUIDITY_STRESS.csv,monthly_liquidity_stress,P6M-MODERATE_NO_WAIVER-E-0040,SRC-001;SRC-002;SRC-003,P5A-014;P5A-015;P5A-016;P5A-018:P5A-032;SCN-001:SCN-009,formula_calculated_downside_liquidity_path,owner_reviewed_for_phase6_testing,2025-12-12,within_cutoff,"Recurring financing fees, official covenant definitions, eligible cash, distribution permissions and actual closing cash remain unavailable. Monthly timing is an owner-reviewed testing convention, not observed borrower seasonality."
P6L-00718,data/phase6/processed/MONTHLY_LIQUIDITY_STRESS.csv,monthly_liquidity_stress,P6M-MODERATE_NO_WAIVER-E-0041,SRC-001;SRC-002;SRC-003,P5A-014;P5A-015;P5A-016;P5A-018:P5A-032;SCN-001:SCN-009,formula_calculated_downside_liquidity_path,owner_reviewed_for_phase6_testing,2025-12-12,within_cutoff,"Recurring financing fees, official covenant definitions, eligible cash, distribution permissions and actual closing cash remain unavailable. Monthly timing is an owner-reviewed testing convention, not observed borrower seasonality."
P6L-00719,data/phase6/processed/MONTHLY_LIQUIDITY_STRESS.csv,monthly_liquidity_stress,P6M-MODERATE_NO_WAIVER-E-0042,SRC-001;SRC-002;SRC-003,P5A-014;P5A-015;P5A-016;P5A-018:P5A-032;SCN-001:SCN-009,formula_calculated_downside_liquidity_path,owner_reviewed_for_phase6_testing,2025-12-12,within_cutoff,"Recurring financing fees, official covenant definitions, eligible cash, distribution permissions and actual closing cash remain unavailable. Monthly timing is an owner-reviewed testing convention, not observed borrower seasonality."
P6L-00720,data/phase6/processed/MONTHLY_LIQUIDITY_STRESS.csv,monthly_liquidity_stress,P6M-SEVERE_NO_WAIVER-P-0001,SRC-001;SRC-002;SRC-003,P5A-014;P5A-015;P5A-016;P5A-018:P5A-032;SCN-001:SCN-009,formula_calculated_downside_liquidity_path,owner_reviewed_for_phase6_testing,2025-12-12,within_cutoff,"Recurring financing fees, official covenant definitions, eligible cash, distribution permissions and actual closing cash remain unavailable. Monthly timing is an owner-reviewed testing convention, not observed borrower seasonality."
P6L-00721,data/phase6/processed/MONTHLY_LIQUIDITY_STRESS.csv,monthly_liquidity_stress,P6M-SEVERE_NO_WAIVER-P-0002,SRC-001;SRC-002;SRC-003,P5A-014;P5A-015;P5A-016;P5A-018:P5A-032;SCN-001:SCN-009,formula_calculated_downside_liquidity_path,owner_reviewed_for_phase6_testing,2025-12-12,within_cutoff,"Recurring financing fees, official covenant definitions, eligible cash, distribution permissions and actual closing cash remain unavailable. Monthly timing is an owner-reviewed testing convention, not observed borrower seasonality."
P6L-00722,data/phase6/processed/MONTHLY_LIQUIDITY_STRESS.csv,monthly_liquidity_stress,P6M-SEVERE_NO_WAIVER-P-0003,SRC-001;SRC-002;SRC-003,P5A-014;P5A-015;P5A-016;P5A-018:P5A-032;SCN-001:SCN-009,formula_calculated_downside_liquidity_path,owner_reviewed_for_phase6_testing,2025-12-12,within_cutoff,"Recurring financing fees, official covenant definitions, eligible cash, distribution permissions and actual closing cash remain unavailable. Monthly timing is an owner-reviewed testing convention, not observed borrower seasonality."
P6L-00723,data/phase6/processed/MONTHLY_LIQUIDITY_STRESS.csv,monthly_liquidity_stress,P6M-SEVERE_NO_WAIVER-P-0004,SRC-001;SRC-002;SRC-003,P5A-014;P5A-015;P5A-016;P5A-018:P5A-032;SCN-001:SCN-009,formula_calculated_downside_liquidity_path,owner_reviewed_for_phase6_testing,2025-12-12,within_cutoff,"Recurring financing fees, official covenant definitions, eligible cash, distribution permissions and actual closing cash remain unavailable. Monthly timing is an owner-reviewed testing convention, not observed borrower seasonality."
P6L-00724,data/phase6/processed/MONTHLY_LIQUIDITY_STRESS.csv,monthly_liquidity_stress,P6M-SEVERE_NO_WAIVER-P-0005,SRC-001;SRC-002;SRC-003,P5A-014;P5A-015;P5A-016;P5A-018:P5A-032;SCN-001:SCN-009,formula_calculated_downside_liquidity_path,owner_reviewed_for_phase6_testing,2025-12-12,within_cutoff,"Recurring financing fees, official covenant definitions, eligible cash, distribution permissions and actual closing cash remain unavailable. Monthly timing is an owner-reviewed testing convention, not observed borrower seasonality."
P6L-00725,data/phase6/processed/MONTHLY_LIQUIDITY_STRESS.csv,monthly_liquidity_stress,P6M-SEVERE_NO_WAIVER-P-0006,SRC-001;SRC-002;SRC-003,P5A-014;P5A-015;P5A-016;P5A-018:P5A-032;SCN-001:SCN-009,formula_calculated_downside_liquidity_path,owner_reviewed_for_phase6_testing,2025-12-12,within_cutoff,"Recurring financing fees, official covenant definitions, eligible cash, distribution permissions and actual closing cash remain unavailable. Monthly timing is an owner-reviewed testing convention, not observed borrower seasonality."
P6L-00726,data/phase6/processed/MONTHLY_LIQUIDITY_STRESS.csv,monthly_liquidity_stress,P6M-SEVERE_NO_WAIVER-P-0007,SRC-001;SRC-002;SRC-003,P5A-014;P5A-015;P5A-016;P5A-018:P5A-032;SCN-001:SCN-009,formula_calculated_downside_liquidity_path,owner_reviewed_for_phase6_testing,2025-12-12,within_cutoff,"Recurring financing fees, official covenant definitions, eligible cash, distribution permissions and actual closing cash remain unavailable. Monthly timing is an owner-reviewed testing convention, not observed borrower seasonality."
P6L-00727,data/phase6/processed/MONTHLY_LIQUIDITY_STRESS.csv,monthly_liquidity_stress,P6M-SEVERE_NO_WAIVER-P-0008,SRC-001;SRC-002;SRC-003,P5A-014;P5A-015;P5A-016;P5A-018:P5A-032;SCN-001:SCN-009,formula_calculated_downside_liquidity_path,owner_reviewed_for_phase6_testing,2025-12-12,within_cutoff,"Recurring financing fees, official covenant definitions, eligible cash, distribution permissions and actual closing cash remain unavailable. Monthly timing is an owner-reviewed testing convention, not observed borrower seasonality."
P6L-00728,data/phase6/processed/MONTHLY_LIQUIDITY_STRESS.csv,monthly_liquidity_stress,P6M-SEVERE_NO_WAIVER-P-0009,SRC-001;SRC-002;SRC-003,P5A-014;P5A-015;P5A-016;P5A-018:P5A-032;SCN-001:SCN-009,formula_calculated_downside_liquidity_path,owner_reviewed_for_phase6_testing,2025-12-12,within_cutoff,"Recurring financing fees, official covenant definitions, eligible cash, distribution permissions and actual closing cash remain unavailable. Monthly timing is an owner-reviewed testing convention, not observed borrower seasonality."
P6L-00729,data/phase6/processed/MONTHLY_LIQUIDITY_STRESS.csv,monthly_liquidity_stress,P6M-SEVERE_NO_WAIVER-P-0010,SRC-001;SRC-002;SRC-003,P5A-014;P5A-015;P5A-016;P5A-018:P5A-032;SCN-001:SCN-009,formula_calculated_downside_liquidity_path,owner_reviewed_for_phase6_testing,2025-12-12,within_cutoff,"Recurring financing fees, official covenant definitions, eligible cash, distribution permissions and actual closing cash remain unavailable. Monthly timing is an owner-reviewed testing convention, not observed borrower seasonality."
P6L-00730,data/phase6/processed/MONTHLY_LIQUIDITY_STRESS.csv,monthly_liquidity_stress,P6M-SEVERE_NO_WAIVER-P-0011,SRC-001;SRC-002;SRC-003,P5A-014;P5A-015;P5A-016;P5A-018:P5A-032;SCN-001:SCN-009,formula_calculated_downside_liquidity_path,owner_reviewed_for_phase6_testing,2025-12-12,within_cutoff,"Recurring financing fees, official covenant definitions, eligible cash, distribution permissions and actual closing cash remain unavailable. Monthly timing is an owner-reviewed testing convention, not observed borrower seasonality."
P6L-00731,data/phase6/processed/MONTHLY_LIQUIDITY_STRESS.csv,monthly_liquidity_stress,P6M-SEVERE_NO_WAIVER-P-0012,SRC-001;SRC-002;SRC-003,P5A-014;P5A-015;P5A-016;P5A-018:P5A-032;SCN-001:SCN-009,formula_calculated_downside_liquidity_path,owner_reviewed_for_phase6_testing,2025-12-12,within_cutoff,"Recurring financing fees, official covenant definitions, eligible cash, distribution permissions and actual closing cash remain unavailable. Monthly timing is an owner-reviewed testing convention, not observed borrower seasonality."
P6L-00732,data/phase6/processed/MONTHLY_LIQUIDITY_STRESS.csv,monthly_liquidity_stress,P6M-SEVERE_NO_WAIVER-P-0013,SRC-001;SRC-002;SRC-003,P5A-014;P5A-015;P5A-016;P5A-018:P5A-032;SCN-001:SCN-009,formula_calculated_downside_liquidity_path,owner_reviewed_for_phase6_testing,2025-12-12,within_cutoff,"Recurring financing fees, official covenant definitions, eligible cash, distribution permissions and actual closing cash remain unavailable. Monthly timing is an owner-reviewed testing convention, not observed borrower seasonality."
P6L-00733,data/phase6/processed/MONTHLY_LIQUIDITY_STRESS.csv,monthly_liquidity_stress,P6M-SEVERE_NO_WAIVER-P-0014,SRC-001;SRC-002;SRC-003,P5A-014;P5A-015;P5A-016;P5A-018:P5A-032;SCN-001:SCN-009,formula_calculated_downside_liquidity_path,owner_reviewed_for_phase6_testing,2025-12-12,within_cutoff,"Recurring financing fees, official covenant definitions, eligible cash, distribution permissions and actual closing cash remain unavailable. Monthly timing is an owner-reviewed testing convention, not observed borrower seasonality."
P6L-00734,data/phase6/processed/MONTHLY_LIQUIDITY_STRESS.csv,monthly_liquidity_stress,P6M-SEVERE_NO_WAIVER-P-0015,SRC-001;SRC-002;SRC-003,P5A-014;P5A-015;P5A-016;P5A-018:P5A-032;SCN-001:SCN-009,formula_calculated_downside_liquidity_path,owner_reviewed_for_phase6_testing,2025-12-12,within_cutoff,"Recurring financing fees, official covenant definitions, eligible cash, distribution permissions and actual closing cash remain unavailable. Monthly timing is an owner-reviewed testing convention, not observed borrower seasonality."
P6L-00735,data/phase6/processed/MONTHLY_LIQUIDITY_STRESS.csv,monthly_liquidity_stress,P6M-SEVERE_NO_WAIVER-P-0016,SRC-001;SRC-002;SRC-003,P5A-014;P5A-015;P5A-016;P5A-018:P5A-032;SCN-001:SCN-009,formula_calculated_downside_liquidity_path,owner_reviewed_for_phase6_testing,2025-12-12,within_cutoff,"Recurring financing fees, official covenant definitions, eligible cash, distribution permissions and actual closing cash remain unavailable. Monthly timing is an owner-reviewed testing convention, not observed borrower seasonality."
P6L-00736,data/phase6/processed/MONTHLY_LIQUIDITY_STRESS.csv,monthly_liquidity_stress,P6M-SEVERE_NO_WAIVER-P-0017,SRC-001;SRC-002;SRC-003,P5A-014;P5A-015;P5A-016;P5A-018:P5A-032;SCN-001:SCN-009,formula_calculated_downside_liquidity_path,owner_reviewed_for_phase6_testing,2025-12-12,within_cutoff,"Recurring financing fees, official covenant definitions, eligible cash, distribution permissions and actual closing cash remain unavailable. Monthly timing is an owner-reviewed testing convention, not observed borrower seasonality."
P6L-00737,data/phase6/processed/MONTHLY_LIQUIDITY_STRESS.csv,monthly_liquidity_stress,P6M-SEVERE_NO_WAIVER-P-0018,SRC-001;SRC-002;SRC-003,P5A-014;P5A-015;P5A-016;P5A-018:P5A-032;SCN-001:SCN-009,formula_calculated_downside_liquidity_path,owner_reviewed_for_phase6_testing,2025-12-12,within_cutoff,"Recurring financing fees, official covenant definitions, eligible cash, distribution permissions and actual closing cash remain unavailable. Monthly timing is an owner-reviewed testing convention, not observed borrower seasonality."
P6L-00738,data/phase6/processed/MONTHLY_LIQUIDITY_STRESS.csv,monthly_liquidity_stress,P6M-SEVERE_NO_WAIVER-P-0019,SRC-001;SRC-002;SRC-003,P5A-014;P5A-015;P5A-016;P5A-018:P5A-032;SCN-001:SCN-009,formula_calculated_downside_liquidity_path,owner_reviewed_for_phase6_testing,2025-12-12,within_cutoff,"Recurring financing fees, official covenant definitions, eligible cash, distribution permissions and actual closing cash remain unavailable. Monthly timing is an owner-reviewed testing convention, not observed borrower seasonality."
P6L-00739,data/phase6/processed/MONTHLY_LIQUIDITY_STRESS.csv,monthly_liquidity_stress,P6M-SEVERE_NO_WAIVER-P-0020,SRC-001;SRC-002;SRC-003,P5A-014;P5A-015;P5A-016;P5A-018:P5A-032;SCN-001:SCN-009,formula_calculated_downside_liquidity_path,owner_reviewed_for_phase6_testing,2025-12-12,within_cutoff,"Recurring financing fees, official covenant definitions, eligible cash, distribution permissions and actual closing cash remain unavailable. Monthly timing is an owner-reviewed testing convention, not observed borrower seasonality."
P6L-00740,data/phase6/processed/MONTHLY_LIQUIDITY_STRESS.csv,monthly_liquidity_stress,P6M-SEVERE_NO_WAIVER-P-0021,SRC-001;SRC-002;SRC-003,P5A-014;P5A-015;P5A-016;P5A-018:P5A-032;SCN-001:SCN-009,formula_calculated_downside_liquidity_path,owner_reviewed_for_phase6_testing,2025-12-12,within_cutoff,"Recurring financing fees, official covenant definitions, eligible cash, distribution permissions and actual closing cash remain unavailable. Monthly timing is an owner-reviewed testing convention, not observed borrower seasonality."
P6L-00741,data/phase6/processed/MONTHLY_LIQUIDITY_STRESS.csv,monthly_liquidity_stress,P6M-SEVERE_NO_WAIVER-P-0022,SRC-001;SRC-002;SRC-003,P5A-014;P5A-015;P5A-016;P5A-018:P5A-032;SCN-001:SCN-009,formula_calculated_downside_liquidity_path,owner_reviewed_for_phase6_testing,2025-12-12,within_cutoff,"Recurring financing fees, official covenant definitions, eligible cash, distribution permissions and actual closing cash remain unavailable. Monthly timing is an owner-reviewed testing convention, not observed borrower seasonality."
P6L-00742,data/phase6/processed/MONTHLY_LIQUIDITY_STRESS.csv,monthly_liquidity_stress,P6M-SEVERE_NO_WAIVER-P-0023,SRC-001;SRC-002;SRC-003,P5A-014;P5A-015;P5A-016;P5A-018:P5A-032;SCN-001:SCN-009,formula_calculated_downside_liquidity_path,owner_reviewed_for_phase6_testing,2025-12-12,within_cutoff,"Recurring financing fees, official covenant definitions, eligible cash, distribution permissions and actual closing cash remain unavailable. Monthly timing is an owner-reviewed testing convention, not observed borrower seasonality."
P6L-00743,data/phase6/processed/MONTHLY_LIQUIDITY_STRESS.csv,monthly_liquidity_stress,P6M-SEVERE_NO_WAIVER-P-0024,SRC-001;SRC-002;SRC-003,P5A-014;P5A-015;P5A-016;P5A-018:P5A-032;SCN-001:SCN-009,formula_calculated_downside_liquidity_path,owner_reviewed_for_phase6_testing,2025-12-12,within_cutoff,"Recurring financing fees, official covenant definitions, eligible cash, distribution permissions and actual closing cash remain unavailable. Monthly timing is an owner-reviewed testing convention, not observed borrower seasonality."
P6L-00744,data/phase6/processed/MONTHLY_LIQUIDITY_STRESS.csv,monthly_liquidity_stress,P6M-SEVERE_NO_WAIVER-P-0025,SRC-001;SRC-002;SRC-003,P5A-014;P5A-015;P5A-016;P5A-018:P5A-032;SCN-001:SCN-009,formula_calculated_downside_liquidity_path,owner_reviewed_for_phase6_testing,2025-12-12,within_cutoff,"Recurring financing fees, official covenant definitions, eligible cash, distribution permissions and actual closing cash remain unavailable. Monthly timing is an owner-reviewed testing convention, not observed borrower seasonality."
P6L-00745,data/phase6/processed/MONTHLY_LIQUIDITY_STRESS.csv,monthly_liquidity_stress,P6M-SEVERE_NO_WAIVER-P-0026,SRC-001;SRC-002;SRC-003,P5A-014;P5A-015;P5A-016;P5A-018:P5A-032;SCN-001:SCN-009,formula_calculated_downside_liquidity_path,owner_reviewed_for_phase6_testing,2025-12-12,within_cutoff,"Recurring financing fees, official covenant definitions, eligible cash, distribution permissions and actual closing cash remain unavailable. Monthly timing is an owner-reviewed testing convention, not observed borrower seasonality."
P6L-00746,data/phase6/processed/MONTHLY_LIQUIDITY_STRESS.csv,monthly_liquidity_stress,P6M-SEVERE_NO_WAIVER-P-0027,SRC-001;SRC-002;SRC-003,P5A-014;P5A-015;P5A-016;P5A-018:P5A-032;SCN-001:SCN-009,formula_calculated_downside_liquidity_path,owner_reviewed_for_phase6_testing,2025-12-12,within_cutoff,"Recurring financing fees, official covenant definitions, eligible cash, distribution permissions and actual closing cash remain unavailable. Monthly timing is an owner-reviewed testing convention, not observed borrower seasonality."
P6L-00747,data/phase6/processed/MONTHLY_LIQUIDITY_STRESS.csv,monthly_liquidity_stress,P6M-SEVERE_NO_WAIVER-P-0028,SRC-001;SRC-002;SRC-003,P5A-014;P5A-015;P5A-016;P5A-018:P5A-032;SCN-001:SCN-009,formula_calculated_downside_liquidity_path,owner_reviewed_for_phase6_testing,2025-12-12,within_cutoff,"Recurring financing fees, official covenant definitions, eligible cash, distribution permissions and actual closing cash remain unavailable. Monthly timing is an owner-reviewed testing convention, not observed borrower seasonality."
P6L-00748,data/phase6/processed/MONTHLY_LIQUIDITY_STRESS.csv,monthly_liquidity_stress,P6M-SEVERE_NO_WAIVER-P-0029,SRC-001;SRC-002;SRC-003,P5A-014;P5A-015;P5A-016;P5A-018:P5A-032;SCN-001:SCN-009,formula_calculated_downside_liquidity_path,owner_reviewed_for_phase6_testing,2025-12-12,within_cutoff,"Recurring financing fees, official covenant definitions, eligible cash, distribution permissions and actual closing cash remain unavailable. Monthly timing is an owner-reviewed testing convention, not observed borrower seasonality."
P6L-00749,data/phase6/processed/MONTHLY_LIQUIDITY_STRESS.csv,monthly_liquidity_stress,P6M-SEVERE_NO_WAIVER-P-0030,SRC-001;SRC-002;SRC-003,P5A-014;P5A-015;P5A-016;P5A-018:P5A-032;SCN-001:SCN-009,formula_calculated_downside_liquidity_path,owner_reviewed_for_phase6_testing,2025-12-12,within_cutoff,"Recurring financing fees, official covenant definitions, eligible cash, distribution permissions and actual closing cash remain unavailable. Monthly timing is an owner-reviewed testing convention, not observed borrower seasonality."
P6L-00750,data/phase6/processed/MONTHLY_LIQUIDITY_STRESS.csv,monthly_liquidity_stress,P6M-SEVERE_NO_WAIVER-P-0031,SRC-001;SRC-002;SRC-003,P5A-014;P5A-015;P5A-016;P5A-018:P5A-032;SCN-001:SCN-009,formula_calculated_downside_liquidity_path,owner_reviewed_for_phase6_testing,2025-12-12,within_cutoff,"Recurring financing fees, official covenant definitions, eligible cash, distribution permissions and actual closing cash remain unavailable. Monthly timing is an owner-reviewed testing convention, not observed borrower seasonality."
P6L-00751,data/phase6/processed/MONTHLY_LIQUIDITY_STRESS.csv,monthly_liquidity_stress,P6M-SEVERE_NO_WAIVER-P-0032,SRC-001;SRC-002;SRC-003,P5A-014;P5A-015;P5A-016;P5A-018:P5A-032;SCN-001:SCN-009,formula_calculated_downside_liquidity_path,owner_reviewed_for_phase6_testing,2025-12-12,within_cutoff,"Recurring financing fees, official covenant definitions, eligible cash, distribution permissions and actual closing cash remain unavailable. Monthly timing is an owner-reviewed testing convention, not observed borrower seasonality."
P6L-00752,data/phase6/processed/MONTHLY_LIQUIDITY_STRESS.csv,monthly_liquidity_stress,P6M-SEVERE_NO_WAIVER-P-0033,SRC-001;SRC-002;SRC-003,P5A-014;P5A-015;P5A-016;P5A-018:P5A-032;SCN-001:SCN-009,formula_calculated_downside_liquidity_path,owner_reviewed_for_phase6_testing,2025-12-12,within_cutoff,"Recurring financing fees, official covenant definitions, eligible cash, distribution permissions and actual closing cash remain unavailable. Monthly timing is an owner-reviewed testing convention, not observed borrower seasonality."
P6L-00753,data/phase6/processed/MONTHLY_LIQUIDITY_STRESS.csv,monthly_liquidity_stress,P6M-SEVERE_NO_WAIVER-P-0034,SRC-001;SRC-002;SRC-003,P5A-014;P5A-015;P5A-016;P5A-018:P5A-032;SCN-001:SCN-009,formula_calculated_downside_liquidity_path,owner_reviewed_for_phase6_testing,2025-12-12,within_cutoff,"Recurring financing fees, official covenant definitions, eligible cash, distribution permissions and actual closing cash remain unavailable. Monthly timing is an owner-reviewed testing convention, not observed borrower seasonality."
P6L-00754,data/phase6/processed/MONTHLY_LIQUIDITY_STRESS.csv,monthly_liquidity_stress,P6M-SEVERE_NO_WAIVER-P-0035,SRC-001;SRC-002;SRC-003,P5A-014;P5A-015;P5A-016;P5A-018:P5A-032;SCN-001:SCN-009,formula_calculated_downside_liquidity_path,owner_reviewed_for_phase6_testing,2025-12-12,within_cutoff,"Recurring financing fees, official covenant definitions, eligible cash, distribution permissions and actual closing cash remain unavailable. Monthly timing is an owner-reviewed testing convention, not observed borrower seasonality."
P6L-00755,data/phase6/processed/MONTHLY_LIQUIDITY_STRESS.csv,monthly_liquidity_stress,P6M-SEVERE_NO_WAIVER-P-0036,SRC-001;SRC-002;SRC-003,P5A-014;P5A-015;P5A-016;P5A-018:P5A-032;SCN-001:SCN-009,formula_calculated_downside_liquidity_path,owner_reviewed_for_phase6_testing,2025-12-12,within_cutoff,"Recurring financing fees, official covenant definitions, eligible cash, distribution permissions and actual closing cash remain unavailable. Monthly timing is an owner-reviewed testing convention, not observed borrower seasonality."
P6L-00756,data/phase6/processed/MONTHLY_LIQUIDITY_STRESS.csv,monthly_liquidity_stress,P6M-SEVERE_NO_WAIVER-P-0037,SRC-001;SRC-002;SRC-003,P5A-014;P5A-015;P5A-016;P5A-018:P5A-032;SCN-001:SCN-009,formula_calculated_downside_liquidity_path,owner_reviewed_for_phase6_testing,2025-12-12,within_cutoff,"Recurring financing fees, official covenant definitions, eligible cash, distribution permissions and actual closing cash remain unavailable. Monthly timing is an owner-reviewed testing convention, not observed borrower seasonality."
P6L-00757,data/phase6/processed/MONTHLY_LIQUIDITY_STRESS.csv,monthly_liquidity_stress,P6M-SEVERE_NO_WAIVER-P-0038,SRC-001;SRC-002;SRC-003,P5A-014;P5A-015;P5A-016;P5A-018:P5A-032;SCN-001:SCN-009,formula_calculated_downside_liquidity_path,owner_reviewed_for_phase6_testing,2025-12-12,within_cutoff,"Recurring financing fees, official covenant definitions, eligible cash, distribution permissions and actual closing cash remain unavailable. Monthly timing is an owner-reviewed testing convention, not observed borrower seasonality."
P6L-00758,data/phase6/processed/MONTHLY_LIQUIDITY_STRESS.csv,monthly_liquidity_stress,P6M-SEVERE_NO_WAIVER-P-0039,SRC-001;SRC-002;SRC-003,P5A-014;P5A-015;P5A-016;P5A-018:P5A-032;SCN-001:SCN-009,formula_calculated_downside_liquidity_path,owner_reviewed_for_phase6_testing,2025-12-12,within_cutoff,"Recurring financing fees, official covenant definitions, eligible cash, distribution permissions and actual closing cash remain unavailable. Monthly timing is an owner-reviewed testing convention, not observed borrower seasonality."
P6L-00759,data/phase6/processed/MONTHLY_LIQUIDITY_STRESS.csv,monthly_liquidity_stress,P6M-SEVERE_NO_WAIVER-P-0040,SRC-001;SRC-002;SRC-003,P5A-014;P5A-015;P5A-016;P5A-018:P5A-032;SCN-001:SCN-009,formula_calculated_downside_liquidity_path,owner_reviewed_for_phase6_testing,2025-12-12,within_cutoff,"Recurring financing fees, official covenant definitions, eligible cash, distribution permissions and actual closing cash remain unavailable. Monthly timing is an owner-reviewed testing convention, not observed borrower seasonality."
P6L-00760,data/phase6/processed/MONTHLY_LIQUIDITY_STRESS.csv,monthly_liquidity_stress,P6M-SEVERE_NO_WAIVER-P-0041,SRC-001;SRC-002;SRC-003,P5A-014;P5A-015;P5A-016;P5A-018:P5A-032;SCN-001:SCN-009,formula_calculated_downside_liquidity_path,owner_reviewed_for_phase6_testing,2025-12-12,within_cutoff,"Recurring financing fees, official covenant definitions, eligible cash, distribution permissions and actual closing cash remain unavailable. Monthly timing is an owner-reviewed testing convention, not observed borrower seasonality."
P6L-00761,data/phase6/processed/MONTHLY_LIQUIDITY_STRESS.csv,monthly_liquidity_stress,P6M-SEVERE_NO_WAIVER-P-0042,SRC-001;SRC-002;SRC-003,P5A-014;P5A-015;P5A-016;P5A-018:P5A-032;SCN-001:SCN-009,formula_calculated_downside_liquidity_path,owner_reviewed_for_phase6_testing,2025-12-12,within_cutoff,"Recurring financing fees, official covenant definitions, eligible cash, distribution permissions and actual closing cash remain unavailable. Monthly timing is an owner-reviewed testing convention, not observed borrower seasonality."
P6L-00762,data/phase6/processed/MONTHLY_LIQUIDITY_STRESS.csv,monthly_liquidity_stress,P6M-SEVERE_NO_WAIVER-P-0043,SRC-001;SRC-002;SRC-003,P5A-014;P5A-015;P5A-016;P5A-018:P5A-032;SCN-001:SCN-009,formula_calculated_downside_liquidity_path,owner_reviewed_for_phase6_testing,2025-12-12,within_cutoff,"Recurring financing fees, official covenant definitions, eligible cash, distribution permissions and actual closing cash remain unavailable. Monthly timing is an owner-reviewed testing convention, not observed borrower seasonality."
P6L-00763,data/phase6/processed/MONTHLY_LIQUIDITY_STRESS.csv,monthly_liquidity_stress,P6M-SEVERE_NO_WAIVER-P-0044,SRC-001;SRC-002;SRC-003,P5A-014;P5A-015;P5A-016;P5A-018:P5A-032;SCN-001:SCN-009,formula_calculated_downside_liquidity_path,owner_reviewed_for_phase6_testing,2025-12-12,within_cutoff,"Recurring financing fees, official covenant definitions, eligible cash, distribution permissions and actual closing cash remain unavailable. Monthly timing is an owner-reviewed testing convention, not observed borrower seasonality."
P6L-00764,data/phase6/processed/MONTHLY_LIQUIDITY_STRESS.csv,monthly_liquidity_stress,P6M-SEVERE_NO_WAIVER-P-0045,SRC-001;SRC-002;SRC-003,P5A-014;P5A-015;P5A-016;P5A-018:P5A-032;SCN-001:SCN-009,formula_calculated_downside_liquidity_path,owner_reviewed_for_phase6_testing,2025-12-12,within_cutoff,"Recurring financing fees, official covenant definitions, eligible cash, distribution permissions and actual closing cash remain unavailable. Monthly timing is an owner-reviewed testing convention, not observed borrower seasonality."
P6L-00765,data/phase6/processed/MONTHLY_LIQUIDITY_STRESS.csv,monthly_liquidity_stress,P6M-SEVERE_NO_WAIVER-P-0046,SRC-001;SRC-002;SRC-003,P5A-014;P5A-015;P5A-016;P5A-018:P5A-032;SCN-001:SCN-009,formula_calculated_downside_liquidity_path,owner_reviewed_for_phase6_testing,2025-12-12,within_cutoff,"Recurring financing fees, official covenant definitions, eligible cash, distribution permissions and actual closing cash remain unavailable. Monthly timing is an owner-reviewed testing convention, not observed borrower seasonality."
P6L-00766,data/phase6/processed/MONTHLY_LIQUIDITY_STRESS.csv,monthly_liquidity_stress,P6M-SEVERE_NO_WAIVER-P-0047,SRC-001;SRC-002;SRC-003,P5A-014;P5A-015;P5A-016;P5A-018:P5A-032;SCN-001:SCN-009,formula_calculated_downside_liquidity_path,owner_reviewed_for_phase6_testing,2025-12-12,within_cutoff,"Recurring financing fees, official covenant definitions, eligible cash, distribution permissions and actual closing cash remain unavailable. Monthly timing is an owner-reviewed testing convention, not observed borrower seasonality."
P6L-00767,data/phase6/processed/MONTHLY_LIQUIDITY_STRESS.csv,monthly_liquidity_stress,P6M-SEVERE_NO_WAIVER-P-0048,SRC-001;SRC-002;SRC-003,P5A-014;P5A-015;P5A-016;P5A-018:P5A-032;SCN-001:SCN-009,formula_calculated_downside_liquidity_path,owner_reviewed_for_phase6_testing,2025-12-12,within_cutoff,"Recurring financing fees, official covenant definitions, eligible cash, distribution permissions and actual closing cash remain unavailable. Monthly timing is an owner-reviewed testing convention, not observed borrower seasonality."
P6L-00768,data/phase6/processed/MONTHLY_LIQUIDITY_STRESS.csv,monthly_liquidity_stress,P6M-SEVERE_NO_WAIVER-P-0049,SRC-001;SRC-002;SRC-003,P5A-014;P5A-015;P5A-016;P5A-018:P5A-032;SCN-001:SCN-009,formula_calculated_downside_liquidity_path,owner_reviewed_for_phase6_testing,2025-12-12,within_cutoff,"Recurring financing fees, official covenant definitions, eligible cash, distribution permissions and actual closing cash remain unavailable. Monthly timing is an owner-reviewed testing convention, not observed borrower seasonality."
P6L-00769,data/phase6/processed/MONTHLY_LIQUIDITY_STRESS.csv,monthly_liquidity_stress,P6M-SEVERE_NO_WAIVER-P-0050,SRC-001;SRC-002;SRC-003,P5A-014;P5A-015;P5A-016;P5A-018:P5A-032;SCN-001:SCN-009,formula_calculated_downside_liquidity_path,owner_reviewed_for_phase6_testing,2025-12-12,within_cutoff,"Recurring financing fees, official covenant definitions, eligible cash, distribution permissions and actual closing cash remain unavailable. Monthly timing is an owner-reviewed testing convention, not observed borrower seasonality."
P6L-00770,data/phase6/processed/MONTHLY_LIQUIDITY_STRESS.csv,monthly_liquidity_stress,P6M-SEVERE_NO_WAIVER-P-0051,SRC-001;SRC-002;SRC-003,P5A-014;P5A-015;P5A-016;P5A-018:P5A-032;SCN-001:SCN-009,formula_calculated_downside_liquidity_path,owner_reviewed_for_phase6_testing,2025-12-12,within_cutoff,"Recurring financing fees, official covenant definitions, eligible cash, distribution permissions and actual closing cash remain unavailable. Monthly timing is an owner-reviewed testing convention, not observed borrower seasonality."
P6L-00771,data/phase6/processed/MONTHLY_LIQUIDITY_STRESS.csv,monthly_liquidity_stress,P6M-SEVERE_NO_WAIVER-P-0052,SRC-001;SRC-002;SRC-003,P5A-014;P5A-015;P5A-016;P5A-018:P5A-032;SCN-001:SCN-009,formula_calculated_downside_liquidity_path,owner_reviewed_for_phase6_testing,2025-12-12,within_cutoff,"Recurring financing fees, official covenant definitions, eligible cash, distribution permissions and actual closing cash remain unavailable. Monthly timing is an owner-reviewed testing convention, not observed borrower seasonality."
P6L-00772,data/phase6/processed/MONTHLY_LIQUIDITY_STRESS.csv,monthly_liquidity_stress,P6M-SEVERE_NO_WAIVER-P-0053,SRC-001;SRC-002;SRC-003,P5A-014;P5A-015;P5A-016;P5A-018:P5A-032;SCN-001:SCN-009,formula_calculated_downside_liquidity_path,owner_reviewed_for_phase6_testing,2025-12-12,within_cutoff,"Recurring financing fees, official covenant definitions, eligible cash, distribution permissions and actual closing cash remain unavailable. Monthly timing is an owner-reviewed testing convention, not observed borrower seasonality."
P6L-00773,data/phase6/processed/MONTHLY_LIQUIDITY_STRESS.csv,monthly_liquidity_stress,P6M-SEVERE_NO_WAIVER-P-0054,SRC-001;SRC-002;SRC-003,P5A-014;P5A-015;P5A-016;P5A-018:P5A-032;SCN-001:SCN-009,formula_calculated_downside_liquidity_path,owner_reviewed_for_phase6_testing,2025-12-12,within_cutoff,"Recurring financing fees, official covenant definitions, eligible cash, distribution permissions and actual closing cash remain unavailable. Monthly timing is an owner-reviewed testing convention, not observed borrower seasonality."
P6L-00774,data/phase6/processed/MONTHLY_LIQUIDITY_STRESS.csv,monthly_liquidity_stress,P6M-SEVERE_NO_WAIVER-P-0055,SRC-001;SRC-002;SRC-003,P5A-014;P5A-015;P5A-016;P5A-018:P5A-032;SCN-001:SCN-009,formula_calculated_downside_liquidity_path,owner_reviewed_for_phase6_testing,2025-12-12,within_cutoff,"Recurring financing fees, official covenant definitions, eligible cash, distribution permissions and actual closing cash remain unavailable. Monthly timing is an owner-reviewed testing convention, not observed borrower seasonality."
P6L-00775,data/phase6/processed/MONTHLY_LIQUIDITY_STRESS.csv,monthly_liquidity_stress,P6M-SEVERE_NO_WAIVER-P-0056,SRC-001;SRC-002;SRC-003,P5A-014;P5A-015;P5A-016;P5A-018:P5A-032;SCN-001:SCN-009,formula_calculated_downside_liquidity_path,owner_reviewed_for_phase6_testing,2025-12-12,within_cutoff,"Recurring financing fees, official covenant definitions, eligible cash, distribution permissions and actual closing cash remain unavailable. Monthly timing is an owner-reviewed testing convention, not observed borrower seasonality."
P6L-00776,data/phase6/processed/MONTHLY_LIQUIDITY_STRESS.csv,monthly_liquidity_stress,P6M-SEVERE_NO_WAIVER-P-0057,SRC-001;SRC-002;SRC-003,P5A-014;P5A-015;P5A-016;P5A-018:P5A-032;SCN-001:SCN-009,formula_calculated_downside_liquidity_path,owner_reviewed_for_phase6_testing,2025-12-12,within_cutoff,"Recurring financing fees, official covenant definitions, eligible cash, distribution permissions and actual closing cash remain unavailable. Monthly timing is an owner-reviewed testing convention, not observed borrower seasonality."
P6L-00777,data/phase6/processed/MONTHLY_LIQUIDITY_STRESS.csv,monthly_liquidity_stress,P6M-SEVERE_NO_WAIVER-P-0058,SRC-001;SRC-002;SRC-003,P5A-014;P5A-015;P5A-016;P5A-018:P5A-032;SCN-001:SCN-009,formula_calculated_downside_liquidity_path,owner_reviewed_for_phase6_testing,2025-12-12,within_cutoff,"Recurring financing fees, official covenant definitions, eligible cash, distribution permissions and actual closing cash remain unavailable. Monthly timing is an owner-reviewed testing convention, not observed borrower seasonality."
P6L-00778,data/phase6/processed/MONTHLY_LIQUIDITY_STRESS.csv,monthly_liquidity_stress,P6M-SEVERE_NO_WAIVER-P-0059,SRC-001;SRC-002;SRC-003,P5A-014;P5A-015;P5A-016;P5A-018:P5A-032;SCN-001:SCN-009,formula_calculated_downside_liquidity_path,owner_reviewed_for_phase6_testing,2025-12-12,within_cutoff,"Recurring financing fees, official covenant definitions, eligible cash, distribution permissions and actual closing cash remain unavailable. Monthly timing is an owner-reviewed testing convention, not observed borrower seasonality."
P6L-00779,data/phase6/processed/MONTHLY_LIQUIDITY_STRESS.csv,monthly_liquidity_stress,P6M-SEVERE_NO_WAIVER-P-0060,SRC-001;SRC-002;SRC-003,P5A-014;P5A-015;P5A-016;P5A-018:P5A-032;SCN-001:SCN-009,formula_calculated_downside_liquidity_path,owner_reviewed_for_phase6_testing,2025-12-12,within_cutoff,"Recurring financing fees, official covenant definitions, eligible cash, distribution permissions and actual closing cash remain unavailable. Monthly timing is an owner-reviewed testing convention, not observed borrower seasonality."
P6L-00780,data/phase6/processed/MONTHLY_LIQUIDITY_STRESS.csv,monthly_liquidity_stress,P6M-SEVERE_NO_WAIVER-E-0001,SRC-001;SRC-002;SRC-003,P5A-014;P5A-015;P5A-016;P5A-018:P5A-032;SCN-001:SCN-009,formula_calculated_downside_liquidity_path,owner_reviewed_for_phase6_testing,2025-12-12,within_cutoff,"Recurring financing fees, official covenant definitions, eligible cash, distribution permissions and actual closing cash remain unavailable. Monthly timing is an owner-reviewed testing convention, not observed borrower seasonality."
P6L-00781,data/phase6/processed/MONTHLY_LIQUIDITY_STRESS.csv,monthly_liquidity_stress,P6M-SEVERE_NO_WAIVER-E-0002,SRC-001;SRC-002;SRC-003,P5A-014;P5A-015;P5A-016;P5A-018:P5A-032;SCN-001:SCN-009,formula_calculated_downside_liquidity_path,owner_reviewed_for_phase6_testing,2025-12-12,within_cutoff,"Recurring financing fees, official covenant definitions, eligible cash, distribution permissions and actual closing cash remain unavailable. Monthly timing is an owner-reviewed testing convention, not observed borrower seasonality."
P6L-00782,data/phase6/processed/MONTHLY_LIQUIDITY_STRESS.csv,monthly_liquidity_stress,P6M-SEVERE_NO_WAIVER-E-0003,SRC-001;SRC-002;SRC-003,P5A-014;P5A-015;P5A-016;P5A-018:P5A-032;SCN-001:SCN-009,formula_calculated_downside_liquidity_path,owner_reviewed_for_phase6_testing,2025-12-12,within_cutoff,"Recurring financing fees, official covenant definitions, eligible cash, distribution permissions and actual closing cash remain unavailable. Monthly timing is an owner-reviewed testing convention, not observed borrower seasonality."
P6L-00783,data/phase6/processed/MONTHLY_LIQUIDITY_STRESS.csv,monthly_liquidity_stress,P6M-SEVERE_NO_WAIVER-E-0004,SRC-001;SRC-002;SRC-003,P5A-014;P5A-015;P5A-016;P5A-018:P5A-032;SCN-001:SCN-009,formula_calculated_downside_liquidity_path,owner_reviewed_for_phase6_testing,2025-12-12,within_cutoff,"Recurring financing fees, official covenant definitions, eligible cash, distribution permissions and actual closing cash remain unavailable. Monthly timing is an owner-reviewed testing convention, not observed borrower seasonality."
P6L-00784,data/phase6/processed/MONTHLY_LIQUIDITY_STRESS.csv,monthly_liquidity_stress,P6M-SEVERE_NO_WAIVER-E-0005,SRC-001;SRC-002;SRC-003,P5A-014;P5A-015;P5A-016;P5A-018:P5A-032;SCN-001:SCN-009,formula_calculated_downside_liquidity_path,owner_reviewed_for_phase6_testing,2025-12-12,within_cutoff,"Recurring financing fees, official covenant definitions, eligible cash, distribution permissions and actual closing cash remain unavailable. Monthly timing is an owner-reviewed testing convention, not observed borrower seasonality."
P6L-00785,data/phase6/processed/MONTHLY_LIQUIDITY_STRESS.csv,monthly_liquidity_stress,P6M-SEVERE_NO_WAIVER-E-0006,SRC-001;SRC-002;SRC-003,P5A-014;P5A-015;P5A-016;P5A-018:P5A-032;SCN-001:SCN-009,formula_calculated_downside_liquidity_path,owner_reviewed_for_phase6_testing,2025-12-12,within_cutoff,"Recurring financing fees, official covenant definitions, eligible cash, distribution permissions and actual closing cash remain unavailable. Monthly timing is an owner-reviewed testing convention, not observed borrower seasonality."
P6L-00786,data/phase6/processed/MONTHLY_LIQUIDITY_STRESS.csv,monthly_liquidity_stress,P6M-SEVERE_NO_WAIVER-E-0007,SRC-001;SRC-002;SRC-003,P5A-014;P5A-015;P5A-016;P5A-018:P5A-032;SCN-001:SCN-009,formula_calculated_downside_liquidity_path,owner_reviewed_for_phase6_testing,2025-12-12,within_cutoff,"Recurring financing fees, official covenant definitions, eligible cash, distribution permissions and actual closing cash remain unavailable. Monthly timing is an owner-reviewed testing convention, not observed borrower seasonality."
P6L-00787,data/phase6/processed/MONTHLY_LIQUIDITY_STRESS.csv,monthly_liquidity_stress,P6M-SEVERE_NO_WAIVER-E-0008,SRC-001;SRC-002;SRC-003,P5A-014;P5A-015;P5A-016;P5A-018:P5A-032;SCN-001:SCN-009,formula_calculated_downside_liquidity_path,owner_reviewed_for_phase6_testing,2025-12-12,within_cutoff,"Recurring financing fees, official covenant definitions, eligible cash, distribution permissions and actual closing cash remain unavailable. Monthly timing is an owner-reviewed testing convention, not observed borrower seasonality."
P6L-00788,data/phase6/processed/MONTHLY_LIQUIDITY_STRESS.csv,monthly_liquidity_stress,P6M-SEVERE_NO_WAIVER-E-0009,SRC-001;SRC-002;SRC-003,P5A-014;P5A-015;P5A-016;P5A-018:P5A-032;SCN-001:SCN-009,formula_calculated_downside_liquidity_path,owner_reviewed_for_phase6_testing,2025-12-12,within_cutoff,"Recurring financing fees, official covenant definitions, eligible cash, distribution permissions and actual closing cash remain unavailable. Monthly timing is an owner-reviewed testing convention, not observed borrower seasonality."
P6L-00789,data/phase6/processed/MONTHLY_LIQUIDITY_STRESS.csv,monthly_liquidity_stress,P6M-SEVERE_NO_WAIVER-E-0010,SRC-001;SRC-002;SRC-003,P5A-014;P5A-015;P5A-016;P5A-018:P5A-032;SCN-001:SCN-009,formula_calculated_downside_liquidity_path,owner_reviewed_for_phase6_testing,2025-12-12,within_cutoff,"Recurring financing fees, official covenant definitions, eligible cash, distribution permissions and actual closing cash remain unavailable. Monthly timing is an owner-reviewed testing convention, not observed borrower seasonality."
P6L-00790,data/phase6/processed/MONTHLY_LIQUIDITY_STRESS.csv,monthly_liquidity_stress,P6M-SEVERE_NO_WAIVER-E-0011,SRC-001;SRC-002;SRC-003,P5A-014;P5A-015;P5A-016;P5A-018:P5A-032;SCN-001:SCN-009,formula_calculated_downside_liquidity_path,owner_reviewed_for_phase6_testing,2025-12-12,within_cutoff,"Recurring financing fees, official covenant definitions, eligible cash, distribution permissions and actual closing cash remain unavailable. Monthly timing is an owner-reviewed testing convention, not observed borrower seasonality."
P6L-00791,data/phase6/processed/MONTHLY_LIQUIDITY_STRESS.csv,monthly_liquidity_stress,P6M-SEVERE_NO_WAIVER-E-0012,SRC-001;SRC-002;SRC-003,P5A-014;P5A-015;P5A-016;P5A-018:P5A-032;SCN-001:SCN-009,formula_calculated_downside_liquidity_path,owner_reviewed_for_phase6_testing,2025-12-12,within_cutoff,"Recurring financing fees, official covenant definitions, eligible cash, distribution permissions and actual closing cash remain unavailable. Monthly timing is an owner-reviewed testing convention, not observed borrower seasonality."
P6L-00792,data/phase6/processed/MONTHLY_LIQUIDITY_STRESS.csv,monthly_liquidity_stress,P6M-SEVERE_NO_WAIVER-E-0013,SRC-001;SRC-002;SRC-003,P5A-014;P5A-015;P5A-016;P5A-018:P5A-032;SCN-001:SCN-009,formula_calculated_downside_liquidity_path,owner_reviewed_for_phase6_testing,2025-12-12,within_cutoff,"Recurring financing fees, official covenant definitions, eligible cash, distribution permissions and actual closing cash remain unavailable. Monthly timing is an owner-reviewed testing convention, not observed borrower seasonality."
P6L-00793,data/phase6/processed/MONTHLY_LIQUIDITY_STRESS.csv,monthly_liquidity_stress,P6M-SEVERE_NO_WAIVER-E-0014,SRC-001;SRC-002;SRC-003,P5A-014;P5A-015;P5A-016;P5A-018:P5A-032;SCN-001:SCN-009,formula_calculated_downside_liquidity_path,owner_reviewed_for_phase6_testing,2025-12-12,within_cutoff,"Recurring financing fees, official covenant definitions, eligible cash, distribution permissions and actual closing cash remain unavailable. Monthly timing is an owner-reviewed testing convention, not observed borrower seasonality."
P6L-00794,data/phase6/processed/MONTHLY_LIQUIDITY_STRESS.csv,monthly_liquidity_stress,P6M-SEVERE_NO_WAIVER-E-0015,SRC-001;SRC-002;SRC-003,P5A-014;P5A-015;P5A-016;P5A-018:P5A-032;SCN-001:SCN-009,formula_calculated_downside_liquidity_path,owner_reviewed_for_phase6_testing,2025-12-12,within_cutoff,"Recurring financing fees, official covenant definitions, eligible cash, distribution permissions and actual closing cash remain unavailable. Monthly timing is an owner-reviewed testing convention, not observed borrower seasonality."
P6L-00795,data/phase6/processed/MONTHLY_LIQUIDITY_STRESS.csv,monthly_liquidity_stress,P6M-SEVERE_NO_WAIVER-E-0016,SRC-001;SRC-002;SRC-003,P5A-014;P5A-015;P5A-016;P5A-018:P5A-032;SCN-001:SCN-009,formula_calculated_downside_liquidity_path,owner_reviewed_for_phase6_testing,2025-12-12,within_cutoff,"Recurring financing fees, official covenant definitions, eligible cash, distribution permissions and actual closing cash remain unavailable. Monthly timing is an owner-reviewed testing convention, not observed borrower seasonality."
P6L-00796,data/phase6/processed/MONTHLY_LIQUIDITY_STRESS.csv,monthly_liquidity_stress,P6M-SEVERE_NO_WAIVER-E-0017,SRC-001;SRC-002;SRC-003,P5A-014;P5A-015;P5A-016;P5A-018:P5A-032;SCN-001:SCN-009,formula_calculated_downside_liquidity_path,owner_reviewed_for_phase6_testing,2025-12-12,within_cutoff,"Recurring financing fees, official covenant definitions, eligible cash, distribution permissions and actual closing cash remain unavailable. Monthly timing is an owner-reviewed testing convention, not observed borrower seasonality."
P6L-00797,data/phase6/processed/MONTHLY_LIQUIDITY_STRESS.csv,monthly_liquidity_stress,P6M-SEVERE_NO_WAIVER-E-0018,SRC-001;SRC-002;SRC-003,P5A-014;P5A-015;P5A-016;P5A-018:P5A-032;SCN-001:SCN-009,formula_calculated_downside_liquidity_path,owner_reviewed_for_phase6_testing,2025-12-12,within_cutoff,"Recurring financing fees, official covenant definitions, eligible cash, distribution permissions and actual closing cash remain unavailable. Monthly timing is an owner-reviewed testing convention, not observed borrower seasonality."
P6L-00798,data/phase6/processed/MONTHLY_LIQUIDITY_STRESS.csv,monthly_liquidity_stress,P6M-SEVERE_NO_WAIVER-E-0019,SRC-001;SRC-002;SRC-003,P5A-014;P5A-015;P5A-016;P5A-018:P5A-032;SCN-001:SCN-009,formula_calculated_downside_liquidity_path,owner_reviewed_for_phase6_testing,2025-12-12,within_cutoff,"Recurring financing fees, official covenant definitions, eligible cash, distribution permissions and actual closing cash remain unavailable. Monthly timing is an owner-reviewed testing convention, not observed borrower seasonality."
P6L-00799,data/phase6/processed/MONTHLY_LIQUIDITY_STRESS.csv,monthly_liquidity_stress,P6M-SEVERE_NO_WAIVER-E-0020,SRC-001;SRC-002;SRC-003,P5A-014;P5A-015;P5A-016;P5A-018:P5A-032;SCN-001:SCN-009,formula_calculated_downside_liquidity_path,owner_reviewed_for_phase6_testing,2025-12-12,within_cutoff,"Recurring financing fees, official covenant definitions, eligible cash, distribution permissions and actual closing cash remain unavailable. Monthly timing is an owner-reviewed testing convention, not observed borrower seasonality."
P6L-00800,data/phase6/processed/MONTHLY_LIQUIDITY_STRESS.csv,monthly_liquidity_stress,P6M-SEVERE_NO_WAIVER-E-0021,SRC-001;SRC-002;SRC-003,P5A-014;P5A-015;P5A-016;P5A-018:P5A-032;SCN-001:SCN-009,formula_calculated_downside_liquidity_path,owner_reviewed_for_phase6_testing,2025-12-12,within_cutoff,"Recurring financing fees, official covenant definitions, eligible cash, distribution permissions and actual closing cash remain unavailable. Monthly timing is an owner-reviewed testing convention, not observed borrower seasonality."
P6L-00801,data/phase6/processed/MONTHLY_LIQUIDITY_STRESS.csv,monthly_liquidity_stress,P6M-SEVERE_NO_WAIVER-E-0022,SRC-001;SRC-002;SRC-003,P5A-014;P5A-015;P5A-016;P5A-018:P5A-032;SCN-001:SCN-009,formula_calculated_downside_liquidity_path,owner_reviewed_for_phase6_testing,2025-12-12,within_cutoff,"Recurring financing fees, official covenant definitions, eligible cash, distribution permissions and actual closing cash remain unavailable. Monthly timing is an owner-reviewed testing convention, not observed borrower seasonality."
P6L-00802,data/phase6/processed/MONTHLY_LIQUIDITY_STRESS.csv,monthly_liquidity_stress,P6M-SEVERE_NO_WAIVER-E-0023,SRC-001;SRC-002;SRC-003,P5A-014;P5A-015;P5A-016;P5A-018:P5A-032;SCN-001:SCN-009,formula_calculated_downside_liquidity_path,owner_reviewed_for_phase6_testing,2025-12-12,within_cutoff,"Recurring financing fees, official covenant definitions, eligible cash, distribution permissions and actual closing cash remain unavailable. Monthly timing is an owner-reviewed testing convention, not observed borrower seasonality."
P6L-00803,data/phase6/processed/MONTHLY_LIQUIDITY_STRESS.csv,monthly_liquidity_stress,P6M-SEVERE_NO_WAIVER-E-0024,SRC-001;SRC-002;SRC-003,P5A-014;P5A-015;P5A-016;P5A-018:P5A-032;SCN-001:SCN-009,formula_calculated_downside_liquidity_path,owner_reviewed_for_phase6_testing,2025-12-12,within_cutoff,"Recurring financing fees, official covenant definitions, eligible cash, distribution permissions and actual closing cash remain unavailable. Monthly timing is an owner-reviewed testing convention, not observed borrower seasonality."
P6L-00804,data/phase6/processed/MONTHLY_LIQUIDITY_STRESS.csv,monthly_liquidity_stress,P6M-SEVERE_NO_WAIVER-E-0025,SRC-001;SRC-002;SRC-003,P5A-014;P5A-015;P5A-016;P5A-018:P5A-032;SCN-001:SCN-009,formula_calculated_downside_liquidity_path,owner_reviewed_for_phase6_testing,2025-12-12,within_cutoff,"Recurring financing fees, official covenant definitions, eligible cash, distribution permissions and actual closing cash remain unavailable. Monthly timing is an owner-reviewed testing convention, not observed borrower seasonality."
P6L-00805,data/phase6/processed/MONTHLY_LIQUIDITY_STRESS.csv,monthly_liquidity_stress,P6M-SEVERE_NO_WAIVER-E-0026,SRC-001;SRC-002;SRC-003,P5A-014;P5A-015;P5A-016;P5A-018:P5A-032;SCN-001:SCN-009,formula_calculated_downside_liquidity_path,owner_reviewed_for_phase6_testing,2025-12-12,within_cutoff,"Recurring financing fees, official covenant definitions, eligible cash, distribution permissions and actual closing cash remain unavailable. Monthly timing is an owner-reviewed testing convention, not observed borrower seasonality."
P6L-00806,data/phase6/processed/MONTHLY_LIQUIDITY_STRESS.csv,monthly_liquidity_stress,P6M-SEVERE_NO_WAIVER-E-0027,SRC-001;SRC-002;SRC-003,P5A-014;P5A-015;P5A-016;P5A-018:P5A-032;SCN-001:SCN-009,formula_calculated_downside_liquidity_path,owner_reviewed_for_phase6_testing,2025-12-12,within_cutoff,"Recurring financing fees, official covenant definitions, eligible cash, distribution permissions and actual closing cash remain unavailable. Monthly timing is an owner-reviewed testing convention, not observed borrower seasonality."
P6L-00807,data/phase6/processed/MONTHLY_LIQUIDITY_STRESS.csv,monthly_liquidity_stress,P6M-SEVERE_NO_WAIVER-E-0028,SRC-001;SRC-002;SRC-003,P5A-014;P5A-015;P5A-016;P5A-018:P5A-032;SCN-001:SCN-009,formula_calculated_downside_liquidity_path,owner_reviewed_for_phase6_testing,2025-12-12,within_cutoff,"Recurring financing fees, official covenant definitions, eligible cash, distribution permissions and actual closing cash remain unavailable. Monthly timing is an owner-reviewed testing convention, not observed borrower seasonality."
P6L-00808,data/phase6/processed/MONTHLY_LIQUIDITY_STRESS.csv,monthly_liquidity_stress,P6M-SEVERE_NO_WAIVER-E-0029,SRC-001;SRC-002;SRC-003,P5A-014;P5A-015;P5A-016;P5A-018:P5A-032;SCN-001:SCN-009,formula_calculated_downside_liquidity_path,owner_reviewed_for_phase6_testing,2025-12-12,within_cutoff,"Recurring financing fees, official covenant definitions, eligible cash, distribution permissions and actual closing cash remain unavailable. Monthly timing is an owner-reviewed testing convention, not observed borrower seasonality."
P6L-00809,data/phase6/processed/MONTHLY_LIQUIDITY_STRESS.csv,monthly_liquidity_stress,P6M-SEVERE_NO_WAIVER-E-0030,SRC-001;SRC-002;SRC-003,P5A-014;P5A-015;P5A-016;P5A-018:P5A-032;SCN-001:SCN-009,formula_calculated_downside_liquidity_path,owner_reviewed_for_phase6_testing,2025-12-12,within_cutoff,"Recurring financing fees, official covenant definitions, eligible cash, distribution permissions and actual closing cash remain unavailable. Monthly timing is an owner-reviewed testing convention, not observed borrower seasonality."
P6L-00810,data/phase6/processed/MONTHLY_LIQUIDITY_STRESS.csv,monthly_liquidity_stress,P6M-SEVERE_NO_WAIVER-E-0031,SRC-001;SRC-002;SRC-003,P5A-014;P5A-015;P5A-016;P5A-018:P5A-032;SCN-001:SCN-009,formula_calculated_downside_liquidity_path,owner_reviewed_for_phase6_testing,2025-12-12,within_cutoff,"Recurring financing fees, official covenant definitions, eligible cash, distribution permissions and actual closing cash remain unavailable. Monthly timing is an owner-reviewed testing convention, not observed borrower seasonality."
P6L-00811,data/phase6/processed/MONTHLY_LIQUIDITY_STRESS.csv,monthly_liquidity_stress,P6M-SEVERE_NO_WAIVER-E-0032,SRC-001;SRC-002;SRC-003,P5A-014;P5A-015;P5A-016;P5A-018:P5A-032;SCN-001:SCN-009,formula_calculated_downside_liquidity_path,owner_reviewed_for_phase6_testing,2025-12-12,within_cutoff,"Recurring financing fees, official covenant definitions, eligible cash, distribution permissions and actual closing cash remain unavailable. Monthly timing is an owner-reviewed testing convention, not observed borrower seasonality."
P6L-00812,data/phase6/processed/MONTHLY_LIQUIDITY_STRESS.csv,monthly_liquidity_stress,P6M-SEVERE_NO_WAIVER-E-0033,SRC-001;SRC-002;SRC-003,P5A-014;P5A-015;P5A-016;P5A-018:P5A-032;SCN-001:SCN-009,formula_calculated_downside_liquidity_path,owner_reviewed_for_phase6_testing,2025-12-12,within_cutoff,"Recurring financing fees, official covenant definitions, eligible cash, distribution permissions and actual closing cash remain unavailable. Monthly timing is an owner-reviewed testing convention, not observed borrower seasonality."
P6L-00813,data/phase6/processed/MONTHLY_LIQUIDITY_STRESS.csv,monthly_liquidity_stress,P6M-SEVERE_NO_WAIVER-E-0034,SRC-001;SRC-002;SRC-003,P5A-014;P5A-015;P5A-016;P5A-018:P5A-032;SCN-001:SCN-009,formula_calculated_downside_liquidity_path,owner_reviewed_for_phase6_testing,2025-12-12,within_cutoff,"Recurring financing fees, official covenant definitions, eligible cash, distribution permissions and actual closing cash remain unavailable. Monthly timing is an owner-reviewed testing convention, not observed borrower seasonality."
P6L-00814,data/phase6/processed/MONTHLY_LIQUIDITY_STRESS.csv,monthly_liquidity_stress,P6M-SEVERE_NO_WAIVER-E-0035,SRC-001;SRC-002;SRC-003,P5A-014;P5A-015;P5A-016;P5A-018:P5A-032;SCN-001:SCN-009,formula_calculated_downside_liquidity_path,owner_reviewed_for_phase6_testing,2025-12-12,within_cutoff,"Recurring financing fees, official covenant definitions, eligible cash, distribution permissions and actual closing cash remain unavailable. Monthly timing is an owner-reviewed testing convention, not observed borrower seasonality."
P6L-00815,data/phase6/processed/MONTHLY_LIQUIDITY_STRESS.csv,monthly_liquidity_stress,P6M-SEVERE_NO_WAIVER-E-0036,SRC-001;SRC-002;SRC-003,P5A-014;P5A-015;P5A-016;P5A-018:P5A-032;SCN-001:SCN-009,formula_calculated_downside_liquidity_path,owner_reviewed_for_phase6_testing,2025-12-12,within_cutoff,"Recurring financing fees, official covenant definitions, eligible cash, distribution permissions and actual closing cash remain unavailable. Monthly timing is an owner-reviewed testing convention, not observed borrower seasonality."
P6L-00816,data/phase6/processed/MONTHLY_LIQUIDITY_STRESS.csv,monthly_liquidity_stress,P6M-SEVERE_NO_WAIVER-E-0037,SRC-001;SRC-002;SRC-003,P5A-014;P5A-015;P5A-016;P5A-018:P5A-032;SCN-001:SCN-009,formula_calculated_downside_liquidity_path,owner_reviewed_for_phase6_testing,2025-12-12,within_cutoff,"Recurring financing fees, official covenant definitions, eligible cash, distribution permissions and actual closing cash remain unavailable. Monthly timing is an owner-reviewed testing convention, not observed borrower seasonality."
P6L-00817,data/phase6/processed/MONTHLY_LIQUIDITY_STRESS.csv,monthly_liquidity_stress,P6M-SEVERE_NO_WAIVER-E-0038,SRC-001;SRC-002;SRC-003,P5A-014;P5A-015;P5A-016;P5A-018:P5A-032;SCN-001:SCN-009,formula_calculated_downside_liquidity_path,owner_reviewed_for_phase6_testing,2025-12-12,within_cutoff,"Recurring financing fees, official covenant definitions, eligible cash, distribution permissions and actual closing cash remain unavailable. Monthly timing is an owner-reviewed testing convention, not observed borrower seasonality."
P6L-00818,data/phase6/processed/MONTHLY_LIQUIDITY_STRESS.csv,monthly_liquidity_stress,P6M-SEVERE_NO_WAIVER-E-0039,SRC-001;SRC-002;SRC-003,P5A-014;P5A-015;P5A-016;P5A-018:P5A-032;SCN-001:SCN-009,formula_calculated_downside_liquidity_path,owner_reviewed_for_phase6_testing,2025-12-12,within_cutoff,"Recurring financing fees, official covenant definitions, eligible cash, distribution permissions and actual closing cash remain unavailable. Monthly timing is an owner-reviewed testing convention, not observed borrower seasonality."
P6L-00819,data/phase6/processed/MONTHLY_LIQUIDITY_STRESS.csv,monthly_liquidity_stress,P6M-SEVERE_NO_WAIVER-E-0040,SRC-001;SRC-002;SRC-003,P5A-014;P5A-015;P5A-016;P5A-018:P5A-032;SCN-001:SCN-009,formula_calculated_downside_liquidity_path,owner_reviewed_for_phase6_testing,2025-12-12,within_cutoff,"Recurring financing fees, official covenant definitions, eligible cash, distribution permissions and actual closing cash remain unavailable. Monthly timing is an owner-reviewed testing convention, not observed borrower seasonality."
P6L-00820,data/phase6/processed/MONTHLY_LIQUIDITY_STRESS.csv,monthly_liquidity_stress,P6M-SEVERE_NO_WAIVER-E-0041,SRC-001;SRC-002;SRC-003,P5A-014;P5A-015;P5A-016;P5A-018:P5A-032;SCN-001:SCN-009,formula_calculated_downside_liquidity_path,owner_reviewed_for_phase6_testing,2025-12-12,within_cutoff,"Recurring financing fees, official covenant definitions, eligible cash, distribution permissions and actual closing cash remain unavailable. Monthly timing is an owner-reviewed testing convention, not observed borrower seasonality."
P6L-00821,data/phase6/processed/MONTHLY_LIQUIDITY_STRESS.csv,monthly_liquidity_stress,P6M-SEVERE_NO_WAIVER-E-0042,SRC-001;SRC-002;SRC-003,P5A-014;P5A-015;P5A-016;P5A-018:P5A-032;SCN-001:SCN-009,formula_calculated_downside_liquidity_path,owner_reviewed_for_phase6_testing,2025-12-12,within_cutoff,"Recurring financing fees, official covenant definitions, eligible cash, distribution permissions and actual closing cash remain unavailable. Monthly timing is an owner-reviewed testing convention, not observed borrower seasonality."
P6L-00822,data/phase6/processed/QUARTERLY_STRESS_FORECAST.csv,quarterly_stress_forecast,P6Q-0001,SRC-001;SRC-002;SRC-003,P5A-014;P5A-015;P5A-016;P5A-018:P5A-032;SCN-001:SCN-009,formula_calculated_quarterly_stress,inherited_phase5_base,2025-12-12,within_cutoff,Quarter aggregates monthly provisional allocations; actual monthly seasonality is unavailable.
P6L-00823,data/phase6/processed/QUARTERLY_STRESS_FORECAST.csv,quarterly_stress_forecast,P6Q-0002,SRC-001;SRC-002;SRC-003,P5A-014;P5A-015;P5A-016;P5A-018:P5A-032;SCN-001:SCN-009,formula_calculated_quarterly_stress,inherited_phase5_base,2025-12-12,within_cutoff,Quarter aggregates monthly provisional allocations; actual monthly seasonality is unavailable.
P6L-00824,data/phase6/processed/QUARTERLY_STRESS_FORECAST.csv,quarterly_stress_forecast,P6Q-0003,SRC-001;SRC-002;SRC-003,P5A-014;P5A-015;P5A-016;P5A-018:P5A-032;SCN-001:SCN-009,formula_calculated_quarterly_stress,inherited_phase5_base,2025-12-12,within_cutoff,Quarter aggregates monthly provisional allocations; actual monthly seasonality is unavailable.
P6L-00825,data/phase6/processed/QUARTERLY_STRESS_FORECAST.csv,quarterly_stress_forecast,P6Q-0004,SRC-001;SRC-002;SRC-003,P5A-014;P5A-015;P5A-016;P5A-018:P5A-032;SCN-001:SCN-009,formula_calculated_quarterly_stress,inherited_phase5_base,2025-12-12,within_cutoff,Quarter aggregates monthly provisional allocations; actual monthly seasonality is unavailable.
P6L-00826,data/phase6/processed/QUARTERLY_STRESS_FORECAST.csv,quarterly_stress_forecast,P6Q-0005,SRC-001;SRC-002;SRC-003,P5A-014;P5A-015;P5A-016;P5A-018:P5A-032;SCN-001:SCN-009,formula_calculated_quarterly_stress,inherited_phase5_base,2025-12-12,within_cutoff,Quarter aggregates monthly provisional allocations; actual monthly seasonality is unavailable.
P6L-00827,data/phase6/processed/QUARTERLY_STRESS_FORECAST.csv,quarterly_stress_forecast,P6Q-0006,SRC-001;SRC-002;SRC-003,P5A-014;P5A-015;P5A-016;P5A-018:P5A-032;SCN-001:SCN-009,formula_calculated_quarterly_stress,inherited_phase5_base,2025-12-12,within_cutoff,Quarter aggregates monthly provisional allocations; actual monthly seasonality is unavailable.
P6L-00828,data/phase6/processed/QUARTERLY_STRESS_FORECAST.csv,quarterly_stress_forecast,P6Q-0007,SRC-001;SRC-002;SRC-003,P5A-014;P5A-015;P5A-016;P5A-018:P5A-032;SCN-001:SCN-009,formula_calculated_quarterly_stress,inherited_phase5_base,2025-12-12,within_cutoff,Quarter aggregates monthly provisional allocations; actual monthly seasonality is unavailable.
P6L-00829,data/phase6/processed/QUARTERLY_STRESS_FORECAST.csv,quarterly_stress_forecast,P6Q-0008,SRC-001;SRC-002;SRC-003,P5A-014;P5A-015;P5A-016;P5A-018:P5A-032;SCN-001:SCN-009,formula_calculated_quarterly_stress,inherited_phase5_base,2025-12-12,within_cutoff,Quarter aggregates monthly provisional allocations; actual monthly seasonality is unavailable.
P6L-00830,data/phase6/processed/QUARTERLY_STRESS_FORECAST.csv,quarterly_stress_forecast,P6Q-0009,SRC-001;SRC-002;SRC-003,P5A-014;P5A-015;P5A-016;P5A-018:P5A-032;SCN-001:SCN-009,formula_calculated_quarterly_stress,inherited_phase5_base,2025-12-12,within_cutoff,Quarter aggregates monthly provisional allocations; actual monthly seasonality is unavailable.
P6L-00831,data/phase6/processed/QUARTERLY_STRESS_FORECAST.csv,quarterly_stress_forecast,P6Q-0010,SRC-001;SRC-002;SRC-003,P5A-014;P5A-015;P5A-016;P5A-018:P5A-032;SCN-001:SCN-009,formula_calculated_quarterly_stress,inherited_phase5_base,2025-12-12,within_cutoff,Quarter aggregates monthly provisional allocations; actual monthly seasonality is unavailable.
P6L-00832,data/phase6/processed/QUARTERLY_STRESS_FORECAST.csv,quarterly_stress_forecast,P6Q-0011,SRC-001;SRC-002;SRC-003,P5A-014;P5A-015;P5A-016;P5A-018:P5A-032;SCN-001:SCN-009,formula_calculated_quarterly_stress,inherited_phase5_base,2025-12-12,within_cutoff,Quarter aggregates monthly provisional allocations; actual monthly seasonality is unavailable.
P6L-00833,data/phase6/processed/QUARTERLY_STRESS_FORECAST.csv,quarterly_stress_forecast,P6Q-0012,SRC-001;SRC-002;SRC-003,P5A-014;P5A-015;P5A-016;P5A-018:P5A-032;SCN-001:SCN-009,formula_calculated_quarterly_stress,inherited_phase5_base,2025-12-12,within_cutoff,Quarter aggregates monthly provisional allocations; actual monthly seasonality is unavailable.
P6L-00834,data/phase6/processed/QUARTERLY_STRESS_FORECAST.csv,quarterly_stress_forecast,P6Q-0013,SRC-001;SRC-002;SRC-003,P5A-014;P5A-015;P5A-016;P5A-018:P5A-032;SCN-001:SCN-009,formula_calculated_quarterly_stress,inherited_phase5_base,2025-12-12,within_cutoff,Quarter aggregates monthly provisional allocations; actual monthly seasonality is unavailable.
P6L-00835,data/phase6/processed/QUARTERLY_STRESS_FORECAST.csv,quarterly_stress_forecast,P6Q-0014,SRC-001;SRC-002;SRC-003,P5A-014;P5A-015;P5A-016;P5A-018:P5A-032;SCN-001:SCN-009,formula_calculated_quarterly_stress,inherited_phase5_base,2025-12-12,within_cutoff,Quarter aggregates monthly provisional allocations; actual monthly seasonality is unavailable.
P6L-00836,data/phase6/processed/QUARTERLY_STRESS_FORECAST.csv,quarterly_stress_forecast,P6Q-0015,SRC-001;SRC-002;SRC-003,P5A-014;P5A-015;P5A-016;P5A-018:P5A-032;SCN-001:SCN-009,formula_calculated_quarterly_stress,inherited_phase5_base,2025-12-12,within_cutoff,Quarter aggregates monthly provisional allocations; actual monthly seasonality is unavailable.
P6L-00837,data/phase6/processed/QUARTERLY_STRESS_FORECAST.csv,quarterly_stress_forecast,P6Q-0016,SRC-001;SRC-002;SRC-003,P5A-014;P5A-015;P5A-016;P5A-018:P5A-032;SCN-001:SCN-009,formula_calculated_quarterly_stress,inherited_phase5_base,2025-12-12,within_cutoff,Quarter aggregates monthly provisional allocations; actual monthly seasonality is unavailable.
P6L-00838,data/phase6/processed/QUARTERLY_STRESS_FORECAST.csv,quarterly_stress_forecast,P6Q-0017,SRC-001;SRC-002;SRC-003,P5A-014;P5A-015;P5A-016;P5A-018:P5A-032;SCN-001:SCN-009,formula_calculated_quarterly_stress,inherited_phase5_base,2025-12-12,within_cutoff,Quarter aggregates monthly provisional allocations; actual monthly seasonality is unavailable.
P6L-00839,data/phase6/processed/QUARTERLY_STRESS_FORECAST.csv,quarterly_stress_forecast,P6Q-0018,SRC-001;SRC-002;SRC-003,P5A-014;P5A-015;P5A-016;P5A-018:P5A-032;SCN-001:SCN-009,formula_calculated_quarterly_stress,inherited_phase5_base,2025-12-12,within_cutoff,Quarter aggregates monthly provisional allocations; actual monthly seasonality is unavailable.
P6L-00840,data/phase6/processed/QUARTERLY_STRESS_FORECAST.csv,quarterly_stress_forecast,P6Q-0019,SRC-001;SRC-002;SRC-003,P5A-014;P5A-015;P5A-016;P5A-018:P5A-032;SCN-001:SCN-009,formula_calculated_quarterly_stress,inherited_phase5_base,2025-12-12,within_cutoff,Quarter aggregates monthly provisional allocations; actual monthly seasonality is unavailable.
P6L-00841,data/phase6/processed/QUARTERLY_STRESS_FORECAST.csv,quarterly_stress_forecast,P6Q-0020,SRC-001;SRC-002;SRC-003,P5A-014;P5A-015;P5A-016;P5A-018:P5A-032;SCN-001:SCN-009,formula_calculated_quarterly_stress,inherited_phase5_base,2025-12-12,within_cutoff,Quarter aggregates monthly provisional allocations; actual monthly seasonality is unavailable.
P6L-00842,data/phase6/processed/QUARTERLY_STRESS_FORECAST.csv,quarterly_stress_forecast,P6Q-0021,SRC-001;SRC-002;SRC-003,P5A-014;P5A-015;P5A-016;P5A-018:P5A-032;SCN-001:SCN-009,formula_calculated_quarterly_stress,inherited_phase5_base,2025-12-12,within_cutoff,Quarter aggregates monthly provisional allocations; actual monthly seasonality is unavailable.
P6L-00843,data/phase6/processed/QUARTERLY_STRESS_FORECAST.csv,quarterly_stress_forecast,P6Q-0022,SRC-001;SRC-002;SRC-003,P5A-014;P5A-015;P5A-016;P5A-018:P5A-032;SCN-001:SCN-009,formula_calculated_quarterly_stress,inherited_phase5_base,2025-12-12,within_cutoff,Quarter aggregates monthly provisional allocations; actual monthly seasonality is unavailable.
P6L-00844,data/phase6/processed/QUARTERLY_STRESS_FORECAST.csv,quarterly_stress_forecast,P6Q-0023,SRC-001;SRC-002;SRC-003,P5A-014;P5A-015;P5A-016;P5A-018:P5A-032;SCN-001:SCN-009,formula_calculated_quarterly_stress,inherited_phase5_base,2025-12-12,within_cutoff,Quarter aggregates monthly provisional allocations; actual monthly seasonality is unavailable.
P6L-00845,data/phase6/processed/QUARTERLY_STRESS_FORECAST.csv,quarterly_stress_forecast,P6Q-0024,SRC-001;SRC-002;SRC-003,P5A-014;P5A-015;P5A-016;P5A-018:P5A-032;SCN-001:SCN-009,formula_calculated_quarterly_stress,inherited_phase5_base,2025-12-12,within_cutoff,Quarter aggregates monthly provisional allocations; actual monthly seasonality is unavailable.
P6L-00846,data/phase6/processed/QUARTERLY_STRESS_FORECAST.csv,quarterly_stress_forecast,P6Q-0025,SRC-001;SRC-002;SRC-003,P5A-014;P5A-015;P5A-016;P5A-018:P5A-032;SCN-001:SCN-009,formula_calculated_quarterly_stress,inherited_phase5_base,2025-12-12,within_cutoff,Quarter aggregates monthly provisional allocations; actual monthly seasonality is unavailable.
P6L-00847,data/phase6/processed/QUARTERLY_STRESS_FORECAST.csv,quarterly_stress_forecast,P6Q-0026,SRC-001;SRC-002;SRC-003,P5A-014;P5A-015;P5A-016;P5A-018:P5A-032;SCN-001:SCN-009,formula_calculated_quarterly_stress,inherited_phase5_base,2025-12-12,within_cutoff,Quarter aggregates monthly provisional allocations; actual monthly seasonality is unavailable.
P6L-00848,data/phase6/processed/QUARTERLY_STRESS_FORECAST.csv,quarterly_stress_forecast,P6Q-0027,SRC-001;SRC-002;SRC-003,P5A-014;P5A-015;P5A-016;P5A-018:P5A-032;SCN-001:SCN-009,formula_calculated_quarterly_stress,inherited_phase5_base,2025-12-12,within_cutoff,Quarter aggregates monthly provisional allocations; actual monthly seasonality is unavailable.
P6L-00849,data/phase6/processed/QUARTERLY_STRESS_FORECAST.csv,quarterly_stress_forecast,P6Q-0028,SRC-001;SRC-002;SRC-003,P5A-014;P5A-015;P5A-016;P5A-018:P5A-032;SCN-001:SCN-009,formula_calculated_quarterly_stress,inherited_phase5_base,2025-12-12,within_cutoff,Quarter aggregates monthly provisional allocations; actual monthly seasonality is unavailable.
P6L-00850,data/phase6/processed/QUARTERLY_STRESS_FORECAST.csv,quarterly_stress_forecast,P6Q-0029,SRC-001;SRC-002;SRC-003,P5A-014;P5A-015;P5A-016;P5A-018:P5A-032;SCN-001:SCN-009,formula_calculated_quarterly_stress,inherited_phase5_base,2025-12-12,within_cutoff,Quarter aggregates monthly provisional allocations; actual monthly seasonality is unavailable.
P6L-00851,data/phase6/processed/QUARTERLY_STRESS_FORECAST.csv,quarterly_stress_forecast,P6Q-0030,SRC-001;SRC-002;SRC-003,P5A-014;P5A-015;P5A-016;P5A-018:P5A-032;SCN-001:SCN-009,formula_calculated_quarterly_stress,inherited_phase5_base,2025-12-12,within_cutoff,Quarter aggregates monthly provisional allocations; actual monthly seasonality is unavailable.
P6L-00852,data/phase6/processed/QUARTERLY_STRESS_FORECAST.csv,quarterly_stress_forecast,P6Q-0031,SRC-001;SRC-002;SRC-003,P5A-014;P5A-015;P5A-016;P5A-018:P5A-032;SCN-001:SCN-009,formula_calculated_quarterly_stress,inherited_phase5_base,2025-12-12,within_cutoff,Quarter aggregates monthly provisional allocations; actual monthly seasonality is unavailable.
P6L-00853,data/phase6/processed/QUARTERLY_STRESS_FORECAST.csv,quarterly_stress_forecast,P6Q-0032,SRC-001;SRC-002;SRC-003,P5A-014;P5A-015;P5A-016;P5A-018:P5A-032;SCN-001:SCN-009,formula_calculated_quarterly_stress,inherited_phase5_base,2025-12-12,within_cutoff,Quarter aggregates monthly provisional allocations; actual monthly seasonality is unavailable.
P6L-00854,data/phase6/processed/QUARTERLY_STRESS_FORECAST.csv,quarterly_stress_forecast,P6Q-0033,SRC-001;SRC-002;SRC-003,P5A-014;P5A-015;P5A-016;P5A-018:P5A-032;SCN-001:SCN-009,formula_calculated_quarterly_stress,inherited_phase5_base,2025-12-12,within_cutoff,Quarter aggregates monthly provisional allocations; actual monthly seasonality is unavailable.
P6L-00855,data/phase6/processed/QUARTERLY_STRESS_FORECAST.csv,quarterly_stress_forecast,P6Q-0034,SRC-001;SRC-002;SRC-003,P5A-014;P5A-015;P5A-016;P5A-018:P5A-032;SCN-001:SCN-009,formula_calculated_quarterly_stress,inherited_phase5_base,2025-12-12,within_cutoff,Quarter aggregates monthly provisional allocations; actual monthly seasonality is unavailable.
P6L-00856,data/phase6/processed/QUARTERLY_STRESS_FORECAST.csv,quarterly_stress_forecast,P6Q-0035,SRC-001;SRC-002;SRC-003,P5A-014;P5A-015;P5A-016;P5A-018:P5A-032;SCN-001:SCN-009,formula_calculated_quarterly_stress,owner_reviewed_for_phase6_testing,2025-12-12,within_cutoff,Quarter aggregates monthly provisional allocations; actual monthly seasonality is unavailable.
P6L-00857,data/phase6/processed/QUARTERLY_STRESS_FORECAST.csv,quarterly_stress_forecast,P6Q-0036,SRC-001;SRC-002;SRC-003,P5A-014;P5A-015;P5A-016;P5A-018:P5A-032;SCN-001:SCN-009,formula_calculated_quarterly_stress,owner_reviewed_for_phase6_testing,2025-12-12,within_cutoff,Quarter aggregates monthly provisional allocations; actual monthly seasonality is unavailable.
P6L-00858,data/phase6/processed/QUARTERLY_STRESS_FORECAST.csv,quarterly_stress_forecast,P6Q-0037,SRC-001;SRC-002;SRC-003,P5A-014;P5A-015;P5A-016;P5A-018:P5A-032;SCN-001:SCN-009,formula_calculated_quarterly_stress,owner_reviewed_for_phase6_testing,2025-12-12,within_cutoff,Quarter aggregates monthly provisional allocations; actual monthly seasonality is unavailable.
P6L-00859,data/phase6/processed/QUARTERLY_STRESS_FORECAST.csv,quarterly_stress_forecast,P6Q-0038,SRC-001;SRC-002;SRC-003,P5A-014;P5A-015;P5A-016;P5A-018:P5A-032;SCN-001:SCN-009,formula_calculated_quarterly_stress,owner_reviewed_for_phase6_testing,2025-12-12,within_cutoff,Quarter aggregates monthly provisional allocations; actual monthly seasonality is unavailable.
P6L-00860,data/phase6/processed/QUARTERLY_STRESS_FORECAST.csv,quarterly_stress_forecast,P6Q-0039,SRC-001;SRC-002;SRC-003,P5A-014;P5A-015;P5A-016;P5A-018:P5A-032;SCN-001:SCN-009,formula_calculated_quarterly_stress,owner_reviewed_for_phase6_testing,2025-12-12,within_cutoff,Quarter aggregates monthly provisional allocations; actual monthly seasonality is unavailable.
P6L-00861,data/phase6/processed/QUARTERLY_STRESS_FORECAST.csv,quarterly_stress_forecast,P6Q-0040,SRC-001;SRC-002;SRC-003,P5A-014;P5A-015;P5A-016;P5A-018:P5A-032;SCN-001:SCN-009,formula_calculated_quarterly_stress,owner_reviewed_for_phase6_testing,2025-12-12,within_cutoff,Quarter aggregates monthly provisional allocations; actual monthly seasonality is unavailable.
P6L-00862,data/phase6/processed/QUARTERLY_STRESS_FORECAST.csv,quarterly_stress_forecast,P6Q-0041,SRC-001;SRC-002;SRC-003,P5A-014;P5A-015;P5A-016;P5A-018:P5A-032;SCN-001:SCN-009,formula_calculated_quarterly_stress,owner_reviewed_for_phase6_testing,2025-12-12,within_cutoff,Quarter aggregates monthly provisional allocations; actual monthly seasonality is unavailable.
P6L-00863,data/phase6/processed/QUARTERLY_STRESS_FORECAST.csv,quarterly_stress_forecast,P6Q-0042,SRC-001;SRC-002;SRC-003,P5A-014;P5A-015;P5A-016;P5A-018:P5A-032;SCN-001:SCN-009,formula_calculated_quarterly_stress,owner_reviewed_for_phase6_testing,2025-12-12,within_cutoff,Quarter aggregates monthly provisional allocations; actual monthly seasonality is unavailable.
P6L-00864,data/phase6/processed/QUARTERLY_STRESS_FORECAST.csv,quarterly_stress_forecast,P6Q-0043,SRC-001;SRC-002;SRC-003,P5A-014;P5A-015;P5A-016;P5A-018:P5A-032;SCN-001:SCN-009,formula_calculated_quarterly_stress,owner_reviewed_for_phase6_testing,2025-12-12,within_cutoff,Quarter aggregates monthly provisional allocations; actual monthly seasonality is unavailable.
P6L-00865,data/phase6/processed/QUARTERLY_STRESS_FORECAST.csv,quarterly_stress_forecast,P6Q-0044,SRC-001;SRC-002;SRC-003,P5A-014;P5A-015;P5A-016;P5A-018:P5A-032;SCN-001:SCN-009,formula_calculated_quarterly_stress,owner_reviewed_for_phase6_testing,2025-12-12,within_cutoff,Quarter aggregates monthly provisional allocations; actual monthly seasonality is unavailable.
P6L-00866,data/phase6/processed/QUARTERLY_STRESS_FORECAST.csv,quarterly_stress_forecast,P6Q-0045,SRC-001;SRC-002;SRC-003,P5A-014;P5A-015;P5A-016;P5A-018:P5A-032;SCN-001:SCN-009,formula_calculated_quarterly_stress,owner_reviewed_for_phase6_testing,2025-12-12,within_cutoff,Quarter aggregates monthly provisional allocations; actual monthly seasonality is unavailable.
P6L-00867,data/phase6/processed/QUARTERLY_STRESS_FORECAST.csv,quarterly_stress_forecast,P6Q-0046,SRC-001;SRC-002;SRC-003,P5A-014;P5A-015;P5A-016;P5A-018:P5A-032;SCN-001:SCN-009,formula_calculated_quarterly_stress,owner_reviewed_for_phase6_testing,2025-12-12,within_cutoff,Quarter aggregates monthly provisional allocations; actual monthly seasonality is unavailable.
P6L-00868,data/phase6/processed/QUARTERLY_STRESS_FORECAST.csv,quarterly_stress_forecast,P6Q-0047,SRC-001;SRC-002;SRC-003,P5A-014;P5A-015;P5A-016;P5A-018:P5A-032;SCN-001:SCN-009,formula_calculated_quarterly_stress,owner_reviewed_for_phase6_testing,2025-12-12,within_cutoff,Quarter aggregates monthly provisional allocations; actual monthly seasonality is unavailable.
P6L-00869,data/phase6/processed/QUARTERLY_STRESS_FORECAST.csv,quarterly_stress_forecast,P6Q-0048,SRC-001;SRC-002;SRC-003,P5A-014;P5A-015;P5A-016;P5A-018:P5A-032;SCN-001:SCN-009,formula_calculated_quarterly_stress,owner_reviewed_for_phase6_testing,2025-12-12,within_cutoff,Quarter aggregates monthly provisional allocations; actual monthly seasonality is unavailable.
P6L-00870,data/phase6/processed/QUARTERLY_STRESS_FORECAST.csv,quarterly_stress_forecast,P6Q-0049,SRC-001;SRC-002;SRC-003,P5A-014;P5A-015;P5A-016;P5A-018:P5A-032;SCN-001:SCN-009,formula_calculated_quarterly_stress,owner_reviewed_for_phase6_testing,2025-12-12,within_cutoff,Quarter aggregates monthly provisional allocations; actual monthly seasonality is unavailable.
P6L-00871,data/phase6/processed/QUARTERLY_STRESS_FORECAST.csv,quarterly_stress_forecast,P6Q-0050,SRC-001;SRC-002;SRC-003,P5A-014;P5A-015;P5A-016;P5A-018:P5A-032;SCN-001:SCN-009,formula_calculated_quarterly_stress,owner_reviewed_for_phase6_testing,2025-12-12,within_cutoff,Quarter aggregates monthly provisional allocations; actual monthly seasonality is unavailable.
P6L-00872,data/phase6/processed/QUARTERLY_STRESS_FORECAST.csv,quarterly_stress_forecast,P6Q-0051,SRC-001;SRC-002;SRC-003,P5A-014;P5A-015;P5A-016;P5A-018:P5A-032;SCN-001:SCN-009,formula_calculated_quarterly_stress,owner_reviewed_for_phase6_testing,2025-12-12,within_cutoff,Quarter aggregates monthly provisional allocations; actual monthly seasonality is unavailable.
P6L-00873,data/phase6/processed/QUARTERLY_STRESS_FORECAST.csv,quarterly_stress_forecast,P6Q-0052,SRC-001;SRC-002;SRC-003,P5A-014;P5A-015;P5A-016;P5A-018:P5A-032;SCN-001:SCN-009,formula_calculated_quarterly_stress,owner_reviewed_for_phase6_testing,2025-12-12,within_cutoff,Quarter aggregates monthly provisional allocations; actual monthly seasonality is unavailable.
P6L-00874,data/phase6/processed/QUARTERLY_STRESS_FORECAST.csv,quarterly_stress_forecast,P6Q-0053,SRC-001;SRC-002;SRC-003,P5A-014;P5A-015;P5A-016;P5A-018:P5A-032;SCN-001:SCN-009,formula_calculated_quarterly_stress,owner_reviewed_for_phase6_testing,2025-12-12,within_cutoff,Quarter aggregates monthly provisional allocations; actual monthly seasonality is unavailable.
P6L-00875,data/phase6/processed/QUARTERLY_STRESS_FORECAST.csv,quarterly_stress_forecast,P6Q-0054,SRC-001;SRC-002;SRC-003,P5A-014;P5A-015;P5A-016;P5A-018:P5A-032;SCN-001:SCN-009,formula_calculated_quarterly_stress,owner_reviewed_for_phase6_testing,2025-12-12,within_cutoff,Quarter aggregates monthly provisional allocations; actual monthly seasonality is unavailable.
P6L-00876,data/phase6/processed/QUARTERLY_STRESS_FORECAST.csv,quarterly_stress_forecast,P6Q-0055,SRC-001;SRC-002;SRC-003,P5A-014;P5A-015;P5A-016;P5A-018:P5A-032;SCN-001:SCN-009,formula_calculated_quarterly_stress,owner_reviewed_for_phase6_testing,2025-12-12,within_cutoff,Quarter aggregates monthly provisional allocations; actual monthly seasonality is unavailable.
P6L-00877,data/phase6/processed/QUARTERLY_STRESS_FORECAST.csv,quarterly_stress_forecast,P6Q-0056,SRC-001;SRC-002;SRC-003,P5A-014;P5A-015;P5A-016;P5A-018:P5A-032;SCN-001:SCN-009,formula_calculated_quarterly_stress,owner_reviewed_for_phase6_testing,2025-12-12,within_cutoff,Quarter aggregates monthly provisional allocations; actual monthly seasonality is unavailable.
P6L-00878,data/phase6/processed/QUARTERLY_STRESS_FORECAST.csv,quarterly_stress_forecast,P6Q-0057,SRC-001;SRC-002;SRC-003,P5A-014;P5A-015;P5A-016;P5A-018:P5A-032;SCN-001:SCN-009,formula_calculated_quarterly_stress,owner_reviewed_for_phase6_testing,2025-12-12,within_cutoff,Quarter aggregates monthly provisional allocations; actual monthly seasonality is unavailable.
P6L-00879,data/phase6/processed/QUARTERLY_STRESS_FORECAST.csv,quarterly_stress_forecast,P6Q-0058,SRC-001;SRC-002;SRC-003,P5A-014;P5A-015;P5A-016;P5A-018:P5A-032;SCN-001:SCN-009,formula_calculated_quarterly_stress,owner_reviewed_for_phase6_testing,2025-12-12,within_cutoff,Quarter aggregates monthly provisional allocations; actual monthly seasonality is unavailable.
P6L-00880,data/phase6/processed/QUARTERLY_STRESS_FORECAST.csv,quarterly_stress_forecast,P6Q-0059,SRC-001;SRC-002;SRC-003,P5A-014;P5A-015;P5A-016;P5A-018:P5A-032;SCN-001:SCN-009,formula_calculated_quarterly_stress,owner_reviewed_for_phase6_testing,2025-12-12,within_cutoff,Quarter aggregates monthly provisional allocations; actual monthly seasonality is unavailable.
P6L-00881,data/phase6/processed/QUARTERLY_STRESS_FORECAST.csv,quarterly_stress_forecast,P6Q-0060,SRC-001;SRC-002;SRC-003,P5A-014;P5A-015;P5A-016;P5A-018:P5A-032;SCN-001:SCN-009,formula_calculated_quarterly_stress,owner_reviewed_for_phase6_testing,2025-12-12,within_cutoff,Quarter aggregates monthly provisional allocations; actual monthly seasonality is unavailable.
P6L-00882,data/phase6/processed/QUARTERLY_STRESS_FORECAST.csv,quarterly_stress_forecast,P6Q-0061,SRC-001;SRC-002;SRC-003,P5A-014;P5A-015;P5A-016;P5A-018:P5A-032;SCN-001:SCN-009,formula_calculated_quarterly_stress,owner_reviewed_for_phase6_testing,2025-12-12,within_cutoff,Quarter aggregates monthly provisional allocations; actual monthly seasonality is unavailable.
P6L-00883,data/phase6/processed/QUARTERLY_STRESS_FORECAST.csv,quarterly_stress_forecast,P6Q-0062,SRC-001;SRC-002;SRC-003,P5A-014;P5A-015;P5A-016;P5A-018:P5A-032;SCN-001:SCN-009,formula_calculated_quarterly_stress,owner_reviewed_for_phase6_testing,2025-12-12,within_cutoff,Quarter aggregates monthly provisional allocations; actual monthly seasonality is unavailable.
P6L-00884,data/phase6/processed/QUARTERLY_STRESS_FORECAST.csv,quarterly_stress_forecast,P6Q-0063,SRC-001;SRC-002;SRC-003,P5A-014;P5A-015;P5A-016;P5A-018:P5A-032;SCN-001:SCN-009,formula_calculated_quarterly_stress,owner_reviewed_for_phase6_testing,2025-12-12,within_cutoff,Quarter aggregates monthly provisional allocations; actual monthly seasonality is unavailable.
P6L-00885,data/phase6/processed/QUARTERLY_STRESS_FORECAST.csv,quarterly_stress_forecast,P6Q-0064,SRC-001;SRC-002;SRC-003,P5A-014;P5A-015;P5A-016;P5A-018:P5A-032;SCN-001:SCN-009,formula_calculated_quarterly_stress,owner_reviewed_for_phase6_testing,2025-12-12,within_cutoff,Quarter aggregates monthly provisional allocations; actual monthly seasonality is unavailable.
P6L-00886,data/phase6/processed/QUARTERLY_STRESS_FORECAST.csv,quarterly_stress_forecast,P6Q-0065,SRC-001;SRC-002;SRC-003,P5A-014;P5A-015;P5A-016;P5A-018:P5A-032;SCN-001:SCN-009,formula_calculated_quarterly_stress,owner_reviewed_for_phase6_testing,2025-12-12,within_cutoff,Quarter aggregates monthly provisional allocations; actual monthly seasonality is unavailable.
P6L-00887,data/phase6/processed/QUARTERLY_STRESS_FORECAST.csv,quarterly_stress_forecast,P6Q-0066,SRC-001;SRC-002;SRC-003,P5A-014;P5A-015;P5A-016;P5A-018:P5A-032;SCN-001:SCN-009,formula_calculated_quarterly_stress,owner_reviewed_for_phase6_testing,2025-12-12,within_cutoff,Quarter aggregates monthly provisional allocations; actual monthly seasonality is unavailable.
P6L-00888,data/phase6/processed/QUARTERLY_STRESS_FORECAST.csv,quarterly_stress_forecast,P6Q-0067,SRC-001;SRC-002;SRC-003,P5A-014;P5A-015;P5A-016;P5A-018:P5A-032;SCN-001:SCN-009,formula_calculated_quarterly_stress,owner_reviewed_for_phase6_testing,2025-12-12,within_cutoff,Quarter aggregates monthly provisional allocations; actual monthly seasonality is unavailable.
P6L-00889,data/phase6/processed/QUARTERLY_STRESS_FORECAST.csv,quarterly_stress_forecast,P6Q-0068,SRC-001;SRC-002;SRC-003,P5A-014;P5A-015;P5A-016;P5A-018:P5A-032;SCN-001:SCN-009,formula_calculated_quarterly_stress,owner_reviewed_for_phase6_testing,2025-12-12,within_cutoff,Quarter aggregates monthly provisional allocations; actual monthly seasonality is unavailable.
P6L-00890,data/phase6/processed/QUARTERLY_STRESS_FORECAST.csv,quarterly_stress_forecast,P6Q-0069,SRC-001;SRC-002;SRC-003,P5A-014;P5A-015;P5A-016;P5A-018:P5A-032;SCN-001:SCN-009,formula_calculated_quarterly_stress,owner_reviewed_for_phase6_testing,2025-12-12,within_cutoff,Quarter aggregates monthly provisional allocations; actual monthly seasonality is unavailable.
P6L-00891,data/phase6/processed/QUARTERLY_STRESS_FORECAST.csv,quarterly_stress_forecast,P6Q-0070,SRC-001;SRC-002;SRC-003,P5A-014;P5A-015;P5A-016;P5A-018:P5A-032;SCN-001:SCN-009,formula_calculated_quarterly_stress,owner_reviewed_for_phase6_testing,2025-12-12,within_cutoff,Quarter aggregates monthly provisional allocations; actual monthly seasonality is unavailable.
P6L-00892,data/phase6/processed/QUARTERLY_STRESS_FORECAST.csv,quarterly_stress_forecast,P6Q-0071,SRC-001;SRC-002;SRC-003,P5A-014;P5A-015;P5A-016;P5A-018:P5A-032;SCN-001:SCN-009,formula_calculated_quarterly_stress,owner_reviewed_for_phase6_testing,2025-12-12,within_cutoff,Quarter aggregates monthly provisional allocations; actual monthly seasonality is unavailable.
P6L-00893,data/phase6/processed/QUARTERLY_STRESS_FORECAST.csv,quarterly_stress_forecast,P6Q-0072,SRC-001;SRC-002;SRC-003,P5A-014;P5A-015;P5A-016;P5A-018:P5A-032;SCN-001:SCN-009,formula_calculated_quarterly_stress,owner_reviewed_for_phase6_testing,2025-12-12,within_cutoff,Quarter aggregates monthly provisional allocations; actual monthly seasonality is unavailable.
P6L-00894,data/phase6/processed/QUARTERLY_STRESS_FORECAST.csv,quarterly_stress_forecast,P6Q-0073,SRC-001;SRC-002;SRC-003,P5A-014;P5A-015;P5A-016;P5A-018:P5A-032;SCN-001:SCN-009,formula_calculated_quarterly_stress,owner_reviewed_for_phase6_testing,2025-12-12,within_cutoff,Quarter aggregates monthly provisional allocations; actual monthly seasonality is unavailable.
P6L-00895,data/phase6/processed/QUARTERLY_STRESS_FORECAST.csv,quarterly_stress_forecast,P6Q-0074,SRC-001;SRC-002;SRC-003,P5A-014;P5A-015;P5A-016;P5A-018:P5A-032;SCN-001:SCN-009,formula_calculated_quarterly_stress,owner_reviewed_for_phase6_testing,2025-12-12,within_cutoff,Quarter aggregates monthly provisional allocations; actual monthly seasonality is unavailable.
P6L-00896,data/phase6/processed/QUARTERLY_STRESS_FORECAST.csv,quarterly_stress_forecast,P6Q-0075,SRC-001;SRC-002;SRC-003,P5A-014;P5A-015;P5A-016;P5A-018:P5A-032;SCN-001:SCN-009,formula_calculated_quarterly_stress,owner_reviewed_for_phase6_testing,2025-12-12,within_cutoff,Quarter aggregates monthly provisional allocations; actual monthly seasonality is unavailable.
P6L-00897,data/phase6/processed/QUARTERLY_STRESS_FORECAST.csv,quarterly_stress_forecast,P6Q-0076,SRC-001;SRC-002;SRC-003,P5A-014;P5A-015;P5A-016;P5A-018:P5A-032;SCN-001:SCN-009,formula_calculated_quarterly_stress,owner_reviewed_for_phase6_testing,2025-12-12,within_cutoff,Quarter aggregates monthly provisional allocations; actual monthly seasonality is unavailable.
P6L-00898,data/phase6/processed/QUARTERLY_STRESS_FORECAST.csv,quarterly_stress_forecast,P6Q-0077,SRC-001;SRC-002;SRC-003,P5A-014;P5A-015;P5A-016;P5A-018:P5A-032;SCN-001:SCN-009,formula_calculated_quarterly_stress,owner_reviewed_for_phase6_testing,2025-12-12,within_cutoff,Quarter aggregates monthly provisional allocations; actual monthly seasonality is unavailable.
P6L-00899,data/phase6/processed/QUARTERLY_STRESS_FORECAST.csv,quarterly_stress_forecast,P6Q-0078,SRC-001;SRC-002;SRC-003,P5A-014;P5A-015;P5A-016;P5A-018:P5A-032;SCN-001:SCN-009,formula_calculated_quarterly_stress,owner_reviewed_for_phase6_testing,2025-12-12,within_cutoff,Quarter aggregates monthly provisional allocations; actual monthly seasonality is unavailable.
P6L-00900,data/phase6/processed/QUARTERLY_STRESS_FORECAST.csv,quarterly_stress_forecast,P6Q-0079,SRC-001;SRC-002;SRC-003,P5A-014;P5A-015;P5A-016;P5A-018:P5A-032;SCN-001:SCN-009,formula_calculated_quarterly_stress,owner_reviewed_for_phase6_testing,2025-12-12,within_cutoff,Quarter aggregates monthly provisional allocations; actual monthly seasonality is unavailable.
P6L-00901,data/phase6/processed/QUARTERLY_STRESS_FORECAST.csv,quarterly_stress_forecast,P6Q-0080,SRC-001;SRC-002;SRC-003,P5A-014;P5A-015;P5A-016;P5A-018:P5A-032;SCN-001:SCN-009,formula_calculated_quarterly_stress,owner_reviewed_for_phase6_testing,2025-12-12,within_cutoff,Quarter aggregates monthly provisional allocations; actual monthly seasonality is unavailable.
P6L-00902,data/phase6/processed/QUARTERLY_STRESS_FORECAST.csv,quarterly_stress_forecast,P6Q-0081,SRC-001;SRC-002;SRC-003,P5A-014;P5A-015;P5A-016;P5A-018:P5A-032;SCN-001:SCN-009,formula_calculated_quarterly_stress,owner_reviewed_for_phase6_testing,2025-12-12,within_cutoff,Quarter aggregates monthly provisional allocations; actual monthly seasonality is unavailable.
P6L-00903,data/phase6/processed/QUARTERLY_STRESS_FORECAST.csv,quarterly_stress_forecast,P6Q-0082,SRC-001;SRC-002;SRC-003,P5A-014;P5A-015;P5A-016;P5A-018:P5A-032;SCN-001:SCN-009,formula_calculated_quarterly_stress,owner_reviewed_for_phase6_testing,2025-12-12,within_cutoff,Quarter aggregates monthly provisional allocations; actual monthly seasonality is unavailable.
P6L-00904,data/phase6/processed/QUARTERLY_STRESS_FORECAST.csv,quarterly_stress_forecast,P6Q-0083,SRC-001;SRC-002;SRC-003,P5A-014;P5A-015;P5A-016;P5A-018:P5A-032;SCN-001:SCN-009,formula_calculated_quarterly_stress,owner_reviewed_for_phase6_testing,2025-12-12,within_cutoff,Quarter aggregates monthly provisional allocations; actual monthly seasonality is unavailable.
P6L-00905,data/phase6/processed/QUARTERLY_STRESS_FORECAST.csv,quarterly_stress_forecast,P6Q-0084,SRC-001;SRC-002;SRC-003,P5A-014;P5A-015;P5A-016;P5A-018:P5A-032;SCN-001:SCN-009,formula_calculated_quarterly_stress,owner_reviewed_for_phase6_testing,2025-12-12,within_cutoff,Quarter aggregates monthly provisional allocations; actual monthly seasonality is unavailable.
P6L-00906,data/phase6/processed/QUARTERLY_STRESS_FORECAST.csv,quarterly_stress_forecast,P6Q-0085,SRC-001;SRC-002;SRC-003,P5A-014;P5A-015;P5A-016;P5A-018:P5A-032;SCN-001:SCN-009,formula_calculated_quarterly_stress,owner_reviewed_for_phase6_testing,2025-12-12,within_cutoff,Quarter aggregates monthly provisional allocations; actual monthly seasonality is unavailable.
P6L-00907,data/phase6/processed/QUARTERLY_STRESS_FORECAST.csv,quarterly_stress_forecast,P6Q-0086,SRC-001;SRC-002;SRC-003,P5A-014;P5A-015;P5A-016;P5A-018:P5A-032;SCN-001:SCN-009,formula_calculated_quarterly_stress,owner_reviewed_for_phase6_testing,2025-12-12,within_cutoff,Quarter aggregates monthly provisional allocations; actual monthly seasonality is unavailable.
P6L-00908,data/phase6/processed/QUARTERLY_STRESS_FORECAST.csv,quarterly_stress_forecast,P6Q-0087,SRC-001;SRC-002;SRC-003,P5A-014;P5A-015;P5A-016;P5A-018:P5A-032;SCN-001:SCN-009,formula_calculated_quarterly_stress,owner_reviewed_for_phase6_testing,2025-12-12,within_cutoff,Quarter aggregates monthly provisional allocations; actual monthly seasonality is unavailable.
P6L-00909,data/phase6/processed/QUARTERLY_STRESS_FORECAST.csv,quarterly_stress_forecast,P6Q-0088,SRC-001;SRC-002;SRC-003,P5A-014;P5A-015;P5A-016;P5A-018:P5A-032;SCN-001:SCN-009,formula_calculated_quarterly_stress,owner_reviewed_for_phase6_testing,2025-12-12,within_cutoff,Quarter aggregates monthly provisional allocations; actual monthly seasonality is unavailable.
P6L-00910,data/phase6/processed/QUARTERLY_STRESS_FORECAST.csv,quarterly_stress_forecast,P6Q-0089,SRC-001;SRC-002;SRC-003,P5A-014;P5A-015;P5A-016;P5A-018:P5A-032;SCN-001:SCN-009,formula_calculated_quarterly_stress,owner_reviewed_for_phase6_testing,2025-12-12,within_cutoff,Quarter aggregates monthly provisional allocations; actual monthly seasonality is unavailable.
P6L-00911,data/phase6/processed/QUARTERLY_STRESS_FORECAST.csv,quarterly_stress_forecast,P6Q-0090,SRC-001;SRC-002;SRC-003,P5A-014;P5A-015;P5A-016;P5A-018:P5A-032;SCN-001:SCN-009,formula_calculated_quarterly_stress,owner_reviewed_for_phase6_testing,2025-12-12,within_cutoff,Quarter aggregates monthly provisional allocations; actual monthly seasonality is unavailable.
P6L-00912,data/phase6/processed/QUARTERLY_STRESS_FORECAST.csv,quarterly_stress_forecast,P6Q-0091,SRC-001;SRC-002;SRC-003,P5A-014;P5A-015;P5A-016;P5A-018:P5A-032;SCN-001:SCN-009,formula_calculated_quarterly_stress,owner_reviewed_for_phase6_testing,2025-12-12,within_cutoff,Quarter aggregates monthly provisional allocations; actual monthly seasonality is unavailable.
P6L-00913,data/phase6/processed/QUARTERLY_STRESS_FORECAST.csv,quarterly_stress_forecast,P6Q-0092,SRC-001;SRC-002;SRC-003,P5A-014;P5A-015;P5A-016;P5A-018:P5A-032;SCN-001:SCN-009,formula_calculated_quarterly_stress,owner_reviewed_for_phase6_testing,2025-12-12,within_cutoff,Quarter aggregates monthly provisional allocations; actual monthly seasonality is unavailable.
P6L-00914,data/phase6/processed/QUARTERLY_STRESS_FORECAST.csv,quarterly_stress_forecast,P6Q-0093,SRC-001;SRC-002;SRC-003,P5A-014;P5A-015;P5A-016;P5A-018:P5A-032;SCN-001:SCN-009,formula_calculated_quarterly_stress,owner_reviewed_for_phase6_testing,2025-12-12,within_cutoff,Quarter aggregates monthly provisional allocations; actual monthly seasonality is unavailable.
P6L-00915,data/phase6/processed/QUARTERLY_STRESS_FORECAST.csv,quarterly_stress_forecast,P6Q-0094,SRC-001;SRC-002;SRC-003,P5A-014;P5A-015;P5A-016;P5A-018:P5A-032;SCN-001:SCN-009,formula_calculated_quarterly_stress,owner_reviewed_for_phase6_testing,2025-12-12,within_cutoff,Quarter aggregates monthly provisional allocations; actual monthly seasonality is unavailable.
P6L-00916,data/phase6/processed/QUARTERLY_STRESS_FORECAST.csv,quarterly_stress_forecast,P6Q-0095,SRC-001;SRC-002;SRC-003,P5A-014;P5A-015;P5A-016;P5A-018:P5A-032;SCN-001:SCN-009,formula_calculated_quarterly_stress,owner_reviewed_for_phase6_testing,2025-12-12,within_cutoff,Quarter aggregates monthly provisional allocations; actual monthly seasonality is unavailable.
P6L-00917,data/phase6/processed/QUARTERLY_STRESS_FORECAST.csv,quarterly_stress_forecast,P6Q-0096,SRC-001;SRC-002;SRC-003,P5A-014;P5A-015;P5A-016;P5A-018:P5A-032;SCN-001:SCN-009,formula_calculated_quarterly_stress,owner_reviewed_for_phase6_testing,2025-12-12,within_cutoff,Quarter aggregates monthly provisional allocations; actual monthly seasonality is unavailable.
P6L-00918,data/phase6/processed/QUARTERLY_STRESS_FORECAST.csv,quarterly_stress_forecast,P6Q-0097,SRC-001;SRC-002;SRC-003,P5A-014;P5A-015;P5A-016;P5A-018:P5A-032;SCN-001:SCN-009,formula_calculated_quarterly_stress,owner_reviewed_for_phase6_testing,2025-12-12,within_cutoff,Quarter aggregates monthly provisional allocations; actual monthly seasonality is unavailable.
P6L-00919,data/phase6/processed/QUARTERLY_STRESS_FORECAST.csv,quarterly_stress_forecast,P6Q-0098,SRC-001;SRC-002;SRC-003,P5A-014;P5A-015;P5A-016;P5A-018:P5A-032;SCN-001:SCN-009,formula_calculated_quarterly_stress,owner_reviewed_for_phase6_testing,2025-12-12,within_cutoff,Quarter aggregates monthly provisional allocations; actual monthly seasonality is unavailable.
P6L-00920,data/phase6/processed/QUARTERLY_STRESS_FORECAST.csv,quarterly_stress_forecast,P6Q-0099,SRC-001;SRC-002;SRC-003,P5A-014;P5A-015;P5A-016;P5A-018:P5A-032;SCN-001:SCN-009,formula_calculated_quarterly_stress,owner_reviewed_for_phase6_testing,2025-12-12,within_cutoff,Quarter aggregates monthly provisional allocations; actual monthly seasonality is unavailable.
P6L-00921,data/phase6/processed/QUARTERLY_STRESS_FORECAST.csv,quarterly_stress_forecast,P6Q-0100,SRC-001;SRC-002;SRC-003,P5A-014;P5A-015;P5A-016;P5A-018:P5A-032;SCN-001:SCN-009,formula_calculated_quarterly_stress,owner_reviewed_for_phase6_testing,2025-12-12,within_cutoff,Quarter aggregates monthly provisional allocations; actual monthly seasonality is unavailable.
P6L-00922,data/phase6/processed/QUARTERLY_STRESS_FORECAST.csv,quarterly_stress_forecast,P6Q-0101,SRC-001;SRC-002;SRC-003,P5A-014;P5A-015;P5A-016;P5A-018:P5A-032;SCN-001:SCN-009,formula_calculated_quarterly_stress,owner_reviewed_for_phase6_testing,2025-12-12,within_cutoff,Quarter aggregates monthly provisional allocations; actual monthly seasonality is unavailable.
P6L-00923,data/phase6/processed/QUARTERLY_STRESS_FORECAST.csv,quarterly_stress_forecast,P6Q-0102,SRC-001;SRC-002;SRC-003,P5A-014;P5A-015;P5A-016;P5A-018:P5A-032;SCN-001:SCN-009,formula_calculated_quarterly_stress,owner_reviewed_for_phase6_testing,2025-12-12,within_cutoff,Quarter aggregates monthly provisional allocations; actual monthly seasonality is unavailable.
P6L-00924,data/phase6/processed/QUARTERLY_STRESS_FORECAST.csv,quarterly_stress_forecast,P6Q-0103,SRC-001;SRC-002;SRC-003,P5A-014;P5A-015;P5A-016;P5A-018:P5A-032;SCN-001:SCN-009,formula_calculated_quarterly_stress,owner_reviewed_for_phase6_testing,2025-12-12,within_cutoff,Quarter aggregates monthly provisional allocations; actual monthly seasonality is unavailable.
P6L-00925,data/phase6/processed/QUARTERLY_STRESS_FORECAST.csv,quarterly_stress_forecast,P6Q-0104,SRC-001;SRC-002;SRC-003,P5A-014;P5A-015;P5A-016;P5A-018:P5A-032;SCN-001:SCN-009,formula_calculated_quarterly_stress,owner_reviewed_for_phase6_testing,2025-12-12,within_cutoff,Quarter aggregates monthly provisional allocations; actual monthly seasonality is unavailable.
P6L-00926,data/phase6/processed/QUARTERLY_STRESS_FORECAST.csv,quarterly_stress_forecast,P6Q-0105,SRC-001;SRC-002;SRC-003,P5A-014;P5A-015;P5A-016;P5A-018:P5A-032;SCN-001:SCN-009,formula_calculated_quarterly_stress,owner_reviewed_for_phase6_testing,2025-12-12,within_cutoff,Quarter aggregates monthly provisional allocations; actual monthly seasonality is unavailable.
P6L-00927,data/phase6/processed/QUARTERLY_STRESS_FORECAST.csv,quarterly_stress_forecast,P6Q-0106,SRC-001;SRC-002;SRC-003,P5A-014;P5A-015;P5A-016;P5A-018:P5A-032;SCN-001:SCN-009,formula_calculated_quarterly_stress,owner_reviewed_for_phase6_testing,2025-12-12,within_cutoff,Quarter aggregates monthly provisional allocations; actual monthly seasonality is unavailable.
P6L-00928,data/phase6/processed/QUARTERLY_STRESS_FORECAST.csv,quarterly_stress_forecast,P6Q-0107,SRC-001;SRC-002;SRC-003,P5A-014;P5A-015;P5A-016;P5A-018:P5A-032;SCN-001:SCN-009,formula_calculated_quarterly_stress,owner_reviewed_for_phase6_testing,2025-12-12,within_cutoff,Quarter aggregates monthly provisional allocations; actual monthly seasonality is unavailable.
P6L-00929,data/phase6/processed/QUARTERLY_STRESS_FORECAST.csv,quarterly_stress_forecast,P6Q-0108,SRC-001;SRC-002;SRC-003,P5A-014;P5A-015;P5A-016;P5A-018:P5A-032;SCN-001:SCN-009,formula_calculated_quarterly_stress,owner_reviewed_for_phase6_testing,2025-12-12,within_cutoff,Quarter aggregates monthly provisional allocations; actual monthly seasonality is unavailable.
P6L-00930,data/phase6/processed/QUARTERLY_STRESS_FORECAST.csv,quarterly_stress_forecast,P6Q-0109,SRC-001;SRC-002;SRC-003,P5A-014;P5A-015;P5A-016;P5A-018:P5A-032;SCN-001:SCN-009,formula_calculated_quarterly_stress,owner_reviewed_for_phase6_testing,2025-12-12,within_cutoff,Quarter aggregates monthly provisional allocations; actual monthly seasonality is unavailable.
P6L-00931,data/phase6/processed/QUARTERLY_STRESS_FORECAST.csv,quarterly_stress_forecast,P6Q-0110,SRC-001;SRC-002;SRC-003,P5A-014;P5A-015;P5A-016;P5A-018:P5A-032;SCN-001:SCN-009,formula_calculated_quarterly_stress,owner_reviewed_for_phase6_testing,2025-12-12,within_cutoff,Quarter aggregates monthly provisional allocations; actual monthly seasonality is unavailable.
P6L-00932,data/phase6/processed/QUARTERLY_STRESS_FORECAST.csv,quarterly_stress_forecast,P6Q-0111,SRC-001;SRC-002;SRC-003,P5A-014;P5A-015;P5A-016;P5A-018:P5A-032;SCN-001:SCN-009,formula_calculated_quarterly_stress,owner_reviewed_for_phase6_testing,2025-12-12,within_cutoff,Quarter aggregates monthly provisional allocations; actual monthly seasonality is unavailable.
P6L-00933,data/phase6/processed/QUARTERLY_STRESS_FORECAST.csv,quarterly_stress_forecast,P6Q-0112,SRC-001;SRC-002;SRC-003,P5A-014;P5A-015;P5A-016;P5A-018:P5A-032;SCN-001:SCN-009,formula_calculated_quarterly_stress,owner_reviewed_for_phase6_testing,2025-12-12,within_cutoff,Quarter aggregates monthly provisional allocations; actual monthly seasonality is unavailable.
P6L-00934,data/phase6/processed/QUARTERLY_STRESS_FORECAST.csv,quarterly_stress_forecast,P6Q-0113,SRC-001;SRC-002;SRC-003,P5A-014;P5A-015;P5A-016;P5A-018:P5A-032;SCN-001:SCN-009,formula_calculated_quarterly_stress,owner_reviewed_for_phase6_testing,2025-12-12,within_cutoff,Quarter aggregates monthly provisional allocations; actual monthly seasonality is unavailable.
P6L-00935,data/phase6/processed/QUARTERLY_STRESS_FORECAST.csv,quarterly_stress_forecast,P6Q-0114,SRC-001;SRC-002;SRC-003,P5A-014;P5A-015;P5A-016;P5A-018:P5A-032;SCN-001:SCN-009,formula_calculated_quarterly_stress,owner_reviewed_for_phase6_testing,2025-12-12,within_cutoff,Quarter aggregates monthly provisional allocations; actual monthly seasonality is unavailable.
P6L-00936,data/phase6/processed/QUARTERLY_STRESS_FORECAST.csv,quarterly_stress_forecast,P6Q-0115,SRC-001;SRC-002;SRC-003,P5A-014;P5A-015;P5A-016;P5A-018:P5A-032;SCN-001:SCN-009,formula_calculated_quarterly_stress,owner_reviewed_for_phase6_testing,2025-12-12,within_cutoff,Quarter aggregates monthly provisional allocations; actual monthly seasonality is unavailable.
P6L-00937,data/phase6/processed/QUARTERLY_STRESS_FORECAST.csv,quarterly_stress_forecast,P6Q-0116,SRC-001;SRC-002;SRC-003,P5A-014;P5A-015;P5A-016;P5A-018:P5A-032;SCN-001:SCN-009,formula_calculated_quarterly_stress,owner_reviewed_for_phase6_testing,2025-12-12,within_cutoff,Quarter aggregates monthly provisional allocations; actual monthly seasonality is unavailable.
P6L-00938,data/phase6/processed/QUARTERLY_STRESS_FORECAST.csv,quarterly_stress_forecast,P6Q-0117,SRC-001;SRC-002;SRC-003,P5A-014;P5A-015;P5A-016;P5A-018:P5A-032;SCN-001:SCN-009,formula_calculated_quarterly_stress,owner_reviewed_for_phase6_testing,2025-12-12,within_cutoff,Quarter aggregates monthly provisional allocations; actual monthly seasonality is unavailable.
P6L-00939,data/phase6/processed/QUARTERLY_STRESS_FORECAST.csv,quarterly_stress_forecast,P6Q-0118,SRC-001;SRC-002;SRC-003,P5A-014;P5A-015;P5A-016;P5A-018:P5A-032;SCN-001:SCN-009,formula_calculated_quarterly_stress,owner_reviewed_for_phase6_testing,2025-12-12,within_cutoff,Quarter aggregates monthly provisional allocations; actual monthly seasonality is unavailable.
P6L-00940,data/phase6/processed/QUARTERLY_STRESS_FORECAST.csv,quarterly_stress_forecast,P6Q-0119,SRC-001;SRC-002;SRC-003,P5A-014;P5A-015;P5A-016;P5A-018:P5A-032;SCN-001:SCN-009,formula_calculated_quarterly_stress,owner_reviewed_for_phase6_testing,2025-12-12,within_cutoff,Quarter aggregates monthly provisional allocations; actual monthly seasonality is unavailable.
P6L-00941,data/phase6/processed/QUARTERLY_STRESS_FORECAST.csv,quarterly_stress_forecast,P6Q-0120,SRC-001;SRC-002;SRC-003,P5A-014;P5A-015;P5A-016;P5A-018:P5A-032;SCN-001:SCN-009,formula_calculated_quarterly_stress,owner_reviewed_for_phase6_testing,2025-12-12,within_cutoff,Quarter aggregates monthly provisional allocations; actual monthly seasonality is unavailable.
P6L-00942,data/phase6/processed/QUARTERLY_STRESS_FORECAST.csv,quarterly_stress_forecast,P6Q-0121,SRC-001;SRC-002;SRC-003,P5A-014;P5A-015;P5A-016;P5A-018:P5A-032;SCN-001:SCN-009,formula_calculated_quarterly_stress,owner_reviewed_for_phase6_testing,2025-12-12,within_cutoff,Quarter aggregates monthly provisional allocations; actual monthly seasonality is unavailable.
P6L-00943,data/phase6/processed/QUARTERLY_STRESS_FORECAST.csv,quarterly_stress_forecast,P6Q-0122,SRC-001;SRC-002;SRC-003,P5A-014;P5A-015;P5A-016;P5A-018:P5A-032;SCN-001:SCN-009,formula_calculated_quarterly_stress,owner_reviewed_for_phase6_testing,2025-12-12,within_cutoff,Quarter aggregates monthly provisional allocations; actual monthly seasonality is unavailable.
P6L-00944,data/phase6/processed/QUARTERLY_STRESS_FORECAST.csv,quarterly_stress_forecast,P6Q-0123,SRC-001;SRC-002;SRC-003,P5A-014;P5A-015;P5A-016;P5A-018:P5A-032;SCN-001:SCN-009,formula_calculated_quarterly_stress,owner_reviewed_for_phase6_testing,2025-12-12,within_cutoff,Quarter aggregates monthly provisional allocations; actual monthly seasonality is unavailable.
P6L-00945,data/phase6/processed/QUARTERLY_STRESS_FORECAST.csv,quarterly_stress_forecast,P6Q-0124,SRC-001;SRC-002;SRC-003,P5A-014;P5A-015;P5A-016;P5A-018:P5A-032;SCN-001:SCN-009,formula_calculated_quarterly_stress,owner_reviewed_for_phase6_testing,2025-12-12,within_cutoff,Quarter aggregates monthly provisional allocations; actual monthly seasonality is unavailable.
P6L-00946,data/phase6/processed/QUARTERLY_STRESS_FORECAST.csv,quarterly_stress_forecast,P6Q-0125,SRC-001;SRC-002;SRC-003,P5A-014;P5A-015;P5A-016;P5A-018:P5A-032;SCN-001:SCN-009,formula_calculated_quarterly_stress,owner_reviewed_for_phase6_testing,2025-12-12,within_cutoff,Quarter aggregates monthly provisional allocations; actual monthly seasonality is unavailable.
P6L-00947,data/phase6/processed/QUARTERLY_STRESS_FORECAST.csv,quarterly_stress_forecast,P6Q-0126,SRC-001;SRC-002;SRC-003,P5A-014;P5A-015;P5A-016;P5A-018:P5A-032;SCN-001:SCN-009,formula_calculated_quarterly_stress,owner_reviewed_for_phase6_testing,2025-12-12,within_cutoff,Quarter aggregates monthly provisional allocations; actual monthly seasonality is unavailable.
P6L-00948,data/phase6/processed/QUARTERLY_STRESS_FORECAST.csv,quarterly_stress_forecast,P6Q-0127,SRC-001;SRC-002;SRC-003,P5A-014;P5A-015;P5A-016;P5A-018:P5A-032;SCN-001:SCN-009,formula_calculated_quarterly_stress,owner_reviewed_for_phase6_testing,2025-12-12,within_cutoff,Quarter aggregates monthly provisional allocations; actual monthly seasonality is unavailable.
P6L-00949,data/phase6/processed/QUARTERLY_STRESS_FORECAST.csv,quarterly_stress_forecast,P6Q-0128,SRC-001;SRC-002;SRC-003,P5A-014;P5A-015;P5A-016;P5A-018:P5A-032;SCN-001:SCN-009,formula_calculated_quarterly_stress,owner_reviewed_for_phase6_testing,2025-12-12,within_cutoff,Quarter aggregates monthly provisional allocations; actual monthly seasonality is unavailable.
P6L-00950,data/phase6/processed/QUARTERLY_STRESS_FORECAST.csv,quarterly_stress_forecast,P6Q-0129,SRC-001;SRC-002;SRC-003,P5A-014;P5A-015;P5A-016;P5A-018:P5A-032;SCN-001:SCN-009,formula_calculated_quarterly_stress,owner_reviewed_for_phase6_testing,2025-12-12,within_cutoff,Quarter aggregates monthly provisional allocations; actual monthly seasonality is unavailable.
P6L-00951,data/phase6/processed/QUARTERLY_STRESS_FORECAST.csv,quarterly_stress_forecast,P6Q-0130,SRC-001;SRC-002;SRC-003,P5A-014;P5A-015;P5A-016;P5A-018:P5A-032;SCN-001:SCN-009,formula_calculated_quarterly_stress,owner_reviewed_for_phase6_testing,2025-12-12,within_cutoff,Quarter aggregates monthly provisional allocations; actual monthly seasonality is unavailable.
P6L-00952,data/phase6/processed/QUARTERLY_STRESS_FORECAST.csv,quarterly_stress_forecast,P6Q-0131,SRC-001;SRC-002;SRC-003,P5A-014;P5A-015;P5A-016;P5A-018:P5A-032;SCN-001:SCN-009,formula_calculated_quarterly_stress,owner_reviewed_for_phase6_testing,2025-12-12,within_cutoff,Quarter aggregates monthly provisional allocations; actual monthly seasonality is unavailable.
P6L-00953,data/phase6/processed/QUARTERLY_STRESS_FORECAST.csv,quarterly_stress_forecast,P6Q-0132,SRC-001;SRC-002;SRC-003,P5A-014;P5A-015;P5A-016;P5A-018:P5A-032;SCN-001:SCN-009,formula_calculated_quarterly_stress,owner_reviewed_for_phase6_testing,2025-12-12,within_cutoff,Quarter aggregates monthly provisional allocations; actual monthly seasonality is unavailable.
P6L-00954,data/phase6/processed/QUARTERLY_STRESS_FORECAST.csv,quarterly_stress_forecast,P6Q-0133,SRC-001;SRC-002;SRC-003,P5A-014;P5A-015;P5A-016;P5A-018:P5A-032;SCN-001:SCN-009,formula_calculated_quarterly_stress,owner_reviewed_for_phase6_testing,2025-12-12,within_cutoff,Quarter aggregates monthly provisional allocations; actual monthly seasonality is unavailable.
P6L-00955,data/phase6/processed/QUARTERLY_STRESS_FORECAST.csv,quarterly_stress_forecast,P6Q-0134,SRC-001;SRC-002;SRC-003,P5A-014;P5A-015;P5A-016;P5A-018:P5A-032;SCN-001:SCN-009,formula_calculated_quarterly_stress,owner_reviewed_for_phase6_testing,2025-12-12,within_cutoff,Quarter aggregates monthly provisional allocations; actual monthly seasonality is unavailable.
P6L-00956,data/phase6/processed/QUARTERLY_STRESS_FORECAST.csv,quarterly_stress_forecast,P6Q-0135,SRC-001;SRC-002;SRC-003,P5A-014;P5A-015;P5A-016;P5A-018:P5A-032;SCN-001:SCN-009,formula_calculated_quarterly_stress,owner_reviewed_for_phase6_testing,2025-12-12,within_cutoff,Quarter aggregates monthly provisional allocations; actual monthly seasonality is unavailable.
P6L-00957,data/phase6/processed/QUARTERLY_STRESS_FORECAST.csv,quarterly_stress_forecast,P6Q-0136,SRC-001;SRC-002;SRC-003,P5A-014;P5A-015;P5A-016;P5A-018:P5A-032;SCN-001:SCN-009,formula_calculated_quarterly_stress,owner_reviewed_for_phase6_testing,2025-12-12,within_cutoff,Quarter aggregates monthly provisional allocations; actual monthly seasonality is unavailable.
P6L-00958,data/phase6/processed/QUARTERLY_STRESS_FORECAST.csv,quarterly_stress_forecast,P6Q-0137,SRC-001;SRC-002;SRC-003,P5A-014;P5A-015;P5A-016;P5A-018:P5A-032;SCN-001:SCN-009,formula_calculated_quarterly_stress,owner_reviewed_for_phase6_testing,2025-12-12,within_cutoff,Quarter aggregates monthly provisional allocations; actual monthly seasonality is unavailable.
P6L-00959,data/phase6/processed/QUARTERLY_STRESS_FORECAST.csv,quarterly_stress_forecast,P6Q-0138,SRC-001;SRC-002;SRC-003,P5A-014;P5A-015;P5A-016;P5A-018:P5A-032;SCN-001:SCN-009,formula_calculated_quarterly_stress,owner_reviewed_for_phase6_testing,2025-12-12,within_cutoff,Quarter aggregates monthly provisional allocations; actual monthly seasonality is unavailable.
P6L-00960,data/phase6/processed/QUARTERLY_STRESS_FORECAST.csv,quarterly_stress_forecast,P6Q-0139,SRC-001;SRC-002;SRC-003,P5A-014;P5A-015;P5A-016;P5A-018:P5A-032;SCN-001:SCN-009,formula_calculated_quarterly_stress,owner_reviewed_for_phase6_testing,2025-12-12,within_cutoff,Quarter aggregates monthly provisional allocations; actual monthly seasonality is unavailable.
P6L-00961,data/phase6/processed/QUARTERLY_STRESS_FORECAST.csv,quarterly_stress_forecast,P6Q-0140,SRC-001;SRC-002;SRC-003,P5A-014;P5A-015;P5A-016;P5A-018:P5A-032;SCN-001:SCN-009,formula_calculated_quarterly_stress,owner_reviewed_for_phase6_testing,2025-12-12,within_cutoff,Quarter aggregates monthly provisional allocations; actual monthly seasonality is unavailable.
P6L-00962,data/phase6/processed/QUARTERLY_STRESS_FORECAST.csv,quarterly_stress_forecast,P6Q-0141,SRC-001;SRC-002;SRC-003,P5A-014;P5A-015;P5A-016;P5A-018:P5A-032;SCN-001:SCN-009,formula_calculated_quarterly_stress,owner_reviewed_for_phase6_testing,2025-12-12,within_cutoff,Quarter aggregates monthly provisional allocations; actual monthly seasonality is unavailable.
P6L-00963,data/phase6/processed/QUARTERLY_STRESS_FORECAST.csv,quarterly_stress_forecast,P6Q-0142,SRC-001;SRC-002;SRC-003,P5A-014;P5A-015;P5A-016;P5A-018:P5A-032;SCN-001:SCN-009,formula_calculated_quarterly_stress,owner_reviewed_for_phase6_testing,2025-12-12,within_cutoff,Quarter aggregates monthly provisional allocations; actual monthly seasonality is unavailable.
P6L-00964,data/phase6/processed/QUARTERLY_STRESS_FORECAST.csv,quarterly_stress_forecast,P6Q-0143,SRC-001;SRC-002;SRC-003,P5A-014;P5A-015;P5A-016;P5A-018:P5A-032;SCN-001:SCN-009,formula_calculated_quarterly_stress,owner_reviewed_for_phase6_testing,2025-12-12,within_cutoff,Quarter aggregates monthly provisional allocations; actual monthly seasonality is unavailable.
P6L-00965,data/phase6/processed/QUARTERLY_STRESS_FORECAST.csv,quarterly_stress_forecast,P6Q-0144,SRC-001;SRC-002;SRC-003,P5A-014;P5A-015;P5A-016;P5A-018:P5A-032;SCN-001:SCN-009,formula_calculated_quarterly_stress,owner_reviewed_for_phase6_testing,2025-12-12,within_cutoff,Quarter aggregates monthly provisional allocations; actual monthly seasonality is unavailable.
P6L-00966,data/phase6/processed/QUARTERLY_STRESS_FORECAST.csv,quarterly_stress_forecast,P6Q-0145,SRC-001;SRC-002;SRC-003,P5A-014;P5A-015;P5A-016;P5A-018:P5A-032;SCN-001:SCN-009,formula_calculated_quarterly_stress,owner_reviewed_for_phase6_testing,2025-12-12,within_cutoff,Quarter aggregates monthly provisional allocations; actual monthly seasonality is unavailable.
P6L-00967,data/phase6/processed/QUARTERLY_STRESS_FORECAST.csv,quarterly_stress_forecast,P6Q-0146,SRC-001;SRC-002;SRC-003,P5A-014;P5A-015;P5A-016;P5A-018:P5A-032;SCN-001:SCN-009,formula_calculated_quarterly_stress,owner_reviewed_for_phase6_testing,2025-12-12,within_cutoff,Quarter aggregates monthly provisional allocations; actual monthly seasonality is unavailable.
P6L-00968,data/phase6/processed/QUARTERLY_STRESS_FORECAST.csv,quarterly_stress_forecast,P6Q-0147,SRC-001;SRC-002;SRC-003,P5A-014;P5A-015;P5A-016;P5A-018:P5A-032;SCN-001:SCN-009,formula_calculated_quarterly_stress,owner_reviewed_for_phase6_testing,2025-12-12,within_cutoff,Quarter aggregates monthly provisional allocations; actual monthly seasonality is unavailable.
P6L-00969,data/phase6/processed/QUARTERLY_STRESS_FORECAST.csv,quarterly_stress_forecast,P6Q-0148,SRC-001;SRC-002;SRC-003,P5A-014;P5A-015;P5A-016;P5A-018:P5A-032;SCN-001:SCN-009,formula_calculated_quarterly_stress,owner_reviewed_for_phase6_testing,2025-12-12,within_cutoff,Quarter aggregates monthly provisional allocations; actual monthly seasonality is unavailable.
P6L-00970,data/phase6/processed/QUARTERLY_STRESS_FORECAST.csv,quarterly_stress_forecast,P6Q-0149,SRC-001;SRC-002;SRC-003,P5A-014;P5A-015;P5A-016;P5A-018:P5A-032;SCN-001:SCN-009,formula_calculated_quarterly_stress,owner_reviewed_for_phase6_testing,2025-12-12,within_cutoff,Quarter aggregates monthly provisional allocations; actual monthly seasonality is unavailable.
P6L-00971,data/phase6/processed/QUARTERLY_STRESS_FORECAST.csv,quarterly_stress_forecast,P6Q-0150,SRC-001;SRC-002;SRC-003,P5A-014;P5A-015;P5A-016;P5A-018:P5A-032;SCN-001:SCN-009,formula_calculated_quarterly_stress,owner_reviewed_for_phase6_testing,2025-12-12,within_cutoff,Quarter aggregates monthly provisional allocations; actual monthly seasonality is unavailable.
P6L-00972,data/phase6/processed/QUARTERLY_STRESS_FORECAST.csv,quarterly_stress_forecast,P6Q-0151,SRC-001;SRC-002;SRC-003,P5A-014;P5A-015;P5A-016;P5A-018:P5A-032;SCN-001:SCN-009,formula_calculated_quarterly_stress,owner_reviewed_for_phase6_testing,2025-12-12,within_cutoff,Quarter aggregates monthly provisional allocations; actual monthly seasonality is unavailable.
P6L-00973,data/phase6/processed/QUARTERLY_STRESS_FORECAST.csv,quarterly_stress_forecast,P6Q-0152,SRC-001;SRC-002;SRC-003,P5A-014;P5A-015;P5A-016;P5A-018:P5A-032;SCN-001:SCN-009,formula_calculated_quarterly_stress,owner_reviewed_for_phase6_testing,2025-12-12,within_cutoff,Quarter aggregates monthly provisional allocations; actual monthly seasonality is unavailable.
P6L-00974,data/phase6/processed/QUARTERLY_STRESS_FORECAST.csv,quarterly_stress_forecast,P6Q-0153,SRC-001;SRC-002;SRC-003,P5A-014;P5A-015;P5A-016;P5A-018:P5A-032;SCN-001:SCN-009,formula_calculated_quarterly_stress,owner_reviewed_for_phase6_testing,2025-12-12,within_cutoff,Quarter aggregates monthly provisional allocations; actual monthly seasonality is unavailable.
P6L-00975,data/phase6/processed/QUARTERLY_STRESS_FORECAST.csv,quarterly_stress_forecast,P6Q-0154,SRC-001;SRC-002;SRC-003,P5A-014;P5A-015;P5A-016;P5A-018:P5A-032;SCN-001:SCN-009,formula_calculated_quarterly_stress,owner_reviewed_for_phase6_testing,2025-12-12,within_cutoff,Quarter aggregates monthly provisional allocations; actual monthly seasonality is unavailable.
P6L-00976,data/phase6/processed/QUARTERLY_STRESS_FORECAST.csv,quarterly_stress_forecast,P6Q-0155,SRC-001;SRC-002;SRC-003,P5A-014;P5A-015;P5A-016;P5A-018:P5A-032;SCN-001:SCN-009,formula_calculated_quarterly_stress,owner_reviewed_for_phase6_testing,2025-12-12,within_cutoff,Quarter aggregates monthly provisional allocations; actual monthly seasonality is unavailable.
P6L-00977,data/phase6/processed/QUARTERLY_STRESS_FORECAST.csv,quarterly_stress_forecast,P6Q-0156,SRC-001;SRC-002;SRC-003,P5A-014;P5A-015;P5A-016;P5A-018:P5A-032;SCN-001:SCN-009,formula_calculated_quarterly_stress,owner_reviewed_for_phase6_testing,2025-12-12,within_cutoff,Quarter aggregates monthly provisional allocations; actual monthly seasonality is unavailable.
P6L-00978,data/phase6/processed/QUARTERLY_STRESS_FORECAST.csv,quarterly_stress_forecast,P6Q-0157,SRC-001;SRC-002;SRC-003,P5A-014;P5A-015;P5A-016;P5A-018:P5A-032;SCN-001:SCN-009,formula_calculated_quarterly_stress,owner_reviewed_for_phase6_testing,2025-12-12,within_cutoff,Quarter aggregates monthly provisional allocations; actual monthly seasonality is unavailable.
P6L-00979,data/phase6/processed/QUARTERLY_STRESS_FORECAST.csv,quarterly_stress_forecast,P6Q-0158,SRC-001;SRC-002;SRC-003,P5A-014;P5A-015;P5A-016;P5A-018:P5A-032;SCN-001:SCN-009,formula_calculated_quarterly_stress,owner_reviewed_for_phase6_testing,2025-12-12,within_cutoff,Quarter aggregates monthly provisional allocations; actual monthly seasonality is unavailable.
P6L-00980,data/phase6/processed/QUARTERLY_STRESS_FORECAST.csv,quarterly_stress_forecast,P6Q-0159,SRC-001;SRC-002;SRC-003,P5A-014;P5A-015;P5A-016;P5A-018:P5A-032;SCN-001:SCN-009,formula_calculated_quarterly_stress,owner_reviewed_for_phase6_testing,2025-12-12,within_cutoff,Quarter aggregates monthly provisional allocations; actual monthly seasonality is unavailable.
P6L-00981,data/phase6/processed/QUARTERLY_STRESS_FORECAST.csv,quarterly_stress_forecast,P6Q-0160,SRC-001;SRC-002;SRC-003,P5A-014;P5A-015;P5A-016;P5A-018:P5A-032;SCN-001:SCN-009,formula_calculated_quarterly_stress,owner_reviewed_for_phase6_testing,2025-12-12,within_cutoff,Quarter aggregates monthly provisional allocations; actual monthly seasonality is unavailable.
P6L-00982,data/phase6/processed/QUARTERLY_STRESS_FORECAST.csv,quarterly_stress_forecast,P6Q-0161,SRC-001;SRC-002;SRC-003,P5A-014;P5A-015;P5A-016;P5A-018:P5A-032;SCN-001:SCN-009,formula_calculated_quarterly_stress,owner_reviewed_for_phase6_testing,2025-12-12,within_cutoff,Quarter aggregates monthly provisional allocations; actual monthly seasonality is unavailable.
P6L-00983,data/phase6/processed/QUARTERLY_STRESS_FORECAST.csv,quarterly_stress_forecast,P6Q-0162,SRC-001;SRC-002;SRC-003,P5A-014;P5A-015;P5A-016;P5A-018:P5A-032;SCN-001:SCN-009,formula_calculated_quarterly_stress,owner_reviewed_for_phase6_testing,2025-12-12,within_cutoff,Quarter aggregates monthly provisional allocations; actual monthly seasonality is unavailable.
P6L-00984,data/phase6/processed/QUARTERLY_STRESS_FORECAST.csv,quarterly_stress_forecast,P6Q-0163,SRC-001;SRC-002;SRC-003,P5A-014;P5A-015;P5A-016;P5A-018:P5A-032;SCN-001:SCN-009,formula_calculated_quarterly_stress,owner_reviewed_for_phase6_testing,2025-12-12,within_cutoff,Quarter aggregates monthly provisional allocations; actual monthly seasonality is unavailable.
P6L-00985,data/phase6/processed/QUARTERLY_STRESS_FORECAST.csv,quarterly_stress_forecast,P6Q-0164,SRC-001;SRC-002;SRC-003,P5A-014;P5A-015;P5A-016;P5A-018:P5A-032;SCN-001:SCN-009,formula_calculated_quarterly_stress,owner_reviewed_for_phase6_testing,2025-12-12,within_cutoff,Quarter aggregates monthly provisional allocations; actual monthly seasonality is unavailable.
P6L-00986,data/phase6/processed/QUARTERLY_STRESS_FORECAST.csv,quarterly_stress_forecast,P6Q-0165,SRC-001;SRC-002;SRC-003,P5A-014;P5A-015;P5A-016;P5A-018:P5A-032;SCN-001:SCN-009,formula_calculated_quarterly_stress,owner_reviewed_for_phase6_testing,2025-12-12,within_cutoff,Quarter aggregates monthly provisional allocations; actual monthly seasonality is unavailable.
P6L-00987,data/phase6/processed/QUARTERLY_STRESS_FORECAST.csv,quarterly_stress_forecast,P6Q-0166,SRC-001;SRC-002;SRC-003,P5A-014;P5A-015;P5A-016;P5A-018:P5A-032;SCN-001:SCN-009,formula_calculated_quarterly_stress,owner_reviewed_for_phase6_testing,2025-12-12,within_cutoff,Quarter aggregates monthly provisional allocations; actual monthly seasonality is unavailable.
P6L-00988,data/phase6/processed/QUARTERLY_STRESS_FORECAST.csv,quarterly_stress_forecast,P6Q-0167,SRC-001;SRC-002;SRC-003,P5A-014;P5A-015;P5A-016;P5A-018:P5A-032;SCN-001:SCN-009,formula_calculated_quarterly_stress,owner_reviewed_for_phase6_testing,2025-12-12,within_cutoff,Quarter aggregates monthly provisional allocations; actual monthly seasonality is unavailable.
P6L-00989,data/phase6/processed/QUARTERLY_STRESS_FORECAST.csv,quarterly_stress_forecast,P6Q-0168,SRC-001;SRC-002;SRC-003,P5A-014;P5A-015;P5A-016;P5A-018:P5A-032;SCN-001:SCN-009,formula_calculated_quarterly_stress,owner_reviewed_for_phase6_testing,2025-12-12,within_cutoff,Quarter aggregates monthly provisional allocations; actual monthly seasonality is unavailable.
P6L-00990,data/phase6/processed/QUARTERLY_STRESS_FORECAST.csv,quarterly_stress_forecast,P6Q-0169,SRC-001;SRC-002;SRC-003,P5A-014;P5A-015;P5A-016;P5A-018:P5A-032;SCN-001:SCN-009,formula_calculated_quarterly_stress,owner_reviewed_for_phase6_testing,2025-12-12,within_cutoff,Quarter aggregates monthly provisional allocations; actual monthly seasonality is unavailable.
P6L-00991,data/phase6/processed/QUARTERLY_STRESS_FORECAST.csv,quarterly_stress_forecast,P6Q-0170,SRC-001;SRC-002;SRC-003,P5A-014;P5A-015;P5A-016;P5A-018:P5A-032;SCN-001:SCN-009,formula_calculated_quarterly_stress,owner_reviewed_for_phase6_testing,2025-12-12,within_cutoff,Quarter aggregates monthly provisional allocations; actual monthly seasonality is unavailable.
P6L-00992,data/phase6/processed/QUARTERLY_STRESS_FORECAST.csv,quarterly_stress_forecast,P6Q-0171,SRC-001;SRC-002;SRC-003,P5A-014;P5A-015;P5A-016;P5A-018:P5A-032;SCN-001:SCN-009,formula_calculated_quarterly_stress,owner_reviewed_for_phase6_testing,2025-12-12,within_cutoff,Quarter aggregates monthly provisional allocations; actual monthly seasonality is unavailable.
P6L-00993,data/phase6/processed/QUARTERLY_STRESS_FORECAST.csv,quarterly_stress_forecast,P6Q-0172,SRC-001;SRC-002;SRC-003,P5A-014;P5A-015;P5A-016;P5A-018:P5A-032;SCN-001:SCN-009,formula_calculated_quarterly_stress,owner_reviewed_for_phase6_testing,2025-12-12,within_cutoff,Quarter aggregates monthly provisional allocations; actual monthly seasonality is unavailable.
P6L-00994,data/phase6/processed/QUARTERLY_STRESS_FORECAST.csv,quarterly_stress_forecast,P6Q-0173,SRC-001;SRC-002;SRC-003,P5A-014;P5A-015;P5A-016;P5A-018:P5A-032;SCN-001:SCN-009,formula_calculated_quarterly_stress,owner_reviewed_for_phase6_testing,2025-12-12,within_cutoff,Quarter aggregates monthly provisional allocations; actual monthly seasonality is unavailable.
P6L-00995,data/phase6/processed/QUARTERLY_STRESS_FORECAST.csv,quarterly_stress_forecast,P6Q-0174,SRC-001;SRC-002;SRC-003,P5A-014;P5A-015;P5A-016;P5A-018:P5A-032;SCN-001:SCN-009,formula_calculated_quarterly_stress,owner_reviewed_for_phase6_testing,2025-12-12,within_cutoff,Quarter aggregates monthly provisional allocations; actual monthly seasonality is unavailable.
P6L-00996,data/phase6/processed/QUARTERLY_STRESS_FORECAST.csv,quarterly_stress_forecast,P6Q-0175,SRC-001;SRC-002;SRC-003,P5A-014;P5A-015;P5A-016;P5A-018:P5A-032;SCN-001:SCN-009,formula_calculated_quarterly_stress,owner_reviewed_for_phase6_testing,2025-12-12,within_cutoff,Quarter aggregates monthly provisional allocations; actual monthly seasonality is unavailable.
P6L-00997,data/phase6/processed/QUARTERLY_STRESS_FORECAST.csv,quarterly_stress_forecast,P6Q-0176,SRC-001;SRC-002;SRC-003,P5A-014;P5A-015;P5A-016;P5A-018:P5A-032;SCN-001:SCN-009,formula_calculated_quarterly_stress,owner_reviewed_for_phase6_testing,2025-12-12,within_cutoff,Quarter aggregates monthly provisional allocations; actual monthly seasonality is unavailable.
P6L-00998,data/phase6/processed/QUARTERLY_STRESS_FORECAST.csv,quarterly_stress_forecast,P6Q-0177,SRC-001;SRC-002;SRC-003,P5A-014;P5A-015;P5A-016;P5A-018:P5A-032;SCN-001:SCN-009,formula_calculated_quarterly_stress,owner_reviewed_for_phase6_testing,2025-12-12,within_cutoff,Quarter aggregates monthly provisional allocations; actual monthly seasonality is unavailable.
P6L-00999,data/phase6/processed/QUARTERLY_STRESS_FORECAST.csv,quarterly_stress_forecast,P6Q-0178,SRC-001;SRC-002;SRC-003,P5A-014;P5A-015;P5A-016;P5A-018:P5A-032;SCN-001:SCN-009,formula_calculated_quarterly_stress,owner_reviewed_for_phase6_testing,2025-12-12,within_cutoff,Quarter aggregates monthly provisional allocations; actual monthly seasonality is unavailable.
P6L-01000,data/phase6/processed/QUARTERLY_STRESS_FORECAST.csv,quarterly_stress_forecast,P6Q-0179,SRC-001;SRC-002;SRC-003,P5A-014;P5A-015;P5A-016;P5A-018:P5A-032;SCN-001:SCN-009,formula_calculated_quarterly_stress,owner_reviewed_for_phase6_testing,2025-12-12,within_cutoff,Quarter aggregates monthly provisional allocations; actual monthly seasonality is unavailable.
P6L-01001,data/phase6/processed/QUARTERLY_STRESS_FORECAST.csv,quarterly_stress_forecast,P6Q-0180,SRC-001;SRC-002;SRC-003,P5A-014;P5A-015;P5A-016;P5A-018:P5A-032;SCN-001:SCN-009,formula_calculated_quarterly_stress,owner_reviewed_for_phase6_testing,2025-12-12,within_cutoff,Quarter aggregates monthly provisional allocations; actual monthly seasonality is unavailable.
P6L-01002,data/phase6/processed/QUARTERLY_STRESS_FORECAST.csv,quarterly_stress_forecast,P6Q-0181,SRC-001;SRC-002;SRC-003,P5A-014;P5A-015;P5A-016;P5A-018:P5A-032;SCN-001:SCN-009,formula_calculated_quarterly_stress,owner_reviewed_for_phase6_testing,2025-12-12,within_cutoff,Quarter aggregates monthly provisional allocations; actual monthly seasonality is unavailable.
P6L-01003,data/phase6/processed/QUARTERLY_STRESS_FORECAST.csv,quarterly_stress_forecast,P6Q-0182,SRC-001;SRC-002;SRC-003,P5A-014;P5A-015;P5A-016;P5A-018:P5A-032;SCN-001:SCN-009,formula_calculated_quarterly_stress,owner_reviewed_for_phase6_testing,2025-12-12,within_cutoff,Quarter aggregates monthly provisional allocations; actual monthly seasonality is unavailable.
P6L-01004,data/phase6/processed/QUARTERLY_STRESS_FORECAST.csv,quarterly_stress_forecast,P6Q-0183,SRC-001;SRC-002;SRC-003,P5A-014;P5A-015;P5A-016;P5A-018:P5A-032;SCN-001:SCN-009,formula_calculated_quarterly_stress,owner_reviewed_for_phase6_testing,2025-12-12,within_cutoff,Quarter aggregates monthly provisional allocations; actual monthly seasonality is unavailable.
P6L-01005,data/phase6/processed/QUARTERLY_STRESS_FORECAST.csv,quarterly_stress_forecast,P6Q-0184,SRC-001;SRC-002;SRC-003,P5A-014;P5A-015;P5A-016;P5A-018:P5A-032;SCN-001:SCN-009,formula_calculated_quarterly_stress,owner_reviewed_for_phase6_testing,2025-12-12,within_cutoff,Quarter aggregates monthly provisional allocations; actual monthly seasonality is unavailable.
P6L-01006,data/phase6/processed/QUARTERLY_STRESS_FORECAST.csv,quarterly_stress_forecast,P6Q-0185,SRC-001;SRC-002;SRC-003,P5A-014;P5A-015;P5A-016;P5A-018:P5A-032;SCN-001:SCN-009,formula_calculated_quarterly_stress,owner_reviewed_for_phase6_testing,2025-12-12,within_cutoff,Quarter aggregates monthly provisional allocations; actual monthly seasonality is unavailable.
P6L-01007,data/phase6/processed/QUARTERLY_STRESS_FORECAST.csv,quarterly_stress_forecast,P6Q-0186,SRC-001;SRC-002;SRC-003,P5A-014;P5A-015;P5A-016;P5A-018:P5A-032;SCN-001:SCN-009,formula_calculated_quarterly_stress,owner_reviewed_for_phase6_testing,2025-12-12,within_cutoff,Quarter aggregates monthly provisional allocations; actual monthly seasonality is unavailable.
P6L-01008,data/phase6/processed/QUARTERLY_STRESS_FORECAST.csv,quarterly_stress_forecast,P6Q-0187,SRC-001;SRC-002;SRC-003,P5A-014;P5A-015;P5A-016;P5A-018:P5A-032;SCN-001:SCN-009,formula_calculated_quarterly_stress,owner_reviewed_for_phase6_testing,2025-12-12,within_cutoff,Quarter aggregates monthly provisional allocations; actual monthly seasonality is unavailable.
P6L-01009,data/phase6/processed/QUARTERLY_STRESS_FORECAST.csv,quarterly_stress_forecast,P6Q-0188,SRC-001;SRC-002;SRC-003,P5A-014;P5A-015;P5A-016;P5A-018:P5A-032;SCN-001:SCN-009,formula_calculated_quarterly_stress,owner_reviewed_for_phase6_testing,2025-12-12,within_cutoff,Quarter aggregates monthly provisional allocations; actual monthly seasonality is unavailable.
P6L-01010,data/phase6/processed/QUARTERLY_STRESS_FORECAST.csv,quarterly_stress_forecast,P6Q-0189,SRC-001;SRC-002;SRC-003,P5A-014;P5A-015;P5A-016;P5A-018:P5A-032;SCN-001:SCN-009,formula_calculated_quarterly_stress,owner_reviewed_for_phase6_testing,2025-12-12,within_cutoff,Quarter aggregates monthly provisional allocations; actual monthly seasonality is unavailable.
P6L-01011,data/phase6/processed/QUARTERLY_STRESS_FORECAST.csv,quarterly_stress_forecast,P6Q-0190,SRC-001;SRC-002;SRC-003,P5A-014;P5A-015;P5A-016;P5A-018:P5A-032;SCN-001:SCN-009,formula_calculated_quarterly_stress,owner_reviewed_for_phase6_testing,2025-12-12,within_cutoff,Quarter aggregates monthly provisional allocations; actual monthly seasonality is unavailable.
P6L-01012,data/phase6/processed/QUARTERLY_STRESS_FORECAST.csv,quarterly_stress_forecast,P6Q-0191,SRC-001;SRC-002;SRC-003,P5A-014;P5A-015;P5A-016;P5A-018:P5A-032;SCN-001:SCN-009,formula_calculated_quarterly_stress,owner_reviewed_for_phase6_testing,2025-12-12,within_cutoff,Quarter aggregates monthly provisional allocations; actual monthly seasonality is unavailable.
P6L-01013,data/phase6/processed/QUARTERLY_STRESS_FORECAST.csv,quarterly_stress_forecast,P6Q-0192,SRC-001;SRC-002;SRC-003,P5A-014;P5A-015;P5A-016;P5A-018:P5A-032;SCN-001:SCN-009,formula_calculated_quarterly_stress,owner_reviewed_for_phase6_testing,2025-12-12,within_cutoff,Quarter aggregates monthly provisional allocations; actual monthly seasonality is unavailable.
P6L-01014,data/phase6/processed/QUARTERLY_STRESS_FORECAST.csv,quarterly_stress_forecast,P6Q-0193,SRC-001;SRC-002;SRC-003,P5A-014;P5A-015;P5A-016;P5A-018:P5A-032;SCN-001:SCN-009,formula_calculated_quarterly_stress,owner_reviewed_for_phase6_testing,2025-12-12,within_cutoff,Quarter aggregates monthly provisional allocations; actual monthly seasonality is unavailable.
P6L-01015,data/phase6/processed/QUARTERLY_STRESS_FORECAST.csv,quarterly_stress_forecast,P6Q-0194,SRC-001;SRC-002;SRC-003,P5A-014;P5A-015;P5A-016;P5A-018:P5A-032;SCN-001:SCN-009,formula_calculated_quarterly_stress,owner_reviewed_for_phase6_testing,2025-12-12,within_cutoff,Quarter aggregates monthly provisional allocations; actual monthly seasonality is unavailable.
P6L-01016,data/phase6/processed/QUARTERLY_STRESS_FORECAST.csv,quarterly_stress_forecast,P6Q-0195,SRC-001;SRC-002;SRC-003,P5A-014;P5A-015;P5A-016;P5A-018:P5A-032;SCN-001:SCN-009,formula_calculated_quarterly_stress,owner_reviewed_for_phase6_testing,2025-12-12,within_cutoff,Quarter aggregates monthly provisional allocations; actual monthly seasonality is unavailable.
P6L-01017,data/phase6/processed/QUARTERLY_STRESS_FORECAST.csv,quarterly_stress_forecast,P6Q-0196,SRC-001;SRC-002;SRC-003,P5A-014;P5A-015;P5A-016;P5A-018:P5A-032;SCN-001:SCN-009,formula_calculated_quarterly_stress,owner_reviewed_for_phase6_testing,2025-12-12,within_cutoff,Quarter aggregates monthly provisional allocations; actual monthly seasonality is unavailable.
P6L-01018,data/phase6/processed/QUARTERLY_STRESS_FORECAST.csv,quarterly_stress_forecast,P6Q-0197,SRC-001;SRC-002;SRC-003,P5A-014;P5A-015;P5A-016;P5A-018:P5A-032;SCN-001:SCN-009,formula_calculated_quarterly_stress,owner_reviewed_for_phase6_testing,2025-12-12,within_cutoff,Quarter aggregates monthly provisional allocations; actual monthly seasonality is unavailable.
P6L-01019,data/phase6/processed/QUARTERLY_STRESS_FORECAST.csv,quarterly_stress_forecast,P6Q-0198,SRC-001;SRC-002;SRC-003,P5A-014;P5A-015;P5A-016;P5A-018:P5A-032;SCN-001:SCN-009,formula_calculated_quarterly_stress,owner_reviewed_for_phase6_testing,2025-12-12,within_cutoff,Quarter aggregates monthly provisional allocations; actual monthly seasonality is unavailable.
P6L-01020,data/phase6/processed/QUARTERLY_STRESS_FORECAST.csv,quarterly_stress_forecast,P6Q-0199,SRC-001;SRC-002;SRC-003,P5A-014;P5A-015;P5A-016;P5A-018:P5A-032;SCN-001:SCN-009,formula_calculated_quarterly_stress,owner_reviewed_for_phase6_testing,2025-12-12,within_cutoff,Quarter aggregates monthly provisional allocations; actual monthly seasonality is unavailable.
P6L-01021,data/phase6/processed/QUARTERLY_STRESS_FORECAST.csv,quarterly_stress_forecast,P6Q-0200,SRC-001;SRC-002;SRC-003,P5A-014;P5A-015;P5A-016;P5A-018:P5A-032;SCN-001:SCN-009,formula_calculated_quarterly_stress,owner_reviewed_for_phase6_testing,2025-12-12,within_cutoff,Quarter aggregates monthly provisional allocations; actual monthly seasonality is unavailable.
P6L-01022,data/phase6/processed/QUARTERLY_STRESS_FORECAST.csv,quarterly_stress_forecast,P6Q-0201,SRC-001;SRC-002;SRC-003,P5A-014;P5A-015;P5A-016;P5A-018:P5A-032;SCN-001:SCN-009,formula_calculated_quarterly_stress,owner_reviewed_for_phase6_testing,2025-12-12,within_cutoff,Quarter aggregates monthly provisional allocations; actual monthly seasonality is unavailable.
P6L-01023,data/phase6/processed/QUARTERLY_STRESS_FORECAST.csv,quarterly_stress_forecast,P6Q-0202,SRC-001;SRC-002;SRC-003,P5A-014;P5A-015;P5A-016;P5A-018:P5A-032;SCN-001:SCN-009,formula_calculated_quarterly_stress,owner_reviewed_for_phase6_testing,2025-12-12,within_cutoff,Quarter aggregates monthly provisional allocations; actual monthly seasonality is unavailable.
P6L-01024,data/phase6/processed/QUARTERLY_STRESS_FORECAST.csv,quarterly_stress_forecast,P6Q-0203,SRC-001;SRC-002;SRC-003,P5A-014;P5A-015;P5A-016;P5A-018:P5A-032;SCN-001:SCN-009,formula_calculated_quarterly_stress,owner_reviewed_for_phase6_testing,2025-12-12,within_cutoff,Quarter aggregates monthly provisional allocations; actual monthly seasonality is unavailable.
P6L-01025,data/phase6/processed/QUARTERLY_STRESS_FORECAST.csv,quarterly_stress_forecast,P6Q-0204,SRC-001;SRC-002;SRC-003,P5A-014;P5A-015;P5A-016;P5A-018:P5A-032;SCN-001:SCN-009,formula_calculated_quarterly_stress,owner_reviewed_for_phase6_testing,2025-12-12,within_cutoff,Quarter aggregates monthly provisional allocations; actual monthly seasonality is unavailable.
P6L-01026,data/phase6/processed/QUARTERLY_STRESS_FORECAST.csv,quarterly_stress_forecast,P6Q-0205,SRC-001;SRC-002;SRC-003,P5A-014;P5A-015;P5A-016;P5A-018:P5A-032;SCN-001:SCN-009,formula_calculated_quarterly_stress,owner_reviewed_for_phase6_testing,2025-12-12,within_cutoff,Quarter aggregates monthly provisional allocations; actual monthly seasonality is unavailable.
P6L-01027,data/phase6/processed/QUARTERLY_STRESS_FORECAST.csv,quarterly_stress_forecast,P6Q-0206,SRC-001;SRC-002;SRC-003,P5A-014;P5A-015;P5A-016;P5A-018:P5A-032;SCN-001:SCN-009,formula_calculated_quarterly_stress,owner_reviewed_for_phase6_testing,2025-12-12,within_cutoff,Quarter aggregates monthly provisional allocations; actual monthly seasonality is unavailable.
P6L-01028,data/phase6/processed/QUARTERLY_STRESS_FORECAST.csv,quarterly_stress_forecast,P6Q-0207,SRC-001;SRC-002;SRC-003,P5A-014;P5A-015;P5A-016;P5A-018:P5A-032;SCN-001:SCN-009,formula_calculated_quarterly_stress,owner_reviewed_for_phase6_testing,2025-12-12,within_cutoff,Quarter aggregates monthly provisional allocations; actual monthly seasonality is unavailable.
P6L-01029,data/phase6/processed/QUARTERLY_STRESS_FORECAST.csv,quarterly_stress_forecast,P6Q-0208,SRC-001;SRC-002;SRC-003,P5A-014;P5A-015;P5A-016;P5A-018:P5A-032;SCN-001:SCN-009,formula_calculated_quarterly_stress,owner_reviewed_for_phase6_testing,2025-12-12,within_cutoff,Quarter aggregates monthly provisional allocations; actual monthly seasonality is unavailable.
P6L-01030,data/phase6/processed/QUARTERLY_STRESS_FORECAST.csv,quarterly_stress_forecast,P6Q-0209,SRC-001;SRC-002;SRC-003,P5A-014;P5A-015;P5A-016;P5A-018:P5A-032;SCN-001:SCN-009,formula_calculated_quarterly_stress,owner_reviewed_for_phase6_testing,2025-12-12,within_cutoff,Quarter aggregates monthly provisional allocations; actual monthly seasonality is unavailable.
P6L-01031,data/phase6/processed/QUARTERLY_STRESS_FORECAST.csv,quarterly_stress_forecast,P6Q-0210,SRC-001;SRC-002;SRC-003,P5A-014;P5A-015;P5A-016;P5A-018:P5A-032;SCN-001:SCN-009,formula_calculated_quarterly_stress,owner_reviewed_for_phase6_testing,2025-12-12,within_cutoff,Quarter aggregates monthly provisional allocations; actual monthly seasonality is unavailable.
P6L-01032,data/phase6/processed/QUARTERLY_STRESS_FORECAST.csv,quarterly_stress_forecast,P6Q-0211,SRC-001;SRC-002;SRC-003,P5A-014;P5A-015;P5A-016;P5A-018:P5A-032;SCN-001:SCN-009,formula_calculated_quarterly_stress,owner_reviewed_for_phase6_testing,2025-12-12,within_cutoff,Quarter aggregates monthly provisional allocations; actual monthly seasonality is unavailable.
P6L-01033,data/phase6/processed/QUARTERLY_STRESS_FORECAST.csv,quarterly_stress_forecast,P6Q-0212,SRC-001;SRC-002;SRC-003,P5A-014;P5A-015;P5A-016;P5A-018:P5A-032;SCN-001:SCN-009,formula_calculated_quarterly_stress,owner_reviewed_for_phase6_testing,2025-12-12,within_cutoff,Quarter aggregates monthly provisional allocations; actual monthly seasonality is unavailable.
P6L-01034,data/phase6/processed/QUARTERLY_STRESS_FORECAST.csv,quarterly_stress_forecast,P6Q-0213,SRC-001;SRC-002;SRC-003,P5A-014;P5A-015;P5A-016;P5A-018:P5A-032;SCN-001:SCN-009,formula_calculated_quarterly_stress,owner_reviewed_for_phase6_testing,2025-12-12,within_cutoff,Quarter aggregates monthly provisional allocations; actual monthly seasonality is unavailable.
P6L-01035,data/phase6/processed/QUARTERLY_STRESS_FORECAST.csv,quarterly_stress_forecast,P6Q-0214,SRC-001;SRC-002;SRC-003,P5A-014;P5A-015;P5A-016;P5A-018:P5A-032;SCN-001:SCN-009,formula_calculated_quarterly_stress,owner_reviewed_for_phase6_testing,2025-12-12,within_cutoff,Quarter aggregates monthly provisional allocations; actual monthly seasonality is unavailable.
P6L-01036,data/phase6/processed/QUARTERLY_STRESS_FORECAST.csv,quarterly_stress_forecast,P6Q-0215,SRC-001;SRC-002;SRC-003,P5A-014;P5A-015;P5A-016;P5A-018:P5A-032;SCN-001:SCN-009,formula_calculated_quarterly_stress,owner_reviewed_for_phase6_testing,2025-12-12,within_cutoff,Quarter aggregates monthly provisional allocations; actual monthly seasonality is unavailable.
P6L-01037,data/phase6/processed/QUARTERLY_STRESS_FORECAST.csv,quarterly_stress_forecast,P6Q-0216,SRC-001;SRC-002;SRC-003,P5A-014;P5A-015;P5A-016;P5A-018:P5A-032;SCN-001:SCN-009,formula_calculated_quarterly_stress,owner_reviewed_for_phase6_testing,2025-12-12,within_cutoff,Quarter aggregates monthly provisional allocations; actual monthly seasonality is unavailable.
P6L-01038,data/phase6/processed/QUARTERLY_STRESS_FORECAST.csv,quarterly_stress_forecast,P6Q-0217,SRC-001;SRC-002;SRC-003,P5A-014;P5A-015;P5A-016;P5A-018:P5A-032;SCN-001:SCN-009,formula_calculated_quarterly_stress,owner_reviewed_for_phase6_testing,2025-12-12,within_cutoff,Quarter aggregates monthly provisional allocations; actual monthly seasonality is unavailable.
P6L-01039,data/phase6/processed/QUARTERLY_STRESS_FORECAST.csv,quarterly_stress_forecast,P6Q-0218,SRC-001;SRC-002;SRC-003,P5A-014;P5A-015;P5A-016;P5A-018:P5A-032;SCN-001:SCN-009,formula_calculated_quarterly_stress,owner_reviewed_for_phase6_testing,2025-12-12,within_cutoff,Quarter aggregates monthly provisional allocations; actual monthly seasonality is unavailable.
P6L-01040,data/phase6/processed/QUARTERLY_STRESS_FORECAST.csv,quarterly_stress_forecast,P6Q-0219,SRC-001;SRC-002;SRC-003,P5A-014;P5A-015;P5A-016;P5A-018:P5A-032;SCN-001:SCN-009,formula_calculated_quarterly_stress,owner_reviewed_for_phase6_testing,2025-12-12,within_cutoff,Quarter aggregates monthly provisional allocations; actual monthly seasonality is unavailable.
P6L-01041,data/phase6/processed/QUARTERLY_STRESS_FORECAST.csv,quarterly_stress_forecast,P6Q-0220,SRC-001;SRC-002;SRC-003,P5A-014;P5A-015;P5A-016;P5A-018:P5A-032;SCN-001:SCN-009,formula_calculated_quarterly_stress,owner_reviewed_for_phase6_testing,2025-12-12,within_cutoff,Quarter aggregates monthly provisional allocations; actual monthly seasonality is unavailable.
P6L-01042,data/phase6/processed/QUARTERLY_STRESS_FORECAST.csv,quarterly_stress_forecast,P6Q-0221,SRC-001;SRC-002;SRC-003,P5A-014;P5A-015;P5A-016;P5A-018:P5A-032;SCN-001:SCN-009,formula_calculated_quarterly_stress,owner_reviewed_for_phase6_testing,2025-12-12,within_cutoff,Quarter aggregates monthly provisional allocations; actual monthly seasonality is unavailable.
P6L-01043,data/phase6/processed/QUARTERLY_STRESS_FORECAST.csv,quarterly_stress_forecast,P6Q-0222,SRC-001;SRC-002;SRC-003,P5A-014;P5A-015;P5A-016;P5A-018:P5A-032;SCN-001:SCN-009,formula_calculated_quarterly_stress,owner_reviewed_for_phase6_testing,2025-12-12,within_cutoff,Quarter aggregates monthly provisional allocations; actual monthly seasonality is unavailable.
P6L-01044,data/phase6/processed/QUARTERLY_STRESS_FORECAST.csv,quarterly_stress_forecast,P6Q-0223,SRC-001;SRC-002;SRC-003,P5A-014;P5A-015;P5A-016;P5A-018:P5A-032;SCN-001:SCN-009,formula_calculated_quarterly_stress,owner_reviewed_for_phase6_testing,2025-12-12,within_cutoff,Quarter aggregates monthly provisional allocations; actual monthly seasonality is unavailable.
P6L-01045,data/phase6/processed/QUARTERLY_STRESS_FORECAST.csv,quarterly_stress_forecast,P6Q-0224,SRC-001;SRC-002;SRC-003,P5A-014;P5A-015;P5A-016;P5A-018:P5A-032;SCN-001:SCN-009,formula_calculated_quarterly_stress,owner_reviewed_for_phase6_testing,2025-12-12,within_cutoff,Quarter aggregates monthly provisional allocations; actual monthly seasonality is unavailable.
P6L-01046,data/phase6/processed/QUARTERLY_STRESS_FORECAST.csv,quarterly_stress_forecast,P6Q-0225,SRC-001;SRC-002;SRC-003,P5A-014;P5A-015;P5A-016;P5A-018:P5A-032;SCN-001:SCN-009,formula_calculated_quarterly_stress,owner_reviewed_for_phase6_testing,2025-12-12,within_cutoff,Quarter aggregates monthly provisional allocations; actual monthly seasonality is unavailable.
P6L-01047,data/phase6/processed/QUARTERLY_STRESS_FORECAST.csv,quarterly_stress_forecast,P6Q-0226,SRC-001;SRC-002;SRC-003,P5A-014;P5A-015;P5A-016;P5A-018:P5A-032;SCN-001:SCN-009,formula_calculated_quarterly_stress,owner_reviewed_for_phase6_testing,2025-12-12,within_cutoff,Quarter aggregates monthly provisional allocations; actual monthly seasonality is unavailable.
P6L-01048,data/phase6/processed/QUARTERLY_STRESS_FORECAST.csv,quarterly_stress_forecast,P6Q-0227,SRC-001;SRC-002;SRC-003,P5A-014;P5A-015;P5A-016;P5A-018:P5A-032;SCN-001:SCN-009,formula_calculated_quarterly_stress,owner_reviewed_for_phase6_testing,2025-12-12,within_cutoff,Quarter aggregates monthly provisional allocations; actual monthly seasonality is unavailable.
P6L-01049,data/phase6/processed/QUARTERLY_STRESS_FORECAST.csv,quarterly_stress_forecast,P6Q-0228,SRC-001;SRC-002;SRC-003,P5A-014;P5A-015;P5A-016;P5A-018:P5A-032;SCN-001:SCN-009,formula_calculated_quarterly_stress,owner_reviewed_for_phase6_testing,2025-12-12,within_cutoff,Quarter aggregates monthly provisional allocations; actual monthly seasonality is unavailable.
P6L-01050,data/phase6/processed/QUARTERLY_STRESS_FORECAST.csv,quarterly_stress_forecast,P6Q-0229,SRC-001;SRC-002;SRC-003,P5A-014;P5A-015;P5A-016;P5A-018:P5A-032;SCN-001:SCN-009,formula_calculated_quarterly_stress,owner_reviewed_for_phase6_testing,2025-12-12,within_cutoff,Quarter aggregates monthly provisional allocations; actual monthly seasonality is unavailable.
P6L-01051,data/phase6/processed/QUARTERLY_STRESS_FORECAST.csv,quarterly_stress_forecast,P6Q-0230,SRC-001;SRC-002;SRC-003,P5A-014;P5A-015;P5A-016;P5A-018:P5A-032;SCN-001:SCN-009,formula_calculated_quarterly_stress,owner_reviewed_for_phase6_testing,2025-12-12,within_cutoff,Quarter aggregates monthly provisional allocations; actual monthly seasonality is unavailable.
P6L-01052,data/phase6/processed/QUARTERLY_STRESS_FORECAST.csv,quarterly_stress_forecast,P6Q-0231,SRC-001;SRC-002;SRC-003,P5A-014;P5A-015;P5A-016;P5A-018:P5A-032;SCN-001:SCN-009,formula_calculated_quarterly_stress,owner_reviewed_for_phase6_testing,2025-12-12,within_cutoff,Quarter aggregates monthly provisional allocations; actual monthly seasonality is unavailable.
P6L-01053,data/phase6/processed/QUARTERLY_STRESS_FORECAST.csv,quarterly_stress_forecast,P6Q-0232,SRC-001;SRC-002;SRC-003,P5A-014;P5A-015;P5A-016;P5A-018:P5A-032;SCN-001:SCN-009,formula_calculated_quarterly_stress,owner_reviewed_for_phase6_testing,2025-12-12,within_cutoff,Quarter aggregates monthly provisional allocations; actual monthly seasonality is unavailable.
P6L-01054,data/phase6/processed/QUARTERLY_STRESS_FORECAST.csv,quarterly_stress_forecast,P6Q-0233,SRC-001;SRC-002;SRC-003,P5A-014;P5A-015;P5A-016;P5A-018:P5A-032;SCN-001:SCN-009,formula_calculated_quarterly_stress,owner_reviewed_for_phase6_testing,2025-12-12,within_cutoff,Quarter aggregates monthly provisional allocations; actual monthly seasonality is unavailable.
P6L-01055,data/phase6/processed/QUARTERLY_STRESS_FORECAST.csv,quarterly_stress_forecast,P6Q-0234,SRC-001;SRC-002;SRC-003,P5A-014;P5A-015;P5A-016;P5A-018:P5A-032;SCN-001:SCN-009,formula_calculated_quarterly_stress,owner_reviewed_for_phase6_testing,2025-12-12,within_cutoff,Quarter aggregates monthly provisional allocations; actual monthly seasonality is unavailable.
P6L-01056,data/phase6/processed/QUARTERLY_STRESS_FORECAST.csv,quarterly_stress_forecast,P6Q-0235,SRC-001;SRC-002;SRC-003,P5A-014;P5A-015;P5A-016;P5A-018:P5A-032;SCN-001:SCN-009,formula_calculated_quarterly_stress,owner_reviewed_for_phase6_testing,2025-12-12,within_cutoff,Quarter aggregates monthly provisional allocations; actual monthly seasonality is unavailable.
P6L-01057,data/phase6/processed/QUARTERLY_STRESS_FORECAST.csv,quarterly_stress_forecast,P6Q-0236,SRC-001;SRC-002;SRC-003,P5A-014;P5A-015;P5A-016;P5A-018:P5A-032;SCN-001:SCN-009,formula_calculated_quarterly_stress,owner_reviewed_for_phase6_testing,2025-12-12,within_cutoff,Quarter aggregates monthly provisional allocations; actual monthly seasonality is unavailable.
P6L-01058,data/phase6/processed/QUARTERLY_STRESS_FORECAST.csv,quarterly_stress_forecast,P6Q-0237,SRC-001;SRC-002;SRC-003,P5A-014;P5A-015;P5A-016;P5A-018:P5A-032;SCN-001:SCN-009,formula_calculated_quarterly_stress,owner_reviewed_for_phase6_testing,2025-12-12,within_cutoff,Quarter aggregates monthly provisional allocations; actual monthly seasonality is unavailable.
P6L-01059,data/phase6/processed/QUARTERLY_STRESS_FORECAST.csv,quarterly_stress_forecast,P6Q-0238,SRC-001;SRC-002;SRC-003,P5A-014;P5A-015;P5A-016;P5A-018:P5A-032;SCN-001:SCN-009,formula_calculated_quarterly_stress,owner_reviewed_for_phase6_testing,2025-12-12,within_cutoff,Quarter aggregates monthly provisional allocations; actual monthly seasonality is unavailable.
P6L-01060,data/phase6/processed/SCENARIO_DEBT_SCHEDULE.csv,scenario_debt_schedule,P6D-0001,SRC-001;SRC-002;SRC-003,P5A-014;P5A-015;P5A-016;P5A-018:P5A-032;SCN-001:SCN-009,raw_governance_record,deterministic_calculation,2025-12-12,within_cutoff,Retained debt stays at the Phase 5 conservative opening proxy because principal and interest allocation is unavailable.
P6L-01061,data/phase6/processed/SCENARIO_DEBT_SCHEDULE.csv,scenario_debt_schedule,P6D-0002,SRC-001;SRC-002;SRC-003,P5A-014;P5A-015;P5A-016;P5A-018:P5A-032;SCN-001:SCN-009,raw_governance_record,deterministic_calculation,2025-12-12,within_cutoff,Retained debt stays at the Phase 5 conservative opening proxy because principal and interest allocation is unavailable.
P6L-01062,data/phase6/processed/SCENARIO_DEBT_SCHEDULE.csv,scenario_debt_schedule,P6D-0003,SRC-001;SRC-002;SRC-003,P5A-014;P5A-015;P5A-016;P5A-018:P5A-032;SCN-001:SCN-009,raw_governance_record,deterministic_calculation,2025-12-12,within_cutoff,Retained debt stays at the Phase 5 conservative opening proxy because principal and interest allocation is unavailable.
P6L-01063,data/phase6/processed/SCENARIO_DEBT_SCHEDULE.csv,scenario_debt_schedule,P6D-0004,SRC-001;SRC-002;SRC-003,P5A-014;P5A-015;P5A-016;P5A-018:P5A-032;SCN-001:SCN-009,raw_governance_record,deterministic_calculation,2025-12-12,within_cutoff,Retained debt stays at the Phase 5 conservative opening proxy because principal and interest allocation is unavailable.
P6L-01064,data/phase6/processed/SCENARIO_DEBT_SCHEDULE.csv,scenario_debt_schedule,P6D-0005,SRC-001;SRC-002;SRC-003,P5A-014;P5A-015;P5A-016;P5A-018:P5A-032;SCN-001:SCN-009,raw_governance_record,deterministic_calculation,2025-12-12,within_cutoff,Retained debt stays at the Phase 5 conservative opening proxy because principal and interest allocation is unavailable.
P6L-01065,data/phase6/processed/SCENARIO_DEBT_SCHEDULE.csv,scenario_debt_schedule,P6D-0006,SRC-001;SRC-002;SRC-003,P5A-014;P5A-015;P5A-016;P5A-018:P5A-032;SCN-001:SCN-009,raw_governance_record,deterministic_calculation,2025-12-12,within_cutoff,Retained debt stays at the Phase 5 conservative opening proxy because principal and interest allocation is unavailable.
P6L-01066,data/phase6/processed/SCENARIO_DEBT_SCHEDULE.csv,scenario_debt_schedule,P6D-0007,SRC-001;SRC-002;SRC-003,P5A-014;P5A-015;P5A-016;P5A-018:P5A-032;SCN-001:SCN-009,raw_governance_record,deterministic_calculation,2025-12-12,within_cutoff,Retained debt stays at the Phase 5 conservative opening proxy because principal and interest allocation is unavailable.
P6L-01067,data/phase6/processed/SCENARIO_DEBT_SCHEDULE.csv,scenario_debt_schedule,P6D-0008,SRC-001;SRC-002;SRC-003,P5A-014;P5A-015;P5A-016;P5A-018:P5A-032;SCN-001:SCN-009,raw_governance_record,deterministic_calculation,2025-12-12,within_cutoff,Retained debt stays at the Phase 5 conservative opening proxy because principal and interest allocation is unavailable.
P6L-01068,data/phase6/processed/SCENARIO_DEBT_SCHEDULE.csv,scenario_debt_schedule,P6D-0009,SRC-001;SRC-002;SRC-003,P5A-014;P5A-015;P5A-016;P5A-018:P5A-032;SCN-001:SCN-009,raw_governance_record,deterministic_calculation,2025-12-12,within_cutoff,Retained debt stays at the Phase 5 conservative opening proxy because principal and interest allocation is unavailable.
P6L-01069,data/phase6/processed/SCENARIO_DEBT_SCHEDULE.csv,scenario_debt_schedule,P6D-0010,SRC-001;SRC-002;SRC-003,P5A-014;P5A-015;P5A-016;P5A-018:P5A-032;SCN-001:SCN-009,raw_governance_record,deterministic_calculation,2025-12-12,within_cutoff,Retained debt stays at the Phase 5 conservative opening proxy because principal and interest allocation is unavailable.
P6L-01070,data/phase6/processed/SCENARIO_DEBT_SCHEDULE.csv,scenario_debt_schedule,P6D-0011,SRC-001;SRC-002;SRC-003,P5A-014;P5A-015;P5A-016;P5A-018:P5A-032;SCN-001:SCN-009,raw_governance_record,deterministic_calculation,2025-12-12,within_cutoff,Retained debt stays at the Phase 5 conservative opening proxy because principal and interest allocation is unavailable.
P6L-01071,data/phase6/processed/SCENARIO_DEBT_SCHEDULE.csv,scenario_debt_schedule,P6D-0012,SRC-001;SRC-002;SRC-003,P5A-014;P5A-015;P5A-016;P5A-018:P5A-032;SCN-001:SCN-009,raw_governance_record,deterministic_calculation,2025-12-12,within_cutoff,Retained debt stays at the Phase 5 conservative opening proxy because principal and interest allocation is unavailable.
P6L-01072,data/phase6/processed/SCENARIO_DEBT_SCHEDULE.csv,scenario_debt_schedule,P6D-0013,SRC-001;SRC-002;SRC-003,P5A-014;P5A-015;P5A-016;P5A-018:P5A-032;SCN-001:SCN-009,raw_governance_record,deterministic_calculation,2025-12-12,within_cutoff,Retained debt stays at the Phase 5 conservative opening proxy because principal and interest allocation is unavailable.
P6L-01073,data/phase6/processed/SCENARIO_DEBT_SCHEDULE.csv,scenario_debt_schedule,P6D-0014,SRC-001;SRC-002;SRC-003,P5A-014;P5A-015;P5A-016;P5A-018:P5A-032;SCN-001:SCN-009,raw_governance_record,deterministic_calculation,2025-12-12,within_cutoff,Retained debt stays at the Phase 5 conservative opening proxy because principal and interest allocation is unavailable.
P6L-01074,data/phase6/processed/SCENARIO_DEBT_SCHEDULE.csv,scenario_debt_schedule,P6D-0015,SRC-001;SRC-002;SRC-003,P5A-014;P5A-015;P5A-016;P5A-018:P5A-032;SCN-001:SCN-009,raw_governance_record,deterministic_calculation,2025-12-12,within_cutoff,Retained debt stays at the Phase 5 conservative opening proxy because principal and interest allocation is unavailable.
P6L-01075,data/phase6/processed/SCENARIO_DEBT_SCHEDULE.csv,scenario_debt_schedule,P6D-0016,SRC-001;SRC-002;SRC-003,P5A-014;P5A-015;P5A-016;P5A-018:P5A-032;SCN-001:SCN-009,raw_governance_record,deterministic_calculation,2025-12-12,within_cutoff,Retained debt stays at the Phase 5 conservative opening proxy because principal and interest allocation is unavailable.
P6L-01076,data/phase6/processed/SCENARIO_DEBT_SCHEDULE.csv,scenario_debt_schedule,P6D-0017,SRC-001;SRC-002;SRC-003,P5A-014;P5A-015;P5A-016;P5A-018:P5A-032;SCN-001:SCN-009,raw_governance_record,deterministic_calculation,2025-12-12,within_cutoff,Retained debt stays at the Phase 5 conservative opening proxy because principal and interest allocation is unavailable.
P6L-01077,data/phase6/processed/SCENARIO_DEBT_SCHEDULE.csv,scenario_debt_schedule,P6D-0018,SRC-001;SRC-002;SRC-003,P5A-014;P5A-015;P5A-016;P5A-018:P5A-032;SCN-001:SCN-009,raw_governance_record,deterministic_calculation,2025-12-12,within_cutoff,Retained debt stays at the Phase 5 conservative opening proxy because principal and interest allocation is unavailable.
P6L-01078,data/phase6/processed/SCENARIO_DEBT_SCHEDULE.csv,scenario_debt_schedule,P6D-0019,SRC-001;SRC-002;SRC-003,P5A-014;P5A-015;P5A-016;P5A-018:P5A-032;SCN-001:SCN-009,raw_governance_record,deterministic_calculation,2025-12-12,within_cutoff,Retained debt stays at the Phase 5 conservative opening proxy because principal and interest allocation is unavailable.
P6L-01079,data/phase6/processed/SCENARIO_DEBT_SCHEDULE.csv,scenario_debt_schedule,P6D-0020,SRC-001;SRC-002;SRC-003,P5A-014;P5A-015;P5A-016;P5A-018:P5A-032;SCN-001:SCN-009,raw_governance_record,deterministic_calculation,2025-12-12,within_cutoff,Retained debt stays at the Phase 5 conservative opening proxy because principal and interest allocation is unavailable.
P6L-01080,data/phase6/processed/SCENARIO_DEBT_SCHEDULE.csv,scenario_debt_schedule,P6D-0021,SRC-001;SRC-002;SRC-003,P5A-014;P5A-015;P5A-016;P5A-018:P5A-032;SCN-001:SCN-009,raw_governance_record,deterministic_calculation,2025-12-12,within_cutoff,Retained debt stays at the Phase 5 conservative opening proxy because principal and interest allocation is unavailable.
P6L-01081,data/phase6/processed/SCENARIO_DEBT_SCHEDULE.csv,scenario_debt_schedule,P6D-0022,SRC-001;SRC-002;SRC-003,P5A-014;P5A-015;P5A-016;P5A-018:P5A-032;SCN-001:SCN-009,raw_governance_record,deterministic_calculation,2025-12-12,within_cutoff,Retained debt stays at the Phase 5 conservative opening proxy because principal and interest allocation is unavailable.
P6L-01082,data/phase6/processed/SCENARIO_DEBT_SCHEDULE.csv,scenario_debt_schedule,P6D-0023,SRC-001;SRC-002;SRC-003,P5A-014;P5A-015;P5A-016;P5A-018:P5A-032;SCN-001:SCN-009,raw_governance_record,deterministic_calculation,2025-12-12,within_cutoff,Retained debt stays at the Phase 5 conservative opening proxy because principal and interest allocation is unavailable.
P6L-01083,data/phase6/processed/SCENARIO_DEBT_SCHEDULE.csv,scenario_debt_schedule,P6D-0024,SRC-001;SRC-002;SRC-003,P5A-014;P5A-015;P5A-016;P5A-018:P5A-032;SCN-001:SCN-009,raw_governance_record,deterministic_calculation,2025-12-12,within_cutoff,Retained debt stays at the Phase 5 conservative opening proxy because principal and interest allocation is unavailable.
P6L-01084,data/phase6/processed/SCENARIO_DEBT_SCHEDULE.csv,scenario_debt_schedule,P6D-0025,SRC-001;SRC-002;SRC-003,P5A-014;P5A-015;P5A-016;P5A-018:P5A-032;SCN-001:SCN-009,raw_governance_record,deterministic_calculation,2025-12-12,within_cutoff,Retained debt stays at the Phase 5 conservative opening proxy because principal and interest allocation is unavailable.
P6L-01085,data/phase6/processed/SCENARIO_DEBT_SCHEDULE.csv,scenario_debt_schedule,P6D-0026,SRC-001;SRC-002;SRC-003,P5A-014;P5A-015;P5A-016;P5A-018:P5A-032;SCN-001:SCN-009,raw_governance_record,deterministic_calculation,2025-12-12,within_cutoff,Retained debt stays at the Phase 5 conservative opening proxy because principal and interest allocation is unavailable.
P6L-01086,data/phase6/processed/SCENARIO_DEBT_SCHEDULE.csv,scenario_debt_schedule,P6D-0027,SRC-001;SRC-002;SRC-003,P5A-014;P5A-015;P5A-016;P5A-018:P5A-032;SCN-001:SCN-009,raw_governance_record,deterministic_calculation,2025-12-12,within_cutoff,Retained debt stays at the Phase 5 conservative opening proxy because principal and interest allocation is unavailable.
P6L-01087,data/phase6/processed/SCENARIO_DEBT_SCHEDULE.csv,scenario_debt_schedule,P6D-0028,SRC-001;SRC-002;SRC-003,P5A-014;P5A-015;P5A-016;P5A-018:P5A-032;SCN-001:SCN-009,raw_governance_record,deterministic_calculation,2025-12-12,within_cutoff,Retained debt stays at the Phase 5 conservative opening proxy because principal and interest allocation is unavailable.
P6L-01088,data/phase6/processed/SCENARIO_DEBT_SCHEDULE.csv,scenario_debt_schedule,P6D-0029,SRC-001;SRC-002;SRC-003,P5A-014;P5A-015;P5A-016;P5A-018:P5A-032;SCN-001:SCN-009,raw_governance_record,deterministic_calculation,2025-12-12,within_cutoff,Retained debt stays at the Phase 5 conservative opening proxy because principal and interest allocation is unavailable.
P6L-01089,data/phase6/processed/SCENARIO_DEBT_SCHEDULE.csv,scenario_debt_schedule,P6D-0030,SRC-001;SRC-002;SRC-003,P5A-014;P5A-015;P5A-016;P5A-018:P5A-032;SCN-001:SCN-009,raw_governance_record,deterministic_calculation,2025-12-12,within_cutoff,Retained debt stays at the Phase 5 conservative opening proxy because principal and interest allocation is unavailable.
P6L-01090,data/phase6/processed/SCENARIO_DEBT_SCHEDULE.csv,scenario_debt_schedule,P6D-0031,SRC-001;SRC-002;SRC-003,P5A-014;P5A-015;P5A-016;P5A-018:P5A-032;SCN-001:SCN-009,raw_governance_record,deterministic_calculation,2025-12-12,within_cutoff,Retained debt stays at the Phase 5 conservative opening proxy because principal and interest allocation is unavailable.
P6L-01091,data/phase6/processed/SCENARIO_DEBT_SCHEDULE.csv,scenario_debt_schedule,P6D-0032,SRC-001;SRC-002;SRC-003,P5A-014;P5A-015;P5A-016;P5A-018:P5A-032;SCN-001:SCN-009,raw_governance_record,deterministic_calculation,2025-12-12,within_cutoff,Retained debt stays at the Phase 5 conservative opening proxy because principal and interest allocation is unavailable.
P6L-01092,data/phase6/processed/SCENARIO_DEBT_SCHEDULE.csv,scenario_debt_schedule,P6D-0033,SRC-001;SRC-002;SRC-003,P5A-014;P5A-015;P5A-016;P5A-018:P5A-032;SCN-001:SCN-009,raw_governance_record,deterministic_calculation,2025-12-12,within_cutoff,Retained debt stays at the Phase 5 conservative opening proxy because principal and interest allocation is unavailable.
P6L-01093,data/phase6/processed/SCENARIO_DEBT_SCHEDULE.csv,scenario_debt_schedule,P6D-0034,SRC-001;SRC-002;SRC-003,P5A-014;P5A-015;P5A-016;P5A-018:P5A-032;SCN-001:SCN-009,raw_governance_record,deterministic_calculation,2025-12-12,within_cutoff,Retained debt stays at the Phase 5 conservative opening proxy because principal and interest allocation is unavailable.
P6L-01094,data/phase6/processed/SCENARIO_DEBT_SCHEDULE.csv,scenario_debt_schedule,P6D-0035,SRC-001;SRC-002;SRC-003,P5A-014;P5A-015;P5A-016;P5A-018:P5A-032;SCN-001:SCN-009,raw_governance_record,deterministic_calculation,2025-12-12,within_cutoff,Retained debt stays at the Phase 5 conservative opening proxy because principal and interest allocation is unavailable.
P6L-01095,data/phase6/processed/SCENARIO_DEBT_SCHEDULE.csv,scenario_debt_schedule,P6D-0036,SRC-001;SRC-002;SRC-003,P5A-014;P5A-015;P5A-016;P5A-018:P5A-032;SCN-001:SCN-009,raw_governance_record,deterministic_calculation,2025-12-12,within_cutoff,Retained debt stays at the Phase 5 conservative opening proxy because principal and interest allocation is unavailable.
P6L-01096,data/phase6/processed/SCENARIO_DEBT_SCHEDULE.csv,scenario_debt_schedule,P6D-0037,SRC-001;SRC-002;SRC-003,P5A-014;P5A-015;P5A-016;P5A-018:P5A-032;SCN-001:SCN-009,raw_governance_record,deterministic_calculation,2025-12-12,within_cutoff,Retained debt stays at the Phase 5 conservative opening proxy because principal and interest allocation is unavailable.
P6L-01097,data/phase6/processed/SCENARIO_DEBT_SCHEDULE.csv,scenario_debt_schedule,P6D-0038,SRC-001;SRC-002;SRC-003,P5A-014;P5A-015;P5A-016;P5A-018:P5A-032;SCN-001:SCN-009,raw_governance_record,deterministic_calculation,2025-12-12,within_cutoff,Retained debt stays at the Phase 5 conservative opening proxy because principal and interest allocation is unavailable.
P6L-01098,data/phase6/processed/SCENARIO_DEBT_SCHEDULE.csv,scenario_debt_schedule,P6D-0039,SRC-001;SRC-002;SRC-003,P5A-014;P5A-015;P5A-016;P5A-018:P5A-032;SCN-001:SCN-009,raw_governance_record,deterministic_calculation,2025-12-12,within_cutoff,Retained debt stays at the Phase 5 conservative opening proxy because principal and interest allocation is unavailable.
P6L-01099,data/phase6/processed/SCENARIO_DEBT_SCHEDULE.csv,scenario_debt_schedule,P6D-0040,SRC-001;SRC-002;SRC-003,P5A-014;P5A-015;P5A-016;P5A-018:P5A-032;SCN-001:SCN-009,raw_governance_record,deterministic_calculation,2025-12-12,within_cutoff,Retained debt stays at the Phase 5 conservative opening proxy because principal and interest allocation is unavailable.
P6L-01100,data/phase6/processed/SCENARIO_DEBT_SCHEDULE.csv,scenario_debt_schedule,P6D-0041,SRC-001;SRC-002;SRC-003,P5A-014;P5A-015;P5A-016;P5A-018:P5A-032;SCN-001:SCN-009,raw_governance_record,deterministic_calculation,2025-12-12,within_cutoff,Retained debt stays at the Phase 5 conservative opening proxy because principal and interest allocation is unavailable.
P6L-01101,data/phase6/processed/SCENARIO_DEBT_SCHEDULE.csv,scenario_debt_schedule,P6D-0042,SRC-001;SRC-002;SRC-003,P5A-014;P5A-015;P5A-016;P5A-018:P5A-032;SCN-001:SCN-009,raw_governance_record,deterministic_calculation,2025-12-12,within_cutoff,Retained debt stays at the Phase 5 conservative opening proxy because principal and interest allocation is unavailable.
P6L-01102,data/phase6/processed/SCENARIO_DEBT_SCHEDULE.csv,scenario_debt_schedule,P6D-0043,SRC-001;SRC-002;SRC-003,P5A-014;P5A-015;P5A-016;P5A-018:P5A-032;SCN-001:SCN-009,raw_governance_record,deterministic_calculation,2025-12-12,within_cutoff,Retained debt stays at the Phase 5 conservative opening proxy because principal and interest allocation is unavailable.
P6L-01103,data/phase6/processed/SCENARIO_DEBT_SCHEDULE.csv,scenario_debt_schedule,P6D-0044,SRC-001;SRC-002;SRC-003,P5A-014;P5A-015;P5A-016;P5A-018:P5A-032;SCN-001:SCN-009,raw_governance_record,deterministic_calculation,2025-12-12,within_cutoff,Retained debt stays at the Phase 5 conservative opening proxy because principal and interest allocation is unavailable.
P6L-01104,data/phase6/processed/SCENARIO_DEBT_SCHEDULE.csv,scenario_debt_schedule,P6D-0045,SRC-001;SRC-002;SRC-003,P5A-014;P5A-015;P5A-016;P5A-018:P5A-032;SCN-001:SCN-009,raw_governance_record,deterministic_calculation,2025-12-12,within_cutoff,Retained debt stays at the Phase 5 conservative opening proxy because principal and interest allocation is unavailable.
P6L-01105,data/phase6/processed/SCENARIO_DEBT_SCHEDULE.csv,scenario_debt_schedule,P6D-0046,SRC-001;SRC-002;SRC-003,P5A-014;P5A-015;P5A-016;P5A-018:P5A-032;SCN-001:SCN-009,raw_governance_record,deterministic_calculation,2025-12-12,within_cutoff,Retained debt stays at the Phase 5 conservative opening proxy because principal and interest allocation is unavailable.
P6L-01106,data/phase6/processed/SCENARIO_DEBT_SCHEDULE.csv,scenario_debt_schedule,P6D-0047,SRC-001;SRC-002;SRC-003,P5A-014;P5A-015;P5A-016;P5A-018:P5A-032;SCN-001:SCN-009,raw_governance_record,deterministic_calculation,2025-12-12,within_cutoff,Retained debt stays at the Phase 5 conservative opening proxy because principal and interest allocation is unavailable.
P6L-01107,data/phase6/processed/SCENARIO_DEBT_SCHEDULE.csv,scenario_debt_schedule,P6D-0048,SRC-001;SRC-002;SRC-003,P5A-014;P5A-015;P5A-016;P5A-018:P5A-032;SCN-001:SCN-009,raw_governance_record,deterministic_calculation,2025-12-12,within_cutoff,Retained debt stays at the Phase 5 conservative opening proxy because principal and interest allocation is unavailable.
P6L-01108,data/phase6/processed/SCENARIO_DEBT_SCHEDULE.csv,scenario_debt_schedule,P6D-0049,SRC-001;SRC-002;SRC-003,P5A-014;P5A-015;P5A-016;P5A-018:P5A-032;SCN-001:SCN-009,raw_governance_record,deterministic_calculation,2025-12-12,within_cutoff,Retained debt stays at the Phase 5 conservative opening proxy because principal and interest allocation is unavailable.
P6L-01109,data/phase6/processed/SCENARIO_DEBT_SCHEDULE.csv,scenario_debt_schedule,P6D-0050,SRC-001;SRC-002;SRC-003,P5A-014;P5A-015;P5A-016;P5A-018:P5A-032;SCN-001:SCN-009,raw_governance_record,deterministic_calculation,2025-12-12,within_cutoff,Retained debt stays at the Phase 5 conservative opening proxy because principal and interest allocation is unavailable.
P6L-01110,data/phase6/processed/SCENARIO_DEBT_SCHEDULE.csv,scenario_debt_schedule,P6D-0051,SRC-001;SRC-002;SRC-003,P5A-014;P5A-015;P5A-016;P5A-018:P5A-032;SCN-001:SCN-009,raw_governance_record,deterministic_calculation,2025-12-12,within_cutoff,Retained debt stays at the Phase 5 conservative opening proxy because principal and interest allocation is unavailable.
P6L-01111,data/phase6/processed/SCENARIO_DEBT_SCHEDULE.csv,scenario_debt_schedule,P6D-0052,SRC-001;SRC-002;SRC-003,P5A-014;P5A-015;P5A-016;P5A-018:P5A-032;SCN-001:SCN-009,raw_governance_record,deterministic_calculation,2025-12-12,within_cutoff,Retained debt stays at the Phase 5 conservative opening proxy because principal and interest allocation is unavailable.
P6L-01112,data/phase6/processed/SCENARIO_DEBT_SCHEDULE.csv,scenario_debt_schedule,P6D-0053,SRC-001;SRC-002;SRC-003,P5A-014;P5A-015;P5A-016;P5A-018:P5A-032;SCN-001:SCN-009,raw_governance_record,deterministic_calculation,2025-12-12,within_cutoff,Retained debt stays at the Phase 5 conservative opening proxy because principal and interest allocation is unavailable.
P6L-01113,data/phase6/processed/SCENARIO_DEBT_SCHEDULE.csv,scenario_debt_schedule,P6D-0054,SRC-001;SRC-002;SRC-003,P5A-014;P5A-015;P5A-016;P5A-018:P5A-032;SCN-001:SCN-009,raw_governance_record,deterministic_calculation,2025-12-12,within_cutoff,Retained debt stays at the Phase 5 conservative opening proxy because principal and interest allocation is unavailable.
P6L-01114,data/phase6/processed/SCENARIO_DEBT_SCHEDULE.csv,scenario_debt_schedule,P6D-0055,SRC-001;SRC-002;SRC-003,P5A-014;P5A-015;P5A-016;P5A-018:P5A-032;SCN-001:SCN-009,raw_governance_record,deterministic_calculation,2025-12-12,within_cutoff,Retained debt stays at the Phase 5 conservative opening proxy because principal and interest allocation is unavailable.
P6L-01115,data/phase6/processed/SCENARIO_DEBT_SCHEDULE.csv,scenario_debt_schedule,P6D-0056,SRC-001;SRC-002;SRC-003,P5A-014;P5A-015;P5A-016;P5A-018:P5A-032;SCN-001:SCN-009,raw_governance_record,deterministic_calculation,2025-12-12,within_cutoff,Retained debt stays at the Phase 5 conservative opening proxy because principal and interest allocation is unavailable.
P6L-01116,data/phase6/processed/SCENARIO_DEBT_SCHEDULE.csv,scenario_debt_schedule,P6D-0057,SRC-001;SRC-002;SRC-003,P5A-014;P5A-015;P5A-016;P5A-018:P5A-032;SCN-001:SCN-009,raw_governance_record,deterministic_calculation,2025-12-12,within_cutoff,Retained debt stays at the Phase 5 conservative opening proxy because principal and interest allocation is unavailable.
P6L-01117,data/phase6/processed/SCENARIO_DEBT_SCHEDULE.csv,scenario_debt_schedule,P6D-0058,SRC-001;SRC-002;SRC-003,P5A-014;P5A-015;P5A-016;P5A-018:P5A-032;SCN-001:SCN-009,raw_governance_record,deterministic_calculation,2025-12-12,within_cutoff,Retained debt stays at the Phase 5 conservative opening proxy because principal and interest allocation is unavailable.
P6L-01118,data/phase6/processed/SCENARIO_DEBT_SCHEDULE.csv,scenario_debt_schedule,P6D-0059,SRC-001;SRC-002;SRC-003,P5A-014;P5A-015;P5A-016;P5A-018:P5A-032;SCN-001:SCN-009,raw_governance_record,deterministic_calculation,2025-12-12,within_cutoff,Retained debt stays at the Phase 5 conservative opening proxy because principal and interest allocation is unavailable.
P6L-01119,data/phase6/processed/SCENARIO_DEBT_SCHEDULE.csv,scenario_debt_schedule,P6D-0060,SRC-001;SRC-002;SRC-003,P5A-014;P5A-015;P5A-016;P5A-018:P5A-032;SCN-001:SCN-009,raw_governance_record,deterministic_calculation,2025-12-12,within_cutoff,Retained debt stays at the Phase 5 conservative opening proxy because principal and interest allocation is unavailable.
P6L-01120,data/phase6/processed/SCENARIO_DEBT_SCHEDULE.csv,scenario_debt_schedule,P6D-0061,SRC-001;SRC-002;SRC-003,P5A-014;P5A-015;P5A-016;P5A-018:P5A-032;SCN-001:SCN-009,raw_governance_record,deterministic_calculation,2025-12-12,within_cutoff,Retained debt stays at the Phase 5 conservative opening proxy because principal and interest allocation is unavailable.
P6L-01121,data/phase6/processed/SCENARIO_DEBT_SCHEDULE.csv,scenario_debt_schedule,P6D-0062,SRC-001;SRC-002;SRC-003,P5A-014;P5A-015;P5A-016;P5A-018:P5A-032;SCN-001:SCN-009,raw_governance_record,deterministic_calculation,2025-12-12,within_cutoff,Retained debt stays at the Phase 5 conservative opening proxy because principal and interest allocation is unavailable.
P6L-01122,data/phase6/processed/SCENARIO_DEBT_SCHEDULE.csv,scenario_debt_schedule,P6D-0063,SRC-001;SRC-002;SRC-003,P5A-014;P5A-015;P5A-016;P5A-018:P5A-032;SCN-001:SCN-009,raw_governance_record,deterministic_calculation,2025-12-12,within_cutoff,Retained debt stays at the Phase 5 conservative opening proxy because principal and interest allocation is unavailable.
P6L-01123,data/phase6/processed/SCENARIO_DEBT_SCHEDULE.csv,scenario_debt_schedule,P6D-0064,SRC-001;SRC-002;SRC-003,P5A-014;P5A-015;P5A-016;P5A-018:P5A-032;SCN-001:SCN-009,raw_governance_record,deterministic_calculation,2025-12-12,within_cutoff,Retained debt stays at the Phase 5 conservative opening proxy because principal and interest allocation is unavailable.
P6L-01124,data/phase6/processed/SCENARIO_DEBT_SCHEDULE.csv,scenario_debt_schedule,P6D-0065,SRC-001;SRC-002;SRC-003,P5A-014;P5A-015;P5A-016;P5A-018:P5A-032;SCN-001:SCN-009,raw_governance_record,deterministic_calculation,2025-12-12,within_cutoff,Retained debt stays at the Phase 5 conservative opening proxy because principal and interest allocation is unavailable.
P6L-01125,data/phase6/processed/SCENARIO_DEBT_SCHEDULE.csv,scenario_debt_schedule,P6D-0066,SRC-001;SRC-002;SRC-003,P5A-014;P5A-015;P5A-016;P5A-018:P5A-032;SCN-001:SCN-009,raw_governance_record,deterministic_calculation,2025-12-12,within_cutoff,Retained debt stays at the Phase 5 conservative opening proxy because principal and interest allocation is unavailable.
P6L-01126,data/phase6/processed/SCENARIO_DEBT_SCHEDULE.csv,scenario_debt_schedule,P6D-0067,SRC-001;SRC-002;SRC-003,P5A-014;P5A-015;P5A-016;P5A-018:P5A-032;SCN-001:SCN-009,raw_governance_record,deterministic_calculation,2025-12-12,within_cutoff,Retained debt stays at the Phase 5 conservative opening proxy because principal and interest allocation is unavailable.
P6L-01127,data/phase6/processed/SCENARIO_DEBT_SCHEDULE.csv,scenario_debt_schedule,P6D-0068,SRC-001;SRC-002;SRC-003,P5A-014;P5A-015;P5A-016;P5A-018:P5A-032;SCN-001:SCN-009,raw_governance_record,deterministic_calculation,2025-12-12,within_cutoff,Retained debt stays at the Phase 5 conservative opening proxy because principal and interest allocation is unavailable.
P6L-01128,data/phase6/processed/SCENARIO_DEBT_SCHEDULE.csv,scenario_debt_schedule,P6D-0069,SRC-001;SRC-002;SRC-003,P5A-014;P5A-015;P5A-016;P5A-018:P5A-032;SCN-001:SCN-009,raw_governance_record,deterministic_calculation,2025-12-12,within_cutoff,Retained debt stays at the Phase 5 conservative opening proxy because principal and interest allocation is unavailable.
P6L-01129,data/phase6/processed/SCENARIO_DEBT_SCHEDULE.csv,scenario_debt_schedule,P6D-0070,SRC-001;SRC-002;SRC-003,P5A-014;P5A-015;P5A-016;P5A-018:P5A-032;SCN-001:SCN-009,raw_governance_record,deterministic_calculation,2025-12-12,within_cutoff,Retained debt stays at the Phase 5 conservative opening proxy because principal and interest allocation is unavailable.
P6L-01130,data/phase6/processed/SCENARIO_DEBT_SCHEDULE.csv,scenario_debt_schedule,P6D-0071,SRC-001;SRC-002;SRC-003,P5A-014;P5A-015;P5A-016;P5A-018:P5A-032;SCN-001:SCN-009,raw_governance_record,deterministic_calculation,2025-12-12,within_cutoff,Retained debt stays at the Phase 5 conservative opening proxy because principal and interest allocation is unavailable.
P6L-01131,data/phase6/processed/SCENARIO_DEBT_SCHEDULE.csv,scenario_debt_schedule,P6D-0072,SRC-001;SRC-002;SRC-003,P5A-014;P5A-015;P5A-016;P5A-018:P5A-032;SCN-001:SCN-009,raw_governance_record,deterministic_calculation,2025-12-12,within_cutoff,Retained debt stays at the Phase 5 conservative opening proxy because principal and interest allocation is unavailable.
P6L-01132,data/phase6/processed/SCENARIO_DEBT_SCHEDULE.csv,scenario_debt_schedule,P6D-0073,SRC-001;SRC-002;SRC-003,P5A-014;P5A-015;P5A-016;P5A-018:P5A-032;SCN-001:SCN-009,raw_governance_record,deterministic_calculation,2025-12-12,within_cutoff,Retained debt stays at the Phase 5 conservative opening proxy because principal and interest allocation is unavailable.
P6L-01133,data/phase6/processed/SCENARIO_DEBT_SCHEDULE.csv,scenario_debt_schedule,P6D-0074,SRC-001;SRC-002;SRC-003,P5A-014;P5A-015;P5A-016;P5A-018:P5A-032;SCN-001:SCN-009,raw_governance_record,deterministic_calculation,2025-12-12,within_cutoff,Retained debt stays at the Phase 5 conservative opening proxy because principal and interest allocation is unavailable.
P6L-01134,data/phase6/processed/SCENARIO_DEBT_SCHEDULE.csv,scenario_debt_schedule,P6D-0075,SRC-001;SRC-002;SRC-003,P5A-014;P5A-015;P5A-016;P5A-018:P5A-032;SCN-001:SCN-009,raw_governance_record,deterministic_calculation,2025-12-12,within_cutoff,Retained debt stays at the Phase 5 conservative opening proxy because principal and interest allocation is unavailable.
P6L-01135,data/phase6/processed/SCENARIO_DEBT_SCHEDULE.csv,scenario_debt_schedule,P6D-0076,SRC-001;SRC-002;SRC-003,P5A-014;P5A-015;P5A-016;P5A-018:P5A-032;SCN-001:SCN-009,raw_governance_record,deterministic_calculation,2025-12-12,within_cutoff,Retained debt stays at the Phase 5 conservative opening proxy because principal and interest allocation is unavailable.
P6L-01136,data/phase6/processed/SCENARIO_DEBT_SCHEDULE.csv,scenario_debt_schedule,P6D-0077,SRC-001;SRC-002;SRC-003,P5A-014;P5A-015;P5A-016;P5A-018:P5A-032;SCN-001:SCN-009,raw_governance_record,deterministic_calculation,2025-12-12,within_cutoff,Retained debt stays at the Phase 5 conservative opening proxy because principal and interest allocation is unavailable.
P6L-01137,data/phase6/processed/SCENARIO_DEBT_SCHEDULE.csv,scenario_debt_schedule,P6D-0078,SRC-001;SRC-002;SRC-003,P5A-014;P5A-015;P5A-016;P5A-018:P5A-032;SCN-001:SCN-009,raw_governance_record,deterministic_calculation,2025-12-12,within_cutoff,Retained debt stays at the Phase 5 conservative opening proxy because principal and interest allocation is unavailable.
P6L-01138,data/phase6/processed/SCENARIO_DEBT_SCHEDULE.csv,scenario_debt_schedule,P6D-0079,SRC-001;SRC-002;SRC-003,P5A-014;P5A-015;P5A-016;P5A-018:P5A-032;SCN-001:SCN-009,raw_governance_record,deterministic_calculation,2025-12-12,within_cutoff,Retained debt stays at the Phase 5 conservative opening proxy because principal and interest allocation is unavailable.
P6L-01139,data/phase6/processed/SCENARIO_DEBT_SCHEDULE.csv,scenario_debt_schedule,P6D-0080,SRC-001;SRC-002;SRC-003,P5A-014;P5A-015;P5A-016;P5A-018:P5A-032;SCN-001:SCN-009,raw_governance_record,deterministic_calculation,2025-12-12,within_cutoff,Retained debt stays at the Phase 5 conservative opening proxy because principal and interest allocation is unavailable.
P6L-01140,data/phase6/processed/SCENARIO_DEBT_SCHEDULE.csv,scenario_debt_schedule,P6D-0081,SRC-001;SRC-002;SRC-003,P5A-014;P5A-015;P5A-016;P5A-018:P5A-032;SCN-001:SCN-009,raw_governance_record,deterministic_calculation,2025-12-12,within_cutoff,Retained debt stays at the Phase 5 conservative opening proxy because principal and interest allocation is unavailable.
P6L-01141,data/phase6/processed/SCENARIO_DEBT_SCHEDULE.csv,scenario_debt_schedule,P6D-0082,SRC-001;SRC-002;SRC-003,P5A-014;P5A-015;P5A-016;P5A-018:P5A-032;SCN-001:SCN-009,raw_governance_record,deterministic_calculation,2025-12-12,within_cutoff,Retained debt stays at the Phase 5 conservative opening proxy because principal and interest allocation is unavailable.
P6L-01142,data/phase6/processed/SCENARIO_DEBT_SCHEDULE.csv,scenario_debt_schedule,P6D-0083,SRC-001;SRC-002;SRC-003,P5A-014;P5A-015;P5A-016;P5A-018:P5A-032;SCN-001:SCN-009,raw_governance_record,deterministic_calculation,2025-12-12,within_cutoff,Retained debt stays at the Phase 5 conservative opening proxy because principal and interest allocation is unavailable.
P6L-01143,data/phase6/processed/SCENARIO_DEBT_SCHEDULE.csv,scenario_debt_schedule,P6D-0084,SRC-001;SRC-002;SRC-003,P5A-014;P5A-015;P5A-016;P5A-018:P5A-032;SCN-001:SCN-009,raw_governance_record,deterministic_calculation,2025-12-12,within_cutoff,Retained debt stays at the Phase 5 conservative opening proxy because principal and interest allocation is unavailable.
P6L-01144,data/phase6/processed/SCENARIO_DEBT_SCHEDULE.csv,scenario_debt_schedule,P6D-0085,SRC-001;SRC-002;SRC-003,P5A-014;P5A-015;P5A-016;P5A-018:P5A-032;SCN-001:SCN-009,raw_governance_record,deterministic_calculation,2025-12-12,within_cutoff,Retained debt stays at the Phase 5 conservative opening proxy because principal and interest allocation is unavailable.
P6L-01145,data/phase6/processed/SCENARIO_DEBT_SCHEDULE.csv,scenario_debt_schedule,P6D-0086,SRC-001;SRC-002;SRC-003,P5A-014;P5A-015;P5A-016;P5A-018:P5A-032;SCN-001:SCN-009,raw_governance_record,deterministic_calculation,2025-12-12,within_cutoff,Retained debt stays at the Phase 5 conservative opening proxy because principal and interest allocation is unavailable.
P6L-01146,data/phase6/processed/SCENARIO_DEBT_SCHEDULE.csv,scenario_debt_schedule,P6D-0087,SRC-001;SRC-002;SRC-003,P5A-014;P5A-015;P5A-016;P5A-018:P5A-032;SCN-001:SCN-009,raw_governance_record,deterministic_calculation,2025-12-12,within_cutoff,Retained debt stays at the Phase 5 conservative opening proxy because principal and interest allocation is unavailable.
P6L-01147,data/phase6/processed/SCENARIO_DEBT_SCHEDULE.csv,scenario_debt_schedule,P6D-0088,SRC-001;SRC-002;SRC-003,P5A-014;P5A-015;P5A-016;P5A-018:P5A-032;SCN-001:SCN-009,raw_governance_record,deterministic_calculation,2025-12-12,within_cutoff,Retained debt stays at the Phase 5 conservative opening proxy because principal and interest allocation is unavailable.
P6L-01148,data/phase6/processed/SCENARIO_DEBT_SCHEDULE.csv,scenario_debt_schedule,P6D-0089,SRC-001;SRC-002;SRC-003,P5A-014;P5A-015;P5A-016;P5A-018:P5A-032;SCN-001:SCN-009,raw_governance_record,deterministic_calculation,2025-12-12,within_cutoff,Retained debt stays at the Phase 5 conservative opening proxy because principal and interest allocation is unavailable.
P6L-01149,data/phase6/processed/SCENARIO_DEBT_SCHEDULE.csv,scenario_debt_schedule,P6D-0090,SRC-001;SRC-002;SRC-003,P5A-014;P5A-015;P5A-016;P5A-018:P5A-032;SCN-001:SCN-009,raw_governance_record,deterministic_calculation,2025-12-12,within_cutoff,Retained debt stays at the Phase 5 conservative opening proxy because principal and interest allocation is unavailable.
P6L-01150,data/phase6/processed/SCENARIO_DEBT_SCHEDULE.csv,scenario_debt_schedule,P6D-0091,SRC-001;SRC-002;SRC-003,P5A-014;P5A-015;P5A-016;P5A-018:P5A-032;SCN-001:SCN-009,raw_governance_record,deterministic_calculation,2025-12-12,within_cutoff,Retained debt stays at the Phase 5 conservative opening proxy because principal and interest allocation is unavailable.
P6L-01151,data/phase6/processed/SCENARIO_DEBT_SCHEDULE.csv,scenario_debt_schedule,P6D-0092,SRC-001;SRC-002;SRC-003,P5A-014;P5A-015;P5A-016;P5A-018:P5A-032;SCN-001:SCN-009,raw_governance_record,deterministic_calculation,2025-12-12,within_cutoff,Retained debt stays at the Phase 5 conservative opening proxy because principal and interest allocation is unavailable.
P6L-01152,data/phase6/processed/SCENARIO_DEBT_SCHEDULE.csv,scenario_debt_schedule,P6D-0093,SRC-001;SRC-002;SRC-003,P5A-014;P5A-015;P5A-016;P5A-018:P5A-032;SCN-001:SCN-009,raw_governance_record,deterministic_calculation,2025-12-12,within_cutoff,Retained debt stays at the Phase 5 conservative opening proxy because principal and interest allocation is unavailable.
P6L-01153,data/phase6/processed/SCENARIO_DEBT_SCHEDULE.csv,scenario_debt_schedule,P6D-0094,SRC-001;SRC-002;SRC-003,P5A-014;P5A-015;P5A-016;P5A-018:P5A-032;SCN-001:SCN-009,raw_governance_record,deterministic_calculation,2025-12-12,within_cutoff,Retained debt stays at the Phase 5 conservative opening proxy because principal and interest allocation is unavailable.
P6L-01154,data/phase6/processed/SCENARIO_DEBT_SCHEDULE.csv,scenario_debt_schedule,P6D-0095,SRC-001;SRC-002;SRC-003,P5A-014;P5A-015;P5A-016;P5A-018:P5A-032;SCN-001:SCN-009,raw_governance_record,deterministic_calculation,2025-12-12,within_cutoff,Retained debt stays at the Phase 5 conservative opening proxy because principal and interest allocation is unavailable.
P6L-01155,data/phase6/processed/SCENARIO_DEBT_SCHEDULE.csv,scenario_debt_schedule,P6D-0096,SRC-001;SRC-002;SRC-003,P5A-014;P5A-015;P5A-016;P5A-018:P5A-032;SCN-001:SCN-009,raw_governance_record,deterministic_calculation,2025-12-12,within_cutoff,Retained debt stays at the Phase 5 conservative opening proxy because principal and interest allocation is unavailable.
P6L-01156,data/phase6/processed/SCENARIO_DEBT_SCHEDULE.csv,scenario_debt_schedule,P6D-0097,SRC-001;SRC-002;SRC-003,P5A-014;P5A-015;P5A-016;P5A-018:P5A-032;SCN-001:SCN-009,raw_governance_record,deterministic_calculation,2025-12-12,within_cutoff,Retained debt stays at the Phase 5 conservative opening proxy because principal and interest allocation is unavailable.
P6L-01157,data/phase6/processed/SCENARIO_DEBT_SCHEDULE.csv,scenario_debt_schedule,P6D-0098,SRC-001;SRC-002;SRC-003,P5A-014;P5A-015;P5A-016;P5A-018:P5A-032;SCN-001:SCN-009,raw_governance_record,deterministic_calculation,2025-12-12,within_cutoff,Retained debt stays at the Phase 5 conservative opening proxy because principal and interest allocation is unavailable.
P6L-01158,data/phase6/processed/SCENARIO_DEBT_SCHEDULE.csv,scenario_debt_schedule,P6D-0099,SRC-001;SRC-002;SRC-003,P5A-014;P5A-015;P5A-016;P5A-018:P5A-032;SCN-001:SCN-009,raw_governance_record,deterministic_calculation,2025-12-12,within_cutoff,Retained debt stays at the Phase 5 conservative opening proxy because principal and interest allocation is unavailable.
P6L-01159,data/phase6/processed/SCENARIO_DEBT_SCHEDULE.csv,scenario_debt_schedule,P6D-0100,SRC-001;SRC-002;SRC-003,P5A-014;P5A-015;P5A-016;P5A-018:P5A-032;SCN-001:SCN-009,raw_governance_record,deterministic_calculation,2025-12-12,within_cutoff,Retained debt stays at the Phase 5 conservative opening proxy because principal and interest allocation is unavailable.
P6L-01160,data/phase6/processed/SCENARIO_DEBT_SCHEDULE.csv,scenario_debt_schedule,P6D-0101,SRC-001;SRC-002;SRC-003,P5A-014;P5A-015;P5A-016;P5A-018:P5A-032;SCN-001:SCN-009,raw_governance_record,deterministic_calculation,2025-12-12,within_cutoff,Retained debt stays at the Phase 5 conservative opening proxy because principal and interest allocation is unavailable.
P6L-01161,data/phase6/processed/SCENARIO_DEBT_SCHEDULE.csv,scenario_debt_schedule,P6D-0102,SRC-001;SRC-002;SRC-003,P5A-014;P5A-015;P5A-016;P5A-018:P5A-032;SCN-001:SCN-009,raw_governance_record,deterministic_calculation,2025-12-12,within_cutoff,Retained debt stays at the Phase 5 conservative opening proxy because principal and interest allocation is unavailable.
P6L-01162,data/phase6/processed/SCENARIO_DEBT_SCHEDULE.csv,scenario_debt_schedule,P6D-0103,SRC-001;SRC-002;SRC-003,P5A-014;P5A-015;P5A-016;P5A-018:P5A-032;SCN-001:SCN-009,raw_governance_record,deterministic_calculation,2025-12-12,within_cutoff,Retained debt stays at the Phase 5 conservative opening proxy because principal and interest allocation is unavailable.
P6L-01163,data/phase6/processed/SCENARIO_DEBT_SCHEDULE.csv,scenario_debt_schedule,P6D-0104,SRC-001;SRC-002;SRC-003,P5A-014;P5A-015;P5A-016;P5A-018:P5A-032;SCN-001:SCN-009,raw_governance_record,deterministic_calculation,2025-12-12,within_cutoff,Retained debt stays at the Phase 5 conservative opening proxy because principal and interest allocation is unavailable.
P6L-01164,data/phase6/processed/SCENARIO_DEBT_SCHEDULE.csv,scenario_debt_schedule,P6D-0105,SRC-001;SRC-002;SRC-003,P5A-014;P5A-015;P5A-016;P5A-018:P5A-032;SCN-001:SCN-009,raw_governance_record,deterministic_calculation,2025-12-12,within_cutoff,Retained debt stays at the Phase 5 conservative opening proxy because principal and interest allocation is unavailable.
P6L-01165,data/phase6/processed/SCENARIO_DEBT_SCHEDULE.csv,scenario_debt_schedule,P6D-0106,SRC-001;SRC-002;SRC-003,P5A-014;P5A-015;P5A-016;P5A-018:P5A-032;SCN-001:SCN-009,raw_governance_record,deterministic_calculation,2025-12-12,within_cutoff,Retained debt stays at the Phase 5 conservative opening proxy because principal and interest allocation is unavailable.
P6L-01166,data/phase6/processed/SCENARIO_DEBT_SCHEDULE.csv,scenario_debt_schedule,P6D-0107,SRC-001;SRC-002;SRC-003,P5A-014;P5A-015;P5A-016;P5A-018:P5A-032;SCN-001:SCN-009,raw_governance_record,deterministic_calculation,2025-12-12,within_cutoff,Retained debt stays at the Phase 5 conservative opening proxy because principal and interest allocation is unavailable.
P6L-01167,data/phase6/processed/SCENARIO_DEBT_SCHEDULE.csv,scenario_debt_schedule,P6D-0108,SRC-001;SRC-002;SRC-003,P5A-014;P5A-015;P5A-016;P5A-018:P5A-032;SCN-001:SCN-009,raw_governance_record,deterministic_calculation,2025-12-12,within_cutoff,Retained debt stays at the Phase 5 conservative opening proxy because principal and interest allocation is unavailable.
P6L-01168,data/phase6/processed/SCENARIO_DEBT_SCHEDULE.csv,scenario_debt_schedule,P6D-0109,SRC-001;SRC-002;SRC-003,P5A-014;P5A-015;P5A-016;P5A-018:P5A-032;SCN-001:SCN-009,raw_governance_record,deterministic_calculation,2025-12-12,within_cutoff,Retained debt stays at the Phase 5 conservative opening proxy because principal and interest allocation is unavailable.
P6L-01169,data/phase6/processed/SCENARIO_DEBT_SCHEDULE.csv,scenario_debt_schedule,P6D-0110,SRC-001;SRC-002;SRC-003,P5A-014;P5A-015;P5A-016;P5A-018:P5A-032;SCN-001:SCN-009,raw_governance_record,deterministic_calculation,2025-12-12,within_cutoff,Retained debt stays at the Phase 5 conservative opening proxy because principal and interest allocation is unavailable.
P6L-01170,data/phase6/processed/SCENARIO_DEBT_SCHEDULE.csv,scenario_debt_schedule,P6D-0111,SRC-001;SRC-002;SRC-003,P5A-014;P5A-015;P5A-016;P5A-018:P5A-032;SCN-001:SCN-009,raw_governance_record,deterministic_calculation,2025-12-12,within_cutoff,Retained debt stays at the Phase 5 conservative opening proxy because principal and interest allocation is unavailable.
P6L-01171,data/phase6/processed/SCENARIO_DEBT_SCHEDULE.csv,scenario_debt_schedule,P6D-0112,SRC-001;SRC-002;SRC-003,P5A-014;P5A-015;P5A-016;P5A-018:P5A-032;SCN-001:SCN-009,raw_governance_record,deterministic_calculation,2025-12-12,within_cutoff,Retained debt stays at the Phase 5 conservative opening proxy because principal and interest allocation is unavailable.
P6L-01172,data/phase6/processed/SCENARIO_DEBT_SCHEDULE.csv,scenario_debt_schedule,P6D-0113,SRC-001;SRC-002;SRC-003,P5A-014;P5A-015;P5A-016;P5A-018:P5A-032;SCN-001:SCN-009,raw_governance_record,deterministic_calculation,2025-12-12,within_cutoff,Retained debt stays at the Phase 5 conservative opening proxy because principal and interest allocation is unavailable.
P6L-01173,data/phase6/processed/SCENARIO_DEBT_SCHEDULE.csv,scenario_debt_schedule,P6D-0114,SRC-001;SRC-002;SRC-003,P5A-014;P5A-015;P5A-016;P5A-018:P5A-032;SCN-001:SCN-009,raw_governance_record,deterministic_calculation,2025-12-12,within_cutoff,Retained debt stays at the Phase 5 conservative opening proxy because principal and interest allocation is unavailable.
P6L-01174,data/phase6/processed/SCENARIO_DEBT_SCHEDULE.csv,scenario_debt_schedule,P6D-0115,SRC-001;SRC-002;SRC-003,P5A-014;P5A-015;P5A-016;P5A-018:P5A-032;SCN-001:SCN-009,raw_governance_record,deterministic_calculation,2025-12-12,within_cutoff,Retained debt stays at the Phase 5 conservative opening proxy because principal and interest allocation is unavailable.
P6L-01175,data/phase6/processed/SCENARIO_DEBT_SCHEDULE.csv,scenario_debt_schedule,P6D-0116,SRC-001;SRC-002;SRC-003,P5A-014;P5A-015;P5A-016;P5A-018:P5A-032;SCN-001:SCN-009,raw_governance_record,deterministic_calculation,2025-12-12,within_cutoff,Retained debt stays at the Phase 5 conservative opening proxy because principal and interest allocation is unavailable.
P6L-01176,data/phase6/processed/SCENARIO_DEBT_SCHEDULE.csv,scenario_debt_schedule,P6D-0117,SRC-001;SRC-002;SRC-003,P5A-014;P5A-015;P5A-016;P5A-018:P5A-032;SCN-001:SCN-009,raw_governance_record,deterministic_calculation,2025-12-12,within_cutoff,Retained debt stays at the Phase 5 conservative opening proxy because principal and interest allocation is unavailable.
P6L-01177,data/phase6/processed/SCENARIO_DEBT_SCHEDULE.csv,scenario_debt_schedule,P6D-0118,SRC-001;SRC-002;SRC-003,P5A-014;P5A-015;P5A-016;P5A-018:P5A-032;SCN-001:SCN-009,raw_governance_record,deterministic_calculation,2025-12-12,within_cutoff,Retained debt stays at the Phase 5 conservative opening proxy because principal and interest allocation is unavailable.
P6L-01178,data/phase6/processed/SCENARIO_DEBT_SCHEDULE.csv,scenario_debt_schedule,P6D-0119,SRC-001;SRC-002;SRC-003,P5A-014;P5A-015;P5A-016;P5A-018:P5A-032;SCN-001:SCN-009,raw_governance_record,deterministic_calculation,2025-12-12,within_cutoff,Retained debt stays at the Phase 5 conservative opening proxy because principal and interest allocation is unavailable.
P6L-01179,data/phase6/processed/SCENARIO_DEBT_SCHEDULE.csv,scenario_debt_schedule,P6D-0120,SRC-001;SRC-002;SRC-003,P5A-014;P5A-015;P5A-016;P5A-018:P5A-032;SCN-001:SCN-009,raw_governance_record,deterministic_calculation,2025-12-12,within_cutoff,Retained debt stays at the Phase 5 conservative opening proxy because principal and interest allocation is unavailable.
P6L-01180,data/phase6/processed/SCENARIO_DEBT_SCHEDULE.csv,scenario_debt_schedule,P6D-0121,SRC-001;SRC-002;SRC-003,P5A-014;P5A-015;P5A-016;P5A-018:P5A-032;SCN-001:SCN-009,raw_governance_record,deterministic_calculation,2025-12-12,within_cutoff,Retained debt stays at the Phase 5 conservative opening proxy because principal and interest allocation is unavailable.
P6L-01181,data/phase6/processed/SCENARIO_DEBT_SCHEDULE.csv,scenario_debt_schedule,P6D-0122,SRC-001;SRC-002;SRC-003,P5A-014;P5A-015;P5A-016;P5A-018:P5A-032;SCN-001:SCN-009,raw_governance_record,deterministic_calculation,2025-12-12,within_cutoff,Retained debt stays at the Phase 5 conservative opening proxy because principal and interest allocation is unavailable.
P6L-01182,data/phase6/processed/SCENARIO_DEBT_SCHEDULE.csv,scenario_debt_schedule,P6D-0123,SRC-001;SRC-002;SRC-003,P5A-014;P5A-015;P5A-016;P5A-018:P5A-032;SCN-001:SCN-009,raw_governance_record,deterministic_calculation,2025-12-12,within_cutoff,Retained debt stays at the Phase 5 conservative opening proxy because principal and interest allocation is unavailable.
P6L-01183,data/phase6/processed/SCENARIO_DEBT_SCHEDULE.csv,scenario_debt_schedule,P6D-0124,SRC-001;SRC-002;SRC-003,P5A-014;P5A-015;P5A-016;P5A-018:P5A-032;SCN-001:SCN-009,raw_governance_record,deterministic_calculation,2025-12-12,within_cutoff,Retained debt stays at the Phase 5 conservative opening proxy because principal and interest allocation is unavailable.
P6L-01184,data/phase6/processed/SCENARIO_DEBT_SCHEDULE.csv,scenario_debt_schedule,P6D-0125,SRC-001;SRC-002;SRC-003,P5A-014;P5A-015;P5A-016;P5A-018:P5A-032;SCN-001:SCN-009,raw_governance_record,deterministic_calculation,2025-12-12,within_cutoff,Retained debt stays at the Phase 5 conservative opening proxy because principal and interest allocation is unavailable.
P6L-01185,data/phase6/processed/SCENARIO_DEBT_SCHEDULE.csv,scenario_debt_schedule,P6D-0126,SRC-001;SRC-002;SRC-003,P5A-014;P5A-015;P5A-016;P5A-018:P5A-032;SCN-001:SCN-009,raw_governance_record,deterministic_calculation,2025-12-12,within_cutoff,Retained debt stays at the Phase 5 conservative opening proxy because principal and interest allocation is unavailable.
P6L-01186,data/phase6/processed/SCENARIO_DEBT_SCHEDULE.csv,scenario_debt_schedule,P6D-0127,SRC-001;SRC-002;SRC-003,P5A-014;P5A-015;P5A-016;P5A-018:P5A-032;SCN-001:SCN-009,raw_governance_record,deterministic_calculation,2025-12-12,within_cutoff,Retained debt stays at the Phase 5 conservative opening proxy because principal and interest allocation is unavailable.
P6L-01187,data/phase6/processed/SCENARIO_DEBT_SCHEDULE.csv,scenario_debt_schedule,P6D-0128,SRC-001;SRC-002;SRC-003,P5A-014;P5A-015;P5A-016;P5A-018:P5A-032;SCN-001:SCN-009,raw_governance_record,deterministic_calculation,2025-12-12,within_cutoff,Retained debt stays at the Phase 5 conservative opening proxy because principal and interest allocation is unavailable.
P6L-01188,data/phase6/processed/SCENARIO_DEBT_SCHEDULE.csv,scenario_debt_schedule,P6D-0129,SRC-001;SRC-002;SRC-003,P5A-014;P5A-015;P5A-016;P5A-018:P5A-032;SCN-001:SCN-009,raw_governance_record,deterministic_calculation,2025-12-12,within_cutoff,Retained debt stays at the Phase 5 conservative opening proxy because principal and interest allocation is unavailable.
P6L-01189,data/phase6/processed/SCENARIO_DEBT_SCHEDULE.csv,scenario_debt_schedule,P6D-0130,SRC-001;SRC-002;SRC-003,P5A-014;P5A-015;P5A-016;P5A-018:P5A-032;SCN-001:SCN-009,raw_governance_record,deterministic_calculation,2025-12-12,within_cutoff,Retained debt stays at the Phase 5 conservative opening proxy because principal and interest allocation is unavailable.
P6L-01190,data/phase6/processed/SCENARIO_DEBT_SCHEDULE.csv,scenario_debt_schedule,P6D-0131,SRC-001;SRC-002;SRC-003,P5A-014;P5A-015;P5A-016;P5A-018:P5A-032;SCN-001:SCN-009,raw_governance_record,deterministic_calculation,2025-12-12,within_cutoff,Retained debt stays at the Phase 5 conservative opening proxy because principal and interest allocation is unavailable.
P6L-01191,data/phase6/processed/SCENARIO_DEBT_SCHEDULE.csv,scenario_debt_schedule,P6D-0132,SRC-001;SRC-002;SRC-003,P5A-014;P5A-015;P5A-016;P5A-018:P5A-032;SCN-001:SCN-009,raw_governance_record,deterministic_calculation,2025-12-12,within_cutoff,Retained debt stays at the Phase 5 conservative opening proxy because principal and interest allocation is unavailable.
P6L-01192,data/phase6/processed/SCENARIO_DEBT_SCHEDULE.csv,scenario_debt_schedule,P6D-0133,SRC-001;SRC-002;SRC-003,P5A-014;P5A-015;P5A-016;P5A-018:P5A-032;SCN-001:SCN-009,raw_governance_record,deterministic_calculation,2025-12-12,within_cutoff,Retained debt stays at the Phase 5 conservative opening proxy because principal and interest allocation is unavailable.
P6L-01193,data/phase6/processed/SCENARIO_DEBT_SCHEDULE.csv,scenario_debt_schedule,P6D-0134,SRC-001;SRC-002;SRC-003,P5A-014;P5A-015;P5A-016;P5A-018:P5A-032;SCN-001:SCN-009,raw_governance_record,deterministic_calculation,2025-12-12,within_cutoff,Retained debt stays at the Phase 5 conservative opening proxy because principal and interest allocation is unavailable.
P6L-01194,data/phase6/processed/SCENARIO_DEBT_SCHEDULE.csv,scenario_debt_schedule,P6D-0135,SRC-001;SRC-002;SRC-003,P5A-014;P5A-015;P5A-016;P5A-018:P5A-032;SCN-001:SCN-009,raw_governance_record,deterministic_calculation,2025-12-12,within_cutoff,Retained debt stays at the Phase 5 conservative opening proxy because principal and interest allocation is unavailable.
P6L-01195,data/phase6/processed/SCENARIO_DEBT_SCHEDULE.csv,scenario_debt_schedule,P6D-0136,SRC-001;SRC-002;SRC-003,P5A-014;P5A-015;P5A-016;P5A-018:P5A-032;SCN-001:SCN-009,raw_governance_record,deterministic_calculation,2025-12-12,within_cutoff,Retained debt stays at the Phase 5 conservative opening proxy because principal and interest allocation is unavailable.
P6L-01196,data/phase6/processed/SCENARIO_DEBT_SCHEDULE.csv,scenario_debt_schedule,P6D-0137,SRC-001;SRC-002;SRC-003,P5A-014;P5A-015;P5A-016;P5A-018:P5A-032;SCN-001:SCN-009,raw_governance_record,deterministic_calculation,2025-12-12,within_cutoff,Retained debt stays at the Phase 5 conservative opening proxy because principal and interest allocation is unavailable.
P6L-01197,data/phase6/processed/SCENARIO_DEBT_SCHEDULE.csv,scenario_debt_schedule,P6D-0138,SRC-001;SRC-002;SRC-003,P5A-014;P5A-015;P5A-016;P5A-018:P5A-032;SCN-001:SCN-009,raw_governance_record,deterministic_calculation,2025-12-12,within_cutoff,Retained debt stays at the Phase 5 conservative opening proxy because principal and interest allocation is unavailable.
P6L-01198,data/phase6/processed/SCENARIO_DEBT_SCHEDULE.csv,scenario_debt_schedule,P6D-0139,SRC-001;SRC-002;SRC-003,P5A-014;P5A-015;P5A-016;P5A-018:P5A-032;SCN-001:SCN-009,raw_governance_record,deterministic_calculation,2025-12-12,within_cutoff,Retained debt stays at the Phase 5 conservative opening proxy because principal and interest allocation is unavailable.
P6L-01199,data/phase6/processed/SCENARIO_DEBT_SCHEDULE.csv,scenario_debt_schedule,P6D-0140,SRC-001;SRC-002;SRC-003,P5A-014;P5A-015;P5A-016;P5A-018:P5A-032;SCN-001:SCN-009,raw_governance_record,deterministic_calculation,2025-12-12,within_cutoff,Retained debt stays at the Phase 5 conservative opening proxy because principal and interest allocation is unavailable.
P6L-01200,data/phase6/processed/SCENARIO_DEBT_SCHEDULE.csv,scenario_debt_schedule,P6D-0141,SRC-001;SRC-002;SRC-003,P5A-014;P5A-015;P5A-016;P5A-018:P5A-032;SCN-001:SCN-009,raw_governance_record,deterministic_calculation,2025-12-12,within_cutoff,Retained debt stays at the Phase 5 conservative opening proxy because principal and interest allocation is unavailable.
P6L-01201,data/phase6/processed/SCENARIO_DEBT_SCHEDULE.csv,scenario_debt_schedule,P6D-0142,SRC-001;SRC-002;SRC-003,P5A-014;P5A-015;P5A-016;P5A-018:P5A-032;SCN-001:SCN-009,raw_governance_record,deterministic_calculation,2025-12-12,within_cutoff,Retained debt stays at the Phase 5 conservative opening proxy because principal and interest allocation is unavailable.
P6L-01202,data/phase6/processed/SCENARIO_DEBT_SCHEDULE.csv,scenario_debt_schedule,P6D-0143,SRC-001;SRC-002;SRC-003,P5A-014;P5A-015;P5A-016;P5A-018:P5A-032;SCN-001:SCN-009,raw_governance_record,deterministic_calculation,2025-12-12,within_cutoff,Retained debt stays at the Phase 5 conservative opening proxy because principal and interest allocation is unavailable.
P6L-01203,data/phase6/processed/SCENARIO_DEBT_SCHEDULE.csv,scenario_debt_schedule,P6D-0144,SRC-001;SRC-002;SRC-003,P5A-014;P5A-015;P5A-016;P5A-018:P5A-032;SCN-001:SCN-009,raw_governance_record,deterministic_calculation,2025-12-12,within_cutoff,Retained debt stays at the Phase 5 conservative opening proxy because principal and interest allocation is unavailable.
P6L-01204,data/phase6/processed/SCENARIO_DEBT_SCHEDULE.csv,scenario_debt_schedule,P6D-0145,SRC-001;SRC-002;SRC-003,P5A-014;P5A-015;P5A-016;P5A-018:P5A-032;SCN-001:SCN-009,raw_governance_record,deterministic_calculation,2025-12-12,within_cutoff,Retained debt stays at the Phase 5 conservative opening proxy because principal and interest allocation is unavailable.
P6L-01205,data/phase6/processed/SCENARIO_DEBT_SCHEDULE.csv,scenario_debt_schedule,P6D-0146,SRC-001;SRC-002;SRC-003,P5A-014;P5A-015;P5A-016;P5A-018:P5A-032;SCN-001:SCN-009,raw_governance_record,deterministic_calculation,2025-12-12,within_cutoff,Retained debt stays at the Phase 5 conservative opening proxy because principal and interest allocation is unavailable.
P6L-01206,data/phase6/processed/SCENARIO_DEBT_SCHEDULE.csv,scenario_debt_schedule,P6D-0147,SRC-001;SRC-002;SRC-003,P5A-014;P5A-015;P5A-016;P5A-018:P5A-032;SCN-001:SCN-009,raw_governance_record,deterministic_calculation,2025-12-12,within_cutoff,Retained debt stays at the Phase 5 conservative opening proxy because principal and interest allocation is unavailable.
P6L-01207,data/phase6/processed/SCENARIO_DEBT_SCHEDULE.csv,scenario_debt_schedule,P6D-0148,SRC-001;SRC-002;SRC-003,P5A-014;P5A-015;P5A-016;P5A-018:P5A-032;SCN-001:SCN-009,raw_governance_record,deterministic_calculation,2025-12-12,within_cutoff,Retained debt stays at the Phase 5 conservative opening proxy because principal and interest allocation is unavailable.
P6L-01208,data/phase6/processed/SCENARIO_DEBT_SCHEDULE.csv,scenario_debt_schedule,P6D-0149,SRC-001;SRC-002;SRC-003,P5A-014;P5A-015;P5A-016;P5A-018:P5A-032;SCN-001:SCN-009,raw_governance_record,deterministic_calculation,2025-12-12,within_cutoff,Retained debt stays at the Phase 5 conservative opening proxy because principal and interest allocation is unavailable.
P6L-01209,data/phase6/processed/SCENARIO_DEBT_SCHEDULE.csv,scenario_debt_schedule,P6D-0150,SRC-001;SRC-002;SRC-003,P5A-014;P5A-015;P5A-016;P5A-018:P5A-032;SCN-001:SCN-009,raw_governance_record,deterministic_calculation,2025-12-12,within_cutoff,Retained debt stays at the Phase 5 conservative opening proxy because principal and interest allocation is unavailable.
P6L-01210,data/phase6/processed/SCENARIO_DEBT_SCHEDULE.csv,scenario_debt_schedule,P6D-0151,SRC-001;SRC-002;SRC-003,P5A-014;P5A-015;P5A-016;P5A-018:P5A-032;SCN-001:SCN-009,raw_governance_record,deterministic_calculation,2025-12-12,within_cutoff,Retained debt stays at the Phase 5 conservative opening proxy because principal and interest allocation is unavailable.
P6L-01211,data/phase6/processed/SCENARIO_DEBT_SCHEDULE.csv,scenario_debt_schedule,P6D-0152,SRC-001;SRC-002;SRC-003,P5A-014;P5A-015;P5A-016;P5A-018:P5A-032;SCN-001:SCN-009,raw_governance_record,deterministic_calculation,2025-12-12,within_cutoff,Retained debt stays at the Phase 5 conservative opening proxy because principal and interest allocation is unavailable.
P6L-01212,data/phase6/processed/SCENARIO_DEBT_SCHEDULE.csv,scenario_debt_schedule,P6D-0153,SRC-001;SRC-002;SRC-003,P5A-014;P5A-015;P5A-016;P5A-018:P5A-032;SCN-001:SCN-009,raw_governance_record,deterministic_calculation,2025-12-12,within_cutoff,Retained debt stays at the Phase 5 conservative opening proxy because principal and interest allocation is unavailable.
P6L-01213,data/phase6/processed/SCENARIO_DEBT_SCHEDULE.csv,scenario_debt_schedule,P6D-0154,SRC-001;SRC-002;SRC-003,P5A-014;P5A-015;P5A-016;P5A-018:P5A-032;SCN-001:SCN-009,raw_governance_record,deterministic_calculation,2025-12-12,within_cutoff,Retained debt stays at the Phase 5 conservative opening proxy because principal and interest allocation is unavailable.
P6L-01214,data/phase6/processed/SCENARIO_DEBT_SCHEDULE.csv,scenario_debt_schedule,P6D-0155,SRC-001;SRC-002;SRC-003,P5A-014;P5A-015;P5A-016;P5A-018:P5A-032;SCN-001:SCN-009,raw_governance_record,deterministic_calculation,2025-12-12,within_cutoff,Retained debt stays at the Phase 5 conservative opening proxy because principal and interest allocation is unavailable.
P6L-01215,data/phase6/processed/SCENARIO_DEBT_SCHEDULE.csv,scenario_debt_schedule,P6D-0156,SRC-001;SRC-002;SRC-003,P5A-014;P5A-015;P5A-016;P5A-018:P5A-032;SCN-001:SCN-009,raw_governance_record,deterministic_calculation,2025-12-12,within_cutoff,Retained debt stays at the Phase 5 conservative opening proxy because principal and interest allocation is unavailable.
P6L-01216,data/phase6/processed/SCENARIO_DEBT_SCHEDULE.csv,scenario_debt_schedule,P6D-0157,SRC-001;SRC-002;SRC-003,P5A-014;P5A-015;P5A-016;P5A-018:P5A-032;SCN-001:SCN-009,raw_governance_record,deterministic_calculation,2025-12-12,within_cutoff,Retained debt stays at the Phase 5 conservative opening proxy because principal and interest allocation is unavailable.
P6L-01217,data/phase6/processed/SCENARIO_DEBT_SCHEDULE.csv,scenario_debt_schedule,P6D-0158,SRC-001;SRC-002;SRC-003,P5A-014;P5A-015;P5A-016;P5A-018:P5A-032;SCN-001:SCN-009,raw_governance_record,deterministic_calculation,2025-12-12,within_cutoff,Retained debt stays at the Phase 5 conservative opening proxy because principal and interest allocation is unavailable.
P6L-01218,data/phase6/processed/SCENARIO_DEBT_SCHEDULE.csv,scenario_debt_schedule,P6D-0159,SRC-001;SRC-002;SRC-003,P5A-014;P5A-015;P5A-016;P5A-018:P5A-032;SCN-001:SCN-009,raw_governance_record,deterministic_calculation,2025-12-12,within_cutoff,Retained debt stays at the Phase 5 conservative opening proxy because principal and interest allocation is unavailable.
P6L-01219,data/phase6/processed/SCENARIO_DEBT_SCHEDULE.csv,scenario_debt_schedule,P6D-0160,SRC-001;SRC-002;SRC-003,P5A-014;P5A-015;P5A-016;P5A-018:P5A-032;SCN-001:SCN-009,raw_governance_record,deterministic_calculation,2025-12-12,within_cutoff,Retained debt stays at the Phase 5 conservative opening proxy because principal and interest allocation is unavailable.
P6L-01220,data/phase6/processed/SCENARIO_DEBT_SCHEDULE.csv,scenario_debt_schedule,P6D-0161,SRC-001;SRC-002;SRC-003,P5A-014;P5A-015;P5A-016;P5A-018:P5A-032;SCN-001:SCN-009,raw_governance_record,deterministic_calculation,2025-12-12,within_cutoff,Retained debt stays at the Phase 5 conservative opening proxy because principal and interest allocation is unavailable.
P6L-01221,data/phase6/processed/SCENARIO_DEBT_SCHEDULE.csv,scenario_debt_schedule,P6D-0162,SRC-001;SRC-002;SRC-003,P5A-014;P5A-015;P5A-016;P5A-018:P5A-032;SCN-001:SCN-009,raw_governance_record,deterministic_calculation,2025-12-12,within_cutoff,Retained debt stays at the Phase 5 conservative opening proxy because principal and interest allocation is unavailable.
P6L-01222,data/phase6/processed/SCENARIO_DEBT_SCHEDULE.csv,scenario_debt_schedule,P6D-0163,SRC-001;SRC-002;SRC-003,P5A-014;P5A-015;P5A-016;P5A-018:P5A-032;SCN-001:SCN-009,raw_governance_record,deterministic_calculation,2025-12-12,within_cutoff,Retained debt stays at the Phase 5 conservative opening proxy because principal and interest allocation is unavailable.
P6L-01223,data/phase6/processed/SCENARIO_DEBT_SCHEDULE.csv,scenario_debt_schedule,P6D-0164,SRC-001;SRC-002;SRC-003,P5A-014;P5A-015;P5A-016;P5A-018:P5A-032;SCN-001:SCN-009,raw_governance_record,deterministic_calculation,2025-12-12,within_cutoff,Retained debt stays at the Phase 5 conservative opening proxy because principal and interest allocation is unavailable.
P6L-01224,data/phase6/processed/SCENARIO_DEBT_SCHEDULE.csv,scenario_debt_schedule,P6D-0165,SRC-001;SRC-002;SRC-003,P5A-014;P5A-015;P5A-016;P5A-018:P5A-032;SCN-001:SCN-009,raw_governance_record,deterministic_calculation,2025-12-12,within_cutoff,Retained debt stays at the Phase 5 conservative opening proxy because principal and interest allocation is unavailable.
P6L-01225,data/phase6/processed/SCENARIO_DEBT_SCHEDULE.csv,scenario_debt_schedule,P6D-0166,SRC-001;SRC-002;SRC-003,P5A-014;P5A-015;P5A-016;P5A-018:P5A-032;SCN-001:SCN-009,raw_governance_record,deterministic_calculation,2025-12-12,within_cutoff,Retained debt stays at the Phase 5 conservative opening proxy because principal and interest allocation is unavailable.
P6L-01226,data/phase6/processed/SCENARIO_DEBT_SCHEDULE.csv,scenario_debt_schedule,P6D-0167,SRC-001;SRC-002;SRC-003,P5A-014;P5A-015;P5A-016;P5A-018:P5A-032;SCN-001:SCN-009,raw_governance_record,deterministic_calculation,2025-12-12,within_cutoff,Retained debt stays at the Phase 5 conservative opening proxy because principal and interest allocation is unavailable.
P6L-01227,data/phase6/processed/SCENARIO_DEBT_SCHEDULE.csv,scenario_debt_schedule,P6D-0168,SRC-001;SRC-002;SRC-003,P5A-014;P5A-015;P5A-016;P5A-018:P5A-032;SCN-001:SCN-009,raw_governance_record,deterministic_calculation,2025-12-12,within_cutoff,Retained debt stays at the Phase 5 conservative opening proxy because principal and interest allocation is unavailable.
P6L-01228,data/phase6/processed/SCENARIO_DEBT_SCHEDULE.csv,scenario_debt_schedule,P6D-0169,SRC-001;SRC-002;SRC-003,P5A-014;P5A-015;P5A-016;P5A-018:P5A-032;SCN-001:SCN-009,raw_governance_record,deterministic_calculation,2025-12-12,within_cutoff,Retained debt stays at the Phase 5 conservative opening proxy because principal and interest allocation is unavailable.
P6L-01229,data/phase6/processed/SCENARIO_DEBT_SCHEDULE.csv,scenario_debt_schedule,P6D-0170,SRC-001;SRC-002;SRC-003,P5A-014;P5A-015;P5A-016;P5A-018:P5A-032;SCN-001:SCN-009,raw_governance_record,deterministic_calculation,2025-12-12,within_cutoff,Retained debt stays at the Phase 5 conservative opening proxy because principal and interest allocation is unavailable.
P6L-01230,data/phase6/processed/SCENARIO_DEBT_SCHEDULE.csv,scenario_debt_schedule,P6D-0171,SRC-001;SRC-002;SRC-003,P5A-014;P5A-015;P5A-016;P5A-018:P5A-032;SCN-001:SCN-009,raw_governance_record,deterministic_calculation,2025-12-12,within_cutoff,Retained debt stays at the Phase 5 conservative opening proxy because principal and interest allocation is unavailable.
P6L-01231,data/phase6/processed/SCENARIO_DEBT_SCHEDULE.csv,scenario_debt_schedule,P6D-0172,SRC-001;SRC-002;SRC-003,P5A-014;P5A-015;P5A-016;P5A-018:P5A-032;SCN-001:SCN-009,raw_governance_record,deterministic_calculation,2025-12-12,within_cutoff,Retained debt stays at the Phase 5 conservative opening proxy because principal and interest allocation is unavailable.
P6L-01232,data/phase6/processed/SCENARIO_DEBT_SCHEDULE.csv,scenario_debt_schedule,P6D-0173,SRC-001;SRC-002;SRC-003,P5A-014;P5A-015;P5A-016;P5A-018:P5A-032;SCN-001:SCN-009,raw_governance_record,deterministic_calculation,2025-12-12,within_cutoff,Retained debt stays at the Phase 5 conservative opening proxy because principal and interest allocation is unavailable.
P6L-01233,data/phase6/processed/SCENARIO_DEBT_SCHEDULE.csv,scenario_debt_schedule,P6D-0174,SRC-001;SRC-002;SRC-003,P5A-014;P5A-015;P5A-016;P5A-018:P5A-032;SCN-001:SCN-009,raw_governance_record,deterministic_calculation,2025-12-12,within_cutoff,Retained debt stays at the Phase 5 conservative opening proxy because principal and interest allocation is unavailable.
P6L-01234,data/phase6/processed/SCENARIO_DEBT_SCHEDULE.csv,scenario_debt_schedule,P6D-0175,SRC-001;SRC-002;SRC-003,P5A-014;P5A-015;P5A-016;P5A-018:P5A-032;SCN-001:SCN-009,raw_governance_record,deterministic_calculation,2025-12-12,within_cutoff,Retained debt stays at the Phase 5 conservative opening proxy because principal and interest allocation is unavailable.
P6L-01235,data/phase6/processed/SCENARIO_DEBT_SCHEDULE.csv,scenario_debt_schedule,P6D-0176,SRC-001;SRC-002;SRC-003,P5A-014;P5A-015;P5A-016;P5A-018:P5A-032;SCN-001:SCN-009,raw_governance_record,deterministic_calculation,2025-12-12,within_cutoff,Retained debt stays at the Phase 5 conservative opening proxy because principal and interest allocation is unavailable.
P6L-01236,data/phase6/processed/SCENARIO_DEBT_SCHEDULE.csv,scenario_debt_schedule,P6D-0177,SRC-001;SRC-002;SRC-003,P5A-014;P5A-015;P5A-016;P5A-018:P5A-032;SCN-001:SCN-009,raw_governance_record,deterministic_calculation,2025-12-12,within_cutoff,Retained debt stays at the Phase 5 conservative opening proxy because principal and interest allocation is unavailable.
P6L-01237,data/phase6/processed/SCENARIO_DEBT_SCHEDULE.csv,scenario_debt_schedule,P6D-0178,SRC-001;SRC-002;SRC-003,P5A-014;P5A-015;P5A-016;P5A-018:P5A-032;SCN-001:SCN-009,raw_governance_record,deterministic_calculation,2025-12-12,within_cutoff,Retained debt stays at the Phase 5 conservative opening proxy because principal and interest allocation is unavailable.
P6L-01238,data/phase6/processed/SCENARIO_DEBT_SCHEDULE.csv,scenario_debt_schedule,P6D-0179,SRC-001;SRC-002;SRC-003,P5A-014;P5A-015;P5A-016;P5A-018:P5A-032;SCN-001:SCN-009,raw_governance_record,deterministic_calculation,2025-12-12,within_cutoff,Retained debt stays at the Phase 5 conservative opening proxy because principal and interest allocation is unavailable.
P6L-01239,data/phase6/processed/SCENARIO_DEBT_SCHEDULE.csv,scenario_debt_schedule,P6D-0180,SRC-001;SRC-002;SRC-003,P5A-014;P5A-015;P5A-016;P5A-018:P5A-032;SCN-001:SCN-009,raw_governance_record,deterministic_calculation,2025-12-12,within_cutoff,Retained debt stays at the Phase 5 conservative opening proxy because principal and interest allocation is unavailable.
P6L-01240,data/phase6/processed/SCENARIO_DEBT_SCHEDULE.csv,scenario_debt_schedule,P6D-0181,SRC-001;SRC-002;SRC-003,P5A-014;P5A-015;P5A-016;P5A-018:P5A-032;SCN-001:SCN-009,raw_governance_record,deterministic_calculation,2025-12-12,within_cutoff,Retained debt stays at the Phase 5 conservative opening proxy because principal and interest allocation is unavailable.
P6L-01241,data/phase6/processed/SCENARIO_DEBT_SCHEDULE.csv,scenario_debt_schedule,P6D-0182,SRC-001;SRC-002;SRC-003,P5A-014;P5A-015;P5A-016;P5A-018:P5A-032;SCN-001:SCN-009,raw_governance_record,deterministic_calculation,2025-12-12,within_cutoff,Retained debt stays at the Phase 5 conservative opening proxy because principal and interest allocation is unavailable.
P6L-01242,data/phase6/processed/SCENARIO_DEBT_SCHEDULE.csv,scenario_debt_schedule,P6D-0183,SRC-001;SRC-002;SRC-003,P5A-014;P5A-015;P5A-016;P5A-018:P5A-032;SCN-001:SCN-009,raw_governance_record,deterministic_calculation,2025-12-12,within_cutoff,Retained debt stays at the Phase 5 conservative opening proxy because principal and interest allocation is unavailable.
P6L-01243,data/phase6/processed/SCENARIO_DEBT_SCHEDULE.csv,scenario_debt_schedule,P6D-0184,SRC-001;SRC-002;SRC-003,P5A-014;P5A-015;P5A-016;P5A-018:P5A-032;SCN-001:SCN-009,raw_governance_record,deterministic_calculation,2025-12-12,within_cutoff,Retained debt stays at the Phase 5 conservative opening proxy because principal and interest allocation is unavailable.
P6L-01244,data/phase6/processed/SCENARIO_DEBT_SCHEDULE.csv,scenario_debt_schedule,P6D-0185,SRC-001;SRC-002;SRC-003,P5A-014;P5A-015;P5A-016;P5A-018:P5A-032;SCN-001:SCN-009,raw_governance_record,deterministic_calculation,2025-12-12,within_cutoff,Retained debt stays at the Phase 5 conservative opening proxy because principal and interest allocation is unavailable.
P6L-01245,data/phase6/processed/SCENARIO_DEBT_SCHEDULE.csv,scenario_debt_schedule,P6D-0186,SRC-001;SRC-002;SRC-003,P5A-014;P5A-015;P5A-016;P5A-018:P5A-032;SCN-001:SCN-009,raw_governance_record,deterministic_calculation,2025-12-12,within_cutoff,Retained debt stays at the Phase 5 conservative opening proxy because principal and interest allocation is unavailable.
P6L-01246,data/phase6/processed/SCENARIO_DEBT_SCHEDULE.csv,scenario_debt_schedule,P6D-0187,SRC-001;SRC-002;SRC-003,P5A-014;P5A-015;P5A-016;P5A-018:P5A-032;SCN-001:SCN-009,raw_governance_record,deterministic_calculation,2025-12-12,within_cutoff,Retained debt stays at the Phase 5 conservative opening proxy because principal and interest allocation is unavailable.
P6L-01247,data/phase6/processed/SCENARIO_DEBT_SCHEDULE.csv,scenario_debt_schedule,P6D-0188,SRC-001;SRC-002;SRC-003,P5A-014;P5A-015;P5A-016;P5A-018:P5A-032;SCN-001:SCN-009,raw_governance_record,deterministic_calculation,2025-12-12,within_cutoff,Retained debt stays at the Phase 5 conservative opening proxy because principal and interest allocation is unavailable.
P6L-01248,data/phase6/processed/SCENARIO_DEBT_SCHEDULE.csv,scenario_debt_schedule,P6D-0189,SRC-001;SRC-002;SRC-003,P5A-014;P5A-015;P5A-016;P5A-018:P5A-032;SCN-001:SCN-009,raw_governance_record,deterministic_calculation,2025-12-12,within_cutoff,Retained debt stays at the Phase 5 conservative opening proxy because principal and interest allocation is unavailable.
P6L-01249,data/phase6/processed/SCENARIO_DEBT_SCHEDULE.csv,scenario_debt_schedule,P6D-0190,SRC-001;SRC-002;SRC-003,P5A-014;P5A-015;P5A-016;P5A-018:P5A-032;SCN-001:SCN-009,raw_governance_record,deterministic_calculation,2025-12-12,within_cutoff,Retained debt stays at the Phase 5 conservative opening proxy because principal and interest allocation is unavailable.
P6L-01250,data/phase6/processed/SCENARIO_DEBT_SCHEDULE.csv,scenario_debt_schedule,P6D-0191,SRC-001;SRC-002;SRC-003,P5A-014;P5A-015;P5A-016;P5A-018:P5A-032;SCN-001:SCN-009,raw_governance_record,deterministic_calculation,2025-12-12,within_cutoff,Retained debt stays at the Phase 5 conservative opening proxy because principal and interest allocation is unavailable.
P6L-01251,data/phase6/processed/SCENARIO_DEBT_SCHEDULE.csv,scenario_debt_schedule,P6D-0192,SRC-001;SRC-002;SRC-003,P5A-014;P5A-015;P5A-016;P5A-018:P5A-032;SCN-001:SCN-009,raw_governance_record,deterministic_calculation,2025-12-12,within_cutoff,Retained debt stays at the Phase 5 conservative opening proxy because principal and interest allocation is unavailable.
P6L-01252,data/phase6/processed/SCENARIO_DEBT_SCHEDULE.csv,scenario_debt_schedule,P6D-0193,SRC-001;SRC-002;SRC-003,P5A-014;P5A-015;P5A-016;P5A-018:P5A-032;SCN-001:SCN-009,raw_governance_record,deterministic_calculation,2025-12-12,within_cutoff,Retained debt stays at the Phase 5 conservative opening proxy because principal and interest allocation is unavailable.
P6L-01253,data/phase6/processed/SCENARIO_DEBT_SCHEDULE.csv,scenario_debt_schedule,P6D-0194,SRC-001;SRC-002;SRC-003,P5A-014;P5A-015;P5A-016;P5A-018:P5A-032;SCN-001:SCN-009,raw_governance_record,deterministic_calculation,2025-12-12,within_cutoff,Retained debt stays at the Phase 5 conservative opening proxy because principal and interest allocation is unavailable.
P6L-01254,data/phase6/processed/SCENARIO_DEBT_SCHEDULE.csv,scenario_debt_schedule,P6D-0195,SRC-001;SRC-002;SRC-003,P5A-014;P5A-015;P5A-016;P5A-018:P5A-032;SCN-001:SCN-009,raw_governance_record,deterministic_calculation,2025-12-12,within_cutoff,Retained debt stays at the Phase 5 conservative opening proxy because principal and interest allocation is unavailable.
P6L-01255,data/phase6/processed/SCENARIO_DEBT_SCHEDULE.csv,scenario_debt_schedule,P6D-0196,SRC-001;SRC-002;SRC-003,P5A-014;P5A-015;P5A-016;P5A-018:P5A-032;SCN-001:SCN-009,raw_governance_record,deterministic_calculation,2025-12-12,within_cutoff,Retained debt stays at the Phase 5 conservative opening proxy because principal and interest allocation is unavailable.
P6L-01256,data/phase6/processed/SCENARIO_DEBT_SCHEDULE.csv,scenario_debt_schedule,P6D-0197,SRC-001;SRC-002;SRC-003,P5A-014;P5A-015;P5A-016;P5A-018:P5A-032;SCN-001:SCN-009,raw_governance_record,deterministic_calculation,2025-12-12,within_cutoff,Retained debt stays at the Phase 5 conservative opening proxy because principal and interest allocation is unavailable.
P6L-01257,data/phase6/processed/SCENARIO_DEBT_SCHEDULE.csv,scenario_debt_schedule,P6D-0198,SRC-001;SRC-002;SRC-003,P5A-014;P5A-015;P5A-016;P5A-018:P5A-032;SCN-001:SCN-009,raw_governance_record,deterministic_calculation,2025-12-12,within_cutoff,Retained debt stays at the Phase 5 conservative opening proxy because principal and interest allocation is unavailable.
P6L-01258,data/phase6/processed/SCENARIO_DEBT_SCHEDULE.csv,scenario_debt_schedule,P6D-0199,SRC-001;SRC-002;SRC-003,P5A-014;P5A-015;P5A-016;P5A-018:P5A-032;SCN-001:SCN-009,raw_governance_record,deterministic_calculation,2025-12-12,within_cutoff,Retained debt stays at the Phase 5 conservative opening proxy because principal and interest allocation is unavailable.
P6L-01259,data/phase6/processed/SCENARIO_DEBT_SCHEDULE.csv,scenario_debt_schedule,P6D-0200,SRC-001;SRC-002;SRC-003,P5A-014;P5A-015;P5A-016;P5A-018:P5A-032;SCN-001:SCN-009,raw_governance_record,deterministic_calculation,2025-12-12,within_cutoff,Retained debt stays at the Phase 5 conservative opening proxy because principal and interest allocation is unavailable.
P6L-01260,data/phase6/processed/SCENARIO_DEBT_SCHEDULE.csv,scenario_debt_schedule,P6D-0201,SRC-001;SRC-002;SRC-003,P5A-014;P5A-015;P5A-016;P5A-018:P5A-032;SCN-001:SCN-009,raw_governance_record,deterministic_calculation,2025-12-12,within_cutoff,Retained debt stays at the Phase 5 conservative opening proxy because principal and interest allocation is unavailable.
P6L-01261,data/phase6/processed/SCENARIO_DEBT_SCHEDULE.csv,scenario_debt_schedule,P6D-0202,SRC-001;SRC-002;SRC-003,P5A-014;P5A-015;P5A-016;P5A-018:P5A-032;SCN-001:SCN-009,raw_governance_record,deterministic_calculation,2025-12-12,within_cutoff,Retained debt stays at the Phase 5 conservative opening proxy because principal and interest allocation is unavailable.
P6L-01262,data/phase6/processed/SCENARIO_DEBT_SCHEDULE.csv,scenario_debt_schedule,P6D-0203,SRC-001;SRC-002;SRC-003,P5A-014;P5A-015;P5A-016;P5A-018:P5A-032;SCN-001:SCN-009,raw_governance_record,deterministic_calculation,2025-12-12,within_cutoff,Retained debt stays at the Phase 5 conservative opening proxy because principal and interest allocation is unavailable.
P6L-01263,data/phase6/processed/SCENARIO_DEBT_SCHEDULE.csv,scenario_debt_schedule,P6D-0204,SRC-001;SRC-002;SRC-003,P5A-014;P5A-015;P5A-016;P5A-018:P5A-032;SCN-001:SCN-009,raw_governance_record,deterministic_calculation,2025-12-12,within_cutoff,Retained debt stays at the Phase 5 conservative opening proxy because principal and interest allocation is unavailable.
P6L-01264,data/phase6/processed/SCENARIO_DEBT_SCHEDULE.csv,scenario_debt_schedule,P6D-0205,SRC-001;SRC-002;SRC-003,P5A-014;P5A-015;P5A-016;P5A-018:P5A-032;SCN-001:SCN-009,raw_governance_record,deterministic_calculation,2025-12-12,within_cutoff,Retained debt stays at the Phase 5 conservative opening proxy because principal and interest allocation is unavailable.
P6L-01265,data/phase6/processed/SCENARIO_DEBT_SCHEDULE.csv,scenario_debt_schedule,P6D-0206,SRC-001;SRC-002;SRC-003,P5A-014;P5A-015;P5A-016;P5A-018:P5A-032;SCN-001:SCN-009,raw_governance_record,deterministic_calculation,2025-12-12,within_cutoff,Retained debt stays at the Phase 5 conservative opening proxy because principal and interest allocation is unavailable.
P6L-01266,data/phase6/processed/SCENARIO_DEBT_SCHEDULE.csv,scenario_debt_schedule,P6D-0207,SRC-001;SRC-002;SRC-003,P5A-014;P5A-015;P5A-016;P5A-018:P5A-032;SCN-001:SCN-009,raw_governance_record,deterministic_calculation,2025-12-12,within_cutoff,Retained debt stays at the Phase 5 conservative opening proxy because principal and interest allocation is unavailable.
P6L-01267,data/phase6/processed/SCENARIO_DEBT_SCHEDULE.csv,scenario_debt_schedule,P6D-0208,SRC-001;SRC-002;SRC-003,P5A-014;P5A-015;P5A-016;P5A-018:P5A-032;SCN-001:SCN-009,raw_governance_record,deterministic_calculation,2025-12-12,within_cutoff,Retained debt stays at the Phase 5 conservative opening proxy because principal and interest allocation is unavailable.
P6L-01268,data/phase6/processed/SCENARIO_DEBT_SCHEDULE.csv,scenario_debt_schedule,P6D-0209,SRC-001;SRC-002;SRC-003,P5A-014;P5A-015;P5A-016;P5A-018:P5A-032;SCN-001:SCN-009,raw_governance_record,deterministic_calculation,2025-12-12,within_cutoff,Retained debt stays at the Phase 5 conservative opening proxy because principal and interest allocation is unavailable.
P6L-01269,data/phase6/processed/SCENARIO_DEBT_SCHEDULE.csv,scenario_debt_schedule,P6D-0210,SRC-001;SRC-002;SRC-003,P5A-014;P5A-015;P5A-016;P5A-018:P5A-032;SCN-001:SCN-009,raw_governance_record,deterministic_calculation,2025-12-12,within_cutoff,Retained debt stays at the Phase 5 conservative opening proxy because principal and interest allocation is unavailable.
P6L-01270,data/phase6/processed/SCENARIO_DEBT_SCHEDULE.csv,scenario_debt_schedule,P6D-0211,SRC-001;SRC-002;SRC-003,P5A-014;P5A-015;P5A-016;P5A-018:P5A-032;SCN-001:SCN-009,raw_governance_record,deterministic_calculation,2025-12-12,within_cutoff,Retained debt stays at the Phase 5 conservative opening proxy because principal and interest allocation is unavailable.
P6L-01271,data/phase6/processed/SCENARIO_DEBT_SCHEDULE.csv,scenario_debt_schedule,P6D-0212,SRC-001;SRC-002;SRC-003,P5A-014;P5A-015;P5A-016;P5A-018:P5A-032;SCN-001:SCN-009,raw_governance_record,deterministic_calculation,2025-12-12,within_cutoff,Retained debt stays at the Phase 5 conservative opening proxy because principal and interest allocation is unavailable.
P6L-01272,data/phase6/processed/SCENARIO_DEBT_SCHEDULE.csv,scenario_debt_schedule,P6D-0213,SRC-001;SRC-002;SRC-003,P5A-014;P5A-015;P5A-016;P5A-018:P5A-032;SCN-001:SCN-009,raw_governance_record,deterministic_calculation,2025-12-12,within_cutoff,Retained debt stays at the Phase 5 conservative opening proxy because principal and interest allocation is unavailable.
P6L-01273,data/phase6/processed/SCENARIO_DEBT_SCHEDULE.csv,scenario_debt_schedule,P6D-0214,SRC-001;SRC-002;SRC-003,P5A-014;P5A-015;P5A-016;P5A-018:P5A-032;SCN-001:SCN-009,raw_governance_record,deterministic_calculation,2025-12-12,within_cutoff,Retained debt stays at the Phase 5 conservative opening proxy because principal and interest allocation is unavailable.
P6L-01274,data/phase6/processed/SCENARIO_DEBT_SCHEDULE.csv,scenario_debt_schedule,P6D-0215,SRC-001;SRC-002;SRC-003,P5A-014;P5A-015;P5A-016;P5A-018:P5A-032;SCN-001:SCN-009,raw_governance_record,deterministic_calculation,2025-12-12,within_cutoff,Retained debt stays at the Phase 5 conservative opening proxy because principal and interest allocation is unavailable.
P6L-01275,data/phase6/processed/SCENARIO_DEBT_SCHEDULE.csv,scenario_debt_schedule,P6D-0216,SRC-001;SRC-002;SRC-003,P5A-014;P5A-015;P5A-016;P5A-018:P5A-032;SCN-001:SCN-009,raw_governance_record,deterministic_calculation,2025-12-12,within_cutoff,Retained debt stays at the Phase 5 conservative opening proxy because principal and interest allocation is unavailable.
P6L-01276,data/phase6/processed/SCENARIO_DEBT_SCHEDULE.csv,scenario_debt_schedule,P6D-0217,SRC-001;SRC-002;SRC-003,P5A-014;P5A-015;P5A-016;P5A-018:P5A-032;SCN-001:SCN-009,raw_governance_record,deterministic_calculation,2025-12-12,within_cutoff,Retained debt stays at the Phase 5 conservative opening proxy because principal and interest allocation is unavailable.
P6L-01277,data/phase6/processed/SCENARIO_DEBT_SCHEDULE.csv,scenario_debt_schedule,P6D-0218,SRC-001;SRC-002;SRC-003,P5A-014;P5A-015;P5A-016;P5A-018:P5A-032;SCN-001:SCN-009,raw_governance_record,deterministic_calculation,2025-12-12,within_cutoff,Retained debt stays at the Phase 5 conservative opening proxy because principal and interest allocation is unavailable.
P6L-01278,data/phase6/processed/SCENARIO_DEBT_SCHEDULE.csv,scenario_debt_schedule,P6D-0219,SRC-001;SRC-002;SRC-003,P5A-014;P5A-015;P5A-016;P5A-018:P5A-032;SCN-001:SCN-009,raw_governance_record,deterministic_calculation,2025-12-12,within_cutoff,Retained debt stays at the Phase 5 conservative opening proxy because principal and interest allocation is unavailable.
P6L-01279,data/phase6/processed/SCENARIO_DEBT_SCHEDULE.csv,scenario_debt_schedule,P6D-0220,SRC-001;SRC-002;SRC-003,P5A-014;P5A-015;P5A-016;P5A-018:P5A-032;SCN-001:SCN-009,raw_governance_record,deterministic_calculation,2025-12-12,within_cutoff,Retained debt stays at the Phase 5 conservative opening proxy because principal and interest allocation is unavailable.
P6L-01280,data/phase6/processed/SCENARIO_DEBT_SCHEDULE.csv,scenario_debt_schedule,P6D-0221,SRC-001;SRC-002;SRC-003,P5A-014;P5A-015;P5A-016;P5A-018:P5A-032;SCN-001:SCN-009,raw_governance_record,deterministic_calculation,2025-12-12,within_cutoff,Retained debt stays at the Phase 5 conservative opening proxy because principal and interest allocation is unavailable.
P6L-01281,data/phase6/processed/SCENARIO_DEBT_SCHEDULE.csv,scenario_debt_schedule,P6D-0222,SRC-001;SRC-002;SRC-003,P5A-014;P5A-015;P5A-016;P5A-018:P5A-032;SCN-001:SCN-009,raw_governance_record,deterministic_calculation,2025-12-12,within_cutoff,Retained debt stays at the Phase 5 conservative opening proxy because principal and interest allocation is unavailable.
P6L-01282,data/phase6/processed/SCENARIO_DEBT_SCHEDULE.csv,scenario_debt_schedule,P6D-0223,SRC-001;SRC-002;SRC-003,P5A-014;P5A-015;P5A-016;P5A-018:P5A-032;SCN-001:SCN-009,raw_governance_record,deterministic_calculation,2025-12-12,within_cutoff,Retained debt stays at the Phase 5 conservative opening proxy because principal and interest allocation is unavailable.
P6L-01283,data/phase6/processed/SCENARIO_DEBT_SCHEDULE.csv,scenario_debt_schedule,P6D-0224,SRC-001;SRC-002;SRC-003,P5A-014;P5A-015;P5A-016;P5A-018:P5A-032;SCN-001:SCN-009,raw_governance_record,deterministic_calculation,2025-12-12,within_cutoff,Retained debt stays at the Phase 5 conservative opening proxy because principal and interest allocation is unavailable.
P6L-01284,data/phase6/processed/SCENARIO_DEBT_SCHEDULE.csv,scenario_debt_schedule,P6D-0225,SRC-001;SRC-002;SRC-003,P5A-014;P5A-015;P5A-016;P5A-018:P5A-032;SCN-001:SCN-009,raw_governance_record,deterministic_calculation,2025-12-12,within_cutoff,Retained debt stays at the Phase 5 conservative opening proxy because principal and interest allocation is unavailable.
P6L-01285,data/phase6/processed/SCENARIO_DEBT_SCHEDULE.csv,scenario_debt_schedule,P6D-0226,SRC-001;SRC-002;SRC-003,P5A-014;P5A-015;P5A-016;P5A-018:P5A-032;SCN-001:SCN-009,raw_governance_record,deterministic_calculation,2025-12-12,within_cutoff,Retained debt stays at the Phase 5 conservative opening proxy because principal and interest allocation is unavailable.
P6L-01286,data/phase6/processed/SCENARIO_DEBT_SCHEDULE.csv,scenario_debt_schedule,P6D-0227,SRC-001;SRC-002;SRC-003,P5A-014;P5A-015;P5A-016;P5A-018:P5A-032;SCN-001:SCN-009,raw_governance_record,deterministic_calculation,2025-12-12,within_cutoff,Retained debt stays at the Phase 5 conservative opening proxy because principal and interest allocation is unavailable.
P6L-01287,data/phase6/processed/SCENARIO_DEBT_SCHEDULE.csv,scenario_debt_schedule,P6D-0228,SRC-001;SRC-002;SRC-003,P5A-014;P5A-015;P5A-016;P5A-018:P5A-032;SCN-001:SCN-009,raw_governance_record,deterministic_calculation,2025-12-12,within_cutoff,Retained debt stays at the Phase 5 conservative opening proxy because principal and interest allocation is unavailable.
P6L-01288,data/phase6/processed/SCENARIO_DEBT_SCHEDULE.csv,scenario_debt_schedule,P6D-0229,SRC-001;SRC-002;SRC-003,P5A-014;P5A-015;P5A-016;P5A-018:P5A-032;SCN-001:SCN-009,raw_governance_record,deterministic_calculation,2025-12-12,within_cutoff,Retained debt stays at the Phase 5 conservative opening proxy because principal and interest allocation is unavailable.
P6L-01289,data/phase6/processed/SCENARIO_DEBT_SCHEDULE.csv,scenario_debt_schedule,P6D-0230,SRC-001;SRC-002;SRC-003,P5A-014;P5A-015;P5A-016;P5A-018:P5A-032;SCN-001:SCN-009,raw_governance_record,deterministic_calculation,2025-12-12,within_cutoff,Retained debt stays at the Phase 5 conservative opening proxy because principal and interest allocation is unavailable.
P6L-01290,data/phase6/processed/SCENARIO_DEBT_SCHEDULE.csv,scenario_debt_schedule,P6D-0231,SRC-001;SRC-002;SRC-003,P5A-014;P5A-015;P5A-016;P5A-018:P5A-032;SCN-001:SCN-009,raw_governance_record,deterministic_calculation,2025-12-12,within_cutoff,Retained debt stays at the Phase 5 conservative opening proxy because principal and interest allocation is unavailable.
P6L-01291,data/phase6/processed/SCENARIO_DEBT_SCHEDULE.csv,scenario_debt_schedule,P6D-0232,SRC-001;SRC-002;SRC-003,P5A-014;P5A-015;P5A-016;P5A-018:P5A-032;SCN-001:SCN-009,raw_governance_record,deterministic_calculation,2025-12-12,within_cutoff,Retained debt stays at the Phase 5 conservative opening proxy because principal and interest allocation is unavailable.
P6L-01292,data/phase6/processed/SCENARIO_DEBT_SCHEDULE.csv,scenario_debt_schedule,P6D-0233,SRC-001;SRC-002;SRC-003,P5A-014;P5A-015;P5A-016;P5A-018:P5A-032;SCN-001:SCN-009,raw_governance_record,deterministic_calculation,2025-12-12,within_cutoff,Retained debt stays at the Phase 5 conservative opening proxy because principal and interest allocation is unavailable.
P6L-01293,data/phase6/processed/SCENARIO_DEBT_SCHEDULE.csv,scenario_debt_schedule,P6D-0234,SRC-001;SRC-002;SRC-003,P5A-014;P5A-015;P5A-016;P5A-018:P5A-032;SCN-001:SCN-009,raw_governance_record,deterministic_calculation,2025-12-12,within_cutoff,Retained debt stays at the Phase 5 conservative opening proxy because principal and interest allocation is unavailable.
P6L-01294,data/phase6/processed/SCENARIO_DEBT_SCHEDULE.csv,scenario_debt_schedule,P6D-0235,SRC-001;SRC-002;SRC-003,P5A-014;P5A-015;P5A-016;P5A-018:P5A-032;SCN-001:SCN-009,raw_governance_record,deterministic_calculation,2025-12-12,within_cutoff,Retained debt stays at the Phase 5 conservative opening proxy because principal and interest allocation is unavailable.
P6L-01295,data/phase6/processed/SCENARIO_DEBT_SCHEDULE.csv,scenario_debt_schedule,P6D-0236,SRC-001;SRC-002;SRC-003,P5A-014;P5A-015;P5A-016;P5A-018:P5A-032;SCN-001:SCN-009,raw_governance_record,deterministic_calculation,2025-12-12,within_cutoff,Retained debt stays at the Phase 5 conservative opening proxy because principal and interest allocation is unavailable.
P6L-01296,data/phase6/processed/SCENARIO_DEBT_SCHEDULE.csv,scenario_debt_schedule,P6D-0237,SRC-001;SRC-002;SRC-003,P5A-014;P5A-015;P5A-016;P5A-018:P5A-032;SCN-001:SCN-009,raw_governance_record,deterministic_calculation,2025-12-12,within_cutoff,Retained debt stays at the Phase 5 conservative opening proxy because principal and interest allocation is unavailable.
P6L-01297,data/phase6/processed/SCENARIO_DEBT_SCHEDULE.csv,scenario_debt_schedule,P6D-0238,SRC-001;SRC-002;SRC-003,P5A-014;P5A-015;P5A-016;P5A-018:P5A-032;SCN-001:SCN-009,raw_governance_record,deterministic_calculation,2025-12-12,within_cutoff,Retained debt stays at the Phase 5 conservative opening proxy because principal and interest allocation is unavailable.
P6L-01298,data/phase6/processed/FIRST_DISTRESS_EVENTS.csv,first_distress_event,P6E-0001,SRC-001;SRC-002;SRC-003,BASE,chronological_analytical_event_not_contractual_default,deterministic_calculation,2025-12-12,within_cutoff,"Mandatory payment failure excludes missed dividends and repurchases. Maturity shortfall, analytical warnings and drawability conventions remain separately classified and are not official covenant conclusions."
P6L-01299,data/phase6/processed/FIRST_DISTRESS_EVENTS.csv,first_distress_event,P6E-0002,SRC-001;SRC-002;SRC-003,P6M-BASE-P-0003,chronological_analytical_event_not_contractual_default,deterministic_calculation,2025-12-12,within_cutoff,"Mandatory payment failure excludes missed dividends and repurchases. Maturity shortfall, analytical warnings and drawability conventions remain separately classified and are not official covenant conclusions."
P6L-01300,data/phase6/processed/FIRST_DISTRESS_EVENTS.csv,first_distress_event,P6E-0003,SRC-001;SRC-002;SRC-003,P6M-BASE-P-0001,chronological_analytical_event_not_contractual_default,deterministic_calculation,2025-12-12,within_cutoff,"Mandatory payment failure excludes missed dividends and repurchases. Maturity shortfall, analytical warnings and drawability conventions remain separately classified and are not official covenant conclusions."
P6L-01301,data/phase6/processed/FIRST_DISTRESS_EVENTS.csv,first_distress_event,P6E-0004,SRC-001;SRC-002;SRC-003,P6M-BASE-P-0024,chronological_analytical_event_not_contractual_default,deterministic_calculation,2025-12-12,within_cutoff,"Mandatory payment failure excludes missed dividends and repurchases. Maturity shortfall, analytical warnings and drawability conventions remain separately classified and are not official covenant conclusions."
P6L-01302,data/phase6/processed/FIRST_DISTRESS_EVENTS.csv,first_distress_event,P6E-0005,SRC-001;SRC-002;SRC-003,P6M-BASE-P-0024,chronological_analytical_event_not_contractual_default,deterministic_calculation,2025-12-12,within_cutoff,"Mandatory payment failure excludes missed dividends and repurchases. Maturity shortfall, analytical warnings and drawability conventions remain separately classified and are not official covenant conclusions."
P6L-01303,data/phase6/processed/FIRST_DISTRESS_EVENTS.csv,first_distress_event,P6E-0006,SRC-001;SRC-002;SRC-003,BASE,chronological_analytical_event_not_contractual_default,deterministic_calculation,2025-12-12,within_cutoff,"Mandatory payment failure excludes missed dividends and repurchases. Maturity shortfall, analytical warnings and drawability conventions remain separately classified and are not official covenant conclusions."
P6L-01304,data/phase6/processed/FIRST_DISTRESS_EVENTS.csv,first_distress_event,P6E-0007,SRC-001;SRC-002;SRC-003,BASE,chronological_analytical_event_not_contractual_default,deterministic_calculation,2025-12-12,within_cutoff,"Mandatory payment failure excludes missed dividends and repurchases. Maturity shortfall, analytical warnings and drawability conventions remain separately classified and are not official covenant conclusions."
P6L-01305,data/phase6/processed/FIRST_DISTRESS_EVENTS.csv,first_distress_event,P6E-0008,SRC-001;SRC-002;SRC-003,BASE,chronological_analytical_event_not_contractual_default,deterministic_calculation,2025-12-12,within_cutoff,"Mandatory payment failure excludes missed dividends and repurchases. Maturity shortfall, analytical warnings and drawability conventions remain separately classified and are not official covenant conclusions."
P6L-01306,data/phase6/processed/FIRST_DISTRESS_EVENTS.csv,first_distress_event,P6E-0009,SRC-001;SRC-002;SRC-003,BASE,chronological_analytical_event_not_contractual_default,deterministic_calculation,2025-12-12,within_cutoff,"Mandatory payment failure excludes missed dividends and repurchases. Maturity shortfall, analytical warnings and drawability conventions remain separately classified and are not official covenant conclusions."
P6L-01307,data/phase6/processed/FIRST_DISTRESS_EVENTS.csv,first_distress_event,P6E-0010,SRC-001;SRC-002;SRC-003,BASE,chronological_analytical_event_not_contractual_default,deterministic_calculation,2025-12-12,within_cutoff,"Mandatory payment failure excludes missed dividends and repurchases. Maturity shortfall, analytical warnings and drawability conventions remain separately classified and are not official covenant conclusions."
P6L-01308,data/phase6/processed/FIRST_DISTRESS_EVENTS.csv,first_distress_event,P6E-0011,SRC-001;SRC-002;SRC-003,BASE,chronological_analytical_event_not_contractual_default,deterministic_calculation,2025-12-12,within_cutoff,"Mandatory payment failure excludes missed dividends and repurchases. Maturity shortfall, analytical warnings and drawability conventions remain separately classified and are not official covenant conclusions."
P6L-01309,data/phase6/processed/FIRST_DISTRESS_EVENTS.csv,first_distress_event,P6E-0012,SRC-001;SRC-002;SRC-003,BASE,chronological_analytical_event_not_contractual_default,deterministic_calculation,2025-12-12,within_cutoff,"Mandatory payment failure excludes missed dividends and repurchases. Maturity shortfall, analytical warnings and drawability conventions remain separately classified and are not official covenant conclusions."
P6L-01310,data/phase6/processed/FIRST_DISTRESS_EVENTS.csv,first_distress_event,P6E-0013,SRC-001;SRC-002;SRC-003,BASE,chronological_analytical_event_not_contractual_default,deterministic_calculation,2025-12-12,within_cutoff,"Mandatory payment failure excludes missed dividends and repurchases. Maturity shortfall, analytical warnings and drawability conventions remain separately classified and are not official covenant conclusions."
P6L-01311,data/phase6/processed/FIRST_DISTRESS_EVENTS.csv,first_distress_event,P6E-0014,SRC-001;SRC-002;SRC-003,BASE,chronological_analytical_event_not_contractual_default,deterministic_calculation,2025-12-12,within_cutoff,"Mandatory payment failure excludes missed dividends and repurchases. Maturity shortfall, analytical warnings and drawability conventions remain separately classified and are not official covenant conclusions."
P6L-01312,data/phase6/processed/FIRST_DISTRESS_EVENTS.csv,first_distress_event,P6E-0015,SRC-001;SRC-002;SRC-003,BASE,chronological_analytical_event_not_contractual_default,deterministic_calculation,2025-12-12,within_cutoff,"Mandatory payment failure excludes missed dividends and repurchases. Maturity shortfall, analytical warnings and drawability conventions remain separately classified and are not official covenant conclusions."
P6L-01313,data/phase6/processed/FIRST_DISTRESS_EVENTS.csv,first_distress_event,P6E-0016,SRC-001;SRC-002;SRC-003,P6M-BASE-P-0001,chronological_analytical_event_not_contractual_default,deterministic_calculation,2025-12-12,within_cutoff,"Mandatory payment failure excludes missed dividends and repurchases. Maturity shortfall, analytical warnings and drawability conventions remain separately classified and are not official covenant conclusions."
P6L-01314,data/phase6/processed/FIRST_DISTRESS_EVENTS.csv,first_distress_event,P6E-0017,SRC-001;SRC-002;SRC-003,BASE,chronological_analytical_event_not_contractual_default,deterministic_calculation,2025-12-12,within_cutoff,"Mandatory payment failure excludes missed dividends and repurchases. Maturity shortfall, analytical warnings and drawability conventions remain separately classified and are not official covenant conclusions."
P6L-01315,data/phase6/processed/FIRST_DISTRESS_EVENTS.csv,first_distress_event,P6E-0018,SRC-001;SRC-002;SRC-003,P6M-BASE-P-0060,chronological_analytical_event_not_contractual_default,deterministic_calculation,2025-12-12,within_cutoff,"Mandatory payment failure excludes missed dividends and repurchases. Maturity shortfall, analytical warnings and drawability conventions remain separately classified and are not official covenant conclusions."
P6L-01316,data/phase6/processed/FIRST_DISTRESS_EVENTS.csv,first_distress_event,P6E-0019,SRC-001;SRC-002;SRC-003,BASE,chronological_analytical_event_not_contractual_default,deterministic_calculation,2025-12-12,within_cutoff,"Mandatory payment failure excludes missed dividends and repurchases. Maturity shortfall, analytical warnings and drawability conventions remain separately classified and are not official covenant conclusions."
P6L-01317,data/phase6/processed/FIRST_DISTRESS_EVENTS.csv,first_distress_event,P6E-0020,SRC-001;SRC-002;SRC-003,P6M-BASE-E-0010,chronological_analytical_event_not_contractual_default,deterministic_calculation,2025-12-12,within_cutoff,"Mandatory payment failure excludes missed dividends and repurchases. Maturity shortfall, analytical warnings and drawability conventions remain separately classified and are not official covenant conclusions."
P6L-01318,data/phase6/processed/FIRST_DISTRESS_EVENTS.csv,first_distress_event,P6E-0021,SRC-001;SRC-002;SRC-003,P6M-BASE-E-0001,chronological_analytical_event_not_contractual_default,deterministic_calculation,2025-12-12,within_cutoff,"Mandatory payment failure excludes missed dividends and repurchases. Maturity shortfall, analytical warnings and drawability conventions remain separately classified and are not official covenant conclusions."
P6L-01319,data/phase6/processed/FIRST_DISTRESS_EVENTS.csv,first_distress_event,P6E-0022,SRC-001;SRC-002;SRC-003,P6M-BASE-E-0001,chronological_analytical_event_not_contractual_default,deterministic_calculation,2025-12-12,within_cutoff,"Mandatory payment failure excludes missed dividends and repurchases. Maturity shortfall, analytical warnings and drawability conventions remain separately classified and are not official covenant conclusions."
P6L-01320,data/phase6/processed/FIRST_DISTRESS_EVENTS.csv,first_distress_event,P6E-0023,SRC-001;SRC-002;SRC-003,BASE,chronological_analytical_event_not_contractual_default,deterministic_calculation,2025-12-12,within_cutoff,"Mandatory payment failure excludes missed dividends and repurchases. Maturity shortfall, analytical warnings and drawability conventions remain separately classified and are not official covenant conclusions."
P6L-01321,data/phase6/processed/FIRST_DISTRESS_EVENTS.csv,first_distress_event,P6E-0024,SRC-001;SRC-002;SRC-003,BASE,chronological_analytical_event_not_contractual_default,deterministic_calculation,2025-12-12,within_cutoff,"Mandatory payment failure excludes missed dividends and repurchases. Maturity shortfall, analytical warnings and drawability conventions remain separately classified and are not official covenant conclusions."
P6L-01322,data/phase6/processed/FIRST_DISTRESS_EVENTS.csv,first_distress_event,P6E-0025,SRC-001;SRC-002;SRC-003,BASE,chronological_analytical_event_not_contractual_default,deterministic_calculation,2025-12-12,within_cutoff,"Mandatory payment failure excludes missed dividends and repurchases. Maturity shortfall, analytical warnings and drawability conventions remain separately classified and are not official covenant conclusions."
P6L-01323,data/phase6/processed/FIRST_DISTRESS_EVENTS.csv,first_distress_event,P6E-0026,SRC-001;SRC-002;SRC-003,BASE,chronological_analytical_event_not_contractual_default,deterministic_calculation,2025-12-12,within_cutoff,"Mandatory payment failure excludes missed dividends and repurchases. Maturity shortfall, analytical warnings and drawability conventions remain separately classified and are not official covenant conclusions."
P6L-01324,data/phase6/processed/FIRST_DISTRESS_EVENTS.csv,first_distress_event,P6E-0027,SRC-001;SRC-002;SRC-003,BASE,chronological_analytical_event_not_contractual_default,deterministic_calculation,2025-12-12,within_cutoff,"Mandatory payment failure excludes missed dividends and repurchases. Maturity shortfall, analytical warnings and drawability conventions remain separately classified and are not official covenant conclusions."
P6L-01325,data/phase6/processed/FIRST_DISTRESS_EVENTS.csv,first_distress_event,P6E-0028,SRC-001;SRC-002;SRC-003,BASE,chronological_analytical_event_not_contractual_default,deterministic_calculation,2025-12-12,within_cutoff,"Mandatory payment failure excludes missed dividends and repurchases. Maturity shortfall, analytical warnings and drawability conventions remain separately classified and are not official covenant conclusions."
P6L-01326,data/phase6/processed/FIRST_DISTRESS_EVENTS.csv,first_distress_event,P6E-0029,SRC-001;SRC-002;SRC-003,BASE,chronological_analytical_event_not_contractual_default,deterministic_calculation,2025-12-12,within_cutoff,"Mandatory payment failure excludes missed dividends and repurchases. Maturity shortfall, analytical warnings and drawability conventions remain separately classified and are not official covenant conclusions."
P6L-01327,data/phase6/processed/FIRST_DISTRESS_EVENTS.csv,first_distress_event,P6E-0030,SRC-001;SRC-002;SRC-003,BASE,chronological_analytical_event_not_contractual_default,deterministic_calculation,2025-12-12,within_cutoff,"Mandatory payment failure excludes missed dividends and repurchases. Maturity shortfall, analytical warnings and drawability conventions remain separately classified and are not official covenant conclusions."
P6L-01328,data/phase6/processed/FIRST_DISTRESS_EVENTS.csv,first_distress_event,P6E-0031,SRC-001;SRC-002;SRC-003,BASE,chronological_analytical_event_not_contractual_default,deterministic_calculation,2025-12-12,within_cutoff,"Mandatory payment failure excludes missed dividends and repurchases. Maturity shortfall, analytical warnings and drawability conventions remain separately classified and are not official covenant conclusions."
P6L-01329,data/phase6/processed/FIRST_DISTRESS_EVENTS.csv,first_distress_event,P6E-0032,SRC-001;SRC-002;SRC-003,BASE,chronological_analytical_event_not_contractual_default,deterministic_calculation,2025-12-12,within_cutoff,"Mandatory payment failure excludes missed dividends and repurchases. Maturity shortfall, analytical warnings and drawability conventions remain separately classified and are not official covenant conclusions."
P6L-01330,data/phase6/processed/FIRST_DISTRESS_EVENTS.csv,first_distress_event,P6E-0033,SRC-001;SRC-002;SRC-003,BASE,chronological_analytical_event_not_contractual_default,deterministic_calculation,2025-12-12,within_cutoff,"Mandatory payment failure excludes missed dividends and repurchases. Maturity shortfall, analytical warnings and drawability conventions remain separately classified and are not official covenant conclusions."
P6L-01331,data/phase6/processed/FIRST_DISTRESS_EVENTS.csv,first_distress_event,P6E-0034,SRC-001;SRC-002;SRC-003,BASE,chronological_analytical_event_not_contractual_default,deterministic_calculation,2025-12-12,within_cutoff,"Mandatory payment failure excludes missed dividends and repurchases. Maturity shortfall, analytical warnings and drawability conventions remain separately classified and are not official covenant conclusions."
P6L-01332,data/phase6/processed/FIRST_DISTRESS_EVENTS.csv,first_distress_event,P6E-0035,SRC-001;SRC-002;SRC-003,P6M-BASE-E-0042,chronological_analytical_event_not_contractual_default,deterministic_calculation,2025-12-12,within_cutoff,"Mandatory payment failure excludes missed dividends and repurchases. Maturity shortfall, analytical warnings and drawability conventions remain separately classified and are not official covenant conclusions."
P6L-01333,data/phase6/processed/FIRST_DISTRESS_EVENTS.csv,first_distress_event,P6E-0036,SRC-001;SRC-002;SRC-003,BASE,chronological_analytical_event_not_contractual_default,deterministic_calculation,2025-12-12,within_cutoff,"Mandatory payment failure excludes missed dividends and repurchases. Maturity shortfall, analytical warnings and drawability conventions remain separately classified and are not official covenant conclusions."
P6L-01334,data/phase6/processed/FIRST_DISTRESS_EVENTS.csv,first_distress_event,P6E-0037,SRC-001;SRC-002;SRC-003,MODERATE_UNMITIGATED,chronological_analytical_event_not_contractual_default,deterministic_calculation,2025-12-12,within_cutoff,"Mandatory payment failure excludes missed dividends and repurchases. Maturity shortfall, analytical warnings and drawability conventions remain separately classified and are not official covenant conclusions."
P6L-01335,data/phase6/processed/FIRST_DISTRESS_EVENTS.csv,first_distress_event,P6E-0038,SRC-001;SRC-002;SRC-003,P6M-MODERATE_UNMITIGATED-P-0001,chronological_analytical_event_not_contractual_default,deterministic_calculation,2025-12-12,within_cutoff,"Mandatory payment failure excludes missed dividends and repurchases. Maturity shortfall, analytical warnings and drawability conventions remain separately classified and are not official covenant conclusions."
P6L-01336,data/phase6/processed/FIRST_DISTRESS_EVENTS.csv,first_distress_event,P6E-0039,SRC-001;SRC-002;SRC-003,P6M-MODERATE_UNMITIGATED-P-0005,chronological_analytical_event_not_contractual_default,deterministic_calculation,2025-12-12,within_cutoff,"Mandatory payment failure excludes missed dividends and repurchases. Maturity shortfall, analytical warnings and drawability conventions remain separately classified and are not official covenant conclusions."
P6L-01337,data/phase6/processed/FIRST_DISTRESS_EVENTS.csv,first_distress_event,P6E-0040,SRC-001;SRC-002;SRC-003,P6M-MODERATE_UNMITIGATED-P-0012,chronological_analytical_event_not_contractual_default,deterministic_calculation,2025-12-12,within_cutoff,"Mandatory payment failure excludes missed dividends and repurchases. Maturity shortfall, analytical warnings and drawability conventions remain separately classified and are not official covenant conclusions."
P6L-01338,data/phase6/processed/FIRST_DISTRESS_EVENTS.csv,first_distress_event,P6E-0041,SRC-001;SRC-002;SRC-003,P6M-MODERATE_UNMITIGATED-P-0012,chronological_analytical_event_not_contractual_default,deterministic_calculation,2025-12-12,within_cutoff,"Mandatory payment failure excludes missed dividends and repurchases. Maturity shortfall, analytical warnings and drawability conventions remain separately classified and are not official covenant conclusions."
P6L-01339,data/phase6/processed/FIRST_DISTRESS_EVENTS.csv,first_distress_event,P6E-0042,SRC-001;SRC-002;SRC-003,MODERATE_UNMITIGATED,chronological_analytical_event_not_contractual_default,deterministic_calculation,2025-12-12,within_cutoff,"Mandatory payment failure excludes missed dividends and repurchases. Maturity shortfall, analytical warnings and drawability conventions remain separately classified and are not official covenant conclusions."
P6L-01340,data/phase6/processed/FIRST_DISTRESS_EVENTS.csv,first_distress_event,P6E-0043,SRC-001;SRC-002;SRC-003,MODERATE_UNMITIGATED,chronological_analytical_event_not_contractual_default,deterministic_calculation,2025-12-12,within_cutoff,"Mandatory payment failure excludes missed dividends and repurchases. Maturity shortfall, analytical warnings and drawability conventions remain separately classified and are not official covenant conclusions."
P6L-01341,data/phase6/processed/FIRST_DISTRESS_EVENTS.csv,first_distress_event,P6E-0044,SRC-001;SRC-002;SRC-003,P6M-MODERATE_UNMITIGATED-P-0009,chronological_analytical_event_not_contractual_default,deterministic_calculation,2025-12-12,within_cutoff,"Mandatory payment failure excludes missed dividends and repurchases. Maturity shortfall, analytical warnings and drawability conventions remain separately classified and are not official covenant conclusions."
P6L-01342,data/phase6/processed/FIRST_DISTRESS_EVENTS.csv,first_distress_event,P6E-0045,SRC-001;SRC-002;SRC-003,MODERATE_UNMITIGATED,chronological_analytical_event_not_contractual_default,deterministic_calculation,2025-12-12,within_cutoff,"Mandatory payment failure excludes missed dividends and repurchases. Maturity shortfall, analytical warnings and drawability conventions remain separately classified and are not official covenant conclusions."
P6L-01343,data/phase6/processed/FIRST_DISTRESS_EVENTS.csv,first_distress_event,P6E-0046,SRC-001;SRC-002;SRC-003,MODERATE_UNMITIGATED,chronological_analytical_event_not_contractual_default,deterministic_calculation,2025-12-12,within_cutoff,"Mandatory payment failure excludes missed dividends and repurchases. Maturity shortfall, analytical warnings and drawability conventions remain separately classified and are not official covenant conclusions."
P6L-01344,data/phase6/processed/FIRST_DISTRESS_EVENTS.csv,first_distress_event,P6E-0047,SRC-001;SRC-002;SRC-003,MODERATE_UNMITIGATED,chronological_analytical_event_not_contractual_default,deterministic_calculation,2025-12-12,within_cutoff,"Mandatory payment failure excludes missed dividends and repurchases. Maturity shortfall, analytical warnings and drawability conventions remain separately classified and are not official covenant conclusions."
P6L-01345,data/phase6/processed/FIRST_DISTRESS_EVENTS.csv,first_distress_event,P6E-0048,SRC-001;SRC-002;SRC-003,MODERATE_UNMITIGATED,chronological_analytical_event_not_contractual_default,deterministic_calculation,2025-12-12,within_cutoff,"Mandatory payment failure excludes missed dividends and repurchases. Maturity shortfall, analytical warnings and drawability conventions remain separately classified and are not official covenant conclusions."
P6L-01346,data/phase6/processed/FIRST_DISTRESS_EVENTS.csv,first_distress_event,P6E-0049,SRC-001;SRC-002;SRC-003,MODERATE_UNMITIGATED,chronological_analytical_event_not_contractual_default,deterministic_calculation,2025-12-12,within_cutoff,"Mandatory payment failure excludes missed dividends and repurchases. Maturity shortfall, analytical warnings and drawability conventions remain separately classified and are not official covenant conclusions."
P6L-01347,data/phase6/processed/FIRST_DISTRESS_EVENTS.csv,first_distress_event,P6E-0050,SRC-001;SRC-002;SRC-003,MODERATE_UNMITIGATED,chronological_analytical_event_not_contractual_default,deterministic_calculation,2025-12-12,within_cutoff,"Mandatory payment failure excludes missed dividends and repurchases. Maturity shortfall, analytical warnings and drawability conventions remain separately classified and are not official covenant conclusions."
P6L-01348,data/phase6/processed/FIRST_DISTRESS_EVENTS.csv,first_distress_event,P6E-0051,SRC-001;SRC-002;SRC-003,MODERATE_UNMITIGATED,chronological_analytical_event_not_contractual_default,deterministic_calculation,2025-12-12,within_cutoff,"Mandatory payment failure excludes missed dividends and repurchases. Maturity shortfall, analytical warnings and drawability conventions remain separately classified and are not official covenant conclusions."
P6L-01349,data/phase6/processed/FIRST_DISTRESS_EVENTS.csv,first_distress_event,P6E-0052,SRC-001;SRC-002;SRC-003,P6M-MODERATE_UNMITIGATED-P-0001,chronological_analytical_event_not_contractual_default,deterministic_calculation,2025-12-12,within_cutoff,"Mandatory payment failure excludes missed dividends and repurchases. Maturity shortfall, analytical warnings and drawability conventions remain separately classified and are not official covenant conclusions."
P6L-01350,data/phase6/processed/FIRST_DISTRESS_EVENTS.csv,first_distress_event,P6E-0053,SRC-001;SRC-002;SRC-003,MODERATE_UNMITIGATED,chronological_analytical_event_not_contractual_default,deterministic_calculation,2025-12-12,within_cutoff,"Mandatory payment failure excludes missed dividends and repurchases. Maturity shortfall, analytical warnings and drawability conventions remain separately classified and are not official covenant conclusions."
P6L-01351,data/phase6/processed/FIRST_DISTRESS_EVENTS.csv,first_distress_event,P6E-0054,SRC-001;SRC-002;SRC-003,P6M-MODERATE_UNMITIGATED-P-0060,chronological_analytical_event_not_contractual_default,deterministic_calculation,2025-12-12,within_cutoff,"Mandatory payment failure excludes missed dividends and repurchases. Maturity shortfall, analytical warnings and drawability conventions remain separately classified and are not official covenant conclusions."
P6L-01352,data/phase6/processed/FIRST_DISTRESS_EVENTS.csv,first_distress_event,P6E-0055,SRC-001;SRC-002;SRC-003,MODERATE_UNMITIGATED,chronological_analytical_event_not_contractual_default,deterministic_calculation,2025-12-12,within_cutoff,"Mandatory payment failure excludes missed dividends and repurchases. Maturity shortfall, analytical warnings and drawability conventions remain separately classified and are not official covenant conclusions."
P6L-01353,data/phase6/processed/FIRST_DISTRESS_EVENTS.csv,first_distress_event,P6E-0056,SRC-001;SRC-002;SRC-003,P6M-MODERATE_UNMITIGATED-E-0001,chronological_analytical_event_not_contractual_default,deterministic_calculation,2025-12-12,within_cutoff,"Mandatory payment failure excludes missed dividends and repurchases. Maturity shortfall, analytical warnings and drawability conventions remain separately classified and are not official covenant conclusions."
P6L-01354,data/phase6/processed/FIRST_DISTRESS_EVENTS.csv,first_distress_event,P6E-0057,SRC-001;SRC-002;SRC-003,P6M-MODERATE_UNMITIGATED-E-0005,chronological_analytical_event_not_contractual_default,deterministic_calculation,2025-12-12,within_cutoff,"Mandatory payment failure excludes missed dividends and repurchases. Maturity shortfall, analytical warnings and drawability conventions remain separately classified and are not official covenant conclusions."
P6L-01355,data/phase6/processed/FIRST_DISTRESS_EVENTS.csv,first_distress_event,P6E-0058,SRC-001;SRC-002;SRC-003,P6M-MODERATE_UNMITIGATED-E-0012,chronological_analytical_event_not_contractual_default,deterministic_calculation,2025-12-12,within_cutoff,"Mandatory payment failure excludes missed dividends and repurchases. Maturity shortfall, analytical warnings and drawability conventions remain separately classified and are not official covenant conclusions."
P6L-01356,data/phase6/processed/FIRST_DISTRESS_EVENTS.csv,first_distress_event,P6E-0059,SRC-001;SRC-002;SRC-003,P6M-MODERATE_UNMITIGATED-E-0012,chronological_analytical_event_not_contractual_default,deterministic_calculation,2025-12-12,within_cutoff,"Mandatory payment failure excludes missed dividends and repurchases. Maturity shortfall, analytical warnings and drawability conventions remain separately classified and are not official covenant conclusions."
P6L-01357,data/phase6/processed/FIRST_DISTRESS_EVENTS.csv,first_distress_event,P6E-0060,SRC-001;SRC-002;SRC-003,MODERATE_UNMITIGATED,chronological_analytical_event_not_contractual_default,deterministic_calculation,2025-12-12,within_cutoff,"Mandatory payment failure excludes missed dividends and repurchases. Maturity shortfall, analytical warnings and drawability conventions remain separately classified and are not official covenant conclusions."
P6L-01358,data/phase6/processed/FIRST_DISTRESS_EVENTS.csv,first_distress_event,P6E-0061,SRC-001;SRC-002;SRC-003,MODERATE_UNMITIGATED,chronological_analytical_event_not_contractual_default,deterministic_calculation,2025-12-12,within_cutoff,"Mandatory payment failure excludes missed dividends and repurchases. Maturity shortfall, analytical warnings and drawability conventions remain separately classified and are not official covenant conclusions."
P6L-01359,data/phase6/processed/FIRST_DISTRESS_EVENTS.csv,first_distress_event,P6E-0062,SRC-001;SRC-002;SRC-003,P6M-MODERATE_UNMITIGATED-E-0009,chronological_analytical_event_not_contractual_default,deterministic_calculation,2025-12-12,within_cutoff,"Mandatory payment failure excludes missed dividends and repurchases. Maturity shortfall, analytical warnings and drawability conventions remain separately classified and are not official covenant conclusions."
P6L-01360,data/phase6/processed/FIRST_DISTRESS_EVENTS.csv,first_distress_event,P6E-0063,SRC-001;SRC-002;SRC-003,MODERATE_UNMITIGATED,chronological_analytical_event_not_contractual_default,deterministic_calculation,2025-12-12,within_cutoff,"Mandatory payment failure excludes missed dividends and repurchases. Maturity shortfall, analytical warnings and drawability conventions remain separately classified and are not official covenant conclusions."
P6L-01361,data/phase6/processed/FIRST_DISTRESS_EVENTS.csv,first_distress_event,P6E-0064,SRC-001;SRC-002;SRC-003,MODERATE_UNMITIGATED,chronological_analytical_event_not_contractual_default,deterministic_calculation,2025-12-12,within_cutoff,"Mandatory payment failure excludes missed dividends and repurchases. Maturity shortfall, analytical warnings and drawability conventions remain separately classified and are not official covenant conclusions."
P6L-01362,data/phase6/processed/FIRST_DISTRESS_EVENTS.csv,first_distress_event,P6E-0065,SRC-001;SRC-002;SRC-003,MODERATE_UNMITIGATED,chronological_analytical_event_not_contractual_default,deterministic_calculation,2025-12-12,within_cutoff,"Mandatory payment failure excludes missed dividends and repurchases. Maturity shortfall, analytical warnings and drawability conventions remain separately classified and are not official covenant conclusions."
P6L-01363,data/phase6/processed/FIRST_DISTRESS_EVENTS.csv,first_distress_event,P6E-0066,SRC-001;SRC-002;SRC-003,MODERATE_UNMITIGATED,chronological_analytical_event_not_contractual_default,deterministic_calculation,2025-12-12,within_cutoff,"Mandatory payment failure excludes missed dividends and repurchases. Maturity shortfall, analytical warnings and drawability conventions remain separately classified and are not official covenant conclusions."
P6L-01364,data/phase6/processed/FIRST_DISTRESS_EVENTS.csv,first_distress_event,P6E-0067,SRC-001;SRC-002;SRC-003,MODERATE_UNMITIGATED,chronological_analytical_event_not_contractual_default,deterministic_calculation,2025-12-12,within_cutoff,"Mandatory payment failure excludes missed dividends and repurchases. Maturity shortfall, analytical warnings and drawability conventions remain separately classified and are not official covenant conclusions."
P6L-01365,data/phase6/processed/FIRST_DISTRESS_EVENTS.csv,first_distress_event,P6E-0068,SRC-001;SRC-002;SRC-003,MODERATE_UNMITIGATED,chronological_analytical_event_not_contractual_default,deterministic_calculation,2025-12-12,within_cutoff,"Mandatory payment failure excludes missed dividends and repurchases. Maturity shortfall, analytical warnings and drawability conventions remain separately classified and are not official covenant conclusions."
P6L-01366,data/phase6/processed/FIRST_DISTRESS_EVENTS.csv,first_distress_event,P6E-0069,SRC-001;SRC-002;SRC-003,MODERATE_UNMITIGATED,chronological_analytical_event_not_contractual_default,deterministic_calculation,2025-12-12,within_cutoff,"Mandatory payment failure excludes missed dividends and repurchases. Maturity shortfall, analytical warnings and drawability conventions remain separately classified and are not official covenant conclusions."
P6L-01367,data/phase6/processed/FIRST_DISTRESS_EVENTS.csv,first_distress_event,P6E-0070,SRC-001;SRC-002;SRC-003,MODERATE_UNMITIGATED,chronological_analytical_event_not_contractual_default,deterministic_calculation,2025-12-12,within_cutoff,"Mandatory payment failure excludes missed dividends and repurchases. Maturity shortfall, analytical warnings and drawability conventions remain separately classified and are not official covenant conclusions."
P6L-01368,data/phase6/processed/FIRST_DISTRESS_EVENTS.csv,first_distress_event,P6E-0071,SRC-001;SRC-002;SRC-003,P6M-MODERATE_UNMITIGATED-E-0042,chronological_analytical_event_not_contractual_default,deterministic_calculation,2025-12-12,within_cutoff,"Mandatory payment failure excludes missed dividends and repurchases. Maturity shortfall, analytical warnings and drawability conventions remain separately classified and are not official covenant conclusions."
P6L-01369,data/phase6/processed/FIRST_DISTRESS_EVENTS.csv,first_distress_event,P6E-0072,SRC-001;SRC-002;SRC-003,MODERATE_UNMITIGATED,chronological_analytical_event_not_contractual_default,deterministic_calculation,2025-12-12,within_cutoff,"Mandatory payment failure excludes missed dividends and repurchases. Maturity shortfall, analytical warnings and drawability conventions remain separately classified and are not official covenant conclusions."
P6L-01370,data/phase6/processed/FIRST_DISTRESS_EVENTS.csv,first_distress_event,P6E-0073,SRC-001;SRC-002;SRC-003,SEVERE_UNMITIGATED,chronological_analytical_event_not_contractual_default,deterministic_calculation,2025-12-12,within_cutoff,"Mandatory payment failure excludes missed dividends and repurchases. Maturity shortfall, analytical warnings and drawability conventions remain separately classified and are not official covenant conclusions."
P6L-01371,data/phase6/processed/FIRST_DISTRESS_EVENTS.csv,first_distress_event,P6E-0074,SRC-001;SRC-002;SRC-003,P6M-SEVERE_UNMITIGATED-P-0001,chronological_analytical_event_not_contractual_default,deterministic_calculation,2025-12-12,within_cutoff,"Mandatory payment failure excludes missed dividends and repurchases. Maturity shortfall, analytical warnings and drawability conventions remain separately classified and are not official covenant conclusions."
P6L-01372,data/phase6/processed/FIRST_DISTRESS_EVENTS.csv,first_distress_event,P6E-0075,SRC-001;SRC-002;SRC-003,P6M-SEVERE_UNMITIGATED-P-0030,chronological_analytical_event_not_contractual_default,deterministic_calculation,2025-12-12,within_cutoff,"Mandatory payment failure excludes missed dividends and repurchases. Maturity shortfall, analytical warnings and drawability conventions remain separately classified and are not official covenant conclusions."
P6L-01373,data/phase6/processed/FIRST_DISTRESS_EVENTS.csv,first_distress_event,P6E-0076,SRC-001;SRC-002;SRC-003,P6M-SEVERE_UNMITIGATED-P-0015,chronological_analytical_event_not_contractual_default,deterministic_calculation,2025-12-12,within_cutoff,"Mandatory payment failure excludes missed dividends and repurchases. Maturity shortfall, analytical warnings and drawability conventions remain separately classified and are not official covenant conclusions."
P6L-01374,data/phase6/processed/FIRST_DISTRESS_EVENTS.csv,first_distress_event,P6E-0077,SRC-001;SRC-002;SRC-003,P6M-SEVERE_UNMITIGATED-P-0015,chronological_analytical_event_not_contractual_default,deterministic_calculation,2025-12-12,within_cutoff,"Mandatory payment failure excludes missed dividends and repurchases. Maturity shortfall, analytical warnings and drawability conventions remain separately classified and are not official covenant conclusions."
P6L-01375,data/phase6/processed/FIRST_DISTRESS_EVENTS.csv,first_distress_event,P6E-0078,SRC-001;SRC-002;SRC-003,P6M-SEVERE_UNMITIGATED-P-0006,chronological_analytical_event_not_contractual_default,deterministic_calculation,2025-12-12,within_cutoff,"Mandatory payment failure excludes missed dividends and repurchases. Maturity shortfall, analytical warnings and drawability conventions remain separately classified and are not official covenant conclusions."
P6L-01376,data/phase6/processed/FIRST_DISTRESS_EVENTS.csv,first_distress_event,P6E-0079,SRC-001;SRC-002;SRC-003,P6M-SEVERE_UNMITIGATED-P-0015,chronological_analytical_event_not_contractual_default,deterministic_calculation,2025-12-12,within_cutoff,"Mandatory payment failure excludes missed dividends and repurchases. Maturity shortfall, analytical warnings and drawability conventions remain separately classified and are not official covenant conclusions."
P6L-01377,data/phase6/processed/FIRST_DISTRESS_EVENTS.csv,first_distress_event,P6E-0080,SRC-001;SRC-002;SRC-003,P6M-SEVERE_UNMITIGATED-P-0009,chronological_analytical_event_not_contractual_default,deterministic_calculation,2025-12-12,within_cutoff,"Mandatory payment failure excludes missed dividends and repurchases. Maturity shortfall, analytical warnings and drawability conventions remain separately classified and are not official covenant conclusions."
P6L-01378,data/phase6/processed/FIRST_DISTRESS_EVENTS.csv,first_distress_event,P6E-0081,SRC-001;SRC-002;SRC-003,P6M-SEVERE_UNMITIGATED-P-0012,chronological_analytical_event_not_contractual_default,deterministic_calculation,2025-12-12,within_cutoff,"Mandatory payment failure excludes missed dividends and repurchases. Maturity shortfall, analytical warnings and drawability conventions remain separately classified and are not official covenant conclusions."
P6L-01379,data/phase6/processed/FIRST_DISTRESS_EVENTS.csv,first_distress_event,P6E-0082,SRC-001;SRC-002;SRC-003,SEVERE_UNMITIGATED,chronological_analytical_event_not_contractual_default,deterministic_calculation,2025-12-12,within_cutoff,"Mandatory payment failure excludes missed dividends and repurchases. Maturity shortfall, analytical warnings and drawability conventions remain separately classified and are not official covenant conclusions."
P6L-01380,data/phase6/processed/FIRST_DISTRESS_EVENTS.csv,first_distress_event,P6E-0083,SRC-001;SRC-002;SRC-003,P6M-SEVERE_UNMITIGATED-P-0015,chronological_analytical_event_not_contractual_default,deterministic_calculation,2025-12-12,within_cutoff,"Mandatory payment failure excludes missed dividends and repurchases. Maturity shortfall, analytical warnings and drawability conventions remain separately classified and are not official covenant conclusions."
P6L-01381,data/phase6/processed/FIRST_DISTRESS_EVENTS.csv,first_distress_event,P6E-0084,SRC-001;SRC-002;SRC-003,P6M-SEVERE_UNMITIGATED-P-0018,chronological_analytical_event_not_contractual_default,deterministic_calculation,2025-12-12,within_cutoff,"Mandatory payment failure excludes missed dividends and repurchases. Maturity shortfall, analytical warnings and drawability conventions remain separately classified and are not official covenant conclusions."
P6L-01382,data/phase6/processed/FIRST_DISTRESS_EVENTS.csv,first_distress_event,P6E-0085,SRC-001;SRC-002;SRC-003,P6M-SEVERE_UNMITIGATED-P-0019,chronological_analytical_event_not_contractual_default,deterministic_calculation,2025-12-12,within_cutoff,"Mandatory payment failure excludes missed dividends and repurchases. Maturity shortfall, analytical warnings and drawability conventions remain separately classified and are not official covenant conclusions."
P6L-01383,data/phase6/processed/FIRST_DISTRESS_EVENTS.csv,first_distress_event,P6E-0086,SRC-001;SRC-002;SRC-003,P6M-SEVERE_UNMITIGATED-P-0018,chronological_analytical_event_not_contractual_default,deterministic_calculation,2025-12-12,within_cutoff,"Mandatory payment failure excludes missed dividends and repurchases. Maturity shortfall, analytical warnings and drawability conventions remain separately classified and are not official covenant conclusions."
P6L-01384,data/phase6/processed/FIRST_DISTRESS_EVENTS.csv,first_distress_event,P6E-0087,SRC-001;SRC-002;SRC-003,P6M-SEVERE_UNMITIGATED-P-0019,chronological_analytical_event_not_contractual_default,deterministic_calculation,2025-12-12,within_cutoff,"Mandatory payment failure excludes missed dividends and repurchases. Maturity shortfall, analytical warnings and drawability conventions remain separately classified and are not official covenant conclusions."
P6L-01385,data/phase6/processed/FIRST_DISTRESS_EVENTS.csv,first_distress_event,P6E-0088,SRC-001;SRC-002;SRC-003,P6M-SEVERE_UNMITIGATED-P-0001,chronological_analytical_event_not_contractual_default,deterministic_calculation,2025-12-12,within_cutoff,"Mandatory payment failure excludes missed dividends and repurchases. Maturity shortfall, analytical warnings and drawability conventions remain separately classified and are not official covenant conclusions."
P6L-01386,data/phase6/processed/FIRST_DISTRESS_EVENTS.csv,first_distress_event,P6E-0089,SRC-001;SRC-002;SRC-003,SEVERE_UNMITIGATED,chronological_analytical_event_not_contractual_default,deterministic_calculation,2025-12-12,within_cutoff,"Mandatory payment failure excludes missed dividends and repurchases. Maturity shortfall, analytical warnings and drawability conventions remain separately classified and are not official covenant conclusions."
P6L-01387,data/phase6/processed/FIRST_DISTRESS_EVENTS.csv,first_distress_event,P6E-0090,SRC-001;SRC-002;SRC-003,P6M-SEVERE_UNMITIGATED-P-0060,chronological_analytical_event_not_contractual_default,deterministic_calculation,2025-12-12,within_cutoff,"Mandatory payment failure excludes missed dividends and repurchases. Maturity shortfall, analytical warnings and drawability conventions remain separately classified and are not official covenant conclusions."
P6L-01388,data/phase6/processed/FIRST_DISTRESS_EVENTS.csv,first_distress_event,P6E-0091,SRC-001;SRC-002;SRC-003,SEVERE_UNMITIGATED,chronological_analytical_event_not_contractual_default,deterministic_calculation,2025-12-12,within_cutoff,"Mandatory payment failure excludes missed dividends and repurchases. Maturity shortfall, analytical warnings and drawability conventions remain separately classified and are not official covenant conclusions."
P6L-01389,data/phase6/processed/FIRST_DISTRESS_EVENTS.csv,first_distress_event,P6E-0092,SRC-001;SRC-002;SRC-003,P6M-SEVERE_UNMITIGATED-E-0001,chronological_analytical_event_not_contractual_default,deterministic_calculation,2025-12-12,within_cutoff,"Mandatory payment failure excludes missed dividends and repurchases. Maturity shortfall, analytical warnings and drawability conventions remain separately classified and are not official covenant conclusions."
P6L-01390,data/phase6/processed/FIRST_DISTRESS_EVENTS.csv,first_distress_event,P6E-0093,SRC-001;SRC-002;SRC-003,P6M-SEVERE_UNMITIGATED-E-0006,chronological_analytical_event_not_contractual_default,deterministic_calculation,2025-12-12,within_cutoff,"Mandatory payment failure excludes missed dividends and repurchases. Maturity shortfall, analytical warnings and drawability conventions remain separately classified and are not official covenant conclusions."
P6L-01391,data/phase6/processed/FIRST_DISTRESS_EVENTS.csv,first_distress_event,P6E-0094,SRC-001;SRC-002;SRC-003,P6M-SEVERE_UNMITIGATED-E-0024,chronological_analytical_event_not_contractual_default,deterministic_calculation,2025-12-12,within_cutoff,"Mandatory payment failure excludes missed dividends and repurchases. Maturity shortfall, analytical warnings and drawability conventions remain separately classified and are not official covenant conclusions."
P6L-01392,data/phase6/processed/FIRST_DISTRESS_EVENTS.csv,first_distress_event,P6E-0095,SRC-001;SRC-002;SRC-003,P6M-SEVERE_UNMITIGATED-E-0024,chronological_analytical_event_not_contractual_default,deterministic_calculation,2025-12-12,within_cutoff,"Mandatory payment failure excludes missed dividends and repurchases. Maturity shortfall, analytical warnings and drawability conventions remain separately classified and are not official covenant conclusions."
P6L-01393,data/phase6/processed/FIRST_DISTRESS_EVENTS.csv,first_distress_event,P6E-0096,SRC-001;SRC-002;SRC-003,P6M-SEVERE_UNMITIGATED-E-0013,chronological_analytical_event_not_contractual_default,deterministic_calculation,2025-12-12,within_cutoff,"Mandatory payment failure excludes missed dividends and repurchases. Maturity shortfall, analytical warnings and drawability conventions remain separately classified and are not official covenant conclusions."
P6L-01394,data/phase6/processed/FIRST_DISTRESS_EVENTS.csv,first_distress_event,P6E-0097,SRC-001;SRC-002;SRC-003,P6M-SEVERE_UNMITIGATED-E-0024,chronological_analytical_event_not_contractual_default,deterministic_calculation,2025-12-12,within_cutoff,"Mandatory payment failure excludes missed dividends and repurchases. Maturity shortfall, analytical warnings and drawability conventions remain separately classified and are not official covenant conclusions."
P6L-01395,data/phase6/processed/FIRST_DISTRESS_EVENTS.csv,first_distress_event,P6E-0098,SRC-001;SRC-002;SRC-003,P6M-SEVERE_UNMITIGATED-E-0009,chronological_analytical_event_not_contractual_default,deterministic_calculation,2025-12-12,within_cutoff,"Mandatory payment failure excludes missed dividends and repurchases. Maturity shortfall, analytical warnings and drawability conventions remain separately classified and are not official covenant conclusions."
P6L-01396,data/phase6/processed/FIRST_DISTRESS_EVENTS.csv,first_distress_event,P6E-0099,SRC-001;SRC-002;SRC-003,P6M-SEVERE_UNMITIGATED-E-0012,chronological_analytical_event_not_contractual_default,deterministic_calculation,2025-12-12,within_cutoff,"Mandatory payment failure excludes missed dividends and repurchases. Maturity shortfall, analytical warnings and drawability conventions remain separately classified and are not official covenant conclusions."
P6L-01397,data/phase6/processed/FIRST_DISTRESS_EVENTS.csv,first_distress_event,P6E-0100,SRC-001;SRC-002;SRC-003,SEVERE_UNMITIGATED,chronological_analytical_event_not_contractual_default,deterministic_calculation,2025-12-12,within_cutoff,"Mandatory payment failure excludes missed dividends and repurchases. Maturity shortfall, analytical warnings and drawability conventions remain separately classified and are not official covenant conclusions."
P6L-01398,data/phase6/processed/FIRST_DISTRESS_EVENTS.csv,first_distress_event,P6E-0101,SRC-001;SRC-002;SRC-003,P6M-SEVERE_UNMITIGATED-E-0024,chronological_analytical_event_not_contractual_default,deterministic_calculation,2025-12-12,within_cutoff,"Mandatory payment failure excludes missed dividends and repurchases. Maturity shortfall, analytical warnings and drawability conventions remain separately classified and are not official covenant conclusions."
P6L-01399,data/phase6/processed/FIRST_DISTRESS_EVENTS.csv,first_distress_event,P6E-0102,SRC-001;SRC-002;SRC-003,SEVERE_UNMITIGATED,chronological_analytical_event_not_contractual_default,deterministic_calculation,2025-12-12,within_cutoff,"Mandatory payment failure excludes missed dividends and repurchases. Maturity shortfall, analytical warnings and drawability conventions remain separately classified and are not official covenant conclusions."
P6L-01400,data/phase6/processed/FIRST_DISTRESS_EVENTS.csv,first_distress_event,P6E-0103,SRC-001;SRC-002;SRC-003,SEVERE_UNMITIGATED,chronological_analytical_event_not_contractual_default,deterministic_calculation,2025-12-12,within_cutoff,"Mandatory payment failure excludes missed dividends and repurchases. Maturity shortfall, analytical warnings and drawability conventions remain separately classified and are not official covenant conclusions."
P6L-01401,data/phase6/processed/FIRST_DISTRESS_EVENTS.csv,first_distress_event,P6E-0104,SRC-001;SRC-002;SRC-003,SEVERE_UNMITIGATED,chronological_analytical_event_not_contractual_default,deterministic_calculation,2025-12-12,within_cutoff,"Mandatory payment failure excludes missed dividends and repurchases. Maturity shortfall, analytical warnings and drawability conventions remain separately classified and are not official covenant conclusions."
P6L-01402,data/phase6/processed/FIRST_DISTRESS_EVENTS.csv,first_distress_event,P6E-0105,SRC-001;SRC-002;SRC-003,SEVERE_UNMITIGATED,chronological_analytical_event_not_contractual_default,deterministic_calculation,2025-12-12,within_cutoff,"Mandatory payment failure excludes missed dividends and repurchases. Maturity shortfall, analytical warnings and drawability conventions remain separately classified and are not official covenant conclusions."
P6L-01403,data/phase6/processed/FIRST_DISTRESS_EVENTS.csv,first_distress_event,P6E-0106,SRC-001;SRC-002;SRC-003,SEVERE_UNMITIGATED,chronological_analytical_event_not_contractual_default,deterministic_calculation,2025-12-12,within_cutoff,"Mandatory payment failure excludes missed dividends and repurchases. Maturity shortfall, analytical warnings and drawability conventions remain separately classified and are not official covenant conclusions."
P6L-01404,data/phase6/processed/FIRST_DISTRESS_EVENTS.csv,first_distress_event,P6E-0107,SRC-001;SRC-002;SRC-003,P6M-SEVERE_UNMITIGATED-E-0042,chronological_analytical_event_not_contractual_default,deterministic_calculation,2025-12-12,within_cutoff,"Mandatory payment failure excludes missed dividends and repurchases. Maturity shortfall, analytical warnings and drawability conventions remain separately classified and are not official covenant conclusions."
P6L-01405,data/phase6/processed/FIRST_DISTRESS_EVENTS.csv,first_distress_event,P6E-0108,SRC-001;SRC-002;SRC-003,SEVERE_UNMITIGATED,chronological_analytical_event_not_contractual_default,deterministic_calculation,2025-12-12,within_cutoff,"Mandatory payment failure excludes missed dividends and repurchases. Maturity shortfall, analytical warnings and drawability conventions remain separately classified and are not official covenant conclusions."
P6L-01406,data/phase6/processed/FIRST_DISTRESS_EVENTS.csv,first_distress_event,P6E-0109,SRC-001;SRC-002;SRC-003,MODERATE_MITIGATED,chronological_analytical_event_not_contractual_default,deterministic_calculation,2025-12-12,within_cutoff,"Mandatory payment failure excludes missed dividends and repurchases. Maturity shortfall, analytical warnings and drawability conventions remain separately classified and are not official covenant conclusions."
P6L-01407,data/phase6/processed/FIRST_DISTRESS_EVENTS.csv,first_distress_event,P6E-0110,SRC-001;SRC-002;SRC-003,P6M-MODERATE_MITIGATED-P-0001,chronological_analytical_event_not_contractual_default,deterministic_calculation,2025-12-12,within_cutoff,"Mandatory payment failure excludes missed dividends and repurchases. Maturity shortfall, analytical warnings and drawability conventions remain separately classified and are not official covenant conclusions."
P6L-01408,data/phase6/processed/FIRST_DISTRESS_EVENTS.csv,first_distress_event,P6E-0111,SRC-001;SRC-002;SRC-003,P6M-MODERATE_MITIGATED-P-0005,chronological_analytical_event_not_contractual_default,deterministic_calculation,2025-12-12,within_cutoff,"Mandatory payment failure excludes missed dividends and repurchases. Maturity shortfall, analytical warnings and drawability conventions remain separately classified and are not official covenant conclusions."
P6L-01409,data/phase6/processed/FIRST_DISTRESS_EVENTS.csv,first_distress_event,P6E-0112,SRC-001;SRC-002;SRC-003,P6M-MODERATE_MITIGATED-P-0012,chronological_analytical_event_not_contractual_default,deterministic_calculation,2025-12-12,within_cutoff,"Mandatory payment failure excludes missed dividends and repurchases. Maturity shortfall, analytical warnings and drawability conventions remain separately classified and are not official covenant conclusions."
P6L-01410,data/phase6/processed/FIRST_DISTRESS_EVENTS.csv,first_distress_event,P6E-0113,SRC-001;SRC-002;SRC-003,P6M-MODERATE_MITIGATED-P-0012,chronological_analytical_event_not_contractual_default,deterministic_calculation,2025-12-12,within_cutoff,"Mandatory payment failure excludes missed dividends and repurchases. Maturity shortfall, analytical warnings and drawability conventions remain separately classified and are not official covenant conclusions."
P6L-01411,data/phase6/processed/FIRST_DISTRESS_EVENTS.csv,first_distress_event,P6E-0114,SRC-001;SRC-002;SRC-003,MODERATE_MITIGATED,chronological_analytical_event_not_contractual_default,deterministic_calculation,2025-12-12,within_cutoff,"Mandatory payment failure excludes missed dividends and repurchases. Maturity shortfall, analytical warnings and drawability conventions remain separately classified and are not official covenant conclusions."
P6L-01412,data/phase6/processed/FIRST_DISTRESS_EVENTS.csv,first_distress_event,P6E-0115,SRC-001;SRC-002;SRC-003,MODERATE_MITIGATED,chronological_analytical_event_not_contractual_default,deterministic_calculation,2025-12-12,within_cutoff,"Mandatory payment failure excludes missed dividends and repurchases. Maturity shortfall, analytical warnings and drawability conventions remain separately classified and are not official covenant conclusions."
P6L-01413,data/phase6/processed/FIRST_DISTRESS_EVENTS.csv,first_distress_event,P6E-0116,SRC-001;SRC-002;SRC-003,P6M-MODERATE_MITIGATED-P-0009,chronological_analytical_event_not_contractual_default,deterministic_calculation,2025-12-12,within_cutoff,"Mandatory payment failure excludes missed dividends and repurchases. Maturity shortfall, analytical warnings and drawability conventions remain separately classified and are not official covenant conclusions."
P6L-01414,data/phase6/processed/FIRST_DISTRESS_EVENTS.csv,first_distress_event,P6E-0117,SRC-001;SRC-002;SRC-003,MODERATE_MITIGATED,chronological_analytical_event_not_contractual_default,deterministic_calculation,2025-12-12,within_cutoff,"Mandatory payment failure excludes missed dividends and repurchases. Maturity shortfall, analytical warnings and drawability conventions remain separately classified and are not official covenant conclusions."
P6L-01415,data/phase6/processed/FIRST_DISTRESS_EVENTS.csv,first_distress_event,P6E-0118,SRC-001;SRC-002;SRC-003,MODERATE_MITIGATED,chronological_analytical_event_not_contractual_default,deterministic_calculation,2025-12-12,within_cutoff,"Mandatory payment failure excludes missed dividends and repurchases. Maturity shortfall, analytical warnings and drawability conventions remain separately classified and are not official covenant conclusions."
P6L-01416,data/phase6/processed/FIRST_DISTRESS_EVENTS.csv,first_distress_event,P6E-0119,SRC-001;SRC-002;SRC-003,MODERATE_MITIGATED,chronological_analytical_event_not_contractual_default,deterministic_calculation,2025-12-12,within_cutoff,"Mandatory payment failure excludes missed dividends and repurchases. Maturity shortfall, analytical warnings and drawability conventions remain separately classified and are not official covenant conclusions."
P6L-01417,data/phase6/processed/FIRST_DISTRESS_EVENTS.csv,first_distress_event,P6E-0120,SRC-001;SRC-002;SRC-003,MODERATE_MITIGATED,chronological_analytical_event_not_contractual_default,deterministic_calculation,2025-12-12,within_cutoff,"Mandatory payment failure excludes missed dividends and repurchases. Maturity shortfall, analytical warnings and drawability conventions remain separately classified and are not official covenant conclusions."
P6L-01418,data/phase6/processed/FIRST_DISTRESS_EVENTS.csv,first_distress_event,P6E-0121,SRC-001;SRC-002;SRC-003,MODERATE_MITIGATED,chronological_analytical_event_not_contractual_default,deterministic_calculation,2025-12-12,within_cutoff,"Mandatory payment failure excludes missed dividends and repurchases. Maturity shortfall, analytical warnings and drawability conventions remain separately classified and are not official covenant conclusions."
P6L-01419,data/phase6/processed/FIRST_DISTRESS_EVENTS.csv,first_distress_event,P6E-0122,SRC-001;SRC-002;SRC-003,MODERATE_MITIGATED,chronological_analytical_event_not_contractual_default,deterministic_calculation,2025-12-12,within_cutoff,"Mandatory payment failure excludes missed dividends and repurchases. Maturity shortfall, analytical warnings and drawability conventions remain separately classified and are not official covenant conclusions."
P6L-01420,data/phase6/processed/FIRST_DISTRESS_EVENTS.csv,first_distress_event,P6E-0123,SRC-001;SRC-002;SRC-003,MODERATE_MITIGATED,chronological_analytical_event_not_contractual_default,deterministic_calculation,2025-12-12,within_cutoff,"Mandatory payment failure excludes missed dividends and repurchases. Maturity shortfall, analytical warnings and drawability conventions remain separately classified and are not official covenant conclusions."
P6L-01421,data/phase6/processed/FIRST_DISTRESS_EVENTS.csv,first_distress_event,P6E-0124,SRC-001;SRC-002;SRC-003,P6M-MODERATE_MITIGATED-P-0001,chronological_analytical_event_not_contractual_default,deterministic_calculation,2025-12-12,within_cutoff,"Mandatory payment failure excludes missed dividends and repurchases. Maturity shortfall, analytical warnings and drawability conventions remain separately classified and are not official covenant conclusions."
P6L-01422,data/phase6/processed/FIRST_DISTRESS_EVENTS.csv,first_distress_event,P6E-0125,SRC-001;SRC-002;SRC-003,MODERATE_MITIGATED,chronological_analytical_event_not_contractual_default,deterministic_calculation,2025-12-12,within_cutoff,"Mandatory payment failure excludes missed dividends and repurchases. Maturity shortfall, analytical warnings and drawability conventions remain separately classified and are not official covenant conclusions."
P6L-01423,data/phase6/processed/FIRST_DISTRESS_EVENTS.csv,first_distress_event,P6E-0126,SRC-001;SRC-002;SRC-003,P6M-MODERATE_MITIGATED-P-0060,chronological_analytical_event_not_contractual_default,deterministic_calculation,2025-12-12,within_cutoff,"Mandatory payment failure excludes missed dividends and repurchases. Maturity shortfall, analytical warnings and drawability conventions remain separately classified and are not official covenant conclusions."
P6L-01424,data/phase6/processed/FIRST_DISTRESS_EVENTS.csv,first_distress_event,P6E-0127,SRC-001;SRC-002;SRC-003,MODERATE_MITIGATED,chronological_analytical_event_not_contractual_default,deterministic_calculation,2025-12-12,within_cutoff,"Mandatory payment failure excludes missed dividends and repurchases. Maturity shortfall, analytical warnings and drawability conventions remain separately classified and are not official covenant conclusions."
P6L-01425,data/phase6/processed/FIRST_DISTRESS_EVENTS.csv,first_distress_event,P6E-0128,SRC-001;SRC-002;SRC-003,P6M-MODERATE_MITIGATED-E-0001,chronological_analytical_event_not_contractual_default,deterministic_calculation,2025-12-12,within_cutoff,"Mandatory payment failure excludes missed dividends and repurchases. Maturity shortfall, analytical warnings and drawability conventions remain separately classified and are not official covenant conclusions."
P6L-01426,data/phase6/processed/FIRST_DISTRESS_EVENTS.csv,first_distress_event,P6E-0129,SRC-001;SRC-002;SRC-003,P6M-MODERATE_MITIGATED-E-0005,chronological_analytical_event_not_contractual_default,deterministic_calculation,2025-12-12,within_cutoff,"Mandatory payment failure excludes missed dividends and repurchases. Maturity shortfall, analytical warnings and drawability conventions remain separately classified and are not official covenant conclusions."
P6L-01427,data/phase6/processed/FIRST_DISTRESS_EVENTS.csv,first_distress_event,P6E-0130,SRC-001;SRC-002;SRC-003,P6M-MODERATE_MITIGATED-E-0004,chronological_analytical_event_not_contractual_default,deterministic_calculation,2025-12-12,within_cutoff,"Mandatory payment failure excludes missed dividends and repurchases. Maturity shortfall, analytical warnings and drawability conventions remain separately classified and are not official covenant conclusions."
P6L-01428,data/phase6/processed/FIRST_DISTRESS_EVENTS.csv,first_distress_event,P6E-0131,SRC-001;SRC-002;SRC-003,P6M-MODERATE_MITIGATED-E-0004,chronological_analytical_event_not_contractual_default,deterministic_calculation,2025-12-12,within_cutoff,"Mandatory payment failure excludes missed dividends and repurchases. Maturity shortfall, analytical warnings and drawability conventions remain separately classified and are not official covenant conclusions."
P6L-01429,data/phase6/processed/FIRST_DISTRESS_EVENTS.csv,first_distress_event,P6E-0132,SRC-001;SRC-002;SRC-003,MODERATE_MITIGATED,chronological_analytical_event_not_contractual_default,deterministic_calculation,2025-12-12,within_cutoff,"Mandatory payment failure excludes missed dividends and repurchases. Maturity shortfall, analytical warnings and drawability conventions remain separately classified and are not official covenant conclusions."
P6L-01430,data/phase6/processed/FIRST_DISTRESS_EVENTS.csv,first_distress_event,P6E-0133,SRC-001;SRC-002;SRC-003,MODERATE_MITIGATED,chronological_analytical_event_not_contractual_default,deterministic_calculation,2025-12-12,within_cutoff,"Mandatory payment failure excludes missed dividends and repurchases. Maturity shortfall, analytical warnings and drawability conventions remain separately classified and are not official covenant conclusions."
P6L-01431,data/phase6/processed/FIRST_DISTRESS_EVENTS.csv,first_distress_event,P6E-0134,SRC-001;SRC-002;SRC-003,P6M-MODERATE_MITIGATED-E-0009,chronological_analytical_event_not_contractual_default,deterministic_calculation,2025-12-12,within_cutoff,"Mandatory payment failure excludes missed dividends and repurchases. Maturity shortfall, analytical warnings and drawability conventions remain separately classified and are not official covenant conclusions."
P6L-01432,data/phase6/processed/FIRST_DISTRESS_EVENTS.csv,first_distress_event,P6E-0135,SRC-001;SRC-002;SRC-003,MODERATE_MITIGATED,chronological_analytical_event_not_contractual_default,deterministic_calculation,2025-12-12,within_cutoff,"Mandatory payment failure excludes missed dividends and repurchases. Maturity shortfall, analytical warnings and drawability conventions remain separately classified and are not official covenant conclusions."
P6L-01433,data/phase6/processed/FIRST_DISTRESS_EVENTS.csv,first_distress_event,P6E-0136,SRC-001;SRC-002;SRC-003,MODERATE_MITIGATED,chronological_analytical_event_not_contractual_default,deterministic_calculation,2025-12-12,within_cutoff,"Mandatory payment failure excludes missed dividends and repurchases. Maturity shortfall, analytical warnings and drawability conventions remain separately classified and are not official covenant conclusions."
P6L-01434,data/phase6/processed/FIRST_DISTRESS_EVENTS.csv,first_distress_event,P6E-0137,SRC-001;SRC-002;SRC-003,MODERATE_MITIGATED,chronological_analytical_event_not_contractual_default,deterministic_calculation,2025-12-12,within_cutoff,"Mandatory payment failure excludes missed dividends and repurchases. Maturity shortfall, analytical warnings and drawability conventions remain separately classified and are not official covenant conclusions."
P6L-01435,data/phase6/processed/FIRST_DISTRESS_EVENTS.csv,first_distress_event,P6E-0138,SRC-001;SRC-002;SRC-003,MODERATE_MITIGATED,chronological_analytical_event_not_contractual_default,deterministic_calculation,2025-12-12,within_cutoff,"Mandatory payment failure excludes missed dividends and repurchases. Maturity shortfall, analytical warnings and drawability conventions remain separately classified and are not official covenant conclusions."
P6L-01436,data/phase6/processed/FIRST_DISTRESS_EVENTS.csv,first_distress_event,P6E-0139,SRC-001;SRC-002;SRC-003,MODERATE_MITIGATED,chronological_analytical_event_not_contractual_default,deterministic_calculation,2025-12-12,within_cutoff,"Mandatory payment failure excludes missed dividends and repurchases. Maturity shortfall, analytical warnings and drawability conventions remain separately classified and are not official covenant conclusions."
P6L-01437,data/phase6/processed/FIRST_DISTRESS_EVENTS.csv,first_distress_event,P6E-0140,SRC-001;SRC-002;SRC-003,MODERATE_MITIGATED,chronological_analytical_event_not_contractual_default,deterministic_calculation,2025-12-12,within_cutoff,"Mandatory payment failure excludes missed dividends and repurchases. Maturity shortfall, analytical warnings and drawability conventions remain separately classified and are not official covenant conclusions."
P6L-01438,data/phase6/processed/FIRST_DISTRESS_EVENTS.csv,first_distress_event,P6E-0141,SRC-001;SRC-002;SRC-003,MODERATE_MITIGATED,chronological_analytical_event_not_contractual_default,deterministic_calculation,2025-12-12,within_cutoff,"Mandatory payment failure excludes missed dividends and repurchases. Maturity shortfall, analytical warnings and drawability conventions remain separately classified and are not official covenant conclusions."
P6L-01439,data/phase6/processed/FIRST_DISTRESS_EVENTS.csv,first_distress_event,P6E-0142,SRC-001;SRC-002;SRC-003,MODERATE_MITIGATED,chronological_analytical_event_not_contractual_default,deterministic_calculation,2025-12-12,within_cutoff,"Mandatory payment failure excludes missed dividends and repurchases. Maturity shortfall, analytical warnings and drawability conventions remain separately classified and are not official covenant conclusions."
P6L-01440,data/phase6/processed/FIRST_DISTRESS_EVENTS.csv,first_distress_event,P6E-0143,SRC-001;SRC-002;SRC-003,P6M-MODERATE_MITIGATED-E-0042,chronological_analytical_event_not_contractual_default,deterministic_calculation,2025-12-12,within_cutoff,"Mandatory payment failure excludes missed dividends and repurchases. Maturity shortfall, analytical warnings and drawability conventions remain separately classified and are not official covenant conclusions."
P6L-01441,data/phase6/processed/FIRST_DISTRESS_EVENTS.csv,first_distress_event,P6E-0144,SRC-001;SRC-002;SRC-003,MODERATE_MITIGATED,chronological_analytical_event_not_contractual_default,deterministic_calculation,2025-12-12,within_cutoff,"Mandatory payment failure excludes missed dividends and repurchases. Maturity shortfall, analytical warnings and drawability conventions remain separately classified and are not official covenant conclusions."
P6L-01442,data/phase6/processed/FIRST_DISTRESS_EVENTS.csv,first_distress_event,P6E-0145,SRC-001;SRC-002;SRC-003,SEVERE_MITIGATED,chronological_analytical_event_not_contractual_default,deterministic_calculation,2025-12-12,within_cutoff,"Mandatory payment failure excludes missed dividends and repurchases. Maturity shortfall, analytical warnings and drawability conventions remain separately classified and are not official covenant conclusions."
P6L-01443,data/phase6/processed/FIRST_DISTRESS_EVENTS.csv,first_distress_event,P6E-0146,SRC-001;SRC-002;SRC-003,P6M-SEVERE_MITIGATED-P-0001,chronological_analytical_event_not_contractual_default,deterministic_calculation,2025-12-12,within_cutoff,"Mandatory payment failure excludes missed dividends and repurchases. Maturity shortfall, analytical warnings and drawability conventions remain separately classified and are not official covenant conclusions."
P6L-01444,data/phase6/processed/FIRST_DISTRESS_EVENTS.csv,first_distress_event,P6E-0147,SRC-001;SRC-002;SRC-003,P6M-SEVERE_MITIGATED-P-0005,chronological_analytical_event_not_contractual_default,deterministic_calculation,2025-12-12,within_cutoff,"Mandatory payment failure excludes missed dividends and repurchases. Maturity shortfall, analytical warnings and drawability conventions remain separately classified and are not official covenant conclusions."
P6L-01445,data/phase6/processed/FIRST_DISTRESS_EVENTS.csv,first_distress_event,P6E-0148,SRC-001;SRC-002;SRC-003,P6M-SEVERE_MITIGATED-P-0017,chronological_analytical_event_not_contractual_default,deterministic_calculation,2025-12-12,within_cutoff,"Mandatory payment failure excludes missed dividends and repurchases. Maturity shortfall, analytical warnings and drawability conventions remain separately classified and are not official covenant conclusions."
P6L-01446,data/phase6/processed/FIRST_DISTRESS_EVENTS.csv,first_distress_event,P6E-0149,SRC-001;SRC-002;SRC-003,P6M-SEVERE_MITIGATED-P-0017,chronological_analytical_event_not_contractual_default,deterministic_calculation,2025-12-12,within_cutoff,"Mandatory payment failure excludes missed dividends and repurchases. Maturity shortfall, analytical warnings and drawability conventions remain separately classified and are not official covenant conclusions."
P6L-01447,data/phase6/processed/FIRST_DISTRESS_EVENTS.csv,first_distress_event,P6E-0150,SRC-001;SRC-002;SRC-003,P6M-SEVERE_MITIGATED-P-0007,chronological_analytical_event_not_contractual_default,deterministic_calculation,2025-12-12,within_cutoff,"Mandatory payment failure excludes missed dividends and repurchases. Maturity shortfall, analytical warnings and drawability conventions remain separately classified and are not official covenant conclusions."
P6L-01448,data/phase6/processed/FIRST_DISTRESS_EVENTS.csv,first_distress_event,P6E-0151,SRC-001;SRC-002;SRC-003,P6M-SEVERE_MITIGATED-P-0017,chronological_analytical_event_not_contractual_default,deterministic_calculation,2025-12-12,within_cutoff,"Mandatory payment failure excludes missed dividends and repurchases. Maturity shortfall, analytical warnings and drawability conventions remain separately classified and are not official covenant conclusions."
P6L-01449,data/phase6/processed/FIRST_DISTRESS_EVENTS.csv,first_distress_event,P6E-0152,SRC-001;SRC-002;SRC-003,P6M-SEVERE_MITIGATED-P-0009,chronological_analytical_event_not_contractual_default,deterministic_calculation,2025-12-12,within_cutoff,"Mandatory payment failure excludes missed dividends and repurchases. Maturity shortfall, analytical warnings and drawability conventions remain separately classified and are not official covenant conclusions."
P6L-01450,data/phase6/processed/FIRST_DISTRESS_EVENTS.csv,first_distress_event,P6E-0153,SRC-001;SRC-002;SRC-003,P6M-SEVERE_MITIGATED-P-0012,chronological_analytical_event_not_contractual_default,deterministic_calculation,2025-12-12,within_cutoff,"Mandatory payment failure excludes missed dividends and repurchases. Maturity shortfall, analytical warnings and drawability conventions remain separately classified and are not official covenant conclusions."
P6L-01451,data/phase6/processed/FIRST_DISTRESS_EVENTS.csv,first_distress_event,P6E-0154,SRC-001;SRC-002;SRC-003,SEVERE_MITIGATED,chronological_analytical_event_not_contractual_default,deterministic_calculation,2025-12-12,within_cutoff,"Mandatory payment failure excludes missed dividends and repurchases. Maturity shortfall, analytical warnings and drawability conventions remain separately classified and are not official covenant conclusions."
P6L-01452,data/phase6/processed/FIRST_DISTRESS_EVENTS.csv,first_distress_event,P6E-0155,SRC-001;SRC-002;SRC-003,P6M-SEVERE_MITIGATED-P-0017,chronological_analytical_event_not_contractual_default,deterministic_calculation,2025-12-12,within_cutoff,"Mandatory payment failure excludes missed dividends and repurchases. Maturity shortfall, analytical warnings and drawability conventions remain separately classified and are not official covenant conclusions."
P6L-01453,data/phase6/processed/FIRST_DISTRESS_EVENTS.csv,first_distress_event,P6E-0156,SRC-001;SRC-002;SRC-003,P6M-SEVERE_MITIGATED-P-0021,chronological_analytical_event_not_contractual_default,deterministic_calculation,2025-12-12,within_cutoff,"Mandatory payment failure excludes missed dividends and repurchases. Maturity shortfall, analytical warnings and drawability conventions remain separately classified and are not official covenant conclusions."
P6L-01454,data/phase6/processed/FIRST_DISTRESS_EVENTS.csv,first_distress_event,P6E-0157,SRC-001;SRC-002;SRC-003,P6M-SEVERE_MITIGATED-P-0022,chronological_analytical_event_not_contractual_default,deterministic_calculation,2025-12-12,within_cutoff,"Mandatory payment failure excludes missed dividends and repurchases. Maturity shortfall, analytical warnings and drawability conventions remain separately classified and are not official covenant conclusions."
P6L-01455,data/phase6/processed/FIRST_DISTRESS_EVENTS.csv,first_distress_event,P6E-0158,SRC-001;SRC-002;SRC-003,P6M-SEVERE_MITIGATED-P-0021,chronological_analytical_event_not_contractual_default,deterministic_calculation,2025-12-12,within_cutoff,"Mandatory payment failure excludes missed dividends and repurchases. Maturity shortfall, analytical warnings and drawability conventions remain separately classified and are not official covenant conclusions."
P6L-01456,data/phase6/processed/FIRST_DISTRESS_EVENTS.csv,first_distress_event,P6E-0159,SRC-001;SRC-002;SRC-003,P6M-SEVERE_MITIGATED-P-0022,chronological_analytical_event_not_contractual_default,deterministic_calculation,2025-12-12,within_cutoff,"Mandatory payment failure excludes missed dividends and repurchases. Maturity shortfall, analytical warnings and drawability conventions remain separately classified and are not official covenant conclusions."
P6L-01457,data/phase6/processed/FIRST_DISTRESS_EVENTS.csv,first_distress_event,P6E-0160,SRC-001;SRC-002;SRC-003,P6M-SEVERE_MITIGATED-P-0001,chronological_analytical_event_not_contractual_default,deterministic_calculation,2025-12-12,within_cutoff,"Mandatory payment failure excludes missed dividends and repurchases. Maturity shortfall, analytical warnings and drawability conventions remain separately classified and are not official covenant conclusions."
P6L-01458,data/phase6/processed/FIRST_DISTRESS_EVENTS.csv,first_distress_event,P6E-0161,SRC-001;SRC-002;SRC-003,SEVERE_MITIGATED,chronological_analytical_event_not_contractual_default,deterministic_calculation,2025-12-12,within_cutoff,"Mandatory payment failure excludes missed dividends and repurchases. Maturity shortfall, analytical warnings and drawability conventions remain separately classified and are not official covenant conclusions."
P6L-01459,data/phase6/processed/FIRST_DISTRESS_EVENTS.csv,first_distress_event,P6E-0162,SRC-001;SRC-002;SRC-003,P6M-SEVERE_MITIGATED-P-0060,chronological_analytical_event_not_contractual_default,deterministic_calculation,2025-12-12,within_cutoff,"Mandatory payment failure excludes missed dividends and repurchases. Maturity shortfall, analytical warnings and drawability conventions remain separately classified and are not official covenant conclusions."
P6L-01460,data/phase6/processed/FIRST_DISTRESS_EVENTS.csv,first_distress_event,P6E-0163,SRC-001;SRC-002;SRC-003,SEVERE_MITIGATED,chronological_analytical_event_not_contractual_default,deterministic_calculation,2025-12-12,within_cutoff,"Mandatory payment failure excludes missed dividends and repurchases. Maturity shortfall, analytical warnings and drawability conventions remain separately classified and are not official covenant conclusions."
P6L-01461,data/phase6/processed/FIRST_DISTRESS_EVENTS.csv,first_distress_event,P6E-0164,SRC-001;SRC-002;SRC-003,P6M-SEVERE_MITIGATED-E-0001,chronological_analytical_event_not_contractual_default,deterministic_calculation,2025-12-12,within_cutoff,"Mandatory payment failure excludes missed dividends and repurchases. Maturity shortfall, analytical warnings and drawability conventions remain separately classified and are not official covenant conclusions."
P6L-01462,data/phase6/processed/FIRST_DISTRESS_EVENTS.csv,first_distress_event,P6E-0165,SRC-001;SRC-002;SRC-003,P6M-SEVERE_MITIGATED-E-0005,chronological_analytical_event_not_contractual_default,deterministic_calculation,2025-12-12,within_cutoff,"Mandatory payment failure excludes missed dividends and repurchases. Maturity shortfall, analytical warnings and drawability conventions remain separately classified and are not official covenant conclusions."
P6L-01463,data/phase6/processed/FIRST_DISTRESS_EVENTS.csv,first_distress_event,P6E-0166,SRC-001;SRC-002;SRC-003,P6M-SEVERE_MITIGATED-E-0025,chronological_analytical_event_not_contractual_default,deterministic_calculation,2025-12-12,within_cutoff,"Mandatory payment failure excludes missed dividends and repurchases. Maturity shortfall, analytical warnings and drawability conventions remain separately classified and are not official covenant conclusions."
P6L-01464,data/phase6/processed/FIRST_DISTRESS_EVENTS.csv,first_distress_event,P6E-0167,SRC-001;SRC-002;SRC-003,P6M-SEVERE_MITIGATED-E-0025,chronological_analytical_event_not_contractual_default,deterministic_calculation,2025-12-12,within_cutoff,"Mandatory payment failure excludes missed dividends and repurchases. Maturity shortfall, analytical warnings and drawability conventions remain separately classified and are not official covenant conclusions."
P6L-01465,data/phase6/processed/FIRST_DISTRESS_EVENTS.csv,first_distress_event,P6E-0168,SRC-001;SRC-002;SRC-003,P6M-SEVERE_MITIGATED-E-0016,chronological_analytical_event_not_contractual_default,deterministic_calculation,2025-12-12,within_cutoff,"Mandatory payment failure excludes missed dividends and repurchases. Maturity shortfall, analytical warnings and drawability conventions remain separately classified and are not official covenant conclusions."
P6L-01466,data/phase6/processed/FIRST_DISTRESS_EVENTS.csv,first_distress_event,P6E-0169,SRC-001;SRC-002;SRC-003,SEVERE_MITIGATED,chronological_analytical_event_not_contractual_default,deterministic_calculation,2025-12-12,within_cutoff,"Mandatory payment failure excludes missed dividends and repurchases. Maturity shortfall, analytical warnings and drawability conventions remain separately classified and are not official covenant conclusions."
P6L-01467,data/phase6/processed/FIRST_DISTRESS_EVENTS.csv,first_distress_event,P6E-0170,SRC-001;SRC-002;SRC-003,P6M-SEVERE_MITIGATED-E-0009,chronological_analytical_event_not_contractual_default,deterministic_calculation,2025-12-12,within_cutoff,"Mandatory payment failure excludes missed dividends and repurchases. Maturity shortfall, analytical warnings and drawability conventions remain separately classified and are not official covenant conclusions."
P6L-01468,data/phase6/processed/FIRST_DISTRESS_EVENTS.csv,first_distress_event,P6E-0171,SRC-001;SRC-002;SRC-003,P6M-SEVERE_MITIGATED-E-0012,chronological_analytical_event_not_contractual_default,deterministic_calculation,2025-12-12,within_cutoff,"Mandatory payment failure excludes missed dividends and repurchases. Maturity shortfall, analytical warnings and drawability conventions remain separately classified and are not official covenant conclusions."
P6L-01469,data/phase6/processed/FIRST_DISTRESS_EVENTS.csv,first_distress_event,P6E-0172,SRC-001;SRC-002;SRC-003,SEVERE_MITIGATED,chronological_analytical_event_not_contractual_default,deterministic_calculation,2025-12-12,within_cutoff,"Mandatory payment failure excludes missed dividends and repurchases. Maturity shortfall, analytical warnings and drawability conventions remain separately classified and are not official covenant conclusions."
P6L-01470,data/phase6/processed/FIRST_DISTRESS_EVENTS.csv,first_distress_event,P6E-0173,SRC-001;SRC-002;SRC-003,SEVERE_MITIGATED,chronological_analytical_event_not_contractual_default,deterministic_calculation,2025-12-12,within_cutoff,"Mandatory payment failure excludes missed dividends and repurchases. Maturity shortfall, analytical warnings and drawability conventions remain separately classified and are not official covenant conclusions."
P6L-01471,data/phase6/processed/FIRST_DISTRESS_EVENTS.csv,first_distress_event,P6E-0174,SRC-001;SRC-002;SRC-003,SEVERE_MITIGATED,chronological_analytical_event_not_contractual_default,deterministic_calculation,2025-12-12,within_cutoff,"Mandatory payment failure excludes missed dividends and repurchases. Maturity shortfall, analytical warnings and drawability conventions remain separately classified and are not official covenant conclusions."
P6L-01472,data/phase6/processed/FIRST_DISTRESS_EVENTS.csv,first_distress_event,P6E-0175,SRC-001;SRC-002;SRC-003,SEVERE_MITIGATED,chronological_analytical_event_not_contractual_default,deterministic_calculation,2025-12-12,within_cutoff,"Mandatory payment failure excludes missed dividends and repurchases. Maturity shortfall, analytical warnings and drawability conventions remain separately classified and are not official covenant conclusions."
P6L-01473,data/phase6/processed/FIRST_DISTRESS_EVENTS.csv,first_distress_event,P6E-0176,SRC-001;SRC-002;SRC-003,SEVERE_MITIGATED,chronological_analytical_event_not_contractual_default,deterministic_calculation,2025-12-12,within_cutoff,"Mandatory payment failure excludes missed dividends and repurchases. Maturity shortfall, analytical warnings and drawability conventions remain separately classified and are not official covenant conclusions."
P6L-01474,data/phase6/processed/FIRST_DISTRESS_EVENTS.csv,first_distress_event,P6E-0177,SRC-001;SRC-002;SRC-003,SEVERE_MITIGATED,chronological_analytical_event_not_contractual_default,deterministic_calculation,2025-12-12,within_cutoff,"Mandatory payment failure excludes missed dividends and repurchases. Maturity shortfall, analytical warnings and drawability conventions remain separately classified and are not official covenant conclusions."
P6L-01475,data/phase6/processed/FIRST_DISTRESS_EVENTS.csv,first_distress_event,P6E-0178,SRC-001;SRC-002;SRC-003,SEVERE_MITIGATED,chronological_analytical_event_not_contractual_default,deterministic_calculation,2025-12-12,within_cutoff,"Mandatory payment failure excludes missed dividends and repurchases. Maturity shortfall, analytical warnings and drawability conventions remain separately classified and are not official covenant conclusions."
P6L-01476,data/phase6/processed/FIRST_DISTRESS_EVENTS.csv,first_distress_event,P6E-0179,SRC-001;SRC-002;SRC-003,P6M-SEVERE_MITIGATED-E-0042,chronological_analytical_event_not_contractual_default,deterministic_calculation,2025-12-12,within_cutoff,"Mandatory payment failure excludes missed dividends and repurchases. Maturity shortfall, analytical warnings and drawability conventions remain separately classified and are not official covenant conclusions."
P6L-01477,data/phase6/processed/FIRST_DISTRESS_EVENTS.csv,first_distress_event,P6E-0180,SRC-001;SRC-002;SRC-003,SEVERE_MITIGATED,chronological_analytical_event_not_contractual_default,deterministic_calculation,2025-12-12,within_cutoff,"Mandatory payment failure excludes missed dividends and repurchases. Maturity shortfall, analytical warnings and drawability conventions remain separately classified and are not official covenant conclusions."
P6L-01478,data/phase6/processed/FIRST_DISTRESS_EVENTS.csv,first_distress_event,P6E-0181,SRC-001;SRC-002;SRC-003,MODERATE_NO_WAIVER,chronological_analytical_event_not_contractual_default,deterministic_calculation,2025-12-12,within_cutoff,"Mandatory payment failure excludes missed dividends and repurchases. Maturity shortfall, analytical warnings and drawability conventions remain separately classified and are not official covenant conclusions."
P6L-01479,data/phase6/processed/FIRST_DISTRESS_EVENTS.csv,first_distress_event,P6E-0182,SRC-001;SRC-002;SRC-003,P6M-MODERATE_NO_WAIVER-P-0001,chronological_analytical_event_not_contractual_default,deterministic_calculation,2025-12-12,within_cutoff,"Mandatory payment failure excludes missed dividends and repurchases. Maturity shortfall, analytical warnings and drawability conventions remain separately classified and are not official covenant conclusions."
P6L-01480,data/phase6/processed/FIRST_DISTRESS_EVENTS.csv,first_distress_event,P6E-0183,SRC-001;SRC-002;SRC-003,P6M-MODERATE_NO_WAIVER-P-0005,chronological_analytical_event_not_contractual_default,deterministic_calculation,2025-12-12,within_cutoff,"Mandatory payment failure excludes missed dividends and repurchases. Maturity shortfall, analytical warnings and drawability conventions remain separately classified and are not official covenant conclusions."
P6L-01481,data/phase6/processed/FIRST_DISTRESS_EVENTS.csv,first_distress_event,P6E-0184,SRC-001;SRC-002;SRC-003,P6M-MODERATE_NO_WAIVER-P-0009,chronological_analytical_event_not_contractual_default,deterministic_calculation,2025-12-12,within_cutoff,"Mandatory payment failure excludes missed dividends and repurchases. Maturity shortfall, analytical warnings and drawability conventions remain separately classified and are not official covenant conclusions."
P6L-01482,data/phase6/processed/FIRST_DISTRESS_EVENTS.csv,first_distress_event,P6E-0185,SRC-001;SRC-002;SRC-003,P6M-MODERATE_NO_WAIVER-P-0009,chronological_analytical_event_not_contractual_default,deterministic_calculation,2025-12-12,within_cutoff,"Mandatory payment failure excludes missed dividends and repurchases. Maturity shortfall, analytical warnings and drawability conventions remain separately classified and are not official covenant conclusions."
P6L-01483,data/phase6/processed/FIRST_DISTRESS_EVENTS.csv,first_distress_event,P6E-0186,SRC-001;SRC-002;SRC-003,P6M-MODERATE_NO_WAIVER-P-0010,chronological_analytical_event_not_contractual_default,deterministic_calculation,2025-12-12,within_cutoff,"Mandatory payment failure excludes missed dividends and repurchases. Maturity shortfall, analytical warnings and drawability conventions remain separately classified and are not official covenant conclusions."
P6L-01484,data/phase6/processed/FIRST_DISTRESS_EVENTS.csv,first_distress_event,P6E-0187,SRC-001;SRC-002;SRC-003,P6M-MODERATE_NO_WAIVER-P-0010,chronological_analytical_event_not_contractual_default,deterministic_calculation,2025-12-12,within_cutoff,"Mandatory payment failure excludes missed dividends and repurchases. Maturity shortfall, analytical warnings and drawability conventions remain separately classified and are not official covenant conclusions."
P6L-01485,data/phase6/processed/FIRST_DISTRESS_EVENTS.csv,first_distress_event,P6E-0188,SRC-001;SRC-002;SRC-003,P6M-MODERATE_NO_WAIVER-P-0009,chronological_analytical_event_not_contractual_default,deterministic_calculation,2025-12-12,within_cutoff,"Mandatory payment failure excludes missed dividends and repurchases. Maturity shortfall, analytical warnings and drawability conventions remain separately classified and are not official covenant conclusions."
P6L-01486,data/phase6/processed/FIRST_DISTRESS_EVENTS.csv,first_distress_event,P6E-0189,SRC-001;SRC-002;SRC-003,MODERATE_NO_WAIVER,chronological_analytical_event_not_contractual_default,deterministic_calculation,2025-12-12,within_cutoff,"Mandatory payment failure excludes missed dividends and repurchases. Maturity shortfall, analytical warnings and drawability conventions remain separately classified and are not official covenant conclusions."
P6L-01487,data/phase6/processed/FIRST_DISTRESS_EVENTS.csv,first_distress_event,P6E-0190,SRC-001;SRC-002;SRC-003,P6M-MODERATE_NO_WAIVER-P-0010,chronological_analytical_event_not_contractual_default,deterministic_calculation,2025-12-12,within_cutoff,"Mandatory payment failure excludes missed dividends and repurchases. Maturity shortfall, analytical warnings and drawability conventions remain separately classified and are not official covenant conclusions."
P6L-01488,data/phase6/processed/FIRST_DISTRESS_EVENTS.csv,first_distress_event,P6E-0191,SRC-001;SRC-002;SRC-003,MODERATE_NO_WAIVER,chronological_analytical_event_not_contractual_default,deterministic_calculation,2025-12-12,within_cutoff,"Mandatory payment failure excludes missed dividends and repurchases. Maturity shortfall, analytical warnings and drawability conventions remain separately classified and are not official covenant conclusions."
P6L-01489,data/phase6/processed/FIRST_DISTRESS_EVENTS.csv,first_distress_event,P6E-0192,SRC-001;SRC-002;SRC-003,MODERATE_NO_WAIVER,chronological_analytical_event_not_contractual_default,deterministic_calculation,2025-12-12,within_cutoff,"Mandatory payment failure excludes missed dividends and repurchases. Maturity shortfall, analytical warnings and drawability conventions remain separately classified and are not official covenant conclusions."
P6L-01490,data/phase6/processed/FIRST_DISTRESS_EVENTS.csv,first_distress_event,P6E-0193,SRC-001;SRC-002;SRC-003,MODERATE_NO_WAIVER,chronological_analytical_event_not_contractual_default,deterministic_calculation,2025-12-12,within_cutoff,"Mandatory payment failure excludes missed dividends and repurchases. Maturity shortfall, analytical warnings and drawability conventions remain separately classified and are not official covenant conclusions."
P6L-01491,data/phase6/processed/FIRST_DISTRESS_EVENTS.csv,first_distress_event,P6E-0194,SRC-001;SRC-002;SRC-003,MODERATE_NO_WAIVER,chronological_analytical_event_not_contractual_default,deterministic_calculation,2025-12-12,within_cutoff,"Mandatory payment failure excludes missed dividends and repurchases. Maturity shortfall, analytical warnings and drawability conventions remain separately classified and are not official covenant conclusions."
P6L-01492,data/phase6/processed/FIRST_DISTRESS_EVENTS.csv,first_distress_event,P6E-0195,SRC-001;SRC-002;SRC-003,MODERATE_NO_WAIVER,chronological_analytical_event_not_contractual_default,deterministic_calculation,2025-12-12,within_cutoff,"Mandatory payment failure excludes missed dividends and repurchases. Maturity shortfall, analytical warnings and drawability conventions remain separately classified and are not official covenant conclusions."
P6L-01493,data/phase6/processed/FIRST_DISTRESS_EVENTS.csv,first_distress_event,P6E-0196,SRC-001;SRC-002;SRC-003,P6M-MODERATE_NO_WAIVER-P-0001,chronological_analytical_event_not_contractual_default,deterministic_calculation,2025-12-12,within_cutoff,"Mandatory payment failure excludes missed dividends and repurchases. Maturity shortfall, analytical warnings and drawability conventions remain separately classified and are not official covenant conclusions."
P6L-01494,data/phase6/processed/FIRST_DISTRESS_EVENTS.csv,first_distress_event,P6E-0197,SRC-001;SRC-002;SRC-003,MODERATE_NO_WAIVER,chronological_analytical_event_not_contractual_default,deterministic_calculation,2025-12-12,within_cutoff,"Mandatory payment failure excludes missed dividends and repurchases. Maturity shortfall, analytical warnings and drawability conventions remain separately classified and are not official covenant conclusions."
P6L-01495,data/phase6/processed/FIRST_DISTRESS_EVENTS.csv,first_distress_event,P6E-0198,SRC-001;SRC-002;SRC-003,P6M-MODERATE_NO_WAIVER-P-0060,chronological_analytical_event_not_contractual_default,deterministic_calculation,2025-12-12,within_cutoff,"Mandatory payment failure excludes missed dividends and repurchases. Maturity shortfall, analytical warnings and drawability conventions remain separately classified and are not official covenant conclusions."
P6L-01496,data/phase6/processed/FIRST_DISTRESS_EVENTS.csv,first_distress_event,P6E-0199,SRC-001;SRC-002;SRC-003,MODERATE_NO_WAIVER,chronological_analytical_event_not_contractual_default,deterministic_calculation,2025-12-12,within_cutoff,"Mandatory payment failure excludes missed dividends and repurchases. Maturity shortfall, analytical warnings and drawability conventions remain separately classified and are not official covenant conclusions."
P6L-01497,data/phase6/processed/FIRST_DISTRESS_EVENTS.csv,first_distress_event,P6E-0200,SRC-001;SRC-002;SRC-003,P6M-MODERATE_NO_WAIVER-E-0001,chronological_analytical_event_not_contractual_default,deterministic_calculation,2025-12-12,within_cutoff,"Mandatory payment failure excludes missed dividends and repurchases. Maturity shortfall, analytical warnings and drawability conventions remain separately classified and are not official covenant conclusions."
P6L-01498,data/phase6/processed/FIRST_DISTRESS_EVENTS.csv,first_distress_event,P6E-0201,SRC-001;SRC-002;SRC-003,P6M-MODERATE_NO_WAIVER-E-0005,chronological_analytical_event_not_contractual_default,deterministic_calculation,2025-12-12,within_cutoff,"Mandatory payment failure excludes missed dividends and repurchases. Maturity shortfall, analytical warnings and drawability conventions remain separately classified and are not official covenant conclusions."
P6L-01499,data/phase6/processed/FIRST_DISTRESS_EVENTS.csv,first_distress_event,P6E-0202,SRC-001;SRC-002;SRC-003,P6M-MODERATE_NO_WAIVER-E-0012,chronological_analytical_event_not_contractual_default,deterministic_calculation,2025-12-12,within_cutoff,"Mandatory payment failure excludes missed dividends and repurchases. Maturity shortfall, analytical warnings and drawability conventions remain separately classified and are not official covenant conclusions."
P6L-01500,data/phase6/processed/FIRST_DISTRESS_EVENTS.csv,first_distress_event,P6E-0203,SRC-001;SRC-002;SRC-003,P6M-MODERATE_NO_WAIVER-E-0012,chronological_analytical_event_not_contractual_default,deterministic_calculation,2025-12-12,within_cutoff,"Mandatory payment failure excludes missed dividends and repurchases. Maturity shortfall, analytical warnings and drawability conventions remain separately classified and are not official covenant conclusions."
P6L-01501,data/phase6/processed/FIRST_DISTRESS_EVENTS.csv,first_distress_event,P6E-0204,SRC-001;SRC-002;SRC-003,MODERATE_NO_WAIVER,chronological_analytical_event_not_contractual_default,deterministic_calculation,2025-12-12,within_cutoff,"Mandatory payment failure excludes missed dividends and repurchases. Maturity shortfall, analytical warnings and drawability conventions remain separately classified and are not official covenant conclusions."
P6L-01502,data/phase6/processed/FIRST_DISTRESS_EVENTS.csv,first_distress_event,P6E-0205,SRC-001;SRC-002;SRC-003,MODERATE_NO_WAIVER,chronological_analytical_event_not_contractual_default,deterministic_calculation,2025-12-12,within_cutoff,"Mandatory payment failure excludes missed dividends and repurchases. Maturity shortfall, analytical warnings and drawability conventions remain separately classified and are not official covenant conclusions."
P6L-01503,data/phase6/processed/FIRST_DISTRESS_EVENTS.csv,first_distress_event,P6E-0206,SRC-001;SRC-002;SRC-003,P6M-MODERATE_NO_WAIVER-E-0009,chronological_analytical_event_not_contractual_default,deterministic_calculation,2025-12-12,within_cutoff,"Mandatory payment failure excludes missed dividends and repurchases. Maturity shortfall, analytical warnings and drawability conventions remain separately classified and are not official covenant conclusions."
P6L-01504,data/phase6/processed/FIRST_DISTRESS_EVENTS.csv,first_distress_event,P6E-0207,SRC-001;SRC-002;SRC-003,MODERATE_NO_WAIVER,chronological_analytical_event_not_contractual_default,deterministic_calculation,2025-12-12,within_cutoff,"Mandatory payment failure excludes missed dividends and repurchases. Maturity shortfall, analytical warnings and drawability conventions remain separately classified and are not official covenant conclusions."
P6L-01505,data/phase6/processed/FIRST_DISTRESS_EVENTS.csv,first_distress_event,P6E-0208,SRC-001;SRC-002;SRC-003,MODERATE_NO_WAIVER,chronological_analytical_event_not_contractual_default,deterministic_calculation,2025-12-12,within_cutoff,"Mandatory payment failure excludes missed dividends and repurchases. Maturity shortfall, analytical warnings and drawability conventions remain separately classified and are not official covenant conclusions."
P6L-01506,data/phase6/processed/FIRST_DISTRESS_EVENTS.csv,first_distress_event,P6E-0209,SRC-001;SRC-002;SRC-003,MODERATE_NO_WAIVER,chronological_analytical_event_not_contractual_default,deterministic_calculation,2025-12-12,within_cutoff,"Mandatory payment failure excludes missed dividends and repurchases. Maturity shortfall, analytical warnings and drawability conventions remain separately classified and are not official covenant conclusions."
P6L-01507,data/phase6/processed/FIRST_DISTRESS_EVENTS.csv,first_distress_event,P6E-0210,SRC-001;SRC-002;SRC-003,MODERATE_NO_WAIVER,chronological_analytical_event_not_contractual_default,deterministic_calculation,2025-12-12,within_cutoff,"Mandatory payment failure excludes missed dividends and repurchases. Maturity shortfall, analytical warnings and drawability conventions remain separately classified and are not official covenant conclusions."
P6L-01508,data/phase6/processed/FIRST_DISTRESS_EVENTS.csv,first_distress_event,P6E-0211,SRC-001;SRC-002;SRC-003,MODERATE_NO_WAIVER,chronological_analytical_event_not_contractual_default,deterministic_calculation,2025-12-12,within_cutoff,"Mandatory payment failure excludes missed dividends and repurchases. Maturity shortfall, analytical warnings and drawability conventions remain separately classified and are not official covenant conclusions."
P6L-01509,data/phase6/processed/FIRST_DISTRESS_EVENTS.csv,first_distress_event,P6E-0212,SRC-001;SRC-002;SRC-003,MODERATE_NO_WAIVER,chronological_analytical_event_not_contractual_default,deterministic_calculation,2025-12-12,within_cutoff,"Mandatory payment failure excludes missed dividends and repurchases. Maturity shortfall, analytical warnings and drawability conventions remain separately classified and are not official covenant conclusions."
P6L-01510,data/phase6/processed/FIRST_DISTRESS_EVENTS.csv,first_distress_event,P6E-0213,SRC-001;SRC-002;SRC-003,MODERATE_NO_WAIVER,chronological_analytical_event_not_contractual_default,deterministic_calculation,2025-12-12,within_cutoff,"Mandatory payment failure excludes missed dividends and repurchases. Maturity shortfall, analytical warnings and drawability conventions remain separately classified and are not official covenant conclusions."
P6L-01511,data/phase6/processed/FIRST_DISTRESS_EVENTS.csv,first_distress_event,P6E-0214,SRC-001;SRC-002;SRC-003,MODERATE_NO_WAIVER,chronological_analytical_event_not_contractual_default,deterministic_calculation,2025-12-12,within_cutoff,"Mandatory payment failure excludes missed dividends and repurchases. Maturity shortfall, analytical warnings and drawability conventions remain separately classified and are not official covenant conclusions."
P6L-01512,data/phase6/processed/FIRST_DISTRESS_EVENTS.csv,first_distress_event,P6E-0215,SRC-001;SRC-002;SRC-003,P6M-MODERATE_NO_WAIVER-E-0042,chronological_analytical_event_not_contractual_default,deterministic_calculation,2025-12-12,within_cutoff,"Mandatory payment failure excludes missed dividends and repurchases. Maturity shortfall, analytical warnings and drawability conventions remain separately classified and are not official covenant conclusions."
P6L-01513,data/phase6/processed/FIRST_DISTRESS_EVENTS.csv,first_distress_event,P6E-0216,SRC-001;SRC-002;SRC-003,MODERATE_NO_WAIVER,chronological_analytical_event_not_contractual_default,deterministic_calculation,2025-12-12,within_cutoff,"Mandatory payment failure excludes missed dividends and repurchases. Maturity shortfall, analytical warnings and drawability conventions remain separately classified and are not official covenant conclusions."
P6L-01514,data/phase6/processed/FIRST_DISTRESS_EVENTS.csv,first_distress_event,P6E-0217,SRC-001;SRC-002;SRC-003,SEVERE_NO_WAIVER,chronological_analytical_event_not_contractual_default,deterministic_calculation,2025-12-12,within_cutoff,"Mandatory payment failure excludes missed dividends and repurchases. Maturity shortfall, analytical warnings and drawability conventions remain separately classified and are not official covenant conclusions."
P6L-01515,data/phase6/processed/FIRST_DISTRESS_EVENTS.csv,first_distress_event,P6E-0218,SRC-001;SRC-002;SRC-003,P6M-SEVERE_NO_WAIVER-P-0001,chronological_analytical_event_not_contractual_default,deterministic_calculation,2025-12-12,within_cutoff,"Mandatory payment failure excludes missed dividends and repurchases. Maturity shortfall, analytical warnings and drawability conventions remain separately classified and are not official covenant conclusions."
P6L-01516,data/phase6/processed/FIRST_DISTRESS_EVENTS.csv,first_distress_event,P6E-0219,SRC-001;SRC-002;SRC-003,P6M-SEVERE_NO_WAIVER-P-0030,chronological_analytical_event_not_contractual_default,deterministic_calculation,2025-12-12,within_cutoff,"Mandatory payment failure excludes missed dividends and repurchases. Maturity shortfall, analytical warnings and drawability conventions remain separately classified and are not official covenant conclusions."
P6L-01517,data/phase6/processed/FIRST_DISTRESS_EVENTS.csv,first_distress_event,P6E-0220,SRC-001;SRC-002;SRC-003,P6M-SEVERE_NO_WAIVER-P-0006,chronological_analytical_event_not_contractual_default,deterministic_calculation,2025-12-12,within_cutoff,"Mandatory payment failure excludes missed dividends and repurchases. Maturity shortfall, analytical warnings and drawability conventions remain separately classified and are not official covenant conclusions."
P6L-01518,data/phase6/processed/FIRST_DISTRESS_EVENTS.csv,first_distress_event,P6E-0221,SRC-001;SRC-002;SRC-003,P6M-SEVERE_NO_WAIVER-P-0006,chronological_analytical_event_not_contractual_default,deterministic_calculation,2025-12-12,within_cutoff,"Mandatory payment failure excludes missed dividends and repurchases. Maturity shortfall, analytical warnings and drawability conventions remain separately classified and are not official covenant conclusions."
P6L-01519,data/phase6/processed/FIRST_DISTRESS_EVENTS.csv,first_distress_event,P6E-0222,SRC-001;SRC-002;SRC-003,P6M-SEVERE_NO_WAIVER-P-0006,chronological_analytical_event_not_contractual_default,deterministic_calculation,2025-12-12,within_cutoff,"Mandatory payment failure excludes missed dividends and repurchases. Maturity shortfall, analytical warnings and drawability conventions remain separately classified and are not official covenant conclusions."
P6L-01520,data/phase6/processed/FIRST_DISTRESS_EVENTS.csv,first_distress_event,P6E-0223,SRC-001;SRC-002;SRC-003,P6M-SEVERE_NO_WAIVER-P-0007,chronological_analytical_event_not_contractual_default,deterministic_calculation,2025-12-12,within_cutoff,"Mandatory payment failure excludes missed dividends and repurchases. Maturity shortfall, analytical warnings and drawability conventions remain separately classified and are not official covenant conclusions."
P6L-01521,data/phase6/processed/FIRST_DISTRESS_EVENTS.csv,first_distress_event,P6E-0224,SRC-001;SRC-002;SRC-003,P6M-SEVERE_NO_WAIVER-P-0009,chronological_analytical_event_not_contractual_default,deterministic_calculation,2025-12-12,within_cutoff,"Mandatory payment failure excludes missed dividends and repurchases. Maturity shortfall, analytical warnings and drawability conventions remain separately classified and are not official covenant conclusions."
P6L-01522,data/phase6/processed/FIRST_DISTRESS_EVENTS.csv,first_distress_event,P6E-0225,SRC-001;SRC-002;SRC-003,P6M-SEVERE_NO_WAIVER-P-0012,chronological_analytical_event_not_contractual_default,deterministic_calculation,2025-12-12,within_cutoff,"Mandatory payment failure excludes missed dividends and repurchases. Maturity shortfall, analytical warnings and drawability conventions remain separately classified and are not official covenant conclusions."
P6L-01523,data/phase6/processed/FIRST_DISTRESS_EVENTS.csv,first_distress_event,P6E-0226,SRC-001;SRC-002;SRC-003,P6M-SEVERE_NO_WAIVER-P-0007,chronological_analytical_event_not_contractual_default,deterministic_calculation,2025-12-12,within_cutoff,"Mandatory payment failure excludes missed dividends and repurchases. Maturity shortfall, analytical warnings and drawability conventions remain separately classified and are not official covenant conclusions."
P6L-01524,data/phase6/processed/FIRST_DISTRESS_EVENTS.csv,first_distress_event,P6E-0227,SRC-001;SRC-002;SRC-003,SEVERE_NO_WAIVER,chronological_analytical_event_not_contractual_default,deterministic_calculation,2025-12-12,within_cutoff,"Mandatory payment failure excludes missed dividends and repurchases. Maturity shortfall, analytical warnings and drawability conventions remain separately classified and are not official covenant conclusions."
P6L-01525,data/phase6/processed/FIRST_DISTRESS_EVENTS.csv,first_distress_event,P6E-0228,SRC-001;SRC-002;SRC-003,P6M-SEVERE_NO_WAIVER-P-0012,chronological_analytical_event_not_contractual_default,deterministic_calculation,2025-12-12,within_cutoff,"Mandatory payment failure excludes missed dividends and repurchases. Maturity shortfall, analytical warnings and drawability conventions remain separately classified and are not official covenant conclusions."
P6L-01526,data/phase6/processed/FIRST_DISTRESS_EVENTS.csv,first_distress_event,P6E-0229,SRC-001;SRC-002;SRC-003,P6M-SEVERE_NO_WAIVER-P-0013,chronological_analytical_event_not_contractual_default,deterministic_calculation,2025-12-12,within_cutoff,"Mandatory payment failure excludes missed dividends and repurchases. Maturity shortfall, analytical warnings and drawability conventions remain separately classified and are not official covenant conclusions."
P6L-01527,data/phase6/processed/FIRST_DISTRESS_EVENTS.csv,first_distress_event,P6E-0230,SRC-001;SRC-002;SRC-003,P6M-SEVERE_NO_WAIVER-P-0012,chronological_analytical_event_not_contractual_default,deterministic_calculation,2025-12-12,within_cutoff,"Mandatory payment failure excludes missed dividends and repurchases. Maturity shortfall, analytical warnings and drawability conventions remain separately classified and are not official covenant conclusions."
P6L-01528,data/phase6/processed/FIRST_DISTRESS_EVENTS.csv,first_distress_event,P6E-0231,SRC-001;SRC-002;SRC-003,P6M-SEVERE_NO_WAIVER-P-0013,chronological_analytical_event_not_contractual_default,deterministic_calculation,2025-12-12,within_cutoff,"Mandatory payment failure excludes missed dividends and repurchases. Maturity shortfall, analytical warnings and drawability conventions remain separately classified and are not official covenant conclusions."
P6L-01529,data/phase6/processed/FIRST_DISTRESS_EVENTS.csv,first_distress_event,P6E-0232,SRC-001;SRC-002;SRC-003,P6M-SEVERE_NO_WAIVER-P-0001,chronological_analytical_event_not_contractual_default,deterministic_calculation,2025-12-12,within_cutoff,"Mandatory payment failure excludes missed dividends and repurchases. Maturity shortfall, analytical warnings and drawability conventions remain separately classified and are not official covenant conclusions."
P6L-01530,data/phase6/processed/FIRST_DISTRESS_EVENTS.csv,first_distress_event,P6E-0233,SRC-001;SRC-002;SRC-003,SEVERE_NO_WAIVER,chronological_analytical_event_not_contractual_default,deterministic_calculation,2025-12-12,within_cutoff,"Mandatory payment failure excludes missed dividends and repurchases. Maturity shortfall, analytical warnings and drawability conventions remain separately classified and are not official covenant conclusions."
P6L-01531,data/phase6/processed/FIRST_DISTRESS_EVENTS.csv,first_distress_event,P6E-0234,SRC-001;SRC-002;SRC-003,P6M-SEVERE_NO_WAIVER-P-0060,chronological_analytical_event_not_contractual_default,deterministic_calculation,2025-12-12,within_cutoff,"Mandatory payment failure excludes missed dividends and repurchases. Maturity shortfall, analytical warnings and drawability conventions remain separately classified and are not official covenant conclusions."
P6L-01532,data/phase6/processed/FIRST_DISTRESS_EVENTS.csv,first_distress_event,P6E-0235,SRC-001;SRC-002;SRC-003,SEVERE_NO_WAIVER,chronological_analytical_event_not_contractual_default,deterministic_calculation,2025-12-12,within_cutoff,"Mandatory payment failure excludes missed dividends and repurchases. Maturity shortfall, analytical warnings and drawability conventions remain separately classified and are not official covenant conclusions."
P6L-01533,data/phase6/processed/FIRST_DISTRESS_EVENTS.csv,first_distress_event,P6E-0236,SRC-001;SRC-002;SRC-003,P6M-SEVERE_NO_WAIVER-E-0001,chronological_analytical_event_not_contractual_default,deterministic_calculation,2025-12-12,within_cutoff,"Mandatory payment failure excludes missed dividends and repurchases. Maturity shortfall, analytical warnings and drawability conventions remain separately classified and are not official covenant conclusions."
P6L-01534,data/phase6/processed/FIRST_DISTRESS_EVENTS.csv,first_distress_event,P6E-0237,SRC-001;SRC-002;SRC-003,P6M-SEVERE_NO_WAIVER-E-0006,chronological_analytical_event_not_contractual_default,deterministic_calculation,2025-12-12,within_cutoff,"Mandatory payment failure excludes missed dividends and repurchases. Maturity shortfall, analytical warnings and drawability conventions remain separately classified and are not official covenant conclusions."
P6L-01535,data/phase6/processed/FIRST_DISTRESS_EVENTS.csv,first_distress_event,P6E-0238,SRC-001;SRC-002;SRC-003,P6M-SEVERE_NO_WAIVER-E-0024,chronological_analytical_event_not_contractual_default,deterministic_calculation,2025-12-12,within_cutoff,"Mandatory payment failure excludes missed dividends and repurchases. Maturity shortfall, analytical warnings and drawability conventions remain separately classified and are not official covenant conclusions."
P6L-01536,data/phase6/processed/FIRST_DISTRESS_EVENTS.csv,first_distress_event,P6E-0239,SRC-001;SRC-002;SRC-003,P6M-SEVERE_NO_WAIVER-E-0024,chronological_analytical_event_not_contractual_default,deterministic_calculation,2025-12-12,within_cutoff,"Mandatory payment failure excludes missed dividends and repurchases. Maturity shortfall, analytical warnings and drawability conventions remain separately classified and are not official covenant conclusions."
P6L-01537,data/phase6/processed/FIRST_DISTRESS_EVENTS.csv,first_distress_event,P6E-0240,SRC-001;SRC-002;SRC-003,P6M-SEVERE_NO_WAIVER-E-0013,chronological_analytical_event_not_contractual_default,deterministic_calculation,2025-12-12,within_cutoff,"Mandatory payment failure excludes missed dividends and repurchases. Maturity shortfall, analytical warnings and drawability conventions remain separately classified and are not official covenant conclusions."
P6L-01538,data/phase6/processed/FIRST_DISTRESS_EVENTS.csv,first_distress_event,P6E-0241,SRC-001;SRC-002;SRC-003,P6M-SEVERE_NO_WAIVER-E-0024,chronological_analytical_event_not_contractual_default,deterministic_calculation,2025-12-12,within_cutoff,"Mandatory payment failure excludes missed dividends and repurchases. Maturity shortfall, analytical warnings and drawability conventions remain separately classified and are not official covenant conclusions."
P6L-01539,data/phase6/processed/FIRST_DISTRESS_EVENTS.csv,first_distress_event,P6E-0242,SRC-001;SRC-002;SRC-003,P6M-SEVERE_NO_WAIVER-E-0009,chronological_analytical_event_not_contractual_default,deterministic_calculation,2025-12-12,within_cutoff,"Mandatory payment failure excludes missed dividends and repurchases. Maturity shortfall, analytical warnings and drawability conventions remain separately classified and are not official covenant conclusions."
P6L-01540,data/phase6/processed/FIRST_DISTRESS_EVENTS.csv,first_distress_event,P6E-0243,SRC-001;SRC-002;SRC-003,P6M-SEVERE_NO_WAIVER-E-0012,chronological_analytical_event_not_contractual_default,deterministic_calculation,2025-12-12,within_cutoff,"Mandatory payment failure excludes missed dividends and repurchases. Maturity shortfall, analytical warnings and drawability conventions remain separately classified and are not official covenant conclusions."
P6L-01541,data/phase6/processed/FIRST_DISTRESS_EVENTS.csv,first_distress_event,P6E-0244,SRC-001;SRC-002;SRC-003,SEVERE_NO_WAIVER,chronological_analytical_event_not_contractual_default,deterministic_calculation,2025-12-12,within_cutoff,"Mandatory payment failure excludes missed dividends and repurchases. Maturity shortfall, analytical warnings and drawability conventions remain separately classified and are not official covenant conclusions."
P6L-01542,data/phase6/processed/FIRST_DISTRESS_EVENTS.csv,first_distress_event,P6E-0245,SRC-001;SRC-002;SRC-003,P6M-SEVERE_NO_WAIVER-E-0024,chronological_analytical_event_not_contractual_default,deterministic_calculation,2025-12-12,within_cutoff,"Mandatory payment failure excludes missed dividends and repurchases. Maturity shortfall, analytical warnings and drawability conventions remain separately classified and are not official covenant conclusions."
P6L-01543,data/phase6/processed/FIRST_DISTRESS_EVENTS.csv,first_distress_event,P6E-0246,SRC-001;SRC-002;SRC-003,SEVERE_NO_WAIVER,chronological_analytical_event_not_contractual_default,deterministic_calculation,2025-12-12,within_cutoff,"Mandatory payment failure excludes missed dividends and repurchases. Maturity shortfall, analytical warnings and drawability conventions remain separately classified and are not official covenant conclusions."
P6L-01544,data/phase6/processed/FIRST_DISTRESS_EVENTS.csv,first_distress_event,P6E-0247,SRC-001;SRC-002;SRC-003,SEVERE_NO_WAIVER,chronological_analytical_event_not_contractual_default,deterministic_calculation,2025-12-12,within_cutoff,"Mandatory payment failure excludes missed dividends and repurchases. Maturity shortfall, analytical warnings and drawability conventions remain separately classified and are not official covenant conclusions."
P6L-01545,data/phase6/processed/FIRST_DISTRESS_EVENTS.csv,first_distress_event,P6E-0248,SRC-001;SRC-002;SRC-003,SEVERE_NO_WAIVER,chronological_analytical_event_not_contractual_default,deterministic_calculation,2025-12-12,within_cutoff,"Mandatory payment failure excludes missed dividends and repurchases. Maturity shortfall, analytical warnings and drawability conventions remain separately classified and are not official covenant conclusions."
P6L-01546,data/phase6/processed/FIRST_DISTRESS_EVENTS.csv,first_distress_event,P6E-0249,SRC-001;SRC-002;SRC-003,SEVERE_NO_WAIVER,chronological_analytical_event_not_contractual_default,deterministic_calculation,2025-12-12,within_cutoff,"Mandatory payment failure excludes missed dividends and repurchases. Maturity shortfall, analytical warnings and drawability conventions remain separately classified and are not official covenant conclusions."
P6L-01547,data/phase6/processed/FIRST_DISTRESS_EVENTS.csv,first_distress_event,P6E-0250,SRC-001;SRC-002;SRC-003,SEVERE_NO_WAIVER,chronological_analytical_event_not_contractual_default,deterministic_calculation,2025-12-12,within_cutoff,"Mandatory payment failure excludes missed dividends and repurchases. Maturity shortfall, analytical warnings and drawability conventions remain separately classified and are not official covenant conclusions."
P6L-01548,data/phase6/processed/FIRST_DISTRESS_EVENTS.csv,first_distress_event,P6E-0251,SRC-001;SRC-002;SRC-003,P6M-SEVERE_NO_WAIVER-E-0042,chronological_analytical_event_not_contractual_default,deterministic_calculation,2025-12-12,within_cutoff,"Mandatory payment failure excludes missed dividends and repurchases. Maturity shortfall, analytical warnings and drawability conventions remain separately classified and are not official covenant conclusions."
P6L-01549,data/phase6/processed/FIRST_DISTRESS_EVENTS.csv,first_distress_event,P6E-0252,SRC-001;SRC-002;SRC-003,SEVERE_NO_WAIVER,chronological_analytical_event_not_contractual_default,deterministic_calculation,2025-12-12,within_cutoff,"Mandatory payment failure excludes missed dividends and repurchases. Maturity shortfall, analytical warnings and drawability conventions remain separately classified and are not official covenant conclusions."
P6L-01550,data/phase6/processed/ANALYTICAL_THRESHOLD_TESTS.csv,analytical_threshold_test,P6T-0001,SRC-001;SRC-002;SRC-003,P6M-BASE-P-0003,analytical_warning_test_not_compliance_certificate,inherited_phase5_base,2025-12-12,within_cutoff,"Eligible cash, final EBITDA definitions, covenant baskets, equity cures and proposed legal documentation are unavailable. Book-cash net leverage is an analyst diagnostic only."
P6L-01551,data/phase6/processed/ANALYTICAL_THRESHOLD_TESTS.csv,analytical_threshold_test,P6T-0002,SRC-001;SRC-002;SRC-003,P6M-BASE-P-0006,analytical_warning_test_not_compliance_certificate,inherited_phase5_base,2025-12-12,within_cutoff,"Eligible cash, final EBITDA definitions, covenant baskets, equity cures and proposed legal documentation are unavailable. Book-cash net leverage is an analyst diagnostic only."
P6L-01552,data/phase6/processed/ANALYTICAL_THRESHOLD_TESTS.csv,analytical_threshold_test,P6T-0003,SRC-001;SRC-002;SRC-003,P6M-BASE-P-0009,analytical_warning_test_not_compliance_certificate,inherited_phase5_base,2025-12-12,within_cutoff,"Eligible cash, final EBITDA definitions, covenant baskets, equity cures and proposed legal documentation are unavailable. Book-cash net leverage is an analyst diagnostic only."
P6L-01553,data/phase6/processed/ANALYTICAL_THRESHOLD_TESTS.csv,analytical_threshold_test,P6T-0004,SRC-001;SRC-002;SRC-003,P6M-BASE-P-0012,analytical_warning_test_not_compliance_certificate,inherited_phase5_base,2025-12-12,within_cutoff,"Eligible cash, final EBITDA definitions, covenant baskets, equity cures and proposed legal documentation are unavailable. Book-cash net leverage is an analyst diagnostic only."
P6L-01554,data/phase6/processed/ANALYTICAL_THRESHOLD_TESTS.csv,analytical_threshold_test,P6T-0005,SRC-001;SRC-002;SRC-003,P6M-BASE-P-0015,analytical_warning_test_not_compliance_certificate,inherited_phase5_base,2025-12-12,within_cutoff,"Eligible cash, final EBITDA definitions, covenant baskets, equity cures and proposed legal documentation are unavailable. Book-cash net leverage is an analyst diagnostic only."
P6L-01555,data/phase6/processed/ANALYTICAL_THRESHOLD_TESTS.csv,analytical_threshold_test,P6T-0006,SRC-001;SRC-002;SRC-003,P6M-BASE-P-0018,analytical_warning_test_not_compliance_certificate,inherited_phase5_base,2025-12-12,within_cutoff,"Eligible cash, final EBITDA definitions, covenant baskets, equity cures and proposed legal documentation are unavailable. Book-cash net leverage is an analyst diagnostic only."
P6L-01556,data/phase6/processed/ANALYTICAL_THRESHOLD_TESTS.csv,analytical_threshold_test,P6T-0007,SRC-001;SRC-002;SRC-003,P6M-BASE-P-0021,analytical_warning_test_not_compliance_certificate,inherited_phase5_base,2025-12-12,within_cutoff,"Eligible cash, final EBITDA definitions, covenant baskets, equity cures and proposed legal documentation are unavailable. Book-cash net leverage is an analyst diagnostic only."
P6L-01557,data/phase6/processed/ANALYTICAL_THRESHOLD_TESTS.csv,analytical_threshold_test,P6T-0008,SRC-001;SRC-002;SRC-003,P6M-BASE-P-0024,analytical_warning_test_not_compliance_certificate,inherited_phase5_base,2025-12-12,within_cutoff,"Eligible cash, final EBITDA definitions, covenant baskets, equity cures and proposed legal documentation are unavailable. Book-cash net leverage is an analyst diagnostic only."
P6L-01558,data/phase6/processed/ANALYTICAL_THRESHOLD_TESTS.csv,analytical_threshold_test,P6T-0009,SRC-001;SRC-002;SRC-003,P6M-BASE-P-0027,analytical_warning_test_not_compliance_certificate,inherited_phase5_base,2025-12-12,within_cutoff,"Eligible cash, final EBITDA definitions, covenant baskets, equity cures and proposed legal documentation are unavailable. Book-cash net leverage is an analyst diagnostic only."
P6L-01559,data/phase6/processed/ANALYTICAL_THRESHOLD_TESTS.csv,analytical_threshold_test,P6T-0010,SRC-001;SRC-002;SRC-003,P6M-BASE-P-0030,analytical_warning_test_not_compliance_certificate,inherited_phase5_base,2025-12-12,within_cutoff,"Eligible cash, final EBITDA definitions, covenant baskets, equity cures and proposed legal documentation are unavailable. Book-cash net leverage is an analyst diagnostic only."
P6L-01560,data/phase6/processed/ANALYTICAL_THRESHOLD_TESTS.csv,analytical_threshold_test,P6T-0011,SRC-001;SRC-002;SRC-003,P6M-BASE-P-0033,analytical_warning_test_not_compliance_certificate,inherited_phase5_base,2025-12-12,within_cutoff,"Eligible cash, final EBITDA definitions, covenant baskets, equity cures and proposed legal documentation are unavailable. Book-cash net leverage is an analyst diagnostic only."
P6L-01561,data/phase6/processed/ANALYTICAL_THRESHOLD_TESTS.csv,analytical_threshold_test,P6T-0012,SRC-001;SRC-002;SRC-003,P6M-BASE-P-0036,analytical_warning_test_not_compliance_certificate,inherited_phase5_base,2025-12-12,within_cutoff,"Eligible cash, final EBITDA definitions, covenant baskets, equity cures and proposed legal documentation are unavailable. Book-cash net leverage is an analyst diagnostic only."
P6L-01562,data/phase6/processed/ANALYTICAL_THRESHOLD_TESTS.csv,analytical_threshold_test,P6T-0013,SRC-001;SRC-002;SRC-003,P6M-BASE-P-0039,analytical_warning_test_not_compliance_certificate,inherited_phase5_base,2025-12-12,within_cutoff,"Eligible cash, final EBITDA definitions, covenant baskets, equity cures and proposed legal documentation are unavailable. Book-cash net leverage is an analyst diagnostic only."
P6L-01563,data/phase6/processed/ANALYTICAL_THRESHOLD_TESTS.csv,analytical_threshold_test,P6T-0014,SRC-001;SRC-002;SRC-003,P6M-BASE-P-0042,analytical_warning_test_not_compliance_certificate,inherited_phase5_base,2025-12-12,within_cutoff,"Eligible cash, final EBITDA definitions, covenant baskets, equity cures and proposed legal documentation are unavailable. Book-cash net leverage is an analyst diagnostic only."
P6L-01564,data/phase6/processed/ANALYTICAL_THRESHOLD_TESTS.csv,analytical_threshold_test,P6T-0015,SRC-001;SRC-002;SRC-003,P6M-BASE-P-0045,analytical_warning_test_not_compliance_certificate,inherited_phase5_base,2025-12-12,within_cutoff,"Eligible cash, final EBITDA definitions, covenant baskets, equity cures and proposed legal documentation are unavailable. Book-cash net leverage is an analyst diagnostic only."
P6L-01565,data/phase6/processed/ANALYTICAL_THRESHOLD_TESTS.csv,analytical_threshold_test,P6T-0016,SRC-001;SRC-002;SRC-003,P6M-BASE-P-0048,analytical_warning_test_not_compliance_certificate,inherited_phase5_base,2025-12-12,within_cutoff,"Eligible cash, final EBITDA definitions, covenant baskets, equity cures and proposed legal documentation are unavailable. Book-cash net leverage is an analyst diagnostic only."
P6L-01566,data/phase6/processed/ANALYTICAL_THRESHOLD_TESTS.csv,analytical_threshold_test,P6T-0017,SRC-001;SRC-002;SRC-003,P6M-BASE-P-0051,analytical_warning_test_not_compliance_certificate,inherited_phase5_base,2025-12-12,within_cutoff,"Eligible cash, final EBITDA definitions, covenant baskets, equity cures and proposed legal documentation are unavailable. Book-cash net leverage is an analyst diagnostic only."
P6L-01567,data/phase6/processed/ANALYTICAL_THRESHOLD_TESTS.csv,analytical_threshold_test,P6T-0018,SRC-001;SRC-002;SRC-003,P6M-BASE-P-0054,analytical_warning_test_not_compliance_certificate,inherited_phase5_base,2025-12-12,within_cutoff,"Eligible cash, final EBITDA definitions, covenant baskets, equity cures and proposed legal documentation are unavailable. Book-cash net leverage is an analyst diagnostic only."
P6L-01568,data/phase6/processed/ANALYTICAL_THRESHOLD_TESTS.csv,analytical_threshold_test,P6T-0019,SRC-001;SRC-002;SRC-003,P6M-BASE-P-0057,analytical_warning_test_not_compliance_certificate,inherited_phase5_base,2025-12-12,within_cutoff,"Eligible cash, final EBITDA definitions, covenant baskets, equity cures and proposed legal documentation are unavailable. Book-cash net leverage is an analyst diagnostic only."
P6L-01569,data/phase6/processed/ANALYTICAL_THRESHOLD_TESTS.csv,analytical_threshold_test,P6T-0020,SRC-001;SRC-002;SRC-003,P6M-BASE-P-0060,analytical_warning_test_not_compliance_certificate,inherited_phase5_base,2025-12-12,within_cutoff,"Eligible cash, final EBITDA definitions, covenant baskets, equity cures and proposed legal documentation are unavailable. Book-cash net leverage is an analyst diagnostic only."
P6L-01570,data/phase6/processed/ANALYTICAL_THRESHOLD_TESTS.csv,analytical_threshold_test,P6T-0021,SRC-001;SRC-002;SRC-003,P6M-BASE-E-0003,analytical_warning_test_not_compliance_certificate,inherited_phase5_base,2025-12-12,within_cutoff,"Eligible cash, final EBITDA definitions, covenant baskets, equity cures and proposed legal documentation are unavailable. Book-cash net leverage is an analyst diagnostic only."
P6L-01571,data/phase6/processed/ANALYTICAL_THRESHOLD_TESTS.csv,analytical_threshold_test,P6T-0022,SRC-001;SRC-002;SRC-003,P6M-BASE-E-0006,analytical_warning_test_not_compliance_certificate,inherited_phase5_base,2025-12-12,within_cutoff,"Eligible cash, final EBITDA definitions, covenant baskets, equity cures and proposed legal documentation are unavailable. Book-cash net leverage is an analyst diagnostic only."
P6L-01572,data/phase6/processed/ANALYTICAL_THRESHOLD_TESTS.csv,analytical_threshold_test,P6T-0023,SRC-001;SRC-002;SRC-003,P6M-BASE-E-0009,analytical_warning_test_not_compliance_certificate,inherited_phase5_base,2025-12-12,within_cutoff,"Eligible cash, final EBITDA definitions, covenant baskets, equity cures and proposed legal documentation are unavailable. Book-cash net leverage is an analyst diagnostic only."
P6L-01573,data/phase6/processed/ANALYTICAL_THRESHOLD_TESTS.csv,analytical_threshold_test,P6T-0024,SRC-001;SRC-002;SRC-003,P6M-BASE-E-0012,analytical_warning_test_not_compliance_certificate,inherited_phase5_base,2025-12-12,within_cutoff,"Eligible cash, final EBITDA definitions, covenant baskets, equity cures and proposed legal documentation are unavailable. Book-cash net leverage is an analyst diagnostic only."
P6L-01574,data/phase6/processed/ANALYTICAL_THRESHOLD_TESTS.csv,analytical_threshold_test,P6T-0025,SRC-001;SRC-002;SRC-003,P6M-BASE-E-0015,analytical_warning_test_not_compliance_certificate,inherited_phase5_base,2025-12-12,within_cutoff,"Eligible cash, final EBITDA definitions, covenant baskets, equity cures and proposed legal documentation are unavailable. Book-cash net leverage is an analyst diagnostic only."
P6L-01575,data/phase6/processed/ANALYTICAL_THRESHOLD_TESTS.csv,analytical_threshold_test,P6T-0026,SRC-001;SRC-002;SRC-003,P6M-BASE-E-0018,analytical_warning_test_not_compliance_certificate,inherited_phase5_base,2025-12-12,within_cutoff,"Eligible cash, final EBITDA definitions, covenant baskets, equity cures and proposed legal documentation are unavailable. Book-cash net leverage is an analyst diagnostic only."
P6L-01576,data/phase6/processed/ANALYTICAL_THRESHOLD_TESTS.csv,analytical_threshold_test,P6T-0027,SRC-001;SRC-002;SRC-003,P6M-BASE-E-0021,analytical_warning_test_not_compliance_certificate,inherited_phase5_base,2025-12-12,within_cutoff,"Eligible cash, final EBITDA definitions, covenant baskets, equity cures and proposed legal documentation are unavailable. Book-cash net leverage is an analyst diagnostic only."
P6L-01577,data/phase6/processed/ANALYTICAL_THRESHOLD_TESTS.csv,analytical_threshold_test,P6T-0028,SRC-001;SRC-002;SRC-003,P6M-BASE-E-0024,analytical_warning_test_not_compliance_certificate,inherited_phase5_base,2025-12-12,within_cutoff,"Eligible cash, final EBITDA definitions, covenant baskets, equity cures and proposed legal documentation are unavailable. Book-cash net leverage is an analyst diagnostic only."
P6L-01578,data/phase6/processed/ANALYTICAL_THRESHOLD_TESTS.csv,analytical_threshold_test,P6T-0029,SRC-001;SRC-002;SRC-003,P6M-BASE-E-0027,analytical_warning_test_not_compliance_certificate,inherited_phase5_base,2025-12-12,within_cutoff,"Eligible cash, final EBITDA definitions, covenant baskets, equity cures and proposed legal documentation are unavailable. Book-cash net leverage is an analyst diagnostic only."
P6L-01579,data/phase6/processed/ANALYTICAL_THRESHOLD_TESTS.csv,analytical_threshold_test,P6T-0030,SRC-001;SRC-002;SRC-003,P6M-BASE-E-0030,analytical_warning_test_not_compliance_certificate,inherited_phase5_base,2025-12-12,within_cutoff,"Eligible cash, final EBITDA definitions, covenant baskets, equity cures and proposed legal documentation are unavailable. Book-cash net leverage is an analyst diagnostic only."
P6L-01580,data/phase6/processed/ANALYTICAL_THRESHOLD_TESTS.csv,analytical_threshold_test,P6T-0031,SRC-001;SRC-002;SRC-003,P6M-BASE-E-0033,analytical_warning_test_not_compliance_certificate,inherited_phase5_base,2025-12-12,within_cutoff,"Eligible cash, final EBITDA definitions, covenant baskets, equity cures and proposed legal documentation are unavailable. Book-cash net leverage is an analyst diagnostic only."
P6L-01581,data/phase6/processed/ANALYTICAL_THRESHOLD_TESTS.csv,analytical_threshold_test,P6T-0032,SRC-001;SRC-002;SRC-003,P6M-BASE-E-0036,analytical_warning_test_not_compliance_certificate,inherited_phase5_base,2025-12-12,within_cutoff,"Eligible cash, final EBITDA definitions, covenant baskets, equity cures and proposed legal documentation are unavailable. Book-cash net leverage is an analyst diagnostic only."
P6L-01582,data/phase6/processed/ANALYTICAL_THRESHOLD_TESTS.csv,analytical_threshold_test,P6T-0033,SRC-001;SRC-002;SRC-003,P6M-BASE-E-0039,analytical_warning_test_not_compliance_certificate,inherited_phase5_base,2025-12-12,within_cutoff,"Eligible cash, final EBITDA definitions, covenant baskets, equity cures and proposed legal documentation are unavailable. Book-cash net leverage is an analyst diagnostic only."
P6L-01583,data/phase6/processed/ANALYTICAL_THRESHOLD_TESTS.csv,analytical_threshold_test,P6T-0034,SRC-001;SRC-002;SRC-003,P6M-BASE-E-0042,analytical_warning_test_not_compliance_certificate,inherited_phase5_base,2025-12-12,within_cutoff,"Eligible cash, final EBITDA definitions, covenant baskets, equity cures and proposed legal documentation are unavailable. Book-cash net leverage is an analyst diagnostic only."
P6L-01584,data/phase6/processed/ANALYTICAL_THRESHOLD_TESTS.csv,analytical_threshold_test,P6T-0035,SRC-001;SRC-002;SRC-003,P6M-MODERATE_UNMITIGATED-P-0003,analytical_warning_test_not_compliance_certificate,owner_reviewed_for_phase6_testing,2025-12-12,within_cutoff,"Eligible cash, final EBITDA definitions, covenant baskets, equity cures and proposed legal documentation are unavailable. Book-cash net leverage is an analyst diagnostic only."
P6L-01585,data/phase6/processed/ANALYTICAL_THRESHOLD_TESTS.csv,analytical_threshold_test,P6T-0036,SRC-001;SRC-002;SRC-003,P6M-MODERATE_UNMITIGATED-P-0006,analytical_warning_test_not_compliance_certificate,owner_reviewed_for_phase6_testing,2025-12-12,within_cutoff,"Eligible cash, final EBITDA definitions, covenant baskets, equity cures and proposed legal documentation are unavailable. Book-cash net leverage is an analyst diagnostic only."
P6L-01586,data/phase6/processed/ANALYTICAL_THRESHOLD_TESTS.csv,analytical_threshold_test,P6T-0037,SRC-001;SRC-002;SRC-003,P6M-MODERATE_UNMITIGATED-P-0009,analytical_warning_test_not_compliance_certificate,owner_reviewed_for_phase6_testing,2025-12-12,within_cutoff,"Eligible cash, final EBITDA definitions, covenant baskets, equity cures and proposed legal documentation are unavailable. Book-cash net leverage is an analyst diagnostic only."
P6L-01587,data/phase6/processed/ANALYTICAL_THRESHOLD_TESTS.csv,analytical_threshold_test,P6T-0038,SRC-001;SRC-002;SRC-003,P6M-MODERATE_UNMITIGATED-P-0012,analytical_warning_test_not_compliance_certificate,owner_reviewed_for_phase6_testing,2025-12-12,within_cutoff,"Eligible cash, final EBITDA definitions, covenant baskets, equity cures and proposed legal documentation are unavailable. Book-cash net leverage is an analyst diagnostic only."
P6L-01588,data/phase6/processed/ANALYTICAL_THRESHOLD_TESTS.csv,analytical_threshold_test,P6T-0039,SRC-001;SRC-002;SRC-003,P6M-MODERATE_UNMITIGATED-P-0015,analytical_warning_test_not_compliance_certificate,owner_reviewed_for_phase6_testing,2025-12-12,within_cutoff,"Eligible cash, final EBITDA definitions, covenant baskets, equity cures and proposed legal documentation are unavailable. Book-cash net leverage is an analyst diagnostic only."
P6L-01589,data/phase6/processed/ANALYTICAL_THRESHOLD_TESTS.csv,analytical_threshold_test,P6T-0040,SRC-001;SRC-002;SRC-003,P6M-MODERATE_UNMITIGATED-P-0018,analytical_warning_test_not_compliance_certificate,owner_reviewed_for_phase6_testing,2025-12-12,within_cutoff,"Eligible cash, final EBITDA definitions, covenant baskets, equity cures and proposed legal documentation are unavailable. Book-cash net leverage is an analyst diagnostic only."
P6L-01590,data/phase6/processed/ANALYTICAL_THRESHOLD_TESTS.csv,analytical_threshold_test,P6T-0041,SRC-001;SRC-002;SRC-003,P6M-MODERATE_UNMITIGATED-P-0021,analytical_warning_test_not_compliance_certificate,owner_reviewed_for_phase6_testing,2025-12-12,within_cutoff,"Eligible cash, final EBITDA definitions, covenant baskets, equity cures and proposed legal documentation are unavailable. Book-cash net leverage is an analyst diagnostic only."
P6L-01591,data/phase6/processed/ANALYTICAL_THRESHOLD_TESTS.csv,analytical_threshold_test,P6T-0042,SRC-001;SRC-002;SRC-003,P6M-MODERATE_UNMITIGATED-P-0024,analytical_warning_test_not_compliance_certificate,owner_reviewed_for_phase6_testing,2025-12-12,within_cutoff,"Eligible cash, final EBITDA definitions, covenant baskets, equity cures and proposed legal documentation are unavailable. Book-cash net leverage is an analyst diagnostic only."
P6L-01592,data/phase6/processed/ANALYTICAL_THRESHOLD_TESTS.csv,analytical_threshold_test,P6T-0043,SRC-001;SRC-002;SRC-003,P6M-MODERATE_UNMITIGATED-P-0027,analytical_warning_test_not_compliance_certificate,owner_reviewed_for_phase6_testing,2025-12-12,within_cutoff,"Eligible cash, final EBITDA definitions, covenant baskets, equity cures and proposed legal documentation are unavailable. Book-cash net leverage is an analyst diagnostic only."
P6L-01593,data/phase6/processed/ANALYTICAL_THRESHOLD_TESTS.csv,analytical_threshold_test,P6T-0044,SRC-001;SRC-002;SRC-003,P6M-MODERATE_UNMITIGATED-P-0030,analytical_warning_test_not_compliance_certificate,owner_reviewed_for_phase6_testing,2025-12-12,within_cutoff,"Eligible cash, final EBITDA definitions, covenant baskets, equity cures and proposed legal documentation are unavailable. Book-cash net leverage is an analyst diagnostic only."
P6L-01594,data/phase6/processed/ANALYTICAL_THRESHOLD_TESTS.csv,analytical_threshold_test,P6T-0045,SRC-001;SRC-002;SRC-003,P6M-MODERATE_UNMITIGATED-P-0033,analytical_warning_test_not_compliance_certificate,owner_reviewed_for_phase6_testing,2025-12-12,within_cutoff,"Eligible cash, final EBITDA definitions, covenant baskets, equity cures and proposed legal documentation are unavailable. Book-cash net leverage is an analyst diagnostic only."
P6L-01595,data/phase6/processed/ANALYTICAL_THRESHOLD_TESTS.csv,analytical_threshold_test,P6T-0046,SRC-001;SRC-002;SRC-003,P6M-MODERATE_UNMITIGATED-P-0036,analytical_warning_test_not_compliance_certificate,owner_reviewed_for_phase6_testing,2025-12-12,within_cutoff,"Eligible cash, final EBITDA definitions, covenant baskets, equity cures and proposed legal documentation are unavailable. Book-cash net leverage is an analyst diagnostic only."
P6L-01596,data/phase6/processed/ANALYTICAL_THRESHOLD_TESTS.csv,analytical_threshold_test,P6T-0047,SRC-001;SRC-002;SRC-003,P6M-MODERATE_UNMITIGATED-P-0039,analytical_warning_test_not_compliance_certificate,owner_reviewed_for_phase6_testing,2025-12-12,within_cutoff,"Eligible cash, final EBITDA definitions, covenant baskets, equity cures and proposed legal documentation are unavailable. Book-cash net leverage is an analyst diagnostic only."
P6L-01597,data/phase6/processed/ANALYTICAL_THRESHOLD_TESTS.csv,analytical_threshold_test,P6T-0048,SRC-001;SRC-002;SRC-003,P6M-MODERATE_UNMITIGATED-P-0042,analytical_warning_test_not_compliance_certificate,owner_reviewed_for_phase6_testing,2025-12-12,within_cutoff,"Eligible cash, final EBITDA definitions, covenant baskets, equity cures and proposed legal documentation are unavailable. Book-cash net leverage is an analyst diagnostic only."
P6L-01598,data/phase6/processed/ANALYTICAL_THRESHOLD_TESTS.csv,analytical_threshold_test,P6T-0049,SRC-001;SRC-002;SRC-003,P6M-MODERATE_UNMITIGATED-P-0045,analytical_warning_test_not_compliance_certificate,owner_reviewed_for_phase6_testing,2025-12-12,within_cutoff,"Eligible cash, final EBITDA definitions, covenant baskets, equity cures and proposed legal documentation are unavailable. Book-cash net leverage is an analyst diagnostic only."
P6L-01599,data/phase6/processed/ANALYTICAL_THRESHOLD_TESTS.csv,analytical_threshold_test,P6T-0050,SRC-001;SRC-002;SRC-003,P6M-MODERATE_UNMITIGATED-P-0048,analytical_warning_test_not_compliance_certificate,owner_reviewed_for_phase6_testing,2025-12-12,within_cutoff,"Eligible cash, final EBITDA definitions, covenant baskets, equity cures and proposed legal documentation are unavailable. Book-cash net leverage is an analyst diagnostic only."
P6L-01600,data/phase6/processed/ANALYTICAL_THRESHOLD_TESTS.csv,analytical_threshold_test,P6T-0051,SRC-001;SRC-002;SRC-003,P6M-MODERATE_UNMITIGATED-P-0051,analytical_warning_test_not_compliance_certificate,owner_reviewed_for_phase6_testing,2025-12-12,within_cutoff,"Eligible cash, final EBITDA definitions, covenant baskets, equity cures and proposed legal documentation are unavailable. Book-cash net leverage is an analyst diagnostic only."
P6L-01601,data/phase6/processed/ANALYTICAL_THRESHOLD_TESTS.csv,analytical_threshold_test,P6T-0052,SRC-001;SRC-002;SRC-003,P6M-MODERATE_UNMITIGATED-P-0054,analytical_warning_test_not_compliance_certificate,owner_reviewed_for_phase6_testing,2025-12-12,within_cutoff,"Eligible cash, final EBITDA definitions, covenant baskets, equity cures and proposed legal documentation are unavailable. Book-cash net leverage is an analyst diagnostic only."
P6L-01602,data/phase6/processed/ANALYTICAL_THRESHOLD_TESTS.csv,analytical_threshold_test,P6T-0053,SRC-001;SRC-002;SRC-003,P6M-MODERATE_UNMITIGATED-P-0057,analytical_warning_test_not_compliance_certificate,owner_reviewed_for_phase6_testing,2025-12-12,within_cutoff,"Eligible cash, final EBITDA definitions, covenant baskets, equity cures and proposed legal documentation are unavailable. Book-cash net leverage is an analyst diagnostic only."
P6L-01603,data/phase6/processed/ANALYTICAL_THRESHOLD_TESTS.csv,analytical_threshold_test,P6T-0054,SRC-001;SRC-002;SRC-003,P6M-MODERATE_UNMITIGATED-P-0060,analytical_warning_test_not_compliance_certificate,owner_reviewed_for_phase6_testing,2025-12-12,within_cutoff,"Eligible cash, final EBITDA definitions, covenant baskets, equity cures and proposed legal documentation are unavailable. Book-cash net leverage is an analyst diagnostic only."
P6L-01604,data/phase6/processed/ANALYTICAL_THRESHOLD_TESTS.csv,analytical_threshold_test,P6T-0055,SRC-001;SRC-002;SRC-003,P6M-MODERATE_UNMITIGATED-E-0003,analytical_warning_test_not_compliance_certificate,owner_reviewed_for_phase6_testing,2025-12-12,within_cutoff,"Eligible cash, final EBITDA definitions, covenant baskets, equity cures and proposed legal documentation are unavailable. Book-cash net leverage is an analyst diagnostic only."
P6L-01605,data/phase6/processed/ANALYTICAL_THRESHOLD_TESTS.csv,analytical_threshold_test,P6T-0056,SRC-001;SRC-002;SRC-003,P6M-MODERATE_UNMITIGATED-E-0006,analytical_warning_test_not_compliance_certificate,owner_reviewed_for_phase6_testing,2025-12-12,within_cutoff,"Eligible cash, final EBITDA definitions, covenant baskets, equity cures and proposed legal documentation are unavailable. Book-cash net leverage is an analyst diagnostic only."
P6L-01606,data/phase6/processed/ANALYTICAL_THRESHOLD_TESTS.csv,analytical_threshold_test,P6T-0057,SRC-001;SRC-002;SRC-003,P6M-MODERATE_UNMITIGATED-E-0009,analytical_warning_test_not_compliance_certificate,owner_reviewed_for_phase6_testing,2025-12-12,within_cutoff,"Eligible cash, final EBITDA definitions, covenant baskets, equity cures and proposed legal documentation are unavailable. Book-cash net leverage is an analyst diagnostic only."
P6L-01607,data/phase6/processed/ANALYTICAL_THRESHOLD_TESTS.csv,analytical_threshold_test,P6T-0058,SRC-001;SRC-002;SRC-003,P6M-MODERATE_UNMITIGATED-E-0012,analytical_warning_test_not_compliance_certificate,owner_reviewed_for_phase6_testing,2025-12-12,within_cutoff,"Eligible cash, final EBITDA definitions, covenant baskets, equity cures and proposed legal documentation are unavailable. Book-cash net leverage is an analyst diagnostic only."
P6L-01608,data/phase6/processed/ANALYTICAL_THRESHOLD_TESTS.csv,analytical_threshold_test,P6T-0059,SRC-001;SRC-002;SRC-003,P6M-MODERATE_UNMITIGATED-E-0015,analytical_warning_test_not_compliance_certificate,owner_reviewed_for_phase6_testing,2025-12-12,within_cutoff,"Eligible cash, final EBITDA definitions, covenant baskets, equity cures and proposed legal documentation are unavailable. Book-cash net leverage is an analyst diagnostic only."
P6L-01609,data/phase6/processed/ANALYTICAL_THRESHOLD_TESTS.csv,analytical_threshold_test,P6T-0060,SRC-001;SRC-002;SRC-003,P6M-MODERATE_UNMITIGATED-E-0018,analytical_warning_test_not_compliance_certificate,owner_reviewed_for_phase6_testing,2025-12-12,within_cutoff,"Eligible cash, final EBITDA definitions, covenant baskets, equity cures and proposed legal documentation are unavailable. Book-cash net leverage is an analyst diagnostic only."
P6L-01610,data/phase6/processed/ANALYTICAL_THRESHOLD_TESTS.csv,analytical_threshold_test,P6T-0061,SRC-001;SRC-002;SRC-003,P6M-MODERATE_UNMITIGATED-E-0021,analytical_warning_test_not_compliance_certificate,owner_reviewed_for_phase6_testing,2025-12-12,within_cutoff,"Eligible cash, final EBITDA definitions, covenant baskets, equity cures and proposed legal documentation are unavailable. Book-cash net leverage is an analyst diagnostic only."
P6L-01611,data/phase6/processed/ANALYTICAL_THRESHOLD_TESTS.csv,analytical_threshold_test,P6T-0062,SRC-001;SRC-002;SRC-003,P6M-MODERATE_UNMITIGATED-E-0024,analytical_warning_test_not_compliance_certificate,owner_reviewed_for_phase6_testing,2025-12-12,within_cutoff,"Eligible cash, final EBITDA definitions, covenant baskets, equity cures and proposed legal documentation are unavailable. Book-cash net leverage is an analyst diagnostic only."
P6L-01612,data/phase6/processed/ANALYTICAL_THRESHOLD_TESTS.csv,analytical_threshold_test,P6T-0063,SRC-001;SRC-002;SRC-003,P6M-MODERATE_UNMITIGATED-E-0027,analytical_warning_test_not_compliance_certificate,owner_reviewed_for_phase6_testing,2025-12-12,within_cutoff,"Eligible cash, final EBITDA definitions, covenant baskets, equity cures and proposed legal documentation are unavailable. Book-cash net leverage is an analyst diagnostic only."
P6L-01613,data/phase6/processed/ANALYTICAL_THRESHOLD_TESTS.csv,analytical_threshold_test,P6T-0064,SRC-001;SRC-002;SRC-003,P6M-MODERATE_UNMITIGATED-E-0030,analytical_warning_test_not_compliance_certificate,owner_reviewed_for_phase6_testing,2025-12-12,within_cutoff,"Eligible cash, final EBITDA definitions, covenant baskets, equity cures and proposed legal documentation are unavailable. Book-cash net leverage is an analyst diagnostic only."
P6L-01614,data/phase6/processed/ANALYTICAL_THRESHOLD_TESTS.csv,analytical_threshold_test,P6T-0065,SRC-001;SRC-002;SRC-003,P6M-MODERATE_UNMITIGATED-E-0033,analytical_warning_test_not_compliance_certificate,owner_reviewed_for_phase6_testing,2025-12-12,within_cutoff,"Eligible cash, final EBITDA definitions, covenant baskets, equity cures and proposed legal documentation are unavailable. Book-cash net leverage is an analyst diagnostic only."
P6L-01615,data/phase6/processed/ANALYTICAL_THRESHOLD_TESTS.csv,analytical_threshold_test,P6T-0066,SRC-001;SRC-002;SRC-003,P6M-MODERATE_UNMITIGATED-E-0036,analytical_warning_test_not_compliance_certificate,owner_reviewed_for_phase6_testing,2025-12-12,within_cutoff,"Eligible cash, final EBITDA definitions, covenant baskets, equity cures and proposed legal documentation are unavailable. Book-cash net leverage is an analyst diagnostic only."
P6L-01616,data/phase6/processed/ANALYTICAL_THRESHOLD_TESTS.csv,analytical_threshold_test,P6T-0067,SRC-001;SRC-002;SRC-003,P6M-MODERATE_UNMITIGATED-E-0039,analytical_warning_test_not_compliance_certificate,owner_reviewed_for_phase6_testing,2025-12-12,within_cutoff,"Eligible cash, final EBITDA definitions, covenant baskets, equity cures and proposed legal documentation are unavailable. Book-cash net leverage is an analyst diagnostic only."
P6L-01617,data/phase6/processed/ANALYTICAL_THRESHOLD_TESTS.csv,analytical_threshold_test,P6T-0068,SRC-001;SRC-002;SRC-003,P6M-MODERATE_UNMITIGATED-E-0042,analytical_warning_test_not_compliance_certificate,owner_reviewed_for_phase6_testing,2025-12-12,within_cutoff,"Eligible cash, final EBITDA definitions, covenant baskets, equity cures and proposed legal documentation are unavailable. Book-cash net leverage is an analyst diagnostic only."
P6L-01618,data/phase6/processed/ANALYTICAL_THRESHOLD_TESTS.csv,analytical_threshold_test,P6T-0069,SRC-001;SRC-002;SRC-003,P6M-SEVERE_UNMITIGATED-P-0003,analytical_warning_test_not_compliance_certificate,owner_reviewed_for_phase6_testing,2025-12-12,within_cutoff,"Eligible cash, final EBITDA definitions, covenant baskets, equity cures and proposed legal documentation are unavailable. Book-cash net leverage is an analyst diagnostic only."
P6L-01619,data/phase6/processed/ANALYTICAL_THRESHOLD_TESTS.csv,analytical_threshold_test,P6T-0070,SRC-001;SRC-002;SRC-003,P6M-SEVERE_UNMITIGATED-P-0006,analytical_warning_test_not_compliance_certificate,owner_reviewed_for_phase6_testing,2025-12-12,within_cutoff,"Eligible cash, final EBITDA definitions, covenant baskets, equity cures and proposed legal documentation are unavailable. Book-cash net leverage is an analyst diagnostic only."
P6L-01620,data/phase6/processed/ANALYTICAL_THRESHOLD_TESTS.csv,analytical_threshold_test,P6T-0071,SRC-001;SRC-002;SRC-003,P6M-SEVERE_UNMITIGATED-P-0009,analytical_warning_test_not_compliance_certificate,owner_reviewed_for_phase6_testing,2025-12-12,within_cutoff,"Eligible cash, final EBITDA definitions, covenant baskets, equity cures and proposed legal documentation are unavailable. Book-cash net leverage is an analyst diagnostic only."
P6L-01621,data/phase6/processed/ANALYTICAL_THRESHOLD_TESTS.csv,analytical_threshold_test,P6T-0072,SRC-001;SRC-002;SRC-003,P6M-SEVERE_UNMITIGATED-P-0012,analytical_warning_test_not_compliance_certificate,owner_reviewed_for_phase6_testing,2025-12-12,within_cutoff,"Eligible cash, final EBITDA definitions, covenant baskets, equity cures and proposed legal documentation are unavailable. Book-cash net leverage is an analyst diagnostic only."
P6L-01622,data/phase6/processed/ANALYTICAL_THRESHOLD_TESTS.csv,analytical_threshold_test,P6T-0073,SRC-001;SRC-002;SRC-003,P6M-SEVERE_UNMITIGATED-P-0015,analytical_warning_test_not_compliance_certificate,owner_reviewed_for_phase6_testing,2025-12-12,within_cutoff,"Eligible cash, final EBITDA definitions, covenant baskets, equity cures and proposed legal documentation are unavailable. Book-cash net leverage is an analyst diagnostic only."
P6L-01623,data/phase6/processed/ANALYTICAL_THRESHOLD_TESTS.csv,analytical_threshold_test,P6T-0074,SRC-001;SRC-002;SRC-003,P6M-SEVERE_UNMITIGATED-P-0018,analytical_warning_test_not_compliance_certificate,owner_reviewed_for_phase6_testing,2025-12-12,within_cutoff,"Eligible cash, final EBITDA definitions, covenant baskets, equity cures and proposed legal documentation are unavailable. Book-cash net leverage is an analyst diagnostic only."
P6L-01624,data/phase6/processed/ANALYTICAL_THRESHOLD_TESTS.csv,analytical_threshold_test,P6T-0075,SRC-001;SRC-002;SRC-003,P6M-SEVERE_UNMITIGATED-P-0021,analytical_warning_test_not_compliance_certificate,owner_reviewed_for_phase6_testing,2025-12-12,within_cutoff,"Eligible cash, final EBITDA definitions, covenant baskets, equity cures and proposed legal documentation are unavailable. Book-cash net leverage is an analyst diagnostic only."
P6L-01625,data/phase6/processed/ANALYTICAL_THRESHOLD_TESTS.csv,analytical_threshold_test,P6T-0076,SRC-001;SRC-002;SRC-003,P6M-SEVERE_UNMITIGATED-P-0024,analytical_warning_test_not_compliance_certificate,owner_reviewed_for_phase6_testing,2025-12-12,within_cutoff,"Eligible cash, final EBITDA definitions, covenant baskets, equity cures and proposed legal documentation are unavailable. Book-cash net leverage is an analyst diagnostic only."
P6L-01626,data/phase6/processed/ANALYTICAL_THRESHOLD_TESTS.csv,analytical_threshold_test,P6T-0077,SRC-001;SRC-002;SRC-003,P6M-SEVERE_UNMITIGATED-P-0027,analytical_warning_test_not_compliance_certificate,owner_reviewed_for_phase6_testing,2025-12-12,within_cutoff,"Eligible cash, final EBITDA definitions, covenant baskets, equity cures and proposed legal documentation are unavailable. Book-cash net leverage is an analyst diagnostic only."
P6L-01627,data/phase6/processed/ANALYTICAL_THRESHOLD_TESTS.csv,analytical_threshold_test,P6T-0078,SRC-001;SRC-002;SRC-003,P6M-SEVERE_UNMITIGATED-P-0030,analytical_warning_test_not_compliance_certificate,owner_reviewed_for_phase6_testing,2025-12-12,within_cutoff,"Eligible cash, final EBITDA definitions, covenant baskets, equity cures and proposed legal documentation are unavailable. Book-cash net leverage is an analyst diagnostic only."
P6L-01628,data/phase6/processed/ANALYTICAL_THRESHOLD_TESTS.csv,analytical_threshold_test,P6T-0079,SRC-001;SRC-002;SRC-003,P6M-SEVERE_UNMITIGATED-P-0033,analytical_warning_test_not_compliance_certificate,owner_reviewed_for_phase6_testing,2025-12-12,within_cutoff,"Eligible cash, final EBITDA definitions, covenant baskets, equity cures and proposed legal documentation are unavailable. Book-cash net leverage is an analyst diagnostic only."
P6L-01629,data/phase6/processed/ANALYTICAL_THRESHOLD_TESTS.csv,analytical_threshold_test,P6T-0080,SRC-001;SRC-002;SRC-003,P6M-SEVERE_UNMITIGATED-P-0036,analytical_warning_test_not_compliance_certificate,owner_reviewed_for_phase6_testing,2025-12-12,within_cutoff,"Eligible cash, final EBITDA definitions, covenant baskets, equity cures and proposed legal documentation are unavailable. Book-cash net leverage is an analyst diagnostic only."
P6L-01630,data/phase6/processed/ANALYTICAL_THRESHOLD_TESTS.csv,analytical_threshold_test,P6T-0081,SRC-001;SRC-002;SRC-003,P6M-SEVERE_UNMITIGATED-P-0039,analytical_warning_test_not_compliance_certificate,owner_reviewed_for_phase6_testing,2025-12-12,within_cutoff,"Eligible cash, final EBITDA definitions, covenant baskets, equity cures and proposed legal documentation are unavailable. Book-cash net leverage is an analyst diagnostic only."
P6L-01631,data/phase6/processed/ANALYTICAL_THRESHOLD_TESTS.csv,analytical_threshold_test,P6T-0082,SRC-001;SRC-002;SRC-003,P6M-SEVERE_UNMITIGATED-P-0042,analytical_warning_test_not_compliance_certificate,owner_reviewed_for_phase6_testing,2025-12-12,within_cutoff,"Eligible cash, final EBITDA definitions, covenant baskets, equity cures and proposed legal documentation are unavailable. Book-cash net leverage is an analyst diagnostic only."
P6L-01632,data/phase6/processed/ANALYTICAL_THRESHOLD_TESTS.csv,analytical_threshold_test,P6T-0083,SRC-001;SRC-002;SRC-003,P6M-SEVERE_UNMITIGATED-P-0045,analytical_warning_test_not_compliance_certificate,owner_reviewed_for_phase6_testing,2025-12-12,within_cutoff,"Eligible cash, final EBITDA definitions, covenant baskets, equity cures and proposed legal documentation are unavailable. Book-cash net leverage is an analyst diagnostic only."
P6L-01633,data/phase6/processed/ANALYTICAL_THRESHOLD_TESTS.csv,analytical_threshold_test,P6T-0084,SRC-001;SRC-002;SRC-003,P6M-SEVERE_UNMITIGATED-P-0048,analytical_warning_test_not_compliance_certificate,owner_reviewed_for_phase6_testing,2025-12-12,within_cutoff,"Eligible cash, final EBITDA definitions, covenant baskets, equity cures and proposed legal documentation are unavailable. Book-cash net leverage is an analyst diagnostic only."
P6L-01634,data/phase6/processed/ANALYTICAL_THRESHOLD_TESTS.csv,analytical_threshold_test,P6T-0085,SRC-001;SRC-002;SRC-003,P6M-SEVERE_UNMITIGATED-P-0051,analytical_warning_test_not_compliance_certificate,owner_reviewed_for_phase6_testing,2025-12-12,within_cutoff,"Eligible cash, final EBITDA definitions, covenant baskets, equity cures and proposed legal documentation are unavailable. Book-cash net leverage is an analyst diagnostic only."
P6L-01635,data/phase6/processed/ANALYTICAL_THRESHOLD_TESTS.csv,analytical_threshold_test,P6T-0086,SRC-001;SRC-002;SRC-003,P6M-SEVERE_UNMITIGATED-P-0054,analytical_warning_test_not_compliance_certificate,owner_reviewed_for_phase6_testing,2025-12-12,within_cutoff,"Eligible cash, final EBITDA definitions, covenant baskets, equity cures and proposed legal documentation are unavailable. Book-cash net leverage is an analyst diagnostic only."
P6L-01636,data/phase6/processed/ANALYTICAL_THRESHOLD_TESTS.csv,analytical_threshold_test,P6T-0087,SRC-001;SRC-002;SRC-003,P6M-SEVERE_UNMITIGATED-P-0057,analytical_warning_test_not_compliance_certificate,owner_reviewed_for_phase6_testing,2025-12-12,within_cutoff,"Eligible cash, final EBITDA definitions, covenant baskets, equity cures and proposed legal documentation are unavailable. Book-cash net leverage is an analyst diagnostic only."
P6L-01637,data/phase6/processed/ANALYTICAL_THRESHOLD_TESTS.csv,analytical_threshold_test,P6T-0088,SRC-001;SRC-002;SRC-003,P6M-SEVERE_UNMITIGATED-P-0060,analytical_warning_test_not_compliance_certificate,owner_reviewed_for_phase6_testing,2025-12-12,within_cutoff,"Eligible cash, final EBITDA definitions, covenant baskets, equity cures and proposed legal documentation are unavailable. Book-cash net leverage is an analyst diagnostic only."
P6L-01638,data/phase6/processed/ANALYTICAL_THRESHOLD_TESTS.csv,analytical_threshold_test,P6T-0089,SRC-001;SRC-002;SRC-003,P6M-SEVERE_UNMITIGATED-E-0003,analytical_warning_test_not_compliance_certificate,owner_reviewed_for_phase6_testing,2025-12-12,within_cutoff,"Eligible cash, final EBITDA definitions, covenant baskets, equity cures and proposed legal documentation are unavailable. Book-cash net leverage is an analyst diagnostic only."
P6L-01639,data/phase6/processed/ANALYTICAL_THRESHOLD_TESTS.csv,analytical_threshold_test,P6T-0090,SRC-001;SRC-002;SRC-003,P6M-SEVERE_UNMITIGATED-E-0006,analytical_warning_test_not_compliance_certificate,owner_reviewed_for_phase6_testing,2025-12-12,within_cutoff,"Eligible cash, final EBITDA definitions, covenant baskets, equity cures and proposed legal documentation are unavailable. Book-cash net leverage is an analyst diagnostic only."
P6L-01640,data/phase6/processed/ANALYTICAL_THRESHOLD_TESTS.csv,analytical_threshold_test,P6T-0091,SRC-001;SRC-002;SRC-003,P6M-SEVERE_UNMITIGATED-E-0009,analytical_warning_test_not_compliance_certificate,owner_reviewed_for_phase6_testing,2025-12-12,within_cutoff,"Eligible cash, final EBITDA definitions, covenant baskets, equity cures and proposed legal documentation are unavailable. Book-cash net leverage is an analyst diagnostic only."
P6L-01641,data/phase6/processed/ANALYTICAL_THRESHOLD_TESTS.csv,analytical_threshold_test,P6T-0092,SRC-001;SRC-002;SRC-003,P6M-SEVERE_UNMITIGATED-E-0012,analytical_warning_test_not_compliance_certificate,owner_reviewed_for_phase6_testing,2025-12-12,within_cutoff,"Eligible cash, final EBITDA definitions, covenant baskets, equity cures and proposed legal documentation are unavailable. Book-cash net leverage is an analyst diagnostic only."
P6L-01642,data/phase6/processed/ANALYTICAL_THRESHOLD_TESTS.csv,analytical_threshold_test,P6T-0093,SRC-001;SRC-002;SRC-003,P6M-SEVERE_UNMITIGATED-E-0015,analytical_warning_test_not_compliance_certificate,owner_reviewed_for_phase6_testing,2025-12-12,within_cutoff,"Eligible cash, final EBITDA definitions, covenant baskets, equity cures and proposed legal documentation are unavailable. Book-cash net leverage is an analyst diagnostic only."
P6L-01643,data/phase6/processed/ANALYTICAL_THRESHOLD_TESTS.csv,analytical_threshold_test,P6T-0094,SRC-001;SRC-002;SRC-003,P6M-SEVERE_UNMITIGATED-E-0018,analytical_warning_test_not_compliance_certificate,owner_reviewed_for_phase6_testing,2025-12-12,within_cutoff,"Eligible cash, final EBITDA definitions, covenant baskets, equity cures and proposed legal documentation are unavailable. Book-cash net leverage is an analyst diagnostic only."
P6L-01644,data/phase6/processed/ANALYTICAL_THRESHOLD_TESTS.csv,analytical_threshold_test,P6T-0095,SRC-001;SRC-002;SRC-003,P6M-SEVERE_UNMITIGATED-E-0021,analytical_warning_test_not_compliance_certificate,owner_reviewed_for_phase6_testing,2025-12-12,within_cutoff,"Eligible cash, final EBITDA definitions, covenant baskets, equity cures and proposed legal documentation are unavailable. Book-cash net leverage is an analyst diagnostic only."
P6L-01645,data/phase6/processed/ANALYTICAL_THRESHOLD_TESTS.csv,analytical_threshold_test,P6T-0096,SRC-001;SRC-002;SRC-003,P6M-SEVERE_UNMITIGATED-E-0024,analytical_warning_test_not_compliance_certificate,owner_reviewed_for_phase6_testing,2025-12-12,within_cutoff,"Eligible cash, final EBITDA definitions, covenant baskets, equity cures and proposed legal documentation are unavailable. Book-cash net leverage is an analyst diagnostic only."
P6L-01646,data/phase6/processed/ANALYTICAL_THRESHOLD_TESTS.csv,analytical_threshold_test,P6T-0097,SRC-001;SRC-002;SRC-003,P6M-SEVERE_UNMITIGATED-E-0027,analytical_warning_test_not_compliance_certificate,owner_reviewed_for_phase6_testing,2025-12-12,within_cutoff,"Eligible cash, final EBITDA definitions, covenant baskets, equity cures and proposed legal documentation are unavailable. Book-cash net leverage is an analyst diagnostic only."
P6L-01647,data/phase6/processed/ANALYTICAL_THRESHOLD_TESTS.csv,analytical_threshold_test,P6T-0098,SRC-001;SRC-002;SRC-003,P6M-SEVERE_UNMITIGATED-E-0030,analytical_warning_test_not_compliance_certificate,owner_reviewed_for_phase6_testing,2025-12-12,within_cutoff,"Eligible cash, final EBITDA definitions, covenant baskets, equity cures and proposed legal documentation are unavailable. Book-cash net leverage is an analyst diagnostic only."
P6L-01648,data/phase6/processed/ANALYTICAL_THRESHOLD_TESTS.csv,analytical_threshold_test,P6T-0099,SRC-001;SRC-002;SRC-003,P6M-SEVERE_UNMITIGATED-E-0033,analytical_warning_test_not_compliance_certificate,owner_reviewed_for_phase6_testing,2025-12-12,within_cutoff,"Eligible cash, final EBITDA definitions, covenant baskets, equity cures and proposed legal documentation are unavailable. Book-cash net leverage is an analyst diagnostic only."
P6L-01649,data/phase6/processed/ANALYTICAL_THRESHOLD_TESTS.csv,analytical_threshold_test,P6T-0100,SRC-001;SRC-002;SRC-003,P6M-SEVERE_UNMITIGATED-E-0036,analytical_warning_test_not_compliance_certificate,owner_reviewed_for_phase6_testing,2025-12-12,within_cutoff,"Eligible cash, final EBITDA definitions, covenant baskets, equity cures and proposed legal documentation are unavailable. Book-cash net leverage is an analyst diagnostic only."
P6L-01650,data/phase6/processed/ANALYTICAL_THRESHOLD_TESTS.csv,analytical_threshold_test,P6T-0101,SRC-001;SRC-002;SRC-003,P6M-SEVERE_UNMITIGATED-E-0039,analytical_warning_test_not_compliance_certificate,owner_reviewed_for_phase6_testing,2025-12-12,within_cutoff,"Eligible cash, final EBITDA definitions, covenant baskets, equity cures and proposed legal documentation are unavailable. Book-cash net leverage is an analyst diagnostic only."
P6L-01651,data/phase6/processed/ANALYTICAL_THRESHOLD_TESTS.csv,analytical_threshold_test,P6T-0102,SRC-001;SRC-002;SRC-003,P6M-SEVERE_UNMITIGATED-E-0042,analytical_warning_test_not_compliance_certificate,owner_reviewed_for_phase6_testing,2025-12-12,within_cutoff,"Eligible cash, final EBITDA definitions, covenant baskets, equity cures and proposed legal documentation are unavailable. Book-cash net leverage is an analyst diagnostic only."
P6L-01652,data/phase6/processed/ANALYTICAL_THRESHOLD_TESTS.csv,analytical_threshold_test,P6T-0103,SRC-001;SRC-002;SRC-003,P6M-MODERATE_MITIGATED-P-0003,analytical_warning_test_not_compliance_certificate,owner_reviewed_for_phase6_testing,2025-12-12,within_cutoff,"Eligible cash, final EBITDA definitions, covenant baskets, equity cures and proposed legal documentation are unavailable. Book-cash net leverage is an analyst diagnostic only."
P6L-01653,data/phase6/processed/ANALYTICAL_THRESHOLD_TESTS.csv,analytical_threshold_test,P6T-0104,SRC-001;SRC-002;SRC-003,P6M-MODERATE_MITIGATED-P-0006,analytical_warning_test_not_compliance_certificate,owner_reviewed_for_phase6_testing,2025-12-12,within_cutoff,"Eligible cash, final EBITDA definitions, covenant baskets, equity cures and proposed legal documentation are unavailable. Book-cash net leverage is an analyst diagnostic only."
P6L-01654,data/phase6/processed/ANALYTICAL_THRESHOLD_TESTS.csv,analytical_threshold_test,P6T-0105,SRC-001;SRC-002;SRC-003,P6M-MODERATE_MITIGATED-P-0009,analytical_warning_test_not_compliance_certificate,owner_reviewed_for_phase6_testing,2025-12-12,within_cutoff,"Eligible cash, final EBITDA definitions, covenant baskets, equity cures and proposed legal documentation are unavailable. Book-cash net leverage is an analyst diagnostic only."
P6L-01655,data/phase6/processed/ANALYTICAL_THRESHOLD_TESTS.csv,analytical_threshold_test,P6T-0106,SRC-001;SRC-002;SRC-003,P6M-MODERATE_MITIGATED-P-0012,analytical_warning_test_not_compliance_certificate,owner_reviewed_for_phase6_testing,2025-12-12,within_cutoff,"Eligible cash, final EBITDA definitions, covenant baskets, equity cures and proposed legal documentation are unavailable. Book-cash net leverage is an analyst diagnostic only."
P6L-01656,data/phase6/processed/ANALYTICAL_THRESHOLD_TESTS.csv,analytical_threshold_test,P6T-0107,SRC-001;SRC-002;SRC-003,P6M-MODERATE_MITIGATED-P-0015,analytical_warning_test_not_compliance_certificate,owner_reviewed_for_phase6_testing,2025-12-12,within_cutoff,"Eligible cash, final EBITDA definitions, covenant baskets, equity cures and proposed legal documentation are unavailable. Book-cash net leverage is an analyst diagnostic only."
P6L-01657,data/phase6/processed/ANALYTICAL_THRESHOLD_TESTS.csv,analytical_threshold_test,P6T-0108,SRC-001;SRC-002;SRC-003,P6M-MODERATE_MITIGATED-P-0018,analytical_warning_test_not_compliance_certificate,owner_reviewed_for_phase6_testing,2025-12-12,within_cutoff,"Eligible cash, final EBITDA definitions, covenant baskets, equity cures and proposed legal documentation are unavailable. Book-cash net leverage is an analyst diagnostic only."
P6L-01658,data/phase6/processed/ANALYTICAL_THRESHOLD_TESTS.csv,analytical_threshold_test,P6T-0109,SRC-001;SRC-002;SRC-003,P6M-MODERATE_MITIGATED-P-0021,analytical_warning_test_not_compliance_certificate,owner_reviewed_for_phase6_testing,2025-12-12,within_cutoff,"Eligible cash, final EBITDA definitions, covenant baskets, equity cures and proposed legal documentation are unavailable. Book-cash net leverage is an analyst diagnostic only."
P6L-01659,data/phase6/processed/ANALYTICAL_THRESHOLD_TESTS.csv,analytical_threshold_test,P6T-0110,SRC-001;SRC-002;SRC-003,P6M-MODERATE_MITIGATED-P-0024,analytical_warning_test_not_compliance_certificate,owner_reviewed_for_phase6_testing,2025-12-12,within_cutoff,"Eligible cash, final EBITDA definitions, covenant baskets, equity cures and proposed legal documentation are unavailable. Book-cash net leverage is an analyst diagnostic only."
P6L-01660,data/phase6/processed/ANALYTICAL_THRESHOLD_TESTS.csv,analytical_threshold_test,P6T-0111,SRC-001;SRC-002;SRC-003,P6M-MODERATE_MITIGATED-P-0027,analytical_warning_test_not_compliance_certificate,owner_reviewed_for_phase6_testing,2025-12-12,within_cutoff,"Eligible cash, final EBITDA definitions, covenant baskets, equity cures and proposed legal documentation are unavailable. Book-cash net leverage is an analyst diagnostic only."
P6L-01661,data/phase6/processed/ANALYTICAL_THRESHOLD_TESTS.csv,analytical_threshold_test,P6T-0112,SRC-001;SRC-002;SRC-003,P6M-MODERATE_MITIGATED-P-0030,analytical_warning_test_not_compliance_certificate,owner_reviewed_for_phase6_testing,2025-12-12,within_cutoff,"Eligible cash, final EBITDA definitions, covenant baskets, equity cures and proposed legal documentation are unavailable. Book-cash net leverage is an analyst diagnostic only."
P6L-01662,data/phase6/processed/ANALYTICAL_THRESHOLD_TESTS.csv,analytical_threshold_test,P6T-0113,SRC-001;SRC-002;SRC-003,P6M-MODERATE_MITIGATED-P-0033,analytical_warning_test_not_compliance_certificate,owner_reviewed_for_phase6_testing,2025-12-12,within_cutoff,"Eligible cash, final EBITDA definitions, covenant baskets, equity cures and proposed legal documentation are unavailable. Book-cash net leverage is an analyst diagnostic only."
P6L-01663,data/phase6/processed/ANALYTICAL_THRESHOLD_TESTS.csv,analytical_threshold_test,P6T-0114,SRC-001;SRC-002;SRC-003,P6M-MODERATE_MITIGATED-P-0036,analytical_warning_test_not_compliance_certificate,owner_reviewed_for_phase6_testing,2025-12-12,within_cutoff,"Eligible cash, final EBITDA definitions, covenant baskets, equity cures and proposed legal documentation are unavailable. Book-cash net leverage is an analyst diagnostic only."
P6L-01664,data/phase6/processed/ANALYTICAL_THRESHOLD_TESTS.csv,analytical_threshold_test,P6T-0115,SRC-001;SRC-002;SRC-003,P6M-MODERATE_MITIGATED-P-0039,analytical_warning_test_not_compliance_certificate,owner_reviewed_for_phase6_testing,2025-12-12,within_cutoff,"Eligible cash, final EBITDA definitions, covenant baskets, equity cures and proposed legal documentation are unavailable. Book-cash net leverage is an analyst diagnostic only."
P6L-01665,data/phase6/processed/ANALYTICAL_THRESHOLD_TESTS.csv,analytical_threshold_test,P6T-0116,SRC-001;SRC-002;SRC-003,P6M-MODERATE_MITIGATED-P-0042,analytical_warning_test_not_compliance_certificate,owner_reviewed_for_phase6_testing,2025-12-12,within_cutoff,"Eligible cash, final EBITDA definitions, covenant baskets, equity cures and proposed legal documentation are unavailable. Book-cash net leverage is an analyst diagnostic only."
P6L-01666,data/phase6/processed/ANALYTICAL_THRESHOLD_TESTS.csv,analytical_threshold_test,P6T-0117,SRC-001;SRC-002;SRC-003,P6M-MODERATE_MITIGATED-P-0045,analytical_warning_test_not_compliance_certificate,owner_reviewed_for_phase6_testing,2025-12-12,within_cutoff,"Eligible cash, final EBITDA definitions, covenant baskets, equity cures and proposed legal documentation are unavailable. Book-cash net leverage is an analyst diagnostic only."
P6L-01667,data/phase6/processed/ANALYTICAL_THRESHOLD_TESTS.csv,analytical_threshold_test,P6T-0118,SRC-001;SRC-002;SRC-003,P6M-MODERATE_MITIGATED-P-0048,analytical_warning_test_not_compliance_certificate,owner_reviewed_for_phase6_testing,2025-12-12,within_cutoff,"Eligible cash, final EBITDA definitions, covenant baskets, equity cures and proposed legal documentation are unavailable. Book-cash net leverage is an analyst diagnostic only."
P6L-01668,data/phase6/processed/ANALYTICAL_THRESHOLD_TESTS.csv,analytical_threshold_test,P6T-0119,SRC-001;SRC-002;SRC-003,P6M-MODERATE_MITIGATED-P-0051,analytical_warning_test_not_compliance_certificate,owner_reviewed_for_phase6_testing,2025-12-12,within_cutoff,"Eligible cash, final EBITDA definitions, covenant baskets, equity cures and proposed legal documentation are unavailable. Book-cash net leverage is an analyst diagnostic only."
P6L-01669,data/phase6/processed/ANALYTICAL_THRESHOLD_TESTS.csv,analytical_threshold_test,P6T-0120,SRC-001;SRC-002;SRC-003,P6M-MODERATE_MITIGATED-P-0054,analytical_warning_test_not_compliance_certificate,owner_reviewed_for_phase6_testing,2025-12-12,within_cutoff,"Eligible cash, final EBITDA definitions, covenant baskets, equity cures and proposed legal documentation are unavailable. Book-cash net leverage is an analyst diagnostic only."
P6L-01670,data/phase6/processed/ANALYTICAL_THRESHOLD_TESTS.csv,analytical_threshold_test,P6T-0121,SRC-001;SRC-002;SRC-003,P6M-MODERATE_MITIGATED-P-0057,analytical_warning_test_not_compliance_certificate,owner_reviewed_for_phase6_testing,2025-12-12,within_cutoff,"Eligible cash, final EBITDA definitions, covenant baskets, equity cures and proposed legal documentation are unavailable. Book-cash net leverage is an analyst diagnostic only."
P6L-01671,data/phase6/processed/ANALYTICAL_THRESHOLD_TESTS.csv,analytical_threshold_test,P6T-0122,SRC-001;SRC-002;SRC-003,P6M-MODERATE_MITIGATED-P-0060,analytical_warning_test_not_compliance_certificate,owner_reviewed_for_phase6_testing,2025-12-12,within_cutoff,"Eligible cash, final EBITDA definitions, covenant baskets, equity cures and proposed legal documentation are unavailable. Book-cash net leverage is an analyst diagnostic only."
P6L-01672,data/phase6/processed/ANALYTICAL_THRESHOLD_TESTS.csv,analytical_threshold_test,P6T-0123,SRC-001;SRC-002;SRC-003,P6M-MODERATE_MITIGATED-E-0003,analytical_warning_test_not_compliance_certificate,owner_reviewed_for_phase6_testing,2025-12-12,within_cutoff,"Eligible cash, final EBITDA definitions, covenant baskets, equity cures and proposed legal documentation are unavailable. Book-cash net leverage is an analyst diagnostic only."
P6L-01673,data/phase6/processed/ANALYTICAL_THRESHOLD_TESTS.csv,analytical_threshold_test,P6T-0124,SRC-001;SRC-002;SRC-003,P6M-MODERATE_MITIGATED-E-0006,analytical_warning_test_not_compliance_certificate,owner_reviewed_for_phase6_testing,2025-12-12,within_cutoff,"Eligible cash, final EBITDA definitions, covenant baskets, equity cures and proposed legal documentation are unavailable. Book-cash net leverage is an analyst diagnostic only."
P6L-01674,data/phase6/processed/ANALYTICAL_THRESHOLD_TESTS.csv,analytical_threshold_test,P6T-0125,SRC-001;SRC-002;SRC-003,P6M-MODERATE_MITIGATED-E-0009,analytical_warning_test_not_compliance_certificate,owner_reviewed_for_phase6_testing,2025-12-12,within_cutoff,"Eligible cash, final EBITDA definitions, covenant baskets, equity cures and proposed legal documentation are unavailable. Book-cash net leverage is an analyst diagnostic only."
P6L-01675,data/phase6/processed/ANALYTICAL_THRESHOLD_TESTS.csv,analytical_threshold_test,P6T-0126,SRC-001;SRC-002;SRC-003,P6M-MODERATE_MITIGATED-E-0012,analytical_warning_test_not_compliance_certificate,owner_reviewed_for_phase6_testing,2025-12-12,within_cutoff,"Eligible cash, final EBITDA definitions, covenant baskets, equity cures and proposed legal documentation are unavailable. Book-cash net leverage is an analyst diagnostic only."
P6L-01676,data/phase6/processed/ANALYTICAL_THRESHOLD_TESTS.csv,analytical_threshold_test,P6T-0127,SRC-001;SRC-002;SRC-003,P6M-MODERATE_MITIGATED-E-0015,analytical_warning_test_not_compliance_certificate,owner_reviewed_for_phase6_testing,2025-12-12,within_cutoff,"Eligible cash, final EBITDA definitions, covenant baskets, equity cures and proposed legal documentation are unavailable. Book-cash net leverage is an analyst diagnostic only."
P6L-01677,data/phase6/processed/ANALYTICAL_THRESHOLD_TESTS.csv,analytical_threshold_test,P6T-0128,SRC-001;SRC-002;SRC-003,P6M-MODERATE_MITIGATED-E-0018,analytical_warning_test_not_compliance_certificate,owner_reviewed_for_phase6_testing,2025-12-12,within_cutoff,"Eligible cash, final EBITDA definitions, covenant baskets, equity cures and proposed legal documentation are unavailable. Book-cash net leverage is an analyst diagnostic only."
P6L-01678,data/phase6/processed/ANALYTICAL_THRESHOLD_TESTS.csv,analytical_threshold_test,P6T-0129,SRC-001;SRC-002;SRC-003,P6M-MODERATE_MITIGATED-E-0021,analytical_warning_test_not_compliance_certificate,owner_reviewed_for_phase6_testing,2025-12-12,within_cutoff,"Eligible cash, final EBITDA definitions, covenant baskets, equity cures and proposed legal documentation are unavailable. Book-cash net leverage is an analyst diagnostic only."
P6L-01679,data/phase6/processed/ANALYTICAL_THRESHOLD_TESTS.csv,analytical_threshold_test,P6T-0130,SRC-001;SRC-002;SRC-003,P6M-MODERATE_MITIGATED-E-0024,analytical_warning_test_not_compliance_certificate,owner_reviewed_for_phase6_testing,2025-12-12,within_cutoff,"Eligible cash, final EBITDA definitions, covenant baskets, equity cures and proposed legal documentation are unavailable. Book-cash net leverage is an analyst diagnostic only."
P6L-01680,data/phase6/processed/ANALYTICAL_THRESHOLD_TESTS.csv,analytical_threshold_test,P6T-0131,SRC-001;SRC-002;SRC-003,P6M-MODERATE_MITIGATED-E-0027,analytical_warning_test_not_compliance_certificate,owner_reviewed_for_phase6_testing,2025-12-12,within_cutoff,"Eligible cash, final EBITDA definitions, covenant baskets, equity cures and proposed legal documentation are unavailable. Book-cash net leverage is an analyst diagnostic only."
P6L-01681,data/phase6/processed/ANALYTICAL_THRESHOLD_TESTS.csv,analytical_threshold_test,P6T-0132,SRC-001;SRC-002;SRC-003,P6M-MODERATE_MITIGATED-E-0030,analytical_warning_test_not_compliance_certificate,owner_reviewed_for_phase6_testing,2025-12-12,within_cutoff,"Eligible cash, final EBITDA definitions, covenant baskets, equity cures and proposed legal documentation are unavailable. Book-cash net leverage is an analyst diagnostic only."
P6L-01682,data/phase6/processed/ANALYTICAL_THRESHOLD_TESTS.csv,analytical_threshold_test,P6T-0133,SRC-001;SRC-002;SRC-003,P6M-MODERATE_MITIGATED-E-0033,analytical_warning_test_not_compliance_certificate,owner_reviewed_for_phase6_testing,2025-12-12,within_cutoff,"Eligible cash, final EBITDA definitions, covenant baskets, equity cures and proposed legal documentation are unavailable. Book-cash net leverage is an analyst diagnostic only."
P6L-01683,data/phase6/processed/ANALYTICAL_THRESHOLD_TESTS.csv,analytical_threshold_test,P6T-0134,SRC-001;SRC-002;SRC-003,P6M-MODERATE_MITIGATED-E-0036,analytical_warning_test_not_compliance_certificate,owner_reviewed_for_phase6_testing,2025-12-12,within_cutoff,"Eligible cash, final EBITDA definitions, covenant baskets, equity cures and proposed legal documentation are unavailable. Book-cash net leverage is an analyst diagnostic only."
P6L-01684,data/phase6/processed/ANALYTICAL_THRESHOLD_TESTS.csv,analytical_threshold_test,P6T-0135,SRC-001;SRC-002;SRC-003,P6M-MODERATE_MITIGATED-E-0039,analytical_warning_test_not_compliance_certificate,owner_reviewed_for_phase6_testing,2025-12-12,within_cutoff,"Eligible cash, final EBITDA definitions, covenant baskets, equity cures and proposed legal documentation are unavailable. Book-cash net leverage is an analyst diagnostic only."
P6L-01685,data/phase6/processed/ANALYTICAL_THRESHOLD_TESTS.csv,analytical_threshold_test,P6T-0136,SRC-001;SRC-002;SRC-003,P6M-MODERATE_MITIGATED-E-0042,analytical_warning_test_not_compliance_certificate,owner_reviewed_for_phase6_testing,2025-12-12,within_cutoff,"Eligible cash, final EBITDA definitions, covenant baskets, equity cures and proposed legal documentation are unavailable. Book-cash net leverage is an analyst diagnostic only."
P6L-01686,data/phase6/processed/ANALYTICAL_THRESHOLD_TESTS.csv,analytical_threshold_test,P6T-0137,SRC-001;SRC-002;SRC-003,P6M-SEVERE_MITIGATED-P-0003,analytical_warning_test_not_compliance_certificate,owner_reviewed_for_phase6_testing,2025-12-12,within_cutoff,"Eligible cash, final EBITDA definitions, covenant baskets, equity cures and proposed legal documentation are unavailable. Book-cash net leverage is an analyst diagnostic only."
P6L-01687,data/phase6/processed/ANALYTICAL_THRESHOLD_TESTS.csv,analytical_threshold_test,P6T-0138,SRC-001;SRC-002;SRC-003,P6M-SEVERE_MITIGATED-P-0006,analytical_warning_test_not_compliance_certificate,owner_reviewed_for_phase6_testing,2025-12-12,within_cutoff,"Eligible cash, final EBITDA definitions, covenant baskets, equity cures and proposed legal documentation are unavailable. Book-cash net leverage is an analyst diagnostic only."
P6L-01688,data/phase6/processed/ANALYTICAL_THRESHOLD_TESTS.csv,analytical_threshold_test,P6T-0139,SRC-001;SRC-002;SRC-003,P6M-SEVERE_MITIGATED-P-0009,analytical_warning_test_not_compliance_certificate,owner_reviewed_for_phase6_testing,2025-12-12,within_cutoff,"Eligible cash, final EBITDA definitions, covenant baskets, equity cures and proposed legal documentation are unavailable. Book-cash net leverage is an analyst diagnostic only."
P6L-01689,data/phase6/processed/ANALYTICAL_THRESHOLD_TESTS.csv,analytical_threshold_test,P6T-0140,SRC-001;SRC-002;SRC-003,P6M-SEVERE_MITIGATED-P-0012,analytical_warning_test_not_compliance_certificate,owner_reviewed_for_phase6_testing,2025-12-12,within_cutoff,"Eligible cash, final EBITDA definitions, covenant baskets, equity cures and proposed legal documentation are unavailable. Book-cash net leverage is an analyst diagnostic only."
P6L-01690,data/phase6/processed/ANALYTICAL_THRESHOLD_TESTS.csv,analytical_threshold_test,P6T-0141,SRC-001;SRC-002;SRC-003,P6M-SEVERE_MITIGATED-P-0015,analytical_warning_test_not_compliance_certificate,owner_reviewed_for_phase6_testing,2025-12-12,within_cutoff,"Eligible cash, final EBITDA definitions, covenant baskets, equity cures and proposed legal documentation are unavailable. Book-cash net leverage is an analyst diagnostic only."
P6L-01691,data/phase6/processed/ANALYTICAL_THRESHOLD_TESTS.csv,analytical_threshold_test,P6T-0142,SRC-001;SRC-002;SRC-003,P6M-SEVERE_MITIGATED-P-0018,analytical_warning_test_not_compliance_certificate,owner_reviewed_for_phase6_testing,2025-12-12,within_cutoff,"Eligible cash, final EBITDA definitions, covenant baskets, equity cures and proposed legal documentation are unavailable. Book-cash net leverage is an analyst diagnostic only."
P6L-01692,data/phase6/processed/ANALYTICAL_THRESHOLD_TESTS.csv,analytical_threshold_test,P6T-0143,SRC-001;SRC-002;SRC-003,P6M-SEVERE_MITIGATED-P-0021,analytical_warning_test_not_compliance_certificate,owner_reviewed_for_phase6_testing,2025-12-12,within_cutoff,"Eligible cash, final EBITDA definitions, covenant baskets, equity cures and proposed legal documentation are unavailable. Book-cash net leverage is an analyst diagnostic only."
P6L-01693,data/phase6/processed/ANALYTICAL_THRESHOLD_TESTS.csv,analytical_threshold_test,P6T-0144,SRC-001;SRC-002;SRC-003,P6M-SEVERE_MITIGATED-P-0024,analytical_warning_test_not_compliance_certificate,owner_reviewed_for_phase6_testing,2025-12-12,within_cutoff,"Eligible cash, final EBITDA definitions, covenant baskets, equity cures and proposed legal documentation are unavailable. Book-cash net leverage is an analyst diagnostic only."
P6L-01694,data/phase6/processed/ANALYTICAL_THRESHOLD_TESTS.csv,analytical_threshold_test,P6T-0145,SRC-001;SRC-002;SRC-003,P6M-SEVERE_MITIGATED-P-0027,analytical_warning_test_not_compliance_certificate,owner_reviewed_for_phase6_testing,2025-12-12,within_cutoff,"Eligible cash, final EBITDA definitions, covenant baskets, equity cures and proposed legal documentation are unavailable. Book-cash net leverage is an analyst diagnostic only."
P6L-01695,data/phase6/processed/ANALYTICAL_THRESHOLD_TESTS.csv,analytical_threshold_test,P6T-0146,SRC-001;SRC-002;SRC-003,P6M-SEVERE_MITIGATED-P-0030,analytical_warning_test_not_compliance_certificate,owner_reviewed_for_phase6_testing,2025-12-12,within_cutoff,"Eligible cash, final EBITDA definitions, covenant baskets, equity cures and proposed legal documentation are unavailable. Book-cash net leverage is an analyst diagnostic only."
P6L-01696,data/phase6/processed/ANALYTICAL_THRESHOLD_TESTS.csv,analytical_threshold_test,P6T-0147,SRC-001;SRC-002;SRC-003,P6M-SEVERE_MITIGATED-P-0033,analytical_warning_test_not_compliance_certificate,owner_reviewed_for_phase6_testing,2025-12-12,within_cutoff,"Eligible cash, final EBITDA definitions, covenant baskets, equity cures and proposed legal documentation are unavailable. Book-cash net leverage is an analyst diagnostic only."
P6L-01697,data/phase6/processed/ANALYTICAL_THRESHOLD_TESTS.csv,analytical_threshold_test,P6T-0148,SRC-001;SRC-002;SRC-003,P6M-SEVERE_MITIGATED-P-0036,analytical_warning_test_not_compliance_certificate,owner_reviewed_for_phase6_testing,2025-12-12,within_cutoff,"Eligible cash, final EBITDA definitions, covenant baskets, equity cures and proposed legal documentation are unavailable. Book-cash net leverage is an analyst diagnostic only."
P6L-01698,data/phase6/processed/ANALYTICAL_THRESHOLD_TESTS.csv,analytical_threshold_test,P6T-0149,SRC-001;SRC-002;SRC-003,P6M-SEVERE_MITIGATED-P-0039,analytical_warning_test_not_compliance_certificate,owner_reviewed_for_phase6_testing,2025-12-12,within_cutoff,"Eligible cash, final EBITDA definitions, covenant baskets, equity cures and proposed legal documentation are unavailable. Book-cash net leverage is an analyst diagnostic only."
P6L-01699,data/phase6/processed/ANALYTICAL_THRESHOLD_TESTS.csv,analytical_threshold_test,P6T-0150,SRC-001;SRC-002;SRC-003,P6M-SEVERE_MITIGATED-P-0042,analytical_warning_test_not_compliance_certificate,owner_reviewed_for_phase6_testing,2025-12-12,within_cutoff,"Eligible cash, final EBITDA definitions, covenant baskets, equity cures and proposed legal documentation are unavailable. Book-cash net leverage is an analyst diagnostic only."
P6L-01700,data/phase6/processed/ANALYTICAL_THRESHOLD_TESTS.csv,analytical_threshold_test,P6T-0151,SRC-001;SRC-002;SRC-003,P6M-SEVERE_MITIGATED-P-0045,analytical_warning_test_not_compliance_certificate,owner_reviewed_for_phase6_testing,2025-12-12,within_cutoff,"Eligible cash, final EBITDA definitions, covenant baskets, equity cures and proposed legal documentation are unavailable. Book-cash net leverage is an analyst diagnostic only."
P6L-01701,data/phase6/processed/ANALYTICAL_THRESHOLD_TESTS.csv,analytical_threshold_test,P6T-0152,SRC-001;SRC-002;SRC-003,P6M-SEVERE_MITIGATED-P-0048,analytical_warning_test_not_compliance_certificate,owner_reviewed_for_phase6_testing,2025-12-12,within_cutoff,"Eligible cash, final EBITDA definitions, covenant baskets, equity cures and proposed legal documentation are unavailable. Book-cash net leverage is an analyst diagnostic only."
P6L-01702,data/phase6/processed/ANALYTICAL_THRESHOLD_TESTS.csv,analytical_threshold_test,P6T-0153,SRC-001;SRC-002;SRC-003,P6M-SEVERE_MITIGATED-P-0051,analytical_warning_test_not_compliance_certificate,owner_reviewed_for_phase6_testing,2025-12-12,within_cutoff,"Eligible cash, final EBITDA definitions, covenant baskets, equity cures and proposed legal documentation are unavailable. Book-cash net leverage is an analyst diagnostic only."
P6L-01703,data/phase6/processed/ANALYTICAL_THRESHOLD_TESTS.csv,analytical_threshold_test,P6T-0154,SRC-001;SRC-002;SRC-003,P6M-SEVERE_MITIGATED-P-0054,analytical_warning_test_not_compliance_certificate,owner_reviewed_for_phase6_testing,2025-12-12,within_cutoff,"Eligible cash, final EBITDA definitions, covenant baskets, equity cures and proposed legal documentation are unavailable. Book-cash net leverage is an analyst diagnostic only."
P6L-01704,data/phase6/processed/ANALYTICAL_THRESHOLD_TESTS.csv,analytical_threshold_test,P6T-0155,SRC-001;SRC-002;SRC-003,P6M-SEVERE_MITIGATED-P-0057,analytical_warning_test_not_compliance_certificate,owner_reviewed_for_phase6_testing,2025-12-12,within_cutoff,"Eligible cash, final EBITDA definitions, covenant baskets, equity cures and proposed legal documentation are unavailable. Book-cash net leverage is an analyst diagnostic only."
P6L-01705,data/phase6/processed/ANALYTICAL_THRESHOLD_TESTS.csv,analytical_threshold_test,P6T-0156,SRC-001;SRC-002;SRC-003,P6M-SEVERE_MITIGATED-P-0060,analytical_warning_test_not_compliance_certificate,owner_reviewed_for_phase6_testing,2025-12-12,within_cutoff,"Eligible cash, final EBITDA definitions, covenant baskets, equity cures and proposed legal documentation are unavailable. Book-cash net leverage is an analyst diagnostic only."
P6L-01706,data/phase6/processed/ANALYTICAL_THRESHOLD_TESTS.csv,analytical_threshold_test,P6T-0157,SRC-001;SRC-002;SRC-003,P6M-SEVERE_MITIGATED-E-0003,analytical_warning_test_not_compliance_certificate,owner_reviewed_for_phase6_testing,2025-12-12,within_cutoff,"Eligible cash, final EBITDA definitions, covenant baskets, equity cures and proposed legal documentation are unavailable. Book-cash net leverage is an analyst diagnostic only."
P6L-01707,data/phase6/processed/ANALYTICAL_THRESHOLD_TESTS.csv,analytical_threshold_test,P6T-0158,SRC-001;SRC-002;SRC-003,P6M-SEVERE_MITIGATED-E-0006,analytical_warning_test_not_compliance_certificate,owner_reviewed_for_phase6_testing,2025-12-12,within_cutoff,"Eligible cash, final EBITDA definitions, covenant baskets, equity cures and proposed legal documentation are unavailable. Book-cash net leverage is an analyst diagnostic only."
P6L-01708,data/phase6/processed/ANALYTICAL_THRESHOLD_TESTS.csv,analytical_threshold_test,P6T-0159,SRC-001;SRC-002;SRC-003,P6M-SEVERE_MITIGATED-E-0009,analytical_warning_test_not_compliance_certificate,owner_reviewed_for_phase6_testing,2025-12-12,within_cutoff,"Eligible cash, final EBITDA definitions, covenant baskets, equity cures and proposed legal documentation are unavailable. Book-cash net leverage is an analyst diagnostic only."
P6L-01709,data/phase6/processed/ANALYTICAL_THRESHOLD_TESTS.csv,analytical_threshold_test,P6T-0160,SRC-001;SRC-002;SRC-003,P6M-SEVERE_MITIGATED-E-0012,analytical_warning_test_not_compliance_certificate,owner_reviewed_for_phase6_testing,2025-12-12,within_cutoff,"Eligible cash, final EBITDA definitions, covenant baskets, equity cures and proposed legal documentation are unavailable. Book-cash net leverage is an analyst diagnostic only."
P6L-01710,data/phase6/processed/ANALYTICAL_THRESHOLD_TESTS.csv,analytical_threshold_test,P6T-0161,SRC-001;SRC-002;SRC-003,P6M-SEVERE_MITIGATED-E-0015,analytical_warning_test_not_compliance_certificate,owner_reviewed_for_phase6_testing,2025-12-12,within_cutoff,"Eligible cash, final EBITDA definitions, covenant baskets, equity cures and proposed legal documentation are unavailable. Book-cash net leverage is an analyst diagnostic only."
P6L-01711,data/phase6/processed/ANALYTICAL_THRESHOLD_TESTS.csv,analytical_threshold_test,P6T-0162,SRC-001;SRC-002;SRC-003,P6M-SEVERE_MITIGATED-E-0018,analytical_warning_test_not_compliance_certificate,owner_reviewed_for_phase6_testing,2025-12-12,within_cutoff,"Eligible cash, final EBITDA definitions, covenant baskets, equity cures and proposed legal documentation are unavailable. Book-cash net leverage is an analyst diagnostic only."
P6L-01712,data/phase6/processed/ANALYTICAL_THRESHOLD_TESTS.csv,analytical_threshold_test,P6T-0163,SRC-001;SRC-002;SRC-003,P6M-SEVERE_MITIGATED-E-0021,analytical_warning_test_not_compliance_certificate,owner_reviewed_for_phase6_testing,2025-12-12,within_cutoff,"Eligible cash, final EBITDA definitions, covenant baskets, equity cures and proposed legal documentation are unavailable. Book-cash net leverage is an analyst diagnostic only."
P6L-01713,data/phase6/processed/ANALYTICAL_THRESHOLD_TESTS.csv,analytical_threshold_test,P6T-0164,SRC-001;SRC-002;SRC-003,P6M-SEVERE_MITIGATED-E-0024,analytical_warning_test_not_compliance_certificate,owner_reviewed_for_phase6_testing,2025-12-12,within_cutoff,"Eligible cash, final EBITDA definitions, covenant baskets, equity cures and proposed legal documentation are unavailable. Book-cash net leverage is an analyst diagnostic only."
P6L-01714,data/phase6/processed/ANALYTICAL_THRESHOLD_TESTS.csv,analytical_threshold_test,P6T-0165,SRC-001;SRC-002;SRC-003,P6M-SEVERE_MITIGATED-E-0027,analytical_warning_test_not_compliance_certificate,owner_reviewed_for_phase6_testing,2025-12-12,within_cutoff,"Eligible cash, final EBITDA definitions, covenant baskets, equity cures and proposed legal documentation are unavailable. Book-cash net leverage is an analyst diagnostic only."
P6L-01715,data/phase6/processed/ANALYTICAL_THRESHOLD_TESTS.csv,analytical_threshold_test,P6T-0166,SRC-001;SRC-002;SRC-003,P6M-SEVERE_MITIGATED-E-0030,analytical_warning_test_not_compliance_certificate,owner_reviewed_for_phase6_testing,2025-12-12,within_cutoff,"Eligible cash, final EBITDA definitions, covenant baskets, equity cures and proposed legal documentation are unavailable. Book-cash net leverage is an analyst diagnostic only."
P6L-01716,data/phase6/processed/ANALYTICAL_THRESHOLD_TESTS.csv,analytical_threshold_test,P6T-0167,SRC-001;SRC-002;SRC-003,P6M-SEVERE_MITIGATED-E-0033,analytical_warning_test_not_compliance_certificate,owner_reviewed_for_phase6_testing,2025-12-12,within_cutoff,"Eligible cash, final EBITDA definitions, covenant baskets, equity cures and proposed legal documentation are unavailable. Book-cash net leverage is an analyst diagnostic only."
P6L-01717,data/phase6/processed/ANALYTICAL_THRESHOLD_TESTS.csv,analytical_threshold_test,P6T-0168,SRC-001;SRC-002;SRC-003,P6M-SEVERE_MITIGATED-E-0036,analytical_warning_test_not_compliance_certificate,owner_reviewed_for_phase6_testing,2025-12-12,within_cutoff,"Eligible cash, final EBITDA definitions, covenant baskets, equity cures and proposed legal documentation are unavailable. Book-cash net leverage is an analyst diagnostic only."
P6L-01718,data/phase6/processed/ANALYTICAL_THRESHOLD_TESTS.csv,analytical_threshold_test,P6T-0169,SRC-001;SRC-002;SRC-003,P6M-SEVERE_MITIGATED-E-0039,analytical_warning_test_not_compliance_certificate,owner_reviewed_for_phase6_testing,2025-12-12,within_cutoff,"Eligible cash, final EBITDA definitions, covenant baskets, equity cures and proposed legal documentation are unavailable. Book-cash net leverage is an analyst diagnostic only."
P6L-01719,data/phase6/processed/ANALYTICAL_THRESHOLD_TESTS.csv,analytical_threshold_test,P6T-0170,SRC-001;SRC-002;SRC-003,P6M-SEVERE_MITIGATED-E-0042,analytical_warning_test_not_compliance_certificate,owner_reviewed_for_phase6_testing,2025-12-12,within_cutoff,"Eligible cash, final EBITDA definitions, covenant baskets, equity cures and proposed legal documentation are unavailable. Book-cash net leverage is an analyst diagnostic only."
P6L-01720,data/phase6/processed/ANALYTICAL_THRESHOLD_TESTS.csv,analytical_threshold_test,P6T-0171,SRC-001;SRC-002;SRC-003,P6M-MODERATE_NO_WAIVER-P-0003,analytical_warning_test_not_compliance_certificate,owner_reviewed_for_phase6_testing,2025-12-12,within_cutoff,"Eligible cash, final EBITDA definitions, covenant baskets, equity cures and proposed legal documentation are unavailable. Book-cash net leverage is an analyst diagnostic only."
P6L-01721,data/phase6/processed/ANALYTICAL_THRESHOLD_TESTS.csv,analytical_threshold_test,P6T-0172,SRC-001;SRC-002;SRC-003,P6M-MODERATE_NO_WAIVER-P-0006,analytical_warning_test_not_compliance_certificate,owner_reviewed_for_phase6_testing,2025-12-12,within_cutoff,"Eligible cash, final EBITDA definitions, covenant baskets, equity cures and proposed legal documentation are unavailable. Book-cash net leverage is an analyst diagnostic only."
P6L-01722,data/phase6/processed/ANALYTICAL_THRESHOLD_TESTS.csv,analytical_threshold_test,P6T-0173,SRC-001;SRC-002;SRC-003,P6M-MODERATE_NO_WAIVER-P-0009,analytical_warning_test_not_compliance_certificate,owner_reviewed_for_phase6_testing,2025-12-12,within_cutoff,"Eligible cash, final EBITDA definitions, covenant baskets, equity cures and proposed legal documentation are unavailable. Book-cash net leverage is an analyst diagnostic only."
P6L-01723,data/phase6/processed/ANALYTICAL_THRESHOLD_TESTS.csv,analytical_threshold_test,P6T-0174,SRC-001;SRC-002;SRC-003,P6M-MODERATE_NO_WAIVER-P-0012,analytical_warning_test_not_compliance_certificate,owner_reviewed_for_phase6_testing,2025-12-12,within_cutoff,"Eligible cash, final EBITDA definitions, covenant baskets, equity cures and proposed legal documentation are unavailable. Book-cash net leverage is an analyst diagnostic only."
P6L-01724,data/phase6/processed/ANALYTICAL_THRESHOLD_TESTS.csv,analytical_threshold_test,P6T-0175,SRC-001;SRC-002;SRC-003,P6M-MODERATE_NO_WAIVER-P-0015,analytical_warning_test_not_compliance_certificate,owner_reviewed_for_phase6_testing,2025-12-12,within_cutoff,"Eligible cash, final EBITDA definitions, covenant baskets, equity cures and proposed legal documentation are unavailable. Book-cash net leverage is an analyst diagnostic only."
P6L-01725,data/phase6/processed/ANALYTICAL_THRESHOLD_TESTS.csv,analytical_threshold_test,P6T-0176,SRC-001;SRC-002;SRC-003,P6M-MODERATE_NO_WAIVER-P-0018,analytical_warning_test_not_compliance_certificate,owner_reviewed_for_phase6_testing,2025-12-12,within_cutoff,"Eligible cash, final EBITDA definitions, covenant baskets, equity cures and proposed legal documentation are unavailable. Book-cash net leverage is an analyst diagnostic only."
P6L-01726,data/phase6/processed/ANALYTICAL_THRESHOLD_TESTS.csv,analytical_threshold_test,P6T-0177,SRC-001;SRC-002;SRC-003,P6M-MODERATE_NO_WAIVER-P-0021,analytical_warning_test_not_compliance_certificate,owner_reviewed_for_phase6_testing,2025-12-12,within_cutoff,"Eligible cash, final EBITDA definitions, covenant baskets, equity cures and proposed legal documentation are unavailable. Book-cash net leverage is an analyst diagnostic only."
P6L-01727,data/phase6/processed/ANALYTICAL_THRESHOLD_TESTS.csv,analytical_threshold_test,P6T-0178,SRC-001;SRC-002;SRC-003,P6M-MODERATE_NO_WAIVER-P-0024,analytical_warning_test_not_compliance_certificate,owner_reviewed_for_phase6_testing,2025-12-12,within_cutoff,"Eligible cash, final EBITDA definitions, covenant baskets, equity cures and proposed legal documentation are unavailable. Book-cash net leverage is an analyst diagnostic only."
P6L-01728,data/phase6/processed/ANALYTICAL_THRESHOLD_TESTS.csv,analytical_threshold_test,P6T-0179,SRC-001;SRC-002;SRC-003,P6M-MODERATE_NO_WAIVER-P-0027,analytical_warning_test_not_compliance_certificate,owner_reviewed_for_phase6_testing,2025-12-12,within_cutoff,"Eligible cash, final EBITDA definitions, covenant baskets, equity cures and proposed legal documentation are unavailable. Book-cash net leverage is an analyst diagnostic only."
P6L-01729,data/phase6/processed/ANALYTICAL_THRESHOLD_TESTS.csv,analytical_threshold_test,P6T-0180,SRC-001;SRC-002;SRC-003,P6M-MODERATE_NO_WAIVER-P-0030,analytical_warning_test_not_compliance_certificate,owner_reviewed_for_phase6_testing,2025-12-12,within_cutoff,"Eligible cash, final EBITDA definitions, covenant baskets, equity cures and proposed legal documentation are unavailable. Book-cash net leverage is an analyst diagnostic only."
P6L-01730,data/phase6/processed/ANALYTICAL_THRESHOLD_TESTS.csv,analytical_threshold_test,P6T-0181,SRC-001;SRC-002;SRC-003,P6M-MODERATE_NO_WAIVER-P-0033,analytical_warning_test_not_compliance_certificate,owner_reviewed_for_phase6_testing,2025-12-12,within_cutoff,"Eligible cash, final EBITDA definitions, covenant baskets, equity cures and proposed legal documentation are unavailable. Book-cash net leverage is an analyst diagnostic only."
P6L-01731,data/phase6/processed/ANALYTICAL_THRESHOLD_TESTS.csv,analytical_threshold_test,P6T-0182,SRC-001;SRC-002;SRC-003,P6M-MODERATE_NO_WAIVER-P-0036,analytical_warning_test_not_compliance_certificate,owner_reviewed_for_phase6_testing,2025-12-12,within_cutoff,"Eligible cash, final EBITDA definitions, covenant baskets, equity cures and proposed legal documentation are unavailable. Book-cash net leverage is an analyst diagnostic only."
P6L-01732,data/phase6/processed/ANALYTICAL_THRESHOLD_TESTS.csv,analytical_threshold_test,P6T-0183,SRC-001;SRC-002;SRC-003,P6M-MODERATE_NO_WAIVER-P-0039,analytical_warning_test_not_compliance_certificate,owner_reviewed_for_phase6_testing,2025-12-12,within_cutoff,"Eligible cash, final EBITDA definitions, covenant baskets, equity cures and proposed legal documentation are unavailable. Book-cash net leverage is an analyst diagnostic only."
P6L-01733,data/phase6/processed/ANALYTICAL_THRESHOLD_TESTS.csv,analytical_threshold_test,P6T-0184,SRC-001;SRC-002;SRC-003,P6M-MODERATE_NO_WAIVER-P-0042,analytical_warning_test_not_compliance_certificate,owner_reviewed_for_phase6_testing,2025-12-12,within_cutoff,"Eligible cash, final EBITDA definitions, covenant baskets, equity cures and proposed legal documentation are unavailable. Book-cash net leverage is an analyst diagnostic only."
P6L-01734,data/phase6/processed/ANALYTICAL_THRESHOLD_TESTS.csv,analytical_threshold_test,P6T-0185,SRC-001;SRC-002;SRC-003,P6M-MODERATE_NO_WAIVER-P-0045,analytical_warning_test_not_compliance_certificate,owner_reviewed_for_phase6_testing,2025-12-12,within_cutoff,"Eligible cash, final EBITDA definitions, covenant baskets, equity cures and proposed legal documentation are unavailable. Book-cash net leverage is an analyst diagnostic only."
P6L-01735,data/phase6/processed/ANALYTICAL_THRESHOLD_TESTS.csv,analytical_threshold_test,P6T-0186,SRC-001;SRC-002;SRC-003,P6M-MODERATE_NO_WAIVER-P-0048,analytical_warning_test_not_compliance_certificate,owner_reviewed_for_phase6_testing,2025-12-12,within_cutoff,"Eligible cash, final EBITDA definitions, covenant baskets, equity cures and proposed legal documentation are unavailable. Book-cash net leverage is an analyst diagnostic only."
P6L-01736,data/phase6/processed/ANALYTICAL_THRESHOLD_TESTS.csv,analytical_threshold_test,P6T-0187,SRC-001;SRC-002;SRC-003,P6M-MODERATE_NO_WAIVER-P-0051,analytical_warning_test_not_compliance_certificate,owner_reviewed_for_phase6_testing,2025-12-12,within_cutoff,"Eligible cash, final EBITDA definitions, covenant baskets, equity cures and proposed legal documentation are unavailable. Book-cash net leverage is an analyst diagnostic only."
P6L-01737,data/phase6/processed/ANALYTICAL_THRESHOLD_TESTS.csv,analytical_threshold_test,P6T-0188,SRC-001;SRC-002;SRC-003,P6M-MODERATE_NO_WAIVER-P-0054,analytical_warning_test_not_compliance_certificate,owner_reviewed_for_phase6_testing,2025-12-12,within_cutoff,"Eligible cash, final EBITDA definitions, covenant baskets, equity cures and proposed legal documentation are unavailable. Book-cash net leverage is an analyst diagnostic only."
P6L-01738,data/phase6/processed/ANALYTICAL_THRESHOLD_TESTS.csv,analytical_threshold_test,P6T-0189,SRC-001;SRC-002;SRC-003,P6M-MODERATE_NO_WAIVER-P-0057,analytical_warning_test_not_compliance_certificate,owner_reviewed_for_phase6_testing,2025-12-12,within_cutoff,"Eligible cash, final EBITDA definitions, covenant baskets, equity cures and proposed legal documentation are unavailable. Book-cash net leverage is an analyst diagnostic only."
P6L-01739,data/phase6/processed/ANALYTICAL_THRESHOLD_TESTS.csv,analytical_threshold_test,P6T-0190,SRC-001;SRC-002;SRC-003,P6M-MODERATE_NO_WAIVER-P-0060,analytical_warning_test_not_compliance_certificate,owner_reviewed_for_phase6_testing,2025-12-12,within_cutoff,"Eligible cash, final EBITDA definitions, covenant baskets, equity cures and proposed legal documentation are unavailable. Book-cash net leverage is an analyst diagnostic only."
P6L-01740,data/phase6/processed/ANALYTICAL_THRESHOLD_TESTS.csv,analytical_threshold_test,P6T-0191,SRC-001;SRC-002;SRC-003,P6M-MODERATE_NO_WAIVER-E-0003,analytical_warning_test_not_compliance_certificate,owner_reviewed_for_phase6_testing,2025-12-12,within_cutoff,"Eligible cash, final EBITDA definitions, covenant baskets, equity cures and proposed legal documentation are unavailable. Book-cash net leverage is an analyst diagnostic only."
P6L-01741,data/phase6/processed/ANALYTICAL_THRESHOLD_TESTS.csv,analytical_threshold_test,P6T-0192,SRC-001;SRC-002;SRC-003,P6M-MODERATE_NO_WAIVER-E-0006,analytical_warning_test_not_compliance_certificate,owner_reviewed_for_phase6_testing,2025-12-12,within_cutoff,"Eligible cash, final EBITDA definitions, covenant baskets, equity cures and proposed legal documentation are unavailable. Book-cash net leverage is an analyst diagnostic only."
P6L-01742,data/phase6/processed/ANALYTICAL_THRESHOLD_TESTS.csv,analytical_threshold_test,P6T-0193,SRC-001;SRC-002;SRC-003,P6M-MODERATE_NO_WAIVER-E-0009,analytical_warning_test_not_compliance_certificate,owner_reviewed_for_phase6_testing,2025-12-12,within_cutoff,"Eligible cash, final EBITDA definitions, covenant baskets, equity cures and proposed legal documentation are unavailable. Book-cash net leverage is an analyst diagnostic only."
P6L-01743,data/phase6/processed/ANALYTICAL_THRESHOLD_TESTS.csv,analytical_threshold_test,P6T-0194,SRC-001;SRC-002;SRC-003,P6M-MODERATE_NO_WAIVER-E-0012,analytical_warning_test_not_compliance_certificate,owner_reviewed_for_phase6_testing,2025-12-12,within_cutoff,"Eligible cash, final EBITDA definitions, covenant baskets, equity cures and proposed legal documentation are unavailable. Book-cash net leverage is an analyst diagnostic only."
P6L-01744,data/phase6/processed/ANALYTICAL_THRESHOLD_TESTS.csv,analytical_threshold_test,P6T-0195,SRC-001;SRC-002;SRC-003,P6M-MODERATE_NO_WAIVER-E-0015,analytical_warning_test_not_compliance_certificate,owner_reviewed_for_phase6_testing,2025-12-12,within_cutoff,"Eligible cash, final EBITDA definitions, covenant baskets, equity cures and proposed legal documentation are unavailable. Book-cash net leverage is an analyst diagnostic only."
P6L-01745,data/phase6/processed/ANALYTICAL_THRESHOLD_TESTS.csv,analytical_threshold_test,P6T-0196,SRC-001;SRC-002;SRC-003,P6M-MODERATE_NO_WAIVER-E-0018,analytical_warning_test_not_compliance_certificate,owner_reviewed_for_phase6_testing,2025-12-12,within_cutoff,"Eligible cash, final EBITDA definitions, covenant baskets, equity cures and proposed legal documentation are unavailable. Book-cash net leverage is an analyst diagnostic only."
P6L-01746,data/phase6/processed/ANALYTICAL_THRESHOLD_TESTS.csv,analytical_threshold_test,P6T-0197,SRC-001;SRC-002;SRC-003,P6M-MODERATE_NO_WAIVER-E-0021,analytical_warning_test_not_compliance_certificate,owner_reviewed_for_phase6_testing,2025-12-12,within_cutoff,"Eligible cash, final EBITDA definitions, covenant baskets, equity cures and proposed legal documentation are unavailable. Book-cash net leverage is an analyst diagnostic only."
P6L-01747,data/phase6/processed/ANALYTICAL_THRESHOLD_TESTS.csv,analytical_threshold_test,P6T-0198,SRC-001;SRC-002;SRC-003,P6M-MODERATE_NO_WAIVER-E-0024,analytical_warning_test_not_compliance_certificate,owner_reviewed_for_phase6_testing,2025-12-12,within_cutoff,"Eligible cash, final EBITDA definitions, covenant baskets, equity cures and proposed legal documentation are unavailable. Book-cash net leverage is an analyst diagnostic only."
P6L-01748,data/phase6/processed/ANALYTICAL_THRESHOLD_TESTS.csv,analytical_threshold_test,P6T-0199,SRC-001;SRC-002;SRC-003,P6M-MODERATE_NO_WAIVER-E-0027,analytical_warning_test_not_compliance_certificate,owner_reviewed_for_phase6_testing,2025-12-12,within_cutoff,"Eligible cash, final EBITDA definitions, covenant baskets, equity cures and proposed legal documentation are unavailable. Book-cash net leverage is an analyst diagnostic only."
P6L-01749,data/phase6/processed/ANALYTICAL_THRESHOLD_TESTS.csv,analytical_threshold_test,P6T-0200,SRC-001;SRC-002;SRC-003,P6M-MODERATE_NO_WAIVER-E-0030,analytical_warning_test_not_compliance_certificate,owner_reviewed_for_phase6_testing,2025-12-12,within_cutoff,"Eligible cash, final EBITDA definitions, covenant baskets, equity cures and proposed legal documentation are unavailable. Book-cash net leverage is an analyst diagnostic only."
P6L-01750,data/phase6/processed/ANALYTICAL_THRESHOLD_TESTS.csv,analytical_threshold_test,P6T-0201,SRC-001;SRC-002;SRC-003,P6M-MODERATE_NO_WAIVER-E-0033,analytical_warning_test_not_compliance_certificate,owner_reviewed_for_phase6_testing,2025-12-12,within_cutoff,"Eligible cash, final EBITDA definitions, covenant baskets, equity cures and proposed legal documentation are unavailable. Book-cash net leverage is an analyst diagnostic only."
P6L-01751,data/phase6/processed/ANALYTICAL_THRESHOLD_TESTS.csv,analytical_threshold_test,P6T-0202,SRC-001;SRC-002;SRC-003,P6M-MODERATE_NO_WAIVER-E-0036,analytical_warning_test_not_compliance_certificate,owner_reviewed_for_phase6_testing,2025-12-12,within_cutoff,"Eligible cash, final EBITDA definitions, covenant baskets, equity cures and proposed legal documentation are unavailable. Book-cash net leverage is an analyst diagnostic only."
P6L-01752,data/phase6/processed/ANALYTICAL_THRESHOLD_TESTS.csv,analytical_threshold_test,P6T-0203,SRC-001;SRC-002;SRC-003,P6M-MODERATE_NO_WAIVER-E-0039,analytical_warning_test_not_compliance_certificate,owner_reviewed_for_phase6_testing,2025-12-12,within_cutoff,"Eligible cash, final EBITDA definitions, covenant baskets, equity cures and proposed legal documentation are unavailable. Book-cash net leverage is an analyst diagnostic only."
P6L-01753,data/phase6/processed/ANALYTICAL_THRESHOLD_TESTS.csv,analytical_threshold_test,P6T-0204,SRC-001;SRC-002;SRC-003,P6M-MODERATE_NO_WAIVER-E-0042,analytical_warning_test_not_compliance_certificate,owner_reviewed_for_phase6_testing,2025-12-12,within_cutoff,"Eligible cash, final EBITDA definitions, covenant baskets, equity cures and proposed legal documentation are unavailable. Book-cash net leverage is an analyst diagnostic only."
P6L-01754,data/phase6/processed/ANALYTICAL_THRESHOLD_TESTS.csv,analytical_threshold_test,P6T-0205,SRC-001;SRC-002;SRC-003,P6M-SEVERE_NO_WAIVER-P-0003,analytical_warning_test_not_compliance_certificate,owner_reviewed_for_phase6_testing,2025-12-12,within_cutoff,"Eligible cash, final EBITDA definitions, covenant baskets, equity cures and proposed legal documentation are unavailable. Book-cash net leverage is an analyst diagnostic only."
P6L-01755,data/phase6/processed/ANALYTICAL_THRESHOLD_TESTS.csv,analytical_threshold_test,P6T-0206,SRC-001;SRC-002;SRC-003,P6M-SEVERE_NO_WAIVER-P-0006,analytical_warning_test_not_compliance_certificate,owner_reviewed_for_phase6_testing,2025-12-12,within_cutoff,"Eligible cash, final EBITDA definitions, covenant baskets, equity cures and proposed legal documentation are unavailable. Book-cash net leverage is an analyst diagnostic only."
P6L-01756,data/phase6/processed/ANALYTICAL_THRESHOLD_TESTS.csv,analytical_threshold_test,P6T-0207,SRC-001;SRC-002;SRC-003,P6M-SEVERE_NO_WAIVER-P-0009,analytical_warning_test_not_compliance_certificate,owner_reviewed_for_phase6_testing,2025-12-12,within_cutoff,"Eligible cash, final EBITDA definitions, covenant baskets, equity cures and proposed legal documentation are unavailable. Book-cash net leverage is an analyst diagnostic only."
P6L-01757,data/phase6/processed/ANALYTICAL_THRESHOLD_TESTS.csv,analytical_threshold_test,P6T-0208,SRC-001;SRC-002;SRC-003,P6M-SEVERE_NO_WAIVER-P-0012,analytical_warning_test_not_compliance_certificate,owner_reviewed_for_phase6_testing,2025-12-12,within_cutoff,"Eligible cash, final EBITDA definitions, covenant baskets, equity cures and proposed legal documentation are unavailable. Book-cash net leverage is an analyst diagnostic only."
P6L-01758,data/phase6/processed/ANALYTICAL_THRESHOLD_TESTS.csv,analytical_threshold_test,P6T-0209,SRC-001;SRC-002;SRC-003,P6M-SEVERE_NO_WAIVER-P-0015,analytical_warning_test_not_compliance_certificate,owner_reviewed_for_phase6_testing,2025-12-12,within_cutoff,"Eligible cash, final EBITDA definitions, covenant baskets, equity cures and proposed legal documentation are unavailable. Book-cash net leverage is an analyst diagnostic only."
P6L-01759,data/phase6/processed/ANALYTICAL_THRESHOLD_TESTS.csv,analytical_threshold_test,P6T-0210,SRC-001;SRC-002;SRC-003,P6M-SEVERE_NO_WAIVER-P-0018,analytical_warning_test_not_compliance_certificate,owner_reviewed_for_phase6_testing,2025-12-12,within_cutoff,"Eligible cash, final EBITDA definitions, covenant baskets, equity cures and proposed legal documentation are unavailable. Book-cash net leverage is an analyst diagnostic only."
P6L-01760,data/phase6/processed/ANALYTICAL_THRESHOLD_TESTS.csv,analytical_threshold_test,P6T-0211,SRC-001;SRC-002;SRC-003,P6M-SEVERE_NO_WAIVER-P-0021,analytical_warning_test_not_compliance_certificate,owner_reviewed_for_phase6_testing,2025-12-12,within_cutoff,"Eligible cash, final EBITDA definitions, covenant baskets, equity cures and proposed legal documentation are unavailable. Book-cash net leverage is an analyst diagnostic only."
P6L-01761,data/phase6/processed/ANALYTICAL_THRESHOLD_TESTS.csv,analytical_threshold_test,P6T-0212,SRC-001;SRC-002;SRC-003,P6M-SEVERE_NO_WAIVER-P-0024,analytical_warning_test_not_compliance_certificate,owner_reviewed_for_phase6_testing,2025-12-12,within_cutoff,"Eligible cash, final EBITDA definitions, covenant baskets, equity cures and proposed legal documentation are unavailable. Book-cash net leverage is an analyst diagnostic only."
P6L-01762,data/phase6/processed/ANALYTICAL_THRESHOLD_TESTS.csv,analytical_threshold_test,P6T-0213,SRC-001;SRC-002;SRC-003,P6M-SEVERE_NO_WAIVER-P-0027,analytical_warning_test_not_compliance_certificate,owner_reviewed_for_phase6_testing,2025-12-12,within_cutoff,"Eligible cash, final EBITDA definitions, covenant baskets, equity cures and proposed legal documentation are unavailable. Book-cash net leverage is an analyst diagnostic only."
P6L-01763,data/phase6/processed/ANALYTICAL_THRESHOLD_TESTS.csv,analytical_threshold_test,P6T-0214,SRC-001;SRC-002;SRC-003,P6M-SEVERE_NO_WAIVER-P-0030,analytical_warning_test_not_compliance_certificate,owner_reviewed_for_phase6_testing,2025-12-12,within_cutoff,"Eligible cash, final EBITDA definitions, covenant baskets, equity cures and proposed legal documentation are unavailable. Book-cash net leverage is an analyst diagnostic only."
P6L-01764,data/phase6/processed/ANALYTICAL_THRESHOLD_TESTS.csv,analytical_threshold_test,P6T-0215,SRC-001;SRC-002;SRC-003,P6M-SEVERE_NO_WAIVER-P-0033,analytical_warning_test_not_compliance_certificate,owner_reviewed_for_phase6_testing,2025-12-12,within_cutoff,"Eligible cash, final EBITDA definitions, covenant baskets, equity cures and proposed legal documentation are unavailable. Book-cash net leverage is an analyst diagnostic only."
P6L-01765,data/phase6/processed/ANALYTICAL_THRESHOLD_TESTS.csv,analytical_threshold_test,P6T-0216,SRC-001;SRC-002;SRC-003,P6M-SEVERE_NO_WAIVER-P-0036,analytical_warning_test_not_compliance_certificate,owner_reviewed_for_phase6_testing,2025-12-12,within_cutoff,"Eligible cash, final EBITDA definitions, covenant baskets, equity cures and proposed legal documentation are unavailable. Book-cash net leverage is an analyst diagnostic only."
P6L-01766,data/phase6/processed/ANALYTICAL_THRESHOLD_TESTS.csv,analytical_threshold_test,P6T-0217,SRC-001;SRC-002;SRC-003,P6M-SEVERE_NO_WAIVER-P-0039,analytical_warning_test_not_compliance_certificate,owner_reviewed_for_phase6_testing,2025-12-12,within_cutoff,"Eligible cash, final EBITDA definitions, covenant baskets, equity cures and proposed legal documentation are unavailable. Book-cash net leverage is an analyst diagnostic only."
P6L-01767,data/phase6/processed/ANALYTICAL_THRESHOLD_TESTS.csv,analytical_threshold_test,P6T-0218,SRC-001;SRC-002;SRC-003,P6M-SEVERE_NO_WAIVER-P-0042,analytical_warning_test_not_compliance_certificate,owner_reviewed_for_phase6_testing,2025-12-12,within_cutoff,"Eligible cash, final EBITDA definitions, covenant baskets, equity cures and proposed legal documentation are unavailable. Book-cash net leverage is an analyst diagnostic only."
P6L-01768,data/phase6/processed/ANALYTICAL_THRESHOLD_TESTS.csv,analytical_threshold_test,P6T-0219,SRC-001;SRC-002;SRC-003,P6M-SEVERE_NO_WAIVER-P-0045,analytical_warning_test_not_compliance_certificate,owner_reviewed_for_phase6_testing,2025-12-12,within_cutoff,"Eligible cash, final EBITDA definitions, covenant baskets, equity cures and proposed legal documentation are unavailable. Book-cash net leverage is an analyst diagnostic only."
P6L-01769,data/phase6/processed/ANALYTICAL_THRESHOLD_TESTS.csv,analytical_threshold_test,P6T-0220,SRC-001;SRC-002;SRC-003,P6M-SEVERE_NO_WAIVER-P-0048,analytical_warning_test_not_compliance_certificate,owner_reviewed_for_phase6_testing,2025-12-12,within_cutoff,"Eligible cash, final EBITDA definitions, covenant baskets, equity cures and proposed legal documentation are unavailable. Book-cash net leverage is an analyst diagnostic only."
P6L-01770,data/phase6/processed/ANALYTICAL_THRESHOLD_TESTS.csv,analytical_threshold_test,P6T-0221,SRC-001;SRC-002;SRC-003,P6M-SEVERE_NO_WAIVER-P-0051,analytical_warning_test_not_compliance_certificate,owner_reviewed_for_phase6_testing,2025-12-12,within_cutoff,"Eligible cash, final EBITDA definitions, covenant baskets, equity cures and proposed legal documentation are unavailable. Book-cash net leverage is an analyst diagnostic only."
P6L-01771,data/phase6/processed/ANALYTICAL_THRESHOLD_TESTS.csv,analytical_threshold_test,P6T-0222,SRC-001;SRC-002;SRC-003,P6M-SEVERE_NO_WAIVER-P-0054,analytical_warning_test_not_compliance_certificate,owner_reviewed_for_phase6_testing,2025-12-12,within_cutoff,"Eligible cash, final EBITDA definitions, covenant baskets, equity cures and proposed legal documentation are unavailable. Book-cash net leverage is an analyst diagnostic only."
P6L-01772,data/phase6/processed/ANALYTICAL_THRESHOLD_TESTS.csv,analytical_threshold_test,P6T-0223,SRC-001;SRC-002;SRC-003,P6M-SEVERE_NO_WAIVER-P-0057,analytical_warning_test_not_compliance_certificate,owner_reviewed_for_phase6_testing,2025-12-12,within_cutoff,"Eligible cash, final EBITDA definitions, covenant baskets, equity cures and proposed legal documentation are unavailable. Book-cash net leverage is an analyst diagnostic only."
P6L-01773,data/phase6/processed/ANALYTICAL_THRESHOLD_TESTS.csv,analytical_threshold_test,P6T-0224,SRC-001;SRC-002;SRC-003,P6M-SEVERE_NO_WAIVER-P-0060,analytical_warning_test_not_compliance_certificate,owner_reviewed_for_phase6_testing,2025-12-12,within_cutoff,"Eligible cash, final EBITDA definitions, covenant baskets, equity cures and proposed legal documentation are unavailable. Book-cash net leverage is an analyst diagnostic only."
P6L-01774,data/phase6/processed/ANALYTICAL_THRESHOLD_TESTS.csv,analytical_threshold_test,P6T-0225,SRC-001;SRC-002;SRC-003,P6M-SEVERE_NO_WAIVER-E-0003,analytical_warning_test_not_compliance_certificate,owner_reviewed_for_phase6_testing,2025-12-12,within_cutoff,"Eligible cash, final EBITDA definitions, covenant baskets, equity cures and proposed legal documentation are unavailable. Book-cash net leverage is an analyst diagnostic only."
P6L-01775,data/phase6/processed/ANALYTICAL_THRESHOLD_TESTS.csv,analytical_threshold_test,P6T-0226,SRC-001;SRC-002;SRC-003,P6M-SEVERE_NO_WAIVER-E-0006,analytical_warning_test_not_compliance_certificate,owner_reviewed_for_phase6_testing,2025-12-12,within_cutoff,"Eligible cash, final EBITDA definitions, covenant baskets, equity cures and proposed legal documentation are unavailable. Book-cash net leverage is an analyst diagnostic only."
P6L-01776,data/phase6/processed/ANALYTICAL_THRESHOLD_TESTS.csv,analytical_threshold_test,P6T-0227,SRC-001;SRC-002;SRC-003,P6M-SEVERE_NO_WAIVER-E-0009,analytical_warning_test_not_compliance_certificate,owner_reviewed_for_phase6_testing,2025-12-12,within_cutoff,"Eligible cash, final EBITDA definitions, covenant baskets, equity cures and proposed legal documentation are unavailable. Book-cash net leverage is an analyst diagnostic only."
P6L-01777,data/phase6/processed/ANALYTICAL_THRESHOLD_TESTS.csv,analytical_threshold_test,P6T-0228,SRC-001;SRC-002;SRC-003,P6M-SEVERE_NO_WAIVER-E-0012,analytical_warning_test_not_compliance_certificate,owner_reviewed_for_phase6_testing,2025-12-12,within_cutoff,"Eligible cash, final EBITDA definitions, covenant baskets, equity cures and proposed legal documentation are unavailable. Book-cash net leverage is an analyst diagnostic only."
P6L-01778,data/phase6/processed/ANALYTICAL_THRESHOLD_TESTS.csv,analytical_threshold_test,P6T-0229,SRC-001;SRC-002;SRC-003,P6M-SEVERE_NO_WAIVER-E-0015,analytical_warning_test_not_compliance_certificate,owner_reviewed_for_phase6_testing,2025-12-12,within_cutoff,"Eligible cash, final EBITDA definitions, covenant baskets, equity cures and proposed legal documentation are unavailable. Book-cash net leverage is an analyst diagnostic only."
P6L-01779,data/phase6/processed/ANALYTICAL_THRESHOLD_TESTS.csv,analytical_threshold_test,P6T-0230,SRC-001;SRC-002;SRC-003,P6M-SEVERE_NO_WAIVER-E-0018,analytical_warning_test_not_compliance_certificate,owner_reviewed_for_phase6_testing,2025-12-12,within_cutoff,"Eligible cash, final EBITDA definitions, covenant baskets, equity cures and proposed legal documentation are unavailable. Book-cash net leverage is an analyst diagnostic only."
P6L-01780,data/phase6/processed/ANALYTICAL_THRESHOLD_TESTS.csv,analytical_threshold_test,P6T-0231,SRC-001;SRC-002;SRC-003,P6M-SEVERE_NO_WAIVER-E-0021,analytical_warning_test_not_compliance_certificate,owner_reviewed_for_phase6_testing,2025-12-12,within_cutoff,"Eligible cash, final EBITDA definitions, covenant baskets, equity cures and proposed legal documentation are unavailable. Book-cash net leverage is an analyst diagnostic only."
P6L-01781,data/phase6/processed/ANALYTICAL_THRESHOLD_TESTS.csv,analytical_threshold_test,P6T-0232,SRC-001;SRC-002;SRC-003,P6M-SEVERE_NO_WAIVER-E-0024,analytical_warning_test_not_compliance_certificate,owner_reviewed_for_phase6_testing,2025-12-12,within_cutoff,"Eligible cash, final EBITDA definitions, covenant baskets, equity cures and proposed legal documentation are unavailable. Book-cash net leverage is an analyst diagnostic only."
P6L-01782,data/phase6/processed/ANALYTICAL_THRESHOLD_TESTS.csv,analytical_threshold_test,P6T-0233,SRC-001;SRC-002;SRC-003,P6M-SEVERE_NO_WAIVER-E-0027,analytical_warning_test_not_compliance_certificate,owner_reviewed_for_phase6_testing,2025-12-12,within_cutoff,"Eligible cash, final EBITDA definitions, covenant baskets, equity cures and proposed legal documentation are unavailable. Book-cash net leverage is an analyst diagnostic only."
P6L-01783,data/phase6/processed/ANALYTICAL_THRESHOLD_TESTS.csv,analytical_threshold_test,P6T-0234,SRC-001;SRC-002;SRC-003,P6M-SEVERE_NO_WAIVER-E-0030,analytical_warning_test_not_compliance_certificate,owner_reviewed_for_phase6_testing,2025-12-12,within_cutoff,"Eligible cash, final EBITDA definitions, covenant baskets, equity cures and proposed legal documentation are unavailable. Book-cash net leverage is an analyst diagnostic only."
P6L-01784,data/phase6/processed/ANALYTICAL_THRESHOLD_TESTS.csv,analytical_threshold_test,P6T-0235,SRC-001;SRC-002;SRC-003,P6M-SEVERE_NO_WAIVER-E-0033,analytical_warning_test_not_compliance_certificate,owner_reviewed_for_phase6_testing,2025-12-12,within_cutoff,"Eligible cash, final EBITDA definitions, covenant baskets, equity cures and proposed legal documentation are unavailable. Book-cash net leverage is an analyst diagnostic only."
P6L-01785,data/phase6/processed/ANALYTICAL_THRESHOLD_TESTS.csv,analytical_threshold_test,P6T-0236,SRC-001;SRC-002;SRC-003,P6M-SEVERE_NO_WAIVER-E-0036,analytical_warning_test_not_compliance_certificate,owner_reviewed_for_phase6_testing,2025-12-12,within_cutoff,"Eligible cash, final EBITDA definitions, covenant baskets, equity cures and proposed legal documentation are unavailable. Book-cash net leverage is an analyst diagnostic only."
P6L-01786,data/phase6/processed/ANALYTICAL_THRESHOLD_TESTS.csv,analytical_threshold_test,P6T-0237,SRC-001;SRC-002;SRC-003,P6M-SEVERE_NO_WAIVER-E-0039,analytical_warning_test_not_compliance_certificate,owner_reviewed_for_phase6_testing,2025-12-12,within_cutoff,"Eligible cash, final EBITDA definitions, covenant baskets, equity cures and proposed legal documentation are unavailable. Book-cash net leverage is an analyst diagnostic only."
P6L-01787,data/phase6/processed/ANALYTICAL_THRESHOLD_TESTS.csv,analytical_threshold_test,P6T-0238,SRC-001;SRC-002;SRC-003,P6M-SEVERE_NO_WAIVER-E-0042,analytical_warning_test_not_compliance_certificate,owner_reviewed_for_phase6_testing,2025-12-12,within_cutoff,"Eligible cash, final EBITDA definitions, covenant baskets, equity cures and proposed legal documentation are unavailable. Book-cash net leverage is an analyst diagnostic only."
P6L-01788,data/phase6/processed/DRAWABILITY_PATHS.csv,drawability_path,P6DP-001,SRC-001;SRC-002;SRC-003,P6M-BASE-P-0001:P6M-BASE-P-0060,analytical_drawability_convention_not_legal_conclusion,inherited_phase5_base,2025-12-12,within_cutoff,Proposed no-waiver shutoff is a Phase 6 stress convention. Existing drawability remains an analytical warning because formal covenant inputs are incomplete.
P6L-01789,data/phase6/processed/DRAWABILITY_PATHS.csv,drawability_path,P6DP-002,SRC-001;SRC-002;SRC-003,P6M-BASE-E-0001:P6M-BASE-E-0042,analytical_drawability_convention_not_legal_conclusion,inherited_phase5_base,2025-12-12,within_cutoff,Proposed no-waiver shutoff is a Phase 6 stress convention. Existing drawability remains an analytical warning because formal covenant inputs are incomplete.
P6L-01790,data/phase6/processed/DRAWABILITY_PATHS.csv,drawability_path,P6DP-003,SRC-001;SRC-002;SRC-003,P6M-MODERATE_UNMITIGATED-P-0001:P6M-MODERATE_UNMITIGATED-P-0060,analytical_drawability_convention_not_legal_conclusion,owner_reviewed_for_phase6_testing,2025-12-12,within_cutoff,Proposed no-waiver shutoff is a Phase 6 stress convention. Existing drawability remains an analytical warning because formal covenant inputs are incomplete.
P6L-01791,data/phase6/processed/DRAWABILITY_PATHS.csv,drawability_path,P6DP-004,SRC-001;SRC-002;SRC-003,P6M-MODERATE_UNMITIGATED-E-0001:P6M-MODERATE_UNMITIGATED-E-0042,analytical_drawability_convention_not_legal_conclusion,owner_reviewed_for_phase6_testing,2025-12-12,within_cutoff,Proposed no-waiver shutoff is a Phase 6 stress convention. Existing drawability remains an analytical warning because formal covenant inputs are incomplete.
P6L-01792,data/phase6/processed/DRAWABILITY_PATHS.csv,drawability_path,P6DP-005,SRC-001;SRC-002;SRC-003,P6M-SEVERE_UNMITIGATED-P-0001:P6M-SEVERE_UNMITIGATED-P-0060,analytical_drawability_convention_not_legal_conclusion,owner_reviewed_for_phase6_testing,2025-12-12,within_cutoff,Proposed no-waiver shutoff is a Phase 6 stress convention. Existing drawability remains an analytical warning because formal covenant inputs are incomplete.
P6L-01793,data/phase6/processed/DRAWABILITY_PATHS.csv,drawability_path,P6DP-006,SRC-001;SRC-002;SRC-003,P6M-SEVERE_UNMITIGATED-E-0001:P6M-SEVERE_UNMITIGATED-E-0042,analytical_drawability_convention_not_legal_conclusion,owner_reviewed_for_phase6_testing,2025-12-12,within_cutoff,Proposed no-waiver shutoff is a Phase 6 stress convention. Existing drawability remains an analytical warning because formal covenant inputs are incomplete.
P6L-01794,data/phase6/processed/DRAWABILITY_PATHS.csv,drawability_path,P6DP-007,SRC-001;SRC-002;SRC-003,P6M-MODERATE_MITIGATED-P-0001:P6M-MODERATE_MITIGATED-P-0060,analytical_drawability_convention_not_legal_conclusion,owner_reviewed_for_phase6_testing,2025-12-12,within_cutoff,Proposed no-waiver shutoff is a Phase 6 stress convention. Existing drawability remains an analytical warning because formal covenant inputs are incomplete.
P6L-01795,data/phase6/processed/DRAWABILITY_PATHS.csv,drawability_path,P6DP-008,SRC-001;SRC-002;SRC-003,P6M-MODERATE_MITIGATED-E-0001:P6M-MODERATE_MITIGATED-E-0042,analytical_drawability_convention_not_legal_conclusion,owner_reviewed_for_phase6_testing,2025-12-12,within_cutoff,Proposed no-waiver shutoff is a Phase 6 stress convention. Existing drawability remains an analytical warning because formal covenant inputs are incomplete.
P6L-01796,data/phase6/processed/DRAWABILITY_PATHS.csv,drawability_path,P6DP-009,SRC-001;SRC-002;SRC-003,P6M-SEVERE_MITIGATED-P-0001:P6M-SEVERE_MITIGATED-P-0060,analytical_drawability_convention_not_legal_conclusion,owner_reviewed_for_phase6_testing,2025-12-12,within_cutoff,Proposed no-waiver shutoff is a Phase 6 stress convention. Existing drawability remains an analytical warning because formal covenant inputs are incomplete.
P6L-01797,data/phase6/processed/DRAWABILITY_PATHS.csv,drawability_path,P6DP-010,SRC-001;SRC-002;SRC-003,P6M-SEVERE_MITIGATED-E-0001:P6M-SEVERE_MITIGATED-E-0042,analytical_drawability_convention_not_legal_conclusion,owner_reviewed_for_phase6_testing,2025-12-12,within_cutoff,Proposed no-waiver shutoff is a Phase 6 stress convention. Existing drawability remains an analytical warning because formal covenant inputs are incomplete.
P6L-01798,data/phase6/processed/DRAWABILITY_PATHS.csv,drawability_path,P6DP-011,SRC-001;SRC-002;SRC-003,P6M-MODERATE_NO_WAIVER-P-0001:P6M-MODERATE_NO_WAIVER-P-0060,analytical_drawability_convention_not_legal_conclusion,owner_reviewed_for_phase6_testing,2025-12-12,within_cutoff,Proposed no-waiver shutoff is a Phase 6 stress convention. Existing drawability remains an analytical warning because formal covenant inputs are incomplete.
P6L-01799,data/phase6/processed/DRAWABILITY_PATHS.csv,drawability_path,P6DP-012,SRC-001;SRC-002;SRC-003,P6M-MODERATE_NO_WAIVER-E-0001:P6M-MODERATE_NO_WAIVER-E-0042,analytical_drawability_convention_not_legal_conclusion,owner_reviewed_for_phase6_testing,2025-12-12,within_cutoff,Proposed no-waiver shutoff is a Phase 6 stress convention. Existing drawability remains an analytical warning because formal covenant inputs are incomplete.
P6L-01800,data/phase6/processed/DRAWABILITY_PATHS.csv,drawability_path,P6DP-013,SRC-001;SRC-002;SRC-003,P6M-SEVERE_NO_WAIVER-P-0001:P6M-SEVERE_NO_WAIVER-P-0060,analytical_drawability_convention_not_legal_conclusion,owner_reviewed_for_phase6_testing,2025-12-12,within_cutoff,Proposed no-waiver shutoff is a Phase 6 stress convention. Existing drawability remains an analytical warning because formal covenant inputs are incomplete.
P6L-01801,data/phase6/processed/DRAWABILITY_PATHS.csv,drawability_path,P6DP-014,SRC-001;SRC-002;SRC-003,P6M-SEVERE_NO_WAIVER-E-0001:P6M-SEVERE_NO_WAIVER-E-0042,analytical_drawability_convention_not_legal_conclusion,owner_reviewed_for_phase6_testing,2025-12-12,within_cutoff,Proposed no-waiver shutoff is a Phase 6 stress convention. Existing drawability remains an analytical warning because formal covenant inputs are incomplete.
P6L-01802,data/phase6/processed/MITIGATION_RESULTS.csv,mitigation_result,P6MR-001,SRC-001;SRC-002;SRC-003,P6R-003;P6R-007;MIT-001;MIT-002,side_by_side_management_action_sensitivity,owner_reviewed_for_phase6_testing,2025-12-12,within_cutoff,"Scheduled policy reductions and realized cash preservation are separate. Distributions already unpaid in the unmitigated failure path receive no mitigation credit; implementation, board action and legal permission are not assumed certain."
P6L-01803,data/phase6/processed/MITIGATION_RESULTS.csv,mitigation_result,P6MR-002,SRC-001;SRC-002;SRC-003,P6R-004;P6R-008;MIT-001;MIT-002,side_by_side_management_action_sensitivity,owner_reviewed_for_phase6_testing,2025-12-12,within_cutoff,"Scheduled policy reductions and realized cash preservation are separate. Distributions already unpaid in the unmitigated failure path receive no mitigation credit; implementation, board action and legal permission are not assumed certain."
P6L-01804,data/phase6/processed/MITIGATION_RESULTS.csv,mitigation_result,P6MR-003,SRC-001;SRC-002;SRC-003,P6R-005;P6R-009;MIT-001;MIT-002,side_by_side_management_action_sensitivity,owner_reviewed_for_phase6_testing,2025-12-12,within_cutoff,"Scheduled policy reductions and realized cash preservation are separate. Distributions already unpaid in the unmitigated failure path receive no mitigation credit; implementation, board action and legal permission are not assumed certain."
P6L-01805,data/phase6/processed/MITIGATION_RESULTS.csv,mitigation_result,P6MR-004,SRC-001;SRC-002;SRC-003,P6R-006;P6R-010;MIT-001;MIT-002,side_by_side_management_action_sensitivity,owner_reviewed_for_phase6_testing,2025-12-12,within_cutoff,"Scheduled policy reductions and realized cash preservation are separate. Distributions already unpaid in the unmitigated failure path receive no mitigation credit; implementation, board action and legal permission are not assumed certain."
P6L-01806,data/phase6/processed/REVERSE_STRESS_RESULTS.csv,reverse_stress,P6RS-001,SRC-001;SRC-002;SRC-003,SCN-001:SCN-009;P5A-001:P5A-042,bounded_analytical_reverse_stress,proposed_for_owner_review,2025-12-12,within_cutoff,"Breakpoint is model-dependent and reported only to the stated tolerance; it is not a forecast, covenant cure, refinancing assumption or legal conclusion."
P6L-01807,data/phase6/processed/REVERSE_STRESS_RESULTS.csv,reverse_stress,P6RS-002,SRC-001;SRC-002;SRC-003,SCN-001:SCN-009;P5A-001:P5A-042,bounded_analytical_reverse_stress,proposed_for_owner_review,2025-12-12,within_cutoff,"Breakpoint is model-dependent and reported only to the stated tolerance; it is not a forecast, covenant cure, refinancing assumption or legal conclusion."
P6L-01808,data/phase6/processed/REVERSE_STRESS_RESULTS.csv,reverse_stress,P6RS-003,SRC-001;SRC-002;SRC-003,SCN-001:SCN-009;P5A-001:P5A-042,bounded_analytical_reverse_stress,proposed_for_owner_review,2025-12-12,within_cutoff,"Breakpoint is model-dependent and reported only to the stated tolerance; it is not a forecast, covenant cure, refinancing assumption or legal conclusion."
P6L-01809,data/phase6/processed/REVERSE_STRESS_RESULTS.csv,reverse_stress,P6RS-004,SRC-001;SRC-002;SRC-003,SCN-001:SCN-009;P5A-001:P5A-042,bounded_analytical_reverse_stress,proposed_for_owner_review,2025-12-12,within_cutoff,"Breakpoint is model-dependent and reported only to the stated tolerance; it is not a forecast, covenant cure, refinancing assumption or legal conclusion."
P6L-01810,data/phase6/processed/REVERSE_STRESS_RESULTS.csv,reverse_stress,P6RS-005,SRC-001;SRC-002;SRC-003,SCN-001:SCN-009;P5A-001:P5A-042,bounded_analytical_reverse_stress,proposed_for_owner_review,2025-12-12,within_cutoff,"Breakpoint is model-dependent and reported only to the stated tolerance; it is not a forecast, covenant cure, refinancing assumption or legal conclusion."
P6L-01811,data/phase6/processed/REVERSE_STRESS_RESULTS.csv,reverse_stress,P6RS-006,SRC-001;SRC-002;SRC-003,SCN-001:SCN-009;P5A-001:P5A-042,bounded_analytical_reverse_stress,proposed_for_owner_review,2025-12-12,within_cutoff,"Breakpoint is model-dependent and reported only to the stated tolerance; it is not a forecast, covenant cure, refinancing assumption or legal conclusion."
P6L-01812,data/phase6/processed/REVERSE_STRESS_RESULTS.csv,reverse_stress,P6RS-007,SRC-001;SRC-002;SRC-003,SCN-001:SCN-009;P5A-001:P5A-042,bounded_analytical_reverse_stress,proposed_for_owner_review,2025-12-12,within_cutoff,"Breakpoint is model-dependent and reported only to the stated tolerance; it is not a forecast, covenant cure, refinancing assumption or legal conclusion."
P6L-01813,data/phase6/processed/REVERSE_STRESS_RESULTS.csv,reverse_stress,P6RS-008,SRC-001;SRC-002;SRC-003,SCN-001:SCN-009;P5A-001:P5A-042,bounded_analytical_reverse_stress,proposed_for_owner_review,2025-12-12,within_cutoff,"Breakpoint is model-dependent and reported only to the stated tolerance; it is not a forecast, covenant cure, refinancing assumption or legal conclusion."
P6L-01814,data/phase6/processed/REVERSE_STRESS_RESULTS.csv,reverse_stress,P6RS-009,SRC-001;SRC-002;SRC-003,SCN-001:SCN-009;P5A-001:P5A-042,bounded_analytical_reverse_stress,proposed_for_owner_review,2025-12-12,within_cutoff,"Breakpoint is model-dependent and reported only to the stated tolerance; it is not a forecast, covenant cure, refinancing assumption or legal conclusion."
P6L-01815,data/phase6/processed/REVERSE_STRESS_RESULTS.csv,reverse_stress,P6RS-010,SRC-001;SRC-002;SRC-003,SCN-001:SCN-009;P5A-001:P5A-042,bounded_analytical_reverse_stress,proposed_for_owner_review,2025-12-12,within_cutoff,"Breakpoint is model-dependent and reported only to the stated tolerance; it is not a forecast, covenant cure, refinancing assumption or legal conclusion."
P6L-01816,data/phase6/processed/REVERSE_STRESS_RESULTS.csv,reverse_stress,P6RS-011,SRC-001;SRC-002;SRC-003,SCN-001:SCN-009;P5A-001:P5A-042,bounded_analytical_reverse_stress,proposed_for_owner_review,2025-12-12,within_cutoff,"Breakpoint is model-dependent and reported only to the stated tolerance; it is not a forecast, covenant cure, refinancing assumption or legal conclusion."
P6L-01817,data/phase6/processed/REVERSE_STRESS_RESULTS.csv,reverse_stress,P6RS-012,SRC-001;SRC-002;SRC-003,SCN-001:SCN-009;P5A-001:P5A-042,bounded_analytical_reverse_stress,proposed_for_owner_review,2025-12-12,within_cutoff,"Breakpoint is model-dependent and reported only to the stated tolerance; it is not a forecast, covenant cure, refinancing assumption or legal conclusion."
P6L-01818,data/phase6/processed/REVERSE_STRESS_RESULTS.csv,reverse_stress,P6RS-013,SRC-001;SRC-002;SRC-003,SCN-001:SCN-009;P5A-001:P5A-042,bounded_analytical_reverse_stress,proposed_for_owner_review,2025-12-12,within_cutoff,"Breakpoint is model-dependent and reported only to the stated tolerance; it is not a forecast, covenant cure, refinancing assumption or legal conclusion."
P6L-01819,data/phase6/processed/REVERSE_STRESS_RESULTS.csv,reverse_stress,P6RS-014,SRC-001;SRC-002;SRC-003,SCN-001:SCN-009;P5A-001:P5A-042,bounded_analytical_reverse_stress,proposed_for_owner_review,2025-12-12,within_cutoff,"Breakpoint is model-dependent and reported only to the stated tolerance; it is not a forecast, covenant cure, refinancing assumption or legal conclusion."
P6L-01820,data/phase6/processed/REVERSE_STRESS_RESULTS.csv,reverse_stress,P6RS-015,SRC-001;SRC-002;SRC-003,SCN-001:SCN-009;P5A-001:P5A-042,bounded_analytical_reverse_stress,proposed_for_owner_review,2025-12-12,within_cutoff,"Breakpoint is model-dependent and reported only to the stated tolerance; it is not a forecast, covenant cure, refinancing assumption or legal conclusion."
P6L-01821,data/phase6/processed/REVERSE_STRESS_RESULTS.csv,reverse_stress,P6RS-016,SRC-001;SRC-002;SRC-003,SCN-001:SCN-009;P5A-001:P5A-042,bounded_analytical_reverse_stress,proposed_for_owner_review,2025-12-12,within_cutoff,"Breakpoint is model-dependent and reported only to the stated tolerance; it is not a forecast, covenant cure, refinancing assumption or legal conclusion."
P6L-01822,data/phase6/processed/REVERSE_STRESS_RESULTS.csv,reverse_stress,P6RS-017,SRC-001;SRC-002;SRC-003,SCN-001:SCN-009;P5A-001:P5A-042,bounded_analytical_reverse_stress,proposed_for_owner_review,2025-12-12,within_cutoff,"Breakpoint is model-dependent and reported only to the stated tolerance; it is not a forecast, covenant cure, refinancing assumption or legal conclusion."
P6L-01823,data/phase6/processed/REVERSE_STRESS_RESULTS.csv,reverse_stress,P6RS-018,SRC-001;SRC-002;SRC-003,SCN-001:SCN-009;P5A-001:P5A-042,bounded_analytical_reverse_stress,proposed_for_owner_review,2025-12-12,within_cutoff,"Breakpoint is model-dependent and reported only to the stated tolerance; it is not a forecast, covenant cure, refinancing assumption or legal conclusion."
P6L-01824,data/phase6/processed/REVERSE_STRESS_RESULTS.csv,reverse_stress,P6RS-019,SRC-001;SRC-002;SRC-003,SCN-001:SCN-009;P5A-001:P5A-042,bounded_analytical_reverse_stress,proposed_for_owner_review,2025-12-12,within_cutoff,"Breakpoint is model-dependent and reported only to the stated tolerance; it is not a forecast, covenant cure, refinancing assumption or legal conclusion."
P6L-01825,data/phase6/processed/REVERSE_STRESS_RESULTS.csv,reverse_stress,P6RS-020,SRC-001;SRC-002;SRC-003,SCN-001:SCN-009;P5A-001:P5A-042,bounded_analytical_reverse_stress,proposed_for_owner_review,2025-12-12,within_cutoff,"Breakpoint is model-dependent and reported only to the stated tolerance; it is not a forecast, covenant cure, refinancing assumption or legal conclusion."
P6L-01826,data/phase6/processed/REVERSE_STRESS_RESULTS.csv,reverse_stress,P6RS-021,SRC-001;SRC-002;SRC-003,SCN-001:SCN-009;P5A-001:P5A-042,bounded_analytical_reverse_stress,proposed_for_owner_review,2025-12-12,within_cutoff,"Breakpoint is model-dependent and reported only to the stated tolerance; it is not a forecast, covenant cure, refinancing assumption or legal conclusion."
P6L-01827,data/phase6/processed/REVERSE_STRESS_RESULTS.csv,reverse_stress,P6RS-022,SRC-001;SRC-002;SRC-003,SCN-001:SCN-009;P5A-001:P5A-042,bounded_analytical_reverse_stress,proposed_for_owner_review,2025-12-12,within_cutoff,"Breakpoint is model-dependent and reported only to the stated tolerance; it is not a forecast, covenant cure, refinancing assumption or legal conclusion."
P6L-01828,data/phase6/processed/REVERSE_STRESS_RESULTS.csv,reverse_stress,P6RS-023,SRC-001;SRC-002;SRC-003,SCN-001:SCN-009;P5A-001:P5A-042,bounded_analytical_reverse_stress,proposed_for_owner_review,2025-12-12,within_cutoff,"Breakpoint is model-dependent and reported only to the stated tolerance; it is not a forecast, covenant cure, refinancing assumption or legal conclusion."
P6L-01829,data/phase6/processed/REVERSE_STRESS_RESULTS.csv,reverse_stress,P6RS-024,SRC-001;SRC-002;SRC-003,SCN-001:SCN-009;P5A-001:P5A-042,bounded_analytical_reverse_stress,proposed_for_owner_review,2025-12-12,within_cutoff,"Breakpoint is model-dependent and reported only to the stated tolerance; it is not a forecast, covenant cure, refinancing assumption or legal conclusion."
P6L-01830,data/phase6/processed/SENSITIVITY_GRIDS.csv,sensitivity_grid,P6G-0001,SRC-001;SRC-002;SRC-003,SCN-001:SCN-009;P5A-001:P5A-042,decision_relevant_two_variable_sensitivity,proposed_for_owner_review,2025-12-12,within_cutoff,"Grid points are sensitivities, not forecasts or owner-approved scenario assumptions."
P6L-01831,data/phase6/processed/SENSITIVITY_GRIDS.csv,sensitivity_grid,P6G-0002,SRC-001;SRC-002;SRC-003,SCN-001:SCN-009;P5A-001:P5A-042,decision_relevant_two_variable_sensitivity,proposed_for_owner_review,2025-12-12,within_cutoff,"Grid points are sensitivities, not forecasts or owner-approved scenario assumptions."
P6L-01832,data/phase6/processed/SENSITIVITY_GRIDS.csv,sensitivity_grid,P6G-0003,SRC-001;SRC-002;SRC-003,SCN-001:SCN-009;P5A-001:P5A-042,decision_relevant_two_variable_sensitivity,proposed_for_owner_review,2025-12-12,within_cutoff,"Grid points are sensitivities, not forecasts or owner-approved scenario assumptions."
P6L-01833,data/phase6/processed/SENSITIVITY_GRIDS.csv,sensitivity_grid,P6G-0004,SRC-001;SRC-002;SRC-003,SCN-001:SCN-009;P5A-001:P5A-042,decision_relevant_two_variable_sensitivity,proposed_for_owner_review,2025-12-12,within_cutoff,"Grid points are sensitivities, not forecasts or owner-approved scenario assumptions."
P6L-01834,data/phase6/processed/SENSITIVITY_GRIDS.csv,sensitivity_grid,P6G-0005,SRC-001;SRC-002;SRC-003,SCN-001:SCN-009;P5A-001:P5A-042,decision_relevant_two_variable_sensitivity,proposed_for_owner_review,2025-12-12,within_cutoff,"Grid points are sensitivities, not forecasts or owner-approved scenario assumptions."
P6L-01835,data/phase6/processed/SENSITIVITY_GRIDS.csv,sensitivity_grid,P6G-0006,SRC-001;SRC-002;SRC-003,SCN-001:SCN-009;P5A-001:P5A-042,decision_relevant_two_variable_sensitivity,proposed_for_owner_review,2025-12-12,within_cutoff,"Grid points are sensitivities, not forecasts or owner-approved scenario assumptions."
P6L-01836,data/phase6/processed/SENSITIVITY_GRIDS.csv,sensitivity_grid,P6G-0007,SRC-001;SRC-002;SRC-003,SCN-001:SCN-009;P5A-001:P5A-042,decision_relevant_two_variable_sensitivity,proposed_for_owner_review,2025-12-12,within_cutoff,"Grid points are sensitivities, not forecasts or owner-approved scenario assumptions."
P6L-01837,data/phase6/processed/SENSITIVITY_GRIDS.csv,sensitivity_grid,P6G-0008,SRC-001;SRC-002;SRC-003,SCN-001:SCN-009;P5A-001:P5A-042,decision_relevant_two_variable_sensitivity,proposed_for_owner_review,2025-12-12,within_cutoff,"Grid points are sensitivities, not forecasts or owner-approved scenario assumptions."
P6L-01838,data/phase6/processed/SENSITIVITY_GRIDS.csv,sensitivity_grid,P6G-0009,SRC-001;SRC-002;SRC-003,SCN-001:SCN-009;P5A-001:P5A-042,decision_relevant_two_variable_sensitivity,proposed_for_owner_review,2025-12-12,within_cutoff,"Grid points are sensitivities, not forecasts or owner-approved scenario assumptions."
P6L-01839,data/phase6/processed/SENSITIVITY_GRIDS.csv,sensitivity_grid,P6G-0010,SRC-001;SRC-002;SRC-003,SCN-001:SCN-009;P5A-001:P5A-042,decision_relevant_two_variable_sensitivity,proposed_for_owner_review,2025-12-12,within_cutoff,"Grid points are sensitivities, not forecasts or owner-approved scenario assumptions."
P6L-01840,data/phase6/processed/SENSITIVITY_GRIDS.csv,sensitivity_grid,P6G-0011,SRC-001;SRC-002;SRC-003,SCN-001:SCN-009;P5A-001:P5A-042,decision_relevant_two_variable_sensitivity,proposed_for_owner_review,2025-12-12,within_cutoff,"Grid points are sensitivities, not forecasts or owner-approved scenario assumptions."
P6L-01841,data/phase6/processed/SENSITIVITY_GRIDS.csv,sensitivity_grid,P6G-0012,SRC-001;SRC-002;SRC-003,SCN-001:SCN-009;P5A-001:P5A-042,decision_relevant_two_variable_sensitivity,proposed_for_owner_review,2025-12-12,within_cutoff,"Grid points are sensitivities, not forecasts or owner-approved scenario assumptions."
P6L-01842,data/phase6/processed/SENSITIVITY_GRIDS.csv,sensitivity_grid,P6G-0013,SRC-001;SRC-002;SRC-003,SCN-001:SCN-009;P5A-001:P5A-042,decision_relevant_two_variable_sensitivity,proposed_for_owner_review,2025-12-12,within_cutoff,"Grid points are sensitivities, not forecasts or owner-approved scenario assumptions."
P6L-01843,data/phase6/processed/SENSITIVITY_GRIDS.csv,sensitivity_grid,P6G-0014,SRC-001;SRC-002;SRC-003,SCN-001:SCN-009;P5A-001:P5A-042,decision_relevant_two_variable_sensitivity,proposed_for_owner_review,2025-12-12,within_cutoff,"Grid points are sensitivities, not forecasts or owner-approved scenario assumptions."
P6L-01844,data/phase6/processed/SENSITIVITY_GRIDS.csv,sensitivity_grid,P6G-0015,SRC-001;SRC-002;SRC-003,SCN-001:SCN-009;P5A-001:P5A-042,decision_relevant_two_variable_sensitivity,proposed_for_owner_review,2025-12-12,within_cutoff,"Grid points are sensitivities, not forecasts or owner-approved scenario assumptions."
P6L-01845,data/phase6/processed/SENSITIVITY_GRIDS.csv,sensitivity_grid,P6G-0016,SRC-001;SRC-002;SRC-003,SCN-001:SCN-009;P5A-001:P5A-042,decision_relevant_two_variable_sensitivity,proposed_for_owner_review,2025-12-12,within_cutoff,"Grid points are sensitivities, not forecasts or owner-approved scenario assumptions."
P6L-01846,data/phase6/processed/SENSITIVITY_GRIDS.csv,sensitivity_grid,P6G-0017,SRC-001;SRC-002;SRC-003,SCN-001:SCN-009;P5A-001:P5A-042,decision_relevant_two_variable_sensitivity,proposed_for_owner_review,2025-12-12,within_cutoff,"Grid points are sensitivities, not forecasts or owner-approved scenario assumptions."
P6L-01847,data/phase6/processed/SENSITIVITY_GRIDS.csv,sensitivity_grid,P6G-0018,SRC-001;SRC-002;SRC-003,SCN-001:SCN-009;P5A-001:P5A-042,decision_relevant_two_variable_sensitivity,proposed_for_owner_review,2025-12-12,within_cutoff,"Grid points are sensitivities, not forecasts or owner-approved scenario assumptions."
P6L-01848,data/phase6/processed/SENSITIVITY_GRIDS.csv,sensitivity_grid,P6G-0019,SRC-001;SRC-002;SRC-003,SCN-001:SCN-009;P5A-001:P5A-042,decision_relevant_two_variable_sensitivity,proposed_for_owner_review,2025-12-12,within_cutoff,"Grid points are sensitivities, not forecasts or owner-approved scenario assumptions."
P6L-01849,data/phase6/processed/SENSITIVITY_GRIDS.csv,sensitivity_grid,P6G-0020,SRC-001;SRC-002;SRC-003,SCN-001:SCN-009;P5A-001:P5A-042,decision_relevant_two_variable_sensitivity,proposed_for_owner_review,2025-12-12,within_cutoff,"Grid points are sensitivities, not forecasts or owner-approved scenario assumptions."
P6L-01850,data/phase6/processed/SENSITIVITY_GRIDS.csv,sensitivity_grid,P6G-0021,SRC-001;SRC-002;SRC-003,SCN-001:SCN-009;P5A-001:P5A-042,decision_relevant_two_variable_sensitivity,proposed_for_owner_review,2025-12-12,within_cutoff,"Grid points are sensitivities, not forecasts or owner-approved scenario assumptions."
P6L-01851,data/phase6/processed/SENSITIVITY_GRIDS.csv,sensitivity_grid,P6G-0022,SRC-001;SRC-002;SRC-003,SCN-001:SCN-009;P5A-001:P5A-042,decision_relevant_two_variable_sensitivity,proposed_for_owner_review,2025-12-12,within_cutoff,"Grid points are sensitivities, not forecasts or owner-approved scenario assumptions."
P6L-01852,data/phase6/processed/SENSITIVITY_GRIDS.csv,sensitivity_grid,P6G-0023,SRC-001;SRC-002;SRC-003,SCN-001:SCN-009;P5A-001:P5A-042,decision_relevant_two_variable_sensitivity,proposed_for_owner_review,2025-12-12,within_cutoff,"Grid points are sensitivities, not forecasts or owner-approved scenario assumptions."
P6L-01853,data/phase6/processed/SENSITIVITY_GRIDS.csv,sensitivity_grid,P6G-0024,SRC-001;SRC-002;SRC-003,SCN-001:SCN-009;P5A-001:P5A-042,decision_relevant_two_variable_sensitivity,proposed_for_owner_review,2025-12-12,within_cutoff,"Grid points are sensitivities, not forecasts or owner-approved scenario assumptions."
P6L-01854,data/phase6/processed/SENSITIVITY_GRIDS.csv,sensitivity_grid,P6G-0025,SRC-001;SRC-002;SRC-003,SCN-001:SCN-009;P5A-001:P5A-042,decision_relevant_two_variable_sensitivity,proposed_for_owner_review,2025-12-12,within_cutoff,"Grid points are sensitivities, not forecasts or owner-approved scenario assumptions."
P6L-01855,data/phase6/processed/SENSITIVITY_GRIDS.csv,sensitivity_grid,P6G-0026,SRC-001;SRC-002;SRC-003,SCN-001:SCN-009;P5A-001:P5A-042,decision_relevant_two_variable_sensitivity,proposed_for_owner_review,2025-12-12,within_cutoff,"Grid points are sensitivities, not forecasts or owner-approved scenario assumptions."
P6L-01856,data/phase6/processed/SENSITIVITY_GRIDS.csv,sensitivity_grid,P6G-0027,SRC-001;SRC-002;SRC-003,SCN-001:SCN-009;P5A-001:P5A-042,decision_relevant_two_variable_sensitivity,proposed_for_owner_review,2025-12-12,within_cutoff,"Grid points are sensitivities, not forecasts or owner-approved scenario assumptions."
P6L-01857,data/phase6/processed/SENSITIVITY_GRIDS.csv,sensitivity_grid,P6G-0028,SRC-001;SRC-002;SRC-003,SCN-001:SCN-009;P5A-001:P5A-042,decision_relevant_two_variable_sensitivity,proposed_for_owner_review,2025-12-12,within_cutoff,"Grid points are sensitivities, not forecasts or owner-approved scenario assumptions."
P6L-01858,data/phase6/processed/SENSITIVITY_GRIDS.csv,sensitivity_grid,P6G-0029,SRC-001;SRC-002;SRC-003,SCN-001:SCN-009;P5A-001:P5A-042,decision_relevant_two_variable_sensitivity,proposed_for_owner_review,2025-12-12,within_cutoff,"Grid points are sensitivities, not forecasts or owner-approved scenario assumptions."
P6L-01859,data/phase6/processed/SENSITIVITY_GRIDS.csv,sensitivity_grid,P6G-0030,SRC-001;SRC-002;SRC-003,SCN-001:SCN-009;P5A-001:P5A-042,decision_relevant_two_variable_sensitivity,proposed_for_owner_review,2025-12-12,within_cutoff,"Grid points are sensitivities, not forecasts or owner-approved scenario assumptions."
P6L-01860,data/phase6/processed/SENSITIVITY_GRIDS.csv,sensitivity_grid,P6G-0031,SRC-001;SRC-002;SRC-003,SCN-001:SCN-009;P5A-001:P5A-042,decision_relevant_two_variable_sensitivity,proposed_for_owner_review,2025-12-12,within_cutoff,"Grid points are sensitivities, not forecasts or owner-approved scenario assumptions."
P6L-01861,data/phase6/processed/SENSITIVITY_GRIDS.csv,sensitivity_grid,P6G-0032,SRC-001;SRC-002;SRC-003,SCN-001:SCN-009;P5A-001:P5A-042,decision_relevant_two_variable_sensitivity,proposed_for_owner_review,2025-12-12,within_cutoff,"Grid points are sensitivities, not forecasts or owner-approved scenario assumptions."
P6L-01862,data/phase6/processed/SENSITIVITY_GRIDS.csv,sensitivity_grid,P6G-0033,SRC-001;SRC-002;SRC-003,SCN-001:SCN-009;P5A-001:P5A-042,decision_relevant_two_variable_sensitivity,proposed_for_owner_review,2025-12-12,within_cutoff,"Grid points are sensitivities, not forecasts or owner-approved scenario assumptions."
P6L-01863,data/phase6/processed/SENSITIVITY_GRIDS.csv,sensitivity_grid,P6G-0034,SRC-001;SRC-002;SRC-003,SCN-001:SCN-009;P5A-001:P5A-042,decision_relevant_two_variable_sensitivity,proposed_for_owner_review,2025-12-12,within_cutoff,"Grid points are sensitivities, not forecasts or owner-approved scenario assumptions."
P6L-01864,data/phase6/processed/SENSITIVITY_GRIDS.csv,sensitivity_grid,P6G-0035,SRC-001;SRC-002;SRC-003,SCN-001:SCN-009;P5A-001:P5A-042,decision_relevant_two_variable_sensitivity,proposed_for_owner_review,2025-12-12,within_cutoff,"Grid points are sensitivities, not forecasts or owner-approved scenario assumptions."
P6L-01865,data/phase6/processed/SENSITIVITY_GRIDS.csv,sensitivity_grid,P6G-0036,SRC-001;SRC-002;SRC-003,SCN-001:SCN-009;P5A-001:P5A-042,decision_relevant_two_variable_sensitivity,proposed_for_owner_review,2025-12-12,within_cutoff,"Grid points are sensitivities, not forecasts or owner-approved scenario assumptions."
P6L-01866,data/phase6/processed/SENSITIVITY_GRIDS.csv,sensitivity_grid,P6G-0037,SRC-001;SRC-002;SRC-003,SCN-001:SCN-009;P5A-001:P5A-042,decision_relevant_two_variable_sensitivity,proposed_for_owner_review,2025-12-12,within_cutoff,"Grid points are sensitivities, not forecasts or owner-approved scenario assumptions."
P6L-01867,data/phase6/processed/SENSITIVITY_GRIDS.csv,sensitivity_grid,P6G-0038,SRC-001;SRC-002;SRC-003,SCN-001:SCN-009;P5A-001:P5A-042,decision_relevant_two_variable_sensitivity,proposed_for_owner_review,2025-12-12,within_cutoff,"Grid points are sensitivities, not forecasts or owner-approved scenario assumptions."
P6L-01868,data/phase6/processed/SENSITIVITY_GRIDS.csv,sensitivity_grid,P6G-0039,SRC-001;SRC-002;SRC-003,SCN-001:SCN-009;P5A-001:P5A-042,decision_relevant_two_variable_sensitivity,proposed_for_owner_review,2025-12-12,within_cutoff,"Grid points are sensitivities, not forecasts or owner-approved scenario assumptions."
P6L-01869,data/phase6/processed/SENSITIVITY_GRIDS.csv,sensitivity_grid,P6G-0040,SRC-001;SRC-002;SRC-003,SCN-001:SCN-009;P5A-001:P5A-042,decision_relevant_two_variable_sensitivity,proposed_for_owner_review,2025-12-12,within_cutoff,"Grid points are sensitivities, not forecasts or owner-approved scenario assumptions."
P6L-01870,data/phase6/processed/SENSITIVITY_GRIDS.csv,sensitivity_grid,P6G-0041,SRC-001;SRC-002;SRC-003,SCN-001:SCN-009;P5A-001:P5A-042,decision_relevant_two_variable_sensitivity,proposed_for_owner_review,2025-12-12,within_cutoff,"Grid points are sensitivities, not forecasts or owner-approved scenario assumptions."
P6L-01871,data/phase6/processed/SENSITIVITY_GRIDS.csv,sensitivity_grid,P6G-0042,SRC-001;SRC-002;SRC-003,SCN-001:SCN-009;P5A-001:P5A-042,decision_relevant_two_variable_sensitivity,proposed_for_owner_review,2025-12-12,within_cutoff,"Grid points are sensitivities, not forecasts or owner-approved scenario assumptions."
P6L-01872,data/phase6/processed/SENSITIVITY_GRIDS.csv,sensitivity_grid,P6G-0043,SRC-001;SRC-002;SRC-003,SCN-001:SCN-009;P5A-001:P5A-042,decision_relevant_two_variable_sensitivity,proposed_for_owner_review,2025-12-12,within_cutoff,"Grid points are sensitivities, not forecasts or owner-approved scenario assumptions."
P6L-01873,data/phase6/processed/SENSITIVITY_GRIDS.csv,sensitivity_grid,P6G-0044,SRC-001;SRC-002;SRC-003,SCN-001:SCN-009;P5A-001:P5A-042,decision_relevant_two_variable_sensitivity,proposed_for_owner_review,2025-12-12,within_cutoff,"Grid points are sensitivities, not forecasts or owner-approved scenario assumptions."
P6L-01874,data/phase6/processed/SENSITIVITY_GRIDS.csv,sensitivity_grid,P6G-0045,SRC-001;SRC-002;SRC-003,SCN-001:SCN-009;P5A-001:P5A-042,decision_relevant_two_variable_sensitivity,proposed_for_owner_review,2025-12-12,within_cutoff,"Grid points are sensitivities, not forecasts or owner-approved scenario assumptions."
P6L-01875,data/phase6/processed/SENSITIVITY_GRIDS.csv,sensitivity_grid,P6G-0046,SRC-001;SRC-002;SRC-003,SCN-001:SCN-009;P5A-001:P5A-042,decision_relevant_two_variable_sensitivity,proposed_for_owner_review,2025-12-12,within_cutoff,"Grid points are sensitivities, not forecasts or owner-approved scenario assumptions."
P6L-01876,data/phase6/processed/SENSITIVITY_GRIDS.csv,sensitivity_grid,P6G-0047,SRC-001;SRC-002;SRC-003,SCN-001:SCN-009;P5A-001:P5A-042,decision_relevant_two_variable_sensitivity,proposed_for_owner_review,2025-12-12,within_cutoff,"Grid points are sensitivities, not forecasts or owner-approved scenario assumptions."
P6L-01877,data/phase6/processed/SENSITIVITY_GRIDS.csv,sensitivity_grid,P6G-0048,SRC-001;SRC-002;SRC-003,SCN-001:SCN-009;P5A-001:P5A-042,decision_relevant_two_variable_sensitivity,proposed_for_owner_review,2025-12-12,within_cutoff,"Grid points are sensitivities, not forecasts or owner-approved scenario assumptions."
P6L-01878,data/phase6/processed/SENSITIVITY_GRIDS.csv,sensitivity_grid,P6G-0049,SRC-001;SRC-002;SRC-003,SCN-001:SCN-009;P5A-001:P5A-042,decision_relevant_two_variable_sensitivity,proposed_for_owner_review,2025-12-12,within_cutoff,"Grid points are sensitivities, not forecasts or owner-approved scenario assumptions."
P6L-01879,data/phase6/processed/SENSITIVITY_GRIDS.csv,sensitivity_grid,P6G-0050,SRC-001;SRC-002;SRC-003,SCN-001:SCN-009;P5A-001:P5A-042,decision_relevant_two_variable_sensitivity,proposed_for_owner_review,2025-12-12,within_cutoff,"Grid points are sensitivities, not forecasts or owner-approved scenario assumptions."
P6L-01880,data/phase6/processed/SENSITIVITY_GRIDS.csv,sensitivity_grid,P6G-0051,SRC-001;SRC-002;SRC-003,SCN-001:SCN-009;P5A-001:P5A-042,decision_relevant_two_variable_sensitivity,proposed_for_owner_review,2025-12-12,within_cutoff,"Grid points are sensitivities, not forecasts or owner-approved scenario assumptions."
P6L-01881,data/phase6/processed/SENSITIVITY_GRIDS.csv,sensitivity_grid,P6G-0052,SRC-001;SRC-002;SRC-003,SCN-001:SCN-009;P5A-001:P5A-042,decision_relevant_two_variable_sensitivity,proposed_for_owner_review,2025-12-12,within_cutoff,"Grid points are sensitivities, not forecasts or owner-approved scenario assumptions."
P6L-01882,data/phase6/processed/SENSITIVITY_GRIDS.csv,sensitivity_grid,P6G-0053,SRC-001;SRC-002;SRC-003,SCN-001:SCN-009;P5A-001:P5A-042,decision_relevant_two_variable_sensitivity,proposed_for_owner_review,2025-12-12,within_cutoff,"Grid points are sensitivities, not forecasts or owner-approved scenario assumptions."
P6L-01883,data/phase6/processed/SENSITIVITY_GRIDS.csv,sensitivity_grid,P6G-0054,SRC-001;SRC-002;SRC-003,SCN-001:SCN-009;P5A-001:P5A-042,decision_relevant_two_variable_sensitivity,proposed_for_owner_review,2025-12-12,within_cutoff,"Grid points are sensitivities, not forecasts or owner-approved scenario assumptions."
P6L-01884,data/phase6/processed/SENSITIVITY_GRIDS.csv,sensitivity_grid,P6G-0055,SRC-001;SRC-002;SRC-003,SCN-001:SCN-009;P5A-001:P5A-042,decision_relevant_two_variable_sensitivity,proposed_for_owner_review,2025-12-12,within_cutoff,"Grid points are sensitivities, not forecasts or owner-approved scenario assumptions."
P6L-01885,data/phase6/processed/SENSITIVITY_GRIDS.csv,sensitivity_grid,P6G-0056,SRC-001;SRC-002;SRC-003,SCN-001:SCN-009;P5A-001:P5A-042,decision_relevant_two_variable_sensitivity,proposed_for_owner_review,2025-12-12,within_cutoff,"Grid points are sensitivities, not forecasts or owner-approved scenario assumptions."
P6L-01886,data/phase6/processed/SENSITIVITY_GRIDS.csv,sensitivity_grid,P6G-0057,SRC-001;SRC-002;SRC-003,SCN-001:SCN-009;P5A-001:P5A-042,decision_relevant_two_variable_sensitivity,proposed_for_owner_review,2025-12-12,within_cutoff,"Grid points are sensitivities, not forecasts or owner-approved scenario assumptions."
P6L-01887,data/phase6/processed/SENSITIVITY_GRIDS.csv,sensitivity_grid,P6G-0058,SRC-001;SRC-002;SRC-003,SCN-001:SCN-009;P5A-001:P5A-042,decision_relevant_two_variable_sensitivity,proposed_for_owner_review,2025-12-12,within_cutoff,"Grid points are sensitivities, not forecasts or owner-approved scenario assumptions."
P6L-01888,data/phase6/processed/SENSITIVITY_GRIDS.csv,sensitivity_grid,P6G-0059,SRC-001;SRC-002;SRC-003,SCN-001:SCN-009;P5A-001:P5A-042,decision_relevant_two_variable_sensitivity,proposed_for_owner_review,2025-12-12,within_cutoff,"Grid points are sensitivities, not forecasts or owner-approved scenario assumptions."
P6L-01889,data/phase6/processed/SENSITIVITY_GRIDS.csv,sensitivity_grid,P6G-0060,SRC-001;SRC-002;SRC-003,SCN-001:SCN-009;P5A-001:P5A-042,decision_relevant_two_variable_sensitivity,proposed_for_owner_review,2025-12-12,within_cutoff,"Grid points are sensitivities, not forecasts or owner-approved scenario assumptions."
P6L-01890,data/phase6/processed/SENSITIVITY_GRIDS.csv,sensitivity_grid,P6G-0061,SRC-001;SRC-002;SRC-003,SCN-001:SCN-009;P5A-001:P5A-042,decision_relevant_two_variable_sensitivity,proposed_for_owner_review,2025-12-12,within_cutoff,"Grid points are sensitivities, not forecasts or owner-approved scenario assumptions."
P6L-01891,data/phase6/processed/SENSITIVITY_GRIDS.csv,sensitivity_grid,P6G-0062,SRC-001;SRC-002;SRC-003,SCN-001:SCN-009;P5A-001:P5A-042,decision_relevant_two_variable_sensitivity,proposed_for_owner_review,2025-12-12,within_cutoff,"Grid points are sensitivities, not forecasts or owner-approved scenario assumptions."
P6L-01892,data/phase6/processed/SENSITIVITY_GRIDS.csv,sensitivity_grid,P6G-0063,SRC-001;SRC-002;SRC-003,SCN-001:SCN-009;P5A-001:P5A-042,decision_relevant_two_variable_sensitivity,proposed_for_owner_review,2025-12-12,within_cutoff,"Grid points are sensitivities, not forecasts or owner-approved scenario assumptions."
P6L-01893,data/phase6/processed/TIMING_SENSITIVITY_RESULTS.csv,timing_sensitivity,P6TS-001,SRC-001;SRC-002;SRC-003,MODERATE_UNMITIGATED;P5A-001:P5A-042,monthly_timing_sensitivity_not_observed_seasonality,owner_reviewed_for_phase6_testing,2025-12-12,within_cutoff,Equal allocation is neutral and adverse allocation is a conservative underwriting sensitivity. Neither is verified actual monthly seasonality; exact event dates depend on the selected convention.
P6L-01894,data/phase6/processed/TIMING_SENSITIVITY_RESULTS.csv,timing_sensitivity,P6TS-002,SRC-001;SRC-002;SRC-003,MODERATE_UNMITIGATED;P5A-001:P5A-042,monthly_timing_sensitivity_not_observed_seasonality,owner_reviewed_for_phase6_testing,2025-12-12,within_cutoff,Equal allocation is neutral and adverse allocation is a conservative underwriting sensitivity. Neither is verified actual monthly seasonality; exact event dates depend on the selected convention.
P6L-01895,data/phase6/processed/TIMING_SENSITIVITY_RESULTS.csv,timing_sensitivity,P6TS-003,SRC-001;SRC-002;SRC-003,MODERATE_UNMITIGATED;P5A-001:P5A-042,monthly_timing_sensitivity_not_observed_seasonality,owner_reviewed_for_phase6_testing,2025-12-12,within_cutoff,Equal allocation is neutral and adverse allocation is a conservative underwriting sensitivity. Neither is verified actual monthly seasonality; exact event dates depend on the selected convention.
P6L-01896,data/phase6/processed/TIMING_SENSITIVITY_RESULTS.csv,timing_sensitivity,P6TS-004,SRC-001;SRC-002;SRC-003,MODERATE_UNMITIGATED;P5A-001:P5A-042,monthly_timing_sensitivity_not_observed_seasonality,owner_reviewed_for_phase6_testing,2025-12-12,within_cutoff,Equal allocation is neutral and adverse allocation is a conservative underwriting sensitivity. Neither is verified actual monthly seasonality; exact event dates depend on the selected convention.
P6L-01897,data/phase6/processed/TIMING_SENSITIVITY_RESULTS.csv,timing_sensitivity,P6TS-005,SRC-001;SRC-002;SRC-003,SEVERE_UNMITIGATED;P5A-001:P5A-042,monthly_timing_sensitivity_not_observed_seasonality,owner_reviewed_for_phase6_testing,2025-12-12,within_cutoff,Equal allocation is neutral and adverse allocation is a conservative underwriting sensitivity. Neither is verified actual monthly seasonality; exact event dates depend on the selected convention.
P6L-01898,data/phase6/processed/TIMING_SENSITIVITY_RESULTS.csv,timing_sensitivity,P6TS-006,SRC-001;SRC-002;SRC-003,SEVERE_UNMITIGATED;P5A-001:P5A-042,monthly_timing_sensitivity_not_observed_seasonality,owner_reviewed_for_phase6_testing,2025-12-12,within_cutoff,Equal allocation is neutral and adverse allocation is a conservative underwriting sensitivity. Neither is verified actual monthly seasonality; exact event dates depend on the selected convention.
P6L-01899,data/phase6/processed/TIMING_SENSITIVITY_RESULTS.csv,timing_sensitivity,P6TS-007,SRC-001;SRC-002;SRC-003,SEVERE_UNMITIGATED;P5A-001:P5A-042,monthly_timing_sensitivity_not_observed_seasonality,owner_reviewed_for_phase6_testing,2025-12-12,within_cutoff,Equal allocation is neutral and adverse allocation is a conservative underwriting sensitivity. Neither is verified actual monthly seasonality; exact event dates depend on the selected convention.
P6L-01900,data/phase6/processed/TIMING_SENSITIVITY_RESULTS.csv,timing_sensitivity,P6TS-008,SRC-001;SRC-002;SRC-003,SEVERE_UNMITIGATED;P5A-001:P5A-042,monthly_timing_sensitivity_not_observed_seasonality,owner_reviewed_for_phase6_testing,2025-12-12,within_cutoff,Equal allocation is neutral and adverse allocation is a conservative underwriting sensitivity. Neither is verified actual monthly seasonality; exact event dates depend on the selected convention.
P6L-01901,data/phase6/processed/TIMING_SENSITIVITY_RESULTS.csv,timing_sensitivity,P6TS-009,SRC-001;SRC-002;SRC-003,SEVERE_MITIGATED;P5A-001:P5A-042,monthly_timing_sensitivity_not_observed_seasonality,owner_reviewed_for_phase6_testing,2025-12-12,within_cutoff,Equal allocation is neutral and adverse allocation is a conservative underwriting sensitivity. Neither is verified actual monthly seasonality; exact event dates depend on the selected convention.
P6L-01902,data/phase6/processed/TIMING_SENSITIVITY_RESULTS.csv,timing_sensitivity,P6TS-010,SRC-001;SRC-002;SRC-003,SEVERE_MITIGATED;P5A-001:P5A-042,monthly_timing_sensitivity_not_observed_seasonality,owner_reviewed_for_phase6_testing,2025-12-12,within_cutoff,Equal allocation is neutral and adverse allocation is a conservative underwriting sensitivity. Neither is verified actual monthly seasonality; exact event dates depend on the selected convention.
P6L-01903,data/phase6/processed/TIMING_SENSITIVITY_RESULTS.csv,timing_sensitivity,P6TS-011,SRC-001;SRC-002;SRC-003,SEVERE_MITIGATED;P5A-001:P5A-042,monthly_timing_sensitivity_not_observed_seasonality,owner_reviewed_for_phase6_testing,2025-12-12,within_cutoff,Equal allocation is neutral and adverse allocation is a conservative underwriting sensitivity. Neither is verified actual monthly seasonality; exact event dates depend on the selected convention.
P6L-01904,data/phase6/processed/TIMING_SENSITIVITY_RESULTS.csv,timing_sensitivity,P6TS-012,SRC-001;SRC-002;SRC-003,SEVERE_MITIGATED;P5A-001:P5A-042,monthly_timing_sensitivity_not_observed_seasonality,owner_reviewed_for_phase6_testing,2025-12-12,within_cutoff,Equal allocation is neutral and adverse allocation is a conservative underwriting sensitivity. Neither is verified actual monthly seasonality; exact event dates depend on the selected convention.
P6L-01905,data/phase6/processed/TIMING_SENSITIVITY_RESULTS.csv,timing_sensitivity,P6TS-013,SRC-001;SRC-002;SRC-003,MODERATE_NO_WAIVER;P5A-001:P5A-042,monthly_timing_sensitivity_not_observed_seasonality,owner_reviewed_for_phase6_testing,2025-12-12,within_cutoff,Equal allocation is neutral and adverse allocation is a conservative underwriting sensitivity. Neither is verified actual monthly seasonality; exact event dates depend on the selected convention.
P6L-01906,data/phase6/processed/TIMING_SENSITIVITY_RESULTS.csv,timing_sensitivity,P6TS-014,SRC-001;SRC-002;SRC-003,MODERATE_NO_WAIVER;P5A-001:P5A-042,monthly_timing_sensitivity_not_observed_seasonality,owner_reviewed_for_phase6_testing,2025-12-12,within_cutoff,Equal allocation is neutral and adverse allocation is a conservative underwriting sensitivity. Neither is verified actual monthly seasonality; exact event dates depend on the selected convention.
P6L-01907,data/phase6/processed/TIMING_SENSITIVITY_RESULTS.csv,timing_sensitivity,P6TS-015,SRC-001;SRC-002;SRC-003,SEVERE_NO_WAIVER;P5A-001:P5A-042,monthly_timing_sensitivity_not_observed_seasonality,owner_reviewed_for_phase6_testing,2025-12-12,within_cutoff,Equal allocation is neutral and adverse allocation is a conservative underwriting sensitivity. Neither is verified actual monthly seasonality; exact event dates depend on the selected convention.
P6L-01908,data/phase6/processed/TIMING_SENSITIVITY_RESULTS.csv,timing_sensitivity,P6TS-016,SRC-001;SRC-002;SRC-003,SEVERE_NO_WAIVER;P5A-001:P5A-042,monthly_timing_sensitivity_not_observed_seasonality,owner_reviewed_for_phase6_testing,2025-12-12,within_cutoff,Equal allocation is neutral and adverse allocation is a conservative underwriting sensitivity. Neither is verified actual monthly seasonality; exact event dates depend on the selected convention.
P6L-01909,data/phase6/processed/VALIDATION_RESULTS.csv,validation_control,P6V-001,,,raw_governance_record,deterministic_calculation,,within_cutoff,
P6L-01910,data/phase6/processed/VALIDATION_RESULTS.csv,validation_control,P6V-002,,,raw_governance_record,deterministic_calculation,,within_cutoff,
P6L-01911,data/phase6/processed/VALIDATION_RESULTS.csv,validation_control,P6V-003,,,raw_governance_record,deterministic_calculation,,within_cutoff,
P6L-01912,data/phase6/processed/VALIDATION_RESULTS.csv,validation_control,P6V-004,,,raw_governance_record,deterministic_calculation,,within_cutoff,
P6L-01913,data/phase6/processed/VALIDATION_RESULTS.csv,validation_control,P6V-005,,,raw_governance_record,deterministic_calculation,,within_cutoff,
P6L-01914,data/phase6/processed/VALIDATION_RESULTS.csv,validation_control,P6V-006,,,raw_governance_record,deterministic_calculation,,within_cutoff,
P6L-01915,data/phase6/processed/VALIDATION_RESULTS.csv,validation_control,P6V-007,,,raw_governance_record,deterministic_calculation,,within_cutoff,
P6L-01916,data/phase6/processed/VALIDATION_RESULTS.csv,validation_control,P6V-008,,,raw_governance_record,deterministic_calculation,,within_cutoff,
P6L-01917,data/phase6/processed/VALIDATION_RESULTS.csv,validation_control,P6V-009,,,raw_governance_record,deterministic_calculation,,within_cutoff,
P6L-01918,data/phase6/processed/VALIDATION_RESULTS.csv,validation_control,P6V-010,,,raw_governance_record,deterministic_calculation,,within_cutoff,
P6L-01919,data/phase6/processed/VALIDATION_RESULTS.csv,validation_control,P6V-011,,,raw_governance_record,deterministic_calculation,,within_cutoff,
P6L-01920,data/phase6/processed/VALIDATION_RESULTS.csv,validation_control,P6V-012,,,raw_governance_record,deterministic_calculation,,within_cutoff,
P6L-01921,data/phase6/processed/VALIDATION_RESULTS.csv,validation_control,P6V-013,,,raw_governance_record,deterministic_calculation,,within_cutoff,
P6L-01922,data/phase6/processed/VALIDATION_RESULTS.csv,validation_control,P6V-014,,,raw_governance_record,deterministic_calculation,,within_cutoff,Distribution actions begin after the February-April quarter.
P6L-01923,data/phase6/processed/VALIDATION_RESULTS.csv,validation_control,P6V-015,,,raw_governance_record,deterministic_calculation,,within_cutoff,
P6L-01924,data/phase6/processed/VALIDATION_RESULTS.csv,validation_control,P6V-016,,,raw_governance_record,deterministic_calculation,,within_cutoff,
P6L-01925,data/phase6/processed/VALIDATION_RESULTS.csv,validation_control,P6V-017,,,raw_governance_record,deterministic_calculation,,within_cutoff,
P6L-01926,data/phase6/processed/VALIDATION_RESULTS.csv,validation_control,P6V-018,,,raw_governance_record,deterministic_calculation,,within_cutoff,Cash preserved plus interest savings plus identified retained-obligation effect equals maturity-gap reduction.
P6L-01927,data/phase6/processed/VALIDATION_RESULTS.csv,validation_control,P6V-019,,,raw_governance_record,deterministic_calculation,,within_cutoff,
P6L-01928,data/phase6/processed/VALIDATION_RESULTS.csv,validation_control,P6V-020,,,raw_governance_record,deterministic_calculation,,within_cutoff,
P6L-01929,data/phase6/processed/VALIDATION_RESULTS.csv,validation_control,P6V-021,,,raw_governance_record,deterministic_calculation,,within_cutoff,
P6L-01930,data/phase6/processed/VALIDATION_RESULTS.csv,validation_control,P6V-022,,,raw_governance_record,deterministic_calculation,,within_cutoff,
P6L-01931,data/phase6/processed/VALIDATION_RESULTS.csv,validation_control,P6V-023,,,raw_governance_record,deterministic_calculation,,within_cutoff,
P6L-01932,data/phase6/processed/VALIDATION_RESULTS.csv,validation_control,P6V-024,,,raw_governance_record,deterministic_calculation,,within_cutoff,
P6L-01933,data/phase6/processed/VALIDATION_RESULTS.csv,validation_control,P6V-025,,,raw_governance_record,deterministic_calculation,,within_cutoff,
P6L-01934,data/phase6/processed/VALIDATION_RESULTS.csv,validation_control,P6V-026,,,raw_governance_record,deterministic_calculation,,within_cutoff,
P6L-01935,data/phase6/processed/VALIDATION_RESULTS.csv,validation_control,P6V-027,,,raw_governance_record,deterministic_calculation,,within_cutoff,
P6L-01936,data/phase6/processed/VALIDATION_RESULTS.csv,validation_control,P6V-028,,,raw_governance_record,deterministic_calculation,,within_cutoff,
P6L-01937,data/phase6/processed/VALIDATION_RESULTS.csv,validation_control,P6V-029,,,raw_governance_record,deterministic_calculation,,within_cutoff,
P6L-01938,data/phase6/processed/VALIDATION_RESULTS.csv,validation_control,P6V-030,,,raw_governance_record,deterministic_calculation,,within_cutoff,
P6L-01939,data/phase6/processed/VALIDATION_RESULTS.csv,validation_control,P6V-031,,,raw_governance_record,deterministic_calculation,,within_cutoff,
P6L-01940,data/phase6/processed/VALIDATION_RESULTS.csv,validation_control,P6V-032,,,raw_governance_record,deterministic_calculation,,within_cutoff,
P6L-01941,data/phase6/processed/VALIDATION_RESULTS.csv,validation_control,P6V-033,,,raw_governance_record,deterministic_calculation,,within_cutoff,
P6L-01942,data/phase6/processed/VALIDATION_RESULTS.csv,validation_control,P6V-034,,,raw_governance_record,deterministic_calculation,,within_cutoff,
P6L-01943,data/phase6/processed/VALIDATION_RESULTS.csv,validation_control,P6V-035,,,raw_governance_record,deterministic_calculation,,within_cutoff,
P6L-01944,data/phase6/processed/VALIDATION_RESULTS.csv,validation_control,P6V-036,,,raw_governance_record,deterministic_calculation,,within_cutoff,
P6L-01945,data/phase6/processed/VALIDATION_RESULTS.csv,validation_control,P6V-037,,,raw_governance_record,deterministic_calculation,,within_cutoff,
P6L-01946,data/phase6/processed/VALIDATION_RESULTS.csv,validation_control,P6V-038,,,raw_governance_record,deterministic_calculation,,within_cutoff,
P6L-01947,data/phase6/processed/VALIDATION_RESULTS.csv,validation_control,P6V-039,,,raw_governance_record,deterministic_calculation,,within_cutoff,
P6L-01948,data/phase6/processed/VALIDATION_RESULTS.csv,validation_control,P6V-040,,,raw_governance_record,deterministic_calculation,,within_cutoff,
P6L-01949,data/phase6/processed/VALIDATION_RESULTS.csv,validation_control,P6V-041,,,raw_governance_record,deterministic_calculation,,within_cutoff,
P6L-01950,data/phase6/processed/VALIDATION_RESULTS.csv,validation_control,P6V-042,,,raw_governance_record,deterministic_calculation,,within_cutoff,
P6L-01951,data/phase6/processed/VALIDATION_RESULTS.csv,validation_control,P6V-043,,,raw_governance_record,deterministic_calculation,,within_cutoff,
P6L-01952,data/phase6/processed/VALIDATION_RESULTS.csv,validation_control,P6V-044,,,raw_governance_record,deterministic_calculation,,within_cutoff,
P6L-01953,data/phase6/processed/VALIDATION_RESULTS.csv,validation_control,P6V-045,,,raw_governance_record,deterministic_calculation,,within_cutoff,
P6L-01954,data/phase6/processed/VALIDATION_RESULTS.csv,validation_control,P6V-046,,,raw_governance_record,deterministic_calculation,,within_cutoff,
P6L-01955,data/phase6/processed/VALIDATION_RESULTS.csv,validation_control,P6V-047,,,raw_governance_record,deterministic_calculation,,within_cutoff,
P6L-01956,data/phase6/processed/VALIDATION_RESULTS.csv,validation_control,P6V-048,,,raw_governance_record,deterministic_calculation,,within_cutoff,
P6L-01957,data/phase6/processed/VALIDATION_RESULTS.csv,validation_control,P6V-049,,,raw_governance_record,deterministic_calculation,,within_cutoff,
P6L-01958,data/phase6/processed/VALIDATION_RESULTS.csv,validation_control,P6V-050,,,raw_governance_record,deterministic_calculation,,within_cutoff,
