record_id,output_file,layer,metric_or_item,source_ids,evidence_ids,document_titles,source_urls,publication_dates,classification,owner_review_status,notes
LED-0001,data/phase3/raw/DRIVER_EVIDENCE.csv,raw_evidence,EVD-0001,SRC-001,,Quanex FY2025 Form 10-K,https://www.sec.gov/Archives/edgar/data/1423221/000142322125000100/nx-20251031.htm,2025-12-12,raw_evidence,not_applicable,
LED-0002,data/phase3/raw/DRIVER_EVIDENCE.csv,raw_evidence,EVD-0002,SRC-001,,Quanex FY2025 Form 10-K,https://www.sec.gov/Archives/edgar/data/1423221/000142322125000100/nx-20251031.htm,2025-12-12,raw_evidence,not_applicable,
LED-0003,data/phase3/raw/DRIVER_EVIDENCE.csv,raw_evidence,EVD-0003,SRC-001,,Quanex FY2025 Form 10-K,https://www.sec.gov/Archives/edgar/data/1423221/000142322125000100/nx-20251031.htm,2025-12-12,raw_evidence,not_applicable,
LED-0004,data/phase3/raw/DRIVER_EVIDENCE.csv,raw_evidence,EVD-0004,SRC-001,,Quanex FY2025 Form 10-K,https://www.sec.gov/Archives/edgar/data/1423221/000142322125000100/nx-20251031.htm,2025-12-12,raw_evidence,not_applicable,
LED-0005,data/phase3/raw/DRIVER_EVIDENCE.csv,raw_evidence,EVD-0005,SRC-001,,Quanex FY2025 Form 10-K,https://www.sec.gov/Archives/edgar/data/1423221/000142322125000100/nx-20251031.htm,2025-12-12,raw_evidence,not_applicable,
LED-0006,data/phase3/raw/DRIVER_EVIDENCE.csv,raw_evidence,EVD-0006,SRC-001,,Quanex FY2025 Form 10-K,https://www.sec.gov/Archives/edgar/data/1423221/000142322125000100/nx-20251031.htm,2025-12-12,raw_evidence,not_applicable,
LED-0007,data/phase3/raw/DRIVER_EVIDENCE.csv,raw_evidence,EVD-0007,SRC-001,,Quanex FY2025 Form 10-K,https://www.sec.gov/Archives/edgar/data/1423221/000142322125000100/nx-20251031.htm,2025-12-12,raw_evidence,not_applicable,
LED-0008,data/phase3/raw/DRIVER_EVIDENCE.csv,raw_evidence,EVD-0008,SRC-001,,Quanex FY2025 Form 10-K,https://www.sec.gov/Archives/edgar/data/1423221/000142322125000100/nx-20251031.htm,2025-12-12,raw_evidence,not_applicable,
LED-0009,data/phase3/raw/DRIVER_EVIDENCE.csv,raw_evidence,EVD-0009,SRC-001,,Quanex FY2025 Form 10-K,https://www.sec.gov/Archives/edgar/data/1423221/000142322125000100/nx-20251031.htm,2025-12-12,raw_evidence,not_applicable,
LED-0010,data/phase3/raw/DRIVER_EVIDENCE.csv,raw_evidence,EVD-0010,SRC-001,,Quanex FY2025 Form 10-K,https://www.sec.gov/Archives/edgar/data/1423221/000142322125000100/nx-20251031.htm,2025-12-12,raw_evidence,not_applicable,
LED-0011,data/phase3/raw/DRIVER_EVIDENCE.csv,raw_evidence,EVD-0011,SRC-001,,Quanex FY2025 Form 10-K,https://www.sec.gov/Archives/edgar/data/1423221/000142322125000100/nx-20251031.htm,2025-12-12,raw_evidence,not_applicable,
LED-0012,data/phase3/raw/DRIVER_EVIDENCE.csv,raw_evidence,EVD-0012,SRC-001,,Quanex FY2025 Form 10-K,https://www.sec.gov/Archives/edgar/data/1423221/000142322125000100/nx-20251031.htm,2025-12-12,raw_evidence,not_applicable,
LED-0013,data/phase3/raw/DRIVER_EVIDENCE.csv,raw_evidence,EVD-0013,SRC-001,,Quanex FY2025 Form 10-K,https://www.sec.gov/Archives/edgar/data/1423221/000142322125000100/nx-20251031.htm,2025-12-12,raw_evidence,not_applicable,
LED-0014,data/phase3/raw/DRIVER_EVIDENCE.csv,raw_evidence,EVD-0014,SRC-001,,Quanex FY2025 Form 10-K,https://www.sec.gov/Archives/edgar/data/1423221/000142322125000100/nx-20251031.htm,2025-12-12,raw_evidence,not_applicable,
LED-0015,data/phase3/raw/DRIVER_EVIDENCE.csv,raw_evidence,EVD-0015,SRC-017,,Quanex FY2024 Q1 results release,https://investors.quanex.com/news-releases/news-release-details/quanex-building-products-announces-first-quarter-2024-results,2024-03-07,raw_evidence,not_applicable,
LED-0016,data/phase3/raw/DRIVER_EVIDENCE.csv,raw_evidence,EVD-0016,SRC-017,,Quanex FY2024 Q1 results release,https://investors.quanex.com/news-releases/news-release-details/quanex-building-products-announces-first-quarter-2024-results,2024-03-07,raw_evidence,not_applicable,
LED-0017,data/phase3/raw/DRIVER_EVIDENCE.csv,raw_evidence,EVD-0017,SRC-017,,Quanex FY2024 Q1 results release,https://investors.quanex.com/news-releases/news-release-details/quanex-building-products-announces-first-quarter-2024-results,2024-03-07,raw_evidence,not_applicable,
LED-0018,data/phase3/raw/DRIVER_EVIDENCE.csv,raw_evidence,EVD-0018,SRC-017,,Quanex FY2024 Q1 results release,https://investors.quanex.com/news-releases/news-release-details/quanex-building-products-announces-first-quarter-2024-results,2024-03-07,raw_evidence,not_applicable,
LED-0019,data/phase3/raw/DRIVER_EVIDENCE.csv,raw_evidence,EVD-0019,SRC-017,,Quanex FY2024 Q1 results release,https://investors.quanex.com/news-releases/news-release-details/quanex-building-products-announces-first-quarter-2024-results,2024-03-07,raw_evidence,not_applicable,
LED-0020,data/phase3/raw/DRIVER_EVIDENCE.csv,raw_evidence,EVD-0020,SRC-017,,Quanex FY2024 Q1 results release,https://investors.quanex.com/news-releases/news-release-details/quanex-building-products-announces-first-quarter-2024-results,2024-03-07,raw_evidence,not_applicable,
LED-0021,data/phase3/raw/DRIVER_EVIDENCE.csv,raw_evidence,EVD-0021,SRC-017,,Quanex FY2024 Q1 results release,https://investors.quanex.com/news-releases/news-release-details/quanex-building-products-announces-first-quarter-2024-results,2024-03-07,raw_evidence,not_applicable,
LED-0022,data/phase3/raw/DRIVER_EVIDENCE.csv,raw_evidence,EVD-0022,SRC-017,,Quanex FY2024 Q1 results release,https://investors.quanex.com/news-releases/news-release-details/quanex-building-products-announces-first-quarter-2024-results,2024-03-07,raw_evidence,not_applicable,
LED-0023,data/phase3/raw/DRIVER_EVIDENCE.csv,raw_evidence,EVD-0023,SRC-018,,Quanex FY2024 Q2 results release,https://www.sec.gov/Archives/edgar/data/1423221/000117184324003332/exh_991.htm,2024-06-06,raw_evidence,not_applicable,
LED-0024,data/phase3/raw/DRIVER_EVIDENCE.csv,raw_evidence,EVD-0024,SRC-018,,Quanex FY2024 Q2 results release,https://www.sec.gov/Archives/edgar/data/1423221/000117184324003332/exh_991.htm,2024-06-06,raw_evidence,not_applicable,
LED-0025,data/phase3/raw/DRIVER_EVIDENCE.csv,raw_evidence,EVD-0025,SRC-018,,Quanex FY2024 Q2 results release,https://www.sec.gov/Archives/edgar/data/1423221/000117184324003332/exh_991.htm,2024-06-06,raw_evidence,not_applicable,
LED-0026,data/phase3/raw/DRIVER_EVIDENCE.csv,raw_evidence,EVD-0026,SRC-018,,Quanex FY2024 Q2 results release,https://www.sec.gov/Archives/edgar/data/1423221/000117184324003332/exh_991.htm,2024-06-06,raw_evidence,not_applicable,
LED-0027,data/phase3/raw/DRIVER_EVIDENCE.csv,raw_evidence,EVD-0027,SRC-018,,Quanex FY2024 Q2 results release,https://www.sec.gov/Archives/edgar/data/1423221/000117184324003332/exh_991.htm,2024-06-06,raw_evidence,not_applicable,
LED-0028,data/phase3/raw/DRIVER_EVIDENCE.csv,raw_evidence,EVD-0028,SRC-018,,Quanex FY2024 Q2 results release,https://www.sec.gov/Archives/edgar/data/1423221/000117184324003332/exh_991.htm,2024-06-06,raw_evidence,not_applicable,
LED-0029,data/phase3/raw/DRIVER_EVIDENCE.csv,raw_evidence,EVD-0029,SRC-018,,Quanex FY2024 Q2 results release,https://www.sec.gov/Archives/edgar/data/1423221/000117184324003332/exh_991.htm,2024-06-06,raw_evidence,not_applicable,
LED-0030,data/phase3/raw/DRIVER_EVIDENCE.csv,raw_evidence,EVD-0030,SRC-018,,Quanex FY2024 Q2 results release,https://www.sec.gov/Archives/edgar/data/1423221/000117184324003332/exh_991.htm,2024-06-06,raw_evidence,not_applicable,
LED-0031,data/phase3/raw/DRIVER_EVIDENCE.csv,raw_evidence,EVD-0031,SRC-019,,Quanex FY2024 Q3 results release,https://www.sec.gov/Archives/edgar/data/1423221/000117184324005085/exh_991.htm,2024-09-05,raw_evidence,not_applicable,
LED-0032,data/phase3/raw/DRIVER_EVIDENCE.csv,raw_evidence,EVD-0032,SRC-019,,Quanex FY2024 Q3 results release,https://www.sec.gov/Archives/edgar/data/1423221/000117184324005085/exh_991.htm,2024-09-05,raw_evidence,not_applicable,
LED-0033,data/phase3/raw/DRIVER_EVIDENCE.csv,raw_evidence,EVD-0033,SRC-019,,Quanex FY2024 Q3 results release,https://www.sec.gov/Archives/edgar/data/1423221/000117184324005085/exh_991.htm,2024-09-05,raw_evidence,not_applicable,
LED-0034,data/phase3/raw/DRIVER_EVIDENCE.csv,raw_evidence,EVD-0034,SRC-019,,Quanex FY2024 Q3 results release,https://www.sec.gov/Archives/edgar/data/1423221/000117184324005085/exh_991.htm,2024-09-05,raw_evidence,not_applicable,
LED-0035,data/phase3/raw/DRIVER_EVIDENCE.csv,raw_evidence,EVD-0035,SRC-019,,Quanex FY2024 Q3 results release,https://www.sec.gov/Archives/edgar/data/1423221/000117184324005085/exh_991.htm,2024-09-05,raw_evidence,not_applicable,
LED-0036,data/phase3/raw/DRIVER_EVIDENCE.csv,raw_evidence,EVD-0036,SRC-019,,Quanex FY2024 Q3 results release,https://www.sec.gov/Archives/edgar/data/1423221/000117184324005085/exh_991.htm,2024-09-05,raw_evidence,not_applicable,
LED-0037,data/phase3/raw/DRIVER_EVIDENCE.csv,raw_evidence,EVD-0037,SRC-019,,Quanex FY2024 Q3 results release,https://www.sec.gov/Archives/edgar/data/1423221/000117184324005085/exh_991.htm,2024-09-05,raw_evidence,not_applicable,
LED-0038,data/phase3/raw/DRIVER_EVIDENCE.csv,raw_evidence,EVD-0038,SRC-019,,Quanex FY2024 Q3 results release,https://www.sec.gov/Archives/edgar/data/1423221/000117184324005085/exh_991.htm,2024-09-05,raw_evidence,not_applicable,
LED-0039,data/phase3/raw/DRIVER_EVIDENCE.csv,raw_evidence,EVD-0039,SRC-020,,Quanex FY2024 Q4 and full-year results release,https://www.sec.gov/Archives/edgar/data/1423221/000117184324006907/exh_991.htm,2024-12-12,raw_evidence,not_applicable,
LED-0040,data/phase3/raw/DRIVER_EVIDENCE.csv,raw_evidence,EVD-0040,SRC-020,,Quanex FY2024 Q4 and full-year results release,https://www.sec.gov/Archives/edgar/data/1423221/000117184324006907/exh_991.htm,2024-12-12,raw_evidence,not_applicable,
LED-0041,data/phase3/raw/DRIVER_EVIDENCE.csv,raw_evidence,EVD-0041,SRC-020,,Quanex FY2024 Q4 and full-year results release,https://www.sec.gov/Archives/edgar/data/1423221/000117184324006907/exh_991.htm,2024-12-12,raw_evidence,not_applicable,
LED-0042,data/phase3/raw/DRIVER_EVIDENCE.csv,raw_evidence,EVD-0042,SRC-020,,Quanex FY2024 Q4 and full-year results release,https://www.sec.gov/Archives/edgar/data/1423221/000117184324006907/exh_991.htm,2024-12-12,raw_evidence,not_applicable,
LED-0043,data/phase3/raw/DRIVER_EVIDENCE.csv,raw_evidence,EVD-0043,SRC-020,,Quanex FY2024 Q4 and full-year results release,https://www.sec.gov/Archives/edgar/data/1423221/000117184324006907/exh_991.htm,2024-12-12,raw_evidence,not_applicable,
LED-0044,data/phase3/raw/DRIVER_EVIDENCE.csv,raw_evidence,EVD-0044,SRC-020,,Quanex FY2024 Q4 and full-year results release,https://www.sec.gov/Archives/edgar/data/1423221/000117184324006907/exh_991.htm,2024-12-12,raw_evidence,not_applicable,
LED-0045,data/phase3/raw/DRIVER_EVIDENCE.csv,raw_evidence,EVD-0045,SRC-020,,Quanex FY2024 Q4 and full-year results release,https://www.sec.gov/Archives/edgar/data/1423221/000117184324006907/exh_991.htm,2024-12-12,raw_evidence,not_applicable,
LED-0046,data/phase3/raw/DRIVER_EVIDENCE.csv,raw_evidence,EVD-0046,SRC-020,,Quanex FY2024 Q4 and full-year results release,https://www.sec.gov/Archives/edgar/data/1423221/000117184324006907/exh_991.htm,2024-12-12,raw_evidence,not_applicable,
LED-0047,data/phase3/raw/DRIVER_EVIDENCE.csv,raw_evidence,EVD-0047,SRC-021,,Quanex FY2025 Q1 results release,https://investors.quanex.com/news-releases/news-release-details/quanex-building-products-announces-first-quarter-2025-results,2025-03-10,raw_evidence,not_applicable,
LED-0048,data/phase3/raw/DRIVER_EVIDENCE.csv,raw_evidence,EVD-0048,SRC-021,,Quanex FY2025 Q1 results release,https://investors.quanex.com/news-releases/news-release-details/quanex-building-products-announces-first-quarter-2025-results,2025-03-10,raw_evidence,not_applicable,
LED-0049,data/phase3/raw/DRIVER_EVIDENCE.csv,raw_evidence,EVD-0049,SRC-021,,Quanex FY2025 Q1 results release,https://investors.quanex.com/news-releases/news-release-details/quanex-building-products-announces-first-quarter-2025-results,2025-03-10,raw_evidence,not_applicable,
LED-0050,data/phase3/raw/DRIVER_EVIDENCE.csv,raw_evidence,EVD-0050,SRC-021,,Quanex FY2025 Q1 results release,https://investors.quanex.com/news-releases/news-release-details/quanex-building-products-announces-first-quarter-2025-results,2025-03-10,raw_evidence,not_applicable,
LED-0051,data/phase3/raw/DRIVER_EVIDENCE.csv,raw_evidence,EVD-0051,SRC-021,,Quanex FY2025 Q1 results release,https://investors.quanex.com/news-releases/news-release-details/quanex-building-products-announces-first-quarter-2025-results,2025-03-10,raw_evidence,not_applicable,
LED-0052,data/phase3/raw/DRIVER_EVIDENCE.csv,raw_evidence,EVD-0052,SRC-021,,Quanex FY2025 Q1 results release,https://investors.quanex.com/news-releases/news-release-details/quanex-building-products-announces-first-quarter-2025-results,2025-03-10,raw_evidence,not_applicable,
LED-0053,data/phase3/raw/DRIVER_EVIDENCE.csv,raw_evidence,EVD-0053,SRC-021,,Quanex FY2025 Q1 results release,https://investors.quanex.com/news-releases/news-release-details/quanex-building-products-announces-first-quarter-2025-results,2025-03-10,raw_evidence,not_applicable,
LED-0054,data/phase3/raw/DRIVER_EVIDENCE.csv,raw_evidence,EVD-0054,SRC-021,,Quanex FY2025 Q1 results release,https://investors.quanex.com/news-releases/news-release-details/quanex-building-products-announces-first-quarter-2025-results,2025-03-10,raw_evidence,not_applicable,
LED-0055,data/phase3/raw/DRIVER_EVIDENCE.csv,raw_evidence,EVD-0055,SRC-016,,Quanex FY2025 Q2 results release and covenant clarification,https://www.sec.gov/Archives/edgar/data/1423221/000117184325003726/exh_991.htm,2025-06-05,raw_evidence,not_applicable,
LED-0056,data/phase3/raw/DRIVER_EVIDENCE.csv,raw_evidence,EVD-0056,SRC-016,,Quanex FY2025 Q2 results release and covenant clarification,https://www.sec.gov/Archives/edgar/data/1423221/000117184325003726/exh_991.htm,2025-06-05,raw_evidence,not_applicable,
LED-0057,data/phase3/raw/DRIVER_EVIDENCE.csv,raw_evidence,EVD-0057,SRC-002;SRC-016,,Quanex Q4 and FY2025 results release;Quanex FY2025 Q2 results release and covenant clarification,https://www.sec.gov/Archives/edgar/data/1423221/000117184325007891/exh_991.htm;https://www.sec.gov/Archives/edgar/data/1423221/000117184325003726/exh_991.htm,2025-12-11;2025-06-05,raw_evidence,not_applicable,Selected $63.135m from the latest within-cutoff annual bridge so quarters reconcile; original Q2 release showed $61.913m and the $1.222m difference is not explained.
LED-0058,data/phase3/raw/DRIVER_EVIDENCE.csv,raw_evidence,EVD-0058,SRC-016,,Quanex FY2025 Q2 results release and covenant clarification,https://www.sec.gov/Archives/edgar/data/1423221/000117184325003726/exh_991.htm,2025-06-05,raw_evidence,not_applicable,
LED-0059,data/phase3/raw/DRIVER_EVIDENCE.csv,raw_evidence,EVD-0059,SRC-016,,Quanex FY2025 Q2 results release and covenant clarification,https://www.sec.gov/Archives/edgar/data/1423221/000117184325003726/exh_991.htm,2025-06-05,raw_evidence,not_applicable,
LED-0060,data/phase3/raw/DRIVER_EVIDENCE.csv,raw_evidence,EVD-0060,SRC-016,,Quanex FY2025 Q2 results release and covenant clarification,https://www.sec.gov/Archives/edgar/data/1423221/000117184325003726/exh_991.htm,2025-06-05,raw_evidence,not_applicable,
LED-0061,data/phase3/raw/DRIVER_EVIDENCE.csv,raw_evidence,EVD-0061,SRC-016,,Quanex FY2025 Q2 results release and covenant clarification,https://www.sec.gov/Archives/edgar/data/1423221/000117184325003726/exh_991.htm,2025-06-05,raw_evidence,not_applicable,
LED-0062,data/phase3/raw/DRIVER_EVIDENCE.csv,raw_evidence,EVD-0062,SRC-016,,Quanex FY2025 Q2 results release and covenant clarification,https://www.sec.gov/Archives/edgar/data/1423221/000117184325003726/exh_991.htm,2025-06-05,raw_evidence,not_applicable,
LED-0063,data/phase3/raw/DRIVER_EVIDENCE.csv,raw_evidence,EVD-0063,SRC-022,,Quanex FY2025 Q3 results release,https://www.sec.gov/Archives/edgar/data/1423221/000117184325005746/exh_991.htm,2025-09-04,raw_evidence,not_applicable,
LED-0064,data/phase3/raw/DRIVER_EVIDENCE.csv,raw_evidence,EVD-0064,SRC-022,,Quanex FY2025 Q3 results release,https://www.sec.gov/Archives/edgar/data/1423221/000117184325005746/exh_991.htm,2025-09-04,raw_evidence,not_applicable,
LED-0065,data/phase3/raw/DRIVER_EVIDENCE.csv,raw_evidence,EVD-0065,SRC-022,,Quanex FY2025 Q3 results release,https://www.sec.gov/Archives/edgar/data/1423221/000117184325005746/exh_991.htm,2025-09-04,raw_evidence,not_applicable,
LED-0066,data/phase3/raw/DRIVER_EVIDENCE.csv,raw_evidence,EVD-0066,SRC-022,,Quanex FY2025 Q3 results release,https://www.sec.gov/Archives/edgar/data/1423221/000117184325005746/exh_991.htm,2025-09-04,raw_evidence,not_applicable,
LED-0067,data/phase3/raw/DRIVER_EVIDENCE.csv,raw_evidence,EVD-0067,SRC-022,,Quanex FY2025 Q3 results release,https://www.sec.gov/Archives/edgar/data/1423221/000117184325005746/exh_991.htm,2025-09-04,raw_evidence,not_applicable,
LED-0068,data/phase3/raw/DRIVER_EVIDENCE.csv,raw_evidence,EVD-0068,SRC-022,,Quanex FY2025 Q3 results release,https://www.sec.gov/Archives/edgar/data/1423221/000117184325005746/exh_991.htm,2025-09-04,raw_evidence,not_applicable,
LED-0069,data/phase3/raw/DRIVER_EVIDENCE.csv,raw_evidence,EVD-0069,SRC-022,,Quanex FY2025 Q3 results release,https://www.sec.gov/Archives/edgar/data/1423221/000117184325005746/exh_991.htm,2025-09-04,raw_evidence,not_applicable,
LED-0070,data/phase3/raw/DRIVER_EVIDENCE.csv,raw_evidence,EVD-0070,SRC-022,,Quanex FY2025 Q3 results release,https://www.sec.gov/Archives/edgar/data/1423221/000117184325005746/exh_991.htm,2025-09-04,raw_evidence,not_applicable,
LED-0071,data/phase3/raw/DRIVER_EVIDENCE.csv,raw_evidence,EVD-0071,SRC-002,,Quanex Q4 and FY2025 results release,https://www.sec.gov/Archives/edgar/data/1423221/000117184325007891/exh_991.htm,2025-12-11,raw_evidence,not_applicable,
LED-0072,data/phase3/raw/DRIVER_EVIDENCE.csv,raw_evidence,EVD-0072,SRC-002,,Quanex Q4 and FY2025 results release,https://www.sec.gov/Archives/edgar/data/1423221/000117184325007891/exh_991.htm,2025-12-11,raw_evidence,not_applicable,
LED-0073,data/phase3/raw/DRIVER_EVIDENCE.csv,raw_evidence,EVD-0073,SRC-002,,Quanex Q4 and FY2025 results release,https://www.sec.gov/Archives/edgar/data/1423221/000117184325007891/exh_991.htm,2025-12-11,raw_evidence,not_applicable,
LED-0074,data/phase3/raw/DRIVER_EVIDENCE.csv,raw_evidence,EVD-0074,SRC-002,,Quanex Q4 and FY2025 results release,https://www.sec.gov/Archives/edgar/data/1423221/000117184325007891/exh_991.htm,2025-12-11,raw_evidence,not_applicable,
LED-0075,data/phase3/raw/DRIVER_EVIDENCE.csv,raw_evidence,EVD-0075,SRC-002,,Quanex Q4 and FY2025 results release,https://www.sec.gov/Archives/edgar/data/1423221/000117184325007891/exh_991.htm,2025-12-11,raw_evidence,not_applicable,
LED-0076,data/phase3/raw/DRIVER_EVIDENCE.csv,raw_evidence,EVD-0076,SRC-002,,Quanex Q4 and FY2025 results release,https://www.sec.gov/Archives/edgar/data/1423221/000117184325007891/exh_991.htm,2025-12-11,raw_evidence,not_applicable,
LED-0077,data/phase3/raw/DRIVER_EVIDENCE.csv,raw_evidence,EVD-0077,SRC-002,,Quanex Q4 and FY2025 results release,https://www.sec.gov/Archives/edgar/data/1423221/000117184325007891/exh_991.htm,2025-12-11,raw_evidence,not_applicable,
LED-0078,data/phase3/raw/DRIVER_EVIDENCE.csv,raw_evidence,EVD-0078,SRC-002,,Quanex Q4 and FY2025 results release,https://www.sec.gov/Archives/edgar/data/1423221/000117184325007891/exh_991.htm,2025-12-11,raw_evidence,not_applicable,
LED-0079,data/phase3/raw/DRIVER_EVIDENCE.csv,raw_evidence,EVD-0079,SRC-016,,Quanex FY2025 Q2 results release and covenant clarification,https://www.sec.gov/Archives/edgar/data/1423221/000117184325003726/exh_991.htm,2025-06-05,raw_evidence,not_applicable,The later FY2025 annual release shows $63.135m for this quarter; cause of the $1.222m difference is not disclosed.
LED-0080,data/phase3/raw/DRIVER_EVIDENCE.csv,raw_evidence,EVD-0080,SRC-002;SRC-001,,Quanex Q4 and FY2025 results release;Quanex FY2025 Form 10-K,https://www.sec.gov/Archives/edgar/data/1423221/000117184325007891/exh_991.htm;https://www.sec.gov/Archives/edgar/data/1423221/000142322125000100/nx-20251031.htm,2025-12-11;2025-12-12,raw_evidence,not_applicable,Do not extend the current segment structure before FY2023 or treat the recast as a constant combined-company perimeter.
LED-0081,data/phase3/raw/DRIVER_EVIDENCE.csv,raw_evidence,EVD-0081,SRC-002;SRC-001,,Quanex Q4 and FY2025 results release;Quanex FY2025 Form 10-K,https://www.sec.gov/Archives/edgar/data/1423221/000117184325007891/exh_991.htm;https://www.sec.gov/Archives/edgar/data/1423221/000142322125000100/nx-20251031.htm,2025-12-11;2025-12-12,raw_evidence,not_applicable,Do not extend the current segment structure before FY2023 or treat the recast as a constant combined-company perimeter.
LED-0082,data/phase3/raw/DRIVER_EVIDENCE.csv,raw_evidence,EVD-0082,SRC-002;SRC-001,,Quanex Q4 and FY2025 results release;Quanex FY2025 Form 10-K,https://www.sec.gov/Archives/edgar/data/1423221/000117184325007891/exh_991.htm;https://www.sec.gov/Archives/edgar/data/1423221/000142322125000100/nx-20251031.htm,2025-12-11;2025-12-12,raw_evidence,not_applicable,Do not extend the current segment structure before FY2023 or treat the recast as a constant combined-company perimeter.
LED-0083,data/phase3/raw/DRIVER_EVIDENCE.csv,raw_evidence,EVD-0083,SRC-002;SRC-001,,Quanex Q4 and FY2025 results release;Quanex FY2025 Form 10-K,https://www.sec.gov/Archives/edgar/data/1423221/000117184325007891/exh_991.htm;https://www.sec.gov/Archives/edgar/data/1423221/000142322125000100/nx-20251031.htm,2025-12-11;2025-12-12,raw_evidence,not_applicable,Do not extend the current segment structure before FY2023 or treat the recast as a constant combined-company perimeter.
LED-0084,data/phase3/raw/DRIVER_EVIDENCE.csv,raw_evidence,EVD-0084,SRC-002;SRC-001,,Quanex Q4 and FY2025 results release;Quanex FY2025 Form 10-K,https://www.sec.gov/Archives/edgar/data/1423221/000117184325007891/exh_991.htm;https://www.sec.gov/Archives/edgar/data/1423221/000142322125000100/nx-20251031.htm,2025-12-11;2025-12-12,raw_evidence,not_applicable,Do not extend the current segment structure before FY2023 or treat the recast as a constant combined-company perimeter.
LED-0085,data/phase3/raw/DRIVER_EVIDENCE.csv,raw_evidence,EVD-0085,SRC-002;SRC-001,,Quanex Q4 and FY2025 results release;Quanex FY2025 Form 10-K,https://www.sec.gov/Archives/edgar/data/1423221/000117184325007891/exh_991.htm;https://www.sec.gov/Archives/edgar/data/1423221/000142322125000100/nx-20251031.htm,2025-12-11;2025-12-12,raw_evidence,not_applicable,Do not extend the current segment structure before FY2023 or treat the recast as a constant combined-company perimeter.
LED-0086,data/phase3/raw/DRIVER_EVIDENCE.csv,raw_evidence,EVD-0086,SRC-002;SRC-001,,Quanex Q4 and FY2025 results release;Quanex FY2025 Form 10-K,https://www.sec.gov/Archives/edgar/data/1423221/000117184325007891/exh_991.htm;https://www.sec.gov/Archives/edgar/data/1423221/000142322125000100/nx-20251031.htm,2025-12-11;2025-12-12,raw_evidence,not_applicable,Do not extend the current segment structure before FY2023 or treat the recast as a constant combined-company perimeter.
LED-0087,data/phase3/raw/DRIVER_EVIDENCE.csv,raw_evidence,EVD-0087,SRC-002;SRC-001,,Quanex Q4 and FY2025 results release;Quanex FY2025 Form 10-K,https://www.sec.gov/Archives/edgar/data/1423221/000117184325007891/exh_991.htm;https://www.sec.gov/Archives/edgar/data/1423221/000142322125000100/nx-20251031.htm,2025-12-11;2025-12-12,raw_evidence,not_applicable,Do not extend the current segment structure before FY2023 or treat the recast as a constant combined-company perimeter.
LED-0088,data/phase3/raw/DRIVER_EVIDENCE.csv,raw_evidence,EVD-0088,SRC-002;SRC-001,,Quanex Q4 and FY2025 results release;Quanex FY2025 Form 10-K,https://www.sec.gov/Archives/edgar/data/1423221/000117184325007891/exh_991.htm;https://www.sec.gov/Archives/edgar/data/1423221/000142322125000100/nx-20251031.htm,2025-12-11;2025-12-12,raw_evidence,not_applicable,Do not extend the current segment structure before FY2023 or treat the recast as a constant combined-company perimeter.
LED-0089,data/phase3/raw/DRIVER_EVIDENCE.csv,raw_evidence,EVD-0089,SRC-002;SRC-001,,Quanex Q4 and FY2025 results release;Quanex FY2025 Form 10-K,https://www.sec.gov/Archives/edgar/data/1423221/000117184325007891/exh_991.htm;https://www.sec.gov/Archives/edgar/data/1423221/000142322125000100/nx-20251031.htm,2025-12-11;2025-12-12,raw_evidence,not_applicable,Do not extend the current segment structure before FY2023 or treat the recast as a constant combined-company perimeter.
LED-0090,data/phase3/raw/DRIVER_EVIDENCE.csv,raw_evidence,EVD-0090,SRC-002;SRC-001,,Quanex Q4 and FY2025 results release;Quanex FY2025 Form 10-K,https://www.sec.gov/Archives/edgar/data/1423221/000117184325007891/exh_991.htm;https://www.sec.gov/Archives/edgar/data/1423221/000142322125000100/nx-20251031.htm,2025-12-11;2025-12-12,raw_evidence,not_applicable,Do not extend the current segment structure before FY2023 or treat the recast as a constant combined-company perimeter.
LED-0091,data/phase3/raw/DRIVER_EVIDENCE.csv,raw_evidence,EVD-0091,SRC-002;SRC-001,,Quanex Q4 and FY2025 results release;Quanex FY2025 Form 10-K,https://www.sec.gov/Archives/edgar/data/1423221/000117184325007891/exh_991.htm;https://www.sec.gov/Archives/edgar/data/1423221/000142322125000100/nx-20251031.htm,2025-12-11;2025-12-12,raw_evidence,not_applicable,Do not extend the current segment structure before FY2023 or treat the recast as a constant combined-company perimeter.
LED-0092,data/phase3/raw/DRIVER_EVIDENCE.csv,raw_evidence,EVD-0092,SRC-002;SRC-001,,Quanex Q4 and FY2025 results release;Quanex FY2025 Form 10-K,https://www.sec.gov/Archives/edgar/data/1423221/000117184325007891/exh_991.htm;https://www.sec.gov/Archives/edgar/data/1423221/000142322125000100/nx-20251031.htm,2025-12-11;2025-12-12,raw_evidence,not_applicable,Do not extend the current segment structure before FY2023 or treat the recast as a constant combined-company perimeter.
LED-0093,data/phase3/raw/DRIVER_EVIDENCE.csv,raw_evidence,EVD-0093,SRC-002;SRC-001,,Quanex Q4 and FY2025 results release;Quanex FY2025 Form 10-K,https://www.sec.gov/Archives/edgar/data/1423221/000117184325007891/exh_991.htm;https://www.sec.gov/Archives/edgar/data/1423221/000142322125000100/nx-20251031.htm,2025-12-11;2025-12-12,raw_evidence,not_applicable,Do not extend the current segment structure before FY2023 or treat the recast as a constant combined-company perimeter.
LED-0094,data/phase3/raw/DRIVER_EVIDENCE.csv,raw_evidence,EVD-0094,SRC-002;SRC-001,,Quanex Q4 and FY2025 results release;Quanex FY2025 Form 10-K,https://www.sec.gov/Archives/edgar/data/1423221/000117184325007891/exh_991.htm;https://www.sec.gov/Archives/edgar/data/1423221/000142322125000100/nx-20251031.htm,2025-12-11;2025-12-12,raw_evidence,not_applicable,Do not extend the current segment structure before FY2023 or treat the recast as a constant combined-company perimeter.
LED-0095,data/phase3/raw/DRIVER_EVIDENCE.csv,raw_evidence,EVD-0095,SRC-002;SRC-001,,Quanex Q4 and FY2025 results release;Quanex FY2025 Form 10-K,https://www.sec.gov/Archives/edgar/data/1423221/000117184325007891/exh_991.htm;https://www.sec.gov/Archives/edgar/data/1423221/000142322125000100/nx-20251031.htm,2025-12-11;2025-12-12,raw_evidence,not_applicable,Do not extend the current segment structure before FY2023 or treat the recast as a constant combined-company perimeter.
LED-0096,data/phase3/raw/DRIVER_EVIDENCE.csv,raw_evidence,EVD-0096,SRC-020,,Quanex FY2024 Q4 and full-year results release,https://www.sec.gov/Archives/edgar/data/1423221/000117184324006907/exh_991.htm,2024-12-12,raw_evidence,not_applicable,Management causation and completion statements are not independently verified.
LED-0097,data/phase3/raw/DRIVER_EVIDENCE.csv,raw_evidence,EVD-0097,SRC-016,,Quanex FY2025 Q2 results release and covenant clarification,https://www.sec.gov/Archives/edgar/data/1423221/000117184325003726/exh_991.htm,2025-06-05,raw_evidence,not_applicable,Management causation and completion statements are not independently verified.
LED-0098,data/phase3/raw/DRIVER_EVIDENCE.csv,raw_evidence,EVD-0098,SRC-022,,Quanex FY2025 Q3 results release,https://www.sec.gov/Archives/edgar/data/1423221/000117184325005746/exh_991.htm,2025-09-04,raw_evidence,not_applicable,Management causation and completion statements are not independently verified.
LED-0099,data/phase3/raw/DRIVER_EVIDENCE.csv,raw_evidence,EVD-0099,SRC-002,,Quanex Q4 and FY2025 results release,https://www.sec.gov/Archives/edgar/data/1423221/000117184325007891/exh_991.htm,2025-12-11,raw_evidence,not_applicable,Management causation and completion statements are not independently verified.
LED-0100,data/phase3/raw/DRIVER_EVIDENCE.csv,raw_evidence,EVD-0100,SRC-002,,Quanex Q4 and FY2025 results release,https://www.sec.gov/Archives/edgar/data/1423221/000117184325007891/exh_991.htm,2025-12-11,raw_evidence,not_applicable,Management causation and completion statements are not independently verified.
LED-0101,data/phase3/raw/DRIVER_EVIDENCE.csv,raw_evidence,EVD-0101,SRC-002;SRC-022,,Quanex Q4 and FY2025 results release;Quanex FY2025 Q3 results release,https://www.sec.gov/Archives/edgar/data/1423221/000117184325007891/exh_991.htm;https://www.sec.gov/Archives/edgar/data/1423221/000117184325005746/exh_991.htm,2025-12-11;2025-09-04,raw_evidence,not_applicable,Management causation and completion statements are not independently verified.
LED-0102,data/phase3/raw/DRIVER_EVIDENCE.csv,raw_evidence,EVD-0102,SRC-001,,Quanex FY2025 Form 10-K,https://www.sec.gov/Archives/edgar/data/1423221/000142322125000100/nx-20251031.htm,2025-12-12,raw_evidence,not_applicable,
LED-0103,data/phase3/raw/DRIVER_EVIDENCE.csv,raw_evidence,EVD-0103,SRC-001,,Quanex FY2025 Form 10-K,https://www.sec.gov/Archives/edgar/data/1423221/000142322125000100/nx-20251031.htm,2025-12-12,raw_evidence,not_applicable,
LED-0104,data/phase3/raw/DRIVER_EVIDENCE.csv,raw_evidence,EVD-0104,SRC-001;SRC-002,,Quanex FY2025 Form 10-K;Quanex Q4 and FY2025 results release,https://www.sec.gov/Archives/edgar/data/1423221/000142322125000100/nx-20251031.htm;https://www.sec.gov/Archives/edgar/data/1423221/000117184325007891/exh_991.htm,2025-12-12;2025-12-11,raw_evidence,not_applicable,
LED-0105,data/phase3/raw/DRIVER_EVIDENCE.csv,raw_evidence,EVD-0105,SRC-001,,Quanex FY2025 Form 10-K,https://www.sec.gov/Archives/edgar/data/1423221/000142322125000100/nx-20251031.htm,2025-12-12,raw_evidence,not_applicable,
LED-0106,data/phase3/raw/DRIVER_EVIDENCE.csv,raw_evidence,EVD-0106,SRC-001,,Quanex FY2025 Form 10-K,https://www.sec.gov/Archives/edgar/data/1423221/000142322125000100/nx-20251031.htm,2025-12-12,raw_evidence,not_applicable,
LED-0107,data/phase3/raw/DRIVER_EVIDENCE.csv,raw_evidence,EVD-0107,SRC-002,,Quanex Q4 and FY2025 results release,https://www.sec.gov/Archives/edgar/data/1423221/000117184325007891/exh_991.htm,2025-12-11,raw_evidence,not_applicable,
LED-0108,data/phase3/raw/DRIVER_EVIDENCE.csv,raw_evidence,EVD-0108,SRC-001,,Quanex FY2025 Form 10-K,https://www.sec.gov/Archives/edgar/data/1423221/000142322125000100/nx-20251031.htm,2025-12-12,raw_evidence,not_applicable,Balance growth spans a changing acquisition perimeter and does not establish payment timing.
LED-0109,data/phase3/raw/DRIVER_EVIDENCE.csv,raw_evidence,EVD-0109,SRC-001,,Quanex FY2025 Form 10-K,https://www.sec.gov/Archives/edgar/data/1423221/000142322125000100/nx-20251031.htm,2025-12-12,raw_evidence,not_applicable,"This is a balance-to-cost proxy, not DPO. Purchases are unavailable, and year-end balances plus the Tyman perimeter change limit comparability."
LED-0110,data/phase3/raw/DRIVER_EVIDENCE.csv,raw_evidence,EVD-0110,SRC-001,,Quanex FY2025 Form 10-K,https://www.sec.gov/Archives/edgar/data/1423221/000142322125000100/nx-20251031.htm,2025-12-12,raw_evidence,not_applicable,Residual balance grouping and acquisition perimeter changes limit use as a forecast range.
LED-0111,data/phase3/raw/DRIVER_EVIDENCE.csv,raw_evidence,EVD-0111,SRC-001,,Quanex FY2025 Form 10-K,https://www.sec.gov/Archives/edgar/data/1423221/000142322125000100/nx-20251031.htm,2025-12-12,raw_evidence,not_applicable,Residual balance grouping includes unlike accrued items and cannot be forecast as a funding plug.
LED-0112,data/phase3/raw/DRIVER_EVIDENCE.csv,raw_evidence,EVD-0112,SRC-001,,Quanex FY2025 Form 10-K,https://www.sec.gov/Archives/edgar/data/1423221/000142322125000100/nx-20251031.htm,2025-12-12,raw_evidence,not_applicable,Cash-flow movements are not ending balances and should not be mixed with balance-to-driver ratios.
LED-0113,data/phase3/raw/DRIVER_EVIDENCE.csv,raw_evidence,EVD-0113,SRC-001,,Quanex FY2025 Form 10-K,https://www.sec.gov/Archives/edgar/data/1423221/000142322125000100/nx-20251031.htm,2025-12-12,raw_evidence,not_applicable,The residual combines different accounts; missing components must not default to zero.
LED-0114,data/phase3/raw/DRIVER_EVIDENCE.csv,raw_evidence,EVD-0114,SRC-023,,"Monthly New Residential Construction, August 2025",https://www.census.gov/construction/nrc/pdf/newresconst_202508.pdf,2025-09-17,raw_evidence,not_applicable,Estimates carry sampling error and may be revised; August was the latest release available by the cutoff because later releases were delayed.
LED-0115,data/phase3/raw/DRIVER_EVIDENCE.csv,raw_evidence,EVD-0115,SRC-023,,"Monthly New Residential Construction, August 2025",https://www.census.gov/construction/nrc/pdf/newresconst_202508.pdf,2025-09-17,raw_evidence,not_applicable,Month-to-month change had a reported confidence interval and the series is revisable.
LED-0116,data/phase3/raw/DRIVER_EVIDENCE.csv,raw_evidence,EVD-0116,SRC-023,,"Monthly New Residential Construction, August 2025",https://www.census.gov/construction/nrc/pdf/newresconst_202508.pdf,2025-09-17,raw_evidence,not_applicable,Permits include multifamily units and are contextual rather than a direct Quanex volume predictor.
LED-0117,data/phase3/raw/DRIVER_EVIDENCE.csv,raw_evidence,EVD-0117,SRC-024,,Remodeling Expected to Continue Slow but Steady Growth Into Next Year,https://www.jchs.harvard.edu/blog/remodeling-expected-continue-slow-steady-growth-next-year,2025-10-16,raw_evidence,not_applicable,"A model-based nominal-spending forecast, not Quanex volume; publication vintage is preserved."
LED-0118,data/phase3/raw/DRIVER_EVIDENCE.csv,raw_evidence,EVD-0118,SRC-024,,Remodeling Expected to Continue Slow but Steady Growth Into Next Year,https://www.jchs.harvard.edu/blog/remodeling-expected-continue-slow-steady-growth-next-year,2025-10-16,raw_evidence,not_applicable,"A model-based nominal-spending forecast, not Quanex volume; inflation and mix may differ."
LED-0119,data/phase3/raw/DRIVER_EVIDENCE.csv,raw_evidence,EVD-0119,SRC-025,,Construction output in Great Britain: October 2025,https://www.ons.gov.uk/businessindustryandtrade/constructionindustry/bulletins/constructionoutputingreatbritain/october2025,2025-12-12,raw_evidence,not_applicable,ONS disclosed a public-housing data error and future revisions; this exact release vintage is retained.
LED-0120,data/phase3/raw/DRIVER_EVIDENCE.csv,raw_evidence,EVD-0120,SRC-025,,Construction output in Great Britain: October 2025,https://www.ons.gov.uk/businessindustryandtrade/constructionindustry/bulletins/constructionoutputingreatbritain/october2025,2025-12-12,raw_evidence,not_applicable,Context for U.K. exposure; no direct statistical elasticity to Quanex was tested.
LED-0121,data/phase3/raw/DRIVER_EVIDENCE.csv,raw_evidence,EVD-0121,SRC-025,,Construction output in Great Britain: October 2025,https://www.ons.gov.uk/businessindustryandtrade/constructionindustry/bulletins/constructionoutputingreatbritain/october2025,2025-12-12,raw_evidence,not_applicable,Aggregate sector series; product and customer mix differ from Quanex.
LED-0122,data/phase3/raw/OWNER_REVIEW_DECISIONS.csv,owner_decision,ORD-001,,,,,,owner_reviewed_range,owner_reviewed,Not a period-by-period forecast
LED-0123,data/phase3/raw/OWNER_REVIEW_DECISIONS.csv,owner_decision,ORD-002,,,,,,owner_reviewed_range,owner_reviewed,Not a period-by-period forecast
LED-0124,data/phase3/raw/OWNER_REVIEW_DECISIONS.csv,owner_decision,ORD-003,,,,,,owner_reviewed_range,owner_reviewed,Operating costs must generate EBITDA
LED-0125,data/phase3/raw/OWNER_REVIEW_DECISIONS.csv,owner_decision,ORD-004,,,,,,owner_reviewed_methodology,owner_reviewed,Must not override the operating build
LED-0126,data/phase3/raw/OWNER_REVIEW_DECISIONS.csv,owner_decision,ORD-005,,,,,,owner_reviewed_range,owner_reviewed,Periodization remains for forecast construction
LED-0127,data/phase3/raw/OWNER_REVIEW_DECISIONS.csv,owner_decision,ORD-006,,,,,,owner_reviewed_range,owner_reviewed,Periodization remains for forecast construction
LED-0128,data/phase3/raw/OWNER_REVIEW_DECISIONS.csv,owner_decision,ORD-007,,,,,,owner_reviewed_range,owner_reviewed,"Maintenance, integration and expansion split remains unresolved"
LED-0129,data/phase3/raw/OWNER_REVIEW_DECISIONS.csv,owner_decision,ORD-008,,,,,,owner_reviewed_range,owner_reviewed,Verified future realization may be reconsidered
LED-0130,data/phase3/raw/OWNER_REVIEW_DECISIONS.csv,owner_decision,ORD-009,,,,,,owner_reviewed_range,owner_reviewed,Upper bound remains pending information
LED-0131,data/phase3/raw/OWNER_REVIEW_DECISIONS.csv,owner_decision,ORD-010,,,,,,owner_reviewed_range,owner_reviewed,Not fixed; financing restrictions must be established in Phase 4
LED-0132,data/phase3/raw/OWNER_REVIEW_DECISIONS.csv,owner_decision,ORD-011,,,,,,owner_reviewed_range,owner_reviewed,Future Board action remains uncommitted
LED-0133,data/phase3/raw/OWNER_REVIEW_DECISIONS.csv,owner_decision,ORD-012,,,,,,owner_reviewed_methodology,owner_reviewed,Not a zero interest-rate assumption
LED-0134,data/phase3/raw/OWNER_REVIEW_DECISIONS.csv,owner_decision,ORD-013,,,,,,pending_information,owner_reviewed,Exposure and hedge schedules remain unavailable
LED-0135,data/phase3/raw/OWNER_REVIEW_DECISIONS.csv,owner_decision,ORD-014,,,,,,owner_reviewed_methodology,owner_reviewed,Not a numeric forecast plug
LED-0136,data/phase3/raw/OWNER_REVIEW_DECISIONS.csv,owner_decision,ORD-015,,,,,,pending_information,owner_reviewed,DPO is unavailable because purchases are not disclosed
LED-0137,data/phase3/raw/OWNER_REVIEW_DECISIONS.csv,owner_decision,ORD-016,,,,,,pending_information,owner_reviewed,Must not become a funding plug or zero
LED-0138,data/phase3/raw/OWNER_REVIEW_DECISIONS.csv,owner_decision,ORD-017,,,,,,owner_reviewed_range,owner_reviewed,No scenario has been run
LED-0139,data/phase3/raw/OWNER_REVIEW_DECISIONS.csv,owner_decision,ORD-018,,,,,,owner_reviewed_range,owner_reviewed,Includes volume-related fixed-cost deleverage
LED-0140,data/phase3/raw/OWNER_REVIEW_DECISIONS.csv,owner_decision,ORD-019,,,,,,owner_reviewed_range,owner_reviewed,No scenario has been run
LED-0141,data/phase3/raw/OWNER_REVIEW_DECISIONS.csv,owner_decision,ORD-020,,,,,,owner_reviewed_range,owner_reviewed,No scenario has been run
LED-0142,data/phase3/raw/OWNER_REVIEW_DECISIONS.csv,owner_decision,ORD-021,,,,,,owner_reviewed_range,owner_reviewed,Margin effect remains in SCN-002
LED-0143,data/phase3/raw/OWNER_REVIEW_DECISIONS.csv,owner_decision,ORD-022,,,,,,owner_reviewed_range,owner_reviewed,Phase 4 closing rate and hedge exposure still control
LED-0144,data/phase3/raw/OWNER_REVIEW_DECISIONS.csv,owner_decision,ORD-023,,,,,,owner_reviewed_methodology,owner_reviewed,Distribution reductions occur only in mitigated cases
LED-0145,data/phase3/raw/OWNER_REVIEW_DECISIONS.csv,owner_decision,ORD-024,,,,,,pending_information,owner_reviewed,Project-level split is unavailable
LED-0146,data/phase3/raw/OWNER_REVIEW_DECISIONS.csv,owner_decision,ORD-025,,,,,,pending_information,owner_reviewed,Numeric ranges await a defensible Phase 5 forecast method
LED-0147,data/phase3/raw/OWNER_REVIEW_DECISIONS.csv,owner_decision,ORD-026,,,,,,owner_reviewed_methodology,owner_reviewed,Feasibility limits and separate-case treatment remain
LED-0148,data/phase3/raw/OWNER_REVIEW_DECISIONS.csv,owner_decision,ORD-027,,,,,,owner_reviewed_methodology,owner_reviewed,Feasibility limits and separate-case treatment remain
LED-0149,data/phase3/raw/OWNER_REVIEW_DECISIONS.csv,owner_decision,ORD-028,,,,,,owner_reviewed_methodology,owner_reviewed,Feasibility limits and separate-case treatment remain
LED-0150,data/phase3/raw/OWNER_REVIEW_DECISIONS.csv,owner_decision,ORD-029,,,,,,owner_reviewed_methodology,owner_reviewed,Feasibility limits and separate-case treatment remain
LED-0151,data/phase3/raw/OWNER_REVIEW_DECISIONS.csv,owner_decision,ORD-030,,,,,,owner_reviewed_methodology,owner_reviewed,Feasibility limits and separate-case treatment remain
LED-0152,data/phase3/raw/OWNER_REVIEW_DECISIONS.csv,owner_decision,ORD-031,,,,,,owner_reviewed_methodology,owner_reviewed,Feasibility limits and separate-case treatment remain
LED-0153,data/phase3/raw/OWNER_REVIEW_DECISIONS.csv,owner_decision,ORD-032,,,,,,owner_reviewed_methodology,owner_reviewed,Feasibility limits and separate-case treatment remain
LED-0154,data/phase3/raw/OWNER_REVIEW_DECISIONS.csv,owner_decision,ORD-033,,,,,,owner_reviewed_methodology,owner_reviewed,Feasibility limits and separate-case treatment remain
LED-0155,data/phase3/processed/QUARTERLY_SEGMENT_TRENDS.csv,processed_trend,TRD-0001,SRC-017,EVD-0015,Quanex FY2024 Q1 results release,https://investors.quanex.com/news-releases/news-release-details/quanex-building-products-announces-first-quarter-2024-results,2024-03-07,reported,not_applicable,
LED-0156,data/phase3/processed/QUARTERLY_SEGMENT_TRENDS.csv,processed_trend,TRD-0002,SRC-017,EVD-0016,Quanex FY2024 Q1 results release,https://investors.quanex.com/news-releases/news-release-details/quanex-building-products-announces-first-quarter-2024-results,2024-03-07,reported,not_applicable,
LED-0157,data/phase3/processed/QUARTERLY_SEGMENT_TRENDS.csv,processed_trend,TRD-0003,SRC-017,EVD-0017,Quanex FY2024 Q1 results release,https://investors.quanex.com/news-releases/news-release-details/quanex-building-products-announces-first-quarter-2024-results,2024-03-07,reported,not_applicable,
LED-0158,data/phase3/processed/QUARTERLY_SEGMENT_TRENDS.csv,processed_trend,TRD-0004,SRC-017,EVD-0018,Quanex FY2024 Q1 results release,https://investors.quanex.com/news-releases/news-release-details/quanex-building-products-announces-first-quarter-2024-results,2024-03-07,reported,not_applicable,
LED-0159,data/phase3/processed/QUARTERLY_SEGMENT_TRENDS.csv,processed_trend,TRD-0005,SRC-017,EVD-0019,Quanex FY2024 Q1 results release,https://investors.quanex.com/news-releases/news-release-details/quanex-building-products-announces-first-quarter-2024-results,2024-03-07,reported,not_applicable,
LED-0160,data/phase3/processed/QUARTERLY_SEGMENT_TRENDS.csv,processed_trend,TRD-0006,SRC-017,EVD-0020,Quanex FY2024 Q1 results release,https://investors.quanex.com/news-releases/news-release-details/quanex-building-products-announces-first-quarter-2024-results,2024-03-07,reported,not_applicable,
LED-0161,data/phase3/processed/QUARTERLY_SEGMENT_TRENDS.csv,processed_trend,TRD-0007,SRC-017,EVD-0021,Quanex FY2024 Q1 results release,https://investors.quanex.com/news-releases/news-release-details/quanex-building-products-announces-first-quarter-2024-results,2024-03-07,reported,not_applicable,
LED-0162,data/phase3/processed/QUARTERLY_SEGMENT_TRENDS.csv,processed_trend,TRD-0008,SRC-017,EVD-0022,Quanex FY2024 Q1 results release,https://investors.quanex.com/news-releases/news-release-details/quanex-building-products-announces-first-quarter-2024-results,2024-03-07,reported,not_applicable,
LED-0163,data/phase3/processed/QUARTERLY_SEGMENT_TRENDS.csv,processed_trend,TRD-0009,SRC-018,EVD-0023,Quanex FY2024 Q2 results release,https://www.sec.gov/Archives/edgar/data/1423221/000117184324003332/exh_991.htm,2024-06-06,reported,not_applicable,
LED-0164,data/phase3/processed/QUARTERLY_SEGMENT_TRENDS.csv,processed_trend,TRD-0010,SRC-018,EVD-0024,Quanex FY2024 Q2 results release,https://www.sec.gov/Archives/edgar/data/1423221/000117184324003332/exh_991.htm,2024-06-06,reported,not_applicable,
LED-0165,data/phase3/processed/QUARTERLY_SEGMENT_TRENDS.csv,processed_trend,TRD-0011,SRC-018,EVD-0025,Quanex FY2024 Q2 results release,https://www.sec.gov/Archives/edgar/data/1423221/000117184324003332/exh_991.htm,2024-06-06,reported,not_applicable,
LED-0166,data/phase3/processed/QUARTERLY_SEGMENT_TRENDS.csv,processed_trend,TRD-0012,SRC-018,EVD-0026,Quanex FY2024 Q2 results release,https://www.sec.gov/Archives/edgar/data/1423221/000117184324003332/exh_991.htm,2024-06-06,reported,not_applicable,
LED-0167,data/phase3/processed/QUARTERLY_SEGMENT_TRENDS.csv,processed_trend,TRD-0013,SRC-018,EVD-0027,Quanex FY2024 Q2 results release,https://www.sec.gov/Archives/edgar/data/1423221/000117184324003332/exh_991.htm,2024-06-06,reported,not_applicable,
LED-0168,data/phase3/processed/QUARTERLY_SEGMENT_TRENDS.csv,processed_trend,TRD-0014,SRC-018,EVD-0028,Quanex FY2024 Q2 results release,https://www.sec.gov/Archives/edgar/data/1423221/000117184324003332/exh_991.htm,2024-06-06,reported,not_applicable,
LED-0169,data/phase3/processed/QUARTERLY_SEGMENT_TRENDS.csv,processed_trend,TRD-0015,SRC-018,EVD-0029,Quanex FY2024 Q2 results release,https://www.sec.gov/Archives/edgar/data/1423221/000117184324003332/exh_991.htm,2024-06-06,reported,not_applicable,
LED-0170,data/phase3/processed/QUARTERLY_SEGMENT_TRENDS.csv,processed_trend,TRD-0016,SRC-018,EVD-0030,Quanex FY2024 Q2 results release,https://www.sec.gov/Archives/edgar/data/1423221/000117184324003332/exh_991.htm,2024-06-06,reported,not_applicable,
LED-0171,data/phase3/processed/QUARTERLY_SEGMENT_TRENDS.csv,processed_trend,TRD-0017,SRC-019,EVD-0031,Quanex FY2024 Q3 results release,https://www.sec.gov/Archives/edgar/data/1423221/000117184324005085/exh_991.htm,2024-09-05,reported,not_applicable,
LED-0172,data/phase3/processed/QUARTERLY_SEGMENT_TRENDS.csv,processed_trend,TRD-0018,SRC-019,EVD-0032,Quanex FY2024 Q3 results release,https://www.sec.gov/Archives/edgar/data/1423221/000117184324005085/exh_991.htm,2024-09-05,reported,not_applicable,
LED-0173,data/phase3/processed/QUARTERLY_SEGMENT_TRENDS.csv,processed_trend,TRD-0019,SRC-019,EVD-0033,Quanex FY2024 Q3 results release,https://www.sec.gov/Archives/edgar/data/1423221/000117184324005085/exh_991.htm,2024-09-05,reported,not_applicable,
LED-0174,data/phase3/processed/QUARTERLY_SEGMENT_TRENDS.csv,processed_trend,TRD-0020,SRC-019,EVD-0034,Quanex FY2024 Q3 results release,https://www.sec.gov/Archives/edgar/data/1423221/000117184324005085/exh_991.htm,2024-09-05,reported,not_applicable,
LED-0175,data/phase3/processed/QUARTERLY_SEGMENT_TRENDS.csv,processed_trend,TRD-0021,SRC-019,EVD-0035,Quanex FY2024 Q3 results release,https://www.sec.gov/Archives/edgar/data/1423221/000117184324005085/exh_991.htm,2024-09-05,reported,not_applicable,
LED-0176,data/phase3/processed/QUARTERLY_SEGMENT_TRENDS.csv,processed_trend,TRD-0022,SRC-019,EVD-0036,Quanex FY2024 Q3 results release,https://www.sec.gov/Archives/edgar/data/1423221/000117184324005085/exh_991.htm,2024-09-05,reported,not_applicable,
LED-0177,data/phase3/processed/QUARTERLY_SEGMENT_TRENDS.csv,processed_trend,TRD-0023,SRC-019,EVD-0037,Quanex FY2024 Q3 results release,https://www.sec.gov/Archives/edgar/data/1423221/000117184324005085/exh_991.htm,2024-09-05,reported,not_applicable,
LED-0178,data/phase3/processed/QUARTERLY_SEGMENT_TRENDS.csv,processed_trend,TRD-0024,SRC-019,EVD-0038,Quanex FY2024 Q3 results release,https://www.sec.gov/Archives/edgar/data/1423221/000117184324005085/exh_991.htm,2024-09-05,reported,not_applicable,
LED-0179,data/phase3/processed/QUARTERLY_SEGMENT_TRENDS.csv,processed_trend,TRD-0025,SRC-020,EVD-0039,Quanex FY2024 Q4 and full-year results release,https://www.sec.gov/Archives/edgar/data/1423221/000117184324006907/exh_991.htm,2024-12-12,reported,not_applicable,
LED-0180,data/phase3/processed/QUARTERLY_SEGMENT_TRENDS.csv,processed_trend,TRD-0026,SRC-020,EVD-0040,Quanex FY2024 Q4 and full-year results release,https://www.sec.gov/Archives/edgar/data/1423221/000117184324006907/exh_991.htm,2024-12-12,reported,not_applicable,
LED-0181,data/phase3/processed/QUARTERLY_SEGMENT_TRENDS.csv,processed_trend,TRD-0027,SRC-020,EVD-0041,Quanex FY2024 Q4 and full-year results release,https://www.sec.gov/Archives/edgar/data/1423221/000117184324006907/exh_991.htm,2024-12-12,reported,not_applicable,
LED-0182,data/phase3/processed/QUARTERLY_SEGMENT_TRENDS.csv,processed_trend,TRD-0028,SRC-020,EVD-0042,Quanex FY2024 Q4 and full-year results release,https://www.sec.gov/Archives/edgar/data/1423221/000117184324006907/exh_991.htm,2024-12-12,reported,not_applicable,
LED-0183,data/phase3/processed/QUARTERLY_SEGMENT_TRENDS.csv,processed_trend,TRD-0029,SRC-020,EVD-0043,Quanex FY2024 Q4 and full-year results release,https://www.sec.gov/Archives/edgar/data/1423221/000117184324006907/exh_991.htm,2024-12-12,reported,not_applicable,
LED-0184,data/phase3/processed/QUARTERLY_SEGMENT_TRENDS.csv,processed_trend,TRD-0030,SRC-020,EVD-0044,Quanex FY2024 Q4 and full-year results release,https://www.sec.gov/Archives/edgar/data/1423221/000117184324006907/exh_991.htm,2024-12-12,reported,not_applicable,
LED-0185,data/phase3/processed/QUARTERLY_SEGMENT_TRENDS.csv,processed_trend,TRD-0031,SRC-020,EVD-0045,Quanex FY2024 Q4 and full-year results release,https://www.sec.gov/Archives/edgar/data/1423221/000117184324006907/exh_991.htm,2024-12-12,reported,not_applicable,
LED-0186,data/phase3/processed/QUARTERLY_SEGMENT_TRENDS.csv,processed_trend,TRD-0032,SRC-020,EVD-0046,Quanex FY2024 Q4 and full-year results release,https://www.sec.gov/Archives/edgar/data/1423221/000117184324006907/exh_991.htm,2024-12-12,reported,not_applicable,
LED-0187,data/phase3/processed/QUARTERLY_SEGMENT_TRENDS.csv,processed_trend,TRD-0033,SRC-021,EVD-0047,Quanex FY2025 Q1 results release,https://investors.quanex.com/news-releases/news-release-details/quanex-building-products-announces-first-quarter-2025-results,2025-03-10,reported,not_applicable,
LED-0188,data/phase3/processed/QUARTERLY_SEGMENT_TRENDS.csv,processed_trend,TRD-0034,SRC-021,EVD-0048,Quanex FY2025 Q1 results release,https://investors.quanex.com/news-releases/news-release-details/quanex-building-products-announces-first-quarter-2025-results,2025-03-10,reported,not_applicable,
LED-0189,data/phase3/processed/QUARTERLY_SEGMENT_TRENDS.csv,processed_trend,TRD-0035,SRC-021,EVD-0049,Quanex FY2025 Q1 results release,https://investors.quanex.com/news-releases/news-release-details/quanex-building-products-announces-first-quarter-2025-results,2025-03-10,reported,not_applicable,
LED-0190,data/phase3/processed/QUARTERLY_SEGMENT_TRENDS.csv,processed_trend,TRD-0036,SRC-021,EVD-0050,Quanex FY2025 Q1 results release,https://investors.quanex.com/news-releases/news-release-details/quanex-building-products-announces-first-quarter-2025-results,2025-03-10,reported,not_applicable,
LED-0191,data/phase3/processed/QUARTERLY_SEGMENT_TRENDS.csv,processed_trend,TRD-0037,SRC-021,EVD-0051,Quanex FY2025 Q1 results release,https://investors.quanex.com/news-releases/news-release-details/quanex-building-products-announces-first-quarter-2025-results,2025-03-10,reported,not_applicable,
LED-0192,data/phase3/processed/QUARTERLY_SEGMENT_TRENDS.csv,processed_trend,TRD-0038,SRC-021,EVD-0052,Quanex FY2025 Q1 results release,https://investors.quanex.com/news-releases/news-release-details/quanex-building-products-announces-first-quarter-2025-results,2025-03-10,reported,not_applicable,
LED-0193,data/phase3/processed/QUARTERLY_SEGMENT_TRENDS.csv,processed_trend,TRD-0039,SRC-021,EVD-0053,Quanex FY2025 Q1 results release,https://investors.quanex.com/news-releases/news-release-details/quanex-building-products-announces-first-quarter-2025-results,2025-03-10,reported,not_applicable,
LED-0194,data/phase3/processed/QUARTERLY_SEGMENT_TRENDS.csv,processed_trend,TRD-0040,SRC-021,EVD-0054,Quanex FY2025 Q1 results release,https://investors.quanex.com/news-releases/news-release-details/quanex-building-products-announces-first-quarter-2025-results,2025-03-10,reported,not_applicable,
LED-0195,data/phase3/processed/QUARTERLY_SEGMENT_TRENDS.csv,processed_trend,TRD-0041,SRC-016,EVD-0055,Quanex FY2025 Q2 results release and covenant clarification,https://www.sec.gov/Archives/edgar/data/1423221/000117184325003726/exh_991.htm,2025-06-05,reported,not_applicable,
LED-0196,data/phase3/processed/QUARTERLY_SEGMENT_TRENDS.csv,processed_trend,TRD-0042,SRC-016,EVD-0056,Quanex FY2025 Q2 results release and covenant clarification,https://www.sec.gov/Archives/edgar/data/1423221/000117184325003726/exh_991.htm,2025-06-05,reported,not_applicable,
LED-0197,data/phase3/processed/QUARTERLY_SEGMENT_TRENDS.csv,processed_trend,TRD-0043,SRC-002;SRC-016,EVD-0057,Quanex Q4 and FY2025 results release;Quanex FY2025 Q2 results release and covenant clarification,https://www.sec.gov/Archives/edgar/data/1423221/000117184325007891/exh_991.htm;https://www.sec.gov/Archives/edgar/data/1423221/000117184325003726/exh_991.htm,2025-12-11;2025-06-05,reported,not_applicable,Selected $63.135m from the latest within-cutoff annual bridge so quarters reconcile; original Q2 release showed $61.913m and the $1.222m difference is not explained.
LED-0198,data/phase3/processed/QUARTERLY_SEGMENT_TRENDS.csv,processed_trend,TRD-0044,SRC-016,EVD-0058,Quanex FY2025 Q2 results release and covenant clarification,https://www.sec.gov/Archives/edgar/data/1423221/000117184325003726/exh_991.htm,2025-06-05,reported,not_applicable,
LED-0199,data/phase3/processed/QUARTERLY_SEGMENT_TRENDS.csv,processed_trend,TRD-0045,SRC-016,EVD-0059,Quanex FY2025 Q2 results release and covenant clarification,https://www.sec.gov/Archives/edgar/data/1423221/000117184325003726/exh_991.htm,2025-06-05,reported,not_applicable,
LED-0200,data/phase3/processed/QUARTERLY_SEGMENT_TRENDS.csv,processed_trend,TRD-0046,SRC-016,EVD-0060,Quanex FY2025 Q2 results release and covenant clarification,https://www.sec.gov/Archives/edgar/data/1423221/000117184325003726/exh_991.htm,2025-06-05,reported,not_applicable,
LED-0201,data/phase3/processed/QUARTERLY_SEGMENT_TRENDS.csv,processed_trend,TRD-0047,SRC-016,EVD-0061,Quanex FY2025 Q2 results release and covenant clarification,https://www.sec.gov/Archives/edgar/data/1423221/000117184325003726/exh_991.htm,2025-06-05,reported,not_applicable,
LED-0202,data/phase3/processed/QUARTERLY_SEGMENT_TRENDS.csv,processed_trend,TRD-0048,SRC-016,EVD-0062,Quanex FY2025 Q2 results release and covenant clarification,https://www.sec.gov/Archives/edgar/data/1423221/000117184325003726/exh_991.htm,2025-06-05,reported,not_applicable,
LED-0203,data/phase3/processed/QUARTERLY_SEGMENT_TRENDS.csv,processed_trend,TRD-0049,SRC-022,EVD-0063,Quanex FY2025 Q3 results release,https://www.sec.gov/Archives/edgar/data/1423221/000117184325005746/exh_991.htm,2025-09-04,reported,not_applicable,
LED-0204,data/phase3/processed/QUARTERLY_SEGMENT_TRENDS.csv,processed_trend,TRD-0050,SRC-022,EVD-0064,Quanex FY2025 Q3 results release,https://www.sec.gov/Archives/edgar/data/1423221/000117184325005746/exh_991.htm,2025-09-04,reported,not_applicable,
LED-0205,data/phase3/processed/QUARTERLY_SEGMENT_TRENDS.csv,processed_trend,TRD-0051,SRC-022,EVD-0065,Quanex FY2025 Q3 results release,https://www.sec.gov/Archives/edgar/data/1423221/000117184325005746/exh_991.htm,2025-09-04,reported,not_applicable,
LED-0206,data/phase3/processed/QUARTERLY_SEGMENT_TRENDS.csv,processed_trend,TRD-0052,SRC-022,EVD-0066,Quanex FY2025 Q3 results release,https://www.sec.gov/Archives/edgar/data/1423221/000117184325005746/exh_991.htm,2025-09-04,reported,not_applicable,
LED-0207,data/phase3/processed/QUARTERLY_SEGMENT_TRENDS.csv,processed_trend,TRD-0053,SRC-022,EVD-0067,Quanex FY2025 Q3 results release,https://www.sec.gov/Archives/edgar/data/1423221/000117184325005746/exh_991.htm,2025-09-04,reported,not_applicable,
LED-0208,data/phase3/processed/QUARTERLY_SEGMENT_TRENDS.csv,processed_trend,TRD-0054,SRC-022,EVD-0068,Quanex FY2025 Q3 results release,https://www.sec.gov/Archives/edgar/data/1423221/000117184325005746/exh_991.htm,2025-09-04,reported,not_applicable,
LED-0209,data/phase3/processed/QUARTERLY_SEGMENT_TRENDS.csv,processed_trend,TRD-0055,SRC-022,EVD-0069,Quanex FY2025 Q3 results release,https://www.sec.gov/Archives/edgar/data/1423221/000117184325005746/exh_991.htm,2025-09-04,reported,not_applicable,
LED-0210,data/phase3/processed/QUARTERLY_SEGMENT_TRENDS.csv,processed_trend,TRD-0056,SRC-022,EVD-0070,Quanex FY2025 Q3 results release,https://www.sec.gov/Archives/edgar/data/1423221/000117184325005746/exh_991.htm,2025-09-04,reported,not_applicable,
LED-0211,data/phase3/processed/QUARTERLY_SEGMENT_TRENDS.csv,processed_trend,TRD-0057,SRC-002,EVD-0071,Quanex Q4 and FY2025 results release,https://www.sec.gov/Archives/edgar/data/1423221/000117184325007891/exh_991.htm,2025-12-11,reported,not_applicable,
LED-0212,data/phase3/processed/QUARTERLY_SEGMENT_TRENDS.csv,processed_trend,TRD-0058,SRC-002,EVD-0072,Quanex Q4 and FY2025 results release,https://www.sec.gov/Archives/edgar/data/1423221/000117184325007891/exh_991.htm,2025-12-11,reported,not_applicable,
LED-0213,data/phase3/processed/QUARTERLY_SEGMENT_TRENDS.csv,processed_trend,TRD-0059,SRC-002,EVD-0073,Quanex Q4 and FY2025 results release,https://www.sec.gov/Archives/edgar/data/1423221/000117184325007891/exh_991.htm,2025-12-11,reported,not_applicable,
LED-0214,data/phase3/processed/QUARTERLY_SEGMENT_TRENDS.csv,processed_trend,TRD-0060,SRC-002,EVD-0074,Quanex Q4 and FY2025 results release,https://www.sec.gov/Archives/edgar/data/1423221/000117184325007891/exh_991.htm,2025-12-11,reported,not_applicable,
LED-0215,data/phase3/processed/QUARTERLY_SEGMENT_TRENDS.csv,processed_trend,TRD-0061,SRC-002,EVD-0075,Quanex Q4 and FY2025 results release,https://www.sec.gov/Archives/edgar/data/1423221/000117184325007891/exh_991.htm,2025-12-11,reported,not_applicable,
LED-0216,data/phase3/processed/QUARTERLY_SEGMENT_TRENDS.csv,processed_trend,TRD-0062,SRC-002,EVD-0076,Quanex Q4 and FY2025 results release,https://www.sec.gov/Archives/edgar/data/1423221/000117184325007891/exh_991.htm,2025-12-11,reported,not_applicable,
LED-0217,data/phase3/processed/QUARTERLY_SEGMENT_TRENDS.csv,processed_trend,TRD-0063,SRC-002,EVD-0077,Quanex Q4 and FY2025 results release,https://www.sec.gov/Archives/edgar/data/1423221/000117184325007891/exh_991.htm,2025-12-11,reported,not_applicable,
LED-0218,data/phase3/processed/QUARTERLY_SEGMENT_TRENDS.csv,processed_trend,TRD-0064,SRC-002,EVD-0078,Quanex Q4 and FY2025 results release,https://www.sec.gov/Archives/edgar/data/1423221/000117184325007891/exh_991.htm,2025-12-11,reported,not_applicable,
LED-0219,data/phase3/processed/QUARTERLY_SEGMENT_TRENDS.csv,processed_trend,TRD-0065,SRC-002;SRC-001,EVD-0080,Quanex Q4 and FY2025 results release;Quanex FY2025 Form 10-K,https://www.sec.gov/Archives/edgar/data/1423221/000117184325007891/exh_991.htm;https://www.sec.gov/Archives/edgar/data/1423221/000142322125000100/nx-20251031.htm,2025-12-11;2025-12-12,reported,not_applicable,Do not extend the current segment structure before FY2023 or treat the recast as a constant combined-company perimeter.
LED-0220,data/phase3/processed/QUARTERLY_SEGMENT_TRENDS.csv,processed_trend,TRD-0066,SRC-002;SRC-001,EVD-0081,Quanex Q4 and FY2025 results release;Quanex FY2025 Form 10-K,https://www.sec.gov/Archives/edgar/data/1423221/000117184325007891/exh_991.htm;https://www.sec.gov/Archives/edgar/data/1423221/000142322125000100/nx-20251031.htm,2025-12-11;2025-12-12,reported,not_applicable,Do not extend the current segment structure before FY2023 or treat the recast as a constant combined-company perimeter.
LED-0221,data/phase3/processed/QUARTERLY_SEGMENT_TRENDS.csv,processed_trend,TRD-0067,SRC-002;SRC-001,EVD-0082,Quanex Q4 and FY2025 results release;Quanex FY2025 Form 10-K,https://www.sec.gov/Archives/edgar/data/1423221/000117184325007891/exh_991.htm;https://www.sec.gov/Archives/edgar/data/1423221/000142322125000100/nx-20251031.htm,2025-12-11;2025-12-12,reported,not_applicable,Do not extend the current segment structure before FY2023 or treat the recast as a constant combined-company perimeter.
LED-0222,data/phase3/processed/QUARTERLY_SEGMENT_TRENDS.csv,processed_trend,TRD-0068,SRC-002;SRC-001,EVD-0083,Quanex Q4 and FY2025 results release;Quanex FY2025 Form 10-K,https://www.sec.gov/Archives/edgar/data/1423221/000117184325007891/exh_991.htm;https://www.sec.gov/Archives/edgar/data/1423221/000142322125000100/nx-20251031.htm,2025-12-11;2025-12-12,reported,not_applicable,Do not extend the current segment structure before FY2023 or treat the recast as a constant combined-company perimeter.
LED-0223,data/phase3/processed/QUARTERLY_SEGMENT_TRENDS.csv,processed_trend,TRD-0069,SRC-002;SRC-001,EVD-0084,Quanex Q4 and FY2025 results release;Quanex FY2025 Form 10-K,https://www.sec.gov/Archives/edgar/data/1423221/000117184325007891/exh_991.htm;https://www.sec.gov/Archives/edgar/data/1423221/000142322125000100/nx-20251031.htm,2025-12-11;2025-12-12,reported,not_applicable,Do not extend the current segment structure before FY2023 or treat the recast as a constant combined-company perimeter.
LED-0224,data/phase3/processed/QUARTERLY_SEGMENT_TRENDS.csv,processed_trend,TRD-0070,SRC-002;SRC-001,EVD-0085,Quanex Q4 and FY2025 results release;Quanex FY2025 Form 10-K,https://www.sec.gov/Archives/edgar/data/1423221/000117184325007891/exh_991.htm;https://www.sec.gov/Archives/edgar/data/1423221/000142322125000100/nx-20251031.htm,2025-12-11;2025-12-12,reported,not_applicable,Do not extend the current segment structure before FY2023 or treat the recast as a constant combined-company perimeter.
LED-0225,data/phase3/processed/QUARTERLY_SEGMENT_TRENDS.csv,processed_trend,TRD-0071,SRC-002;SRC-001,EVD-0086,Quanex Q4 and FY2025 results release;Quanex FY2025 Form 10-K,https://www.sec.gov/Archives/edgar/data/1423221/000117184325007891/exh_991.htm;https://www.sec.gov/Archives/edgar/data/1423221/000142322125000100/nx-20251031.htm,2025-12-11;2025-12-12,reported,not_applicable,Do not extend the current segment structure before FY2023 or treat the recast as a constant combined-company perimeter.
LED-0226,data/phase3/processed/QUARTERLY_SEGMENT_TRENDS.csv,processed_trend,TRD-0072,SRC-002;SRC-001,EVD-0087,Quanex Q4 and FY2025 results release;Quanex FY2025 Form 10-K,https://www.sec.gov/Archives/edgar/data/1423221/000117184325007891/exh_991.htm;https://www.sec.gov/Archives/edgar/data/1423221/000142322125000100/nx-20251031.htm,2025-12-11;2025-12-12,reported,not_applicable,Do not extend the current segment structure before FY2023 or treat the recast as a constant combined-company perimeter.
LED-0227,data/phase3/processed/QUARTERLY_SEGMENT_TRENDS.csv,processed_trend,TRD-0073,SRC-002;SRC-001,EVD-0088,Quanex Q4 and FY2025 results release;Quanex FY2025 Form 10-K,https://www.sec.gov/Archives/edgar/data/1423221/000117184325007891/exh_991.htm;https://www.sec.gov/Archives/edgar/data/1423221/000142322125000100/nx-20251031.htm,2025-12-11;2025-12-12,reported,not_applicable,Do not extend the current segment structure before FY2023 or treat the recast as a constant combined-company perimeter.
LED-0228,data/phase3/processed/QUARTERLY_SEGMENT_TRENDS.csv,processed_trend,TRD-0074,SRC-002;SRC-001,EVD-0089,Quanex Q4 and FY2025 results release;Quanex FY2025 Form 10-K,https://www.sec.gov/Archives/edgar/data/1423221/000117184325007891/exh_991.htm;https://www.sec.gov/Archives/edgar/data/1423221/000142322125000100/nx-20251031.htm,2025-12-11;2025-12-12,reported,not_applicable,Do not extend the current segment structure before FY2023 or treat the recast as a constant combined-company perimeter.
LED-0229,data/phase3/processed/QUARTERLY_SEGMENT_TRENDS.csv,processed_trend,TRD-0075,SRC-002;SRC-001,EVD-0090,Quanex Q4 and FY2025 results release;Quanex FY2025 Form 10-K,https://www.sec.gov/Archives/edgar/data/1423221/000117184325007891/exh_991.htm;https://www.sec.gov/Archives/edgar/data/1423221/000142322125000100/nx-20251031.htm,2025-12-11;2025-12-12,reported,not_applicable,Do not extend the current segment structure before FY2023 or treat the recast as a constant combined-company perimeter.
LED-0230,data/phase3/processed/QUARTERLY_SEGMENT_TRENDS.csv,processed_trend,TRD-0076,SRC-002;SRC-001,EVD-0091,Quanex Q4 and FY2025 results release;Quanex FY2025 Form 10-K,https://www.sec.gov/Archives/edgar/data/1423221/000117184325007891/exh_991.htm;https://www.sec.gov/Archives/edgar/data/1423221/000142322125000100/nx-20251031.htm,2025-12-11;2025-12-12,reported,not_applicable,Do not extend the current segment structure before FY2023 or treat the recast as a constant combined-company perimeter.
LED-0231,data/phase3/processed/QUARTERLY_SEGMENT_TRENDS.csv,processed_trend,TRD-0077,SRC-002;SRC-001,EVD-0092,Quanex Q4 and FY2025 results release;Quanex FY2025 Form 10-K,https://www.sec.gov/Archives/edgar/data/1423221/000117184325007891/exh_991.htm;https://www.sec.gov/Archives/edgar/data/1423221/000142322125000100/nx-20251031.htm,2025-12-11;2025-12-12,reported,not_applicable,Do not extend the current segment structure before FY2023 or treat the recast as a constant combined-company perimeter.
LED-0232,data/phase3/processed/QUARTERLY_SEGMENT_TRENDS.csv,processed_trend,TRD-0078,SRC-002;SRC-001,EVD-0093,Quanex Q4 and FY2025 results release;Quanex FY2025 Form 10-K,https://www.sec.gov/Archives/edgar/data/1423221/000117184325007891/exh_991.htm;https://www.sec.gov/Archives/edgar/data/1423221/000142322125000100/nx-20251031.htm,2025-12-11;2025-12-12,reported,not_applicable,Do not extend the current segment structure before FY2023 or treat the recast as a constant combined-company perimeter.
LED-0233,data/phase3/processed/QUARTERLY_SEGMENT_TRENDS.csv,processed_trend,TRD-0079,SRC-002;SRC-001,EVD-0094,Quanex Q4 and FY2025 results release;Quanex FY2025 Form 10-K,https://www.sec.gov/Archives/edgar/data/1423221/000117184325007891/exh_991.htm;https://www.sec.gov/Archives/edgar/data/1423221/000142322125000100/nx-20251031.htm,2025-12-11;2025-12-12,reported,not_applicable,Do not extend the current segment structure before FY2023 or treat the recast as a constant combined-company perimeter.
LED-0234,data/phase3/processed/QUARTERLY_SEGMENT_TRENDS.csv,processed_trend,TRD-0080,SRC-002;SRC-001,EVD-0095,Quanex Q4 and FY2025 results release;Quanex FY2025 Form 10-K,https://www.sec.gov/Archives/edgar/data/1423221/000117184325007891/exh_991.htm;https://www.sec.gov/Archives/edgar/data/1423221/000142322125000100/nx-20251031.htm,2025-12-11;2025-12-12,reported,not_applicable,Do not extend the current segment structure before FY2023 or treat the recast as a constant combined-company perimeter.
LED-0235,data/phase3/processed/QUARTERLY_SEGMENT_TRENDS.csv,processed_trend,TRD-0081,SRC-017,TRD-0002;TRD-0001,Quanex FY2024 Q1 results release,https://investors.quanex.com/news-releases/news-release-details/quanex-building-products-announces-first-quarter-2024-results,2024-03-07,analyst_calculation,not_applicable,Diagnostic only; company-adjusted EBITDA is not lender-normalized or contractual EBITDA.
LED-0236,data/phase3/processed/QUARTERLY_SEGMENT_TRENDS.csv,processed_trend,TRD-0082,SRC-017,TRD-0003;TRD-0001,Quanex FY2024 Q1 results release,https://investors.quanex.com/news-releases/news-release-details/quanex-building-products-announces-first-quarter-2024-results,2024-03-07,analyst_calculation,not_applicable,Diagnostic only; company-adjusted EBITDA is not lender-normalized or contractual EBITDA.
LED-0237,data/phase3/processed/QUARTERLY_SEGMENT_TRENDS.csv,processed_trend,TRD-0083,SRC-017,TRD-0006;TRD-0003,Quanex FY2024 Q1 results release,https://investors.quanex.com/news-releases/news-release-details/quanex-building-products-announces-first-quarter-2024-results,2024-03-07,analyst_calculation,not_applicable,Diagnostic only; company-adjusted EBITDA is not lender-normalized or contractual EBITDA.
LED-0238,data/phase3/processed/QUARTERLY_SEGMENT_TRENDS.csv,processed_trend,TRD-0084,SRC-018,TRD-0010;TRD-0009,Quanex FY2024 Q2 results release,https://www.sec.gov/Archives/edgar/data/1423221/000117184324003332/exh_991.htm,2024-06-06,analyst_calculation,not_applicable,Diagnostic only; company-adjusted EBITDA is not lender-normalized or contractual EBITDA.
LED-0239,data/phase3/processed/QUARTERLY_SEGMENT_TRENDS.csv,processed_trend,TRD-0085,SRC-018,TRD-0011;TRD-0009,Quanex FY2024 Q2 results release,https://www.sec.gov/Archives/edgar/data/1423221/000117184324003332/exh_991.htm,2024-06-06,analyst_calculation,not_applicable,Diagnostic only; company-adjusted EBITDA is not lender-normalized or contractual EBITDA.
LED-0240,data/phase3/processed/QUARTERLY_SEGMENT_TRENDS.csv,processed_trend,TRD-0086,SRC-018,TRD-0014;TRD-0011,Quanex FY2024 Q2 results release,https://www.sec.gov/Archives/edgar/data/1423221/000117184324003332/exh_991.htm,2024-06-06,analyst_calculation,not_applicable,Diagnostic only; company-adjusted EBITDA is not lender-normalized or contractual EBITDA.
LED-0241,data/phase3/processed/QUARTERLY_SEGMENT_TRENDS.csv,processed_trend,TRD-0087,SRC-019,TRD-0018;TRD-0017,Quanex FY2024 Q3 results release,https://www.sec.gov/Archives/edgar/data/1423221/000117184324005085/exh_991.htm,2024-09-05,analyst_calculation,not_applicable,Diagnostic only; company-adjusted EBITDA is not lender-normalized or contractual EBITDA.
LED-0242,data/phase3/processed/QUARTERLY_SEGMENT_TRENDS.csv,processed_trend,TRD-0088,SRC-019,TRD-0019;TRD-0017,Quanex FY2024 Q3 results release,https://www.sec.gov/Archives/edgar/data/1423221/000117184324005085/exh_991.htm,2024-09-05,analyst_calculation,not_applicable,Diagnostic only; company-adjusted EBITDA is not lender-normalized or contractual EBITDA.
LED-0243,data/phase3/processed/QUARTERLY_SEGMENT_TRENDS.csv,processed_trend,TRD-0089,SRC-019,TRD-0022;TRD-0019,Quanex FY2024 Q3 results release,https://www.sec.gov/Archives/edgar/data/1423221/000117184324005085/exh_991.htm,2024-09-05,analyst_calculation,not_applicable,Diagnostic only; company-adjusted EBITDA is not lender-normalized or contractual EBITDA.
LED-0244,data/phase3/processed/QUARTERLY_SEGMENT_TRENDS.csv,processed_trend,TRD-0090,SRC-020,TRD-0026;TRD-0025,Quanex FY2024 Q4 and full-year results release,https://www.sec.gov/Archives/edgar/data/1423221/000117184324006907/exh_991.htm,2024-12-12,analyst_calculation,not_applicable,Diagnostic only; company-adjusted EBITDA is not lender-normalized or contractual EBITDA.
LED-0245,data/phase3/processed/QUARTERLY_SEGMENT_TRENDS.csv,processed_trend,TRD-0091,SRC-020,TRD-0027;TRD-0025,Quanex FY2024 Q4 and full-year results release,https://www.sec.gov/Archives/edgar/data/1423221/000117184324006907/exh_991.htm,2024-12-12,analyst_calculation,not_applicable,Diagnostic only; company-adjusted EBITDA is not lender-normalized or contractual EBITDA.
LED-0246,data/phase3/processed/QUARTERLY_SEGMENT_TRENDS.csv,processed_trend,TRD-0092,SRC-020,TRD-0030;TRD-0027,Quanex FY2024 Q4 and full-year results release,https://www.sec.gov/Archives/edgar/data/1423221/000117184324006907/exh_991.htm,2024-12-12,analyst_calculation,not_applicable,Diagnostic only; company-adjusted EBITDA is not lender-normalized or contractual EBITDA.
LED-0247,data/phase3/processed/QUARTERLY_SEGMENT_TRENDS.csv,processed_trend,TRD-0093,SRC-021,TRD-0034;TRD-0033,Quanex FY2025 Q1 results release,https://investors.quanex.com/news-releases/news-release-details/quanex-building-products-announces-first-quarter-2025-results,2025-03-10,analyst_calculation,not_applicable,Diagnostic only; company-adjusted EBITDA is not lender-normalized or contractual EBITDA.
LED-0248,data/phase3/processed/QUARTERLY_SEGMENT_TRENDS.csv,processed_trend,TRD-0094,SRC-021,TRD-0035;TRD-0033,Quanex FY2025 Q1 results release,https://investors.quanex.com/news-releases/news-release-details/quanex-building-products-announces-first-quarter-2025-results,2025-03-10,analyst_calculation,not_applicable,Diagnostic only; company-adjusted EBITDA is not lender-normalized or contractual EBITDA.
LED-0249,data/phase3/processed/QUARTERLY_SEGMENT_TRENDS.csv,processed_trend,TRD-0095,SRC-021,TRD-0038;TRD-0035,Quanex FY2025 Q1 results release,https://investors.quanex.com/news-releases/news-release-details/quanex-building-products-announces-first-quarter-2025-results,2025-03-10,analyst_calculation,not_applicable,Diagnostic only; company-adjusted EBITDA is not lender-normalized or contractual EBITDA.
LED-0250,data/phase3/processed/QUARTERLY_SEGMENT_TRENDS.csv,processed_trend,TRD-0096,SRC-016,TRD-0042;TRD-0041,Quanex FY2025 Q2 results release and covenant clarification,https://www.sec.gov/Archives/edgar/data/1423221/000117184325003726/exh_991.htm,2025-06-05,analyst_calculation,not_applicable,Diagnostic only; company-adjusted EBITDA is not lender-normalized or contractual EBITDA.
LED-0251,data/phase3/processed/QUARTERLY_SEGMENT_TRENDS.csv,processed_trend,TRD-0097,SRC-002;SRC-016,TRD-0043;TRD-0041,Quanex Q4 and FY2025 results release;Quanex FY2025 Q2 results release and covenant clarification,https://www.sec.gov/Archives/edgar/data/1423221/000117184325007891/exh_991.htm;https://www.sec.gov/Archives/edgar/data/1423221/000117184325003726/exh_991.htm,2025-12-11;2025-06-05,analyst_calculation,not_applicable,Diagnostic only; company-adjusted EBITDA is not lender-normalized or contractual EBITDA.
LED-0252,data/phase3/processed/QUARTERLY_SEGMENT_TRENDS.csv,processed_trend,TRD-0098,SRC-016;SRC-002,TRD-0046;TRD-0043,Quanex FY2025 Q2 results release and covenant clarification;Quanex Q4 and FY2025 results release,https://www.sec.gov/Archives/edgar/data/1423221/000117184325003726/exh_991.htm;https://www.sec.gov/Archives/edgar/data/1423221/000117184325007891/exh_991.htm,2025-06-05;2025-12-11,analyst_calculation,not_applicable,Diagnostic only; company-adjusted EBITDA is not lender-normalized or contractual EBITDA.
LED-0253,data/phase3/processed/QUARTERLY_SEGMENT_TRENDS.csv,processed_trend,TRD-0099,SRC-022,TRD-0050;TRD-0049,Quanex FY2025 Q3 results release,https://www.sec.gov/Archives/edgar/data/1423221/000117184325005746/exh_991.htm,2025-09-04,analyst_calculation,not_applicable,Diagnostic only; company-adjusted EBITDA is not lender-normalized or contractual EBITDA.
LED-0254,data/phase3/processed/QUARTERLY_SEGMENT_TRENDS.csv,processed_trend,TRD-0100,SRC-022,TRD-0051;TRD-0049,Quanex FY2025 Q3 results release,https://www.sec.gov/Archives/edgar/data/1423221/000117184325005746/exh_991.htm,2025-09-04,analyst_calculation,not_applicable,Diagnostic only; company-adjusted EBITDA is not lender-normalized or contractual EBITDA.
LED-0255,data/phase3/processed/QUARTERLY_SEGMENT_TRENDS.csv,processed_trend,TRD-0101,SRC-022,TRD-0054;TRD-0051,Quanex FY2025 Q3 results release,https://www.sec.gov/Archives/edgar/data/1423221/000117184325005746/exh_991.htm,2025-09-04,analyst_calculation,not_applicable,Diagnostic only; company-adjusted EBITDA is not lender-normalized or contractual EBITDA.
LED-0256,data/phase3/processed/QUARTERLY_SEGMENT_TRENDS.csv,processed_trend,TRD-0102,SRC-002,TRD-0058;TRD-0057,Quanex Q4 and FY2025 results release,https://www.sec.gov/Archives/edgar/data/1423221/000117184325007891/exh_991.htm,2025-12-11,analyst_calculation,not_applicable,Diagnostic only; company-adjusted EBITDA is not lender-normalized or contractual EBITDA.
LED-0257,data/phase3/processed/QUARTERLY_SEGMENT_TRENDS.csv,processed_trend,TRD-0103,SRC-002,TRD-0059;TRD-0057,Quanex Q4 and FY2025 results release,https://www.sec.gov/Archives/edgar/data/1423221/000117184325007891/exh_991.htm,2025-12-11,analyst_calculation,not_applicable,Diagnostic only; company-adjusted EBITDA is not lender-normalized or contractual EBITDA.
LED-0258,data/phase3/processed/QUARTERLY_SEGMENT_TRENDS.csv,processed_trend,TRD-0104,SRC-002,TRD-0062;TRD-0059,Quanex Q4 and FY2025 results release,https://www.sec.gov/Archives/edgar/data/1423221/000117184325007891/exh_991.htm,2025-12-11,analyst_calculation,not_applicable,Diagnostic only; company-adjusted EBITDA is not lender-normalized or contractual EBITDA.
LED-0259,data/phase3/processed/RISK_DRIVER_MAP.csv,analyst_driver,DRV-001,SRC-001;SRC-020;SRC-016;SRC-022;SRC-002;SRC-023;SRC-024;SRC-025,EVD-0114;EVD-0116;EVD-0118;EVD-0120;EVD-0099,"Quanex FY2025 Form 10-K;Quanex FY2024 Q4 and full-year results release;Quanex FY2025 Q2 results release and covenant clarification;Quanex FY2025 Q3 results release;Quanex Q4 and FY2025 results release;Monthly New Residential Construction, August 2025;Remodeling Expected to Continue Slow but Steady Growth Into Next Year;Construction output in Great Britain: October 2025",https://www.sec.gov/Archives/edgar/data/1423221/000142322125000100/nx-20251031.htm;https://www.sec.gov/Archives/edgar/data/1423221/000117184324006907/exh_991.htm;https://www.sec.gov/Archives/edgar/data/1423221/000117184325003726/exh_991.htm;https://www.sec.gov/Archives/edgar/data/1423221/000117184325005746/exh_991.htm;https://www.sec.gov/Archives/edgar/data/1423221/000117184325007891/exh_991.htm;https://www.census.gov/construction/nrc/pdf/newresconst_202508.pdf;https://www.jchs.harvard.edu/blog/remodeling-expected-continue-slow-steady-growth-next-year;https://www.ons.gov.uk/businessindustryandtrade/constructionindustry/bulletins/constructionoutputingreatbritain/october2025,2025-12-12;2024-12-12;2025-06-05;2025-09-04;2025-12-11;2025-09-17;2025-10-16,owner_reviewed_methodology,owner_reviewed,
LED-0260,data/phase3/processed/RISK_DRIVER_MAP.csv,analyst_driver,DRV-002,SRC-001;SRC-018;SRC-022;SRC-002,EVD-0009;EVD-0008;EVD-0099,Quanex FY2025 Form 10-K;Quanex FY2024 Q2 results release;Quanex FY2025 Q3 results release;Quanex Q4 and FY2025 results release,https://www.sec.gov/Archives/edgar/data/1423221/000142322125000100/nx-20251031.htm;https://www.sec.gov/Archives/edgar/data/1423221/000117184324003332/exh_991.htm;https://www.sec.gov/Archives/edgar/data/1423221/000117184325005746/exh_991.htm;https://www.sec.gov/Archives/edgar/data/1423221/000117184325007891/exh_991.htm,2025-12-12;2024-06-06;2025-09-04;2025-12-11,owner_reviewed_methodology,owner_reviewed,
LED-0261,data/phase3/processed/RISK_DRIVER_MAP.csv,analyst_driver,DRV-003,SRC-001;SRC-017;SRC-018;SRC-019;SRC-020;SRC-002,EVD-0007;EVD-0101;EVD-0013,Quanex FY2025 Form 10-K;Quanex FY2024 Q1 results release;Quanex FY2024 Q2 results release;Quanex FY2024 Q3 results release;Quanex FY2024 Q4 and full-year results release;Quanex Q4 and FY2025 results release,https://www.sec.gov/Archives/edgar/data/1423221/000142322125000100/nx-20251031.htm;https://investors.quanex.com/news-releases/news-release-details/quanex-building-products-announces-first-quarter-2024-results;https://www.sec.gov/Archives/edgar/data/1423221/000117184324003332/exh_991.htm;https://www.sec.gov/Archives/edgar/data/1423221/000117184324005085/exh_991.htm;https://www.sec.gov/Archives/edgar/data/1423221/000117184324006907/exh_991.htm;https://www.sec.gov/Archives/edgar/data/1423221/000117184325007891/exh_991.htm,2025-12-12;2024-03-07;2024-06-06;2024-09-05;2024-12-12;2025-12-11,owner_reviewed_methodology,owner_reviewed,
LED-0262,data/phase3/processed/RISK_DRIVER_MAP.csv,analyst_driver,DRV-004,SRC-001;SRC-002;SRC-022,EVD-0100;EVD-0101;EVD-0105,Quanex FY2025 Form 10-K;Quanex Q4 and FY2025 results release;Quanex FY2025 Q3 results release,https://www.sec.gov/Archives/edgar/data/1423221/000142322125000100/nx-20251031.htm;https://www.sec.gov/Archives/edgar/data/1423221/000117184325007891/exh_991.htm;https://www.sec.gov/Archives/edgar/data/1423221/000117184325005746/exh_991.htm,2025-12-12;2025-12-11;2025-09-04,owner_reviewed_methodology,owner_reviewed,
LED-0263,data/phase3/processed/RISK_DRIVER_MAP.csv,analyst_driver,DRV-005,SRC-001;SRC-017;SRC-018;SRC-019;SRC-020;SRC-021;SRC-016;SRC-022;SRC-002,EVD-0103;EVD-0005,Quanex FY2025 Form 10-K;Quanex FY2024 Q1 results release;Quanex FY2024 Q2 results release;Quanex FY2024 Q3 results release;Quanex FY2024 Q4 and full-year results release;Quanex FY2025 Q1 results release;Quanex FY2025 Q2 results release and covenant clarification;Quanex FY2025 Q3 results release;Quanex Q4 and FY2025 results release,https://www.sec.gov/Archives/edgar/data/1423221/000142322125000100/nx-20251031.htm;https://investors.quanex.com/news-releases/news-release-details/quanex-building-products-announces-first-quarter-2024-results;https://www.sec.gov/Archives/edgar/data/1423221/000117184324003332/exh_991.htm;https://www.sec.gov/Archives/edgar/data/1423221/000117184324005085/exh_991.htm;https://www.sec.gov/Archives/edgar/data/1423221/000117184324006907/exh_991.htm;https://investors.quanex.com/news-releases/news-release-details/quanex-building-products-announces-first-quarter-2025-results;https://www.sec.gov/Archives/edgar/data/1423221/000117184325003726/exh_991.htm;https://www.sec.gov/Archives/edgar/data/1423221/000117184325005746/exh_991.htm;https://www.sec.gov/Archives/edgar/data/1423221/000117184325007891/exh_991.htm,2025-12-12;2024-03-07;2024-06-06;2024-09-05;2024-12-12;2025-03-10;2025-06-05;2025-09-04;2025-12-11,owner_reviewed_methodology,owner_reviewed,
LED-0264,data/phase3/processed/RISK_DRIVER_MAP.csv,analyst_driver,DRV-006,SRC-001,EVD-0013,Quanex FY2025 Form 10-K,https://www.sec.gov/Archives/edgar/data/1423221/000142322125000100/nx-20251031.htm,2025-12-12,pending_information,owner_reviewed,
LED-0265,data/phase3/processed/RISK_DRIVER_MAP.csv,analyst_driver,DRV-007,SRC-001;SRC-002,EVD-0107;EVD-0102,Quanex FY2025 Form 10-K;Quanex Q4 and FY2025 results release,https://www.sec.gov/Archives/edgar/data/1423221/000142322125000100/nx-20251031.htm;https://www.sec.gov/Archives/edgar/data/1423221/000117184325007891/exh_991.htm,2025-12-12;2025-12-11,pending_information,owner_reviewed,
LED-0266,data/phase3/processed/RISK_DRIVER_MAP.csv,analyst_driver,DRV-008,SRC-001,EVD-0105,Quanex FY2025 Form 10-K,https://www.sec.gov/Archives/edgar/data/1423221/000142322125000100/nx-20251031.htm,2025-12-12,owner_reviewed_methodology,owner_reviewed,
LED-0267,data/phase3/processed/RISK_DRIVER_MAP.csv,analyst_driver,DRV-009,SRC-001,EVD-0106,Quanex FY2025 Form 10-K,https://www.sec.gov/Archives/edgar/data/1423221/000142322125000100/nx-20251031.htm,2025-12-12,pending_information,owner_reviewed,
LED-0268,data/phase3/processed/RISK_DRIVER_MAP.csv,analyst_driver,DRV-010,SRC-001;SRC-002,EVD-0104,Quanex FY2025 Form 10-K;Quanex Q4 and FY2025 results release,https://www.sec.gov/Archives/edgar/data/1423221/000142322125000100/nx-20251031.htm;https://www.sec.gov/Archives/edgar/data/1423221/000117184325007891/exh_991.htm,2025-12-12;2025-12-11,owner_reviewed_methodology,owner_reviewed,
LED-0269,data/phase3/processed/RISK_DRIVER_MAP.csv,analyst_driver,DRV-011,SRC-001;SRC-025,EVD-0003;EVD-0014;EVD-0120,Quanex FY2025 Form 10-K;Construction output in Great Britain: October 2025,https://www.sec.gov/Archives/edgar/data/1423221/000142322125000100/nx-20251031.htm;https://www.ons.gov.uk/businessindustryandtrade/constructionindustry/bulletins/constructionoutputingreatbritain/october2025,2025-12-12,pending_information,owner_reviewed,
LED-0270,data/phase3/processed/RISK_DRIVER_MAP.csv,analyst_driver,DRV-012,SRC-001;SRC-003;SRC-016,EVD-0104,Quanex FY2025 Form 10-K;Amendment No. 1 with conformed Second Amended and Restated Credit Agreement;Quanex FY2025 Q2 results release and covenant clarification,https://www.sec.gov/Archives/edgar/data/1423221/000142322125000100/nx-20251031.htm;https://www.sec.gov/Archives/edgar/data/1423221/000110465924071335/tm2417183d1_ex10-1.htm;https://www.sec.gov/Archives/edgar/data/1423221/000117184325003726/exh_991.htm,2025-12-12;2024-06-13;2025-06-05,pending_information,owner_reviewed,
LED-0271,data/phase3/processed/RISK_DRIVER_MAP.csv,analyst_driver,DRV-013,SRC-001,EVD-0108;EVD-0109;EVD-0110;EVD-0111;EVD-0112;EVD-0113,Quanex FY2025 Form 10-K,https://www.sec.gov/Archives/edgar/data/1423221/000142322125000100/nx-20251031.htm,2025-12-12,pending_information,owner_reviewed,
LED-0272,data/phase3/processed/ASSUMPTION_CANDIDATES.csv,proposed_assumption,ASM-001,SRC-001;SRC-020;SRC-016;SRC-022;SRC-002;SRC-023;SRC-024;SRC-025,EVD-0114;EVD-0116;EVD-0118;EVD-0120;EVD-0099,"Quanex FY2025 Form 10-K;Quanex FY2024 Q4 and full-year results release;Quanex FY2025 Q2 results release and covenant clarification;Quanex FY2025 Q3 results release;Quanex Q4 and FY2025 results release;Monthly New Residential Construction, August 2025;Remodeling Expected to Continue Slow but Steady Growth Into Next Year;Construction output in Great Britain: October 2025",https://www.sec.gov/Archives/edgar/data/1423221/000142322125000100/nx-20251031.htm;https://www.sec.gov/Archives/edgar/data/1423221/000117184324006907/exh_991.htm;https://www.sec.gov/Archives/edgar/data/1423221/000117184325003726/exh_991.htm;https://www.sec.gov/Archives/edgar/data/1423221/000117184325005746/exh_991.htm;https://www.sec.gov/Archives/edgar/data/1423221/000117184325007891/exh_991.htm;https://www.census.gov/construction/nrc/pdf/newresconst_202508.pdf;https://www.jchs.harvard.edu/blog/remodeling-expected-continue-slow-steady-growth-next-year;https://www.ons.gov.uk/businessindustryandtrade/constructionindustry/bulletins/constructionoutputingreatbritain/october2025,2025-12-12;2024-12-12;2025-06-05;2025-09-04;2025-12-11;2025-09-17;2025-10-16,owner_reviewed_range,owner_reviewed,
LED-0273,data/phase3/processed/ASSUMPTION_CANDIDATES.csv,proposed_assumption,ASM-002,SRC-001;SRC-018;SRC-022;SRC-002,EVD-0009;EVD-0008;EVD-0099,Quanex FY2025 Form 10-K;Quanex FY2024 Q2 results release;Quanex FY2025 Q3 results release;Quanex Q4 and FY2025 results release,https://www.sec.gov/Archives/edgar/data/1423221/000142322125000100/nx-20251031.htm;https://www.sec.gov/Archives/edgar/data/1423221/000117184324003332/exh_991.htm;https://www.sec.gov/Archives/edgar/data/1423221/000117184325005746/exh_991.htm;https://www.sec.gov/Archives/edgar/data/1423221/000117184325007891/exh_991.htm,2025-12-12;2024-06-06;2025-09-04;2025-12-11,owner_reviewed_range,owner_reviewed,
LED-0274,data/phase3/processed/ASSUMPTION_CANDIDATES.csv,proposed_assumption,ASM-003,SRC-001;SRC-017;SRC-018;SRC-019;SRC-020;SRC-002,EVD-0007;EVD-0101;EVD-0013,Quanex FY2025 Form 10-K;Quanex FY2024 Q1 results release;Quanex FY2024 Q2 results release;Quanex FY2024 Q3 results release;Quanex FY2024 Q4 and full-year results release;Quanex Q4 and FY2025 results release,https://www.sec.gov/Archives/edgar/data/1423221/000142322125000100/nx-20251031.htm;https://investors.quanex.com/news-releases/news-release-details/quanex-building-products-announces-first-quarter-2024-results;https://www.sec.gov/Archives/edgar/data/1423221/000117184324003332/exh_991.htm;https://www.sec.gov/Archives/edgar/data/1423221/000117184324005085/exh_991.htm;https://www.sec.gov/Archives/edgar/data/1423221/000117184324006907/exh_991.htm;https://www.sec.gov/Archives/edgar/data/1423221/000117184325007891/exh_991.htm,2025-12-12;2024-03-07;2024-06-06;2024-09-05;2024-12-12;2025-12-11,owner_reviewed_range,owner_reviewed,
LED-0275,data/phase3/processed/ASSUMPTION_CANDIDATES.csv,proposed_assumption,ASM-004,SRC-001;SRC-017;SRC-018;SRC-019;SRC-020;SRC-002,EVD-0007;EVD-0101;EVD-0013,Quanex FY2025 Form 10-K;Quanex FY2024 Q1 results release;Quanex FY2024 Q2 results release;Quanex FY2024 Q3 results release;Quanex FY2024 Q4 and full-year results release;Quanex Q4 and FY2025 results release,https://www.sec.gov/Archives/edgar/data/1423221/000142322125000100/nx-20251031.htm;https://investors.quanex.com/news-releases/news-release-details/quanex-building-products-announces-first-quarter-2024-results;https://www.sec.gov/Archives/edgar/data/1423221/000117184324003332/exh_991.htm;https://www.sec.gov/Archives/edgar/data/1423221/000117184324005085/exh_991.htm;https://www.sec.gov/Archives/edgar/data/1423221/000117184324006907/exh_991.htm;https://www.sec.gov/Archives/edgar/data/1423221/000117184325007891/exh_991.htm,2025-12-12;2024-03-07;2024-06-06;2024-09-05;2024-12-12;2025-12-11,owner_reviewed_methodology,owner_reviewed,
LED-0276,data/phase3/processed/ASSUMPTION_CANDIDATES.csv,proposed_assumption,ASM-005,SRC-001;SRC-017;SRC-018;SRC-019;SRC-020;SRC-021;SRC-016;SRC-022;SRC-002,EVD-0103;EVD-0005,Quanex FY2025 Form 10-K;Quanex FY2024 Q1 results release;Quanex FY2024 Q2 results release;Quanex FY2024 Q3 results release;Quanex FY2024 Q4 and full-year results release;Quanex FY2025 Q1 results release;Quanex FY2025 Q2 results release and covenant clarification;Quanex FY2025 Q3 results release;Quanex Q4 and FY2025 results release,https://www.sec.gov/Archives/edgar/data/1423221/000142322125000100/nx-20251031.htm;https://investors.quanex.com/news-releases/news-release-details/quanex-building-products-announces-first-quarter-2024-results;https://www.sec.gov/Archives/edgar/data/1423221/000117184324003332/exh_991.htm;https://www.sec.gov/Archives/edgar/data/1423221/000117184324005085/exh_991.htm;https://www.sec.gov/Archives/edgar/data/1423221/000117184324006907/exh_991.htm;https://investors.quanex.com/news-releases/news-release-details/quanex-building-products-announces-first-quarter-2025-results;https://www.sec.gov/Archives/edgar/data/1423221/000117184325003726/exh_991.htm;https://www.sec.gov/Archives/edgar/data/1423221/000117184325005746/exh_991.htm;https://www.sec.gov/Archives/edgar/data/1423221/000117184325007891/exh_991.htm,2025-12-12;2024-03-07;2024-06-06;2024-09-05;2024-12-12;2025-03-10;2025-06-05;2025-09-04;2025-12-11,owner_reviewed_range,owner_reviewed,
LED-0277,data/phase3/processed/ASSUMPTION_CANDIDATES.csv,proposed_assumption,ASM-006,SRC-001;SRC-017;SRC-018;SRC-019;SRC-020;SRC-021;SRC-016;SRC-022;SRC-002,EVD-0103;EVD-0005,Quanex FY2025 Form 10-K;Quanex FY2024 Q1 results release;Quanex FY2024 Q2 results release;Quanex FY2024 Q3 results release;Quanex FY2024 Q4 and full-year results release;Quanex FY2025 Q1 results release;Quanex FY2025 Q2 results release and covenant clarification;Quanex FY2025 Q3 results release;Quanex Q4 and FY2025 results release,https://www.sec.gov/Archives/edgar/data/1423221/000142322125000100/nx-20251031.htm;https://investors.quanex.com/news-releases/news-release-details/quanex-building-products-announces-first-quarter-2024-results;https://www.sec.gov/Archives/edgar/data/1423221/000117184324003332/exh_991.htm;https://www.sec.gov/Archives/edgar/data/1423221/000117184324005085/exh_991.htm;https://www.sec.gov/Archives/edgar/data/1423221/000117184324006907/exh_991.htm;https://investors.quanex.com/news-releases/news-release-details/quanex-building-products-announces-first-quarter-2025-results;https://www.sec.gov/Archives/edgar/data/1423221/000117184325003726/exh_991.htm;https://www.sec.gov/Archives/edgar/data/1423221/000117184325005746/exh_991.htm;https://www.sec.gov/Archives/edgar/data/1423221/000117184325007891/exh_991.htm,2025-12-12;2024-03-07;2024-06-06;2024-09-05;2024-12-12;2025-03-10;2025-06-05;2025-09-04;2025-12-11,owner_reviewed_range,owner_reviewed,
LED-0278,data/phase3/processed/ASSUMPTION_CANDIDATES.csv,proposed_assumption,ASM-007,SRC-001,EVD-0013,Quanex FY2025 Form 10-K,https://www.sec.gov/Archives/edgar/data/1423221/000142322125000100/nx-20251031.htm,2025-12-12,owner_reviewed_range,owner_reviewed,
LED-0279,data/phase3/processed/ASSUMPTION_CANDIDATES.csv,proposed_assumption,ASM-008,SRC-001;SRC-002;SRC-022,EVD-0100;EVD-0101;EVD-0105,Quanex FY2025 Form 10-K;Quanex Q4 and FY2025 results release;Quanex FY2025 Q3 results release,https://www.sec.gov/Archives/edgar/data/1423221/000142322125000100/nx-20251031.htm;https://www.sec.gov/Archives/edgar/data/1423221/000117184325007891/exh_991.htm;https://www.sec.gov/Archives/edgar/data/1423221/000117184325005746/exh_991.htm,2025-12-12;2025-12-11;2025-09-04,owner_reviewed_range,owner_reviewed,
LED-0280,data/phase3/processed/ASSUMPTION_CANDIDATES.csv,proposed_assumption,ASM-009,SRC-001;SRC-002,EVD-0107;EVD-0102,Quanex FY2025 Form 10-K;Quanex Q4 and FY2025 results release,https://www.sec.gov/Archives/edgar/data/1423221/000142322125000100/nx-20251031.htm;https://www.sec.gov/Archives/edgar/data/1423221/000117184325007891/exh_991.htm,2025-12-12;2025-12-11,owner_reviewed_range,owner_reviewed,
LED-0281,data/phase3/processed/ASSUMPTION_CANDIDATES.csv,proposed_assumption,ASM-010,SRC-001;SRC-002,EVD-0104,Quanex FY2025 Form 10-K;Quanex Q4 and FY2025 results release,https://www.sec.gov/Archives/edgar/data/1423221/000142322125000100/nx-20251031.htm;https://www.sec.gov/Archives/edgar/data/1423221/000117184325007891/exh_991.htm,2025-12-12;2025-12-11,owner_reviewed_range,owner_reviewed,
LED-0282,data/phase3/processed/ASSUMPTION_CANDIDATES.csv,proposed_assumption,ASM-011,SRC-001;SRC-002,EVD-0104,Quanex FY2025 Form 10-K;Quanex Q4 and FY2025 results release,https://www.sec.gov/Archives/edgar/data/1423221/000142322125000100/nx-20251031.htm;https://www.sec.gov/Archives/edgar/data/1423221/000117184325007891/exh_991.htm,2025-12-12;2025-12-11,owner_reviewed_range,owner_reviewed,
LED-0283,data/phase3/processed/ASSUMPTION_CANDIDATES.csv,proposed_assumption,ASM-012,SRC-001;SRC-003;SRC-016,EVD-0104,Quanex FY2025 Form 10-K;Amendment No. 1 with conformed Second Amended and Restated Credit Agreement;Quanex FY2025 Q2 results release and covenant clarification,https://www.sec.gov/Archives/edgar/data/1423221/000142322125000100/nx-20251031.htm;https://www.sec.gov/Archives/edgar/data/1423221/000110465924071335/tm2417183d1_ex10-1.htm;https://www.sec.gov/Archives/edgar/data/1423221/000117184325003726/exh_991.htm,2025-12-12;2024-06-13;2025-06-05,owner_reviewed_methodology,owner_reviewed,
LED-0284,data/phase3/processed/ASSUMPTION_CANDIDATES.csv,proposed_assumption,ASM-013,SRC-001;SRC-025,EVD-0003;EVD-0014;EVD-0120,Quanex FY2025 Form 10-K;Construction output in Great Britain: October 2025,https://www.sec.gov/Archives/edgar/data/1423221/000142322125000100/nx-20251031.htm;https://www.ons.gov.uk/businessindustryandtrade/constructionindustry/bulletins/constructionoutputingreatbritain/october2025,2025-12-12,pending_information,owner_reviewed,
LED-0285,data/phase3/processed/ASSUMPTION_CANDIDATES.csv,proposed_assumption,ASM-014,SRC-001,EVD-0106,Quanex FY2025 Form 10-K,https://www.sec.gov/Archives/edgar/data/1423221/000142322125000100/nx-20251031.htm,2025-12-12,owner_reviewed_methodology,owner_reviewed,
LED-0286,data/phase3/processed/ASSUMPTION_CANDIDATES.csv,proposed_assumption,ASM-015,SRC-001,EVD-0108;EVD-0109;EVD-0110;EVD-0111;EVD-0112;EVD-0113,Quanex FY2025 Form 10-K,https://www.sec.gov/Archives/edgar/data/1423221/000142322125000100/nx-20251031.htm,2025-12-12,pending_information,owner_reviewed,
LED-0287,data/phase3/processed/ASSUMPTION_CANDIDATES.csv,proposed_assumption,ASM-016,SRC-001,EVD-0108;EVD-0109;EVD-0110;EVD-0111;EVD-0112;EVD-0113,Quanex FY2025 Form 10-K,https://www.sec.gov/Archives/edgar/data/1423221/000142322125000100/nx-20251031.htm,2025-12-12,pending_information,owner_reviewed,
LED-0288,data/phase3/processed/SCENARIO_DRIVER_CANDIDATES.csv,proposed_scenario,SCN-001,SRC-001;SRC-020;SRC-016;SRC-022;SRC-002;SRC-023;SRC-024;SRC-025,EVD-0114;EVD-0116;EVD-0118;EVD-0120;EVD-0099,"Quanex FY2025 Form 10-K;Quanex FY2024 Q4 and full-year results release;Quanex FY2025 Q2 results release and covenant clarification;Quanex FY2025 Q3 results release;Quanex Q4 and FY2025 results release;Monthly New Residential Construction, August 2025;Remodeling Expected to Continue Slow but Steady Growth Into Next Year;Construction output in Great Britain: October 2025",https://www.sec.gov/Archives/edgar/data/1423221/000142322125000100/nx-20251031.htm;https://www.sec.gov/Archives/edgar/data/1423221/000117184324006907/exh_991.htm;https://www.sec.gov/Archives/edgar/data/1423221/000117184325003726/exh_991.htm;https://www.sec.gov/Archives/edgar/data/1423221/000117184325005746/exh_991.htm;https://www.sec.gov/Archives/edgar/data/1423221/000117184325007891/exh_991.htm;https://www.census.gov/construction/nrc/pdf/newresconst_202508.pdf;https://www.jchs.harvard.edu/blog/remodeling-expected-continue-slow-steady-growth-next-year;https://www.ons.gov.uk/businessindustryandtrade/constructionindustry/bulletins/constructionoutputingreatbritain/october2025,2025-12-12;2024-12-12;2025-06-05;2025-09-04;2025-12-11;2025-09-17;2025-10-16,owner_reviewed_range,owner_reviewed,Borrower experienced an 8.7% quarterly decline and 5.0% legacy annual decline; severe range is plausible but not directly observed in post-Tyman history.
LED-0289,data/phase3/processed/SCENARIO_DRIVER_CANDIDATES.csv,proposed_scenario,SCN-002,SRC-001;SRC-017;SRC-018;SRC-019;SRC-020;SRC-002,EVD-0007;EVD-0101;EVD-0013,Quanex FY2025 Form 10-K;Quanex FY2024 Q1 results release;Quanex FY2024 Q2 results release;Quanex FY2024 Q3 results release;Quanex FY2024 Q4 and full-year results release;Quanex Q4 and FY2025 results release,https://www.sec.gov/Archives/edgar/data/1423221/000142322125000100/nx-20251031.htm;https://investors.quanex.com/news-releases/news-release-details/quanex-building-products-announces-first-quarter-2024-results;https://www.sec.gov/Archives/edgar/data/1423221/000117184324003332/exh_991.htm;https://www.sec.gov/Archives/edgar/data/1423221/000117184324005085/exh_991.htm;https://www.sec.gov/Archives/edgar/data/1423221/000117184324006907/exh_991.htm;https://www.sec.gov/Archives/edgar/data/1423221/000117184325007891/exh_991.htm,2025-12-12;2024-03-07;2024-06-06;2024-09-05;2024-12-12;2025-12-11,owner_reviewed_range,owner_reviewed,"Ranges are hypotheses anchored to a 550-590 bp quarterly gross-margin span, not a statistical elasticity."
LED-0290,data/phase3/processed/SCENARIO_DRIVER_CANDIDATES.csv,proposed_scenario,SCN-003,SRC-001;SRC-017;SRC-018;SRC-019;SRC-020;SRC-021;SRC-016;SRC-022;SRC-002,EVD-0103;EVD-0005,Quanex FY2025 Form 10-K;Quanex FY2024 Q1 results release;Quanex FY2024 Q2 results release;Quanex FY2024 Q3 results release;Quanex FY2024 Q4 and full-year results release;Quanex FY2025 Q1 results release;Quanex FY2025 Q2 results release and covenant clarification;Quanex FY2025 Q3 results release;Quanex Q4 and FY2025 results release,https://www.sec.gov/Archives/edgar/data/1423221/000142322125000100/nx-20251031.htm;https://investors.quanex.com/news-releases/news-release-details/quanex-building-products-announces-first-quarter-2024-results;https://www.sec.gov/Archives/edgar/data/1423221/000117184324003332/exh_991.htm;https://www.sec.gov/Archives/edgar/data/1423221/000117184324005085/exh_991.htm;https://www.sec.gov/Archives/edgar/data/1423221/000117184324006907/exh_991.htm;https://investors.quanex.com/news-releases/news-release-details/quanex-building-products-announces-first-quarter-2025-results;https://www.sec.gov/Archives/edgar/data/1423221/000117184325003726/exh_991.htm;https://www.sec.gov/Archives/edgar/data/1423221/000117184325005746/exh_991.htm;https://www.sec.gov/Archives/edgar/data/1423221/000117184325007891/exh_991.htm,2025-12-12;2024-03-07;2024-06-06;2024-09-05;2024-12-12;2025-03-10;2025-06-05;2025-09-04;2025-12-11,owner_reviewed_range,owner_reviewed,Five days is material against a 40-43-day base; 15 days is severe and requires explicit customer/collection mechanism.
LED-0291,data/phase3/processed/SCENARIO_DRIVER_CANDIDATES.csv,proposed_scenario,SCN-004,SRC-001;SRC-017;SRC-018;SRC-019;SRC-020;SRC-021;SRC-016;SRC-022;SRC-002,EVD-0103;EVD-0005,Quanex FY2025 Form 10-K;Quanex FY2024 Q1 results release;Quanex FY2024 Q2 results release;Quanex FY2024 Q3 results release;Quanex FY2024 Q4 and full-year results release;Quanex FY2025 Q1 results release;Quanex FY2025 Q2 results release and covenant clarification;Quanex FY2025 Q3 results release;Quanex Q4 and FY2025 results release,https://www.sec.gov/Archives/edgar/data/1423221/000142322125000100/nx-20251031.htm;https://investors.quanex.com/news-releases/news-release-details/quanex-building-products-announces-first-quarter-2024-results;https://www.sec.gov/Archives/edgar/data/1423221/000117184324003332/exh_991.htm;https://www.sec.gov/Archives/edgar/data/1423221/000117184324005085/exh_991.htm;https://www.sec.gov/Archives/edgar/data/1423221/000117184324006907/exh_991.htm;https://investors.quanex.com/news-releases/news-release-details/quanex-building-products-announces-first-quarter-2025-results;https://www.sec.gov/Archives/edgar/data/1423221/000117184325003726/exh_991.htm;https://www.sec.gov/Archives/edgar/data/1423221/000117184325005746/exh_991.htm;https://www.sec.gov/Archives/edgar/data/1423221/000117184325007891/exh_991.htm,2025-12-12;2024-03-07;2024-06-06;2024-09-05;2024-12-12;2025-03-10;2025-06-05;2025-09-04;2025-12-11,owner_reviewed_range,owner_reviewed,Ten and 25 days are material relative to 70-75-day base and test reversal of FY2024-FY2025 inventory cash releases.
LED-0292,data/phase3/processed/SCENARIO_DRIVER_CANDIDATES.csv,proposed_scenario,SCN-005,SRC-001;SRC-002;SRC-022,EVD-0100;EVD-0101;EVD-0105,Quanex FY2025 Form 10-K;Quanex Q4 and FY2025 results release;Quanex FY2025 Q3 results release,https://www.sec.gov/Archives/edgar/data/1423221/000142322125000100/nx-20251031.htm;https://www.sec.gov/Archives/edgar/data/1423221/000117184325007891/exh_991.htm;https://www.sec.gov/Archives/edgar/data/1423221/000117184325005746/exh_991.htm,2025-12-12;2025-12-11;2025-09-04,owner_reviewed_range,owner_reviewed,Management expected stabilization in FY2026 H1; these ranges test slippage beyond that claim.
LED-0293,data/phase3/processed/SCENARIO_DRIVER_CANDIDATES.csv,proposed_scenario,SCN-006,SRC-001;SRC-003;SRC-016,EVD-0104,Quanex FY2025 Form 10-K;Amendment No. 1 with conformed Second Amended and Restated Credit Agreement;Quanex FY2025 Q2 results release and covenant clarification,https://www.sec.gov/Archives/edgar/data/1423221/000142322125000100/nx-20251031.htm;https://www.sec.gov/Archives/edgar/data/1423221/000110465924071335/tm2417183d1_ex10-1.htm;https://www.sec.gov/Archives/edgar/data/1423221/000117184325003726/exh_991.htm,2025-12-12;2024-06-13;2025-06-05,owner_reviewed_range,owner_reviewed,"Contract is floating-rate; magnitude is an architecture hypothesis, not a rate forecast."
LED-0294,data/phase3/processed/SCENARIO_DRIVER_CANDIDATES.csv,proposed_scenario,SCN-007,SRC-001;SRC-002,EVD-0104,Quanex FY2025 Form 10-K;Quanex Q4 and FY2025 results release,https://www.sec.gov/Archives/edgar/data/1423221/000142322125000100/nx-20251031.htm;https://www.sec.gov/Archives/edgar/data/1423221/000117184325007891/exh_991.htm,2025-12-12;2025-12-11,owner_reviewed_methodology,owner_reviewed,"No discretionary distributions remains a potential severe-case mitigation, not part of unmitigated stress."
LED-0295,data/phase3/processed/SCENARIO_DRIVER_CANDIDATES.csv,proposed_scenario,SCN-008,SRC-001,EVD-0013,Quanex FY2025 Form 10-K,https://www.sec.gov/Archives/edgar/data/1423221/000142322125000100/nx-20251031.htm,2025-12-12,pending_information,owner_reviewed,"Maintenance split is unavailable, so numeric reduction is intentionally unresolved."
LED-0296,data/phase3/processed/SCENARIO_DRIVER_CANDIDATES.csv,proposed_scenario,SCN-009,SRC-001,EVD-0108;EVD-0109;EVD-0110;EVD-0111;EVD-0112;EVD-0113,Quanex FY2025 Form 10-K,https://www.sec.gov/Archives/edgar/data/1423221/000142322125000100/nx-20251031.htm,2025-12-12,pending_information,owner_reviewed,Numeric ranges remain unresolved; no missing component may default to zero or serve as a funding plug.
LED-0297,data/phase3/processed/MITIGATION_REGISTER.csv,proposed_mitigation,MIT-001,SRC-001;SRC-002,EVD-0104,Quanex FY2025 Form 10-K;Quanex Q4 and FY2025 results release,https://www.sec.gov/Archives/edgar/data/1423221/000142322125000100/nx-20251031.htm;https://www.sec.gov/Archives/edgar/data/1423221/000117184325007891/exh_991.htm,2025-12-12;2025-12-11,owner_reviewed_methodology,owner_reviewed,"Owner reviewed the classification, not feasibility or amount. The benefit must be quantified incrementally only in a separately disclosed mitigated case; both unmitigated cases retain selected base distributions and other policies."
LED-0298,data/phase3/processed/MITIGATION_REGISTER.csv,proposed_mitigation,MIT-002,SRC-001;SRC-002,EVD-0104,Quanex FY2025 Form 10-K;Quanex Q4 and FY2025 results release,https://www.sec.gov/Archives/edgar/data/1423221/000142322125000100/nx-20251031.htm;https://www.sec.gov/Archives/edgar/data/1423221/000117184325007891/exh_991.htm,2025-12-12;2025-12-11,owner_reviewed_methodology,owner_reviewed,"Owner reviewed the classification, not feasibility or amount. The benefit must be quantified incrementally only in a separately disclosed mitigated case; both unmitigated cases retain selected base distributions and other policies."
LED-0299,data/phase3/processed/MITIGATION_REGISTER.csv,proposed_mitigation,MIT-003,SRC-001,EVD-0013,Quanex FY2025 Form 10-K,https://www.sec.gov/Archives/edgar/data/1423221/000142322125000100/nx-20251031.htm,2025-12-12,owner_reviewed_methodology,owner_reviewed,"Owner reviewed the classification, not feasibility or amount. The benefit must be quantified incrementally only in a separately disclosed mitigated case; both unmitigated cases retain selected base distributions and other policies."
LED-0300,data/phase3/processed/MITIGATION_REGISTER.csv,proposed_mitigation,MIT-004,SRC-001;SRC-017;SRC-018;SRC-019;SRC-020;SRC-021;SRC-016;SRC-022;SRC-002,EVD-0103;EVD-0005,Quanex FY2025 Form 10-K;Quanex FY2024 Q1 results release;Quanex FY2024 Q2 results release;Quanex FY2024 Q3 results release;Quanex FY2024 Q4 and full-year results release;Quanex FY2025 Q1 results release;Quanex FY2025 Q2 results release and covenant clarification;Quanex FY2025 Q3 results release;Quanex Q4 and FY2025 results release,https://www.sec.gov/Archives/edgar/data/1423221/000142322125000100/nx-20251031.htm;https://investors.quanex.com/news-releases/news-release-details/quanex-building-products-announces-first-quarter-2024-results;https://www.sec.gov/Archives/edgar/data/1423221/000117184324003332/exh_991.htm;https://www.sec.gov/Archives/edgar/data/1423221/000117184324005085/exh_991.htm;https://www.sec.gov/Archives/edgar/data/1423221/000117184324006907/exh_991.htm;https://investors.quanex.com/news-releases/news-release-details/quanex-building-products-announces-first-quarter-2025-results;https://www.sec.gov/Archives/edgar/data/1423221/000117184325003726/exh_991.htm;https://www.sec.gov/Archives/edgar/data/1423221/000117184325005746/exh_991.htm;https://www.sec.gov/Archives/edgar/data/1423221/000117184325007891/exh_991.htm,2025-12-12;2024-03-07;2024-06-06;2024-09-05;2024-12-12;2025-03-10;2025-06-05;2025-09-04;2025-12-11,owner_reviewed_methodology,owner_reviewed,"Owner reviewed the classification, not feasibility or amount. The benefit must be quantified incrementally only in a separately disclosed mitigated case; both unmitigated cases retain selected base distributions and other policies."
LED-0301,data/phase3/processed/MITIGATION_REGISTER.csv,proposed_mitigation,MIT-005,SRC-001;SRC-018;SRC-022;SRC-002,EVD-0009;EVD-0008;EVD-0099,Quanex FY2025 Form 10-K;Quanex FY2024 Q2 results release;Quanex FY2025 Q3 results release;Quanex Q4 and FY2025 results release,https://www.sec.gov/Archives/edgar/data/1423221/000142322125000100/nx-20251031.htm;https://www.sec.gov/Archives/edgar/data/1423221/000117184324003332/exh_991.htm;https://www.sec.gov/Archives/edgar/data/1423221/000117184325005746/exh_991.htm;https://www.sec.gov/Archives/edgar/data/1423221/000117184325007891/exh_991.htm,2025-12-12;2024-06-06;2025-09-04;2025-12-11,owner_reviewed_methodology,owner_reviewed,"Owner reviewed the classification, not feasibility or amount. The benefit must be quantified incrementally only in a separately disclosed mitigated case; both unmitigated cases retain selected base distributions and other policies."
LED-0302,data/phase3/processed/MITIGATION_REGISTER.csv,proposed_mitigation,MIT-006,SRC-001;SRC-017;SRC-018;SRC-019;SRC-020;SRC-002;SRC-022,EVD-0007;EVD-0101;EVD-0013;EVD-0100;EVD-0105;EVD-0107;EVD-0102,Quanex FY2025 Form 10-K;Quanex FY2024 Q1 results release;Quanex FY2024 Q2 results release;Quanex FY2024 Q3 results release;Quanex FY2024 Q4 and full-year results release;Quanex Q4 and FY2025 results release;Quanex FY2025 Q3 results release,https://www.sec.gov/Archives/edgar/data/1423221/000142322125000100/nx-20251031.htm;https://investors.quanex.com/news-releases/news-release-details/quanex-building-products-announces-first-quarter-2024-results;https://www.sec.gov/Archives/edgar/data/1423221/000117184324003332/exh_991.htm;https://www.sec.gov/Archives/edgar/data/1423221/000117184324005085/exh_991.htm;https://www.sec.gov/Archives/edgar/data/1423221/000117184324006907/exh_991.htm;https://www.sec.gov/Archives/edgar/data/1423221/000117184325007891/exh_991.htm;https://www.sec.gov/Archives/edgar/data/1423221/000117184325005746/exh_991.htm,2025-12-12;2024-03-07;2024-06-06;2024-09-05;2024-12-12;2025-12-11;2025-09-04,owner_reviewed_methodology,owner_reviewed,"Owner reviewed the classification, not feasibility or amount. The benefit must be quantified incrementally only in a separately disclosed mitigated case; both unmitigated cases retain selected base distributions and other policies."
LED-0303,data/phase3/processed/MITIGATION_REGISTER.csv,proposed_mitigation,MIT-007,SRC-001;SRC-003;SRC-016,EVD-0104,Quanex FY2025 Form 10-K;Amendment No. 1 with conformed Second Amended and Restated Credit Agreement;Quanex FY2025 Q2 results release and covenant clarification,https://www.sec.gov/Archives/edgar/data/1423221/000142322125000100/nx-20251031.htm;https://www.sec.gov/Archives/edgar/data/1423221/000110465924071335/tm2417183d1_ex10-1.htm;https://www.sec.gov/Archives/edgar/data/1423221/000117184325003726/exh_991.htm,2025-12-12;2024-06-13;2025-06-05,owner_reviewed_methodology,owner_reviewed,"Owner reviewed the classification, not feasibility or amount. The benefit must be quantified incrementally only in a separately disclosed mitigated case; both unmitigated cases retain selected base distributions and other policies."
LED-0304,data/phase3/processed/MITIGATION_REGISTER.csv,proposed_mitigation,MIT-008,SRC-001;SRC-025;SRC-003;SRC-016,EVD-0003;EVD-0014;EVD-0120;EVD-0104,Quanex FY2025 Form 10-K;Construction output in Great Britain: October 2025;Amendment No. 1 with conformed Second Amended and Restated Credit Agreement;Quanex FY2025 Q2 results release and covenant clarification,https://www.sec.gov/Archives/edgar/data/1423221/000142322125000100/nx-20251031.htm;https://www.ons.gov.uk/businessindustryandtrade/constructionindustry/bulletins/constructionoutputingreatbritain/october2025;https://www.sec.gov/Archives/edgar/data/1423221/000110465924071335/tm2417183d1_ex10-1.htm;https://www.sec.gov/Archives/edgar/data/1423221/000117184325003726/exh_991.htm,2025-12-12;2024-06-13;2025-06-05,owner_reviewed_methodology,owner_reviewed,"Owner reviewed the classification, not feasibility or amount. The benefit must be quantified incrementally only in a separately disclosed mitigated case; both unmitigated cases retain selected base distributions and other policies."
LED-0305,data/phase3/processed/INFORMATION_GAPS.csv,information_gap,GAP-001,SRC-003,,Amendment No. 1 with conformed Second Amended and Restated Credit Agreement,https://www.sec.gov/Archives/edgar/data/1423221/000110465924071335/tm2417183d1_ex10-1.htm,2024-06-13,pending_information,pending_owner_approval,Private or closing-date information must not be replaced by an unsupported assumption.
LED-0306,data/phase3/processed/INFORMATION_GAPS.csv,information_gap,GAP-002,SRC-003,,Amendment No. 1 with conformed Second Amended and Restated Credit Agreement,https://www.sec.gov/Archives/edgar/data/1423221/000110465924071335/tm2417183d1_ex10-1.htm,2024-06-13,pending_information,pending_owner_approval,Private or closing-date information must not be replaced by an unsupported assumption.
LED-0307,data/phase3/processed/INFORMATION_GAPS.csv,information_gap,GAP-003,SRC-003,,Amendment No. 1 with conformed Second Amended and Restated Credit Agreement,https://www.sec.gov/Archives/edgar/data/1423221/000110465924071335/tm2417183d1_ex10-1.htm,2024-06-13,pending_information,pending_owner_approval,Private or closing-date information must not be replaced by an unsupported assumption.
LED-0308,data/phase3/processed/INFORMATION_GAPS.csv,information_gap,GAP-004,SRC-003;SRC-001,,Amendment No. 1 with conformed Second Amended and Restated Credit Agreement;Quanex FY2025 Form 10-K,https://www.sec.gov/Archives/edgar/data/1423221/000110465924071335/tm2417183d1_ex10-1.htm;https://www.sec.gov/Archives/edgar/data/1423221/000142322125000100/nx-20251031.htm,2024-06-13;2025-12-12,pending_information,pending_owner_approval,Private or closing-date information must not be replaced by an unsupported assumption.
LED-0309,data/phase3/processed/INFORMATION_GAPS.csv,information_gap,GAP-005,SRC-003;SRC-016,,Amendment No. 1 with conformed Second Amended and Restated Credit Agreement;Quanex FY2025 Q2 results release and covenant clarification,https://www.sec.gov/Archives/edgar/data/1423221/000110465924071335/tm2417183d1_ex10-1.htm;https://www.sec.gov/Archives/edgar/data/1423221/000117184325003726/exh_991.htm,2024-06-13;2025-06-05,pending_information,pending_owner_approval,Private or closing-date information must not be replaced by an unsupported assumption.
LED-0310,data/phase3/processed/INFORMATION_GAPS.csv,information_gap,GAP-006,SRC-003;SRC-016,,Amendment No. 1 with conformed Second Amended and Restated Credit Agreement;Quanex FY2025 Q2 results release and covenant clarification,https://www.sec.gov/Archives/edgar/data/1423221/000110465924071335/tm2417183d1_ex10-1.htm;https://www.sec.gov/Archives/edgar/data/1423221/000117184325003726/exh_991.htm,2024-06-13;2025-06-05,pending_information,pending_owner_approval,Private or closing-date information must not be replaced by an unsupported assumption.
LED-0311,data/phase3/processed/INFORMATION_GAPS.csv,information_gap,GAP-007,SRC-003,,Amendment No. 1 with conformed Second Amended and Restated Credit Agreement,https://www.sec.gov/Archives/edgar/data/1423221/000110465924071335/tm2417183d1_ex10-1.htm,2024-06-13,pending_information,pending_owner_approval,Private or closing-date information must not be replaced by an unsupported assumption.
LED-0312,data/phase3/processed/INFORMATION_GAPS.csv,information_gap,GAP-008,SRC-001;SRC-002,,Quanex FY2025 Form 10-K;Quanex Q4 and FY2025 results release,https://www.sec.gov/Archives/edgar/data/1423221/000142322125000100/nx-20251031.htm;https://www.sec.gov/Archives/edgar/data/1423221/000117184325007891/exh_991.htm,2025-12-12;2025-12-11,pending_information,pending_owner_approval,Private or closing-date information must not be replaced by an unsupported assumption.
LED-0313,data/phase3/processed/INFORMATION_GAPS.csv,information_gap,GAP-009,SRC-001;SRC-003,,Quanex FY2025 Form 10-K;Amendment No. 1 with conformed Second Amended and Restated Credit Agreement,https://www.sec.gov/Archives/edgar/data/1423221/000142322125000100/nx-20251031.htm;https://www.sec.gov/Archives/edgar/data/1423221/000110465924071335/tm2417183d1_ex10-1.htm,2025-12-12;2024-06-13,pending_information,pending_owner_approval,Private or closing-date information must not be replaced by an unsupported assumption.
LED-0314,data/phase3/processed/INFORMATION_GAPS.csv,information_gap,GAP-010,SRC-001,,Quanex FY2025 Form 10-K,https://www.sec.gov/Archives/edgar/data/1423221/000142322125000100/nx-20251031.htm,2025-12-12,pending_information,pending_owner_approval,Private or closing-date information must not be replaced by an unsupported assumption.
LED-0315,data/phase3/processed/INFORMATION_GAPS.csv,information_gap,GAP-011,SRC-001,,Quanex FY2025 Form 10-K,https://www.sec.gov/Archives/edgar/data/1423221/000142322125000100/nx-20251031.htm,2025-12-12,pending_information,pending_owner_approval,Private or closing-date information must not be replaced by an unsupported assumption.
LED-0316,data/phase3/processed/INFORMATION_GAPS.csv,information_gap,GAP-012,SRC-002,,Quanex Q4 and FY2025 results release,https://www.sec.gov/Archives/edgar/data/1423221/000117184325007891/exh_991.htm,2025-12-11,pending_information,pending_owner_approval,Private or closing-date information must not be replaced by an unsupported assumption.
LED-0317,data/phase3/processed/INFORMATION_GAPS.csv,information_gap,GAP-013,SRC-001,,Quanex FY2025 Form 10-K,https://www.sec.gov/Archives/edgar/data/1423221/000142322125000100/nx-20251031.htm,2025-12-12,pending_information,pending_owner_approval,Private or closing-date information must not be replaced by an unsupported assumption.
LED-0318,data/phase3/processed/INFORMATION_GAPS.csv,information_gap,GAP-014,SRC-002;SRC-016,,Quanex Q4 and FY2025 results release;Quanex FY2025 Q2 results release and covenant clarification,https://www.sec.gov/Archives/edgar/data/1423221/000117184325007891/exh_991.htm;https://www.sec.gov/Archives/edgar/data/1423221/000117184325003726/exh_991.htm,2025-12-11;2025-06-05,pending_information,pending_owner_approval,Private or closing-date information must not be replaced by an unsupported assumption.
LED-0319,data/phase3/processed/INFORMATION_GAPS.csv,information_gap,GAP-015,SRC-001,,Quanex FY2025 Form 10-K,https://www.sec.gov/Archives/edgar/data/1423221/000142322125000100/nx-20251031.htm,2025-12-12,pending_information,pending_owner_approval,Private or closing-date information must not be replaced by an unsupported assumption.
