headroom_id,test_id,scenario_id,period_end,framework,metric,actual,threshold,ratio_or_amount_headroom,debt_headroom,break_even_ebitda,earnings_cushion,units,status,formula,source_ids,upstream_ids,review_status,limitations
P7H-00001,P7CT-0001,BASE,2026-01-31,proposed_contractual,gross_funded_leverage,3.228471664433044589605225788,3.5,0.271528335566955410394774212,61.18728125,207.8619196428571428571428571,,turns,compliant,ratio headroom = L - D/E; debt headroom = L*E - D; break-even EBITDA = D/L,SRC-001;SRC-002;SRC-003,P7CT-0001,owner_reviewed,N/D is reported when information is missing. N/M is reserved for a mathematically non-meaningful nonpositive denominator. Missing information is never converted to zero.
P7H-00002,P7CT-0001,BASE,2026-01-31,proposed_contractual,cash_interest_coverage,N/D,3,N/D,,,N/D,turns,not_determinable,coverage cushion = E - C*I,SRC-001;SRC-002;SRC-003,P7CT-0001,owner_reviewed,N/D is reported when information is missing. N/M is reserved for a mathematically non-meaningful nonpositive denominator. Missing information is never converted to zero.
P7H-00003,P7CT-0001,BASE,2026-01-31,proposed_contractual,usable_liquidity,263.90228125,50,213.90228125,,,,USD_millions,compliant,liquidity headroom = usable liquidity - minimum liquidity,SRC-001;SRC-002;SRC-003,P7CT-0001,owner_reviewed,N/D is reported when information is missing. N/M is reserved for a mathematically non-meaningful nonpositive denominator. Missing information is never converted to zero.
P7H-00004,P7CT-0001,BASE,2026-01-31,analyst_warning,analyst_leverage_warning,3.228471664433044589605225788,3.25,0.021528335566955410394774212,,,,turns,compliant,warning gap = warning threshold - D/E,SRC-001;SRC-002;SRC-003,P7CT-0001,owner_reviewed,N/D is reported when information is missing. N/M is reserved for a mathematically non-meaningful nonpositive denominator. Missing information is never converted to zero.
P7H-00005,P7CT-0002,BASE,2026-04-30,proposed_contractual,gross_funded_leverage,N/D,3.5,N/D,N/D,202.3123658077108251528428924,,turns,not_determinable,ratio headroom = L - D/E; debt headroom = L*E - D; break-even EBITDA = D/L,SRC-001;SRC-002;SRC-003,P7CT-0002,owner_reviewed,N/D is reported when information is missing. N/M is reserved for a mathematically non-meaningful nonpositive denominator. Missing information is never converted to zero.
P7H-00006,P7CT-0002,BASE,2026-04-30,proposed_contractual,cash_interest_coverage,N/D,3,N/D,,,N/D,turns,not_determinable,coverage cushion = E - C*I,SRC-001;SRC-002;SRC-003,P7CT-0002,owner_reviewed,N/D is reported when information is missing. N/M is reserved for a mathematically non-meaningful nonpositive denominator. Missing information is never converted to zero.
P7H-00007,P7CT-0002,BASE,2026-04-30,proposed_contractual,usable_liquidity,271.4194696730121119650498767,50,221.4194696730121119650498767,,,,USD_millions,compliant,liquidity headroom = usable liquidity - minimum liquidity,SRC-001;SRC-002;SRC-003,P7CT-0002,owner_reviewed,N/D is reported when information is missing. N/M is reserved for a mathematically non-meaningful nonpositive denominator. Missing information is never converted to zero.
P7H-00008,P7CT-0002,BASE,2026-04-30,analyst_warning,analyst_leverage_warning,N/D,3.25,N/D,,,,turns,not_determinable,warning gap = warning threshold - D/E,SRC-001;SRC-002;SRC-003,P7CT-0002,owner_reviewed,N/D is reported when information is missing. N/M is reserved for a mathematically non-meaningful nonpositive denominator. Missing information is never converted to zero.
P7H-00009,P7CT-0003,BASE,2026-07-31,proposed_contractual,gross_funded_leverage,N/D,3.5,N/D,N/D,196.6997853479772592469285647,,turns,not_determinable,ratio headroom = L - D/E; debt headroom = L*E - D; break-even EBITDA = D/L,SRC-001;SRC-002;SRC-003,P7CT-0003,owner_reviewed,N/D is reported when information is missing. N/M is reserved for a mathematically non-meaningful nonpositive denominator. Missing information is never converted to zero.
P7H-00010,P7CT-0003,BASE,2026-07-31,proposed_contractual,cash_interest_coverage,N/D,3,N/D,,,N/D,turns,not_determinable,coverage cushion = E - C*I,SRC-001;SRC-002;SRC-003,P7CT-0003,owner_reviewed,N/D is reported when information is missing. N/M is reserved for a mathematically non-meaningful nonpositive denominator. Missing information is never converted to zero.
P7H-00011,P7CT-0003,BASE,2026-07-31,proposed_contractual,usable_liquidity,279.1572512820795926357500235,50,229.1572512820795926357500235,,,,USD_millions,compliant,liquidity headroom = usable liquidity - minimum liquidity,SRC-001;SRC-002;SRC-003,P7CT-0003,owner_reviewed,N/D is reported when information is missing. N/M is reserved for a mathematically non-meaningful nonpositive denominator. Missing information is never converted to zero.
P7H-00012,P7CT-0003,BASE,2026-07-31,analyst_warning,analyst_leverage_warning,N/D,3.25,N/D,,,,turns,not_determinable,warning gap = warning threshold - D/E,SRC-001;SRC-002;SRC-003,P7CT-0003,owner_reviewed,N/D is reported when information is missing. N/M is reserved for a mathematically non-meaningful nonpositive denominator. Missing information is never converted to zero.
P7H-00013,P7CT-0004,BASE,2026-10-31,proposed_contractual,gross_funded_leverage,3.005542938804458834451367297,3.5,0.494457061195541165548632703,109.9047810699616466539823252,190.8722947185679830988621926,,turns,compliant,ratio headroom = L - D/E; debt headroom = L*E - D; break-even EBITDA = D/L,SRC-001;SRC-002;SRC-003,P7CT-0004,owner_reviewed,N/D is reported when information is missing. N/M is reserved for a mathematically non-meaningful nonpositive denominator. Missing information is never converted to zero.
P7H-00014,P7CT-0004,BASE,2026-10-31,proposed_contractual,cash_interest_coverage,N/D,3,N/D,,,N/D,turns,not_determinable,coverage cushion = E - C*I,SRC-001;SRC-002;SRC-003,P7CT-0004,owner_reviewed,N/D is reported when information is missing. N/M is reserved for a mathematically non-meaningful nonpositive denominator. Missing information is never converted to zero.
P7H-00015,P7CT-0004,BASE,2026-10-31,proposed_contractual,usable_liquidity,287.6472184850120591539823259,50,237.6472184850120591539823259,,,,USD_millions,compliant,liquidity headroom = usable liquidity - minimum liquidity,SRC-001;SRC-002;SRC-003,P7CT-0004,owner_reviewed,N/D is reported when information is missing. N/M is reserved for a mathematically non-meaningful nonpositive denominator. Missing information is never converted to zero.
P7H-00016,P7CT-0004,BASE,2026-10-31,analyst_warning,analyst_leverage_warning,3.005542938804458834451367297,3.25,0.244457061195541165548632703,,,,turns,compliant,warning gap = warning threshold - D/E,SRC-001;SRC-002;SRC-003,P7CT-0004,owner_reviewed,N/D is reported when information is missing. N/M is reserved for a mathematically non-meaningful nonpositive denominator. Missing information is never converted to zero.
P7H-00017,P7CT-0005,BASE,2027-01-31,proposed_contractual,gross_funded_leverage,3.010900117745100553008330918,3.5,0.489099882254899446991669082,108.7136297097105459681959148,191.2118230530469419491738817,,turns,compliant,ratio headroom = L - D/E; debt headroom = L*E - D; break-even EBITDA = D/L,SRC-001;SRC-002;SRC-003,P7CT-0005,owner_reviewed,N/D is reported when information is missing. N/M is reserved for a mathematically non-meaningful nonpositive denominator. Missing information is never converted to zero.
P7H-00018,P7CT-0005,BASE,2027-01-31,proposed_contractual,cash_interest_coverage,5.385958143510740202126050031,3,2.385958143510740202126050031,,,98.465997420890107402735056,turns,compliant,coverage cushion = E - C*I,SRC-001;SRC-002;SRC-003,P7CT-0005,owner_reviewed,N/D is reported when information is missing. N/M is reserved for a mathematically non-meaningful nonpositive denominator. Missing information is never converted to zero.
P7H-00019,P7CT-0005,BASE,2027-01-31,proposed_contractual,usable_liquidity,274.5526193143357031778914142,50,224.5526193143357031778914142,,,,USD_millions,compliant,liquidity headroom = usable liquidity - minimum liquidity,SRC-001;SRC-002;SRC-003,P7CT-0005,owner_reviewed,N/D is reported when information is missing. N/M is reserved for a mathematically non-meaningful nonpositive denominator. Missing information is never converted to zero.
P7H-00020,P7CT-0005,BASE,2027-01-31,analyst_warning,analyst_leverage_warning,3.010900117745100553008330918,3.25,0.239099882254899446991669082,,,,turns,compliant,warning gap = warning threshold - D/E,SRC-001;SRC-002;SRC-003,P7CT-0005,owner_reviewed,N/D is reported when information is missing. N/M is reserved for a mathematically non-meaningful nonpositive denominator. Missing information is never converted to zero.
P7H-00021,P7CT-0006,BASE,2027-04-30,proposed_contractual,gross_funded_leverage,2.915315401745110872919001337,3.5,0.584684598254889127080998663,129.9585942922017869861123215,185.1402534729303228069045665,,turns,compliant,ratio headroom = L - D/E; debt headroom = L*E - D; break-even EBITDA = D/L,SRC-001;SRC-002;SRC-003,P7CT-0006,owner_reviewed,N/D is reported when information is missing. N/M is reserved for a mathematically non-meaningful nonpositive denominator. Missing information is never converted to zero.
P7H-00022,P7CT-0006,BASE,2027-04-30,proposed_contractual,cash_interest_coverage,5.515852506012362591373772084,3,2.515852506012362591373772084,,,101.3808395408491483102106538,turns,compliant,coverage cushion = E - C*I,SRC-001;SRC-002;SRC-003,P7CT-0006,owner_reviewed,N/D is reported when information is missing. N/M is reserved for a mathematically non-meaningful nonpositive denominator. Missing information is never converted to zero.
P7H-00023,P7CT-0006,BASE,2027-04-30,proposed_contractual,usable_liquidity,283.8968628447438701758340171,50,233.8968628447438701758340171,,,,USD_millions,compliant,liquidity headroom = usable liquidity - minimum liquidity,SRC-001;SRC-002;SRC-003,P7CT-0006,owner_reviewed,N/D is reported when information is missing. N/M is reserved for a mathematically non-meaningful nonpositive denominator. Missing information is never converted to zero.
P7H-00024,P7CT-0006,BASE,2027-04-30,analyst_warning,analyst_leverage_warning,2.915315401745110872919001337,3.25,0.334684598254889127080998663,,,,turns,compliant,warning gap = warning threshold - D/E,SRC-001;SRC-002;SRC-003,P7CT-0006,owner_reviewed,N/D is reported when information is missing. N/M is reserved for a mathematically non-meaningful nonpositive denominator. Missing information is never converted to zero.
P7H-00025,P7CT-0007,BASE,2027-07-31,proposed_contractual,gross_funded_leverage,2.821840494743657547375663462,3.5,0.678159505256342452624336538,150.734307957078039800799591,179.2027521732889065706521452,,turns,compliant,ratio headroom = L - D/E; debt headroom = L*E - D; break-even EBITDA = D/L,SRC-001;SRC-002;SRC-003,P7CT-0007,owner_reviewed,N/D is reported when information is missing. N/M is reserved for a mathematically non-meaningful nonpositive denominator. Missing information is never converted to zero.
P7H-00026,P7CT-0007,BASE,2027-07-31,proposed_contractual,cash_interest_coverage,5.652596329943456315660689661,3,2.652596329943456315660689661,,,104.3045971994642298498317437,turns,compliant,coverage cushion = E - C*I,SRC-001;SRC-002;SRC-003,P7CT-0007,owner_reviewed,N/D is reported when information is missing. N/M is reserved for a mathematically non-meaningful nonpositive denominator. Missing information is never converted to zero.
P7H-00027,P7CT-0007,BASE,2027-07-31,proposed_contractual,usable_liquidity,292.7718673934888270027174918,50,242.7718673934888270027174918,,,,USD_millions,compliant,liquidity headroom = usable liquidity - minimum liquidity,SRC-001;SRC-002;SRC-003,P7CT-0007,owner_reviewed,N/D is reported when information is missing. N/M is reserved for a mathematically non-meaningful nonpositive denominator. Missing information is never converted to zero.
P7H-00028,P7CT-0007,BASE,2027-07-31,analyst_warning,analyst_leverage_warning,2.821840494743657547375663462,3.25,0.428159505256342452624336538,,,,turns,compliant,warning gap = warning threshold - D/E,SRC-001;SRC-002;SRC-003,P7CT-0007,owner_reviewed,N/D is reported when information is missing. N/M is reserved for a mathematically non-meaningful nonpositive denominator. Missing information is never converted to zero.
P7H-00029,P7CT-0008,BASE,2027-10-31,proposed_contractual,gross_funded_leverage,2.744527948093004457878597482,3.5,0.755472051906995542121402518,167.917340524572993951337554,174.2917208900177056597071273,,turns,compliant,ratio headroom = L - D/E; debt headroom = L*E - D; break-even EBITDA = D/L,SRC-001;SRC-002;SRC-003,P7CT-0008,owner_reviewed,N/D is reported when information is missing. N/M is reserved for a mathematically non-meaningful nonpositive denominator. Missing information is never converted to zero.
P7H-00030,P7CT-0008,BASE,2027-10-31,proposed_contractual,cash_interest_coverage,5.782769901932487669463714308,3,2.782769901932487669463714308,,,106.9592946241185316741625096,turns,compliant,coverage cushion = E - C*I,SRC-001;SRC-002;SRC-003,P7CT-0008,owner_reviewed,N/D is reported when information is missing. N/M is reserved for a mathematically non-meaningful nonpositive denominator. Missing information is never converted to zero.
P7H-00031,P7CT-0008,BASE,2027-10-31,proposed_contractual,usable_liquidity,298.0542268849380301910250544,50,248.0542268849380301910250544,,,,USD_millions,compliant,liquidity headroom = usable liquidity - minimum liquidity,SRC-001;SRC-002;SRC-003,P7CT-0008,owner_reviewed,N/D is reported when information is missing. N/M is reserved for a mathematically non-meaningful nonpositive denominator. Missing information is never converted to zero.
P7H-00032,P7CT-0008,BASE,2027-10-31,analyst_warning,analyst_leverage_warning,2.744527948093004457878597482,3.25,0.505472051906995542121402518,,,,turns,compliant,warning gap = warning threshold - D/E,SRC-001;SRC-002;SRC-003,P7CT-0008,owner_reviewed,N/D is reported when information is missing. N/M is reserved for a mathematically non-meaningful nonpositive denominator. Missing information is never converted to zero.
P7H-00033,P7CT-0009,BASE,2028-01-31,proposed_contractual,gross_funded_leverage,2.725009410437189492599225438,3.25,0.524990589562810507400774562,116.6882425955203415635619803,186.3632286466859269793447018,,turns,compliant,ratio headroom = L - D/E; debt headroom = L*E - D; break-even EBITDA = D/L,SRC-001;SRC-002;SRC-003,P7CT-0009,owner_reviewed,N/D is reported when information is missing. N/M is reserved for a mathematically non-meaningful nonpositive denominator. Missing information is never converted to zero.
P7H-00034,P7CT-0009,BASE,2028-01-31,proposed_contractual,cash_interest_coverage,5.933223288244630079441421771,3,2.933223288244630079441421771,,,109.8828745450320039808261963,turns,compliant,coverage cushion = E - C*I,SRC-001;SRC-002;SRC-003,P7CT-0009,owner_reviewed,N/D is reported when information is missing. N/M is reserved for a mathematically non-meaningful nonpositive denominator. Missing information is never converted to zero.
P7H-00035,P7CT-0009,BASE,2028-01-31,proposed_contractual,usable_liquidity,286.2342800133327071261046648,50,236.2342800133327071261046648,,,,USD_millions,compliant,liquidity headroom = usable liquidity - minimum liquidity,SRC-001;SRC-002;SRC-003,P7CT-0009,owner_reviewed,N/D is reported when information is missing. N/M is reserved for a mathematically non-meaningful nonpositive denominator. Missing information is never converted to zero.
P7H-00036,P7CT-0009,BASE,2028-01-31,analyst_warning,analyst_leverage_warning,2.725009410437189492599225438,3,0.274990589562810507400774562,,,,turns,compliant,warning gap = warning threshold - D/E,SRC-001;SRC-002;SRC-003,P7CT-0009,owner_reviewed,N/D is reported when information is missing. N/M is reserved for a mathematically non-meaningful nonpositive denominator. Missing information is never converted to zero.
P7H-00037,P7CT-0010,BASE,2028-04-30,proposed_contractual,gross_funded_leverage,2.637422061922703800956262406,3.25,0.612577938077296199043737594,136.1550786874724940989289544,180.3718532661729137873769063,,turns,compliant,ratio headroom = L - D/E; debt headroom = L*E - D; break-even EBITDA = D/L,SRC-001;SRC-002;SRC-003,P7CT-0010,owner_reviewed,N/D is reported when information is missing. N/M is reserved for a mathematically non-meaningful nonpositive denominator. Missing information is never converted to zero.
P7H-00038,P7CT-0010,BASE,2028-04-30,proposed_contractual,cash_interest_coverage,6.096850137243124700682331739,3,3.096850137243124700682331739,,,112.8982378176104411688642262,turns,compliant,coverage cushion = E - C*I,SRC-001;SRC-002;SRC-003,P7CT-0010,owner_reviewed,N/D is reported when information is missing. N/M is reserved for a mathematically non-meaningful nonpositive denominator. Missing information is never converted to zero.
P7H-00039,P7CT-0010,BASE,2028-04-30,proposed_contractual,usable_liquidity,296.8834731148765065830071916,50,246.8834731148765065830071916,,,,USD_millions,compliant,liquidity headroom = usable liquidity - minimum liquidity,SRC-001;SRC-002;SRC-003,P7CT-0010,owner_reviewed,N/D is reported when information is missing. N/M is reserved for a mathematically non-meaningful nonpositive denominator. Missing information is never converted to zero.
P7H-00040,P7CT-0010,BASE,2028-04-30,analyst_warning,analyst_leverage_warning,2.637422061922703800956262406,3,0.362577938077296199043737594,,,,turns,compliant,warning gap = warning threshold - D/E,SRC-001;SRC-002;SRC-003,P7CT-0010,owner_reviewed,N/D is reported when information is missing. N/M is reserved for a mathematically non-meaningful nonpositive denominator. Missing information is never converted to zero.
P7H-00041,P7CT-0011,BASE,2028-07-31,proposed_contractual,gross_funded_leverage,2.583872826558285472785338135,3.25,0.666127173441714527214661865,148.056183709650644468232762,176.7083917277113753258384448,,turns,compliant,ratio headroom = L - D/E; debt headroom = L*E - D; break-even EBITDA = D/L,SRC-001;SRC-002;SRC-003,P7CT-0011,owner_reviewed,N/D is reported when information is missing. N/M is reserved for a mathematically non-meaningful nonpositive denominator. Missing information is never converted to zero.
P7H-00042,P7CT-0011,BASE,2028-07-31,proposed_contractual,cash_interest_coverage,6.250867743685758182273646656,3,3.250867743685758182273646656,,,115.5921633215055866567019747,turns,compliant,coverage cushion = E - C*I,SRC-001;SRC-002;SRC-003,P7CT-0011,owner_reviewed,N/D is reported when information is missing. N/M is reserved for a mathematically non-meaningful nonpositive denominator. Missing information is never converted to zero.
P7H-00043,P7CT-0011,BASE,2028-07-31,proposed_contractual,usable_liquidity,306.9563022748204088016596383,50,256.9563022748204088016596383,,,,USD_millions,compliant,liquidity headroom = usable liquidity - minimum liquidity,SRC-001;SRC-002;SRC-003,P7CT-0011,owner_reviewed,N/D is reported when information is missing. N/M is reserved for a mathematically non-meaningful nonpositive denominator. Missing information is never converted to zero.
P7H-00044,P7CT-0011,BASE,2028-07-31,analyst_warning,analyst_leverage_warning,2.583872826558285472785338135,3,0.416127173441714527214661865,,,,turns,compliant,warning gap = warning threshold - D/E,SRC-001;SRC-002;SRC-003,P7CT-0011,owner_reviewed,N/D is reported when information is missing. N/M is reserved for a mathematically non-meaningful nonpositive denominator. Missing information is never converted to zero.
P7H-00045,P7CT-0012,BASE,2028-10-31,proposed_contractual,gross_funded_leverage,2.47667663641329784196158705,3.25,0.77332336358670215803841295,171.88082059575334959916502,169.3761408572862583106050575,,turns,compliant,ratio headroom = L - D/E; debt headroom = L*E - D; break-even EBITDA = D/L,SRC-001;SRC-002;SRC-003,P7CT-0012,owner_reviewed,N/D is reported when information is missing. N/M is reserved for a mathematically non-meaningful nonpositive denominator. Missing information is never converted to zero.
P7H-00046,P7CT-0012,BASE,2028-10-31,proposed_contractual,cash_interest_coverage,6.404818676913543165599657855,3,3.404818676913543165599657855,,,118.1553623982829810507353012,turns,compliant,coverage cushion = E - C*I,SRC-001;SRC-002;SRC-003,P7CT-0012,owner_reviewed,N/D is reported when information is missing. N/M is reserved for a mathematically non-meaningful nonpositive denominator. Missing information is never converted to zero.
P7H-00047,P7CT-0012,BASE,2028-10-31,proposed_contractual,usable_liquidity,305.7235653288816302995085086,50,255.7235653288816302995085086,,,,USD_millions,compliant,liquidity headroom = usable liquidity - minimum liquidity,SRC-001;SRC-002;SRC-003,P7CT-0012,owner_reviewed,N/D is reported when information is missing. N/M is reserved for a mathematically non-meaningful nonpositive denominator. Missing information is never converted to zero.
P7H-00048,P7CT-0012,BASE,2028-10-31,analyst_warning,analyst_leverage_warning,2.47667663641329784196158705,3,0.52332336358670215803841295,,,,turns,compliant,warning gap = warning threshold - D/E,SRC-001;SRC-002;SRC-003,P7CT-0012,owner_reviewed,N/D is reported when information is missing. N/M is reserved for a mathematically non-meaningful nonpositive denominator. Missing information is never converted to zero.
P7H-00049,P7CT-0013,BASE,2029-01-31,proposed_contractual,gross_funded_leverage,2.423116960085407556309374778,3,0.576883039914592443690625222,128.2190320404570509579115025,179.5220692620601131698221457,,turns,compliant,ratio headroom = L - D/E; debt headroom = L*E - D; break-even EBITDA = D/L,SRC-001;SRC-002;SRC-003,P7CT-0013,owner_reviewed,N/D is reported when information is missing. N/M is reserved for a mathematically non-meaningful nonpositive denominator. Missing information is never converted to zero.
P7H-00050,P7CT-0013,BASE,2029-01-31,proposed_contractual,cash_interest_coverage,6.594599862330297316972944091,3,3.594599862330297316972944091,,,121.1509508446886437930483376,turns,compliant,coverage cushion = E - C*I,SRC-001;SRC-002;SRC-003,P7CT-0013,owner_reviewed,N/D is reported when information is missing. N/M is reserved for a mathematically non-meaningful nonpositive denominator. Missing information is never converted to zero.
P7H-00051,P7CT-0013,BASE,2029-01-31,proposed_contractual,usable_liquidity,294.9850236012866011274215338,50,244.9850236012866011274215338,,,,USD_millions,compliant,liquidity headroom = usable liquidity - minimum liquidity,SRC-001;SRC-002;SRC-003,P7CT-0013,owner_reviewed,N/D is reported when information is missing. N/M is reserved for a mathematically non-meaningful nonpositive denominator. Missing information is never converted to zero.
P7H-00052,P7CT-0013,BASE,2029-01-31,analyst_warning,analyst_leverage_warning,2.423116960085407556309374778,2.75,0.326883039914592443690625222,,,,turns,compliant,warning gap = warning threshold - D/E,SRC-001;SRC-002;SRC-003,P7CT-0013,owner_reviewed,N/D is reported when information is missing. N/M is reserved for a mathematically non-meaningful nonpositive denominator. Missing information is never converted to zero.
P7H-00053,P7CT-0014,BASE,2029-04-30,proposed_contractual,gross_funded_leverage,2.369565203348061933656841357,3,0.630434796651938066343158643,140.1205431791944917640469815,175.5533192620601131698221457,,turns,compliant,ratio headroom = L - D/E; debt headroom = L*E - D; break-even EBITDA = D/L,SRC-001;SRC-002;SRC-003,P7CT-0014,owner_reviewed,N/D is reported when information is missing. N/M is reserved for a mathematically non-meaningful nonpositive denominator. Missing information is never converted to zero.
P7H-00054,P7CT-0014,BASE,2029-04-30,proposed_contractual,cash_interest_coverage,6.796030853560286667512885965,3,3.796030853560286667512885965,,,124.1469424706408475078387413,turns,compliant,coverage cushion = E - C*I,SRC-001;SRC-002;SRC-003,P7CT-0014,owner_reviewed,N/D is reported when information is missing. N/M is reserved for a mathematically non-meaningful nonpositive denominator. Missing information is never converted to zero.
P7H-00055,P7CT-0014,BASE,2029-04-30,proposed_contractual,usable_liquidity,306.7154590689619483150332022,50,256.7154590689619483150332022,,,,USD_millions,compliant,liquidity headroom = usable liquidity - minimum liquidity,SRC-001;SRC-002;SRC-003,P7CT-0014,owner_reviewed,N/D is reported when information is missing. N/M is reserved for a mathematically non-meaningful nonpositive denominator. Missing information is never converted to zero.
P7H-00056,P7CT-0014,BASE,2029-04-30,analyst_warning,analyst_leverage_warning,2.369565203348061933656841357,2.75,0.380434796651938066343158643,,,,turns,compliant,warning gap = warning threshold - D/E,SRC-001;SRC-002;SRC-003,P7CT-0014,owner_reviewed,N/D is reported when information is missing. N/M is reserved for a mathematically non-meaningful nonpositive denominator. Missing information is never converted to zero.
P7H-00057,P7CT-0015,BASE,2029-07-31,proposed_contractual,gross_funded_leverage,2.316012720946701888124698586,3,0.683987279053298111875301414,152.0220440876276572245496651,171.5845692620601131698221457,,turns,compliant,ratio headroom = L - D/E; debt headroom = L*E - D; break-even EBITDA = D/L,SRC-001;SRC-002;SRC-003,P7CT-0015,owner_reviewed,N/D is reported when information is missing. N/M is reserved for a mathematically non-meaningful nonpositive denominator. Missing information is never converted to zero.
P7H-00058,P7CT-0015,BASE,2029-07-31,proposed_contractual,cash_interest_coverage,7.00549458720616603689615033,3,4.00549458720616603689615033,,,127.0796149966992116610145843,turns,compliant,coverage cushion = E - C*I,SRC-001;SRC-002;SRC-003,P7CT-0015,owner_reviewed,N/D is reported when information is missing. N/M is reserved for a mathematically non-meaningful nonpositive denominator. Missing information is never converted to zero.
P7H-00059,P7CT-0015,BASE,2029-07-31,proposed_contractual,usable_liquidity,317.8484451908397879664782572,50,267.8484451908397879664782572,,,,USD_millions,compliant,liquidity headroom = usable liquidity - minimum liquidity,SRC-001;SRC-002;SRC-003,P7CT-0015,owner_reviewed,N/D is reported when information is missing. N/M is reserved for a mathematically non-meaningful nonpositive denominator. Missing information is never converted to zero.
P7H-00060,P7CT-0015,BASE,2029-07-31,analyst_warning,analyst_leverage_warning,2.316012720946701888124698586,2.75,0.433987279053298111875301414,,,,turns,compliant,warning gap = warning threshold - D/E,SRC-001;SRC-002;SRC-003,P7CT-0015,owner_reviewed,N/D is reported when information is missing. N/M is reserved for a mathematically non-meaningful nonpositive denominator. Missing information is never converted to zero.
P7H-00061,P7CT-0016,BASE,2029-10-31,proposed_contractual,gross_funded_leverage,2.181923486062407068749216036,3,0.818076513937592931250783964,181.8232240934734369728890971,161.6492492662701284243406829,,turns,compliant,ratio headroom = L - D/E; debt headroom = L*E - D; break-even EBITDA = D/L,SRC-001;SRC-002;SRC-003,P7CT-0016,owner_reviewed,N/D is reported when information is missing. N/M is reserved for a mathematically non-meaningful nonpositive denominator. Missing information is never converted to zero.
P7H-00062,P7CT-0016,BASE,2029-10-31,proposed_contractual,cash_interest_coverage,7.228283847197988965185121189,3,4.228283847197988965185121189,,,130.0122772261051291646545472,turns,compliant,coverage cushion = E - C*I,SRC-001;SRC-002;SRC-003,P7CT-0016,owner_reviewed,N/D is reported when information is missing. N/M is reserved for a mathematically non-meaningful nonpositive denominator. Missing information is never converted to zero.
P7H-00063,P7CT-0016,BASE,2029-10-31,proposed_contractual,usable_liquidity,311.6997099873699542364443884,50,261.6997099873699542364443884,,,,USD_millions,compliant,liquidity headroom = usable liquidity - minimum liquidity,SRC-001;SRC-002;SRC-003,P7CT-0016,owner_reviewed,N/D is reported when information is missing. N/M is reserved for a mathematically non-meaningful nonpositive denominator. Missing information is never converted to zero.
P7H-00064,P7CT-0016,BASE,2029-10-31,analyst_warning,analyst_leverage_warning,2.181923486062407068749216036,2.75,0.568076513937592931250783964,,,,turns,compliant,warning gap = warning threshold - D/E,SRC-001;SRC-002;SRC-003,P7CT-0016,owner_reviewed,N/D is reported when information is missing. N/M is reserved for a mathematically non-meaningful nonpositive denominator. Missing information is never converted to zero.
P7H-00065,P7CT-0017,BASE,2030-01-31,proposed_contractual,gross_funded_leverage,2.128361408786912165603915641,3,0.871638591213087834396084359,193.7270723968313392595942065,157.6804992662701284243406829,,turns,compliant,ratio headroom = L - D/E; debt headroom = L*E - D; break-even EBITDA = D/L,SRC-001;SRC-002;SRC-003,P7CT-0017,owner_reviewed,N/D is reported when information is missing. N/M is reserved for a mathematically non-meaningful nonpositive denominator. Missing information is never converted to zero.
P7H-00066,P7CT-0017,BASE,2030-01-31,proposed_contractual,cash_interest_coverage,7.49043649608956899442268267,3,4.49043649608956899442268267,,,133.2402067451854177552237142,turns,compliant,coverage cushion = E - C*I,SRC-001;SRC-002;SRC-003,P7CT-0017,owner_reviewed,N/D is reported when information is missing. N/M is reserved for a mathematically non-meaningful nonpositive denominator. Missing information is never converted to zero.
P7H-00067,P7CT-0017,BASE,2030-01-31,proposed_contractual,usable_liquidity,302.1250204311185473631184039,50,252.1250204311185473631184039,,,,USD_millions,compliant,liquidity headroom = usable liquidity - minimum liquidity,SRC-001;SRC-002;SRC-003,P7CT-0017,owner_reviewed,N/D is reported when information is missing. N/M is reserved for a mathematically non-meaningful nonpositive denominator. Missing information is never converted to zero.
P7H-00068,P7CT-0017,BASE,2030-01-31,analyst_warning,analyst_leverage_warning,2.128361408786912165603915641,2.75,0.621638591213087834396084359,,,,turns,compliant,warning gap = warning threshold - D/E,SRC-001;SRC-002;SRC-003,P7CT-0017,owner_reviewed,N/D is reported when information is missing. N/M is reserved for a mathematically non-meaningful nonpositive denominator. Missing information is never converted to zero.
P7H-00069,P7CT-0018,BASE,2030-04-30,proposed_contractual,gross_funded_leverage,2.074806217940837456863248961,3,0.925193782059162543136751039,205.628583654040311629709532,153.7117492662701284243406829,,turns,compliant,ratio headroom = L - D/E; debt headroom = L*E - D; break-even EBITDA = D/L,SRC-001;SRC-002;SRC-003,P7CT-0018,owner_reviewed,N/D is reported when information is missing. N/M is reserved for a mathematically non-meaningful nonpositive denominator. Missing information is never converted to zero.
P7H-00070,P7CT-0018,BASE,2030-04-30,proposed_contractual,cash_interest_coverage,7.772294907534176185774114574,3,4.772294907534176185774114574,,,136.4673572488827297069296199,turns,compliant,coverage cushion = E - C*I,SRC-001;SRC-002;SRC-003,P7CT-0018,owner_reviewed,N/D is reported when information is missing. N/M is reserved for a mathematically non-meaningful nonpositive denominator. Missing information is never converted to zero.
P7H-00071,P7CT-0018,BASE,2030-04-30,proposed_contractual,usable_liquidity,315.0187512347115413400820699,50,265.0187512347115413400820699,,,,USD_millions,compliant,liquidity headroom = usable liquidity - minimum liquidity,SRC-001;SRC-002;SRC-003,P7CT-0018,owner_reviewed,N/D is reported when information is missing. N/M is reserved for a mathematically non-meaningful nonpositive denominator. Missing information is never converted to zero.
P7H-00072,P7CT-0018,BASE,2030-04-30,analyst_warning,analyst_leverage_warning,2.074806217940837456863248961,2.75,0.675193782059162543136751039,,,,turns,compliant,warning gap = warning threshold - D/E,SRC-001;SRC-002;SRC-003,P7CT-0018,owner_reviewed,N/D is reported when information is missing. N/M is reserved for a mathematically non-meaningful nonpositive denominator. Missing information is never converted to zero.
P7H-00073,P7CT-0019,BASE,2030-07-31,proposed_contractual,gross_funded_leverage,2.021250296859411167773104688,3,0.978749703140588832226895312,217.5300846812007662610757036,149.7429992662701284243406829,,turns,compliant,ratio headroom = L - D/E; debt headroom = L*E - D; break-even EBITDA = D/L,SRC-001;SRC-002;SRC-003,P7CT-0019,owner_reviewed,N/D is reported when information is missing. N/M is reserved for a mathematically non-meaningful nonpositive denominator. Missing information is never converted to zero.
P7H-00074,P7CT-0019,BASE,2030-07-31,proposed_contractual,cash_interest_coverage,8.076199246712988036691587232,3,5.076199246712988036691587232,,,139.6945043425638690790524743,turns,compliant,coverage cushion = E - C*I,SRC-001;SRC-002;SRC-003,P7CT-0019,owner_reviewed,N/D is reported when information is missing. N/M is reserved for a mathematically non-meaningful nonpositive denominator. Missing information is never converted to zero.
P7H-00075,P7CT-0019,BASE,2030-07-31,proposed_contractual,usable_liquidity,327.3150525177445789685675266,50,277.3150525177445789685675266,,,,USD_millions,compliant,liquidity headroom = usable liquidity - minimum liquidity,SRC-001;SRC-002;SRC-003,P7CT-0019,owner_reviewed,N/D is reported when information is missing. N/M is reserved for a mathematically non-meaningful nonpositive denominator. Missing information is never converted to zero.
P7H-00076,P7CT-0019,BASE,2030-07-31,analyst_warning,analyst_leverage_warning,2.021250296859411167773104688,2.75,0.728749703140588832226895312,,,,turns,compliant,warning gap = warning threshold - D/E,SRC-001;SRC-002;SRC-003,P7CT-0019,owner_reviewed,N/D is reported when information is missing. N/M is reserved for a mathematically non-meaningful nonpositive denominator. Missing information is never converted to zero.
P7H-00077,P7CT-0020,BASE,2030-10-31,proposed_contractual,gross_funded_leverage,1.86324143791102557146035377,3,1.13675856208897442853964623,252.6462207702197564498314868,138.0360272825889195668411705,,turns,compliant,ratio headroom = L - D/E; debt headroom = L*E - D; break-even EBITDA = D/L,SRC-001;SRC-002;SRC-003,P7CT-0020,owner_reviewed,N/D is reported when information is missing. N/M is reserved for a mathematically non-meaningful nonpositive denominator. Missing information is never converted to zero.
P7H-00078,P7CT-0020,BASE,2030-10-31,proposed_contractual,cash_interest_coverage,8.404841067239944442227445196,3,5.404841067239944442227445196,,,142.9216411398499781128056869,turns,compliant,coverage cushion = E - C*I,SRC-001;SRC-002;SRC-003,P7CT-0020,owner_reviewed,N/D is reported when information is missing. N/M is reserved for a mathematically non-meaningful nonpositive denominator. Missing information is never converted to zero.
P7H-00079,P7CT-0020,BASE,2030-10-31,proposed_contractual,usable_liquidity,317.014665951043626572498537,50,267.014665951043626572498537,,,,USD_millions,compliant,liquidity headroom = usable liquidity - minimum liquidity,SRC-001;SRC-002;SRC-003,P7CT-0020,owner_reviewed,N/D is reported when information is missing. N/M is reserved for a mathematically non-meaningful nonpositive denominator. Missing information is never converted to zero.
P7H-00080,P7CT-0020,BASE,2030-10-31,analyst_warning,analyst_leverage_warning,1.86324143791102557146035377,2.75,0.88675856208897442853964623,,,,turns,compliant,warning gap = warning threshold - D/E,SRC-001;SRC-002;SRC-003,P7CT-0020,owner_reviewed,N/D is reported when information is missing. N/M is reserved for a mathematically non-meaningful nonpositive denominator. Missing information is never converted to zero.
P7H-00081,P7CT-0021,MODERATE_UNMITIGATED,2026-01-31,proposed_contractual,gross_funded_leverage,3.228471664433044589605225788,3.5,0.271528335566955410394774212,61.18728125,207.8619196428571428571428571,,turns,compliant,ratio headroom = L - D/E; debt headroom = L*E - D; break-even EBITDA = D/L,SRC-001;SRC-002;SRC-003,P7CT-0021,owner_reviewed,N/D is reported when information is missing. N/M is reserved for a mathematically non-meaningful nonpositive denominator. Missing information is never converted to zero.
P7H-00082,P7CT-0021,MODERATE_UNMITIGATED,2026-01-31,proposed_contractual,cash_interest_coverage,N/D,3,N/D,,,N/D,turns,not_determinable,coverage cushion = E - C*I,SRC-001;SRC-002;SRC-003,P7CT-0021,owner_reviewed,N/D is reported when information is missing. N/M is reserved for a mathematically non-meaningful nonpositive denominator. Missing information is never converted to zero.
P7H-00083,P7CT-0021,MODERATE_UNMITIGATED,2026-01-31,proposed_contractual,usable_liquidity,263.90228125,50,213.90228125,,,,USD_millions,compliant,liquidity headroom = usable liquidity - minimum liquidity,SRC-001;SRC-002;SRC-003,P7CT-0021,owner_reviewed,N/D is reported when information is missing. N/M is reserved for a mathematically non-meaningful nonpositive denominator. Missing information is never converted to zero.
P7H-00084,P7CT-0021,MODERATE_UNMITIGATED,2026-01-31,analyst_warning,analyst_leverage_warning,3.228471664433044589605225788,3.25,0.021528335566955410394774212,,,,turns,compliant,warning gap = warning threshold - D/E,SRC-001;SRC-002;SRC-003,P7CT-0021,owner_reviewed,N/D is reported when information is missing. N/M is reserved for a mathematically non-meaningful nonpositive denominator. Missing information is never converted to zero.
P7H-00085,P7CT-0022,MODERATE_UNMITIGATED,2026-04-30,proposed_contractual,gross_funded_leverage,N/D,3.5,N/D,N/D,226.8917362544979856615432457,,turns,not_determinable,ratio headroom = L - D/E; debt headroom = L*E - D; break-even EBITDA = D/L,SRC-001;SRC-002;SRC-003,P7CT-0022,owner_reviewed,N/D is reported when information is missing. N/M is reserved for a mathematically non-meaningful nonpositive denominator. Missing information is never converted to zero.
P7H-00086,P7CT-0022,MODERATE_UNMITIGATED,2026-04-30,proposed_contractual,cash_interest_coverage,N/D,3,N/D,,,N/D,turns,not_determinable,coverage cushion = E - C*I,SRC-001;SRC-002;SRC-003,P7CT-0022,owner_reviewed,N/D is reported when information is missing. N/M is reserved for a mathematically non-meaningful nonpositive denominator. Missing information is never converted to zero.
P7H-00087,P7CT-0022,MODERATE_UNMITIGATED,2026-04-30,proposed_contractual,usable_liquidity,185.3916731092570501845986401,50,135.3916731092570501845986401,,,,USD_millions,compliant,liquidity headroom = usable liquidity - minimum liquidity,SRC-001;SRC-002;SRC-003,P7CT-0022,owner_reviewed,N/D is reported when information is missing. N/M is reserved for a mathematically non-meaningful nonpositive denominator. Missing information is never converted to zero.
P7H-00088,P7CT-0022,MODERATE_UNMITIGATED,2026-04-30,analyst_warning,analyst_leverage_warning,N/D,3.25,N/D,,,,turns,not_determinable,warning gap = warning threshold - D/E,SRC-001;SRC-002;SRC-003,P7CT-0022,owner_reviewed,N/D is reported when information is missing. N/M is reserved for a mathematically non-meaningful nonpositive denominator. Missing information is never converted to zero.
P7H-00089,P7CT-0023,MODERATE_UNMITIGATED,2026-07-31,proposed_contractual,gross_funded_leverage,N/D,3.5,N/D,N/D,223.956324233726600822721765,,turns,not_determinable,ratio headroom = L - D/E; debt headroom = L*E - D; break-even EBITDA = D/L,SRC-001;SRC-002;SRC-003,P7CT-0023,owner_reviewed,N/D is reported when information is missing. N/M is reserved for a mathematically non-meaningful nonpositive denominator. Missing information is never converted to zero.
P7H-00090,P7CT-0023,MODERATE_UNMITIGATED,2026-07-31,proposed_contractual,cash_interest_coverage,N/D,3,N/D,,,N/D,turns,not_determinable,coverage cushion = E - C*I,SRC-001;SRC-002;SRC-003,P7CT-0023,owner_reviewed,N/D is reported when information is missing. N/M is reserved for a mathematically non-meaningful nonpositive denominator. Missing information is never converted to zero.
P7H-00091,P7CT-0023,MODERATE_UNMITIGATED,2026-07-31,proposed_contractual,usable_liquidity,183.7593651819568971204738224,50,133.7593651819568971204738224,,,,USD_millions,compliant,liquidity headroom = usable liquidity - minimum liquidity,SRC-001;SRC-002;SRC-003,P7CT-0023,owner_reviewed,N/D is reported when information is missing. N/M is reserved for a mathematically non-meaningful nonpositive denominator. Missing information is never converted to zero.
P7H-00092,P7CT-0023,MODERATE_UNMITIGATED,2026-07-31,analyst_warning,analyst_leverage_warning,N/D,3.25,N/D,,,,turns,not_determinable,warning gap = warning threshold - D/E,SRC-001;SRC-002;SRC-003,P7CT-0023,owner_reviewed,N/D is reported when information is missing. N/M is reserved for a mathematically non-meaningful nonpositive denominator. Missing information is never converted to zero.
P7H-00093,P7CT-0024,MODERATE_UNMITIGATED,2026-10-31,proposed_contractual,gross_funded_leverage,4.215012332481603705258689681,3.5,-0.715012332481603705258689681,-130.8652090222682439507417572,220.4151672290353152775825242,,turns,breached,ratio headroom = L - D/E; debt headroom = L*E - D; break-even EBITDA = D/L,SRC-001;SRC-002;SRC-003,P7CT-0024,owner_reviewed,N/D is reported when information is missing. N/M is reserved for a mathematically non-meaningful nonpositive denominator. Missing information is never converted to zero.
P7H-00094,P7CT-0024,MODERATE_UNMITIGATED,2026-10-31,proposed_contractual,cash_interest_coverage,N/D,3,N/D,,,N/D,turns,not_determinable,coverage cushion = E - C*I,SRC-001;SRC-002;SRC-003,P7CT-0024,owner_reviewed,N/D is reported when information is missing. N/M is reserved for a mathematically non-meaningful nonpositive denominator. Missing information is never converted to zero.
P7H-00095,P7CT-0024,MODERATE_UNMITIGATED,2026-10-31,proposed_contractual,usable_liquidity,184.2471646983763965284611652,50,134.2471646983763965284611652,,,,USD_millions,compliant,liquidity headroom = usable liquidity - minimum liquidity,SRC-001;SRC-002;SRC-003,P7CT-0024,owner_reviewed,N/D is reported when information is missing. N/M is reserved for a mathematically non-meaningful nonpositive denominator. Missing information is never converted to zero.
P7H-00096,P7CT-0024,MODERATE_UNMITIGATED,2026-10-31,analyst_warning,analyst_leverage_warning,4.215012332481603705258689681,3.25,-0.965012332481603705258689681,,,,turns,breached,warning gap = warning threshold - D/E,SRC-001;SRC-002;SRC-003,P7CT-0024,owner_reviewed,N/D is reported when information is missing. N/M is reserved for a mathematically non-meaningful nonpositive denominator. Missing information is never converted to zero.
P7H-00097,P7CT-0025,MODERATE_UNMITIGATED,2027-01-31,proposed_contractual,gross_funded_leverage,4.489250193362220496112949436,3.5,-0.989250193362220496112949436,-171.5975976108350355584542808,222.4901686503507039121111399,,turns,breached,ratio headroom = L - D/E; debt headroom = L*E - D; break-even EBITDA = D/L,SRC-001;SRC-002;SRC-003,P7CT-0025,owner_reviewed,N/D is reported when information is missing. N/M is reserved for a mathematically non-meaningful nonpositive denominator. Missing information is never converted to zero.
P7H-00098,P7CT-0025,MODERATE_UNMITIGATED,2027-01-31,proposed_contractual,cash_interest_coverage,3.21037383225652856657170589,3,0.21037383225652856657170589,,,11.3668772745950377639826348,turns,warning,coverage cushion = E - C*I,SRC-001;SRC-002;SRC-003,P7CT-0025,owner_reviewed,N/D is reported when information is missing. N/M is reserved for a mathematically non-meaningful nonpositive denominator. Missing information is never converted to zero.
P7H-00099,P7CT-0025,MODERATE_UNMITIGATED,2027-01-31,proposed_contractual,usable_liquidity,165.0784097237725363076110104,50,115.0784097237725363076110104,,,,USD_millions,compliant,liquidity headroom = usable liquidity - minimum liquidity,SRC-001;SRC-002;SRC-003,P7CT-0025,owner_reviewed,N/D is reported when information is missing. N/M is reserved for a mathematically non-meaningful nonpositive denominator. Missing information is never converted to zero.
P7H-00100,P7CT-0025,MODERATE_UNMITIGATED,2027-01-31,analyst_warning,analyst_leverage_warning,4.489250193362220496112949436,3.25,-1.239250193362220496112949436,,,,turns,breached,warning gap = warning threshold - D/E,SRC-001;SRC-002;SRC-003,P7CT-0025,owner_reviewed,N/D is reported when information is missing. N/M is reserved for a mathematically non-meaningful nonpositive denominator. Missing information is never converted to zero.
P7H-00101,P7CT-0026,MODERATE_UNMITIGATED,2027-04-30,proposed_contractual,gross_funded_leverage,4.248814652663786766936369992,3.5,-0.748814652663786766936369992,-132.1603497689861318524636686,214.2528398915370749544879249,,turns,breached,ratio headroom = L - D/E; debt headroom = L*E - D; break-even EBITDA = D/L,SRC-001;SRC-002;SRC-003,P7CT-0026,owner_reviewed,N/D is reported when information is missing. N/M is reserved for a mathematically non-meaningful nonpositive denominator. Missing information is never converted to zero.
P7H-00102,P7CT-0026,MODERATE_UNMITIGATED,2027-04-30,proposed_contractual,cash_interest_coverage,3.278181568073400324238004522,3,0.278181568073400324238004522,,,14.9769090379622113519918062,turns,warning,coverage cushion = E - C*I,SRC-001;SRC-002;SRC-003,P7CT-0026,owner_reviewed,N/D is reported when information is missing. N/M is reserved for a mathematically non-meaningful nonpositive denominator. Missing information is never converted to zero.
P7H-00103,P7CT-0026,MODERATE_UNMITIGATED,2027-04-30,proposed_contractual,usable_liquidity,182.0028103796202376592922627,50,132.0028103796202376592922627,,,,USD_millions,compliant,liquidity headroom = usable liquidity - minimum liquidity,SRC-001;SRC-002;SRC-003,P7CT-0026,owner_reviewed,N/D is reported when information is missing. N/M is reserved for a mathematically non-meaningful nonpositive denominator. Missing information is never converted to zero.
P7H-00104,P7CT-0026,MODERATE_UNMITIGATED,2027-04-30,analyst_warning,analyst_leverage_warning,4.248814652663786766936369992,3.25,-0.998814652663786766936369992,,,,turns,breached,warning gap = warning threshold - D/E,SRC-001;SRC-002;SRC-003,P7CT-0026,owner_reviewed,N/D is reported when information is missing. N/M is reserved for a mathematically non-meaningful nonpositive denominator. Missing information is never converted to zero.
P7H-00105,P7CT-0027,MODERATE_UNMITIGATED,2027-07-31,proposed_contractual,gross_funded_leverage,3.934422384794602359619831777,3.5,-0.434422384794602359619831777,-79.5075929070442230783157244,205.7355528652228527323613014,,turns,breached,ratio headroom = L - D/E; debt headroom = L*E - D; break-even EBITDA = D/L,SRC-001;SRC-002;SRC-003,P7CT-0027,owner_reviewed,N/D is reported when information is missing. N/M is reserved for a mathematically non-meaningful nonpositive denominator. Missing information is never converted to zero.
P7H-00106,P7CT-0027,MODERATE_UNMITIGATED,2027-07-31,proposed_contractual,cash_interest_coverage,3.519340738052427494867174009,3,0.519340738052427494867174009,,,27.0076927405486923260654654,turns,compliant,coverage cushion = E - C*I,SRC-001;SRC-002;SRC-003,P7CT-0027,owner_reviewed,N/D is reported when information is missing. N/M is reserved for a mathematically non-meaningful nonpositive denominator. Missing information is never converted to zero.
P7H-00107,P7CT-0027,MODERATE_UNMITIGATED,2027-07-31,proposed_contractual,usable_liquidity,199.907064971720015436735445,50,149.907064971720015436735445,,,,USD_millions,compliant,liquidity headroom = usable liquidity - minimum liquidity,SRC-001;SRC-002;SRC-003,P7CT-0027,owner_reviewed,N/D is reported when information is missing. N/M is reserved for a mathematically non-meaningful nonpositive denominator. Missing information is never converted to zero.
P7H-00108,P7CT-0027,MODERATE_UNMITIGATED,2027-07-31,analyst_warning,analyst_leverage_warning,3.934422384794602359619831777,3.25,-0.684422384794602359619831777,,,,turns,breached,warning gap = warning threshold - D/E,SRC-001;SRC-002;SRC-003,P7CT-0027,owner_reviewed,N/D is reported when information is missing. N/M is reserved for a mathematically non-meaningful nonpositive denominator. Missing information is never converted to zero.
P7H-00109,P7CT-0028,MODERATE_UNMITIGATED,2027-10-31,proposed_contractual,gross_funded_leverage,3.563007961927405287233048284,3.5,-0.063007961927405287233048284,-12.1526767386087783991675242,196.3474485892583515404526365,,turns,breached,ratio headroom = L - D/E; debt headroom = L*E - D; break-even EBITDA = D/L,SRC-001;SRC-002;SRC-003,P7CT-0028,owner_reviewed,N/D is reported when information is missing. N/M is reserved for a mathematically non-meaningful nonpositive denominator. Missing information is never converted to zero.
P7H-00110,P7CT-0028,MODERATE_UNMITIGATED,2027-10-31,proposed_contractual,cash_interest_coverage,3.902312211510632767401693045,3,0.902312211510632767401693045,,,44.5975843715831234512529656,turns,compliant,coverage cushion = E - C*I,SRC-001;SRC-002;SRC-003,P7CT-0028,owner_reviewed,N/D is reported when information is missing. N/M is reserved for a mathematically non-meaningful nonpositive denominator. Missing information is never converted to zero.
P7H-00111,P7CT-0028,MODERATE_UNMITIGATED,2027-10-31,proposed_contractual,usable_liquidity,220.8591799375957696084157724,50,170.8591799375957696084157724,,,,USD_millions,compliant,liquidity headroom = usable liquidity - minimum liquidity,SRC-001;SRC-002;SRC-003,P7CT-0028,owner_reviewed,N/D is reported when information is missing. N/M is reserved for a mathematically non-meaningful nonpositive denominator. Missing information is never converted to zero.
P7H-00112,P7CT-0028,MODERATE_UNMITIGATED,2027-10-31,analyst_warning,analyst_leverage_warning,3.563007961927405287233048284,3.25,-0.313007961927405287233048284,,,,turns,breached,warning gap = warning threshold - D/E,SRC-001;SRC-002;SRC-003,P7CT-0028,owner_reviewed,N/D is reported when information is missing. N/M is reserved for a mathematically non-meaningful nonpositive denominator. Missing information is never converted to zero.
P7H-00113,P7CT-0029,MODERATE_UNMITIGATED,2028-01-31,proposed_contractual,gross_funded_leverage,3.322748310738052244339464583,3.25,-0.072748310738052244339464583,-14.7269117985425645266603135,206.9678353703785304756883518,,turns,breached,ratio headroom = L - D/E; debt headroom = L*E - D; break-even EBITDA = D/L,SRC-001;SRC-002;SRC-003,P7CT-0029,owner_reviewed,N/D is reported when information is missing. N/M is reserved for a mathematically non-meaningful nonpositive denominator. Missing information is never converted to zero.
P7H-00114,P7CT-0029,MODERATE_UNMITIGATED,2028-01-31,proposed_contractual,cash_interest_coverage,4.395301079422132374274223598,3,1.395301079422132374274223598,,,64.2640472212918019228058945,turns,compliant,coverage cushion = E - C*I,SRC-001;SRC-002;SRC-003,P7CT-0029,owner_reviewed,N/D is reported when information is missing. N/M is reserved for a mathematically non-meaningful nonpositive denominator. Missing information is never converted to zero.
P7H-00115,P7CT-0029,MODERATE_UNMITIGATED,2028-01-31,proposed_contractual,usable_liquidity,223.5235350462697759540128568,50,173.5235350462697759540128568,,,,USD_millions,compliant,liquidity headroom = usable liquidity - minimum liquidity,SRC-001;SRC-002;SRC-003,P7CT-0029,owner_reviewed,N/D is reported when information is missing. N/M is reserved for a mathematically non-meaningful nonpositive denominator. Missing information is never converted to zero.
P7H-00116,P7CT-0029,MODERATE_UNMITIGATED,2028-01-31,analyst_warning,analyst_leverage_warning,3.322748310738052244339464583,3,-0.322748310738052244339464583,,,,turns,breached,warning gap = warning threshold - D/E,SRC-001;SRC-002;SRC-003,P7CT-0029,owner_reviewed,N/D is reported when information is missing. N/M is reserved for a mathematically non-meaningful nonpositive denominator. Missing information is never converted to zero.
P7H-00117,P7CT-0030,MODERATE_UNMITIGATED,2028-04-30,proposed_contractual,gross_funded_leverage,3.084163175340206431681629538,3.25,0.165836824659793568318370462,35.1526320067302391308794094,201.1550132512285027964387286,,turns,warning,ratio headroom = L - D/E; debt headroom = L*E - D; break-even EBITDA = D/L,SRC-001;SRC-002;SRC-003,P7CT-0030,owner_reviewed,N/D is reported when information is missing. N/M is reserved for a mathematically non-meaningful nonpositive denominator. Missing information is never converted to zero.
P7H-00118,P7CT-0030,MODERATE_UNMITIGATED,2028-04-30,proposed_contractual,cash_interest_coverage,4.930489320903070957383610661,3,1.930489320903070957383610661,,,82.9954445084307084925556552,turns,compliant,coverage cushion = E - C*I,SRC-001;SRC-002;SRC-003,P7CT-0030,owner_reviewed,N/D is reported when information is missing. N/M is reserved for a mathematically non-meaningful nonpositive denominator. Missing information is never converted to zero.
P7H-00119,P7CT-0030,MODERATE_UNMITIGATED,2028-04-30,proposed_contractual,usable_liquidity,230.508956933507365911574132,50,180.508956933507365911574132,,,,USD_millions,compliant,liquidity headroom = usable liquidity - minimum liquidity,SRC-001;SRC-002;SRC-003,P7CT-0030,owner_reviewed,N/D is reported when information is missing. N/M is reserved for a mathematically non-meaningful nonpositive denominator. Missing information is never converted to zero.
P7H-00120,P7CT-0030,MODERATE_UNMITIGATED,2028-04-30,analyst_warning,analyst_leverage_warning,3.084163175340206431681629538,3,-0.084163175340206431681629538,,,,turns,warning,warning gap = warning threshold - D/E,SRC-001;SRC-002;SRC-003,P7CT-0030,owner_reviewed,N/D is reported when information is missing. N/M is reserved for a mathematically non-meaningful nonpositive denominator. Missing information is never converted to zero.
P7H-00121,P7CT-0031,MODERATE_UNMITIGATED,2028-07-31,proposed_contractual,gross_funded_leverage,2.900368057106152482618440384,3.25,0.349631942893847517381559616,76.5061619217601480425673338,195.2787849487719948299036549,,turns,compliant,ratio headroom = L - D/E; debt headroom = L*E - D; break-even EBITDA = D/L,SRC-001;SRC-002;SRC-003,P7CT-0031,owner_reviewed,N/D is reported when information is missing. N/M is reserved for a mathematically non-meaningful nonpositive denominator. Missing information is never converted to zero.
P7H-00122,P7CT-0031,MODERATE_UNMITIGATED,2028-07-31,proposed_contractual,cash_interest_coverage,5.393060977482271608421187914,3,2.393060977482271608421187914,,,97.0965381517314471444843787,turns,compliant,coverage cushion = E - C*I,SRC-001;SRC-002;SRC-003,P7CT-0031,owner_reviewed,N/D is reported when information is missing. N/M is reserved for a mathematically non-meaningful nonpositive denominator. Missing information is never converted to zero.
P7H-00123,P7CT-0031,MODERATE_UNMITIGATED,2028-07-31,proposed_contractual,usable_liquidity,237.7004489164910168028131216,50,187.7004489164910168028131216,,,,USD_millions,compliant,liquidity headroom = usable liquidity - minimum liquidity,SRC-001;SRC-002;SRC-003,P7CT-0031,owner_reviewed,N/D is reported when information is missing. N/M is reserved for a mathematically non-meaningful nonpositive denominator. Missing information is never converted to zero.
P7H-00124,P7CT-0031,MODERATE_UNMITIGATED,2028-07-31,analyst_warning,analyst_leverage_warning,2.900368057106152482618440384,3,0.099631942893847517381559616,,,,turns,compliant,warning gap = warning threshold - D/E,SRC-001;SRC-002;SRC-003,P7CT-0031,owner_reviewed,N/D is reported when information is missing. N/M is reserved for a mathematically non-meaningful nonpositive denominator. Missing information is never converted to zero.
P7H-00125,P7CT-0032,MODERATE_UNMITIGATED,2028-10-31,proposed_contractual,gross_funded_leverage,2.76179713719787152135407189,3.25,0.48820286280212847864592811,108.509211834019351492446513,188.8750973993582577280569058,,turns,compliant,ratio headroom = L - D/E; debt headroom = L*E - D; break-even EBITDA = D/L,SRC-001;SRC-002;SRC-003,P7CT-0032,owner_reviewed,N/D is reported when information is missing. N/M is reserved for a mathematically non-meaningful nonpositive denominator. Missing information is never converted to zero.
P7H-00126,P7CT-0032,MODERATE_UNMITIGATED,2028-10-31,proposed_contractual,cash_interest_coverage,5.730973276625299687440374022,3,2.730973276625299687440374022,,,105.9144838902682615405478347,turns,compliant,coverage cushion = E - C*I,SRC-001;SRC-002;SRC-003,P7CT-0032,owner_reviewed,N/D is reported when information is missing. N/M is reserved for a mathematically non-meaningful nonpositive denominator. Missing information is never converted to zero.
P7H-00127,P7CT-0032,MODERATE_UNMITIGATED,2028-10-31,proposed_contractual,usable_liquidity,246.606183452085662383815056,50,196.606183452085662383815056,,,,USD_millions,compliant,liquidity headroom = usable liquidity - minimum liquidity,SRC-001;SRC-002;SRC-003,P7CT-0032,owner_reviewed,N/D is reported when information is missing. N/M is reserved for a mathematically non-meaningful nonpositive denominator. Missing information is never converted to zero.
P7H-00128,P7CT-0032,MODERATE_UNMITIGATED,2028-10-31,analyst_warning,analyst_leverage_warning,2.76179713719787152135407189,3,0.23820286280212847864592811,,,,turns,compliant,warning gap = warning threshold - D/E,SRC-001;SRC-002;SRC-003,P7CT-0032,owner_reviewed,N/D is reported when information is missing. N/M is reserved for a mathematically non-meaningful nonpositive denominator. Missing information is never converted to zero.
P7H-00129,P7CT-0033,MODERATE_UNMITIGATED,2029-01-31,proposed_contractual,gross_funded_leverage,2.761379595292108025396152036,3,0.238620404707891974603847964,53.0361879268936747108033807,204.5830172999145719188581863,,turns,warning,ratio headroom = L - D/E; debt headroom = L*E - D; break-even EBITDA = D/L,SRC-001;SRC-002;SRC-003,P7CT-0033,owner_reviewed,N/D is reported when information is missing. N/M is reserved for a mathematically non-meaningful nonpositive denominator. Missing information is never converted to zero.
P7H-00130,P7CT-0033,MODERATE_UNMITIGATED,2029-01-31,proposed_contractual,cash_interest_coverage,5.896140090473643419133914345,3,2.896140090473643419133914345,,,109.1733142454829275566979313,turns,compliant,coverage cushion = E - C*I,SRC-001;SRC-002;SRC-003,P7CT-0033,owner_reviewed,N/D is reported when information is missing. N/M is reserved for a mathematically non-meaningful nonpositive denominator. Missing information is never converted to zero.
P7H-00131,P7CT-0033,MODERATE_UNMITIGATED,2029-01-31,proposed_contractual,usable_liquidity,234.7949481002562842434254412,50,184.7949481002562842434254412,,,,USD_millions,compliant,liquidity headroom = usable liquidity - minimum liquidity,SRC-001;SRC-002;SRC-003,P7CT-0033,owner_reviewed,N/D is reported when information is missing. N/M is reserved for a mathematically non-meaningful nonpositive denominator. Missing information is never converted to zero.
P7H-00132,P7CT-0033,MODERATE_UNMITIGATED,2029-01-31,analyst_warning,analyst_leverage_warning,2.761379595292108025396152036,2.75,-0.011379595292108025396152036,,,,turns,warning,warning gap = warning threshold - D/E,SRC-001;SRC-002;SRC-003,P7CT-0033,owner_reviewed,N/D is reported when information is missing. N/M is reserved for a mathematically non-meaningful nonpositive denominator. Missing information is never converted to zero.
P7H-00133,P7CT-0034,MODERATE_UNMITIGATED,2029-04-30,proposed_contractual,gross_funded_leverage,2.659923602612868326723016423,3,0.340076397387131673276983577,75.5854368720971818070567623,197.0650213644258831554855521,,turns,compliant,ratio headroom = L - D/E; debt headroom = L*E - D; break-even EBITDA = D/L,SRC-001;SRC-002;SRC-003,P7CT-0034,owner_reviewed,N/D is reported when information is missing. N/M is reserved for a mathematically non-meaningful nonpositive denominator. Missing information is never converted to zero.
P7H-00134,P7CT-0034,MODERATE_UNMITIGATED,2029-04-30,proposed_contractual,cash_interest_coverage,6.056338821081233911190392221,3,3.056338821081233911190392221,,,112.1638661268867679057979363,turns,compliant,coverage cushion = E - C*I,SRC-001;SRC-002;SRC-003,P7CT-0034,owner_reviewed,N/D is reported when information is missing. N/M is reserved for a mathematically non-meaningful nonpositive denominator. Missing information is never converted to zero.
P7H-00135,P7CT-0034,MODERATE_UNMITIGATED,2029-04-30,proposed_contractual,usable_liquidity,245.4426859067223505335433438,50,195.4426859067223505335433438,,,,USD_millions,compliant,liquidity headroom = usable liquidity - minimum liquidity,SRC-001;SRC-002;SRC-003,P7CT-0034,owner_reviewed,N/D is reported when information is missing. N/M is reserved for a mathematically non-meaningful nonpositive denominator. Missing information is never converted to zero.
P7H-00136,P7CT-0034,MODERATE_UNMITIGATED,2029-04-30,analyst_warning,analyst_leverage_warning,2.659923602612868326723016423,2.75,0.090076397387131673276983577,,,,turns,compliant,warning gap = warning threshold - D/E,SRC-001;SRC-002;SRC-003,P7CT-0034,owner_reviewed,N/D is reported when information is missing. N/M is reserved for a mathematically non-meaningful nonpositive denominator. Missing information is never converted to zero.
P7H-00137,P7CT-0035,MODERATE_UNMITIGATED,2029-07-31,proposed_contractual,gross_funded_leverage,2.560383121463483566375412903,3,0.439616878536516433624587097,97.7086249075340899727768064,189.6890423220913022537464319,,turns,compliant,ratio headroom = L - D/E; debt headroom = L*E - D; break-even EBITDA = D/L,SRC-001;SRC-002;SRC-003,P7CT-0035,owner_reviewed,N/D is reported when information is missing. N/M is reserved for a mathematically non-meaningful nonpositive denominator. Missing information is never converted to zero.
P7H-00138,P7CT-0035,MODERATE_UNMITIGATED,2029-07-31,proposed_contractual,cash_interest_coverage,6.235089406200717803243810029,3,3.235089406200717803243810029,,,115.3193392358462213180443094,turns,compliant,coverage cushion = E - C*I,SRC-001;SRC-002;SRC-003,P7CT-0035,owner_reviewed,N/D is reported when information is missing. N/M is reserved for a mathematically non-meaningful nonpositive denominator. Missing information is never converted to zero.
P7H-00139,P7CT-0035,MODERATE_UNMITIGATED,2029-07-31,proposed_contractual,usable_liquidity,255.6643730337260932387607043,50,205.6643730337260932387607043,,,,USD_millions,compliant,liquidity headroom = usable liquidity - minimum liquidity,SRC-001;SRC-002;SRC-003,P7CT-0035,owner_reviewed,N/D is reported when information is missing. N/M is reserved for a mathematically non-meaningful nonpositive denominator. Missing information is never converted to zero.
P7H-00140,P7CT-0035,MODERATE_UNMITIGATED,2029-07-31,analyst_warning,analyst_leverage_warning,2.560383121463483566375412903,2.75,0.189616878536516433624587097,,,,turns,compliant,warning gap = warning threshold - D/E,SRC-001;SRC-002;SRC-003,P7CT-0035,owner_reviewed,N/D is reported when information is missing. N/M is reserved for a mathematically non-meaningful nonpositive denominator. Missing information is never converted to zero.
P7H-00141,P7CT-0036,MODERATE_UNMITIGATED,2029-10-31,proposed_contractual,gross_funded_leverage,2.457276222901766074038333173,3,0.542723777098233925961666827,120.6241534416135478171842539,182.0489394835567581429089639,,turns,compliant,ratio headroom = L - D/E; debt headroom = L*E - D; break-even EBITDA = D/L,SRC-001;SRC-002;SRC-003,P7CT-0036,owner_reviewed,N/D is reported when information is missing. N/M is reserved for a mathematically non-meaningful nonpositive denominator. Missing information is never converted to zero.
P7H-00142,P7CT-0036,MODERATE_UNMITIGATED,2029-10-31,proposed_contractual,cash_interest_coverage,6.43256517302792765742085601,3,3.43256517302792765742085601,,,118.6014575802624842068878993,turns,compliant,coverage cushion = E - C*I,SRC-001;SRC-002;SRC-003,P7CT-0036,owner_reviewed,N/D is reported when information is missing. N/M is reserved for a mathematically non-meaningful nonpositive denominator. Missing information is never converted to zero.
P7H-00143,P7CT-0036,MODERATE_UNMITIGATED,2029-10-31,proposed_contractual,usable_liquidity,266.6784315493297255712731082,50,216.6784315493297255712731082,,,,USD_millions,compliant,liquidity headroom = usable liquidity - minimum liquidity,SRC-001;SRC-002;SRC-003,P7CT-0036,owner_reviewed,N/D is reported when information is missing. N/M is reserved for a mathematically non-meaningful nonpositive denominator. Missing information is never converted to zero.
P7H-00144,P7CT-0036,MODERATE_UNMITIGATED,2029-10-31,analyst_warning,analyst_leverage_warning,2.457276222901766074038333173,2.75,0.292723777098233925961666827,,,,turns,compliant,warning gap = warning threshold - D/E,SRC-001;SRC-002;SRC-003,P7CT-0036,owner_reviewed,N/D is reported when information is missing. N/M is reserved for a mathematically non-meaningful nonpositive denominator. Missing information is never converted to zero.
P7H-00145,P7CT-0037,MODERATE_UNMITIGATED,2030-01-31,proposed_contractual,gross_funded_leverage,2.4514159049474478125782618,3,0.5485840950525521874217382,121.9262108967534117549367844,181.6141197662961042592264902,,turns,compliant,ratio headroom = L - D/E; debt headroom = L*E - D; break-even EBITDA = D/L,SRC-001;SRC-002;SRC-003,P7CT-0037,owner_reviewed,N/D is reported when information is missing. N/M is reserved for a mathematically non-meaningful nonpositive denominator. Missing information is never converted to zero.
P7H-00146,P7CT-0037,MODERATE_UNMITIGATED,2030-01-31,proposed_contractual,cash_interest_coverage,6.648403604973542020177626453,3,3.648403604973542020177626453,,,121.966164096145925275485203,turns,compliant,coverage cushion = E - C*I,SRC-001;SRC-002;SRC-003,P7CT-0037,owner_reviewed,N/D is reported when information is missing. N/M is reserved for a mathematically non-meaningful nonpositive denominator. Missing information is never converted to zero.
P7H-00147,P7CT-0037,MODERATE_UNMITIGATED,2030-01-31,proposed_contractual,usable_liquidity,256.0766407011116872223205293,50,206.0766407011116872223205293,,,,USD_millions,compliant,liquidity headroom = usable liquidity - minimum liquidity,SRC-001;SRC-002;SRC-003,P7CT-0037,owner_reviewed,N/D is reported when information is missing. N/M is reserved for a mathematically non-meaningful nonpositive denominator. Missing information is never converted to zero.
P7H-00148,P7CT-0037,MODERATE_UNMITIGATED,2030-01-31,analyst_warning,analyst_leverage_warning,2.4514159049474478125782618,2.75,0.2985840950525521874217382,,,,turns,compliant,warning gap = warning threshold - D/E,SRC-001;SRC-002;SRC-003,P7CT-0037,owner_reviewed,N/D is reported when information is missing. N/M is reserved for a mathematically non-meaningful nonpositive denominator. Missing information is never converted to zero.
P7H-00149,P7CT-0038,MODERATE_UNMITIGATED,2030-04-30,proposed_contractual,gross_funded_leverage,2.344425872978703864523716244,3,0.655574127021296135476283756,145.7043722446924100562185989,173.6864864027194289488376606,,turns,compliant,ratio headroom = L - D/E; debt headroom = L*E - D; break-even EBITDA = D/L,SRC-001;SRC-002;SRC-003,P7CT-0038,owner_reviewed,N/D is reported when information is missing. N/M is reserved for a mathematically non-meaningful nonpositive denominator. Missing information is never converted to zero.
P7H-00150,P7CT-0038,MODERATE_UNMITIGATED,2030-04-30,proposed_contractual,cash_interest_coverage,6.883473406383862290050610276,3,3.883473406383862290050610276,,,125.3901654448821757822808748,turns,compliant,coverage cushion = E - C*I,SRC-001;SRC-002;SRC-003,P7CT-0038,owner_reviewed,N/D is reported when information is missing. N/M is reserved for a mathematically non-meaningful nonpositive denominator. Missing information is never converted to zero.
P7H-00151,P7CT-0038,MODERATE_UNMITIGATED,2030-04-30,proposed_contractual,usable_liquidity,267.9532907918417131534870183,50,217.9532907918417131534870183,,,,USD_millions,compliant,liquidity headroom = usable liquidity - minimum liquidity,SRC-001;SRC-002;SRC-003,P7CT-0038,owner_reviewed,N/D is reported when information is missing. N/M is reserved for a mathematically non-meaningful nonpositive denominator. Missing information is never converted to zero.
P7H-00152,P7CT-0038,MODERATE_UNMITIGATED,2030-04-30,analyst_warning,analyst_leverage_warning,2.344425872978703864523716244,2.75,0.405574127021296135476283756,,,,turns,compliant,warning gap = warning threshold - D/E,SRC-001;SRC-002;SRC-003,P7CT-0038,owner_reviewed,N/D is reported when information is missing. N/M is reserved for a mathematically non-meaningful nonpositive denominator. Missing information is never converted to zero.
P7H-00153,P7CT-0039,MODERATE_UNMITIGATED,2030-07-31,proposed_contractual,gross_funded_leverage,2.239259657363293109435483122,3,0.760740342636706890564516878,169.0768442873266645811204972,165.8940793975614956509924183,,turns,compliant,ratio headroom = L - D/E; debt headroom = L*E - D; break-even EBITDA = D/L,SRC-001;SRC-002;SRC-003,P7CT-0039,owner_reviewed,N/D is reported when information is missing. N/M is reserved for a mathematically non-meaningful nonpositive denominator. Missing information is never converted to zero.
P7H-00154,P7CT-0039,MODERATE_UNMITIGATED,2030-07-31,proposed_contractual,cash_interest_coverage,7.140444729240884147401643736,3,4.140444729240884147401643736,,,128.8752187205078927882376229,turns,compliant,coverage cushion = E - C*I,SRC-001;SRC-002;SRC-003,P7CT-0039,owner_reviewed,N/D is reported when information is missing. N/M is reserved for a mathematically non-meaningful nonpositive denominator. Missing information is never converted to zero.
P7H-00155,P7CT-0039,MODERATE_UNMITIGATED,2030-07-31,proposed_contractual,usable_liquidity,279.424261807315513047022745,50,229.424261807315513047022745,,,,USD_millions,compliant,liquidity headroom = usable liquidity - minimum liquidity,SRC-001;SRC-002;SRC-003,P7CT-0039,owner_reviewed,N/D is reported when information is missing. N/M is reserved for a mathematically non-meaningful nonpositive denominator. Missing information is never converted to zero.
P7H-00156,P7CT-0039,MODERATE_UNMITIGATED,2030-07-31,analyst_warning,analyst_leverage_warning,2.239259657363293109435483122,2.75,0.510740342636706890564516878,,,,turns,compliant,warning gap = warning threshold - D/E,SRC-001;SRC-002;SRC-003,P7CT-0039,owner_reviewed,N/D is reported when information is missing. N/M is reserved for a mathematically non-meaningful nonpositive denominator. Missing information is never converted to zero.
P7H-00157,P7CT-0040,MODERATE_UNMITIGATED,2030-10-31,proposed_contractual,gross_funded_leverage,2.130475963829844289529531056,3,0.869524036170155710470468944,193.252964115403017639439124,157.8337795008611658369719581,,turns,compliant,ratio headroom = L - D/E; debt headroom = L*E - D; break-even EBITDA = D/L,SRC-001;SRC-002;SRC-003,P7CT-0040,owner_reviewed,N/D is reported when information is missing. N/M is reserved for a mathematically non-meaningful nonpositive denominator. Missing information is never converted to zero.
P7H-00158,P7CT-0040,MODERATE_UNMITIGATED,2030-10-31,proposed_contractual,cash_interest_coverage,7.420152885768660147458403876,3,4.420152885768660147458403876,,,132.3942152399584121405806823,turns,compliant,coverage cushion = E - C*I,SRC-001;SRC-002;SRC-003,P7CT-0040,owner_reviewed,N/D is reported when information is missing. N/M is reserved for a mathematically non-meaningful nonpositive denominator. Missing information is never converted to zero.
P7H-00159,P7CT-0040,MODERATE_UNMITIGATED,2030-10-31,proposed_contractual,usable_liquidity,291.6989114974165024890841256,50,241.6989114974165024890841256,,,,USD_millions,compliant,liquidity headroom = usable liquidity - minimum liquidity,SRC-001;SRC-002;SRC-003,P7CT-0040,owner_reviewed,N/D is reported when information is missing. N/M is reserved for a mathematically non-meaningful nonpositive denominator. Missing information is never converted to zero.
P7H-00160,P7CT-0040,MODERATE_UNMITIGATED,2030-10-31,analyst_warning,analyst_leverage_warning,2.130475963829844289529531056,2.75,0.619524036170155710470468944,,,,turns,compliant,warning gap = warning threshold - D/E,SRC-001;SRC-002;SRC-003,P7CT-0040,owner_reviewed,N/D is reported when information is missing. N/M is reserved for a mathematically non-meaningful nonpositive denominator. Missing information is never converted to zero.
P7H-00161,P7CT-0041,SEVERE_UNMITIGATED,2026-01-31,proposed_contractual,gross_funded_leverage,3.228471664433044589605225788,3.5,0.271528335566955410394774212,61.18728125,207.8619196428571428571428571,,turns,compliant,ratio headroom = L - D/E; debt headroom = L*E - D; break-even EBITDA = D/L,SRC-001;SRC-002;SRC-003,P7CT-0041,owner_reviewed,N/D is reported when information is missing. N/M is reserved for a mathematically non-meaningful nonpositive denominator. Missing information is never converted to zero.
P7H-00162,P7CT-0041,SEVERE_UNMITIGATED,2026-01-31,proposed_contractual,cash_interest_coverage,N/D,3,N/D,,,N/D,turns,not_determinable,coverage cushion = E - C*I,SRC-001;SRC-002;SRC-003,P7CT-0041,owner_reviewed,N/D is reported when information is missing. N/M is reserved for a mathematically non-meaningful nonpositive denominator. Missing information is never converted to zero.
P7H-00163,P7CT-0041,SEVERE_UNMITIGATED,2026-01-31,proposed_contractual,usable_liquidity,263.90228125,50,213.90228125,,,,USD_millions,compliant,liquidity headroom = usable liquidity - minimum liquidity,SRC-001;SRC-002;SRC-003,P7CT-0041,owner_reviewed,N/D is reported when information is missing. N/M is reserved for a mathematically non-meaningful nonpositive denominator. Missing information is never converted to zero.
P7H-00164,P7CT-0041,SEVERE_UNMITIGATED,2026-01-31,analyst_warning,analyst_leverage_warning,3.228471664433044589605225788,3.25,0.021528335566955410394774212,,,,turns,compliant,warning gap = warning threshold - D/E,SRC-001;SRC-002;SRC-003,P7CT-0041,owner_reviewed,N/D is reported when information is missing. N/M is reserved for a mathematically non-meaningful nonpositive denominator. Missing information is never converted to zero.
P7H-00165,P7CT-0042,SEVERE_UNMITIGATED,2026-04-30,proposed_contractual,gross_funded_leverage,N/D,3.5,N/D,N/D,261.8250306300468676231019312,,turns,not_determinable,ratio headroom = L - D/E; debt headroom = L*E - D; break-even EBITDA = D/L,SRC-001;SRC-002;SRC-003,P7CT-0042,owner_reviewed,N/D is reported when information is missing. N/M is reserved for a mathematically non-meaningful nonpositive denominator. Missing information is never converted to zero.
P7H-00166,P7CT-0042,SEVERE_UNMITIGATED,2026-04-30,proposed_contractual,cash_interest_coverage,N/D,3,N/D,,,N/D,turns,not_determinable,coverage cushion = E - C*I,SRC-001;SRC-002;SRC-003,P7CT-0042,owner_reviewed,N/D is reported when information is missing. N/M is reserved for a mathematically non-meaningful nonpositive denominator. Missing information is never converted to zero.
P7H-00167,P7CT-0042,SEVERE_UNMITIGATED,2026-04-30,proposed_contractual,usable_liquidity,63.1251427948359633191432408,50,13.1251427948359633191432408,,,,USD_millions,warning,liquidity headroom = usable liquidity - minimum liquidity,SRC-001;SRC-002;SRC-003,P7CT-0042,owner_reviewed,N/D is reported when information is missing. N/M is reserved for a mathematically non-meaningful nonpositive denominator. Missing information is never converted to zero.
P7H-00168,P7CT-0042,SEVERE_UNMITIGATED,2026-04-30,analyst_warning,analyst_leverage_warning,N/D,3.25,N/D,,,,turns,not_determinable,warning gap = warning threshold - D/E,SRC-001;SRC-002;SRC-003,P7CT-0042,owner_reviewed,N/D is reported when information is missing. N/M is reserved for a mathematically non-meaningful nonpositive denominator. Missing information is never converted to zero.
P7H-00169,P7CT-0043,SEVERE_UNMITIGATED,2026-07-31,proposed_contractual,gross_funded_leverage,N/D,3.5,N/D,N/D,259.5581749934793351533372518,,turns,not_determinable,ratio headroom = L - D/E; debt headroom = L*E - D; break-even EBITDA = D/L,SRC-001;SRC-002;SRC-003,P7CT-0043,owner_reviewed,N/D is reported when information is missing. N/M is reserved for a mathematically non-meaningful nonpositive denominator. Missing information is never converted to zero.
P7H-00170,P7CT-0043,SEVERE_UNMITIGATED,2026-07-31,proposed_contractual,cash_interest_coverage,N/D,3,N/D,,,N/D,turns,not_determinable,coverage cushion = E - C*I,SRC-001;SRC-002;SRC-003,P7CT-0043,owner_reviewed,N/D is reported when information is missing. N/M is reserved for a mathematically non-meaningful nonpositive denominator. Missing information is never converted to zero.
P7H-00171,P7CT-0043,SEVERE_UNMITIGATED,2026-07-31,proposed_contractual,usable_liquidity,59.1528875228223269633196187,50,9.1528875228223269633196187,,,,USD_millions,warning,liquidity headroom = usable liquidity - minimum liquidity,SRC-001;SRC-002;SRC-003,P7CT-0043,owner_reviewed,N/D is reported when information is missing. N/M is reserved for a mathematically non-meaningful nonpositive denominator. Missing information is never converted to zero.
P7H-00172,P7CT-0043,SEVERE_UNMITIGATED,2026-07-31,analyst_warning,analyst_leverage_warning,N/D,3.25,N/D,,,,turns,not_determinable,warning gap = warning threshold - D/E,SRC-001;SRC-002;SRC-003,P7CT-0043,owner_reviewed,N/D is reported when information is missing. N/M is reserved for a mathematically non-meaningful nonpositive denominator. Missing information is never converted to zero.
P7H-00173,P7CT-0044,SEVERE_UNMITIGATED,2026-10-31,proposed_contractual,gross_funded_leverage,6.085032837308540174682076325,3.5,-2.585032837308540174682076325,-382.3628221311592658343106473,257.1606270034907102520868295,,turns,breached,ratio headroom = L - D/E; debt headroom = L*E - D; break-even EBITDA = D/L,SRC-001;SRC-002;SRC-003,P7CT-0044,owner_reviewed,N/D is reported when information is missing. N/M is reserved for a mathematically non-meaningful nonpositive denominator. Missing information is never converted to zero.
P7H-00174,P7CT-0044,SEVERE_UNMITIGATED,2026-10-31,proposed_contractual,cash_interest_coverage,N/D,3,N/D,,,N/D,turns,not_determinable,coverage cushion = E - C*I,SRC-001;SRC-002;SRC-003,P7CT-0044,owner_reviewed,N/D is reported when information is missing. N/M is reserved for a mathematically non-meaningful nonpositive denominator. Missing information is never converted to zero.
P7H-00175,P7CT-0044,SEVERE_UNMITIGATED,2026-10-31,proposed_contractual,usable_liquidity,55.6380554877825141176960967,50,5.6380554877825141176960967,,,,USD_millions,warning,liquidity headroom = usable liquidity - minimum liquidity,SRC-001;SRC-002;SRC-003,P7CT-0044,owner_reviewed,N/D is reported when information is missing. N/M is reserved for a mathematically non-meaningful nonpositive denominator. Missing information is never converted to zero.
P7H-00176,P7CT-0044,SEVERE_UNMITIGATED,2026-10-31,analyst_warning,analyst_leverage_warning,6.085032837308540174682076325,3.25,-2.835032837308540174682076325,,,,turns,breached,warning gap = warning threshold - D/E,SRC-001;SRC-002;SRC-003,P7CT-0044,owner_reviewed,N/D is reported when information is missing. N/M is reserved for a mathematically non-meaningful nonpositive denominator. Missing information is never converted to zero.
P7H-00177,P7CT-0045,SEVERE_UNMITIGATED,2027-01-31,proposed_contractual,gross_funded_leverage,6.991657019500788217956342007,3.5,-3.491657019500788217956342007,-455.16859396692308445807086,260.4070770731195201031656246,,turns,breached,ratio headroom = L - D/E; debt headroom = L*E - D; break-even EBITDA = D/L,SRC-001;SRC-002;SRC-003,P7CT-0045,owner_reviewed,N/D is reported when information is missing. N/M is reserved for a mathematically non-meaningful nonpositive denominator. Missing information is never converted to zero.
P7H-00178,P7CT-0045,SEVERE_UNMITIGATED,2027-01-31,proposed_contractual,cash_interest_coverage,1.856217346560380145864229925,3,-1.143782653439619854135770075,,,-80.3258612174249509902397187,turns,breached,coverage cushion = E - C*I,SRC-001;SRC-002;SRC-003,P7CT-0045,owner_reviewed,N/D is reported when information is missing. N/M is reserved for a mathematically non-meaningful nonpositive denominator. Missing information is never converted to zero.
P7H-00179,P7CT-0045,SEVERE_UNMITIGATED,2027-01-31,proposed_contractual,usable_liquidity,32.3692302440816796389203138,50,-17.6307697559183203610796862,,,,USD_millions,breached,liquidity headroom = usable liquidity - minimum liquidity,SRC-001;SRC-002;SRC-003,P7CT-0045,owner_reviewed,N/D is reported when information is missing. N/M is reserved for a mathematically non-meaningful nonpositive denominator. Missing information is never converted to zero.
P7H-00180,P7CT-0045,SEVERE_UNMITIGATED,2027-01-31,analyst_warning,analyst_leverage_warning,6.991657019500788217956342007,3.25,-3.741657019500788217956342007,,,,turns,breached,warning gap = warning threshold - D/E,SRC-001;SRC-002;SRC-003,P7CT-0045,owner_reviewed,N/D is reported when information is missing. N/M is reserved for a mathematically non-meaningful nonpositive denominator. Missing information is never converted to zero.
P7H-00181,P7CT-0046,SEVERE_UNMITIGATED,2027-04-30,proposed_contractual,gross_funded_leverage,7.020658713702091058961565452,3.5,-3.520658713702091058961565452,-458.9457651962959572070421218,261.4852866678382701371867658,,turns,breached,ratio headroom = L - D/E; debt headroom = L*E - D; break-even EBITDA = D/L,SRC-001;SRC-002;SRC-003,P7CT-0046,owner_reviewed,N/D is reported when information is missing. N/M is reserved for a mathematically non-meaningful nonpositive denominator. Missing information is never converted to zero.
P7H-00182,P7CT-0046,SEVERE_UNMITIGATED,2027-04-30,proposed_contractual,cash_interest_coverage,1.78746682076793799062597412,3,-1.21253317923206200937402588,,,-88.4286676675495206475927491,turns,breached,coverage cushion = E - C*I,SRC-001;SRC-002;SRC-003,P7CT-0046,owner_reviewed,N/D is reported when information is missing. N/M is reserved for a mathematically non-meaningful nonpositive denominator. Missing information is never converted to zero.
P7H-00183,P7CT-0046,SEVERE_UNMITIGATED,2027-04-30,proposed_contractual,usable_liquidity,16.6892466625660545198463196,50,-33.3107533374339454801536804,,,,USD_millions,breached,liquidity headroom = usable liquidity - minimum liquidity,SRC-001;SRC-002;SRC-003,P7CT-0046,owner_reviewed,N/D is reported when information is missing. N/M is reserved for a mathematically non-meaningful nonpositive denominator. Missing information is never converted to zero.
P7H-00184,P7CT-0046,SEVERE_UNMITIGATED,2027-04-30,analyst_warning,analyst_leverage_warning,7.020658713702091058961565452,3.25,-3.770658713702091058961565452,,,,turns,breached,warning gap = warning threshold - D/E,SRC-001;SRC-002;SRC-003,P7CT-0046,owner_reviewed,N/D is reported when information is missing. N/M is reserved for a mathematically non-meaningful nonpositive denominator. Missing information is never converted to zero.
P7H-00185,P7CT-0047,SEVERE_UNMITIGATED,2027-07-31,proposed_contractual,gross_funded_leverage,7.057401459649876678831184631,3.5,-3.557401459649876678831184631,-463.732090297332531426317716,262.8518571428571428571428571,,turns,breached,ratio headroom = L - D/E; debt headroom = L*E - D; break-even EBITDA = D/L,SRC-001;SRC-002;SRC-003,P7CT-0047,owner_reviewed,N/D is reported when information is missing. N/M is reserved for a mathematically non-meaningful nonpositive denominator. Missing information is never converted to zero.
P7H-00186,P7CT-0047,SEVERE_UNMITIGATED,2027-07-31,proposed_contractual,cash_interest_coverage,1.785915257332087817543707476,3,-1.214084742667912182456292524,,,-88.6180981027763132301200039,turns,breached,coverage cushion = E - C*I,SRC-001;SRC-002;SRC-003,P7CT-0047,owner_reviewed,N/D is reported when information is missing. N/M is reserved for a mathematically non-meaningful nonpositive denominator. Missing information is never converted to zero.
P7H-00187,P7CT-0047,SEVERE_UNMITIGATED,2027-07-31,proposed_contractual,usable_liquidity,0,50,-50,,,,USD_millions,breached,liquidity headroom = usable liquidity - minimum liquidity,SRC-001;SRC-002;SRC-003,P7CT-0047,owner_reviewed,N/D is reported when information is missing. N/M is reserved for a mathematically non-meaningful nonpositive denominator. Missing information is never converted to zero.
P7H-00188,P7CT-0047,SEVERE_UNMITIGATED,2027-07-31,analyst_warning,analyst_leverage_warning,7.057401459649876678831184631,3.25,-3.807401459649876678831184631,,,,turns,breached,warning gap = warning threshold - D/E,SRC-001;SRC-002;SRC-003,P7CT-0047,owner_reviewed,N/D is reported when information is missing. N/M is reserved for a mathematically non-meaningful nonpositive denominator. Missing information is never converted to zero.
P7H-00189,P7CT-0048,SEVERE_UNMITIGATED,2027-10-31,proposed_contractual,gross_funded_leverage,6.966117243203929931493435938,3.5,-3.466117243203929931493435938,-451.8292145057395458427968746,259.4500714285714285714285714,,turns,breached,ratio headroom = L - D/E; debt headroom = L*E - D; break-even EBITDA = D/L,SRC-001;SRC-002;SRC-003,P7CT-0048,owner_reviewed,N/D is reported when information is missing. N/M is reserved for a mathematically non-meaningful nonpositive denominator. Missing information is never converted to zero.
P7H-00190,P7CT-0048,SEVERE_UNMITIGATED,2027-10-31,proposed_contractual,cash_interest_coverage,1.781935137831290008599621829,3,-1.218064862168709991400378171,,,-89.1065404988708083451225192,turns,breached,coverage cushion = E - C*I,SRC-001;SRC-002;SRC-003,P7CT-0048,owner_reviewed,N/D is reported when information is missing. N/M is reserved for a mathematically non-meaningful nonpositive denominator. Missing information is never converted to zero.
P7H-00191,P7CT-0048,SEVERE_UNMITIGATED,2027-10-31,proposed_contractual,usable_liquidity,0,50,-50,,,,USD_millions,breached,liquidity headroom = usable liquidity - minimum liquidity,SRC-001;SRC-002;SRC-003,P7CT-0048,owner_reviewed,N/D is reported when information is missing. N/M is reserved for a mathematically non-meaningful nonpositive denominator. Missing information is never converted to zero.
P7H-00192,P7CT-0048,SEVERE_UNMITIGATED,2027-10-31,analyst_warning,analyst_leverage_warning,6.966117243203929931493435938,3.25,-3.716117243203929931493435938,,,,turns,breached,warning gap = warning threshold - D/E,SRC-001;SRC-002;SRC-003,P7CT-0048,owner_reviewed,N/D is reported when information is missing. N/M is reserved for a mathematically non-meaningful nonpositive denominator. Missing information is never converted to zero.
P7H-00193,P7CT-0049,SEVERE_UNMITIGATED,2028-01-31,proposed_contractual,gross_funded_leverage,6.966136574643818685715534627,3.25,-3.716136574643818685715534627,-484.419392714299525479468124,279.4077692307692307692307692,,turns,breached,ratio headroom = L - D/E; debt headroom = L*E - D; break-even EBITDA = D/L,SRC-001;SRC-002;SRC-003,P7CT-0049,owner_reviewed,N/D is reported when information is missing. N/M is reserved for a mathematically non-meaningful nonpositive denominator. Missing information is never converted to zero.
P7H-00194,P7CT-0049,SEVERE_UNMITIGATED,2028-01-31,proposed_contractual,cash_interest_coverage,1.783044259944765726323334852,3,-1.216955740055234273676665148,,,-88.9697794537986786336484597,turns,breached,coverage cushion = E - C*I,SRC-001;SRC-002;SRC-003,P7CT-0049,owner_reviewed,N/D is reported when information is missing. N/M is reserved for a mathematically non-meaningful nonpositive denominator. Missing information is never converted to zero.
P7H-00195,P7CT-0049,SEVERE_UNMITIGATED,2028-01-31,proposed_contractual,usable_liquidity,0,50,-50,,,,USD_millions,breached,liquidity headroom = usable liquidity - minimum liquidity,SRC-001;SRC-002;SRC-003,P7CT-0049,owner_reviewed,N/D is reported when information is missing. N/M is reserved for a mathematically non-meaningful nonpositive denominator. Missing information is never converted to zero.
P7H-00196,P7CT-0049,SEVERE_UNMITIGATED,2028-01-31,analyst_warning,analyst_leverage_warning,6.966136574643818685715534627,3,-3.966136574643818685715534627,,,,turns,breached,warning gap = warning threshold - D/E,SRC-001;SRC-002;SRC-003,P7CT-0049,owner_reviewed,N/D is reported when information is missing. N/M is reserved for a mathematically non-meaningful nonpositive denominator. Missing information is never converted to zero.
P7H-00197,P7CT-0050,SEVERE_UNMITIGATED,2028-04-30,proposed_contractual,gross_funded_leverage,6.651723300731257362628317304,3.25,-3.401723300731257362628317304,-458.3051385131866763822087954,275.7443076923076923076923077,,turns,breached,ratio headroom = L - D/E; debt headroom = L*E - D; break-even EBITDA = D/L,SRC-001;SRC-002;SRC-003,P7CT-0050,owner_reviewed,N/D is reported when information is missing. N/M is reserved for a mathematically non-meaningful nonpositive denominator. Missing information is never converted to zero.
P7H-00198,P7CT-0050,SEVERE_UNMITIGATED,2028-04-30,proposed_contractual,cash_interest_coverage,1.870528751630894069961382495,3,-1.129471248369105930038617505,,,-81.3516814542052569043897356,turns,breached,coverage cushion = E - C*I,SRC-001;SRC-002;SRC-003,P7CT-0050,owner_reviewed,N/D is reported when information is missing. N/M is reserved for a mathematically non-meaningful nonpositive denominator. Missing information is never converted to zero.
P7H-00199,P7CT-0050,SEVERE_UNMITIGATED,2028-04-30,proposed_contractual,usable_liquidity,0,50,-50,,,,USD_millions,breached,liquidity headroom = usable liquidity - minimum liquidity,SRC-001;SRC-002;SRC-003,P7CT-0050,owner_reviewed,N/D is reported when information is missing. N/M is reserved for a mathematically non-meaningful nonpositive denominator. Missing information is never converted to zero.
P7H-00200,P7CT-0050,SEVERE_UNMITIGATED,2028-04-30,analyst_warning,analyst_leverage_warning,6.651723300731257362628317304,3,-3.651723300731257362628317304,,,,turns,breached,warning gap = warning threshold - D/E,SRC-001;SRC-002;SRC-003,P7CT-0050,owner_reviewed,N/D is reported when information is missing. N/M is reserved for a mathematically non-meaningful nonpositive denominator. Missing information is never converted to zero.
P7H-00201,P7CT-0051,SEVERE_UNMITIGATED,2028-07-31,proposed_contractual,gross_funded_leverage,6.000175670414765986881510606,3.25,-2.750175670414765986881510606,-396.4965475094603625180678453,266.1702907381545499661597492,,turns,breached,ratio headroom = L - D/E; debt headroom = L*E - D; break-even EBITDA = D/L,SRC-001;SRC-002;SRC-003,P7CT-0051,owner_reviewed,N/D is reported when information is missing. N/M is reserved for a mathematically non-meaningful nonpositive denominator. Missing information is never converted to zero.
P7H-00202,P7CT-0051,SEVERE_UNMITIGATED,2028-07-31,proposed_contractual,cash_interest_coverage,2.068414017562808117365825854,3,-0.931585982437191882634174146,,,-64.9328473039728060887123767,turns,breached,coverage cushion = E - C*I,SRC-001;SRC-002;SRC-003,P7CT-0051,owner_reviewed,N/D is reported when information is missing. N/M is reserved for a mathematically non-meaningful nonpositive denominator. Missing information is never converted to zero.
P7H-00203,P7CT-0051,SEVERE_UNMITIGATED,2028-07-31,proposed_contractual,usable_liquidity,19.209305100997712609980815,50,-30.790694899002287390019185,,,,USD_millions,breached,liquidity headroom = usable liquidity - minimum liquidity,SRC-001;SRC-002;SRC-003,P7CT-0051,owner_reviewed,N/D is reported when information is missing. N/M is reserved for a mathematically non-meaningful nonpositive denominator. Missing information is never converted to zero.
P7H-00204,P7CT-0051,SEVERE_UNMITIGATED,2028-07-31,analyst_warning,analyst_leverage_warning,6.000175670414765986881510606,3,-3.000175670414765986881510606,,,,turns,breached,warning gap = warning threshold - D/E,SRC-001;SRC-002;SRC-003,P7CT-0051,owner_reviewed,N/D is reported when information is missing. N/M is reserved for a mathematically non-meaningful nonpositive denominator. Missing information is never converted to zero.
P7H-00205,P7CT-0052,SEVERE_UNMITIGATED,2028-10-31,proposed_contractual,gross_funded_leverage,5.219159099706795858428833074,3.25,-1.969159099706795858428833074,-312.3336936712508270507247553,254.7154014526482378873596357,,turns,breached,ratio headroom = L - D/E; debt headroom = L*E - D; break-even EBITDA = D/L,SRC-001;SRC-002;SRC-003,P7CT-0052,owner_reviewed,N/D is reported when information is missing. N/M is reserved for a mathematically non-meaningful nonpositive denominator. Missing information is never converted to zero.
P7H-00206,P7CT-0052,SEVERE_UNMITIGATED,2028-10-31,proposed_contractual,cash_interest_coverage,2.402673484158016091327474747,3,-0.597326515841983908672525253,,,-39.4325687195208570490608831,turns,breached,coverage cushion = E - C*I,SRC-001;SRC-002;SRC-003,P7CT-0052,owner_reviewed,N/D is reported when information is missing. N/M is reserved for a mathematically non-meaningful nonpositive denominator. Missing information is never converted to zero.
P7H-00207,P7CT-0052,SEVERE_UNMITIGATED,2028-10-31,proposed_contractual,usable_liquidity,44.531445278893226866081184,50,-5.468554721106773133918816,,,,USD_millions,breached,liquidity headroom = usable liquidity - minimum liquidity,SRC-001;SRC-002;SRC-003,P7CT-0052,owner_reviewed,N/D is reported when information is missing. N/M is reserved for a mathematically non-meaningful nonpositive denominator. Missing information is never converted to zero.
P7H-00208,P7CT-0052,SEVERE_UNMITIGATED,2028-10-31,analyst_warning,analyst_leverage_warning,5.219159099706795858428833074,3,-2.219159099706795858428833074,,,,turns,breached,warning gap = warning threshold - D/E,SRC-001;SRC-002;SRC-003,P7CT-0052,owner_reviewed,N/D is reported when information is missing. N/M is reserved for a mathematically non-meaningful nonpositive denominator. Missing information is never converted to zero.
P7H-00209,P7CT-0053,SEVERE_UNMITIGATED,2029-01-31,proposed_contractual,gross_funded_leverage,4.674856038201080231713428729,3,-1.674856038201080231713428729,-288.569618717618097449656906,268.4850506021977508170268843,,turns,breached,ratio headroom = L - D/E; debt headroom = L*E - D; break-even EBITDA = D/L,SRC-001;SRC-002;SRC-003,P7CT-0053,owner_reviewed,N/D is reported when information is missing. N/M is reserved for a mathematically non-meaningful nonpositive denominator. Missing information is never converted to zero.
P7H-00210,P7CT-0053,SEVERE_UNMITIGATED,2029-01-31,proposed_contractual,cash_interest_coverage,2.814471062299132400721280448,3,-0.185528937700867599278719552,,,-11.3576372190050842007044805,turns,breached,coverage cushion = E - C*I,SRC-001;SRC-002;SRC-003,P7CT-0053,owner_reviewed,N/D is reported when information is missing. N/M is reserved for a mathematically non-meaningful nonpositive denominator. Missing information is never converted to zero.
P7H-00211,P7CT-0053,SEVERE_UNMITIGATED,2029-01-31,proposed_contractual,usable_liquidity,54.995098193406747548919347,50,4.995098193406747548919347,,,,USD_millions,warning,liquidity headroom = usable liquidity - minimum liquidity,SRC-001;SRC-002;SRC-003,P7CT-0053,owner_reviewed,N/D is reported when information is missing. N/M is reserved for a mathematically non-meaningful nonpositive denominator. Missing information is never converted to zero.
P7H-00212,P7CT-0053,SEVERE_UNMITIGATED,2029-01-31,analyst_warning,analyst_leverage_warning,4.674856038201080231713428729,2.75,-1.924856038201080231713428729,,,,turns,breached,warning gap = warning threshold - D/E,SRC-001;SRC-002;SRC-003,P7CT-0053,owner_reviewed,N/D is reported when information is missing. N/M is reserved for a mathematically non-meaningful nonpositive denominator. Missing information is never converted to zero.
P7H-00213,P7CT-0054,SEVERE_UNMITIGATED,2029-04-30,proposed_contractual,gross_funded_leverage,3.937357740359501990989405758,3,-0.937357740359501990989405758,-179.8042424118745438281340274,251.7550468825812310812895433,,turns,breached,ratio headroom = L - D/E; debt headroom = L*E - D; break-even EBITDA = D/L,SRC-001;SRC-002;SRC-003,P7CT-0054,owner_reviewed,N/D is reported when information is missing. N/M is reserved for a mathematically non-meaningful nonpositive denominator. Missing information is never converted to zero.
P7H-00214,P7CT-0054,SEVERE_UNMITIGATED,2029-04-30,proposed_contractual,cash_interest_coverage,3.438897422716532418689311089,3,0.438897422716532418689311089,,,24.4815197104996501102290886,turns,warning,coverage cushion = E - C*I,SRC-001;SRC-002;SRC-003,P7CT-0054,owner_reviewed,N/D is reported when information is missing. N/M is reserved for a mathematically non-meaningful nonpositive denominator. Missing information is never converted to zero.
P7H-00215,P7CT-0054,SEVERE_UNMITIGATED,2029-04-30,proposed_contractual,usable_liquidity,93.2788593522563067561313702,50,43.2788593522563067561313702,,,,USD_millions,compliant,liquidity headroom = usable liquidity - minimum liquidity,SRC-001;SRC-002;SRC-003,P7CT-0054,owner_reviewed,N/D is reported when information is missing. N/M is reserved for a mathematically non-meaningful nonpositive denominator. Missing information is never converted to zero.
P7H-00216,P7CT-0054,SEVERE_UNMITIGATED,2029-04-30,analyst_warning,analyst_leverage_warning,3.937357740359501990989405758,2.75,-1.187357740359501990989405758,,,,turns,breached,warning gap = warning threshold - D/E,SRC-001;SRC-002;SRC-003,P7CT-0054,owner_reviewed,N/D is reported when information is missing. N/M is reserved for a mathematically non-meaningful nonpositive denominator. Missing information is never converted to zero.
P7H-00217,P7CT-0055,SEVERE_UNMITIGATED,2029-07-31,proposed_contractual,gross_funded_leverage,3.570611132489975022115607797,3,-0.570611132489975022115607797,-118.4917271233409994062509775,247.154822776495608724567152,,turns,breached,ratio headroom = L - D/E; debt headroom = L*E - D; break-even EBITDA = D/L,SRC-001;SRC-002;SRC-003,P7CT-0055,owner_reviewed,N/D is reported when information is missing. N/M is reserved for a mathematically non-meaningful nonpositive denominator. Missing information is never converted to zero.
P7H-00218,P7CT-0055,SEVERE_UNMITIGATED,2029-07-31,proposed_contractual,cash_interest_coverage,4.074304202911485651394406909,3,1.074304202911485651394406909,,,54.7547262752086540364678944,turns,compliant,coverage cushion = E - C*I,SRC-001;SRC-002;SRC-003,P7CT-0055,owner_reviewed,N/D is reported when information is missing. N/M is reserved for a mathematically non-meaningful nonpositive denominator. Missing information is never converted to zero.
P7H-00219,P7CT-0055,SEVERE_UNMITIGATED,2029-07-31,proposed_contractual,usable_liquidity,95.1732816705131738262985441,50,45.1732816705131738262985441,,,,USD_millions,compliant,liquidity headroom = usable liquidity - minimum liquidity,SRC-001;SRC-002;SRC-003,P7CT-0055,owner_reviewed,N/D is reported when information is missing. N/M is reserved for a mathematically non-meaningful nonpositive denominator. Missing information is never converted to zero.
P7H-00220,P7CT-0055,SEVERE_UNMITIGATED,2029-07-31,analyst_warning,analyst_leverage_warning,3.570611132489975022115607797,2.75,-0.820611132489975022115607797,,,,turns,breached,warning gap = warning threshold - D/E,SRC-001;SRC-002;SRC-003,P7CT-0055,owner_reviewed,N/D is reported when information is missing. N/M is reserved for a mathematically non-meaningful nonpositive denominator. Missing information is never converted to zero.
P7H-00221,P7CT-0056,SEVERE_UNMITIGATED,2029-10-31,proposed_contractual,gross_funded_leverage,3.320122592947013554177840308,3,-0.320122592947013554177840308,-69.9103831444134105674489521,241.6897439431564738053664503,,turns,breached,ratio headroom = L - D/E; debt headroom = L*E - D; break-even EBITDA = D/L,SRC-001;SRC-002;SRC-003,P7CT-0056,owner_reviewed,N/D is reported when information is missing. N/M is reserved for a mathematically non-meaningful nonpositive denominator. Missing information is never converted to zero.
P7H-00222,P7CT-0056,SEVERE_UNMITIGATED,2029-10-31,proposed_contractual,cash_interest_coverage,4.612836862632313539064854489,3,1.612836862632313539064854489,,,76.356796876909226053208615,turns,compliant,coverage cushion = E - C*I,SRC-001;SRC-002;SRC-003,P7CT-0056,owner_reviewed,N/D is reported when information is missing. N/M is reserved for a mathematically non-meaningful nonpositive denominator. Missing information is never converted to zero.
P7H-00223,P7CT-0056,SEVERE_UNMITIGATED,2029-10-31,proposed_contractual,usable_liquidity,99.662268170530578583900649,50,49.662268170530578583900649,,,,USD_millions,compliant,liquidity headroom = usable liquidity - minimum liquidity,SRC-001;SRC-002;SRC-003,P7CT-0056,owner_reviewed,N/D is reported when information is missing. N/M is reserved for a mathematically non-meaningful nonpositive denominator. Missing information is never converted to zero.
P7H-00224,P7CT-0056,SEVERE_UNMITIGATED,2029-10-31,analyst_warning,analyst_leverage_warning,3.320122592947013554177840308,2.75,-0.570122592947013554177840308,,,,turns,breached,warning gap = warning threshold - D/E,SRC-001;SRC-002;SRC-003,P7CT-0056,owner_reviewed,N/D is reported when information is missing. N/M is reserved for a mathematically non-meaningful nonpositive denominator. Missing information is never converted to zero.
P7H-00225,P7CT-0057,SEVERE_UNMITIGATED,2030-01-31,proposed_contractual,gross_funded_leverage,3.276751012812602236352723192,3,-0.276751012812602236352723192,-61.5096257044181721748376457,242.7593986333532989024846336,,turns,breached,ratio headroom = L - D/E; debt headroom = L*E - D; break-even EBITDA = D/L,SRC-001;SRC-002;SRC-003,P7CT-0057,owner_reviewed,N/D is reported when information is missing. N/M is reserved for a mathematically non-meaningful nonpositive denominator. Missing information is never converted to zero.
P7H-00226,P7CT-0057,SEVERE_UNMITIGATED,2030-01-31,proposed_contractual,cash_interest_coverage,4.94162848129710934201660474,3,1.94162848129710934201660474,,,87.3272748869073091054311071,turns,compliant,coverage cushion = E - C*I,SRC-001;SRC-002;SRC-003,P7CT-0057,owner_reviewed,N/D is reported when information is missing. N/M is reserved for a mathematically non-meaningful nonpositive denominator. Missing information is never converted to zero.
P7H-00227,P7CT-0057,SEVERE_UNMITIGATED,2030-01-31,proposed_contractual,usable_liquidity,84.5470540999401032925460992,50,34.5470540999401032925460992,,,,USD_millions,compliant,liquidity headroom = usable liquidity - minimum liquidity,SRC-001;SRC-002;SRC-003,P7CT-0057,owner_reviewed,N/D is reported when information is missing. N/M is reserved for a mathematically non-meaningful nonpositive denominator. Missing information is never converted to zero.
P7H-00228,P7CT-0057,SEVERE_UNMITIGATED,2030-01-31,analyst_warning,analyst_leverage_warning,3.276751012812602236352723192,2.75,-0.526751012812602236352723192,,,,turns,breached,warning gap = warning threshold - D/E,SRC-001;SRC-002;SRC-003,P7CT-0057,owner_reviewed,N/D is reported when information is missing. N/M is reserved for a mathematically non-meaningful nonpositive denominator. Missing information is never converted to zero.
P7H-00229,P7CT-0058,SEVERE_UNMITIGATED,2030-04-30,proposed_contractual,gross_funded_leverage,3.183435049027755465835096081,3,-0.183435049027755465835096081,-40.7692853708292498400013583,235.8443722745599822475776463,,turns,breached,ratio headroom = L - D/E; debt headroom = L*E - D; break-even EBITDA = D/L,SRC-001;SRC-002;SRC-003,P7CT-0058,owner_reviewed,N/D is reported when information is missing. N/M is reserved for a mathematically non-meaningful nonpositive denominator. Missing information is never converted to zero.
P7H-00230,P7CT-0058,SEVERE_UNMITIGATED,2030-04-30,proposed_contractual,cash_interest_coverage,5.056999041340889165623612938,3,2.056999041340889165623612938,,,90.4049055501780499515833245,turns,compliant,coverage cushion = E - C*I,SRC-001;SRC-002;SRC-003,P7CT-0058,owner_reviewed,N/D is reported when information is missing. N/M is reserved for a mathematically non-meaningful nonpositive denominator. Missing information is never converted to zero.
P7H-00231,P7CT-0058,SEVERE_UNMITIGATED,2030-04-30,proposed_contractual,usable_liquidity,93.3858831763200532572670611,50,43.3858831763200532572670611,,,,USD_millions,compliant,liquidity headroom = usable liquidity - minimum liquidity,SRC-001;SRC-002;SRC-003,P7CT-0058,owner_reviewed,N/D is reported when information is missing. N/M is reserved for a mathematically non-meaningful nonpositive denominator. Missing information is never converted to zero.
P7H-00232,P7CT-0058,SEVERE_UNMITIGATED,2030-04-30,analyst_warning,analyst_leverage_warning,3.183435049027755465835096081,2.75,-0.433435049027755465835096081,,,,turns,breached,warning gap = warning threshold - D/E,SRC-001;SRC-002;SRC-003,P7CT-0058,owner_reviewed,N/D is reported when information is missing. N/M is reserved for a mathematically non-meaningful nonpositive denominator. Missing information is never converted to zero.
P7H-00233,P7CT-0059,SEVERE_UNMITIGATED,2030-07-31,proposed_contractual,gross_funded_leverage,3.092169465297373931029442809,3,-0.092169465297373931029442809,-20.4849427047834234791990414,229.0813417282648583377655979,,turns,breached,ratio headroom = L - D/E; debt headroom = L*E - D; break-even EBITDA = D/L,SRC-001;SRC-002;SRC-003,P7CT-0059,owner_reviewed,N/D is reported when information is missing. N/M is reserved for a mathematically non-meaningful nonpositive denominator. Missing information is never converted to zero.
P7H-00234,P7CT-0059,SEVERE_UNMITIGATED,2030-07-31,proposed_contractual,cash_interest_coverage,5.155158152702188902064165901,3,2.155158152702188902064165901,,,92.9147874762941602272854846,turns,compliant,coverage cushion = E - C*I,SRC-001;SRC-002;SRC-003,P7CT-0059,owner_reviewed,N/D is reported when information is missing. N/M is reserved for a mathematically non-meaningful nonpositive denominator. Missing information is never converted to zero.
P7H-00235,P7CT-0059,SEVERE_UNMITIGATED,2030-07-31,proposed_contractual,usable_liquidity,101.7687248152054249867032064,50,51.7687248152054249867032064,,,,USD_millions,compliant,liquidity headroom = usable liquidity - minimum liquidity,SRC-001;SRC-002;SRC-003,P7CT-0059,owner_reviewed,N/D is reported when information is missing. N/M is reserved for a mathematically non-meaningful nonpositive denominator. Missing information is never converted to zero.
P7H-00236,P7CT-0059,SEVERE_UNMITIGATED,2030-07-31,analyst_warning,analyst_leverage_warning,3.092169465297373931029442809,2.75,-0.342169465297373931029442809,,,,turns,breached,warning gap = warning threshold - D/E,SRC-001;SRC-002;SRC-003,P7CT-0059,owner_reviewed,N/D is reported when information is missing. N/M is reserved for a mathematically non-meaningful nonpositive denominator. Missing information is never converted to zero.
P7H-00237,P7CT-0060,SEVERE_UNMITIGATED,2030-10-31,proposed_contractual,gross_funded_leverage,2.997474584158126058237598345,3,0.002525415841873941762401655,0.5612772928230251157346476,222.0643417750544966782067836,,turns,warning,ratio headroom = L - D/E; debt headroom = L*E - D; break-even EBITDA = D/L,SRC-001;SRC-002;SRC-003,P7CT-0060,owner_reviewed,N/D is reported when information is missing. N/M is reserved for a mathematically non-meaningful nonpositive denominator. Missing information is never converted to zero.
P7H-00238,P7CT-0060,SEVERE_UNMITIGATED,2030-10-31,proposed_contractual,cash_interest_coverage,5.268615063324592466281641821,3,2.268615063324592466281641821,,,95.6993337765417814997636366,turns,compliant,coverage cushion = E - C*I,SRC-001;SRC-002;SRC-003,P7CT-0060,owner_reviewed,N/D is reported when information is missing. N/M is reserved for a mathematically non-meaningful nonpositive denominator. Missing information is never converted to zero.
P7H-00239,P7CT-0060,SEVERE_UNMITIGATED,2030-10-31,proposed_contractual,usable_liquidity,110.9134746748365099653796492,50,60.9134746748365099653796492,,,,USD_millions,compliant,liquidity headroom = usable liquidity - minimum liquidity,SRC-001;SRC-002;SRC-003,P7CT-0060,owner_reviewed,N/D is reported when information is missing. N/M is reserved for a mathematically non-meaningful nonpositive denominator. Missing information is never converted to zero.
P7H-00240,P7CT-0060,SEVERE_UNMITIGATED,2030-10-31,analyst_warning,analyst_leverage_warning,2.997474584158126058237598345,2.75,-0.247474584158126058237598345,,,,turns,warning,warning gap = warning threshold - D/E,SRC-001;SRC-002;SRC-003,P7CT-0060,owner_reviewed,N/D is reported when information is missing. N/M is reserved for a mathematically non-meaningful nonpositive denominator. Missing information is never converted to zero.
P7H-00241,P7CT-0061,MODERATE_MITIGATED,2026-01-31,proposed_contractual,gross_funded_leverage,3.228471664433044589605225788,3.5,0.271528335566955410394774212,61.18728125,207.8619196428571428571428571,,turns,compliant,ratio headroom = L - D/E; debt headroom = L*E - D; break-even EBITDA = D/L,SRC-001;SRC-002;SRC-003,P7CT-0061,owner_reviewed,N/D is reported when information is missing. N/M is reserved for a mathematically non-meaningful nonpositive denominator. Missing information is never converted to zero.
P7H-00242,P7CT-0061,MODERATE_MITIGATED,2026-01-31,proposed_contractual,cash_interest_coverage,N/D,3,N/D,,,N/D,turns,not_determinable,coverage cushion = E - C*I,SRC-001;SRC-002;SRC-003,P7CT-0061,owner_reviewed,N/D is reported when information is missing. N/M is reserved for a mathematically non-meaningful nonpositive denominator. Missing information is never converted to zero.
P7H-00243,P7CT-0061,MODERATE_MITIGATED,2026-01-31,proposed_contractual,usable_liquidity,263.90228125,50,213.90228125,,,,USD_millions,compliant,liquidity headroom = usable liquidity - minimum liquidity,SRC-001;SRC-002;SRC-003,P7CT-0061,owner_reviewed,N/D is reported when information is missing. N/M is reserved for a mathematically non-meaningful nonpositive denominator. Missing information is never converted to zero.
P7H-00244,P7CT-0061,MODERATE_MITIGATED,2026-01-31,analyst_warning,analyst_leverage_warning,3.228471664433044589605225788,3.25,0.021528335566955410394774212,,,,turns,compliant,warning gap = warning threshold - D/E,SRC-001;SRC-002;SRC-003,P7CT-0061,owner_reviewed,N/D is reported when information is missing. N/M is reserved for a mathematically non-meaningful nonpositive denominator. Missing information is never converted to zero.
P7H-00245,P7CT-0062,MODERATE_MITIGATED,2026-04-30,proposed_contractual,gross_funded_leverage,N/D,3.5,N/D,N/D,226.8917362544979856615432457,,turns,not_determinable,ratio headroom = L - D/E; debt headroom = L*E - D; break-even EBITDA = D/L,SRC-001;SRC-002;SRC-003,P7CT-0062,owner_reviewed,N/D is reported when information is missing. N/M is reserved for a mathematically non-meaningful nonpositive denominator. Missing information is never converted to zero.
P7H-00246,P7CT-0062,MODERATE_MITIGATED,2026-04-30,proposed_contractual,cash_interest_coverage,N/D,3,N/D,,,N/D,turns,not_determinable,coverage cushion = E - C*I,SRC-001;SRC-002;SRC-003,P7CT-0062,owner_reviewed,N/D is reported when information is missing. N/M is reserved for a mathematically non-meaningful nonpositive denominator. Missing information is never converted to zero.
P7H-00247,P7CT-0062,MODERATE_MITIGATED,2026-04-30,proposed_contractual,usable_liquidity,185.3916731092570501845986401,50,135.3916731092570501845986401,,,,USD_millions,compliant,liquidity headroom = usable liquidity - minimum liquidity,SRC-001;SRC-002;SRC-003,P7CT-0062,owner_reviewed,N/D is reported when information is missing. N/M is reserved for a mathematically non-meaningful nonpositive denominator. Missing information is never converted to zero.
P7H-00248,P7CT-0062,MODERATE_MITIGATED,2026-04-30,analyst_warning,analyst_leverage_warning,N/D,3.25,N/D,,,,turns,not_determinable,warning gap = warning threshold - D/E,SRC-001;SRC-002;SRC-003,P7CT-0062,owner_reviewed,N/D is reported when information is missing. N/M is reserved for a mathematically non-meaningful nonpositive denominator. Missing information is never converted to zero.
P7H-00249,P7CT-0063,MODERATE_MITIGATED,2026-07-31,proposed_contractual,gross_funded_leverage,N/D,3.5,N/D,N/D,223.5957792852513630976757337,,turns,not_determinable,ratio headroom = L - D/E; debt headroom = L*E - D; break-even EBITDA = D/L,SRC-001;SRC-002;SRC-003,P7CT-0063,owner_reviewed,N/D is reported when information is missing. N/M is reserved for a mathematically non-meaningful nonpositive denominator. Missing information is never converted to zero.
P7H-00250,P7CT-0063,MODERATE_MITIGATED,2026-07-31,proposed_contractual,cash_interest_coverage,N/D,3,N/D,,,N/D,turns,not_determinable,coverage cushion = E - C*I,SRC-001;SRC-002;SRC-003,P7CT-0063,owner_reviewed,N/D is reported when information is missing. N/M is reserved for a mathematically non-meaningful nonpositive denominator. Missing information is never converted to zero.
P7H-00251,P7CT-0063,MODERATE_MITIGATED,2026-07-31,proposed_contractual,usable_liquidity,185.021272501620229158134932,50,135.021272501620229158134932,,,,USD_millions,compliant,liquidity headroom = usable liquidity - minimum liquidity,SRC-001;SRC-002;SRC-003,P7CT-0063,owner_reviewed,N/D is reported when information is missing. N/M is reserved for a mathematically non-meaningful nonpositive denominator. Missing information is never converted to zero.
P7H-00252,P7CT-0063,MODERATE_MITIGATED,2026-07-31,analyst_warning,analyst_leverage_warning,N/D,3.25,N/D,,,,turns,not_determinable,warning gap = warning threshold - D/E,SRC-001;SRC-002;SRC-003,P7CT-0063,owner_reviewed,N/D is reported when information is missing. N/M is reserved for a mathematically non-meaningful nonpositive denominator. Missing information is never converted to zero.
P7H-00253,P7CT-0064,MODERATE_MITIGATED,2026-10-31,proposed_contractual,gross_funded_leverage,4.201091161978409868818035499,3.5,-0.701091161978409868818035499,-128.3172852942786026671188738,219.687189021038274910833129,,turns,breached,ratio headroom = L - D/E; debt headroom = L*E - D; break-even EBITDA = D/L,SRC-001;SRC-002;SRC-003,P7CT-0064,owner_reviewed,N/D is reported when information is missing. N/M is reserved for a mathematically non-meaningful nonpositive denominator. Missing information is never converted to zero.
P7H-00254,P7CT-0064,MODERATE_MITIGATED,2026-10-31,proposed_contractual,cash_interest_coverage,N/D,3,N/D,,,N/D,turns,not_determinable,coverage cushion = E - C*I,SRC-001;SRC-002;SRC-003,P7CT-0064,owner_reviewed,N/D is reported when information is missing. N/M is reserved for a mathematically non-meaningful nonpositive denominator. Missing information is never converted to zero.
P7H-00255,P7CT-0064,MODERATE_MITIGATED,2026-10-31,proposed_contractual,usable_liquidity,186.7950884263660378120840486,50,136.7950884263660378120840486,,,,USD_millions,compliant,liquidity headroom = usable liquidity - minimum liquidity,SRC-001;SRC-002;SRC-003,P7CT-0064,owner_reviewed,N/D is reported when information is missing. N/M is reserved for a mathematically non-meaningful nonpositive denominator. Missing information is never converted to zero.
P7H-00256,P7CT-0064,MODERATE_MITIGATED,2026-10-31,analyst_warning,analyst_leverage_warning,4.201091161978409868818035499,3.25,-0.951091161978409868818035499,,,,turns,breached,warning gap = warning threshold - D/E,SRC-001;SRC-002;SRC-003,P7CT-0064,owner_reviewed,N/D is reported when information is missing. N/M is reserved for a mathematically non-meaningful nonpositive denominator. Missing information is never converted to zero.
P7H-00257,P7CT-0065,MODERATE_MITIGATED,2027-01-31,proposed_contractual,gross_funded_leverage,4.46700610804697192532459313,3.5,-0.96700610804697192532459313,-167.7390877750431940677604566,221.3877372686958920576271901,,turns,breached,ratio headroom = L - D/E; debt headroom = L*E - D; break-even EBITDA = D/L,SRC-001;SRC-002;SRC-003,P7CT-0065,owner_reviewed,N/D is reported when information is missing. N/M is reserved for a mathematically non-meaningful nonpositive denominator. Missing information is never converted to zero.
P7H-00258,P7CT-0065,MODERATE_MITIGATED,2027-01-31,proposed_contractual,cash_interest_coverage,3.21683406720595994209164216,3,0.21683406720595994209164216,,,11.692406781970562236064107,turns,warning,coverage cushion = E - C*I,SRC-001;SRC-002;SRC-003,P7CT-0065,owner_reviewed,N/D is reported when information is missing. N/M is reserved for a mathematically non-meaningful nonpositive denominator. Missing information is never converted to zero.
P7H-00259,P7CT-0065,MODERATE_MITIGATED,2027-01-31,proposed_contractual,usable_liquidity,168.9369195595643777983048346,50,118.9369195595643777983048346,,,,USD_millions,compliant,liquidity headroom = usable liquidity - minimum liquidity,SRC-001;SRC-002;SRC-003,P7CT-0065,owner_reviewed,N/D is reported when information is missing. N/M is reserved for a mathematically non-meaningful nonpositive denominator. Missing information is never converted to zero.
P7H-00260,P7CT-0065,MODERATE_MITIGATED,2027-01-31,analyst_warning,analyst_leverage_warning,4.46700610804697192532459313,3.25,-1.21700610804697192532459313,,,,turns,breached,warning gap = warning threshold - D/E,SRC-001;SRC-002;SRC-003,P7CT-0065,owner_reviewed,N/D is reported when information is missing. N/M is reserved for a mathematically non-meaningful nonpositive denominator. Missing information is never converted to zero.
P7H-00261,P7CT-0066,MODERATE_MITIGATED,2027-04-30,proposed_contractual,gross_funded_leverage,4.219401078064577266955004226,3.5,-0.719401078064577266955004226,-126.9690673960261152340229686,212.7696163564056416349334392,,turns,breached,ratio headroom = L - D/E; debt headroom = L*E - D; break-even EBITDA = D/L,SRC-001;SRC-002;SRC-003,P7CT-0066,owner_reviewed,N/D is reported when information is missing. N/M is reserved for a mathematically non-meaningful nonpositive denominator. Missing information is never converted to zero.
P7H-00262,P7CT-0066,MODERATE_MITIGATED,2027-04-30,proposed_contractual,cash_interest_coverage,3.289870097092243182187143439,3,0.289870097092243182187143439,,,15.5507561568422612073139055,turns,warning,coverage cushion = E - C*I,SRC-001;SRC-002;SRC-003,P7CT-0066,owner_reviewed,N/D is reported when information is missing. N/M is reserved for a mathematically non-meaningful nonpositive denominator. Missing information is never converted to zero.
P7H-00263,P7CT-0066,MODERATE_MITIGATED,2027-04-30,proposed_contractual,usable_liquidity,187.1940927525802542777329627,50,137.1940927525802542777329627,,,,USD_millions,compliant,liquidity headroom = usable liquidity - minimum liquidity,SRC-001;SRC-002;SRC-003,P7CT-0066,owner_reviewed,N/D is reported when information is missing. N/M is reserved for a mathematically non-meaningful nonpositive denominator. Missing information is never converted to zero.
P7H-00264,P7CT-0066,MODERATE_MITIGATED,2027-04-30,analyst_warning,analyst_leverage_warning,4.219401078064577266955004226,3.25,-0.969401078064577266955004226,,,,turns,breached,warning gap = warning threshold - D/E,SRC-001;SRC-002;SRC-003,P7CT-0066,owner_reviewed,N/D is reported when information is missing. N/M is reserved for a mathematically non-meaningful nonpositive denominator. Missing information is never converted to zero.
P7H-00265,P7CT-0067,MODERATE_MITIGATED,2027-07-31,proposed_contractual,gross_funded_leverage,3.898661252434223797947545522,3.5,-0.398661252434223797947545522,-72.9626227279678718531176712,203.8655613854867523823047148,,turns,breached,ratio headroom = L - D/E; debt headroom = L*E - D; break-even EBITDA = D/L,SRC-001;SRC-002;SRC-003,P7CT-0067,owner_reviewed,N/D is reported when information is missing. N/M is reserved for a mathematically non-meaningful nonpositive denominator. Missing information is never converted to zero.
P7H-00266,P7CT-0067,MODERATE_MITIGATED,2027-07-31,proposed_contractual,cash_interest_coverage,3.538601767099606480189821035,3,0.538601767099606480189821035,,,27.8568813187877498886762956,turns,compliant,coverage cushion = E - C*I,SRC-001;SRC-002;SRC-003,P7CT-0067,owner_reviewed,N/D is reported when information is missing. N/M is reserved for a mathematically non-meaningful nonpositive denominator. Missing information is never converted to zero.
P7H-00267,P7CT-0067,MODERATE_MITIGATED,2027-07-31,proposed_contractual,usable_liquidity,206.4520351507963666619334982,50,156.4520351507963666619334982,,,,USD_millions,compliant,liquidity headroom = usable liquidity - minimum liquidity,SRC-001;SRC-002;SRC-003,P7CT-0067,owner_reviewed,N/D is reported when information is missing. N/M is reserved for a mathematically non-meaningful nonpositive denominator. Missing information is never converted to zero.
P7H-00268,P7CT-0067,MODERATE_MITIGATED,2027-07-31,analyst_warning,analyst_leverage_warning,3.898661252434223797947545522,3.25,-0.648661252434223797947545522,,,,turns,breached,warning gap = warning threshold - D/E,SRC-001;SRC-002;SRC-003,P7CT-0067,owner_reviewed,N/D is reported when information is missing. N/M is reserved for a mathematically non-meaningful nonpositive denominator. Missing information is never converted to zero.
P7H-00269,P7CT-0068,MODERATE_MITIGATED,2027-10-31,proposed_contractual,gross_funded_leverage,3.521954279533402169814328549,3.5,-0.021954279533402169814328549,-4.2344372685136061294596083,194.0850944549454451776789462,,turns,breached,ratio headroom = L - D/E; debt headroom = L*E - D; break-even EBITDA = D/L,SRC-001;SRC-002;SRC-003,P7CT-0068,owner_reviewed,N/D is reported when information is missing. N/M is reserved for a mathematically non-meaningful nonpositive denominator. Missing information is never converted to zero.
P7H-00270,P7CT-0068,MODERATE_MITIGATED,2027-10-31,proposed_contractual,cash_interest_coverage,3.931770385345354853839668211,3,0.931770385345354853839668211,,,45.7085315978997164095080627,turns,compliant,coverage cushion = E - C*I,SRC-001;SRC-002;SRC-003,P7CT-0068,owner_reviewed,N/D is reported when information is missing. N/M is reserved for a mathematically non-meaningful nonpositive denominator. Missing information is never converted to zero.
P7H-00271,P7CT-0068,MODERATE_MITIGATED,2027-10-31,proposed_contractual,usable_liquidity,228.7774194076909418781236883,50,178.7774194076909418781236883,,,,USD_millions,compliant,liquidity headroom = usable liquidity - minimum liquidity,SRC-001;SRC-002;SRC-003,P7CT-0068,owner_reviewed,N/D is reported when information is missing. N/M is reserved for a mathematically non-meaningful nonpositive denominator. Missing information is never converted to zero.
P7H-00272,P7CT-0068,MODERATE_MITIGATED,2027-10-31,analyst_warning,analyst_leverage_warning,3.521954279533402169814328549,3.25,-0.271954279533402169814328549,,,,turns,breached,warning gap = warning threshold - D/E,SRC-001;SRC-002;SRC-003,P7CT-0068,owner_reviewed,N/D is reported when information is missing. N/M is reserved for a mathematically non-meaningful nonpositive denominator. Missing information is never converted to zero.
P7H-00273,P7CT-0069,MODERATE_MITIGATED,2028-01-31,proposed_contractual,gross_funded_leverage,3.276760076891859567045887501,3.25,-0.026760076891859567045887501,-5.4172157141580977019820608,204.1033134982602329911719663,,turns,breached,ratio headroom = L - D/E; debt headroom = L*E - D; break-even EBITDA = D/L,SRC-001;SRC-002;SRC-003,P7CT-0069,owner_reviewed,N/D is reported when information is missing. N/M is reserved for a mathematically non-meaningful nonpositive denominator. Missing information is never converted to zero.
P7H-00274,P7CT-0069,MODERATE_MITIGATED,2028-01-31,proposed_contractual,cash_interest_coverage,4.438784102871998526489981739,3,1.438784102871998526489981739,,,65.6176059670696779247591795,turns,compliant,coverage cushion = E - C*I,SRC-001;SRC-002;SRC-003,P7CT-0069,owner_reviewed,N/D is reported when information is missing. N/M is reserved for a mathematically non-meaningful nonpositive denominator. Missing information is never converted to zero.
P7H-00275,P7CT-0069,MODERATE_MITIGATED,2028-01-31,proposed_contractual,usable_liquidity,232.8332311306542427786911095,50,182.8332311306542427786911095,,,,USD_millions,compliant,liquidity headroom = usable liquidity - minimum liquidity,SRC-001;SRC-002;SRC-003,P7CT-0069,owner_reviewed,N/D is reported when information is missing. N/M is reserved for a mathematically non-meaningful nonpositive denominator. Missing information is never converted to zero.
P7H-00276,P7CT-0069,MODERATE_MITIGATED,2028-01-31,analyst_warning,analyst_leverage_warning,3.276760076891859567045887501,3,-0.276760076891859567045887501,,,,turns,breached,warning gap = warning threshold - D/E,SRC-001;SRC-002;SRC-003,P7CT-0069,owner_reviewed,N/D is reported when information is missing. N/M is reserved for a mathematically non-meaningful nonpositive denominator. Missing information is never converted to zero.
P7H-00277,P7CT-0070,MODERATE_MITIGATED,2028-04-30,proposed_contractual,gross_funded_leverage,3.033570473278979213210831237,3.25,0.216429526721020786789168763,45.8768281642055367303449325,197.8552605873899496889108754,,turns,warning,ratio headroom = L - D/E; debt headroom = L*E - D; break-even EBITDA = D/L,SRC-001;SRC-002;SRC-003,P7CT-0070,owner_reviewed,N/D is reported when information is missing. N/M is reserved for a mathematically non-meaningful nonpositive denominator. Missing information is never converted to zero.
P7H-00278,P7CT-0070,MODERATE_MITIGATED,2028-04-30,proposed_contractual,cash_interest_coverage,4.992373144656223294113228861,3,1.992373144656223294113228861,,,84.5941858619765514356301242,turns,compliant,coverage cushion = E - C*I,SRC-001;SRC-002;SRC-003,P7CT-0070,owner_reviewed,N/D is reported when information is missing. N/M is reserved for a mathematically non-meaningful nonpositive denominator. Missing information is never converted to zero.
P7H-00279,P7CT-0070,MODERATE_MITIGATED,2028-04-30,proposed_contractual,usable_liquidity,241.2331530909826635110396551,50,191.2331530909826635110396551,,,,USD_millions,compliant,liquidity headroom = usable liquidity - minimum liquidity,SRC-001;SRC-002;SRC-003,P7CT-0070,owner_reviewed,N/D is reported when information is missing. N/M is reserved for a mathematically non-meaningful nonpositive denominator. Missing information is never converted to zero.
P7H-00280,P7CT-0070,MODERATE_MITIGATED,2028-04-30,analyst_warning,analyst_leverage_warning,3.033570473278979213210831237,3,-0.033570473278979213210831237,,,,turns,warning,warning gap = warning threshold - D/E,SRC-001;SRC-002;SRC-003,P7CT-0070,owner_reviewed,N/D is reported when information is missing. N/M is reserved for a mathematically non-meaningful nonpositive denominator. Missing information is never converted to zero.
P7H-00281,P7CT-0071,MODERATE_MITIGATED,2028-07-31,proposed_contractual,gross_funded_leverage,2.844787356223848137055133281,3.25,0.405212643776151862944866719,88.6682832263273704849256708,191.5365937781359263861010897,,turns,compliant,ratio headroom = L - D/E; debt headroom = L*E - D; break-even EBITDA = D/L,SRC-001;SRC-002;SRC-003,P7CT-0071,owner_reviewed,N/D is reported when information is missing. N/M is reserved for a mathematically non-meaningful nonpositive denominator. Missing information is never converted to zero.
P7H-00282,P7CT-0071,MODERATE_MITIGATED,2028-07-31,proposed_contractual,cash_interest_coverage,5.476358759128668698833415787,3,2.476358759128668698833415787,,,98.94799152820406079596523,turns,compliant,coverage cushion = E - C*I,SRC-001;SRC-002;SRC-003,P7CT-0071,owner_reviewed,N/D is reported when information is missing. N/M is reserved for a mathematically non-meaningful nonpositive denominator. Missing information is never converted to zero.
P7H-00283,P7CT-0071,MODERATE_MITIGATED,2028-07-31,proposed_contractual,usable_liquidity,249.8625702210582392451714586,50,199.8625702210582392451714586,,,,USD_millions,compliant,liquidity headroom = usable liquidity - minimum liquidity,SRC-001;SRC-002;SRC-003,P7CT-0071,owner_reviewed,N/D is reported when information is missing. N/M is reserved for a mathematically non-meaningful nonpositive denominator. Missing information is never converted to zero.
P7H-00284,P7CT-0071,MODERATE_MITIGATED,2028-07-31,analyst_warning,analyst_leverage_warning,2.844787356223848137055133281,3,0.155212643776151862944866719,,,,turns,compliant,warning gap = warning threshold - D/E,SRC-001;SRC-002;SRC-003,P7CT-0071,owner_reviewed,N/D is reported when information is missing. N/M is reserved for a mathematically non-meaningful nonpositive denominator. Missing information is never converted to zero.
P7H-00285,P7CT-0072,MODERATE_MITIGATED,2028-10-31,proposed_contractual,gross_funded_leverage,2.70050089258700577780716115,3.25,0.54949910741299422219283885,122.133071294683906908370003,184.6831406422307022154650628,,turns,compliant,ratio headroom = L - D/E; debt headroom = L*E - D; break-even EBITDA = D/L,SRC-001;SRC-002;SRC-003,P7CT-0072,owner_reviewed,N/D is reported when information is missing. N/M is reserved for a mathematically non-meaningful nonpositive denominator. Missing information is never converted to zero.
P7H-00286,P7CT-0072,MODERATE_MITIGATED,2028-10-31,proposed_contractual,cash_interest_coverage,5.837176026612170826376098298,3,2.837176026612170826376098298,,,108.031343861976410979194557,turns,compliant,coverage cushion = E - C*I,SRC-001;SRC-002;SRC-003,P7CT-0072,owner_reviewed,N/D is reported when information is missing. N/M is reserved for a mathematically non-meaningful nonpositive denominator. Missing information is never converted to zero.
P7H-00287,P7CT-0072,MODERATE_MITIGATED,2028-10-31,proposed_contractual,usable_liquidity,260.230042912750217799738546,50,210.230042912750217799738546,,,,USD_millions,compliant,liquidity headroom = usable liquidity - minimum liquidity,SRC-001;SRC-002;SRC-003,P7CT-0072,owner_reviewed,N/D is reported when information is missing. N/M is reserved for a mathematically non-meaningful nonpositive denominator. Missing information is never converted to zero.
P7H-00288,P7CT-0072,MODERATE_MITIGATED,2028-10-31,analyst_warning,analyst_leverage_warning,2.70050089258700577780716115,3,0.29949910741299422219283885,,,,turns,compliant,warning gap = warning threshold - D/E,SRC-001;SRC-002;SRC-003,P7CT-0072,owner_reviewed,N/D is reported when information is missing. N/M is reserved for a mathematically non-meaningful nonpositive denominator. Missing information is never converted to zero.
P7H-00289,P7CT-0073,MODERATE_MITIGATED,2029-01-31,proposed_contractual,gross_funded_leverage,2.693397564124912400705688829,3,0.306602435875087599294311171,68.1459929121338321813724997,199.5464156381678527620018133,,turns,compliant,ratio headroom = L - D/E; debt headroom = L*E - D; break-even EBITDA = D/L,SRC-001;SRC-002;SRC-003,P7CT-0073,owner_reviewed,N/D is reported when information is missing. N/M is reserved for a mathematically non-meaningful nonpositive denominator. Missing information is never converted to zero.
P7H-00290,P7CT-0073,MODERATE_MITIGATED,2029-01-31,proposed_contractual,cash_interest_coverage,6.024000825073318963500974264,3,3.024000825073318963500974264,,,111.57364094804999949437053,turns,compliant,coverage cushion = E - C*I,SRC-001;SRC-002;SRC-003,P7CT-0073,owner_reviewed,N/D is reported when information is missing. N/M is reserved for a mathematically non-meaningful nonpositive denominator. Missing information is never converted to zero.
P7H-00291,P7CT-0073,MODERATE_MITIGATED,2029-01-31,proposed_contractual,usable_liquidity,249.9047530854964417139945602,50,199.9047530854964417139945602,,,,USD_millions,compliant,liquidity headroom = usable liquidity - minimum liquidity,SRC-001;SRC-002;SRC-003,P7CT-0073,owner_reviewed,N/D is reported when information is missing. N/M is reserved for a mathematically non-meaningful nonpositive denominator. Missing information is never converted to zero.
P7H-00292,P7CT-0073,MODERATE_MITIGATED,2029-01-31,analyst_warning,analyst_leverage_warning,2.693397564124912400705688829,2.75,0.056602435875087599294311171,,,,turns,compliant,warning gap = warning threshold - D/E,SRC-001;SRC-002;SRC-003,P7CT-0073,owner_reviewed,N/D is reported when information is missing. N/M is reserved for a mathematically non-meaningful nonpositive denominator. Missing information is never converted to zero.
P7H-00293,P7CT-0074,MODERATE_MITIGATED,2029-04-30,proposed_contractual,gross_funded_leverage,2.585144756750317652539356888,3,0.414855243249682347460643112,92.2057956407118769786919357,191.5249017748876514316071609,,turns,compliant,ratio headroom = L - D/E; debt headroom = L*E - D; break-even EBITDA = D/L,SRC-001;SRC-002;SRC-003,P7CT-0074,owner_reviewed,N/D is reported when information is missing. N/M is reserved for a mathematically non-meaningful nonpositive denominator. Missing information is never converted to zero.
P7H-00294,P7CT-0074,MODERATE_MITIGATED,2029-04-30,proposed_contractual,cash_interest_coverage,6.207932944231914772131745246,3,3.207932944231914772131745246,,,114.8523539603049606223068869,turns,compliant,coverage cushion = E - C*I,SRC-001;SRC-002;SRC-003,P7CT-0074,owner_reviewed,N/D is reported when information is missing. N/M is reserved for a mathematically non-meaningful nonpositive denominator. Missing information is never converted to zero.
P7H-00295,P7CT-0074,MODERATE_MITIGATED,2029-04-30,proposed_contractual,usable_liquidity,262.0630446753370457051785172,50,212.0630446753370457051785172,,,,USD_millions,compliant,liquidity headroom = usable liquidity - minimum liquidity,SRC-001;SRC-002;SRC-003,P7CT-0074,owner_reviewed,N/D is reported when information is missing. N/M is reserved for a mathematically non-meaningful nonpositive denominator. Missing information is never converted to zero.
P7H-00296,P7CT-0074,MODERATE_MITIGATED,2029-04-30,analyst_warning,analyst_leverage_warning,2.585144756750317652539356888,2.75,0.164855243249682347460643112,,,,turns,compliant,warning gap = warning threshold - D/E,SRC-001;SRC-002;SRC-003,P7CT-0074,owner_reviewed,N/D is reported when information is missing. N/M is reserved for a mathematically non-meaningful nonpositive denominator. Missing information is never converted to zero.
P7H-00297,P7CT-0075,MODERATE_MITIGATED,2029-07-31,proposed_contractual,gross_funded_leverage,2.478694810412381853010413068,3,0.521305189587618146989586932,115.8645532476673712202710994,183.6370662087135418379150009,,turns,compliant,ratio headroom = L - D/E; debt headroom = L*E - D; break-even EBITDA = D/L,SRC-001;SRC-002;SRC-003,P7CT-0075,owner_reviewed,N/D is reported when information is missing. N/M is reserved for a mathematically non-meaningful nonpositive denominator. Missing information is never converted to zero.
P7H-00298,P7CT-0075,MODERATE_MITIGATED,2029-07-31,proposed_contractual,cash_interest_coverage,6.413906415938931864937546742,3,3.413906415938931864937546742,,,118.3007603425443977334521774,turns,compliant,coverage cushion = E - C*I,SRC-001;SRC-002;SRC-003,P7CT-0075,owner_reviewed,N/D is reported when information is missing. N/M is reserved for a mathematically non-meaningful nonpositive denominator. Missing information is never converted to zero.
P7H-00299,P7CT-0075,MODERATE_MITIGATED,2029-07-31,proposed_contractual,usable_liquidity,273.8203013738593744862549973,50,223.8203013738593744862549973,,,,USD_millions,compliant,liquidity headroom = usable liquidity - minimum liquidity,SRC-001;SRC-002;SRC-003,P7CT-0075,owner_reviewed,N/D is reported when information is missing. N/M is reserved for a mathematically non-meaningful nonpositive denominator. Missing information is never converted to zero.
P7H-00300,P7CT-0075,MODERATE_MITIGATED,2029-07-31,analyst_warning,analyst_leverage_warning,2.478694810412381853010413068,2.75,0.271305189587618146989586932,,,,turns,compliant,warning gap = warning threshold - D/E,SRC-001;SRC-002;SRC-003,P7CT-0075,owner_reviewed,N/D is reported when information is missing. N/M is reserved for a mathematically non-meaningful nonpositive denominator. Missing information is never converted to zero.
P7H-00301,P7CT-0076,MODERATE_MITIGATED,2029-10-31,proposed_contractual,gross_funded_leverage,2.368563926734425543719193819,3,0.631436073265574456280806181,140.3410814197114713481687171,175.4766301575241169659141429,,turns,compliant,ratio headroom = L - D/E; debt headroom = L*E - D; break-even EBITDA = D/L,SRC-001;SRC-002;SRC-003,P7CT-0076,owner_reviewed,N/D is reported when information is missing. N/M is reserved for a mathematically non-meaningful nonpositive denominator. Missing information is never converted to zero.
P7H-00302,P7CT-0076,MODERATE_MITIGATED,2029-10-31,proposed_contractual,cash_interest_coverage,6.64271136941376376174289546,3,3.64271136941376376174289546,,,121.8806631325625885520708186,turns,compliant,coverage cushion = E - C*I,SRC-001;SRC-002;SRC-003,P7CT-0076,owner_reviewed,N/D is reported when information is missing. N/M is reserved for a mathematically non-meaningful nonpositive denominator. Missing information is never converted to zero.
P7H-00303,P7CT-0076,MODERATE_MITIGATED,2029-10-31,proposed_contractual,usable_liquidity,286.3953595274276491022575714,50,236.3953595274276491022575714,,,,USD_millions,compliant,liquidity headroom = usable liquidity - minimum liquidity,SRC-001;SRC-002;SRC-003,P7CT-0076,owner_reviewed,N/D is reported when information is missing. N/M is reserved for a mathematically non-meaningful nonpositive denominator. Missing information is never converted to zero.
P7H-00304,P7CT-0076,MODERATE_MITIGATED,2029-10-31,analyst_warning,analyst_leverage_warning,2.368563926734425543719193819,2.75,0.381436073265574456280806181,,,,turns,compliant,warning gap = warning threshold - D/E,SRC-001;SRC-002;SRC-003,P7CT-0076,owner_reviewed,N/D is reported when information is missing. N/M is reserved for a mathematically non-meaningful nonpositive denominator. Missing information is never converted to zero.
P7H-00305,P7CT-0077,MODERATE_MITIGATED,2030-01-31,proposed_contractual,gross_funded_leverage,2.355563551790096120517618051,3,0.644436448209903879482381949,143.2299897182917758797932629,174.5128601591166495509409974,,turns,compliant,ratio headroom = L - D/E; debt headroom = L*E - D; break-even EBITDA = D/L,SRC-001;SRC-002;SRC-003,P7CT-0077,owner_reviewed,N/D is reported when information is missing. N/M is reserved for a mathematically non-meaningful nonpositive denominator. Missing information is never converted to zero.
P7H-00306,P7CT-0077,MODERATE_MITIGATED,2030-01-31,proposed_contractual,cash_interest_coverage,6.894650390652961906644685776,3,3.894650390652961906644685776,,,125.5480856050405452383472816,turns,compliant,coverage cushion = E - C*I,SRC-001;SRC-002;SRC-003,P7CT-0077,owner_reviewed,N/D is reported when information is missing. N/M is reserved for a mathematically non-meaningful nonpositive denominator. Missing information is never converted to zero.
P7H-00307,P7CT-0077,MODERATE_MITIGATED,2030-01-31,proposed_contractual,usable_liquidity,277.3804195226500513471770078,50,227.3804195226500513471770078,,,,USD_millions,compliant,liquidity headroom = usable liquidity - minimum liquidity,SRC-001;SRC-002;SRC-003,P7CT-0077,owner_reviewed,N/D is reported when information is missing. N/M is reserved for a mathematically non-meaningful nonpositive denominator. Missing information is never converted to zero.
P7H-00308,P7CT-0077,MODERATE_MITIGATED,2030-01-31,analyst_warning,analyst_leverage_warning,2.355563551790096120517618051,2.75,0.394436448209903879482381949,,,,turns,compliant,warning gap = warning threshold - D/E,SRC-001;SRC-002;SRC-003,P7CT-0077,owner_reviewed,N/D is reported when information is missing. N/M is reserved for a mathematically non-meaningful nonpositive denominator. Missing information is never converted to zero.
P7H-00309,P7CT-0078,MODERATE_MITIGATED,2030-04-30,proposed_contractual,gross_funded_leverage,2.2413262899047418624687756,3,0.7586737100952581375312244,168.6187299218878696842208847,166.0483671769876090728368986,,turns,compliant,ratio headroom = L - D/E; debt headroom = L*E - D; break-even EBITDA = D/L,SRC-001;SRC-002;SRC-003,P7CT-0078,owner_reviewed,N/D is reported when information is missing. N/M is reserved for a mathematically non-meaningful nonpositive denominator. Missing information is never converted to zero.
P7H-00310,P7CT-0078,MODERATE_MITIGATED,2030-04-30,proposed_contractual,cash_interest_coverage,7.170856904129327712964023077,3,4.170856904129327712964023077,,,129.2721621706244691513822123,turns,compliant,coverage cushion = E - C*I,SRC-001;SRC-002;SRC-003,P7CT-0078,owner_reviewed,N/D is reported when information is missing. N/M is reserved for a mathematically non-meaningful nonpositive denominator. Missing information is never converted to zero.
P7H-00311,P7CT-0078,MODERATE_MITIGATED,2030-04-30,proposed_contractual,usable_liquidity,290.8676484690371727814893041,50,240.8676484690371727814893041,,,,USD_millions,compliant,liquidity headroom = usable liquidity - minimum liquidity,SRC-001;SRC-002;SRC-003,P7CT-0078,owner_reviewed,N/D is reported when information is missing. N/M is reserved for a mathematically non-meaningful nonpositive denominator. Missing information is never converted to zero.
P7H-00312,P7CT-0078,MODERATE_MITIGATED,2030-04-30,analyst_warning,analyst_leverage_warning,2.2413262899047418624687756,2.75,0.5086737100952581375312244,,,,turns,compliant,warning gap = warning threshold - D/E,SRC-001;SRC-002;SRC-003,P7CT-0078,owner_reviewed,N/D is reported when information is missing. N/M is reserved for a mathematically non-meaningful nonpositive denominator. Missing information is never converted to zero.
P7H-00313,P7CT-0079,MODERATE_MITIGATED,2030-07-31,proposed_contractual,gross_funded_leverage,2.174577801935629884967042946,3,0.825422198064370115032957054,183.4525824800111515340977522,161.1021666666666666666666667,,turns,compliant,ratio headroom = L - D/E; debt headroom = L*E - D; break-even EBITDA = D/L,SRC-001;SRC-002;SRC-003,P7CT-0079,owner_reviewed,N/D is reported when information is missing. N/M is reserved for a mathematically non-meaningful nonpositive denominator. Missing information is never converted to zero.
P7H-00314,P7CT-0079,MODERATE_MITIGATED,2030-07-31,proposed_contractual,cash_interest_coverage,7.443187250513965941123089852,3,4.443187250513965941123089852,,,132.6732466764604906504069337,turns,compliant,coverage cushion = E - C*I,SRC-001;SRC-002;SRC-003,P7CT-0079,owner_reviewed,N/D is reported when information is missing. N/M is reserved for a mathematically non-meaningful nonpositive denominator. Missing information is never converted to zero.
P7H-00315,P7CT-0079,MODERATE_MITIGATED,2030-07-31,proposed_contractual,usable_liquidity,303.846199466099660248573475,50,253.846199466099660248573475,,,,USD_millions,compliant,liquidity headroom = usable liquidity - minimum liquidity,SRC-001;SRC-002;SRC-003,P7CT-0079,owner_reviewed,N/D is reported when information is missing. N/M is reserved for a mathematically non-meaningful nonpositive denominator. Missing information is never converted to zero.
P7H-00316,P7CT-0079,MODERATE_MITIGATED,2030-07-31,analyst_warning,analyst_leverage_warning,2.174577801935629884967042946,2.75,0.575422198064370115032957054,,,,turns,compliant,warning gap = warning threshold - D/E,SRC-001;SRC-002;SRC-003,P7CT-0079,owner_reviewed,N/D is reported when information is missing. N/M is reserved for a mathematically non-meaningful nonpositive denominator. Missing information is never converted to zero.
P7H-00317,P7CT-0080,MODERATE_MITIGATED,2030-10-31,proposed_contractual,gross_funded_leverage,2.067815101861819646302738238,3,0.932184898138180353697261762,207.1794305563804126519112031,153.1916240205353674994812651,,turns,compliant,ratio headroom = L - D/E; debt headroom = L*E - D; break-even EBITDA = D/L,SRC-001;SRC-002;SRC-003,P7CT-0080,owner_reviewed,N/D is reported when information is missing. N/M is reserved for a mathematically non-meaningful nonpositive denominator. Missing information is never converted to zero.
P7H-00318,P7CT-0080,MODERATE_MITIGATED,2030-10-31,proposed_contractual,cash_interest_coverage,7.685709749192360106251787338,3,4.685709749192360106251787338,,,135.4989644437785190897121443,turns,compliant,coverage cushion = E - C*I,SRC-001;SRC-002;SRC-003,P7CT-0080,owner_reviewed,N/D is reported when information is missing. N/M is reserved for a mathematically non-meaningful nonpositive denominator. Missing information is never converted to zero.
P7H-00319,P7CT-0080,MODERATE_MITIGATED,2030-10-31,proposed_contractual,usable_liquidity,305.6253779383938975015562047,50,255.6253779383938975015562047,,,,USD_millions,compliant,liquidity headroom = usable liquidity - minimum liquidity,SRC-001;SRC-002;SRC-003,P7CT-0080,owner_reviewed,N/D is reported when information is missing. N/M is reserved for a mathematically non-meaningful nonpositive denominator. Missing information is never converted to zero.
P7H-00320,P7CT-0080,MODERATE_MITIGATED,2030-10-31,analyst_warning,analyst_leverage_warning,2.067815101861819646302738238,2.75,0.682184898138180353697261762,,,,turns,compliant,warning gap = warning threshold - D/E,SRC-001;SRC-002;SRC-003,P7CT-0080,owner_reviewed,N/D is reported when information is missing. N/M is reserved for a mathematically non-meaningful nonpositive denominator. Missing information is never converted to zero.
P7H-00321,P7CT-0081,SEVERE_MITIGATED,2026-01-31,proposed_contractual,gross_funded_leverage,3.228471664433044589605225788,3.5,0.271528335566955410394774212,61.18728125,207.8619196428571428571428571,,turns,compliant,ratio headroom = L - D/E; debt headroom = L*E - D; break-even EBITDA = D/L,SRC-001;SRC-002;SRC-003,P7CT-0081,owner_reviewed,N/D is reported when information is missing. N/M is reserved for a mathematically non-meaningful nonpositive denominator. Missing information is never converted to zero.
P7H-00322,P7CT-0081,SEVERE_MITIGATED,2026-01-31,proposed_contractual,cash_interest_coverage,N/D,3,N/D,,,N/D,turns,not_determinable,coverage cushion = E - C*I,SRC-001;SRC-002;SRC-003,P7CT-0081,owner_reviewed,N/D is reported when information is missing. N/M is reserved for a mathematically non-meaningful nonpositive denominator. Missing information is never converted to zero.
P7H-00323,P7CT-0081,SEVERE_MITIGATED,2026-01-31,proposed_contractual,usable_liquidity,263.90228125,50,213.90228125,,,,USD_millions,compliant,liquidity headroom = usable liquidity - minimum liquidity,SRC-001;SRC-002;SRC-003,P7CT-0081,owner_reviewed,N/D is reported when information is missing. N/M is reserved for a mathematically non-meaningful nonpositive denominator. Missing information is never converted to zero.
P7H-00324,P7CT-0081,SEVERE_MITIGATED,2026-01-31,analyst_warning,analyst_leverage_warning,3.228471664433044589605225788,3.25,0.021528335566955410394774212,,,,turns,compliant,warning gap = warning threshold - D/E,SRC-001;SRC-002;SRC-003,P7CT-0081,owner_reviewed,N/D is reported when information is missing. N/M is reserved for a mathematically non-meaningful nonpositive denominator. Missing information is never converted to zero.
P7H-00325,P7CT-0082,SEVERE_MITIGATED,2026-04-30,proposed_contractual,gross_funded_leverage,N/D,3.5,N/D,N/D,261.8250306300468676231019312,,turns,not_determinable,ratio headroom = L - D/E; debt headroom = L*E - D; break-even EBITDA = D/L,SRC-001;SRC-002;SRC-003,P7CT-0082,owner_reviewed,N/D is reported when information is missing. N/M is reserved for a mathematically non-meaningful nonpositive denominator. Missing information is never converted to zero.
P7H-00326,P7CT-0082,SEVERE_MITIGATED,2026-04-30,proposed_contractual,cash_interest_coverage,N/D,3,N/D,,,N/D,turns,not_determinable,coverage cushion = E - C*I,SRC-001;SRC-002;SRC-003,P7CT-0082,owner_reviewed,N/D is reported when information is missing. N/M is reserved for a mathematically non-meaningful nonpositive denominator. Missing information is never converted to zero.
P7H-00327,P7CT-0082,SEVERE_MITIGATED,2026-04-30,proposed_contractual,usable_liquidity,63.1251427948359633191432408,50,13.1251427948359633191432408,,,,USD_millions,warning,liquidity headroom = usable liquidity - minimum liquidity,SRC-001;SRC-002;SRC-003,P7CT-0082,owner_reviewed,N/D is reported when information is missing. N/M is reserved for a mathematically non-meaningful nonpositive denominator. Missing information is never converted to zero.
P7H-00328,P7CT-0082,SEVERE_MITIGATED,2026-04-30,analyst_warning,analyst_leverage_warning,N/D,3.25,N/D,,,,turns,not_determinable,warning gap = warning threshold - D/E,SRC-001;SRC-002;SRC-003,P7CT-0082,owner_reviewed,N/D is reported when information is missing. N/M is reserved for a mathematically non-meaningful nonpositive denominator. Missing information is never converted to zero.
P7H-00329,P7CT-0083,SEVERE_MITIGATED,2026-07-31,proposed_contractual,gross_funded_leverage,N/D,3.5,N/D,N/D,258.6737304543472852497679257,,turns,not_determinable,ratio headroom = L - D/E; debt headroom = L*E - D; break-even EBITDA = D/L,SRC-001;SRC-002;SRC-003,P7CT-0083,owner_reviewed,N/D is reported when information is missing. N/M is reserved for a mathematically non-meaningful nonpositive denominator. Missing information is never converted to zero.
P7H-00330,P7CT-0083,SEVERE_MITIGATED,2026-07-31,proposed_contractual,cash_interest_coverage,N/D,3,N/D,,,N/D,turns,not_determinable,coverage cushion = E - C*I,SRC-001;SRC-002;SRC-003,P7CT-0083,owner_reviewed,N/D is reported when information is missing. N/M is reserved for a mathematically non-meaningful nonpositive denominator. Missing information is never converted to zero.
P7H-00331,P7CT-0083,SEVERE_MITIGATED,2026-07-31,proposed_contractual,usable_liquidity,62.24844340978450162581226,50,12.24844340978450162581226,,,,USD_millions,warning,liquidity headroom = usable liquidity - minimum liquidity,SRC-001;SRC-002;SRC-003,P7CT-0083,owner_reviewed,N/D is reported when information is missing. N/M is reserved for a mathematically non-meaningful nonpositive denominator. Missing information is never converted to zero.
P7H-00332,P7CT-0083,SEVERE_MITIGATED,2026-07-31,analyst_warning,analyst_leverage_warning,N/D,3.25,N/D,,,,turns,not_determinable,warning gap = warning threshold - D/E,SRC-001;SRC-002;SRC-003,P7CT-0083,owner_reviewed,N/D is reported when information is missing. N/M is reserved for a mathematically non-meaningful nonpositive denominator. Missing information is never converted to zero.
P7H-00333,P7CT-0084,SEVERE_MITIGATED,2026-10-31,proposed_contractual,gross_funded_leverage,6.042723485765931740088159603,3.5,-2.542723485765931740088159603,-376.1046722055998532567720902,255.3725841676165923727900989,,turns,breached,ratio headroom = L - D/E; debt headroom = L*E - D; break-even EBITDA = D/L,SRC-001;SRC-002;SRC-003,P7CT-0084,owner_reviewed,N/D is reported when information is missing. N/M is reserved for a mathematically non-meaningful nonpositive denominator. Missing information is never converted to zero.
P7H-00334,P7CT-0084,SEVERE_MITIGATED,2026-10-31,proposed_contractual,cash_interest_coverage,N/D,3,N/D,,,N/D,turns,not_determinable,coverage cushion = E - C*I,SRC-001;SRC-002;SRC-003,P7CT-0084,owner_reviewed,N/D is reported when information is missing. N/M is reserved for a mathematically non-meaningful nonpositive denominator. Missing information is never converted to zero.
P7H-00335,P7CT-0084,SEVERE_MITIGATED,2026-10-31,proposed_contractual,usable_liquidity,61.8962054133419266952346538,50,11.8962054133419266952346538,,,,USD_millions,warning,liquidity headroom = usable liquidity - minimum liquidity,SRC-001;SRC-002;SRC-003,P7CT-0084,owner_reviewed,N/D is reported when information is missing. N/M is reserved for a mathematically non-meaningful nonpositive denominator. Missing information is never converted to zero.
P7H-00336,P7CT-0084,SEVERE_MITIGATED,2026-10-31,analyst_warning,analyst_leverage_warning,6.042723485765931740088159603,3.25,-2.792723485765931740088159603,,,,turns,breached,warning gap = warning threshold - D/E,SRC-001;SRC-002;SRC-003,P7CT-0084,owner_reviewed,N/D is reported when information is missing. N/M is reserved for a mathematically non-meaningful nonpositive denominator. Missing information is never converted to zero.
P7H-00337,P7CT-0085,SEVERE_MITIGATED,2027-01-31,proposed_contractual,gross_funded_leverage,6.918863881672572794290344691,3.5,-3.418863881672572794290344691,-445.679360055727994392143581,257.6958673842066372271864021,,turns,breached,ratio headroom = L - D/E; debt headroom = L*E - D; break-even EBITDA = D/L,SRC-001;SRC-002;SRC-003,P7CT-0085,owner_reviewed,N/D is reported when information is missing. N/M is reserved for a mathematically non-meaningful nonpositive denominator. Missing information is never converted to zero.
P7H-00338,P7CT-0085,SEVERE_MITIGATED,2027-01-31,proposed_contractual,cash_interest_coverage,1.864226950094369393974978001,3,-1.135773049905630606025021999,,,-79.4206594838396807924578816,turns,breached,coverage cushion = E - C*I,SRC-001;SRC-002;SRC-003,P7CT-0085,owner_reviewed,N/D is reported when information is missing. N/M is reserved for a mathematically non-meaningful nonpositive denominator. Missing information is never converted to zero.
P7H-00339,P7CT-0085,SEVERE_MITIGATED,2027-01-31,proposed_contractual,usable_liquidity,41.8584641552767697048475928,50,-8.1415358447232302951524072,,,,USD_millions,breached,liquidity headroom = usable liquidity - minimum liquidity,SRC-001;SRC-002;SRC-003,P7CT-0085,owner_reviewed,N/D is reported when information is missing. N/M is reserved for a mathematically non-meaningful nonpositive denominator. Missing information is never converted to zero.
P7H-00340,P7CT-0085,SEVERE_MITIGATED,2027-01-31,analyst_warning,analyst_leverage_warning,6.918863881672572794290344691,3.25,-3.668863881672572794290344691,,,,turns,breached,warning gap = warning threshold - D/E,SRC-001;SRC-002;SRC-003,P7CT-0085,owner_reviewed,N/D is reported when information is missing. N/M is reserved for a mathematically non-meaningful nonpositive denominator. Missing information is never converted to zero.
P7H-00341,P7CT-0086,SEVERE_MITIGATED,2027-04-30,proposed_contractual,gross_funded_leverage,6.922542001106849051106938647,3.5,-3.422542001106849051106938647,-446.1554741165856008390551191,257.8309177879210254606190508,,turns,breached,ratio headroom = L - D/E; debt headroom = L*E - D; break-even EBITDA = D/L,SRC-001;SRC-002;SRC-003,P7CT-0086,owner_reviewed,N/D is reported when information is missing. N/M is reserved for a mathematically non-meaningful nonpositive denominator. Missing information is never converted to zero.
P7H-00342,P7CT-0086,SEVERE_MITIGATED,2027-04-30,proposed_contractual,cash_interest_coverage,1.800808047646651465852370982,3,-1.199191952353348534147629018,,,-86.8077944284184515436317407,turns,breached,coverage cushion = E - C*I,SRC-001;SRC-002;SRC-003,P7CT-0086,owner_reviewed,N/D is reported when information is missing. N/M is reserved for a mathematically non-meaningful nonpositive denominator. Missing information is never converted to zero.
P7H-00343,P7CT-0086,SEVERE_MITIGATED,2027-04-30,proposed_contractual,usable_liquidity,29.4795377422764108878333223,50,-20.5204622577235891121666777,,,,USD_millions,breached,liquidity headroom = usable liquidity - minimum liquidity,SRC-001;SRC-002;SRC-003,P7CT-0086,owner_reviewed,N/D is reported when information is missing. N/M is reserved for a mathematically non-meaningful nonpositive denominator. Missing information is never converted to zero.
P7H-00344,P7CT-0086,SEVERE_MITIGATED,2027-04-30,analyst_warning,analyst_leverage_warning,6.922542001106849051106938647,3.25,-3.672542001106849051106938647,,,,turns,breached,warning gap = warning threshold - D/E,SRC-001;SRC-002;SRC-003,P7CT-0086,owner_reviewed,N/D is reported when information is missing. N/M is reserved for a mathematically non-meaningful nonpositive denominator. Missing information is never converted to zero.
P7H-00345,P7CT-0087,SEVERE_MITIGATED,2027-07-31,proposed_contractual,gross_funded_leverage,6.939403964860243563107473789,3.5,-3.439403964860243563107473789,-448.3502939132857630441350173,258.4570581759866376050906575,,turns,breached,ratio headroom = L - D/E; debt headroom = L*E - D; break-even EBITDA = D/L,SRC-001;SRC-002;SRC-003,P7CT-0087,owner_reviewed,N/D is reported when information is missing. N/M is reserved for a mathematically non-meaningful nonpositive denominator. Missing information is never converted to zero.
P7H-00346,P7CT-0087,SEVERE_MITIGATED,2027-07-31,proposed_contractual,cash_interest_coverage,1.806068624314958251269849516,3,-1.193931375685041748730150484,,,-86.1746222941493400159879553,turns,breached,coverage cushion = E - C*I,SRC-001;SRC-002;SRC-003,P7CT-0087,owner_reviewed,N/D is reported when information is missing. N/M is reserved for a mathematically non-meaningful nonpositive denominator. Missing information is never converted to zero.
P7H-00347,P7CT-0087,SEVERE_MITIGATED,2027-07-31,proposed_contractual,usable_liquidity,15.3817963840467683821826987,50,-34.6182036159532316178173013,,,,USD_millions,breached,liquidity headroom = usable liquidity - minimum liquidity,SRC-001;SRC-002;SRC-003,P7CT-0087,owner_reviewed,N/D is reported when information is missing. N/M is reserved for a mathematically non-meaningful nonpositive denominator. Missing information is never converted to zero.
P7H-00348,P7CT-0087,SEVERE_MITIGATED,2027-07-31,analyst_warning,analyst_leverage_warning,6.939403964860243563107473789,3.25,-3.689403964860243563107473789,,,,turns,breached,warning gap = warning threshold - D/E,SRC-001;SRC-002;SRC-003,P7CT-0087,owner_reviewed,N/D is reported when information is missing. N/M is reserved for a mathematically non-meaningful nonpositive denominator. Missing information is never converted to zero.
P7H-00349,P7CT-0088,SEVERE_MITIGATED,2027-10-31,proposed_contractual,gross_funded_leverage,6.952855624180312930251039561,3.5,-3.452855624180312930251039561,-450.1004827618079681236808275,258.9561480731624063659668437,,turns,breached,ratio headroom = L - D/E; debt headroom = L*E - D; break-even EBITDA = D/L,SRC-001;SRC-002;SRC-003,P7CT-0088,owner_reviewed,N/D is reported when information is missing. N/M is reserved for a mathematically non-meaningful nonpositive denominator. Missing information is never converted to zero.
P7H-00350,P7CT-0088,SEVERE_MITIGATED,2027-10-31,proposed_contractual,cash_interest_coverage,1.804216891080964000615440467,3,-1.195783108919035999384559533,,,-86.3962175742379699268206681,turns,breached,coverage cushion = E - C*I,SRC-001;SRC-002;SRC-003,P7CT-0088,owner_reviewed,N/D is reported when information is missing. N/M is reserved for a mathematically non-meaningful nonpositive denominator. Missing information is never converted to zero.
P7H-00351,P7CT-0088,SEVERE_MITIGATED,2027-10-31,proposed_contractual,usable_liquidity,1.7287317439315777191160471,50,-48.2712682560684222808839529,,,,USD_millions,breached,liquidity headroom = usable liquidity - minimum liquidity,SRC-001;SRC-002;SRC-003,P7CT-0088,owner_reviewed,N/D is reported when information is missing. N/M is reserved for a mathematically non-meaningful nonpositive denominator. Missing information is never converted to zero.
P7H-00352,P7CT-0088,SEVERE_MITIGATED,2027-10-31,analyst_warning,analyst_leverage_warning,6.952855624180312930251039561,3.25,-3.702855624180312930251039561,,,,turns,breached,warning gap = warning threshold - D/E,SRC-001;SRC-002;SRC-003,P7CT-0088,owner_reviewed,N/D is reported when information is missing. N/M is reserved for a mathematically non-meaningful nonpositive denominator. Missing information is never converted to zero.
P7H-00353,P7CT-0089,SEVERE_MITIGATED,2028-01-31,proposed_contractual,gross_funded_leverage,6.902318586430629165291566537,3.25,-3.652318586430629165291566537,-476.1003574814664379428253053,276.8480660822052038348791327,,turns,breached,ratio headroom = L - D/E; debt headroom = L*E - D; break-even EBITDA = D/L,SRC-001;SRC-002;SRC-003,P7CT-0089,owner_reviewed,N/D is reported when information is missing. N/M is reserved for a mathematically non-meaningful nonpositive denominator. Missing information is never converted to zero.
P7H-00354,P7CT-0089,SEVERE_MITIGATED,2028-01-31,proposed_contractual,cash_interest_coverage,1.801302321626061916656584818,3,-1.198697678373938083343415182,,,-86.7466894472660056541967438,turns,breached,coverage cushion = E - C*I,SRC-001;SRC-002;SRC-003,P7CT-0089,owner_reviewed,N/D is reported when information is missing. N/M is reserved for a mathematically non-meaningful nonpositive denominator. Missing information is never converted to zero.
P7H-00355,P7CT-0089,SEVERE_MITIGATED,2028-01-31,proposed_contractual,usable_liquidity,0,50,-50,,,,USD_millions,breached,liquidity headroom = usable liquidity - minimum liquidity,SRC-001;SRC-002;SRC-003,P7CT-0089,owner_reviewed,N/D is reported when information is missing. N/M is reserved for a mathematically non-meaningful nonpositive denominator. Missing information is never converted to zero.
P7H-00356,P7CT-0089,SEVERE_MITIGATED,2028-01-31,analyst_warning,analyst_leverage_warning,6.902318586430629165291566537,3,-3.902318586430629165291566537,,,,turns,breached,warning gap = warning threshold - D/E,SRC-001;SRC-002;SRC-003,P7CT-0089,owner_reviewed,N/D is reported when information is missing. N/M is reserved for a mathematically non-meaningful nonpositive denominator. Missing information is never converted to zero.
P7H-00357,P7CT-0090,SEVERE_MITIGATED,2028-04-30,proposed_contractual,gross_funded_leverage,6.588542170492463241069799043,3.25,-3.338542170492463241069799043,-449.7929127718144726741497063,273.1251613103470142436741264,,turns,breached,ratio headroom = L - D/E; debt headroom = L*E - D; break-even EBITDA = D/L,SRC-001;SRC-002;SRC-003,P7CT-0090,owner_reviewed,N/D is reported when information is missing. N/M is reserved for a mathematically non-meaningful nonpositive denominator. Missing information is never converted to zero.
P7H-00358,P7CT-0090,SEVERE_MITIGATED,2028-04-30,proposed_contractual,cash_interest_coverage,1.888172693177702344906234239,3,-1.111827306822297655093765761,,,-79.3325411112583437147668038,turns,breached,coverage cushion = E - C*I,SRC-001;SRC-002;SRC-003,P7CT-0090,owner_reviewed,N/D is reported when information is missing. N/M is reserved for a mathematically non-meaningful nonpositive denominator. Missing information is never converted to zero.
P7H-00359,P7CT-0090,SEVERE_MITIGATED,2028-04-30,proposed_contractual,usable_liquidity,0.1931905085391161714162704,50,-49.8068094914608838285837296,,,,USD_millions,breached,liquidity headroom = usable liquidity - minimum liquidity,SRC-001;SRC-002;SRC-003,P7CT-0090,owner_reviewed,N/D is reported when information is missing. N/M is reserved for a mathematically non-meaningful nonpositive denominator. Missing information is never converted to zero.
P7H-00360,P7CT-0090,SEVERE_MITIGATED,2028-04-30,analyst_warning,analyst_leverage_warning,6.588542170492463241069799043,3,-3.588542170492463241069799043,,,,turns,breached,warning gap = warning threshold - D/E,SRC-001;SRC-002;SRC-003,P7CT-0090,owner_reviewed,N/D is reported when information is missing. N/M is reserved for a mathematically non-meaningful nonpositive denominator. Missing information is never converted to zero.
P7H-00361,P7CT-0091,SEVERE_MITIGATED,2028-07-31,proposed_contractual,gross_funded_leverage,5.904838453941172204968515269,3.25,-2.654838453941172204968515269,-382.7516520151150616846200146,261.9410921245098420174065706,,turns,breached,ratio headroom = L - D/E; debt headroom = L*E - D; break-even EBITDA = D/L,SRC-001;SRC-002;SRC-003,P7CT-0091,owner_reviewed,N/D is reported when information is missing. N/M is reserved for a mathematically non-meaningful nonpositive denominator. Missing information is never converted to zero.
P7H-00362,P7CT-0091,SEVERE_MITIGATED,2028-07-31,proposed_contractual,cash_interest_coverage,2.085575489024569781979845315,3,-0.914424510975430218020154685,,,-63.2122019542011044097378307,turns,breached,coverage cushion = E - C*I,SRC-001;SRC-002;SRC-003,P7CT-0091,owner_reviewed,N/D is reported when information is missing. N/M is reserved for a mathematically non-meaningful nonpositive denominator. Missing information is never converted to zero.
P7H-00363,P7CT-0091,SEVERE_MITIGATED,2028-07-31,proposed_contractual,usable_liquidity,24.635165362509925906785827,50,-25.364834637490074093214173,,,,USD_millions,breached,liquidity headroom = usable liquidity - minimum liquidity,SRC-001;SRC-002;SRC-003,P7CT-0091,owner_reviewed,N/D is reported when information is missing. N/M is reserved for a mathematically non-meaningful nonpositive denominator. Missing information is never converted to zero.
P7H-00364,P7CT-0091,SEVERE_MITIGATED,2028-07-31,analyst_warning,analyst_leverage_warning,5.904838453941172204968515269,3,-2.904838453941172204968515269,,,,turns,breached,warning gap = warning threshold - D/E,SRC-001;SRC-002;SRC-003,P7CT-0091,owner_reviewed,N/D is reported when information is missing. N/M is reserved for a mathematically non-meaningful nonpositive denominator. Missing information is never converted to zero.
P7H-00365,P7CT-0092,SEVERE_MITIGATED,2028-10-31,proposed_contractual,gross_funded_leverage,5.111403618751474135956057085,3.25,-1.861403618751474135956057085,-295.2423030440998650940992955,249.4565120289094803622441096,,turns,breached,ratio headroom = L - D/E; debt headroom = L*E - D; break-even EBITDA = D/L,SRC-001;SRC-002;SRC-003,P7CT-0092,owner_reviewed,N/D is reported when information is missing. N/M is reserved for a mathematically non-meaningful nonpositive denominator. Missing information is never converted to zero.
P7H-00366,P7CT-0092,SEVERE_MITIGATED,2028-10-31,proposed_contractual,cash_interest_coverage,2.427253010719530652979163311,3,-0.572746989280469347020836689,,,-37.4270672031297509498609999,turns,breached,coverage cushion = E - C*I,SRC-001;SRC-002;SRC-003,P7CT-0092,owner_reviewed,N/D is reported when information is missing. N/M is reserved for a mathematically non-meaningful nonpositive denominator. Missing information is never converted to zero.
P7H-00367,P7CT-0092,SEVERE_MITIGATED,2028-10-31,proposed_contractual,usable_liquidity,53.3038006732111012860638251,50,3.3038006732111012860638251,,,,USD_millions,warning,liquidity headroom = usable liquidity - minimum liquidity,SRC-001;SRC-002;SRC-003,P7CT-0092,owner_reviewed,N/D is reported when information is missing. N/M is reserved for a mathematically non-meaningful nonpositive denominator. Missing information is never converted to zero.
P7H-00368,P7CT-0092,SEVERE_MITIGATED,2028-10-31,analyst_warning,analyst_leverage_warning,5.111403618751474135956057085,3,-2.111403618751474135956057085,,,,turns,breached,warning gap = warning threshold - D/E,SRC-001;SRC-002;SRC-003,P7CT-0092,owner_reviewed,N/D is reported when information is missing. N/M is reserved for a mathematically non-meaningful nonpositive denominator. Missing information is never converted to zero.
P7H-00369,P7CT-0093,SEVERE_MITIGATED,2029-01-31,proposed_contractual,gross_funded_leverage,4.55598349890775448546775134,3,-1.55598349890775448546775134,-268.0884534368611560163715062,261.6579955086121036725984177,,turns,breached,ratio headroom = L - D/E; debt headroom = L*E - D; break-even EBITDA = D/L,SRC-001;SRC-002;SRC-003,P7CT-0093,owner_reviewed,N/D is reported when information is missing. N/M is reserved for a mathematically non-meaningful nonpositive denominator. Missing information is never converted to zero.
P7H-00370,P7CT-0093,SEVERE_MITIGATED,2029-01-31,proposed_contractual,cash_interest_coverage,2.860715441538246041151632395,3,-0.139284558461753958848367605,,,-8.3888307806029066978408081,turns,breached,coverage cushion = E - C*I,SRC-001;SRC-002;SRC-003,P7CT-0093,owner_reviewed,N/D is reported when information is missing. N/M is reserved for a mathematically non-meaningful nonpositive denominator. Missing information is never converted to zero.
P7H-00371,P7CT-0093,SEVERE_MITIGATED,2029-01-31,proposed_contractual,usable_liquidity,67.1572282413306014455619281,50,17.1572282413306014455619281,,,,USD_millions,warning,liquidity headroom = usable liquidity - minimum liquidity,SRC-001;SRC-002;SRC-003,P7CT-0093,owner_reviewed,N/D is reported when information is missing. N/M is reserved for a mathematically non-meaningful nonpositive denominator. Missing information is never converted to zero.
P7H-00372,P7CT-0093,SEVERE_MITIGATED,2029-01-31,analyst_warning,analyst_leverage_warning,4.55598349890775448546775134,2.75,-1.80598349890775448546775134,,,,turns,breached,warning gap = warning threshold - D/E,SRC-001;SRC-002;SRC-003,P7CT-0093,owner_reviewed,N/D is reported when information is missing. N/M is reserved for a mathematically non-meaningful nonpositive denominator. Missing information is never converted to zero.
P7H-00373,P7CT-0094,SEVERE_MITIGATED,2029-04-30,proposed_contractual,gross_funded_leverage,3.812719503046761123142586536,3,-0.812719503046761123142586536,-155.8960984123661166041131676,243.7856655494117553399492567,,turns,breached,ratio headroom = L - D/E; debt headroom = L*E - D; break-even EBITDA = D/L,SRC-001;SRC-002;SRC-003,P7CT-0094,owner_reviewed,N/D is reported when information is missing. N/M is reserved for a mathematically non-meaningful nonpositive denominator. Missing information is never converted to zero.
P7H-00374,P7CT-0094,SEVERE_MITIGATED,2029-04-30,proposed_contractual,cash_interest_coverage,3.513444137750420466615322384,3,0.513444137750420466615322384,,,28.032040463196245868948754,turns,compliant,coverage cushion = E - C*I,SRC-001;SRC-002;SRC-003,P7CT-0094,owner_reviewed,N/D is reported when information is missing. N/M is reserved for a mathematically non-meaningful nonpositive denominator. Missing information is never converted to zero.
P7H-00375,P7CT-0094,SEVERE_MITIGATED,2029-04-30,proposed_contractual,usable_liquidity,108.8679681189316464435094113,50,58.8679681189316464435094113,,,,USD_millions,compliant,liquidity headroom = usable liquidity - minimum liquidity,SRC-001;SRC-002;SRC-003,P7CT-0094,owner_reviewed,N/D is reported when information is missing. N/M is reserved for a mathematically non-meaningful nonpositive denominator. Missing information is never converted to zero.
P7H-00376,P7CT-0094,SEVERE_MITIGATED,2029-04-30,analyst_warning,analyst_leverage_warning,3.812719503046761123142586536,2.75,-1.062719503046761123142586536,,,,turns,breached,warning gap = warning threshold - D/E,SRC-001;SRC-002;SRC-003,P7CT-0094,owner_reviewed,N/D is reported when information is missing. N/M is reserved for a mathematically non-meaningful nonpositive denominator. Missing information is never converted to zero.
P7H-00377,P7CT-0095,SEVERE_MITIGATED,2029-07-31,proposed_contractual,gross_funded_leverage,3.43870226722640650189604716,3,-0.43870226722640650189604716,-91.0998513291285225495149196,238.024197511758116438988466,,turns,breached,ratio headroom = L - D/E; debt headroom = L*E - D; break-even EBITDA = D/L,SRC-001;SRC-002;SRC-003,P7CT-0095,owner_reviewed,N/D is reported when information is missing. N/M is reserved for a mathematically non-meaningful nonpositive denominator. Missing information is never converted to zero.
P7H-00378,P7CT-0095,SEVERE_MITIGATED,2029-07-31,proposed_contractual,cash_interest_coverage,4.189124648367718408246209274,3,1.189124648367718408246209274,,,58.9456671748101821063325761,turns,compliant,coverage cushion = E - C*I,SRC-001;SRC-002;SRC-003,P7CT-0095,owner_reviewed,N/D is reported when information is missing. N/M is reserved for a mathematically non-meaningful nonpositive denominator. Missing information is never converted to zero.
P7H-00379,P7CT-0095,SEVERE_MITIGATED,2029-07-31,proposed_contractual,usable_liquidity,114.2461222318925631463917833,50,64.2461222318925631463917833,,,,USD_millions,compliant,liquidity headroom = usable liquidity - minimum liquidity,SRC-001;SRC-002;SRC-003,P7CT-0095,owner_reviewed,N/D is reported when information is missing. N/M is reserved for a mathematically non-meaningful nonpositive denominator. Missing information is never converted to zero.
P7H-00380,P7CT-0095,SEVERE_MITIGATED,2029-07-31,analyst_warning,analyst_leverage_warning,3.43870226722640650189604716,2.75,-0.68870226722640650189604716,,,,turns,breached,warning gap = warning threshold - D/E,SRC-001;SRC-002;SRC-003,P7CT-0095,owner_reviewed,N/D is reported when information is missing. N/M is reserved for a mathematically non-meaningful nonpositive denominator. Missing information is never converted to zero.
P7H-00381,P7CT-0096,SEVERE_MITIGATED,2029-10-31,proposed_contractual,gross_funded_leverage,3.178477705163892592757157233,3,-0.178477705163892592757157233,-38.9770826103755823305033693,231.3786437651438643930512561,,turns,breached,ratio headroom = L - D/E; debt headroom = L*E - D; break-even EBITDA = D/L,SRC-001;SRC-002;SRC-003,P7CT-0096,owner_reviewed,N/D is reported when information is missing. N/M is reserved for a mathematically non-meaningful nonpositive denominator. Missing information is never converted to zero.
P7H-00382,P7CT-0096,SEVERE_MITIGATED,2029-10-31,proposed_contractual,cash_interest_coverage,4.773340026230185871188439543,3,1.773340026230185871188439543,,,81.1325265975698248941689842,turns,compliant,coverage cushion = E - C*I,SRC-001;SRC-002;SRC-003,P7CT-0096,owner_reviewed,N/D is reported when information is missing. N/M is reserved for a mathematically non-meaningful nonpositive denominator. Missing information is never converted to zero.
P7H-00383,P7CT-0096,SEVERE_MITIGATED,2029-10-31,proposed_contractual,usable_liquidity,122.2765334717353192842034131,50,72.2765334717353192842034131,,,,USD_millions,compliant,liquidity headroom = usable liquidity - minimum liquidity,SRC-001;SRC-002;SRC-003,P7CT-0096,owner_reviewed,N/D is reported when information is missing. N/M is reserved for a mathematically non-meaningful nonpositive denominator. Missing information is never converted to zero.
P7H-00384,P7CT-0096,SEVERE_MITIGATED,2029-10-31,analyst_warning,analyst_leverage_warning,3.178477705163892592757157233,2.75,-0.428477705163892592757157233,,,,turns,breached,warning gap = warning threshold - D/E,SRC-001;SRC-002;SRC-003,P7CT-0096,owner_reviewed,N/D is reported when information is missing. N/M is reserved for a mathematically non-meaningful nonpositive denominator. Missing information is never converted to zero.
P7H-00385,P7CT-0097,SEVERE_MITIGATED,2030-01-31,proposed_contractual,gross_funded_leverage,3.121374581484033708999476136,3,-0.121374581484033708999476136,-26.9762520514011888057792475,231.2482740823476377794651675,,turns,breached,ratio headroom = L - D/E; debt headroom = L*E - D; break-even EBITDA = D/L,SRC-001;SRC-002;SRC-003,P7CT-0097,owner_reviewed,N/D is reported when information is missing. N/M is reserved for a mathematically non-meaningful nonpositive denominator. Missing information is never converted to zero.
P7H-00386,P7CT-0097,SEVERE_MITIGATED,2030-01-31,proposed_contractual,cash_interest_coverage,5.147905969535507946380070459,3,2.147905969535507946380070459,,,92.7339000036874349127501027,turns,compliant,coverage cushion = E - C*I,SRC-001;SRC-002;SRC-003,P7CT-0097,owner_reviewed,N/D is reported when information is missing. N/M is reserved for a mathematically non-meaningful nonpositive denominator. Missing information is never converted to zero.
P7H-00387,P7CT-0097,SEVERE_MITIGATED,2030-01-31,proposed_contractual,usable_liquidity,110.7613925201239991249616787,50,60.7613925201239991249616787,,,,USD_millions,compliant,liquidity headroom = usable liquidity - minimum liquidity,SRC-001;SRC-002;SRC-003,P7CT-0097,owner_reviewed,N/D is reported when information is missing. N/M is reserved for a mathematically non-meaningful nonpositive denominator. Missing information is never converted to zero.
P7H-00388,P7CT-0097,SEVERE_MITIGATED,2030-01-31,analyst_warning,analyst_leverage_warning,3.121374581484033708999476136,2.75,-0.371374581484033708999476136,,,,turns,breached,warning gap = warning threshold - D/E,SRC-001;SRC-002;SRC-003,P7CT-0097,owner_reviewed,N/D is reported when information is missing. N/M is reserved for a mathematically non-meaningful nonpositive denominator. Missing information is never converted to zero.
P7H-00389,P7CT-0098,SEVERE_MITIGATED,2030-04-30,proposed_contractual,gross_funded_leverage,3.011591295934883798500138138,3,-0.011591295934883798500138138,-2.5762189630156581566340289,223.1133501386221183531218698,,turns,breached,ratio headroom = L - D/E; debt headroom = L*E - D; break-even EBITDA = D/L,SRC-001;SRC-002;SRC-003,P7CT-0098,owner_reviewed,N/D is reported when information is missing. N/M is reserved for a mathematically non-meaningful nonpositive denominator. Missing information is never converted to zero.
P7H-00390,P7CT-0098,SEVERE_MITIGATED,2030-04-30,proposed_contractual,cash_interest_coverage,5.30251033242287342337505002,3,2.30251033242287342337505002,,,96.5096727750935433296227335,turns,compliant,coverage cushion = E - C*I,SRC-001;SRC-002;SRC-003,P7CT-0098,owner_reviewed,N/D is reported when information is missing. N/M is reserved for a mathematically non-meaningful nonpositive denominator. Missing information is never converted to zero.
P7H-00391,P7CT-0098,SEVERE_MITIGATED,2030-04-30,proposed_contractual,usable_liquidity,123.2599143513005574039915718,50,73.2599143513005574039915718,,,,USD_millions,compliant,liquidity headroom = usable liquidity - minimum liquidity,SRC-001;SRC-002;SRC-003,P7CT-0098,owner_reviewed,N/D is reported when information is missing. N/M is reserved for a mathematically non-meaningful nonpositive denominator. Missing information is never converted to zero.
P7H-00392,P7CT-0098,SEVERE_MITIGATED,2030-04-30,analyst_warning,analyst_leverage_warning,3.011591295934883798500138138,2.75,-0.261591295934883798500138138,,,,turns,breached,warning gap = warning threshold - D/E,SRC-001;SRC-002;SRC-003,P7CT-0098,owner_reviewed,N/D is reported when information is missing. N/M is reserved for a mathematically non-meaningful nonpositive denominator. Missing information is never converted to zero.
P7H-00393,P7CT-0099,SEVERE_MITIGATED,2030-07-31,proposed_contractual,gross_funded_leverage,2.903585459884838412343735079,3,0.096414540115161587656264921,21.4284234349724562975543019,215.1102196816795650788478168,,turns,warning,ratio headroom = L - D/E; debt headroom = L*E - D; break-even EBITDA = D/L,SRC-001;SRC-002;SRC-003,P7CT-0099,owner_reviewed,N/D is reported when information is missing. N/M is reserved for a mathematically non-meaningful nonpositive denominator. Missing information is never converted to zero.
P7H-00394,P7CT-0099,SEVERE_MITIGATED,2030-07-31,proposed_contractual,cash_interest_coverage,5.441875384902686904813842682,3,2.441875384902686904813842682,,,99.7292585129243689873373401,turns,compliant,coverage cushion = E - C*I,SRC-001;SRC-002;SRC-003,P7CT-0099,owner_reviewed,N/D is reported when information is missing. N/M is reserved for a mathematically non-meaningful nonpositive denominator. Missing information is never converted to zero.
P7H-00395,P7CT-0099,SEVERE_MITIGATED,2030-07-31,proposed_contractual,usable_liquidity,135.363055722128217226813731,50,85.363055722128217226813731,,,,USD_millions,compliant,liquidity headroom = usable liquidity - minimum liquidity,SRC-001;SRC-002;SRC-003,P7CT-0099,owner_reviewed,N/D is reported when information is missing. N/M is reserved for a mathematically non-meaningful nonpositive denominator. Missing information is never converted to zero.
P7H-00396,P7CT-0099,SEVERE_MITIGATED,2030-07-31,analyst_warning,analyst_leverage_warning,2.903585459884838412343735079,2.75,-0.153585459884838412343735079,,,,turns,warning,warning gap = warning threshold - D/E,SRC-001;SRC-002;SRC-003,P7CT-0099,owner_reviewed,N/D is reported when information is missing. N/M is reserved for a mathematically non-meaningful nonpositive denominator. Missing information is never converted to zero.
P7H-00397,P7CT-0100,SEVERE_MITIGATED,2030-10-31,proposed_contractual,gross_funded_leverage,2.791872866875813712564234941,3,0.208127133124186287435765059,46.2565538340325563682849342,206.8325829279846529273566881,,turns,warning,ratio headroom = L - D/E; debt headroom = L*E - D; break-even EBITDA = D/L,SRC-001;SRC-002;SRC-003,P7CT-0100,owner_reviewed,N/D is reported when information is missing. N/M is reserved for a mathematically non-meaningful nonpositive denominator. Missing information is never converted to zero.
P7H-00398,P7CT-0100,SEVERE_MITIGATED,2030-10-31,proposed_contractual,cash_interest_coverage,5.602215977275981378654932274,3,2.602215977275981378654932274,,,103.2352617980568905465777477,turns,compliant,coverage cushion = E - C*I,SRC-001;SRC-002;SRC-003,P7CT-0100,owner_reviewed,N/D is reported when information is missing. N/M is reserved for a mathematically non-meaningful nonpositive denominator. Missing information is never converted to zero.
P7H-00399,P7CT-0100,SEVERE_MITIGATED,2030-10-31,proposed_contractual,usable_liquidity,148.2897159832129536812871171,50,98.2897159832129536812871171,,,,USD_millions,compliant,liquidity headroom = usable liquidity - minimum liquidity,SRC-001;SRC-002;SRC-003,P7CT-0100,owner_reviewed,N/D is reported when information is missing. N/M is reserved for a mathematically non-meaningful nonpositive denominator. Missing information is never converted to zero.
P7H-00400,P7CT-0100,SEVERE_MITIGATED,2030-10-31,analyst_warning,analyst_leverage_warning,2.791872866875813712564234941,2.75,-0.041872866875813712564234941,,,,turns,warning,warning gap = warning threshold - D/E,SRC-001;SRC-002;SRC-003,P7CT-0100,owner_reviewed,N/D is reported when information is missing. N/M is reserved for a mathematically non-meaningful nonpositive denominator. Missing information is never converted to zero.
P7H-00401,P7CT-0101,MODERATE_NO_WAIVER,2026-01-31,proposed_contractual,gross_funded_leverage,3.228471664433044589605225788,3.5,0.271528335566955410394774212,61.18728125,207.8619196428571428571428571,,turns,compliant,ratio headroom = L - D/E; debt headroom = L*E - D; break-even EBITDA = D/L,SRC-001;SRC-002;SRC-003,P7CT-0101,owner_reviewed,N/D is reported when information is missing. N/M is reserved for a mathematically non-meaningful nonpositive denominator. Missing information is never converted to zero.
P7H-00402,P7CT-0101,MODERATE_NO_WAIVER,2026-01-31,proposed_contractual,cash_interest_coverage,N/D,3,N/D,,,N/D,turns,not_determinable,coverage cushion = E - C*I,SRC-001;SRC-002;SRC-003,P7CT-0101,owner_reviewed,N/D is reported when information is missing. N/M is reserved for a mathematically non-meaningful nonpositive denominator. Missing information is never converted to zero.
P7H-00403,P7CT-0101,MODERATE_NO_WAIVER,2026-01-31,proposed_contractual,usable_liquidity,263.90228125,50,213.90228125,,,,USD_millions,compliant,liquidity headroom = usable liquidity - minimum liquidity,SRC-001;SRC-002;SRC-003,P7CT-0101,owner_reviewed,N/D is reported when information is missing. N/M is reserved for a mathematically non-meaningful nonpositive denominator. Missing information is never converted to zero.
P7H-00404,P7CT-0101,MODERATE_NO_WAIVER,2026-01-31,analyst_warning,analyst_leverage_warning,3.228471664433044589605225788,3.25,0.021528335566955410394774212,,,,turns,compliant,warning gap = warning threshold - D/E,SRC-001;SRC-002;SRC-003,P7CT-0101,owner_reviewed,N/D is reported when information is missing. N/M is reserved for a mathematically non-meaningful nonpositive denominator. Missing information is never converted to zero.
P7H-00405,P7CT-0102,MODERATE_NO_WAIVER,2026-04-30,proposed_contractual,gross_funded_leverage,N/D,3.5,N/D,N/D,226.8917362544979856615432457,,turns,not_determinable,ratio headroom = L - D/E; debt headroom = L*E - D; break-even EBITDA = D/L,SRC-001;SRC-002;SRC-003,P7CT-0102,owner_reviewed,N/D is reported when information is missing. N/M is reserved for a mathematically non-meaningful nonpositive denominator. Missing information is never converted to zero.
P7H-00406,P7CT-0102,MODERATE_NO_WAIVER,2026-04-30,proposed_contractual,cash_interest_coverage,N/D,3,N/D,,,N/D,turns,not_determinable,coverage cushion = E - C*I,SRC-001;SRC-002;SRC-003,P7CT-0102,owner_reviewed,N/D is reported when information is missing. N/M is reserved for a mathematically non-meaningful nonpositive denominator. Missing information is never converted to zero.
P7H-00407,P7CT-0102,MODERATE_NO_WAIVER,2026-04-30,proposed_contractual,usable_liquidity,185.3916731092570501845986401,50,135.3916731092570501845986401,,,,USD_millions,compliant,liquidity headroom = usable liquidity - minimum liquidity,SRC-001;SRC-002;SRC-003,P7CT-0102,owner_reviewed,N/D is reported when information is missing. N/M is reserved for a mathematically non-meaningful nonpositive denominator. Missing information is never converted to zero.
P7H-00408,P7CT-0102,MODERATE_NO_WAIVER,2026-04-30,analyst_warning,analyst_leverage_warning,N/D,3.25,N/D,,,,turns,not_determinable,warning gap = warning threshold - D/E,SRC-001;SRC-002;SRC-003,P7CT-0102,owner_reviewed,N/D is reported when information is missing. N/M is reserved for a mathematically non-meaningful nonpositive denominator. Missing information is never converted to zero.
P7H-00409,P7CT-0103,MODERATE_NO_WAIVER,2026-07-31,proposed_contractual,gross_funded_leverage,N/D,3.5,N/D,N/D,223.956324233726600822721765,,turns,not_determinable,ratio headroom = L - D/E; debt headroom = L*E - D; break-even EBITDA = D/L,SRC-001;SRC-002;SRC-003,P7CT-0103,owner_reviewed,N/D is reported when information is missing. N/M is reserved for a mathematically non-meaningful nonpositive denominator. Missing information is never converted to zero.
P7H-00410,P7CT-0103,MODERATE_NO_WAIVER,2026-07-31,proposed_contractual,cash_interest_coverage,N/D,3,N/D,,,N/D,turns,not_determinable,coverage cushion = E - C*I,SRC-001;SRC-002;SRC-003,P7CT-0103,owner_reviewed,N/D is reported when information is missing. N/M is reserved for a mathematically non-meaningful nonpositive denominator. Missing information is never converted to zero.
P7H-00411,P7CT-0103,MODERATE_NO_WAIVER,2026-07-31,proposed_contractual,usable_liquidity,183.7593651819568971204738224,50,133.7593651819568971204738224,,,,USD_millions,compliant,liquidity headroom = usable liquidity - minimum liquidity,SRC-001;SRC-002;SRC-003,P7CT-0103,owner_reviewed,N/D is reported when information is missing. N/M is reserved for a mathematically non-meaningful nonpositive denominator. Missing information is never converted to zero.
P7H-00412,P7CT-0103,MODERATE_NO_WAIVER,2026-07-31,analyst_warning,analyst_leverage_warning,N/D,3.25,N/D,,,,turns,not_determinable,warning gap = warning threshold - D/E,SRC-001;SRC-002;SRC-003,P7CT-0103,owner_reviewed,N/D is reported when information is missing. N/M is reserved for a mathematically non-meaningful nonpositive denominator. Missing information is never converted to zero.
P7H-00413,P7CT-0104,MODERATE_NO_WAIVER,2026-10-31,proposed_contractual,gross_funded_leverage,4.215012332481603705258689681,3.5,-0.715012332481603705258689681,-130.8652090222682439507417572,220.4151672290353152775825242,,turns,breached,ratio headroom = L - D/E; debt headroom = L*E - D; break-even EBITDA = D/L,SRC-001;SRC-002;SRC-003,P7CT-0104,owner_reviewed,N/D is reported when information is missing. N/M is reserved for a mathematically non-meaningful nonpositive denominator. Missing information is never converted to zero.
P7H-00414,P7CT-0104,MODERATE_NO_WAIVER,2026-10-31,proposed_contractual,cash_interest_coverage,N/D,3,N/D,,,N/D,turns,not_determinable,coverage cushion = E - C*I,SRC-001;SRC-002;SRC-003,P7CT-0104,owner_reviewed,N/D is reported when information is missing. N/M is reserved for a mathematically non-meaningful nonpositive denominator. Missing information is never converted to zero.
P7H-00415,P7CT-0104,MODERATE_NO_WAIVER,2026-10-31,proposed_contractual,usable_liquidity,184.2471646983763965284611652,50,134.2471646983763965284611652,,,,USD_millions,compliant,liquidity headroom = usable liquidity - minimum liquidity,SRC-001;SRC-002;SRC-003,P7CT-0104,owner_reviewed,N/D is reported when information is missing. N/M is reserved for a mathematically non-meaningful nonpositive denominator. Missing information is never converted to zero.
P7H-00416,P7CT-0104,MODERATE_NO_WAIVER,2026-10-31,analyst_warning,analyst_leverage_warning,4.215012332481603705258689681,3.25,-0.965012332481603705258689681,,,,turns,breached,warning gap = warning threshold - D/E,SRC-001;SRC-002;SRC-003,P7CT-0104,owner_reviewed,N/D is reported when information is missing. N/M is reserved for a mathematically non-meaningful nonpositive denominator. Missing information is never converted to zero.
P7H-00417,P7CT-0105,MODERATE_NO_WAIVER,2027-01-31,proposed_contractual,gross_funded_leverage,4.378743433190989811687069384,3.5,-0.878743433190989811687069384,-152.428842636231175337604126,217.0133815147496009918682385,,turns,breached,ratio headroom = L - D/E; debt headroom = L*E - D; break-even EBITDA = D/L,SRC-001;SRC-002;SRC-003,P7CT-0105,owner_reviewed,N/D is reported when information is missing. N/M is reserved for a mathematically non-meaningful nonpositive denominator. Missing information is never converted to zero.
P7H-00418,P7CT-0105,MODERATE_NO_WAIVER,2027-01-31,proposed_contractual,cash_interest_coverage,3.218171493292327243011830521,3,0.218171493292327243011830521,,,11.7596360311640241573559546,turns,warning,coverage cushion = E - C*I,SRC-001;SRC-002;SRC-003,P7CT-0105,owner_reviewed,N/D is reported when information is missing. N/M is reserved for a mathematically non-meaningful nonpositive denominator. Missing information is never converted to zero.
P7H-00419,P7CT-0105,MODERATE_NO_WAIVER,2027-01-31,proposed_contractual,usable_liquidity,0,50,-50,,,,USD_millions,breached,liquidity headroom = usable liquidity - minimum liquidity,SRC-001;SRC-002;SRC-003,P7CT-0105,owner_reviewed,N/D is reported when information is missing. N/M is reserved for a mathematically non-meaningful nonpositive denominator. Missing information is never converted to zero.
P7H-00420,P7CT-0105,MODERATE_NO_WAIVER,2027-01-31,analyst_warning,analyst_leverage_warning,4.378743433190989811687069384,3.25,-1.128743433190989811687069384,,,,turns,breached,warning gap = warning threshold - D/E,SRC-001;SRC-002;SRC-003,P7CT-0105,owner_reviewed,N/D is reported when information is missing. N/M is reserved for a mathematically non-meaningful nonpositive denominator. Missing information is never converted to zero.
P7H-00421,P7CT-0106,MODERATE_NO_WAIVER,2027-04-30,proposed_contractual,gross_funded_leverage,4.236098241103197450268034578,3.5,-0.736098241103197450268034578,-129.9159954502299729832947661,213.6115958004638867061539528,,turns,breached,ratio headroom = L - D/E; debt headroom = L*E - D; break-even EBITDA = D/L,SRC-001;SRC-002;SRC-003,P7CT-0106,owner_reviewed,N/D is reported when information is missing. N/M is reserved for a mathematically non-meaningful nonpositive denominator. Missing information is never converted to zero.
P7H-00422,P7CT-0106,MODERATE_NO_WAIVER,2027-04-30,proposed_contractual,cash_interest_coverage,3.29925743281176528836474993,3,0.29925743281176528836474993,,,16.0086823611686289123734965,turns,warning,coverage cushion = E - C*I,SRC-001;SRC-002;SRC-003,P7CT-0106,owner_reviewed,N/D is reported when information is missing. N/M is reserved for a mathematically non-meaningful nonpositive denominator. Missing information is never converted to zero.
P7H-00423,P7CT-0106,MODERATE_NO_WAIVER,2027-04-30,proposed_contractual,usable_liquidity,0,50,-50,,,,USD_millions,breached,liquidity headroom = usable liquidity - minimum liquidity,SRC-001;SRC-002;SRC-003,P7CT-0106,owner_reviewed,N/D is reported when information is missing. N/M is reserved for a mathematically non-meaningful nonpositive denominator. Missing information is never converted to zero.
P7H-00424,P7CT-0106,MODERATE_NO_WAIVER,2027-04-30,analyst_warning,analyst_leverage_warning,4.236098241103197450268034578,3.25,-0.986098241103197450268034578,,,,turns,breached,warning gap = warning threshold - D/E,SRC-001;SRC-002;SRC-003,P7CT-0106,owner_reviewed,N/D is reported when information is missing. N/M is reserved for a mathematically non-meaningful nonpositive denominator. Missing information is never converted to zero.
P7H-00425,P7CT-0107,MODERATE_NO_WAIVER,2027-07-31,proposed_contractual,gross_funded_leverage,3.932478659732091399241417926,3.5,-0.432478659732091399241417926,-79.1518540998314952302989868,205.6339132060192162043565193,,turns,breached,ratio headroom = L - D/E; debt headroom = L*E - D; break-even EBITDA = D/L,SRC-001;SRC-002;SRC-003,P7CT-0107,owner_reviewed,N/D is reported when information is missing. N/M is reserved for a mathematically non-meaningful nonpositive denominator. Missing information is never converted to zero.
P7H-00426,P7CT-0107,MODERATE_NO_WAIVER,2027-07-31,proposed_contractual,cash_interest_coverage,3.543581067833413419573182419,3,0.543581067833413419573182419,,,28.0749091621868758701156775,turns,compliant,coverage cushion = E - C*I,SRC-001;SRC-002;SRC-003,P7CT-0107,owner_reviewed,N/D is reported when information is missing. N/M is reserved for a mathematically non-meaningful nonpositive denominator. Missing information is never converted to zero.
P7H-00427,P7CT-0107,MODERATE_NO_WAIVER,2027-07-31,proposed_contractual,usable_liquidity,0,50,-50,,,,USD_millions,breached,liquidity headroom = usable liquidity - minimum liquidity,SRC-001;SRC-002;SRC-003,P7CT-0107,owner_reviewed,N/D is reported when information is missing. N/M is reserved for a mathematically non-meaningful nonpositive denominator. Missing information is never converted to zero.
P7H-00428,P7CT-0107,MODERATE_NO_WAIVER,2027-07-31,analyst_warning,analyst_leverage_warning,3.932478659732091399241417926,3.25,-0.682478659732091399241417926,,,,turns,breached,warning gap = warning threshold - D/E,SRC-001;SRC-002;SRC-003,P7CT-0107,owner_reviewed,N/D is reported when information is missing. N/M is reserved for a mathematically non-meaningful nonpositive denominator. Missing information is never converted to zero.
P7H-00429,P7CT-0108,MODERATE_NO_WAIVER,2027-10-31,proposed_contractual,gross_funded_leverage,3.561131846858902831327547557,3.5,-0.061131846858902831327547557,-11.7908205659204433023115971,196.2440611113473986556366573,,turns,breached,ratio headroom = L - D/E; debt headroom = L*E - D; break-even EBITDA = D/L,SRC-001;SRC-002;SRC-003,P7CT-0108,owner_reviewed,N/D is reported when information is missing. N/M is reserved for a mathematically non-meaningful nonpositive denominator. Missing information is never converted to zero.
P7H-00430,P7CT-0108,MODERATE_NO_WAIVER,2027-10-31,proposed_contractual,cash_interest_coverage,3.931092473610066616839660158,3,0.931092473610066616839660158,,,45.6831528896481287418207465,turns,compliant,coverage cushion = E - C*I,SRC-001;SRC-002;SRC-003,P7CT-0108,owner_reviewed,N/D is reported when information is missing. N/M is reserved for a mathematically non-meaningful nonpositive denominator. Missing information is never converted to zero.
P7H-00431,P7CT-0108,MODERATE_NO_WAIVER,2027-10-31,proposed_contractual,usable_liquidity,0,50,-50,,,,USD_millions,breached,liquidity headroom = usable liquidity - minimum liquidity,SRC-001;SRC-002;SRC-003,P7CT-0108,owner_reviewed,N/D is reported when information is missing. N/M is reserved for a mathematically non-meaningful nonpositive denominator. Missing information is never converted to zero.
P7H-00432,P7CT-0108,MODERATE_NO_WAIVER,2027-10-31,analyst_warning,analyst_leverage_warning,3.561131846858902831327547557,3.25,-0.311131846858902831327547557,,,,turns,breached,warning gap = warning threshold - D/E,SRC-001;SRC-002;SRC-003,P7CT-0108,owner_reviewed,N/D is reported when information is missing. N/M is reserved for a mathematically non-meaningful nonpositive denominator. Missing information is never converted to zero.
P7H-00433,P7CT-0109,MODERATE_NO_WAIVER,2028-01-31,proposed_contractual,gross_funded_leverage,3.286249916595969455199927092,3.25,-0.036249916595969455199927092,-7.3383054396358305574257419,204.6944180291764584851546374,,turns,breached,ratio headroom = L - D/E; debt headroom = L*E - D; break-even EBITDA = D/L,SRC-001;SRC-002;SRC-003,P7CT-0109,owner_reviewed,N/D is reported when information is missing. N/M is reserved for a mathematically non-meaningful nonpositive denominator. Missing information is never converted to zero.
P7H-00434,P7CT-0109,MODERATE_NO_WAIVER,2028-01-31,proposed_contractual,cash_interest_coverage,4.419882238691017546125023902,3,1.419882238691017546125023902,,,65.0324927004949659932035356,turns,compliant,coverage cushion = E - C*I,SRC-001;SRC-002;SRC-003,P7CT-0109,owner_reviewed,N/D is reported when information is missing. N/M is reserved for a mathematically non-meaningful nonpositive denominator. Missing information is never converted to zero.
P7H-00435,P7CT-0109,MODERATE_NO_WAIVER,2028-01-31,proposed_contractual,usable_liquidity,0,50,-50,,,,USD_millions,breached,liquidity headroom = usable liquidity - minimum liquidity,SRC-001;SRC-002;SRC-003,P7CT-0109,owner_reviewed,N/D is reported when information is missing. N/M is reserved for a mathematically non-meaningful nonpositive denominator. Missing information is never converted to zero.
P7H-00436,P7CT-0109,MODERATE_NO_WAIVER,2028-01-31,analyst_warning,analyst_leverage_warning,3.286249916595969455199927092,3,-0.286249916595969455199927092,,,,turns,breached,warning gap = warning threshold - D/E,SRC-001;SRC-002;SRC-003,P7CT-0109,owner_reviewed,N/D is reported when information is missing. N/M is reserved for a mathematically non-meaningful nonpositive denominator. Missing information is never converted to zero.
P7H-00437,P7CT-0110,MODERATE_NO_WAIVER,2028-04-30,proposed_contractual,gross_funded_leverage,3.055908816301253091375057776,3.25,0.194091183698746908624942224,41.1417426154258227500211845,199.3122099870144770674720286,,turns,warning,ratio headroom = L - D/E; debt headroom = L*E - D; break-even EBITDA = D/L,SRC-001;SRC-002;SRC-003,P7CT-0110,owner_reviewed,N/D is reported when information is missing. N/M is reserved for a mathematically non-meaningful nonpositive denominator. Missing information is never converted to zero.
P7H-00438,P7CT-0110,MODERATE_NO_WAIVER,2028-04-30,proposed_contractual,cash_interest_coverage,4.940625130438618501106574104,3,1.940625130438618501106574104,,,83.2600413430515059717131632,turns,compliant,coverage cushion = E - C*I,SRC-001;SRC-002;SRC-003,P7CT-0110,owner_reviewed,N/D is reported when information is missing. N/M is reserved for a mathematically non-meaningful nonpositive denominator. Missing information is never converted to zero.
P7H-00439,P7CT-0110,MODERATE_NO_WAIVER,2028-04-30,proposed_contractual,usable_liquidity,0,50,-50,,,,USD_millions,breached,liquidity headroom = usable liquidity - minimum liquidity,SRC-001;SRC-002;SRC-003,P7CT-0110,owner_reviewed,N/D is reported when information is missing. N/M is reserved for a mathematically non-meaningful nonpositive denominator. Missing information is never converted to zero.
P7H-00440,P7CT-0110,MODERATE_NO_WAIVER,2028-04-30,analyst_warning,analyst_leverage_warning,3.055908816301253091375057776,3,-0.055908816301253091375057776,,,,turns,warning,warning gap = warning threshold - D/E,SRC-001;SRC-002;SRC-003,P7CT-0110,owner_reviewed,N/D is reported when information is missing. N/M is reserved for a mathematically non-meaningful nonpositive denominator. Missing information is never converted to zero.
P7H-00441,P7CT-0111,MODERATE_NO_WAIVER,2028-07-31,proposed_contractual,gross_funded_leverage,2.873141600826411212852755602,3.25,0.376858399173588787147244398,82.4638317372038428872829546,193.4456557747893194930680793,,turns,compliant,ratio headroom = L - D/E; debt headroom = L*E - D; break-even EBITDA = D/L,SRC-001;SRC-002;SRC-003,P7CT-0111,owner_reviewed,N/D is reported when information is missing. N/M is reserved for a mathematically non-meaningful nonpositive denominator. Missing information is never converted to zero.
P7H-00442,P7CT-0111,MODERATE_NO_WAIVER,2028-07-31,proposed_contractual,cash_interest_coverage,5.408260009235478860711163491,3,2.408260009235478860711163491,,,97.4386196575860462179942959,turns,compliant,coverage cushion = E - C*I,SRC-001;SRC-002;SRC-003,P7CT-0111,owner_reviewed,N/D is reported when information is missing. N/M is reserved for a mathematically non-meaningful nonpositive denominator. Missing information is never converted to zero.
P7H-00443,P7CT-0111,MODERATE_NO_WAIVER,2028-07-31,proposed_contractual,usable_liquidity,0,50,-50,,,,USD_millions,breached,liquidity headroom = usable liquidity - minimum liquidity,SRC-001;SRC-002;SRC-003,P7CT-0111,owner_reviewed,N/D is reported when information is missing. N/M is reserved for a mathematically non-meaningful nonpositive denominator. Missing information is never converted to zero.
P7H-00444,P7CT-0111,MODERATE_NO_WAIVER,2028-07-31,analyst_warning,analyst_leverage_warning,2.873141600826411212852755602,3,0.126858399173588787147244398,,,,turns,compliant,warning gap = warning threshold - D/E,SRC-001;SRC-002;SRC-003,P7CT-0111,owner_reviewed,N/D is reported when information is missing. N/M is reserved for a mathematically non-meaningful nonpositive denominator. Missing information is never converted to zero.
P7H-00445,P7CT-0112,MODERATE_NO_WAIVER,2028-10-31,proposed_contractual,gross_funded_leverage,2.737407105110313541474649503,3.25,0.512592894889686458525350497,113.9302024919541406351042732,187.207100273839861068777595,,turns,compliant,ratio headroom = L - D/E; debt headroom = L*E - D; break-even EBITDA = D/L,SRC-001;SRC-002;SRC-003,P7CT-0112,owner_reviewed,N/D is reported when information is missing. N/M is reserved for a mathematically non-meaningful nonpositive denominator. Missing information is never converted to zero.
P7H-00446,P7CT-0112,MODERATE_NO_WAIVER,2028-10-31,proposed_contractual,cash_interest_coverage,5.752392805377088650315848986,3,2.752392805377088650315848986,,,106.3477158984908513316893226,turns,compliant,coverage cushion = E - C*I,SRC-001;SRC-002;SRC-003,P7CT-0112,owner_reviewed,N/D is reported when information is missing. N/M is reserved for a mathematically non-meaningful nonpositive denominator. Missing information is never converted to zero.
P7H-00447,P7CT-0112,MODERATE_NO_WAIVER,2028-10-31,proposed_contractual,usable_liquidity,0,50,-50,,,,USD_millions,breached,liquidity headroom = usable liquidity - minimum liquidity,SRC-001;SRC-002;SRC-003,P7CT-0112,owner_reviewed,N/D is reported when information is missing. N/M is reserved for a mathematically non-meaningful nonpositive denominator. Missing information is never converted to zero.
P7H-00448,P7CT-0112,MODERATE_NO_WAIVER,2028-10-31,analyst_warning,analyst_leverage_warning,2.737407105110313541474649503,3,0.262592894889686458525350497,,,,turns,compliant,warning gap = warning threshold - D/E,SRC-001;SRC-002;SRC-003,P7CT-0112,owner_reviewed,N/D is reported when information is missing. N/M is reserved for a mathematically non-meaningful nonpositive denominator. Missing information is never converted to zero.
P7H-00449,P7CT-0113,MODERATE_NO_WAIVER,2029-01-31,proposed_contractual,gross_funded_leverage,2.683848367932105998739804483,3,0.316151632067894001260195517,70.2684139366578419938507557,198.8389419633265161578423946,,turns,compliant,ratio headroom = L - D/E; debt headroom = L*E - D; break-even EBITDA = D/L,SRC-001;SRC-002;SRC-003,P7CT-0113,owner_reviewed,N/D is reported when information is missing. N/M is reserved for a mathematically non-meaningful nonpositive denominator. Missing information is never converted to zero.
P7H-00450,P7CT-0113,MODERATE_NO_WAIVER,2029-01-31,proposed_contractual,cash_interest_coverage,5.933928043113933556451794899,3,2.933928043113933556451794899,,,109.8934747016367130578400658,turns,compliant,coverage cushion = E - C*I,SRC-001;SRC-002;SRC-003,P7CT-0113,owner_reviewed,N/D is reported when information is missing. N/M is reserved for a mathematically non-meaningful nonpositive denominator. Missing information is never converted to zero.
P7H-00451,P7CT-0113,MODERATE_NO_WAIVER,2029-01-31,proposed_contractual,usable_liquidity,0,50,-50,,,,USD_millions,breached,liquidity headroom = usable liquidity - minimum liquidity,SRC-001;SRC-002;SRC-003,P7CT-0113,owner_reviewed,N/D is reported when information is missing. N/M is reserved for a mathematically non-meaningful nonpositive denominator. Missing information is never converted to zero.
P7H-00452,P7CT-0113,MODERATE_NO_WAIVER,2029-01-31,analyst_warning,analyst_leverage_warning,2.683848367932105998739804483,2.75,0.066151632067894001260195517,,,,turns,compliant,warning gap = warning threshold - D/E,SRC-001;SRC-002;SRC-003,P7CT-0113,owner_reviewed,N/D is reported when information is missing. N/M is reserved for a mathematically non-meaningful nonpositive denominator. Missing information is never converted to zero.
P7H-00453,P7CT-0114,MODERATE_NO_WAIVER,2029-04-30,proposed_contractual,gross_funded_leverage,2.630298464233304227271754369,3,0.369701535766695772728245631,82.1699250753952827999862347,194.8701919633265161578423946,,turns,compliant,ratio headroom = L - D/E; debt headroom = L*E - D; break-even EBITDA = D/L,SRC-001;SRC-002;SRC-003,P7CT-0114,owner_reviewed,N/D is reported when information is missing. N/M is reserved for a mathematically non-meaningful nonpositive denominator. Missing information is never converted to zero.
P7H-00454,P7CT-0114,MODERATE_NO_WAIVER,2029-04-30,proposed_contractual,cash_interest_coverage,6.110596234526249581271423737,3,3.110596234526249581271423737,,,113.1414369375486255019490374,turns,compliant,coverage cushion = E - C*I,SRC-001;SRC-002;SRC-003,P7CT-0114,owner_reviewed,N/D is reported when information is missing. N/M is reserved for a mathematically non-meaningful nonpositive denominator. Missing information is never converted to zero.
P7H-00455,P7CT-0114,MODERATE_NO_WAIVER,2029-04-30,proposed_contractual,usable_liquidity,0,50,-50,,,,USD_millions,breached,liquidity headroom = usable liquidity - minimum liquidity,SRC-001;SRC-002;SRC-003,P7CT-0114,owner_reviewed,N/D is reported when information is missing. N/M is reserved for a mathematically non-meaningful nonpositive denominator. Missing information is never converted to zero.
P7H-00456,P7CT-0114,MODERATE_NO_WAIVER,2029-04-30,analyst_warning,analyst_leverage_warning,2.630298464233304227271754369,2.75,0.119701535766695772728245631,,,,turns,compliant,warning gap = warning threshold - D/E,SRC-001;SRC-002;SRC-003,P7CT-0114,owner_reviewed,N/D is reported when information is missing. N/M is reserved for a mathematically non-meaningful nonpositive denominator. Missing information is never converted to zero.
P7H-00457,P7CT-0115,MODERATE_NO_WAIVER,2029-07-31,proposed_contractual,gross_funded_leverage,2.53666184095658456606021479,3,0.46333815904341543393978521,102.980883122666452044781653,187.9316229170471815630781497,,turns,compliant,ratio headroom = L - D/E; debt headroom = L*E - D; break-even EBITDA = D/L,SRC-001;SRC-002;SRC-003,P7CT-0115,owner_reviewed,N/D is reported when information is missing. N/M is reserved for a mathematically non-meaningful nonpositive denominator. Missing information is never converted to zero.
P7H-00458,P7CT-0115,MODERATE_NO_WAIVER,2029-07-31,proposed_contractual,cash_interest_coverage,6.293211009404907284530846296,3,3.293211009404907284530846296,,,116.3069877255288767728660848,turns,compliant,coverage cushion = E - C*I,SRC-001;SRC-002;SRC-003,P7CT-0115,owner_reviewed,N/D is reported when information is missing. N/M is reserved for a mathematically non-meaningful nonpositive denominator. Missing information is never converted to zero.
P7H-00459,P7CT-0115,MODERATE_NO_WAIVER,2029-07-31,proposed_contractual,usable_liquidity,0,50,-50,,,,USD_millions,breached,liquidity headroom = usable liquidity - minimum liquidity,SRC-001;SRC-002;SRC-003,P7CT-0115,owner_reviewed,N/D is reported when information is missing. N/M is reserved for a mathematically non-meaningful nonpositive denominator. Missing information is never converted to zero.
P7H-00460,P7CT-0115,MODERATE_NO_WAIVER,2029-07-31,analyst_warning,analyst_leverage_warning,2.53666184095658456606021479,2.75,0.21333815904341543393978521,,,,turns,compliant,warning gap = warning threshold - D/E,SRC-001;SRC-002;SRC-003,P7CT-0115,owner_reviewed,N/D is reported when information is missing. N/M is reserved for a mathematically non-meaningful nonpositive denominator. Missing information is never converted to zero.
P7H-00461,P7CT-0116,MODERATE_NO_WAIVER,2029-10-31,proposed_contractual,gross_funded_leverage,2.434579950308140092236464989,3,0.565420049691859907763535011,125.6685586868082815363294835,180.3674710684918469031938874,,turns,compliant,ratio headroom = L - D/E; debt headroom = L*E - D; break-even EBITDA = D/L,SRC-001;SRC-002;SRC-003,P7CT-0116,owner_reviewed,N/D is reported when information is missing. N/M is reserved for a mathematically non-meaningful nonpositive denominator. Missing information is never converted to zero.
P7H-00462,P7CT-0116,MODERATE_NO_WAIVER,2029-10-31,proposed_contractual,cash_interest_coverage,6.494577658588425128055625067,3,3.494577658588425128055625067,,,119.5911966494472871093129458,turns,compliant,coverage cushion = E - C*I,SRC-001;SRC-002;SRC-003,P7CT-0116,owner_reviewed,N/D is reported when information is missing. N/M is reserved for a mathematically non-meaningful nonpositive denominator. Missing information is never converted to zero.
P7H-00463,P7CT-0116,MODERATE_NO_WAIVER,2029-10-31,proposed_contractual,usable_liquidity,0,50,-50,,,,USD_millions,breached,liquidity headroom = usable liquidity - minimum liquidity,SRC-001;SRC-002;SRC-003,P7CT-0116,owner_reviewed,N/D is reported when information is missing. N/M is reserved for a mathematically non-meaningful nonpositive denominator. Missing information is never converted to zero.
P7H-00464,P7CT-0116,MODERATE_NO_WAIVER,2029-10-31,analyst_warning,analyst_leverage_warning,2.434579950308140092236464989,2.75,0.315420049691859907763535011,,,,turns,compliant,warning gap = warning threshold - D/E,SRC-001;SRC-002;SRC-003,P7CT-0116,owner_reviewed,N/D is reported when information is missing. N/M is reserved for a mathematically non-meaningful nonpositive denominator. Missing information is never converted to zero.
P7H-00465,P7CT-0117,MODERATE_NO_WAIVER,2030-01-31,proposed_contractual,gross_funded_leverage,2.381018783099809280540243412,3,0.618981216900190719459756588,137.5724069901661838230345929,176.3987210684918469031938874,,turns,compliant,ratio headroom = L - D/E; debt headroom = L*E - D; break-even EBITDA = D/L,SRC-001;SRC-002;SRC-003,P7CT-0117,owner_reviewed,N/D is reported when information is missing. N/M is reserved for a mathematically non-meaningful nonpositive denominator. Missing information is never converted to zero.
P7H-00466,P7CT-0117,MODERATE_NO_WAIVER,2030-01-31,proposed_contractual,cash_interest_coverage,6.711405925824930216316315703,3,3.711405925824930216316315703,,,122.9076217376788561874497312,turns,compliant,coverage cushion = E - C*I,SRC-001;SRC-002;SRC-003,P7CT-0117,owner_reviewed,N/D is reported when information is missing. N/M is reserved for a mathematically non-meaningful nonpositive denominator. Missing information is never converted to zero.
P7H-00467,P7CT-0117,MODERATE_NO_WAIVER,2030-01-31,proposed_contractual,usable_liquidity,0,50,-50,,,,USD_millions,breached,liquidity headroom = usable liquidity - minimum liquidity,SRC-001;SRC-002;SRC-003,P7CT-0117,owner_reviewed,N/D is reported when information is missing. N/M is reserved for a mathematically non-meaningful nonpositive denominator. Missing information is never converted to zero.
P7H-00468,P7CT-0117,MODERATE_NO_WAIVER,2030-01-31,analyst_warning,analyst_leverage_warning,2.381018783099809280540243412,2.75,0.368981216900190719459756588,,,,turns,compliant,warning gap = warning threshold - D/E,SRC-001;SRC-002;SRC-003,P7CT-0117,owner_reviewed,N/D is reported when information is missing. N/M is reserved for a mathematically non-meaningful nonpositive denominator. Missing information is never converted to zero.
P7H-00469,P7CT-0118,MODERATE_NO_WAIVER,2030-04-30,proposed_contractual,gross_funded_leverage,2.322089961714211585561830938,3,0.677910038285788414438169062,150.6686315025936631137620158,172.0317333167523445963231883,,turns,compliant,ratio headroom = L - D/E; debt headroom = L*E - D; break-even EBITDA = D/L,SRC-001;SRC-002;SRC-003,P7CT-0118,owner_reviewed,N/D is reported when information is missing. N/M is reserved for a mathematically non-meaningful nonpositive denominator. Missing information is never converted to zero.
P7H-00470,P7CT-0118,MODERATE_NO_WAIVER,2030-04-30,proposed_contractual,cash_interest_coverage,6.945318544786442832744808398,3,3.945318544786442832744808398,,,126.2527025583523450943100538,turns,compliant,coverage cushion = E - C*I,SRC-001;SRC-002;SRC-003,P7CT-0118,owner_reviewed,N/D is reported when information is missing. N/M is reserved for a mathematically non-meaningful nonpositive denominator. Missing information is never converted to zero.
P7H-00471,P7CT-0118,MODERATE_NO_WAIVER,2030-04-30,proposed_contractual,usable_liquidity,0,50,-50,,,,USD_millions,breached,liquidity headroom = usable liquidity - minimum liquidity,SRC-001;SRC-002;SRC-003,P7CT-0118,owner_reviewed,N/D is reported when information is missing. N/M is reserved for a mathematically non-meaningful nonpositive denominator. Missing information is never converted to zero.
P7H-00472,P7CT-0118,MODERATE_NO_WAIVER,2030-04-30,analyst_warning,analyst_leverage_warning,2.322089961714211585561830938,2.75,0.427910038285788414438169062,,,,turns,compliant,warning gap = warning threshold - D/E,SRC-001;SRC-002;SRC-003,P7CT-0118,owner_reviewed,N/D is reported when information is missing. N/M is reserved for a mathematically non-meaningful nonpositive denominator. Missing information is never converted to zero.
P7H-00473,P7CT-0119,MODERATE_NO_WAIVER,2030-07-31,proposed_contractual,gross_funded_leverage,2.216137539729101260899170527,3,0.783862460270898739100829473,174.2158049335828789322705396,164.1810925154760908672757375,,turns,compliant,ratio headroom = L - D/E; debt headroom = L*E - D; break-even EBITDA = D/L,SRC-001;SRC-002;SRC-003,P7CT-0119,owner_reviewed,N/D is reported when information is missing. N/M is reserved for a mathematically non-meaningful nonpositive denominator. Missing information is never converted to zero.
P7H-00474,P7CT-0119,MODERATE_NO_WAIVER,2030-07-31,proposed_contractual,cash_interest_coverage,7.206622998556443339610136229,3,4.206622998556443339610136229,,,129.7327051990295115984156768,turns,compliant,coverage cushion = E - C*I,SRC-001;SRC-002;SRC-003,P7CT-0119,owner_reviewed,N/D is reported when information is missing. N/M is reserved for a mathematically non-meaningful nonpositive denominator. Missing information is never converted to zero.
P7H-00475,P7CT-0119,MODERATE_NO_WAIVER,2030-07-31,proposed_contractual,usable_liquidity,0,50,-50,,,,USD_millions,breached,liquidity headroom = usable liquidity - minimum liquidity,SRC-001;SRC-002;SRC-003,P7CT-0119,owner_reviewed,N/D is reported when information is missing. N/M is reserved for a mathematically non-meaningful nonpositive denominator. Missing information is never converted to zero.
P7H-00476,P7CT-0119,MODERATE_NO_WAIVER,2030-07-31,analyst_warning,analyst_leverage_warning,2.216137539729101260899170527,2.75,0.533862460270898739100829473,,,,turns,compliant,warning gap = warning threshold - D/E,SRC-001;SRC-002;SRC-003,P7CT-0119,owner_reviewed,N/D is reported when information is missing. N/M is reserved for a mathematically non-meaningful nonpositive denominator. Missing information is never converted to zero.
P7H-00477,P7CT-0120,MODERATE_NO_WAIVER,2030-10-31,proposed_contractual,gross_funded_leverage,2.121022308288363792431461716,3,0.878977691711636207568538284,195.3540526179865151503549984,157.1334166666666666666666667,,turns,compliant,ratio headroom = L - D/E; debt headroom = L*E - D; break-even EBITDA = D/L,SRC-001;SRC-002;SRC-003,P7CT-0120,owner_reviewed,N/D is reported when information is missing. N/M is reserved for a mathematically non-meaningful nonpositive denominator. Missing information is never converted to zero.
P7H-00478,P7CT-0120,MODERATE_NO_WAIVER,2030-10-31,proposed_contractual,cash_interest_coverage,7.488780005710237712248379295,3,4.488780005710237712248379295,,,133.2176660742594232449461024,turns,compliant,coverage cushion = E - C*I,SRC-001;SRC-002;SRC-003,P7CT-0120,owner_reviewed,N/D is reported when information is missing. N/M is reserved for a mathematically non-meaningful nonpositive denominator. Missing information is never converted to zero.
P7H-00479,P7CT-0120,MODERATE_NO_WAIVER,2030-10-31,proposed_contractual,usable_liquidity,0,50,-50,,,,USD_millions,breached,liquidity headroom = usable liquidity - minimum liquidity,SRC-001;SRC-002;SRC-003,P7CT-0120,owner_reviewed,N/D is reported when information is missing. N/M is reserved for a mathematically non-meaningful nonpositive denominator. Missing information is never converted to zero.
P7H-00480,P7CT-0120,MODERATE_NO_WAIVER,2030-10-31,analyst_warning,analyst_leverage_warning,2.121022308288363792431461716,2.75,0.628977691711636207568538284,,,,turns,compliant,warning gap = warning threshold - D/E,SRC-001;SRC-002;SRC-003,P7CT-0120,owner_reviewed,N/D is reported when information is missing. N/M is reserved for a mathematically non-meaningful nonpositive denominator. Missing information is never converted to zero.
P7H-00481,P7CT-0121,SEVERE_NO_WAIVER,2026-01-31,proposed_contractual,gross_funded_leverage,3.228471664433044589605225788,3.5,0.271528335566955410394774212,61.18728125,207.8619196428571428571428571,,turns,compliant,ratio headroom = L - D/E; debt headroom = L*E - D; break-even EBITDA = D/L,SRC-001;SRC-002;SRC-003,P7CT-0121,owner_reviewed,N/D is reported when information is missing. N/M is reserved for a mathematically non-meaningful nonpositive denominator. Missing information is never converted to zero.
P7H-00482,P7CT-0121,SEVERE_NO_WAIVER,2026-01-31,proposed_contractual,cash_interest_coverage,N/D,3,N/D,,,N/D,turns,not_determinable,coverage cushion = E - C*I,SRC-001;SRC-002;SRC-003,P7CT-0121,owner_reviewed,N/D is reported when information is missing. N/M is reserved for a mathematically non-meaningful nonpositive denominator. Missing information is never converted to zero.
P7H-00483,P7CT-0121,SEVERE_NO_WAIVER,2026-01-31,proposed_contractual,usable_liquidity,263.90228125,50,213.90228125,,,,USD_millions,compliant,liquidity headroom = usable liquidity - minimum liquidity,SRC-001;SRC-002;SRC-003,P7CT-0121,owner_reviewed,N/D is reported when information is missing. N/M is reserved for a mathematically non-meaningful nonpositive denominator. Missing information is never converted to zero.
P7H-00484,P7CT-0121,SEVERE_NO_WAIVER,2026-01-31,analyst_warning,analyst_leverage_warning,3.228471664433044589605225788,3.25,0.021528335566955410394774212,,,,turns,compliant,warning gap = warning threshold - D/E,SRC-001;SRC-002;SRC-003,P7CT-0121,owner_reviewed,N/D is reported when information is missing. N/M is reserved for a mathematically non-meaningful nonpositive denominator. Missing information is never converted to zero.
P7H-00485,P7CT-0122,SEVERE_NO_WAIVER,2026-04-30,proposed_contractual,gross_funded_leverage,N/D,3.5,N/D,N/D,261.8250306300468676231019312,,turns,not_determinable,ratio headroom = L - D/E; debt headroom = L*E - D; break-even EBITDA = D/L,SRC-001;SRC-002;SRC-003,P7CT-0122,owner_reviewed,N/D is reported when information is missing. N/M is reserved for a mathematically non-meaningful nonpositive denominator. Missing information is never converted to zero.
P7H-00486,P7CT-0122,SEVERE_NO_WAIVER,2026-04-30,proposed_contractual,cash_interest_coverage,N/D,3,N/D,,,N/D,turns,not_determinable,coverage cushion = E - C*I,SRC-001;SRC-002;SRC-003,P7CT-0122,owner_reviewed,N/D is reported when information is missing. N/M is reserved for a mathematically non-meaningful nonpositive denominator. Missing information is never converted to zero.
P7H-00487,P7CT-0122,SEVERE_NO_WAIVER,2026-04-30,proposed_contractual,usable_liquidity,63.1251427948359633191432408,50,13.1251427948359633191432408,,,,USD_millions,warning,liquidity headroom = usable liquidity - minimum liquidity,SRC-001;SRC-002;SRC-003,P7CT-0122,owner_reviewed,N/D is reported when information is missing. N/M is reserved for a mathematically non-meaningful nonpositive denominator. Missing information is never converted to zero.
P7H-00488,P7CT-0122,SEVERE_NO_WAIVER,2026-04-30,analyst_warning,analyst_leverage_warning,N/D,3.25,N/D,,,,turns,not_determinable,warning gap = warning threshold - D/E,SRC-001;SRC-002;SRC-003,P7CT-0122,owner_reviewed,N/D is reported when information is missing. N/M is reserved for a mathematically non-meaningful nonpositive denominator. Missing information is never converted to zero.
P7H-00489,P7CT-0123,SEVERE_NO_WAIVER,2026-07-31,proposed_contractual,gross_funded_leverage,N/D,3.5,N/D,N/D,259.5581749934793351533372518,,turns,not_determinable,ratio headroom = L - D/E; debt headroom = L*E - D; break-even EBITDA = D/L,SRC-001;SRC-002;SRC-003,P7CT-0123,owner_reviewed,N/D is reported when information is missing. N/M is reserved for a mathematically non-meaningful nonpositive denominator. Missing information is never converted to zero.
P7H-00490,P7CT-0123,SEVERE_NO_WAIVER,2026-07-31,proposed_contractual,cash_interest_coverage,N/D,3,N/D,,,N/D,turns,not_determinable,coverage cushion = E - C*I,SRC-001;SRC-002;SRC-003,P7CT-0123,owner_reviewed,N/D is reported when information is missing. N/M is reserved for a mathematically non-meaningful nonpositive denominator. Missing information is never converted to zero.
P7H-00491,P7CT-0123,SEVERE_NO_WAIVER,2026-07-31,proposed_contractual,usable_liquidity,59.1528875228223269633196187,50,9.1528875228223269633196187,,,,USD_millions,warning,liquidity headroom = usable liquidity - minimum liquidity,SRC-001;SRC-002;SRC-003,P7CT-0123,owner_reviewed,N/D is reported when information is missing. N/M is reserved for a mathematically non-meaningful nonpositive denominator. Missing information is never converted to zero.
P7H-00492,P7CT-0123,SEVERE_NO_WAIVER,2026-07-31,analyst_warning,analyst_leverage_warning,N/D,3.25,N/D,,,,turns,not_determinable,warning gap = warning threshold - D/E,SRC-001;SRC-002;SRC-003,P7CT-0123,owner_reviewed,N/D is reported when information is missing. N/M is reserved for a mathematically non-meaningful nonpositive denominator. Missing information is never converted to zero.
P7H-00493,P7CT-0124,SEVERE_NO_WAIVER,2026-10-31,proposed_contractual,gross_funded_leverage,6.085032837308540174682076325,3.5,-2.585032837308540174682076325,-382.3628221311592658343106473,257.1606270034907102520868295,,turns,breached,ratio headroom = L - D/E; debt headroom = L*E - D; break-even EBITDA = D/L,SRC-001;SRC-002;SRC-003,P7CT-0124,owner_reviewed,N/D is reported when information is missing. N/M is reserved for a mathematically non-meaningful nonpositive denominator. Missing information is never converted to zero.
P7H-00494,P7CT-0124,SEVERE_NO_WAIVER,2026-10-31,proposed_contractual,cash_interest_coverage,N/D,3,N/D,,,N/D,turns,not_determinable,coverage cushion = E - C*I,SRC-001;SRC-002;SRC-003,P7CT-0124,owner_reviewed,N/D is reported when information is missing. N/M is reserved for a mathematically non-meaningful nonpositive denominator. Missing information is never converted to zero.
P7H-00495,P7CT-0124,SEVERE_NO_WAIVER,2026-10-31,proposed_contractual,usable_liquidity,55.6380554877825141176960967,50,5.6380554877825141176960967,,,,USD_millions,warning,liquidity headroom = usable liquidity - minimum liquidity,SRC-001;SRC-002;SRC-003,P7CT-0124,owner_reviewed,N/D is reported when information is missing. N/M is reserved for a mathematically non-meaningful nonpositive denominator. Missing information is never converted to zero.
P7H-00496,P7CT-0124,SEVERE_NO_WAIVER,2026-10-31,analyst_warning,analyst_leverage_warning,6.085032837308540174682076325,3.25,-2.835032837308540174682076325,,,,turns,breached,warning gap = warning threshold - D/E,SRC-001;SRC-002;SRC-003,P7CT-0124,owner_reviewed,N/D is reported when information is missing. N/M is reserved for a mathematically non-meaningful nonpositive denominator. Missing information is never converted to zero.
P7H-00497,P7CT-0125,SEVERE_NO_WAIVER,2027-01-31,proposed_contractual,gross_funded_leverage,6.81315885843563940769012503,3.5,-3.31315885843563940769012503,-431.8997687232222499792950771,253.7588412892049959663725438,,turns,breached,ratio headroom = L - D/E; debt headroom = L*E - D; break-even EBITDA = D/L,SRC-001;SRC-002;SRC-003,P7CT-0125,owner_reviewed,N/D is reported when information is missing. N/M is reserved for a mathematically non-meaningful nonpositive denominator. Missing information is never converted to zero.
P7H-00498,P7CT-0125,SEVERE_NO_WAIVER,2027-01-31,proposed_contractual,cash_interest_coverage,1.861980995883890218713637955,3,-1.138019004116109781286362045,,,-79.6736992852584735738244929,turns,breached,coverage cushion = E - C*I,SRC-001;SRC-002;SRC-003,P7CT-0125,owner_reviewed,N/D is reported when information is missing. N/M is reserved for a mathematically non-meaningful nonpositive denominator. Missing information is never converted to zero.
P7H-00499,P7CT-0125,SEVERE_NO_WAIVER,2027-01-31,proposed_contractual,usable_liquidity,0,50,-50,,,,USD_millions,breached,liquidity headroom = usable liquidity - minimum liquidity,SRC-001;SRC-002;SRC-003,P7CT-0125,owner_reviewed,N/D is reported when information is missing. N/M is reserved for a mathematically non-meaningful nonpositive denominator. Missing information is never converted to zero.
P7H-00500,P7CT-0125,SEVERE_NO_WAIVER,2027-01-31,analyst_warning,analyst_leverage_warning,6.81315885843563940769012503,3.25,-3.56315885843563940769012503,,,,turns,breached,warning gap = warning threshold - D/E,SRC-001;SRC-002;SRC-003,P7CT-0125,owner_reviewed,N/D is reported when information is missing. N/M is reserved for a mathematically non-meaningful nonpositive denominator. Missing information is never converted to zero.
P7H-00501,P7CT-0126,SEVERE_NO_WAIVER,2027-04-30,proposed_contractual,gross_funded_leverage,6.756443813804071588626564852,3.5,-3.256443813804071588626564852,-424.5032590431079390467444597,251.6445706240702649485302909,,turns,breached,ratio headroom = L - D/E; debt headroom = L*E - D; break-even EBITDA = D/L,SRC-001;SRC-002;SRC-003,P7CT-0126,owner_reviewed,N/D is reported when information is missing. N/M is reserved for a mathematically non-meaningful nonpositive denominator. Missing information is never converted to zero.
P7H-00502,P7CT-0126,SEVERE_NO_WAIVER,2027-04-30,proposed_contractual,cash_interest_coverage,1.809369673687760591049737676,3,-1.190630326312239408950262324,,,-85.7802036009048155138529068,turns,breached,coverage cushion = E - C*I,SRC-001;SRC-002;SRC-003,P7CT-0126,owner_reviewed,N/D is reported when information is missing. N/M is reserved for a mathematically non-meaningful nonpositive denominator. Missing information is never converted to zero.
P7H-00503,P7CT-0126,SEVERE_NO_WAIVER,2027-04-30,proposed_contractual,usable_liquidity,0,50,-50,,,,USD_millions,breached,liquidity headroom = usable liquidity - minimum liquidity,SRC-001;SRC-002;SRC-003,P7CT-0126,owner_reviewed,N/D is reported when information is missing. N/M is reserved for a mathematically non-meaningful nonpositive denominator. Missing information is never converted to zero.
P7H-00504,P7CT-0126,SEVERE_NO_WAIVER,2027-04-30,analyst_warning,analyst_leverage_warning,6.756443813804071588626564852,3.25,-3.506443813804071588626564852,,,,turns,breached,warning gap = warning threshold - D/E,SRC-001;SRC-002;SRC-003,P7CT-0126,owner_reviewed,N/D is reported when information is missing. N/M is reserved for a mathematically non-meaningful nonpositive denominator. Missing information is never converted to zero.
P7H-00505,P7CT-0127,SEVERE_NO_WAIVER,2027-07-31,proposed_contractual,gross_funded_leverage,6.70778264334591854206623437,3.5,-3.20778264334591854206623437,-418.156839280296464889809364,249.8303568522754095609976137,,turns,breached,ratio headroom = L - D/E; debt headroom = L*E - D; break-even EBITDA = D/L,SRC-001;SRC-002;SRC-003,P7CT-0127,owner_reviewed,N/D is reported when information is missing. N/M is reserved for a mathematically non-meaningful nonpositive denominator. Missing information is never converted to zero.
P7H-00506,P7CT-0127,SEVERE_NO_WAIVER,2027-07-31,proposed_contractual,cash_interest_coverage,1.831001098017011000595972135,3,-1.168998901982988999404027865,,,-83.226143267501197057307647,turns,breached,coverage cushion = E - C*I,SRC-001;SRC-002;SRC-003,P7CT-0127,owner_reviewed,N/D is reported when information is missing. N/M is reserved for a mathematically non-meaningful nonpositive denominator. Missing information is never converted to zero.
P7H-00507,P7CT-0127,SEVERE_NO_WAIVER,2027-07-31,proposed_contractual,usable_liquidity,0,50,-50,,,,USD_millions,breached,liquidity headroom = usable liquidity - minimum liquidity,SRC-001;SRC-002;SRC-003,P7CT-0127,owner_reviewed,N/D is reported when information is missing. N/M is reserved for a mathematically non-meaningful nonpositive denominator. Missing information is never converted to zero.
P7H-00508,P7CT-0127,SEVERE_NO_WAIVER,2027-07-31,analyst_warning,analyst_leverage_warning,6.70778264334591854206623437,3.25,-3.45778264334591854206623437,,,,turns,breached,warning gap = warning threshold - D/E,SRC-001;SRC-002;SRC-003,P7CT-0127,owner_reviewed,N/D is reported when information is missing. N/M is reserved for a mathematically non-meaningful nonpositive denominator. Missing information is never converted to zero.
P7H-00509,P7CT-0128,SEVERE_NO_WAIVER,2027-10-31,proposed_contractual,gross_funded_leverage,6.656336229899199780569628627,3.5,-3.156336229899199780569628627,-411.4473975938315794344502515,247.9124094537405810261866791,,turns,breached,ratio headroom = L - D/E; debt headroom = L*E - D; break-even EBITDA = D/L,SRC-001;SRC-002;SRC-003,P7CT-0128,owner_reviewed,N/D is reported when information is missing. N/M is reserved for a mathematically non-meaningful nonpositive denominator. Missing information is never converted to zero.
P7H-00510,P7CT-0128,SEVERE_NO_WAIVER,2027-10-31,proposed_contractual,cash_interest_coverage,1.852163122182860566214852633,3,-1.147836877817139433785147367,,,-80.7852364044756989956760879,turns,breached,coverage cushion = E - C*I,SRC-001;SRC-002;SRC-003,P7CT-0128,owner_reviewed,N/D is reported when information is missing. N/M is reserved for a mathematically non-meaningful nonpositive denominator. Missing information is never converted to zero.
P7H-00511,P7CT-0128,SEVERE_NO_WAIVER,2027-10-31,proposed_contractual,usable_liquidity,0,50,-50,,,,USD_millions,breached,liquidity headroom = usable liquidity - minimum liquidity,SRC-001;SRC-002;SRC-003,P7CT-0128,owner_reviewed,N/D is reported when information is missing. N/M is reserved for a mathematically non-meaningful nonpositive denominator. Missing information is never converted to zero.
P7H-00512,P7CT-0128,SEVERE_NO_WAIVER,2027-10-31,analyst_warning,analyst_leverage_warning,6.656336229899199780569628627,3.25,-3.406336229899199780569628627,,,,turns,breached,warning gap = warning threshold - D/E,SRC-001;SRC-002;SRC-003,P7CT-0128,owner_reviewed,N/D is reported when information is missing. N/M is reserved for a mathematically non-meaningful nonpositive denominator. Missing information is never converted to zero.
P7H-00513,P7CT-0129,SEVERE_NO_WAIVER,2028-01-31,proposed_contractual,gross_funded_leverage,6.656354701676118718989014148,3.25,-3.406354701676118718989014148,-444.0375758023915590711215009,266.9825947963360103358933467,,turns,breached,ratio headroom = L - D/E; debt headroom = L*E - D; break-even EBITDA = D/L,SRC-001;SRC-002;SRC-003,P7CT-0129,owner_reviewed,N/D is reported when information is missing. N/M is reserved for a mathematically non-meaningful nonpositive denominator. Missing information is never converted to zero.
P7H-00514,P7CT-0129,SEVERE_NO_WAIVER,2028-01-31,proposed_contractual,cash_interest_coverage,1.870590034965709367082469954,3,-1.129409965034290632917530046,,,-78.7050960095571621597207751,turns,breached,coverage cushion = E - C*I,SRC-001;SRC-002;SRC-003,P7CT-0129,owner_reviewed,N/D is reported when information is missing. N/M is reserved for a mathematically non-meaningful nonpositive denominator. Missing information is never converted to zero.
P7H-00515,P7CT-0129,SEVERE_NO_WAIVER,2028-01-31,proposed_contractual,usable_liquidity,0,50,-50,,,,USD_millions,breached,liquidity headroom = usable liquidity - minimum liquidity,SRC-001;SRC-002;SRC-003,P7CT-0129,owner_reviewed,N/D is reported when information is missing. N/M is reserved for a mathematically non-meaningful nonpositive denominator. Missing information is never converted to zero.
P7H-00516,P7CT-0129,SEVERE_NO_WAIVER,2028-01-31,analyst_warning,analyst_leverage_warning,6.656354701676118718989014148,3,-3.656354701676118718989014148,,,,turns,breached,warning gap = warning threshold - D/E,SRC-001;SRC-002;SRC-003,P7CT-0129,owner_reviewed,N/D is reported when information is missing. N/M is reserved for a mathematically non-meaningful nonpositive denominator. Missing information is never converted to zero.
P7H-00517,P7CT-0130,SEVERE_NO_WAIVER,2028-04-30,proposed_contractual,gross_funded_leverage,6.351993369793229190991987607,3.25,-3.101993369793229190991987607,-417.9233216012787099738621723,263.3191332578744718743548852,,turns,breached,ratio headroom = L - D/E; debt headroom = L*E - D; break-even EBITDA = D/L,SRC-001;SRC-002;SRC-003,P7CT-0130,owner_reviewed,N/D is reported when information is missing. N/M is reserved for a mathematically non-meaningful nonpositive denominator. Missing information is never converted to zero.
P7H-00518,P7CT-0130,SEVERE_NO_WAIVER,2028-04-30,proposed_contractual,cash_interest_coverage,1.968391033015103971027166007,3,-1.031608966984896028972833993,,,-70.6089043131648075061152282,turns,breached,coverage cushion = E - C*I,SRC-001;SRC-002;SRC-003,P7CT-0130,owner_reviewed,N/D is reported when information is missing. N/M is reserved for a mathematically non-meaningful nonpositive denominator. Missing information is never converted to zero.
P7H-00519,P7CT-0130,SEVERE_NO_WAIVER,2028-04-30,proposed_contractual,usable_liquidity,0,50,-50,,,,USD_millions,breached,liquidity headroom = usable liquidity - minimum liquidity,SRC-001;SRC-002;SRC-003,P7CT-0130,owner_reviewed,N/D is reported when information is missing. N/M is reserved for a mathematically non-meaningful nonpositive denominator. Missing information is never converted to zero.
P7H-00520,P7CT-0130,SEVERE_NO_WAIVER,2028-04-30,analyst_warning,analyst_leverage_warning,6.351993369793229190991987607,3,-3.351993369793229190991987607,,,,turns,breached,warning gap = warning threshold - D/E,SRC-001;SRC-002;SRC-003,P7CT-0130,owner_reviewed,N/D is reported when information is missing. N/M is reserved for a mathematically non-meaningful nonpositive denominator. Missing information is never converted to zero.
P7H-00521,P7CT-0131,SEVERE_NO_WAIVER,2028-07-31,proposed_contractual,gross_funded_leverage,5.710746293639272021819473694,3.25,-2.460746293639272021819473694,-354.769122649363687301049508,253.3310830888940345147694916,,turns,breached,ratio headroom = L - D/E; debt headroom = L*E - D; break-even EBITDA = D/L,SRC-001;SRC-002;SRC-003,P7CT-0131,owner_reviewed,N/D is reported when information is missing. N/M is reserved for a mathematically non-meaningful nonpositive denominator. Missing information is never converted to zero.
P7H-00522,P7CT-0131,SEVERE_NO_WAIVER,2028-07-31,proposed_contractual,cash_interest_coverage,2.176525224779400630931708732,3,-0.823474775220599369068291268,,,-54.5463343078480817312762009,turns,breached,coverage cushion = E - C*I,SRC-001;SRC-002;SRC-003,P7CT-0131,owner_reviewed,N/D is reported when information is missing. N/M is reserved for a mathematically non-meaningful nonpositive denominator. Missing information is never converted to zero.
P7H-00523,P7CT-0131,SEVERE_NO_WAIVER,2028-07-31,proposed_contractual,usable_liquidity,0,50,-50,,,,USD_millions,breached,liquidity headroom = usable liquidity - minimum liquidity,SRC-001;SRC-002;SRC-003,P7CT-0131,owner_reviewed,N/D is reported when information is missing. N/M is reserved for a mathematically non-meaningful nonpositive denominator. Missing information is never converted to zero.
P7H-00524,P7CT-0131,SEVERE_NO_WAIVER,2028-07-31,analyst_warning,analyst_leverage_warning,5.710746293639272021819473694,3,-2.710746293639272021819473694,,,,turns,breached,warning gap = warning threshold - D/E,SRC-001;SRC-002;SRC-003,P7CT-0131,owner_reviewed,N/D is reported when information is missing. N/M is reserved for a mathematically non-meaningful nonpositive denominator. Missing information is never converted to zero.
P7H-00525,P7CT-0132,SEVERE_NO_WAIVER,2028-10-31,proposed_contractual,gross_funded_leverage,4.951149519217002417288539397,3.25,-1.701149519217002417288539397,-269.8239633878401997347364537,241.6354844423680448670555429,,turns,breached,ratio headroom = L - D/E; debt headroom = L*E - D; break-even EBITDA = D/L,SRC-001;SRC-002;SRC-003,P7CT-0132,owner_reviewed,N/D is reported when information is missing. N/M is reserved for a mathematically non-meaningful nonpositive denominator. Missing information is never converted to zero.
P7H-00526,P7CT-0132,SEVERE_NO_WAIVER,2028-10-31,proposed_contractual,cash_interest_coverage,2.527810814181872230240215479,3,-0.472189185818127769759784521,,,-29.6284887125742695713488888,turns,breached,coverage cushion = E - C*I,SRC-001;SRC-002;SRC-003,P7CT-0132,owner_reviewed,N/D is reported when information is missing. N/M is reserved for a mathematically non-meaningful nonpositive denominator. Missing information is never converted to zero.
P7H-00527,P7CT-0132,SEVERE_NO_WAIVER,2028-10-31,proposed_contractual,usable_liquidity,0,50,-50,,,,USD_millions,breached,liquidity headroom = usable liquidity - minimum liquidity,SRC-001;SRC-002;SRC-003,P7CT-0132,owner_reviewed,N/D is reported when information is missing. N/M is reserved for a mathematically non-meaningful nonpositive denominator. Missing information is never converted to zero.
P7H-00528,P7CT-0132,SEVERE_NO_WAIVER,2028-10-31,analyst_warning,analyst_leverage_warning,4.951149519217002417288539397,3,-1.951149519217002417288539397,,,,turns,breached,warning gap = warning threshold - D/E,SRC-001;SRC-002;SRC-003,P7CT-0132,owner_reviewed,N/D is reported when information is missing. N/M is reserved for a mathematically non-meaningful nonpositive denominator. Missing information is never converted to zero.
P7H-00529,P7CT-0133,SEVERE_NO_WAIVER,2029-01-31,proposed_contractual,gross_funded_leverage,4.423719649728231586058743909,3,-1.423719649728231586058743909,-245.3000300396753216735171148,254.0618543762168255583136206,,turns,breached,ratio headroom = L - D/E; debt headroom = L*E - D; break-even EBITDA = D/L,SRC-001;SRC-002;SRC-003,P7CT-0133,owner_reviewed,N/D is reported when information is missing. N/M is reserved for a mathematically non-meaningful nonpositive denominator. Missing information is never converted to zero.
P7H-00530,P7CT-0133,SEVERE_NO_WAIVER,2029-01-31,proposed_contractual,cash_interest_coverage,2.967797321162077326822325345,3,-0.032202678837922673177674655,,,-1.8695233104749358834344965,turns,breached,coverage cushion = E - C*I,SRC-001;SRC-002;SRC-003,P7CT-0133,owner_reviewed,N/D is reported when information is missing. N/M is reserved for a mathematically non-meaningful nonpositive denominator. Missing information is never converted to zero.
P7H-00531,P7CT-0133,SEVERE_NO_WAIVER,2029-01-31,proposed_contractual,usable_liquidity,0,50,-50,,,,USD_millions,breached,liquidity headroom = usable liquidity - minimum liquidity,SRC-001;SRC-002;SRC-003,P7CT-0133,owner_reviewed,N/D is reported when information is missing. N/M is reserved for a mathematically non-meaningful nonpositive denominator. Missing information is never converted to zero.
P7H-00532,P7CT-0133,SEVERE_NO_WAIVER,2029-01-31,analyst_warning,analyst_leverage_warning,4.423719649728231586058743909,2.75,-1.673719649728231586058743909,,,,turns,breached,warning gap = warning threshold - D/E,SRC-001;SRC-002;SRC-003,P7CT-0133,owner_reviewed,N/D is reported when information is missing. N/M is reserved for a mathematically non-meaningful nonpositive denominator. Missing information is never converted to zero.
P7H-00533,P7CT-0134,SEVERE_NO_WAIVER,2029-04-30,proposed_contractual,gross_funded_leverage,3.708048525708172995597902478,3,-0.708048525708172995597902478,-135.8180801995360404966568886,237.0929928118017299707971637,,turns,breached,ratio headroom = L - D/E; debt headroom = L*E - D; break-even EBITDA = D/L,SRC-001;SRC-002;SRC-003,P7CT-0134,owner_reviewed,N/D is reported when information is missing. N/M is reserved for a mathematically non-meaningful nonpositive denominator. Missing information is never converted to zero.
P7H-00534,P7CT-0134,SEVERE_NO_WAIVER,2029-04-30,proposed_contractual,cash_interest_coverage,3.638120167918009222719476071,3,0.638120167918009222719476071,,,33.6449583909398204518396764,turns,compliant,coverage cushion = E - C*I,SRC-001;SRC-002;SRC-003,P7CT-0134,owner_reviewed,N/D is reported when information is missing. N/M is reserved for a mathematically non-meaningful nonpositive denominator. Missing information is never converted to zero.
P7H-00535,P7CT-0134,SEVERE_NO_WAIVER,2029-04-30,proposed_contractual,usable_liquidity,0,50,-50,,,,USD_millions,breached,liquidity headroom = usable liquidity - minimum liquidity,SRC-001;SRC-002;SRC-003,P7CT-0134,owner_reviewed,N/D is reported when information is missing. N/M is reserved for a mathematically non-meaningful nonpositive denominator. Missing information is never converted to zero.
P7H-00536,P7CT-0134,SEVERE_NO_WAIVER,2029-04-30,analyst_warning,analyst_leverage_warning,3.708048525708172995597902478,2.75,-0.958048525708172995597902478,,,,turns,breached,warning gap = warning threshold - D/E,SRC-001;SRC-002;SRC-003,P7CT-0134,owner_reviewed,N/D is reported when information is missing. N/M is reserved for a mathematically non-meaningful nonpositive denominator. Missing information is never converted to zero.
P7H-00537,P7CT-0135,SEVERE_NO_WAIVER,2029-07-31,proposed_contractual,gross_funded_leverage,3.321396655324292313943422352,3,-0.321396655324292313943422352,-66.7404517939537353115619651,229.9043976666998540263374812,,turns,breached,ratio headroom = L - D/E; debt headroom = L*E - D; break-even EBITDA = D/L,SRC-001;SRC-002;SRC-003,P7CT-0135,owner_reviewed,N/D is reported when information is missing. N/M is reserved for a mathematically non-meaningful nonpositive denominator. Missing information is never converted to zero.
P7H-00538,P7CT-0135,SEVERE_NO_WAIVER,2029-07-31,proposed_contractual,cash_interest_coverage,4.329701479172289637742588794,3,1.329701479172289637742588794,,,63.7740484304079873758513808,turns,compliant,coverage cushion = E - C*I,SRC-001;SRC-002;SRC-003,P7CT-0135,owner_reviewed,N/D is reported when information is missing. N/M is reserved for a mathematically non-meaningful nonpositive denominator. Missing information is never converted to zero.
P7H-00539,P7CT-0135,SEVERE_NO_WAIVER,2029-07-31,proposed_contractual,usable_liquidity,0,50,-50,,,,USD_millions,breached,liquidity headroom = usable liquidity - minimum liquidity,SRC-001;SRC-002;SRC-003,P7CT-0135,owner_reviewed,N/D is reported when information is missing. N/M is reserved for a mathematically non-meaningful nonpositive denominator. Missing information is never converted to zero.
P7H-00540,P7CT-0135,SEVERE_NO_WAIVER,2029-07-31,analyst_warning,analyst_leverage_warning,3.321396655324292313943422352,2.75,-0.571396655324292313943422352,,,,turns,breached,warning gap = warning threshold - D/E,SRC-001;SRC-002;SRC-003,P7CT-0135,owner_reviewed,N/D is reported when information is missing. N/M is reserved for a mathematically non-meaningful nonpositive denominator. Missing information is never converted to zero.
P7H-00541,P7CT-0136,SEVERE_NO_WAIVER,2029-10-31,proposed_contractual,gross_funded_leverage,3.083549959760619530324294488,3,-0.083549959760619530324294488,-18.2461651481500831312470402,224.4683379444020313266324797,,turns,breached,ratio headroom = L - D/E; debt headroom = L*E - D; break-even EBITDA = D/L,SRC-001;SRC-002;SRC-003,P7CT-0136,owner_reviewed,N/D is reported when information is missing. N/M is reserved for a mathematically non-meaningful nonpositive denominator. Missing information is never converted to zero.
P7H-00542,P7CT-0136,SEVERE_NO_WAIVER,2029-10-31,proposed_contractual,cash_interest_coverage,4.92586719164569027915772541,3,1.92586719164569027915772541,,,85.3825247351944264316028068,turns,compliant,coverage cushion = E - C*I,SRC-001;SRC-002;SRC-003,P7CT-0136,owner_reviewed,N/D is reported when information is missing. N/M is reserved for a mathematically non-meaningful nonpositive denominator. Missing information is never converted to zero.
P7H-00543,P7CT-0136,SEVERE_NO_WAIVER,2029-10-31,proposed_contractual,usable_liquidity,0,50,-50,,,,USD_millions,breached,liquidity headroom = usable liquidity - minimum liquidity,SRC-001;SRC-002;SRC-003,P7CT-0136,owner_reviewed,N/D is reported when information is missing. N/M is reserved for a mathematically non-meaningful nonpositive denominator. Missing information is never converted to zero.
P7H-00544,P7CT-0136,SEVERE_NO_WAIVER,2029-10-31,analyst_warning,analyst_leverage_warning,3.083549959760619530324294488,2.75,-0.333549959760619530324294488,,,,turns,breached,warning gap = warning threshold - D/E,SRC-001;SRC-002;SRC-003,P7CT-0136,owner_reviewed,N/D is reported when information is missing. N/M is reserved for a mathematically non-meaningful nonpositive denominator. Missing information is never converted to zero.
P7H-00545,P7CT-0137,SEVERE_NO_WAIVER,2030-01-31,proposed_contractual,gross_funded_leverage,2.976289495645140970432014035,3,0.023710504354859029567985965,5.269806362435630552718816,220.4995879444020313266324797,,turns,warning,ratio headroom = L - D/E; debt headroom = L*E - D; break-even EBITDA = D/L,SRC-001;SRC-002;SRC-003,P7CT-0137,owner_reviewed,N/D is reported when information is missing. N/M is reserved for a mathematically non-meaningful nonpositive denominator. Missing information is never converted to zero.
P7H-00546,P7CT-0137,SEVERE_NO_WAIVER,2030-01-31,proposed_contractual,cash_interest_coverage,5.314575633735813227815475689,3,2.314575633735813227815475689,,,96.7958304528425148427462355,turns,compliant,coverage cushion = E - C*I,SRC-001;SRC-002;SRC-003,P7CT-0137,owner_reviewed,N/D is reported when information is missing. N/M is reserved for a mathematically non-meaningful nonpositive denominator. Missing information is never converted to zero.
P7H-00547,P7CT-0137,SEVERE_NO_WAIVER,2030-01-31,proposed_contractual,usable_liquidity,0,50,-50,,,,USD_millions,breached,liquidity headroom = usable liquidity - minimum liquidity,SRC-001;SRC-002;SRC-003,P7CT-0137,owner_reviewed,N/D is reported when information is missing. N/M is reserved for a mathematically non-meaningful nonpositive denominator. Missing information is never converted to zero.
P7H-00548,P7CT-0137,SEVERE_NO_WAIVER,2030-01-31,analyst_warning,analyst_leverage_warning,2.976289495645140970432014035,2.75,-0.226289495645140970432014035,,,,turns,warning,warning gap = warning threshold - D/E,SRC-001;SRC-002;SRC-003,P7CT-0137,owner_reviewed,N/D is reported when information is missing. N/M is reserved for a mathematically non-meaningful nonpositive denominator. Missing information is never converted to zero.
P7H-00549,P7CT-0138,SEVERE_NO_WAIVER,2030-04-30,proposed_contractual,gross_funded_leverage,2.922740331090414660089259702,3,0.077259668909585339910740298,17.1713176196446029228341415,216.5308379444020313266324797,,turns,warning,ratio headroom = L - D/E; debt headroom = L*E - D; break-even EBITDA = D/L,SRC-001;SRC-002;SRC-003,P7CT-0138,owner_reviewed,N/D is reported when information is missing. N/M is reserved for a mathematically non-meaningful nonpositive denominator. Missing information is never converted to zero.
P7H-00550,P7CT-0138,SEVERE_NO_WAIVER,2030-04-30,proposed_contractual,cash_interest_coverage,5.48089351490628942188464922,3,2.48089351490628942188464922,,,100.6022139107203565130832373,turns,compliant,coverage cushion = E - C*I,SRC-001;SRC-002;SRC-003,P7CT-0138,owner_reviewed,N/D is reported when information is missing. N/M is reserved for a mathematically non-meaningful nonpositive denominator. Missing information is never converted to zero.
P7H-00551,P7CT-0138,SEVERE_NO_WAIVER,2030-04-30,proposed_contractual,usable_liquidity,0,50,-50,,,,USD_millions,breached,liquidity headroom = usable liquidity - minimum liquidity,SRC-001;SRC-002;SRC-003,P7CT-0138,owner_reviewed,N/D is reported when information is missing. N/M is reserved for a mathematically non-meaningful nonpositive denominator. Missing information is never converted to zero.
P7H-00552,P7CT-0138,SEVERE_NO_WAIVER,2030-04-30,analyst_warning,analyst_leverage_warning,2.922740331090414660089259702,2.75,-0.172740331090414660089259702,,,,turns,warning,warning gap = warning threshold - D/E,SRC-001;SRC-002;SRC-003,P7CT-0138,owner_reviewed,N/D is reported when information is missing. N/M is reserved for a mathematically non-meaningful nonpositive denominator. Missing information is never converted to zero.
P7H-00553,P7CT-0139,SEVERE_NO_WAIVER,2030-07-31,proposed_contractual,gross_funded_leverage,2.853424849543299645921927892,3,0.146575150456700354078072108,32.5767709442930385303915621,211.3941038452393710012353967,,turns,warning,ratio headroom = L - D/E; debt headroom = L*E - D; break-even EBITDA = D/L,SRC-001;SRC-002;SRC-003,P7CT-0139,owner_reviewed,N/D is reported when information is missing. N/M is reserved for a mathematically non-meaningful nonpositive denominator. Missing information is never converted to zero.
P7H-00554,P7CT-0139,SEVERE_NO_WAIVER,2030-07-31,proposed_contractual,cash_interest_coverage,5.610392762726171290599918528,3,2.610392762726171290599918528,,,103.4094615116885154661277669,turns,compliant,coverage cushion = E - C*I,SRC-001;SRC-002;SRC-003,P7CT-0139,owner_reviewed,N/D is reported when information is missing. N/M is reserved for a mathematically non-meaningful nonpositive denominator. Missing information is never converted to zero.
P7H-00555,P7CT-0139,SEVERE_NO_WAIVER,2030-07-31,proposed_contractual,usable_liquidity,0,50,-50,,,,USD_millions,breached,liquidity headroom = usable liquidity - minimum liquidity,SRC-001;SRC-002;SRC-003,P7CT-0139,owner_reviewed,N/D is reported when information is missing. N/M is reserved for a mathematically non-meaningful nonpositive denominator. Missing information is never converted to zero.
P7H-00556,P7CT-0139,SEVERE_NO_WAIVER,2030-07-31,analyst_warning,analyst_leverage_warning,2.853424849543299645921927892,2.75,-0.103424849543299645921927892,,,,turns,warning,warning gap = warning threshold - D/E,SRC-001;SRC-002;SRC-003,P7CT-0139,owner_reviewed,N/D is reported when information is missing. N/M is reserved for a mathematically non-meaningful nonpositive denominator. Missing information is never converted to zero.
P7H-00557,P7CT-0140,SEVERE_NO_WAIVER,2030-10-31,proposed_contractual,gross_funded_leverage,2.756183622373577397301357928,3,0.243816377626422602698642072,54.1885396103830175884307662,204.1885876692011658539747441,,turns,warning,ratio headroom = L - D/E; debt headroom = L*E - D; break-even EBITDA = D/L,SRC-001;SRC-002;SRC-003,P7CT-0140,owner_reviewed,N/D is reported when information is missing. N/M is reserved for a mathematically non-meaningful nonpositive denominator. Missing information is never converted to zero.
P7H-00558,P7CT-0140,SEVERE_NO_WAIVER,2030-10-31,proposed_contractual,cash_interest_coverage,5.751023534365742016096266472,3,2.751023534365742016096266472,,,106.3148015989929238985772256,turns,compliant,coverage cushion = E - C*I,SRC-001;SRC-002;SRC-003,P7CT-0140,owner_reviewed,N/D is reported when information is missing. N/M is reserved for a mathematically non-meaningful nonpositive denominator. Missing information is never converted to zero.
P7H-00559,P7CT-0140,SEVERE_NO_WAIVER,2030-10-31,proposed_contractual,usable_liquidity,0,50,-50,,,,USD_millions,breached,liquidity headroom = usable liquidity - minimum liquidity,SRC-001;SRC-002;SRC-003,P7CT-0140,owner_reviewed,N/D is reported when information is missing. N/M is reserved for a mathematically non-meaningful nonpositive denominator. Missing information is never converted to zero.
P7H-00560,P7CT-0140,SEVERE_NO_WAIVER,2030-10-31,analyst_warning,analyst_leverage_warning,2.756183622373577397301357928,2.75,-0.006183622373577397301357928,,,,turns,warning,warning gap = warning threshold - D/E,SRC-001;SRC-002;SRC-003,P7CT-0140,owner_reviewed,N/D is reported when information is missing. N/M is reserved for a mathematically non-meaningful nonpositive denominator. Missing information is never converted to zero.
P7H-00561,P7CT-0141,MODERATE_PHASE7_COVENANT_NO_WAIVER,2026-01-31,proposed_contractual,gross_funded_leverage,3.228471664433044589605225788,3.5,0.271528335566955410394774212,61.18728125,207.8619196428571428571428571,,turns,compliant,ratio headroom = L - D/E; debt headroom = L*E - D; break-even EBITDA = D/L,SRC-001;SRC-002;SRC-003,P7CT-0141,owner_reviewed,N/D is reported when information is missing. N/M is reserved for a mathematically non-meaningful nonpositive denominator. Missing information is never converted to zero.
P7H-00562,P7CT-0141,MODERATE_PHASE7_COVENANT_NO_WAIVER,2026-01-31,proposed_contractual,cash_interest_coverage,N/D,3,N/D,,,N/D,turns,not_determinable,coverage cushion = E - C*I,SRC-001;SRC-002;SRC-003,P7CT-0141,owner_reviewed,N/D is reported when information is missing. N/M is reserved for a mathematically non-meaningful nonpositive denominator. Missing information is never converted to zero.
P7H-00563,P7CT-0141,MODERATE_PHASE7_COVENANT_NO_WAIVER,2026-01-31,proposed_contractual,usable_liquidity,263.90228125,50,213.90228125,,,,USD_millions,compliant,liquidity headroom = usable liquidity - minimum liquidity,SRC-001;SRC-002;SRC-003,P7CT-0141,owner_reviewed,N/D is reported when information is missing. N/M is reserved for a mathematically non-meaningful nonpositive denominator. Missing information is never converted to zero.
P7H-00564,P7CT-0141,MODERATE_PHASE7_COVENANT_NO_WAIVER,2026-01-31,analyst_warning,analyst_leverage_warning,3.228471664433044589605225788,3.25,0.021528335566955410394774212,,,,turns,compliant,warning gap = warning threshold - D/E,SRC-001;SRC-002;SRC-003,P7CT-0141,owner_reviewed,N/D is reported when information is missing. N/M is reserved for a mathematically non-meaningful nonpositive denominator. Missing information is never converted to zero.
P7H-00565,P7CT-0142,MODERATE_PHASE7_COVENANT_NO_WAIVER,2026-04-30,proposed_contractual,gross_funded_leverage,N/D,3.5,N/D,N/D,226.8917362544979856615432457,,turns,not_determinable,ratio headroom = L - D/E; debt headroom = L*E - D; break-even EBITDA = D/L,SRC-001;SRC-002;SRC-003,P7CT-0142,owner_reviewed,N/D is reported when information is missing. N/M is reserved for a mathematically non-meaningful nonpositive denominator. Missing information is never converted to zero.
P7H-00566,P7CT-0142,MODERATE_PHASE7_COVENANT_NO_WAIVER,2026-04-30,proposed_contractual,cash_interest_coverage,N/D,3,N/D,,,N/D,turns,not_determinable,coverage cushion = E - C*I,SRC-001;SRC-002;SRC-003,P7CT-0142,owner_reviewed,N/D is reported when information is missing. N/M is reserved for a mathematically non-meaningful nonpositive denominator. Missing information is never converted to zero.
P7H-00567,P7CT-0142,MODERATE_PHASE7_COVENANT_NO_WAIVER,2026-04-30,proposed_contractual,usable_liquidity,185.3916731092570501845986401,50,135.3916731092570501845986401,,,,USD_millions,compliant,liquidity headroom = usable liquidity - minimum liquidity,SRC-001;SRC-002;SRC-003,P7CT-0142,owner_reviewed,N/D is reported when information is missing. N/M is reserved for a mathematically non-meaningful nonpositive denominator. Missing information is never converted to zero.
P7H-00568,P7CT-0142,MODERATE_PHASE7_COVENANT_NO_WAIVER,2026-04-30,analyst_warning,analyst_leverage_warning,N/D,3.25,N/D,,,,turns,not_determinable,warning gap = warning threshold - D/E,SRC-001;SRC-002;SRC-003,P7CT-0142,owner_reviewed,N/D is reported when information is missing. N/M is reserved for a mathematically non-meaningful nonpositive denominator. Missing information is never converted to zero.
P7H-00569,P7CT-0143,MODERATE_PHASE7_COVENANT_NO_WAIVER,2026-07-31,proposed_contractual,gross_funded_leverage,N/D,3.5,N/D,N/D,223.956324233726600822721765,,turns,not_determinable,ratio headroom = L - D/E; debt headroom = L*E - D; break-even EBITDA = D/L,SRC-001;SRC-002;SRC-003,P7CT-0143,owner_reviewed,N/D is reported when information is missing. N/M is reserved for a mathematically non-meaningful nonpositive denominator. Missing information is never converted to zero.
P7H-00570,P7CT-0143,MODERATE_PHASE7_COVENANT_NO_WAIVER,2026-07-31,proposed_contractual,cash_interest_coverage,N/D,3,N/D,,,N/D,turns,not_determinable,coverage cushion = E - C*I,SRC-001;SRC-002;SRC-003,P7CT-0143,owner_reviewed,N/D is reported when information is missing. N/M is reserved for a mathematically non-meaningful nonpositive denominator. Missing information is never converted to zero.
P7H-00571,P7CT-0143,MODERATE_PHASE7_COVENANT_NO_WAIVER,2026-07-31,proposed_contractual,usable_liquidity,183.7593651819568971204738224,50,133.7593651819568971204738224,,,,USD_millions,compliant,liquidity headroom = usable liquidity - minimum liquidity,SRC-001;SRC-002;SRC-003,P7CT-0143,owner_reviewed,N/D is reported when information is missing. N/M is reserved for a mathematically non-meaningful nonpositive denominator. Missing information is never converted to zero.
P7H-00572,P7CT-0143,MODERATE_PHASE7_COVENANT_NO_WAIVER,2026-07-31,analyst_warning,analyst_leverage_warning,N/D,3.25,N/D,,,,turns,not_determinable,warning gap = warning threshold - D/E,SRC-001;SRC-002;SRC-003,P7CT-0143,owner_reviewed,N/D is reported when information is missing. N/M is reserved for a mathematically non-meaningful nonpositive denominator. Missing information is never converted to zero.
P7H-00573,P7CT-0144,MODERATE_PHASE7_COVENANT_NO_WAIVER,2026-10-31,proposed_contractual,gross_funded_leverage,4.215012332481603705258689681,3.5,-0.715012332481603705258689681,-130.8652090222682439507417572,220.4151672290353152775825242,,turns,breached,ratio headroom = L - D/E; debt headroom = L*E - D; break-even EBITDA = D/L,SRC-001;SRC-002;SRC-003,P7CT-0144,owner_reviewed,N/D is reported when information is missing. N/M is reserved for a mathematically non-meaningful nonpositive denominator. Missing information is never converted to zero.
P7H-00574,P7CT-0144,MODERATE_PHASE7_COVENANT_NO_WAIVER,2026-10-31,proposed_contractual,cash_interest_coverage,N/D,3,N/D,,,N/D,turns,not_determinable,coverage cushion = E - C*I,SRC-001;SRC-002;SRC-003,P7CT-0144,owner_reviewed,N/D is reported when information is missing. N/M is reserved for a mathematically non-meaningful nonpositive denominator. Missing information is never converted to zero.
P7H-00575,P7CT-0144,MODERATE_PHASE7_COVENANT_NO_WAIVER,2026-10-31,proposed_contractual,usable_liquidity,184.2471646983763965284611652,50,134.2471646983763965284611652,,,,USD_millions,compliant,liquidity headroom = usable liquidity - minimum liquidity,SRC-001;SRC-002;SRC-003,P7CT-0144,owner_reviewed,N/D is reported when information is missing. N/M is reserved for a mathematically non-meaningful nonpositive denominator. Missing information is never converted to zero.
P7H-00576,P7CT-0144,MODERATE_PHASE7_COVENANT_NO_WAIVER,2026-10-31,analyst_warning,analyst_leverage_warning,4.215012332481603705258689681,3.25,-0.965012332481603705258689681,,,,turns,breached,warning gap = warning threshold - D/E,SRC-001;SRC-002;SRC-003,P7CT-0144,owner_reviewed,N/D is reported when information is missing. N/M is reserved for a mathematically non-meaningful nonpositive denominator. Missing information is never converted to zero.
P7H-00577,P7CT-0145,MODERATE_PHASE7_COVENANT_NO_WAIVER,2027-01-31,proposed_contractual,gross_funded_leverage,4.378743433190989811687069384,3.5,-0.878743433190989811687069384,-152.428842636231175337604126,217.0133815147496009918682385,,turns,breached,ratio headroom = L - D/E; debt headroom = L*E - D; break-even EBITDA = D/L,SRC-001;SRC-002;SRC-003,P7CT-0145,owner_reviewed,N/D is reported when information is missing. N/M is reserved for a mathematically non-meaningful nonpositive denominator. Missing information is never converted to zero.
P7H-00578,P7CT-0145,MODERATE_PHASE7_COVENANT_NO_WAIVER,2027-01-31,proposed_contractual,cash_interest_coverage,3.218171493292327243011830521,3,0.218171493292327243011830521,,,11.7596360311640241573559546,turns,warning,coverage cushion = E - C*I,SRC-001;SRC-002;SRC-003,P7CT-0145,owner_reviewed,N/D is reported when information is missing. N/M is reserved for a mathematically non-meaningful nonpositive denominator. Missing information is never converted to zero.
P7H-00579,P7CT-0145,MODERATE_PHASE7_COVENANT_NO_WAIVER,2027-01-31,proposed_contractual,usable_liquidity,0,50,-50,,,,USD_millions,breached,liquidity headroom = usable liquidity - minimum liquidity,SRC-001;SRC-002;SRC-003,P7CT-0145,owner_reviewed,N/D is reported when information is missing. N/M is reserved for a mathematically non-meaningful nonpositive denominator. Missing information is never converted to zero.
P7H-00580,P7CT-0145,MODERATE_PHASE7_COVENANT_NO_WAIVER,2027-01-31,analyst_warning,analyst_leverage_warning,4.378743433190989811687069384,3.25,-1.128743433190989811687069384,,,,turns,breached,warning gap = warning threshold - D/E,SRC-001;SRC-002;SRC-003,P7CT-0145,owner_reviewed,N/D is reported when information is missing. N/M is reserved for a mathematically non-meaningful nonpositive denominator. Missing information is never converted to zero.
P7H-00581,P7CT-0146,MODERATE_PHASE7_COVENANT_NO_WAIVER,2027-04-30,proposed_contractual,gross_funded_leverage,4.236098241103197450268034578,3.5,-0.736098241103197450268034578,-129.9159954502299729832947661,213.6115958004638867061539528,,turns,breached,ratio headroom = L - D/E; debt headroom = L*E - D; break-even EBITDA = D/L,SRC-001;SRC-002;SRC-003,P7CT-0146,owner_reviewed,N/D is reported when information is missing. N/M is reserved for a mathematically non-meaningful nonpositive denominator. Missing information is never converted to zero.
P7H-00582,P7CT-0146,MODERATE_PHASE7_COVENANT_NO_WAIVER,2027-04-30,proposed_contractual,cash_interest_coverage,3.29925743281176528836474993,3,0.29925743281176528836474993,,,16.0086823611686289123734965,turns,warning,coverage cushion = E - C*I,SRC-001;SRC-002;SRC-003,P7CT-0146,owner_reviewed,N/D is reported when information is missing. N/M is reserved for a mathematically non-meaningful nonpositive denominator. Missing information is never converted to zero.
P7H-00583,P7CT-0146,MODERATE_PHASE7_COVENANT_NO_WAIVER,2027-04-30,proposed_contractual,usable_liquidity,0,50,-50,,,,USD_millions,breached,liquidity headroom = usable liquidity - minimum liquidity,SRC-001;SRC-002;SRC-003,P7CT-0146,owner_reviewed,N/D is reported when information is missing. N/M is reserved for a mathematically non-meaningful nonpositive denominator. Missing information is never converted to zero.
P7H-00584,P7CT-0146,MODERATE_PHASE7_COVENANT_NO_WAIVER,2027-04-30,analyst_warning,analyst_leverage_warning,4.236098241103197450268034578,3.25,-0.986098241103197450268034578,,,,turns,breached,warning gap = warning threshold - D/E,SRC-001;SRC-002;SRC-003,P7CT-0146,owner_reviewed,N/D is reported when information is missing. N/M is reserved for a mathematically non-meaningful nonpositive denominator. Missing information is never converted to zero.
P7H-00585,P7CT-0147,MODERATE_PHASE7_COVENANT_NO_WAIVER,2027-07-31,proposed_contractual,gross_funded_leverage,3.932478659732091399241417926,3.5,-0.432478659732091399241417926,-79.1518540998314952302989868,205.6339132060192162043565193,,turns,breached,ratio headroom = L - D/E; debt headroom = L*E - D; break-even EBITDA = D/L,SRC-001;SRC-002;SRC-003,P7CT-0147,owner_reviewed,N/D is reported when information is missing. N/M is reserved for a mathematically non-meaningful nonpositive denominator. Missing information is never converted to zero.
P7H-00586,P7CT-0147,MODERATE_PHASE7_COVENANT_NO_WAIVER,2027-07-31,proposed_contractual,cash_interest_coverage,3.543581067833413419573182419,3,0.543581067833413419573182419,,,28.0749091621868758701156775,turns,compliant,coverage cushion = E - C*I,SRC-001;SRC-002;SRC-003,P7CT-0147,owner_reviewed,N/D is reported when information is missing. N/M is reserved for a mathematically non-meaningful nonpositive denominator. Missing information is never converted to zero.
P7H-00587,P7CT-0147,MODERATE_PHASE7_COVENANT_NO_WAIVER,2027-07-31,proposed_contractual,usable_liquidity,0,50,-50,,,,USD_millions,breached,liquidity headroom = usable liquidity - minimum liquidity,SRC-001;SRC-002;SRC-003,P7CT-0147,owner_reviewed,N/D is reported when information is missing. N/M is reserved for a mathematically non-meaningful nonpositive denominator. Missing information is never converted to zero.
P7H-00588,P7CT-0147,MODERATE_PHASE7_COVENANT_NO_WAIVER,2027-07-31,analyst_warning,analyst_leverage_warning,3.932478659732091399241417926,3.25,-0.682478659732091399241417926,,,,turns,breached,warning gap = warning threshold - D/E,SRC-001;SRC-002;SRC-003,P7CT-0147,owner_reviewed,N/D is reported when information is missing. N/M is reserved for a mathematically non-meaningful nonpositive denominator. Missing information is never converted to zero.
P7H-00589,P7CT-0148,MODERATE_PHASE7_COVENANT_NO_WAIVER,2027-10-31,proposed_contractual,gross_funded_leverage,3.561131846858902831327547557,3.5,-0.061131846858902831327547557,-11.7908205659204433023115971,196.2440611113473986556366573,,turns,breached,ratio headroom = L - D/E; debt headroom = L*E - D; break-even EBITDA = D/L,SRC-001;SRC-002;SRC-003,P7CT-0148,owner_reviewed,N/D is reported when information is missing. N/M is reserved for a mathematically non-meaningful nonpositive denominator. Missing information is never converted to zero.
P7H-00590,P7CT-0148,MODERATE_PHASE7_COVENANT_NO_WAIVER,2027-10-31,proposed_contractual,cash_interest_coverage,3.931092473610066616839660158,3,0.931092473610066616839660158,,,45.6831528896481287418207465,turns,compliant,coverage cushion = E - C*I,SRC-001;SRC-002;SRC-003,P7CT-0148,owner_reviewed,N/D is reported when information is missing. N/M is reserved for a mathematically non-meaningful nonpositive denominator. Missing information is never converted to zero.
P7H-00591,P7CT-0148,MODERATE_PHASE7_COVENANT_NO_WAIVER,2027-10-31,proposed_contractual,usable_liquidity,0,50,-50,,,,USD_millions,breached,liquidity headroom = usable liquidity - minimum liquidity,SRC-001;SRC-002;SRC-003,P7CT-0148,owner_reviewed,N/D is reported when information is missing. N/M is reserved for a mathematically non-meaningful nonpositive denominator. Missing information is never converted to zero.
P7H-00592,P7CT-0148,MODERATE_PHASE7_COVENANT_NO_WAIVER,2027-10-31,analyst_warning,analyst_leverage_warning,3.561131846858902831327547557,3.25,-0.311131846858902831327547557,,,,turns,breached,warning gap = warning threshold - D/E,SRC-001;SRC-002;SRC-003,P7CT-0148,owner_reviewed,N/D is reported when information is missing. N/M is reserved for a mathematically non-meaningful nonpositive denominator. Missing information is never converted to zero.
P7H-00593,P7CT-0149,MODERATE_PHASE7_COVENANT_NO_WAIVER,2028-01-31,proposed_contractual,gross_funded_leverage,3.286249916595969455199927092,3.25,-0.036249916595969455199927092,-7.3383054396358305574257419,204.6944180291764584851546374,,turns,breached,ratio headroom = L - D/E; debt headroom = L*E - D; break-even EBITDA = D/L,SRC-001;SRC-002;SRC-003,P7CT-0149,owner_reviewed,N/D is reported when information is missing. N/M is reserved for a mathematically non-meaningful nonpositive denominator. Missing information is never converted to zero.
P7H-00594,P7CT-0149,MODERATE_PHASE7_COVENANT_NO_WAIVER,2028-01-31,proposed_contractual,cash_interest_coverage,4.419882238691017546125023902,3,1.419882238691017546125023902,,,65.0324927004949659932035356,turns,compliant,coverage cushion = E - C*I,SRC-001;SRC-002;SRC-003,P7CT-0149,owner_reviewed,N/D is reported when information is missing. N/M is reserved for a mathematically non-meaningful nonpositive denominator. Missing information is never converted to zero.
P7H-00595,P7CT-0149,MODERATE_PHASE7_COVENANT_NO_WAIVER,2028-01-31,proposed_contractual,usable_liquidity,0,50,-50,,,,USD_millions,breached,liquidity headroom = usable liquidity - minimum liquidity,SRC-001;SRC-002;SRC-003,P7CT-0149,owner_reviewed,N/D is reported when information is missing. N/M is reserved for a mathematically non-meaningful nonpositive denominator. Missing information is never converted to zero.
P7H-00596,P7CT-0149,MODERATE_PHASE7_COVENANT_NO_WAIVER,2028-01-31,analyst_warning,analyst_leverage_warning,3.286249916595969455199927092,3,-0.286249916595969455199927092,,,,turns,breached,warning gap = warning threshold - D/E,SRC-001;SRC-002;SRC-003,P7CT-0149,owner_reviewed,N/D is reported when information is missing. N/M is reserved for a mathematically non-meaningful nonpositive denominator. Missing information is never converted to zero.
P7H-00597,P7CT-0150,MODERATE_PHASE7_COVENANT_NO_WAIVER,2028-04-30,proposed_contractual,gross_funded_leverage,3.055908816301253091375057776,3.25,0.194091183698746908624942224,41.1417426154258227500211845,199.3122099870144770674720286,,turns,warning,ratio headroom = L - D/E; debt headroom = L*E - D; break-even EBITDA = D/L,SRC-001;SRC-002;SRC-003,P7CT-0150,owner_reviewed,N/D is reported when information is missing. N/M is reserved for a mathematically non-meaningful nonpositive denominator. Missing information is never converted to zero.
P7H-00598,P7CT-0150,MODERATE_PHASE7_COVENANT_NO_WAIVER,2028-04-30,proposed_contractual,cash_interest_coverage,4.940625130438618501106574104,3,1.940625130438618501106574104,,,83.2600413430515059717131632,turns,compliant,coverage cushion = E - C*I,SRC-001;SRC-002;SRC-003,P7CT-0150,owner_reviewed,N/D is reported when information is missing. N/M is reserved for a mathematically non-meaningful nonpositive denominator. Missing information is never converted to zero.
P7H-00599,P7CT-0150,MODERATE_PHASE7_COVENANT_NO_WAIVER,2028-04-30,proposed_contractual,usable_liquidity,0,50,-50,,,,USD_millions,breached,liquidity headroom = usable liquidity - minimum liquidity,SRC-001;SRC-002;SRC-003,P7CT-0150,owner_reviewed,N/D is reported when information is missing. N/M is reserved for a mathematically non-meaningful nonpositive denominator. Missing information is never converted to zero.
P7H-00600,P7CT-0150,MODERATE_PHASE7_COVENANT_NO_WAIVER,2028-04-30,analyst_warning,analyst_leverage_warning,3.055908816301253091375057776,3,-0.055908816301253091375057776,,,,turns,warning,warning gap = warning threshold - D/E,SRC-001;SRC-002;SRC-003,P7CT-0150,owner_reviewed,N/D is reported when information is missing. N/M is reserved for a mathematically non-meaningful nonpositive denominator. Missing information is never converted to zero.
P7H-00601,P7CT-0151,MODERATE_PHASE7_COVENANT_NO_WAIVER,2028-07-31,proposed_contractual,gross_funded_leverage,2.873141600826411212852755602,3.25,0.376858399173588787147244398,82.4638317372038428872829546,193.4456557747893194930680793,,turns,compliant,ratio headroom = L - D/E; debt headroom = L*E - D; break-even EBITDA = D/L,SRC-001;SRC-002;SRC-003,P7CT-0151,owner_reviewed,N/D is reported when information is missing. N/M is reserved for a mathematically non-meaningful nonpositive denominator. Missing information is never converted to zero.
P7H-00602,P7CT-0151,MODERATE_PHASE7_COVENANT_NO_WAIVER,2028-07-31,proposed_contractual,cash_interest_coverage,5.408260009235478860711163491,3,2.408260009235478860711163491,,,97.4386196575860462179942959,turns,compliant,coverage cushion = E - C*I,SRC-001;SRC-002;SRC-003,P7CT-0151,owner_reviewed,N/D is reported when information is missing. N/M is reserved for a mathematically non-meaningful nonpositive denominator. Missing information is never converted to zero.
P7H-00603,P7CT-0151,MODERATE_PHASE7_COVENANT_NO_WAIVER,2028-07-31,proposed_contractual,usable_liquidity,0,50,-50,,,,USD_millions,breached,liquidity headroom = usable liquidity - minimum liquidity,SRC-001;SRC-002;SRC-003,P7CT-0151,owner_reviewed,N/D is reported when information is missing. N/M is reserved for a mathematically non-meaningful nonpositive denominator. Missing information is never converted to zero.
P7H-00604,P7CT-0151,MODERATE_PHASE7_COVENANT_NO_WAIVER,2028-07-31,analyst_warning,analyst_leverage_warning,2.873141600826411212852755602,3,0.126858399173588787147244398,,,,turns,compliant,warning gap = warning threshold - D/E,SRC-001;SRC-002;SRC-003,P7CT-0151,owner_reviewed,N/D is reported when information is missing. N/M is reserved for a mathematically non-meaningful nonpositive denominator. Missing information is never converted to zero.
P7H-00605,P7CT-0152,MODERATE_PHASE7_COVENANT_NO_WAIVER,2028-10-31,proposed_contractual,gross_funded_leverage,2.737407105110313541474649503,3.25,0.512592894889686458525350497,113.9302024919541406351042732,187.207100273839861068777595,,turns,compliant,ratio headroom = L - D/E; debt headroom = L*E - D; break-even EBITDA = D/L,SRC-001;SRC-002;SRC-003,P7CT-0152,owner_reviewed,N/D is reported when information is missing. N/M is reserved for a mathematically non-meaningful nonpositive denominator. Missing information is never converted to zero.
P7H-00606,P7CT-0152,MODERATE_PHASE7_COVENANT_NO_WAIVER,2028-10-31,proposed_contractual,cash_interest_coverage,5.752392805377088650315848986,3,2.752392805377088650315848986,,,106.3477158984908513316893226,turns,compliant,coverage cushion = E - C*I,SRC-001;SRC-002;SRC-003,P7CT-0152,owner_reviewed,N/D is reported when information is missing. N/M is reserved for a mathematically non-meaningful nonpositive denominator. Missing information is never converted to zero.
P7H-00607,P7CT-0152,MODERATE_PHASE7_COVENANT_NO_WAIVER,2028-10-31,proposed_contractual,usable_liquidity,0,50,-50,,,,USD_millions,breached,liquidity headroom = usable liquidity - minimum liquidity,SRC-001;SRC-002;SRC-003,P7CT-0152,owner_reviewed,N/D is reported when information is missing. N/M is reserved for a mathematically non-meaningful nonpositive denominator. Missing information is never converted to zero.
P7H-00608,P7CT-0152,MODERATE_PHASE7_COVENANT_NO_WAIVER,2028-10-31,analyst_warning,analyst_leverage_warning,2.737407105110313541474649503,3,0.262592894889686458525350497,,,,turns,compliant,warning gap = warning threshold - D/E,SRC-001;SRC-002;SRC-003,P7CT-0152,owner_reviewed,N/D is reported when information is missing. N/M is reserved for a mathematically non-meaningful nonpositive denominator. Missing information is never converted to zero.
P7H-00609,P7CT-0153,MODERATE_PHASE7_COVENANT_NO_WAIVER,2029-01-31,proposed_contractual,gross_funded_leverage,2.683848367932105998739804483,3,0.316151632067894001260195517,70.2684139366578419938507557,198.8389419633265161578423946,,turns,compliant,ratio headroom = L - D/E; debt headroom = L*E - D; break-even EBITDA = D/L,SRC-001;SRC-002;SRC-003,P7CT-0153,owner_reviewed,N/D is reported when information is missing. N/M is reserved for a mathematically non-meaningful nonpositive denominator. Missing information is never converted to zero.
P7H-00610,P7CT-0153,MODERATE_PHASE7_COVENANT_NO_WAIVER,2029-01-31,proposed_contractual,cash_interest_coverage,5.933928043113933556451794899,3,2.933928043113933556451794899,,,109.8934747016367130578400658,turns,compliant,coverage cushion = E - C*I,SRC-001;SRC-002;SRC-003,P7CT-0153,owner_reviewed,N/D is reported when information is missing. N/M is reserved for a mathematically non-meaningful nonpositive denominator. Missing information is never converted to zero.
P7H-00611,P7CT-0153,MODERATE_PHASE7_COVENANT_NO_WAIVER,2029-01-31,proposed_contractual,usable_liquidity,0,50,-50,,,,USD_millions,breached,liquidity headroom = usable liquidity - minimum liquidity,SRC-001;SRC-002;SRC-003,P7CT-0153,owner_reviewed,N/D is reported when information is missing. N/M is reserved for a mathematically non-meaningful nonpositive denominator. Missing information is never converted to zero.
P7H-00612,P7CT-0153,MODERATE_PHASE7_COVENANT_NO_WAIVER,2029-01-31,analyst_warning,analyst_leverage_warning,2.683848367932105998739804483,2.75,0.066151632067894001260195517,,,,turns,compliant,warning gap = warning threshold - D/E,SRC-001;SRC-002;SRC-003,P7CT-0153,owner_reviewed,N/D is reported when information is missing. N/M is reserved for a mathematically non-meaningful nonpositive denominator. Missing information is never converted to zero.
P7H-00613,P7CT-0154,MODERATE_PHASE7_COVENANT_NO_WAIVER,2029-04-30,proposed_contractual,gross_funded_leverage,2.630298464233304227271754369,3,0.369701535766695772728245631,82.1699250753952827999862347,194.8701919633265161578423946,,turns,compliant,ratio headroom = L - D/E; debt headroom = L*E - D; break-even EBITDA = D/L,SRC-001;SRC-002;SRC-003,P7CT-0154,owner_reviewed,N/D is reported when information is missing. N/M is reserved for a mathematically non-meaningful nonpositive denominator. Missing information is never converted to zero.
P7H-00614,P7CT-0154,MODERATE_PHASE7_COVENANT_NO_WAIVER,2029-04-30,proposed_contractual,cash_interest_coverage,6.110596234526249581271423737,3,3.110596234526249581271423737,,,113.1414369375486255019490374,turns,compliant,coverage cushion = E - C*I,SRC-001;SRC-002;SRC-003,P7CT-0154,owner_reviewed,N/D is reported when information is missing. N/M is reserved for a mathematically non-meaningful nonpositive denominator. Missing information is never converted to zero.
P7H-00615,P7CT-0154,MODERATE_PHASE7_COVENANT_NO_WAIVER,2029-04-30,proposed_contractual,usable_liquidity,0,50,-50,,,,USD_millions,breached,liquidity headroom = usable liquidity - minimum liquidity,SRC-001;SRC-002;SRC-003,P7CT-0154,owner_reviewed,N/D is reported when information is missing. N/M is reserved for a mathematically non-meaningful nonpositive denominator. Missing information is never converted to zero.
P7H-00616,P7CT-0154,MODERATE_PHASE7_COVENANT_NO_WAIVER,2029-04-30,analyst_warning,analyst_leverage_warning,2.630298464233304227271754369,2.75,0.119701535766695772728245631,,,,turns,compliant,warning gap = warning threshold - D/E,SRC-001;SRC-002;SRC-003,P7CT-0154,owner_reviewed,N/D is reported when information is missing. N/M is reserved for a mathematically non-meaningful nonpositive denominator. Missing information is never converted to zero.
P7H-00617,P7CT-0155,MODERATE_PHASE7_COVENANT_NO_WAIVER,2029-07-31,proposed_contractual,gross_funded_leverage,2.53666184095658456606021479,3,0.46333815904341543393978521,102.980883122666452044781653,187.9316229170471815630781497,,turns,compliant,ratio headroom = L - D/E; debt headroom = L*E - D; break-even EBITDA = D/L,SRC-001;SRC-002;SRC-003,P7CT-0155,owner_reviewed,N/D is reported when information is missing. N/M is reserved for a mathematically non-meaningful nonpositive denominator. Missing information is never converted to zero.
P7H-00618,P7CT-0155,MODERATE_PHASE7_COVENANT_NO_WAIVER,2029-07-31,proposed_contractual,cash_interest_coverage,6.293211009404907284530846296,3,3.293211009404907284530846296,,,116.3069877255288767728660848,turns,compliant,coverage cushion = E - C*I,SRC-001;SRC-002;SRC-003,P7CT-0155,owner_reviewed,N/D is reported when information is missing. N/M is reserved for a mathematically non-meaningful nonpositive denominator. Missing information is never converted to zero.
P7H-00619,P7CT-0155,MODERATE_PHASE7_COVENANT_NO_WAIVER,2029-07-31,proposed_contractual,usable_liquidity,0,50,-50,,,,USD_millions,breached,liquidity headroom = usable liquidity - minimum liquidity,SRC-001;SRC-002;SRC-003,P7CT-0155,owner_reviewed,N/D is reported when information is missing. N/M is reserved for a mathematically non-meaningful nonpositive denominator. Missing information is never converted to zero.
P7H-00620,P7CT-0155,MODERATE_PHASE7_COVENANT_NO_WAIVER,2029-07-31,analyst_warning,analyst_leverage_warning,2.53666184095658456606021479,2.75,0.21333815904341543393978521,,,,turns,compliant,warning gap = warning threshold - D/E,SRC-001;SRC-002;SRC-003,P7CT-0155,owner_reviewed,N/D is reported when information is missing. N/M is reserved for a mathematically non-meaningful nonpositive denominator. Missing information is never converted to zero.
P7H-00621,P7CT-0156,MODERATE_PHASE7_COVENANT_NO_WAIVER,2029-10-31,proposed_contractual,gross_funded_leverage,2.434579950308140092236464989,3,0.565420049691859907763535011,125.6685586868082815363294835,180.3674710684918469031938874,,turns,compliant,ratio headroom = L - D/E; debt headroom = L*E - D; break-even EBITDA = D/L,SRC-001;SRC-002;SRC-003,P7CT-0156,owner_reviewed,N/D is reported when information is missing. N/M is reserved for a mathematically non-meaningful nonpositive denominator. Missing information is never converted to zero.
P7H-00622,P7CT-0156,MODERATE_PHASE7_COVENANT_NO_WAIVER,2029-10-31,proposed_contractual,cash_interest_coverage,6.494577658588425128055625067,3,3.494577658588425128055625067,,,119.5911966494472871093129458,turns,compliant,coverage cushion = E - C*I,SRC-001;SRC-002;SRC-003,P7CT-0156,owner_reviewed,N/D is reported when information is missing. N/M is reserved for a mathematically non-meaningful nonpositive denominator. Missing information is never converted to zero.
P7H-00623,P7CT-0156,MODERATE_PHASE7_COVENANT_NO_WAIVER,2029-10-31,proposed_contractual,usable_liquidity,0,50,-50,,,,USD_millions,breached,liquidity headroom = usable liquidity - minimum liquidity,SRC-001;SRC-002;SRC-003,P7CT-0156,owner_reviewed,N/D is reported when information is missing. N/M is reserved for a mathematically non-meaningful nonpositive denominator. Missing information is never converted to zero.
P7H-00624,P7CT-0156,MODERATE_PHASE7_COVENANT_NO_WAIVER,2029-10-31,analyst_warning,analyst_leverage_warning,2.434579950308140092236464989,2.75,0.315420049691859907763535011,,,,turns,compliant,warning gap = warning threshold - D/E,SRC-001;SRC-002;SRC-003,P7CT-0156,owner_reviewed,N/D is reported when information is missing. N/M is reserved for a mathematically non-meaningful nonpositive denominator. Missing information is never converted to zero.
P7H-00625,P7CT-0157,MODERATE_PHASE7_COVENANT_NO_WAIVER,2030-01-31,proposed_contractual,gross_funded_leverage,2.381018783099809280540243412,3,0.618981216900190719459756588,137.5724069901661838230345929,176.3987210684918469031938874,,turns,compliant,ratio headroom = L - D/E; debt headroom = L*E - D; break-even EBITDA = D/L,SRC-001;SRC-002;SRC-003,P7CT-0157,owner_reviewed,N/D is reported when information is missing. N/M is reserved for a mathematically non-meaningful nonpositive denominator. Missing information is never converted to zero.
P7H-00626,P7CT-0157,MODERATE_PHASE7_COVENANT_NO_WAIVER,2030-01-31,proposed_contractual,cash_interest_coverage,6.711405925824930216316315703,3,3.711405925824930216316315703,,,122.9076217376788561874497312,turns,compliant,coverage cushion = E - C*I,SRC-001;SRC-002;SRC-003,P7CT-0157,owner_reviewed,N/D is reported when information is missing. N/M is reserved for a mathematically non-meaningful nonpositive denominator. Missing information is never converted to zero.
P7H-00627,P7CT-0157,MODERATE_PHASE7_COVENANT_NO_WAIVER,2030-01-31,proposed_contractual,usable_liquidity,0,50,-50,,,,USD_millions,breached,liquidity headroom = usable liquidity - minimum liquidity,SRC-001;SRC-002;SRC-003,P7CT-0157,owner_reviewed,N/D is reported when information is missing. N/M is reserved for a mathematically non-meaningful nonpositive denominator. Missing information is never converted to zero.
P7H-00628,P7CT-0157,MODERATE_PHASE7_COVENANT_NO_WAIVER,2030-01-31,analyst_warning,analyst_leverage_warning,2.381018783099809280540243412,2.75,0.368981216900190719459756588,,,,turns,compliant,warning gap = warning threshold - D/E,SRC-001;SRC-002;SRC-003,P7CT-0157,owner_reviewed,N/D is reported when information is missing. N/M is reserved for a mathematically non-meaningful nonpositive denominator. Missing information is never converted to zero.
P7H-00629,P7CT-0158,MODERATE_PHASE7_COVENANT_NO_WAIVER,2030-04-30,proposed_contractual,gross_funded_leverage,2.322089961714211585561830938,3,0.677910038285788414438169062,150.6686315025936631137620158,172.0317333167523445963231883,,turns,compliant,ratio headroom = L - D/E; debt headroom = L*E - D; break-even EBITDA = D/L,SRC-001;SRC-002;SRC-003,P7CT-0158,owner_reviewed,N/D is reported when information is missing. N/M is reserved for a mathematically non-meaningful nonpositive denominator. Missing information is never converted to zero.
P7H-00630,P7CT-0158,MODERATE_PHASE7_COVENANT_NO_WAIVER,2030-04-30,proposed_contractual,cash_interest_coverage,6.945318544786442832744808398,3,3.945318544786442832744808398,,,126.2527025583523450943100538,turns,compliant,coverage cushion = E - C*I,SRC-001;SRC-002;SRC-003,P7CT-0158,owner_reviewed,N/D is reported when information is missing. N/M is reserved for a mathematically non-meaningful nonpositive denominator. Missing information is never converted to zero.
P7H-00631,P7CT-0158,MODERATE_PHASE7_COVENANT_NO_WAIVER,2030-04-30,proposed_contractual,usable_liquidity,0,50,-50,,,,USD_millions,breached,liquidity headroom = usable liquidity - minimum liquidity,SRC-001;SRC-002;SRC-003,P7CT-0158,owner_reviewed,N/D is reported when information is missing. N/M is reserved for a mathematically non-meaningful nonpositive denominator. Missing information is never converted to zero.
P7H-00632,P7CT-0158,MODERATE_PHASE7_COVENANT_NO_WAIVER,2030-04-30,analyst_warning,analyst_leverage_warning,2.322089961714211585561830938,2.75,0.427910038285788414438169062,,,,turns,compliant,warning gap = warning threshold - D/E,SRC-001;SRC-002;SRC-003,P7CT-0158,owner_reviewed,N/D is reported when information is missing. N/M is reserved for a mathematically non-meaningful nonpositive denominator. Missing information is never converted to zero.
P7H-00633,P7CT-0159,MODERATE_PHASE7_COVENANT_NO_WAIVER,2030-07-31,proposed_contractual,gross_funded_leverage,2.216137539729101260899170527,3,0.783862460270898739100829473,174.2158049335828789322705396,164.1810925154760908672757375,,turns,compliant,ratio headroom = L - D/E; debt headroom = L*E - D; break-even EBITDA = D/L,SRC-001;SRC-002;SRC-003,P7CT-0159,owner_reviewed,N/D is reported when information is missing. N/M is reserved for a mathematically non-meaningful nonpositive denominator. Missing information is never converted to zero.
P7H-00634,P7CT-0159,MODERATE_PHASE7_COVENANT_NO_WAIVER,2030-07-31,proposed_contractual,cash_interest_coverage,7.206622998556443339610136229,3,4.206622998556443339610136229,,,129.7327051990295115984156768,turns,compliant,coverage cushion = E - C*I,SRC-001;SRC-002;SRC-003,P7CT-0159,owner_reviewed,N/D is reported when information is missing. N/M is reserved for a mathematically non-meaningful nonpositive denominator. Missing information is never converted to zero.
P7H-00635,P7CT-0159,MODERATE_PHASE7_COVENANT_NO_WAIVER,2030-07-31,proposed_contractual,usable_liquidity,0,50,-50,,,,USD_millions,breached,liquidity headroom = usable liquidity - minimum liquidity,SRC-001;SRC-002;SRC-003,P7CT-0159,owner_reviewed,N/D is reported when information is missing. N/M is reserved for a mathematically non-meaningful nonpositive denominator. Missing information is never converted to zero.
P7H-00636,P7CT-0159,MODERATE_PHASE7_COVENANT_NO_WAIVER,2030-07-31,analyst_warning,analyst_leverage_warning,2.216137539729101260899170527,2.75,0.533862460270898739100829473,,,,turns,compliant,warning gap = warning threshold - D/E,SRC-001;SRC-002;SRC-003,P7CT-0159,owner_reviewed,N/D is reported when information is missing. N/M is reserved for a mathematically non-meaningful nonpositive denominator. Missing information is never converted to zero.
P7H-00637,P7CT-0160,MODERATE_PHASE7_COVENANT_NO_WAIVER,2030-10-31,proposed_contractual,gross_funded_leverage,2.121022308288363792431461716,3,0.878977691711636207568538284,195.3540526179865151503549984,157.1334166666666666666666667,,turns,compliant,ratio headroom = L - D/E; debt headroom = L*E - D; break-even EBITDA = D/L,SRC-001;SRC-002;SRC-003,P7CT-0160,owner_reviewed,N/D is reported when information is missing. N/M is reserved for a mathematically non-meaningful nonpositive denominator. Missing information is never converted to zero.
P7H-00638,P7CT-0160,MODERATE_PHASE7_COVENANT_NO_WAIVER,2030-10-31,proposed_contractual,cash_interest_coverage,7.488780005710237712248379295,3,4.488780005710237712248379295,,,133.2176660742594232449461024,turns,compliant,coverage cushion = E - C*I,SRC-001;SRC-002;SRC-003,P7CT-0160,owner_reviewed,N/D is reported when information is missing. N/M is reserved for a mathematically non-meaningful nonpositive denominator. Missing information is never converted to zero.
P7H-00639,P7CT-0160,MODERATE_PHASE7_COVENANT_NO_WAIVER,2030-10-31,proposed_contractual,usable_liquidity,0,50,-50,,,,USD_millions,breached,liquidity headroom = usable liquidity - minimum liquidity,SRC-001;SRC-002;SRC-003,P7CT-0160,owner_reviewed,N/D is reported when information is missing. N/M is reserved for a mathematically non-meaningful nonpositive denominator. Missing information is never converted to zero.
P7H-00640,P7CT-0160,MODERATE_PHASE7_COVENANT_NO_WAIVER,2030-10-31,analyst_warning,analyst_leverage_warning,2.121022308288363792431461716,2.75,0.628977691711636207568538284,,,,turns,compliant,warning gap = warning threshold - D/E,SRC-001;SRC-002;SRC-003,P7CT-0160,owner_reviewed,N/D is reported when information is missing. N/M is reserved for a mathematically non-meaningful nonpositive denominator. Missing information is never converted to zero.
P7H-00641,P7CT-0161,SEVERE_PHASE7_COVENANT_NO_WAIVER,2026-01-31,proposed_contractual,gross_funded_leverage,3.228471664433044589605225788,3.5,0.271528335566955410394774212,61.18728125,207.8619196428571428571428571,,turns,compliant,ratio headroom = L - D/E; debt headroom = L*E - D; break-even EBITDA = D/L,SRC-001;SRC-002;SRC-003,P7CT-0161,owner_reviewed,N/D is reported when information is missing. N/M is reserved for a mathematically non-meaningful nonpositive denominator. Missing information is never converted to zero.
P7H-00642,P7CT-0161,SEVERE_PHASE7_COVENANT_NO_WAIVER,2026-01-31,proposed_contractual,cash_interest_coverage,N/D,3,N/D,,,N/D,turns,not_determinable,coverage cushion = E - C*I,SRC-001;SRC-002;SRC-003,P7CT-0161,owner_reviewed,N/D is reported when information is missing. N/M is reserved for a mathematically non-meaningful nonpositive denominator. Missing information is never converted to zero.
P7H-00643,P7CT-0161,SEVERE_PHASE7_COVENANT_NO_WAIVER,2026-01-31,proposed_contractual,usable_liquidity,263.90228125,50,213.90228125,,,,USD_millions,compliant,liquidity headroom = usable liquidity - minimum liquidity,SRC-001;SRC-002;SRC-003,P7CT-0161,owner_reviewed,N/D is reported when information is missing. N/M is reserved for a mathematically non-meaningful nonpositive denominator. Missing information is never converted to zero.
P7H-00644,P7CT-0161,SEVERE_PHASE7_COVENANT_NO_WAIVER,2026-01-31,analyst_warning,analyst_leverage_warning,3.228471664433044589605225788,3.25,0.021528335566955410394774212,,,,turns,compliant,warning gap = warning threshold - D/E,SRC-001;SRC-002;SRC-003,P7CT-0161,owner_reviewed,N/D is reported when information is missing. N/M is reserved for a mathematically non-meaningful nonpositive denominator. Missing information is never converted to zero.
P7H-00645,P7CT-0162,SEVERE_PHASE7_COVENANT_NO_WAIVER,2026-04-30,proposed_contractual,gross_funded_leverage,N/D,3.5,N/D,N/D,261.8250306300468676231019312,,turns,not_determinable,ratio headroom = L - D/E; debt headroom = L*E - D; break-even EBITDA = D/L,SRC-001;SRC-002;SRC-003,P7CT-0162,owner_reviewed,N/D is reported when information is missing. N/M is reserved for a mathematically non-meaningful nonpositive denominator. Missing information is never converted to zero.
P7H-00646,P7CT-0162,SEVERE_PHASE7_COVENANT_NO_WAIVER,2026-04-30,proposed_contractual,cash_interest_coverage,N/D,3,N/D,,,N/D,turns,not_determinable,coverage cushion = E - C*I,SRC-001;SRC-002;SRC-003,P7CT-0162,owner_reviewed,N/D is reported when information is missing. N/M is reserved for a mathematically non-meaningful nonpositive denominator. Missing information is never converted to zero.
P7H-00647,P7CT-0162,SEVERE_PHASE7_COVENANT_NO_WAIVER,2026-04-30,proposed_contractual,usable_liquidity,63.1251427948359633191432408,50,13.1251427948359633191432408,,,,USD_millions,warning,liquidity headroom = usable liquidity - minimum liquidity,SRC-001;SRC-002;SRC-003,P7CT-0162,owner_reviewed,N/D is reported when information is missing. N/M is reserved for a mathematically non-meaningful nonpositive denominator. Missing information is never converted to zero.
P7H-00648,P7CT-0162,SEVERE_PHASE7_COVENANT_NO_WAIVER,2026-04-30,analyst_warning,analyst_leverage_warning,N/D,3.25,N/D,,,,turns,not_determinable,warning gap = warning threshold - D/E,SRC-001;SRC-002;SRC-003,P7CT-0162,owner_reviewed,N/D is reported when information is missing. N/M is reserved for a mathematically non-meaningful nonpositive denominator. Missing information is never converted to zero.
P7H-00649,P7CT-0163,SEVERE_PHASE7_COVENANT_NO_WAIVER,2026-07-31,proposed_contractual,gross_funded_leverage,N/D,3.5,N/D,N/D,259.5581749934793351533372518,,turns,not_determinable,ratio headroom = L - D/E; debt headroom = L*E - D; break-even EBITDA = D/L,SRC-001;SRC-002;SRC-003,P7CT-0163,owner_reviewed,N/D is reported when information is missing. N/M is reserved for a mathematically non-meaningful nonpositive denominator. Missing information is never converted to zero.
P7H-00650,P7CT-0163,SEVERE_PHASE7_COVENANT_NO_WAIVER,2026-07-31,proposed_contractual,cash_interest_coverage,N/D,3,N/D,,,N/D,turns,not_determinable,coverage cushion = E - C*I,SRC-001;SRC-002;SRC-003,P7CT-0163,owner_reviewed,N/D is reported when information is missing. N/M is reserved for a mathematically non-meaningful nonpositive denominator. Missing information is never converted to zero.
P7H-00651,P7CT-0163,SEVERE_PHASE7_COVENANT_NO_WAIVER,2026-07-31,proposed_contractual,usable_liquidity,59.1528875228223269633196187,50,9.1528875228223269633196187,,,,USD_millions,warning,liquidity headroom = usable liquidity - minimum liquidity,SRC-001;SRC-002;SRC-003,P7CT-0163,owner_reviewed,N/D is reported when information is missing. N/M is reserved for a mathematically non-meaningful nonpositive denominator. Missing information is never converted to zero.
P7H-00652,P7CT-0163,SEVERE_PHASE7_COVENANT_NO_WAIVER,2026-07-31,analyst_warning,analyst_leverage_warning,N/D,3.25,N/D,,,,turns,not_determinable,warning gap = warning threshold - D/E,SRC-001;SRC-002;SRC-003,P7CT-0163,owner_reviewed,N/D is reported when information is missing. N/M is reserved for a mathematically non-meaningful nonpositive denominator. Missing information is never converted to zero.
P7H-00653,P7CT-0164,SEVERE_PHASE7_COVENANT_NO_WAIVER,2026-10-31,proposed_contractual,gross_funded_leverage,6.085032837308540174682076325,3.5,-2.585032837308540174682076325,-382.3628221311592658343106473,257.1606270034907102520868295,,turns,breached,ratio headroom = L - D/E; debt headroom = L*E - D; break-even EBITDA = D/L,SRC-001;SRC-002;SRC-003,P7CT-0164,owner_reviewed,N/D is reported when information is missing. N/M is reserved for a mathematically non-meaningful nonpositive denominator. Missing information is never converted to zero.
P7H-00654,P7CT-0164,SEVERE_PHASE7_COVENANT_NO_WAIVER,2026-10-31,proposed_contractual,cash_interest_coverage,N/D,3,N/D,,,N/D,turns,not_determinable,coverage cushion = E - C*I,SRC-001;SRC-002;SRC-003,P7CT-0164,owner_reviewed,N/D is reported when information is missing. N/M is reserved for a mathematically non-meaningful nonpositive denominator. Missing information is never converted to zero.
P7H-00655,P7CT-0164,SEVERE_PHASE7_COVENANT_NO_WAIVER,2026-10-31,proposed_contractual,usable_liquidity,55.6380554877825141176960967,50,5.6380554877825141176960967,,,,USD_millions,warning,liquidity headroom = usable liquidity - minimum liquidity,SRC-001;SRC-002;SRC-003,P7CT-0164,owner_reviewed,N/D is reported when information is missing. N/M is reserved for a mathematically non-meaningful nonpositive denominator. Missing information is never converted to zero.
P7H-00656,P7CT-0164,SEVERE_PHASE7_COVENANT_NO_WAIVER,2026-10-31,analyst_warning,analyst_leverage_warning,6.085032837308540174682076325,3.25,-2.835032837308540174682076325,,,,turns,breached,warning gap = warning threshold - D/E,SRC-001;SRC-002;SRC-003,P7CT-0164,owner_reviewed,N/D is reported when information is missing. N/M is reserved for a mathematically non-meaningful nonpositive denominator. Missing information is never converted to zero.
P7H-00657,P7CT-0165,SEVERE_PHASE7_COVENANT_NO_WAIVER,2027-01-31,proposed_contractual,gross_funded_leverage,6.81315885843563940769012503,3.5,-3.31315885843563940769012503,-431.8997687232222499792950771,253.7588412892049959663725438,,turns,breached,ratio headroom = L - D/E; debt headroom = L*E - D; break-even EBITDA = D/L,SRC-001;SRC-002;SRC-003,P7CT-0165,owner_reviewed,N/D is reported when information is missing. N/M is reserved for a mathematically non-meaningful nonpositive denominator. Missing information is never converted to zero.
P7H-00658,P7CT-0165,SEVERE_PHASE7_COVENANT_NO_WAIVER,2027-01-31,proposed_contractual,cash_interest_coverage,1.861980995883890218713637955,3,-1.138019004116109781286362045,,,-79.6736992852584735738244929,turns,breached,coverage cushion = E - C*I,SRC-001;SRC-002;SRC-003,P7CT-0165,owner_reviewed,N/D is reported when information is missing. N/M is reserved for a mathematically non-meaningful nonpositive denominator. Missing information is never converted to zero.
P7H-00659,P7CT-0165,SEVERE_PHASE7_COVENANT_NO_WAIVER,2027-01-31,proposed_contractual,usable_liquidity,0,50,-50,,,,USD_millions,breached,liquidity headroom = usable liquidity - minimum liquidity,SRC-001;SRC-002;SRC-003,P7CT-0165,owner_reviewed,N/D is reported when information is missing. N/M is reserved for a mathematically non-meaningful nonpositive denominator. Missing information is never converted to zero.
P7H-00660,P7CT-0165,SEVERE_PHASE7_COVENANT_NO_WAIVER,2027-01-31,analyst_warning,analyst_leverage_warning,6.81315885843563940769012503,3.25,-3.56315885843563940769012503,,,,turns,breached,warning gap = warning threshold - D/E,SRC-001;SRC-002;SRC-003,P7CT-0165,owner_reviewed,N/D is reported when information is missing. N/M is reserved for a mathematically non-meaningful nonpositive denominator. Missing information is never converted to zero.
P7H-00661,P7CT-0166,SEVERE_PHASE7_COVENANT_NO_WAIVER,2027-04-30,proposed_contractual,gross_funded_leverage,6.756443813804071588626564852,3.5,-3.256443813804071588626564852,-424.5032590431079390467444597,251.6445706240702649485302909,,turns,breached,ratio headroom = L - D/E; debt headroom = L*E - D; break-even EBITDA = D/L,SRC-001;SRC-002;SRC-003,P7CT-0166,owner_reviewed,N/D is reported when information is missing. N/M is reserved for a mathematically non-meaningful nonpositive denominator. Missing information is never converted to zero.
P7H-00662,P7CT-0166,SEVERE_PHASE7_COVENANT_NO_WAIVER,2027-04-30,proposed_contractual,cash_interest_coverage,1.809369673687760591049737676,3,-1.190630326312239408950262324,,,-85.7802036009048155138529068,turns,breached,coverage cushion = E - C*I,SRC-001;SRC-002;SRC-003,P7CT-0166,owner_reviewed,N/D is reported when information is missing. N/M is reserved for a mathematically non-meaningful nonpositive denominator. Missing information is never converted to zero.
P7H-00663,P7CT-0166,SEVERE_PHASE7_COVENANT_NO_WAIVER,2027-04-30,proposed_contractual,usable_liquidity,0,50,-50,,,,USD_millions,breached,liquidity headroom = usable liquidity - minimum liquidity,SRC-001;SRC-002;SRC-003,P7CT-0166,owner_reviewed,N/D is reported when information is missing. N/M is reserved for a mathematically non-meaningful nonpositive denominator. Missing information is never converted to zero.
P7H-00664,P7CT-0166,SEVERE_PHASE7_COVENANT_NO_WAIVER,2027-04-30,analyst_warning,analyst_leverage_warning,6.756443813804071588626564852,3.25,-3.506443813804071588626564852,,,,turns,breached,warning gap = warning threshold - D/E,SRC-001;SRC-002;SRC-003,P7CT-0166,owner_reviewed,N/D is reported when information is missing. N/M is reserved for a mathematically non-meaningful nonpositive denominator. Missing information is never converted to zero.
P7H-00665,P7CT-0167,SEVERE_PHASE7_COVENANT_NO_WAIVER,2027-07-31,proposed_contractual,gross_funded_leverage,6.70778264334591854206623437,3.5,-3.20778264334591854206623437,-418.156839280296464889809364,249.8303568522754095609976137,,turns,breached,ratio headroom = L - D/E; debt headroom = L*E - D; break-even EBITDA = D/L,SRC-001;SRC-002;SRC-003,P7CT-0167,owner_reviewed,N/D is reported when information is missing. N/M is reserved for a mathematically non-meaningful nonpositive denominator. Missing information is never converted to zero.
P7H-00666,P7CT-0167,SEVERE_PHASE7_COVENANT_NO_WAIVER,2027-07-31,proposed_contractual,cash_interest_coverage,1.831001098017011000595972135,3,-1.168998901982988999404027865,,,-83.226143267501197057307647,turns,breached,coverage cushion = E - C*I,SRC-001;SRC-002;SRC-003,P7CT-0167,owner_reviewed,N/D is reported when information is missing. N/M is reserved for a mathematically non-meaningful nonpositive denominator. Missing information is never converted to zero.
P7H-00667,P7CT-0167,SEVERE_PHASE7_COVENANT_NO_WAIVER,2027-07-31,proposed_contractual,usable_liquidity,0,50,-50,,,,USD_millions,breached,liquidity headroom = usable liquidity - minimum liquidity,SRC-001;SRC-002;SRC-003,P7CT-0167,owner_reviewed,N/D is reported when information is missing. N/M is reserved for a mathematically non-meaningful nonpositive denominator. Missing information is never converted to zero.
P7H-00668,P7CT-0167,SEVERE_PHASE7_COVENANT_NO_WAIVER,2027-07-31,analyst_warning,analyst_leverage_warning,6.70778264334591854206623437,3.25,-3.45778264334591854206623437,,,,turns,breached,warning gap = warning threshold - D/E,SRC-001;SRC-002;SRC-003,P7CT-0167,owner_reviewed,N/D is reported when information is missing. N/M is reserved for a mathematically non-meaningful nonpositive denominator. Missing information is never converted to zero.
P7H-00669,P7CT-0168,SEVERE_PHASE7_COVENANT_NO_WAIVER,2027-10-31,proposed_contractual,gross_funded_leverage,6.656336229899199780569628627,3.5,-3.156336229899199780569628627,-411.4473975938315794344502515,247.9124094537405810261866791,,turns,breached,ratio headroom = L - D/E; debt headroom = L*E - D; break-even EBITDA = D/L,SRC-001;SRC-002;SRC-003,P7CT-0168,owner_reviewed,N/D is reported when information is missing. N/M is reserved for a mathematically non-meaningful nonpositive denominator. Missing information is never converted to zero.
P7H-00670,P7CT-0168,SEVERE_PHASE7_COVENANT_NO_WAIVER,2027-10-31,proposed_contractual,cash_interest_coverage,1.852163122182860566214852633,3,-1.147836877817139433785147367,,,-80.7852364044756989956760879,turns,breached,coverage cushion = E - C*I,SRC-001;SRC-002;SRC-003,P7CT-0168,owner_reviewed,N/D is reported when information is missing. N/M is reserved for a mathematically non-meaningful nonpositive denominator. Missing information is never converted to zero.
P7H-00671,P7CT-0168,SEVERE_PHASE7_COVENANT_NO_WAIVER,2027-10-31,proposed_contractual,usable_liquidity,0,50,-50,,,,USD_millions,breached,liquidity headroom = usable liquidity - minimum liquidity,SRC-001;SRC-002;SRC-003,P7CT-0168,owner_reviewed,N/D is reported when information is missing. N/M is reserved for a mathematically non-meaningful nonpositive denominator. Missing information is never converted to zero.
P7H-00672,P7CT-0168,SEVERE_PHASE7_COVENANT_NO_WAIVER,2027-10-31,analyst_warning,analyst_leverage_warning,6.656336229899199780569628627,3.25,-3.406336229899199780569628627,,,,turns,breached,warning gap = warning threshold - D/E,SRC-001;SRC-002;SRC-003,P7CT-0168,owner_reviewed,N/D is reported when information is missing. N/M is reserved for a mathematically non-meaningful nonpositive denominator. Missing information is never converted to zero.
P7H-00673,P7CT-0169,SEVERE_PHASE7_COVENANT_NO_WAIVER,2028-01-31,proposed_contractual,gross_funded_leverage,6.656354701676118718989014148,3.25,-3.406354701676118718989014148,-444.0375758023915590711215009,266.9825947963360103358933467,,turns,breached,ratio headroom = L - D/E; debt headroom = L*E - D; break-even EBITDA = D/L,SRC-001;SRC-002;SRC-003,P7CT-0169,owner_reviewed,N/D is reported when information is missing. N/M is reserved for a mathematically non-meaningful nonpositive denominator. Missing information is never converted to zero.
P7H-00674,P7CT-0169,SEVERE_PHASE7_COVENANT_NO_WAIVER,2028-01-31,proposed_contractual,cash_interest_coverage,1.870590034965709367082469954,3,-1.129409965034290632917530046,,,-78.7050960095571621597207751,turns,breached,coverage cushion = E - C*I,SRC-001;SRC-002;SRC-003,P7CT-0169,owner_reviewed,N/D is reported when information is missing. N/M is reserved for a mathematically non-meaningful nonpositive denominator. Missing information is never converted to zero.
P7H-00675,P7CT-0169,SEVERE_PHASE7_COVENANT_NO_WAIVER,2028-01-31,proposed_contractual,usable_liquidity,0,50,-50,,,,USD_millions,breached,liquidity headroom = usable liquidity - minimum liquidity,SRC-001;SRC-002;SRC-003,P7CT-0169,owner_reviewed,N/D is reported when information is missing. N/M is reserved for a mathematically non-meaningful nonpositive denominator. Missing information is never converted to zero.
P7H-00676,P7CT-0169,SEVERE_PHASE7_COVENANT_NO_WAIVER,2028-01-31,analyst_warning,analyst_leverage_warning,6.656354701676118718989014148,3,-3.656354701676118718989014148,,,,turns,breached,warning gap = warning threshold - D/E,SRC-001;SRC-002;SRC-003,P7CT-0169,owner_reviewed,N/D is reported when information is missing. N/M is reserved for a mathematically non-meaningful nonpositive denominator. Missing information is never converted to zero.
P7H-00677,P7CT-0170,SEVERE_PHASE7_COVENANT_NO_WAIVER,2028-04-30,proposed_contractual,gross_funded_leverage,6.351993369793229190991987607,3.25,-3.101993369793229190991987607,-417.9233216012787099738621723,263.3191332578744718743548852,,turns,breached,ratio headroom = L - D/E; debt headroom = L*E - D; break-even EBITDA = D/L,SRC-001;SRC-002;SRC-003,P7CT-0170,owner_reviewed,N/D is reported when information is missing. N/M is reserved for a mathematically non-meaningful nonpositive denominator. Missing information is never converted to zero.
P7H-00678,P7CT-0170,SEVERE_PHASE7_COVENANT_NO_WAIVER,2028-04-30,proposed_contractual,cash_interest_coverage,1.968391033015103971027166007,3,-1.031608966984896028972833993,,,-70.6089043131648075061152282,turns,breached,coverage cushion = E - C*I,SRC-001;SRC-002;SRC-003,P7CT-0170,owner_reviewed,N/D is reported when information is missing. N/M is reserved for a mathematically non-meaningful nonpositive denominator. Missing information is never converted to zero.
P7H-00679,P7CT-0170,SEVERE_PHASE7_COVENANT_NO_WAIVER,2028-04-30,proposed_contractual,usable_liquidity,0,50,-50,,,,USD_millions,breached,liquidity headroom = usable liquidity - minimum liquidity,SRC-001;SRC-002;SRC-003,P7CT-0170,owner_reviewed,N/D is reported when information is missing. N/M is reserved for a mathematically non-meaningful nonpositive denominator. Missing information is never converted to zero.
P7H-00680,P7CT-0170,SEVERE_PHASE7_COVENANT_NO_WAIVER,2028-04-30,analyst_warning,analyst_leverage_warning,6.351993369793229190991987607,3,-3.351993369793229190991987607,,,,turns,breached,warning gap = warning threshold - D/E,SRC-001;SRC-002;SRC-003,P7CT-0170,owner_reviewed,N/D is reported when information is missing. N/M is reserved for a mathematically non-meaningful nonpositive denominator. Missing information is never converted to zero.
P7H-00681,P7CT-0171,SEVERE_PHASE7_COVENANT_NO_WAIVER,2028-07-31,proposed_contractual,gross_funded_leverage,5.710746293639272021819473694,3.25,-2.460746293639272021819473694,-354.769122649363687301049508,253.3310830888940345147694916,,turns,breached,ratio headroom = L - D/E; debt headroom = L*E - D; break-even EBITDA = D/L,SRC-001;SRC-002;SRC-003,P7CT-0171,owner_reviewed,N/D is reported when information is missing. N/M is reserved for a mathematically non-meaningful nonpositive denominator. Missing information is never converted to zero.
P7H-00682,P7CT-0171,SEVERE_PHASE7_COVENANT_NO_WAIVER,2028-07-31,proposed_contractual,cash_interest_coverage,2.176525224779400630931708732,3,-0.823474775220599369068291268,,,-54.5463343078480817312762009,turns,breached,coverage cushion = E - C*I,SRC-001;SRC-002;SRC-003,P7CT-0171,owner_reviewed,N/D is reported when information is missing. N/M is reserved for a mathematically non-meaningful nonpositive denominator. Missing information is never converted to zero.
P7H-00683,P7CT-0171,SEVERE_PHASE7_COVENANT_NO_WAIVER,2028-07-31,proposed_contractual,usable_liquidity,0,50,-50,,,,USD_millions,breached,liquidity headroom = usable liquidity - minimum liquidity,SRC-001;SRC-002;SRC-003,P7CT-0171,owner_reviewed,N/D is reported when information is missing. N/M is reserved for a mathematically non-meaningful nonpositive denominator. Missing information is never converted to zero.
P7H-00684,P7CT-0171,SEVERE_PHASE7_COVENANT_NO_WAIVER,2028-07-31,analyst_warning,analyst_leverage_warning,5.710746293639272021819473694,3,-2.710746293639272021819473694,,,,turns,breached,warning gap = warning threshold - D/E,SRC-001;SRC-002;SRC-003,P7CT-0171,owner_reviewed,N/D is reported when information is missing. N/M is reserved for a mathematically non-meaningful nonpositive denominator. Missing information is never converted to zero.
P7H-00685,P7CT-0172,SEVERE_PHASE7_COVENANT_NO_WAIVER,2028-10-31,proposed_contractual,gross_funded_leverage,4.951149519217002417288539397,3.25,-1.701149519217002417288539397,-269.8239633878401997347364537,241.6354844423680448670555429,,turns,breached,ratio headroom = L - D/E; debt headroom = L*E - D; break-even EBITDA = D/L,SRC-001;SRC-002;SRC-003,P7CT-0172,owner_reviewed,N/D is reported when information is missing. N/M is reserved for a mathematically non-meaningful nonpositive denominator. Missing information is never converted to zero.
P7H-00686,P7CT-0172,SEVERE_PHASE7_COVENANT_NO_WAIVER,2028-10-31,proposed_contractual,cash_interest_coverage,2.527810814181872230240215479,3,-0.472189185818127769759784521,,,-29.6284887125742695713488888,turns,breached,coverage cushion = E - C*I,SRC-001;SRC-002;SRC-003,P7CT-0172,owner_reviewed,N/D is reported when information is missing. N/M is reserved for a mathematically non-meaningful nonpositive denominator. Missing information is never converted to zero.
P7H-00687,P7CT-0172,SEVERE_PHASE7_COVENANT_NO_WAIVER,2028-10-31,proposed_contractual,usable_liquidity,0,50,-50,,,,USD_millions,breached,liquidity headroom = usable liquidity - minimum liquidity,SRC-001;SRC-002;SRC-003,P7CT-0172,owner_reviewed,N/D is reported when information is missing. N/M is reserved for a mathematically non-meaningful nonpositive denominator. Missing information is never converted to zero.
P7H-00688,P7CT-0172,SEVERE_PHASE7_COVENANT_NO_WAIVER,2028-10-31,analyst_warning,analyst_leverage_warning,4.951149519217002417288539397,3,-1.951149519217002417288539397,,,,turns,breached,warning gap = warning threshold - D/E,SRC-001;SRC-002;SRC-003,P7CT-0172,owner_reviewed,N/D is reported when information is missing. N/M is reserved for a mathematically non-meaningful nonpositive denominator. Missing information is never converted to zero.
P7H-00689,P7CT-0173,SEVERE_PHASE7_COVENANT_NO_WAIVER,2029-01-31,proposed_contractual,gross_funded_leverage,4.423719649728231586058743909,3,-1.423719649728231586058743909,-245.3000300396753216735171148,254.0618543762168255583136206,,turns,breached,ratio headroom = L - D/E; debt headroom = L*E - D; break-even EBITDA = D/L,SRC-001;SRC-002;SRC-003,P7CT-0173,owner_reviewed,N/D is reported when information is missing. N/M is reserved for a mathematically non-meaningful nonpositive denominator. Missing information is never converted to zero.
P7H-00690,P7CT-0173,SEVERE_PHASE7_COVENANT_NO_WAIVER,2029-01-31,proposed_contractual,cash_interest_coverage,2.967797321162077326822325345,3,-0.032202678837922673177674655,,,-1.8695233104749358834344965,turns,breached,coverage cushion = E - C*I,SRC-001;SRC-002;SRC-003,P7CT-0173,owner_reviewed,N/D is reported when information is missing. N/M is reserved for a mathematically non-meaningful nonpositive denominator. Missing information is never converted to zero.
P7H-00691,P7CT-0173,SEVERE_PHASE7_COVENANT_NO_WAIVER,2029-01-31,proposed_contractual,usable_liquidity,0,50,-50,,,,USD_millions,breached,liquidity headroom = usable liquidity - minimum liquidity,SRC-001;SRC-002;SRC-003,P7CT-0173,owner_reviewed,N/D is reported when information is missing. N/M is reserved for a mathematically non-meaningful nonpositive denominator. Missing information is never converted to zero.
P7H-00692,P7CT-0173,SEVERE_PHASE7_COVENANT_NO_WAIVER,2029-01-31,analyst_warning,analyst_leverage_warning,4.423719649728231586058743909,2.75,-1.673719649728231586058743909,,,,turns,breached,warning gap = warning threshold - D/E,SRC-001;SRC-002;SRC-003,P7CT-0173,owner_reviewed,N/D is reported when information is missing. N/M is reserved for a mathematically non-meaningful nonpositive denominator. Missing information is never converted to zero.
P7H-00693,P7CT-0174,SEVERE_PHASE7_COVENANT_NO_WAIVER,2029-04-30,proposed_contractual,gross_funded_leverage,3.708048525708172995597902478,3,-0.708048525708172995597902478,-135.8180801995360404966568886,237.0929928118017299707971637,,turns,breached,ratio headroom = L - D/E; debt headroom = L*E - D; break-even EBITDA = D/L,SRC-001;SRC-002;SRC-003,P7CT-0174,owner_reviewed,N/D is reported when information is missing. N/M is reserved for a mathematically non-meaningful nonpositive denominator. Missing information is never converted to zero.
P7H-00694,P7CT-0174,SEVERE_PHASE7_COVENANT_NO_WAIVER,2029-04-30,proposed_contractual,cash_interest_coverage,3.638120167918009222719476071,3,0.638120167918009222719476071,,,33.6449583909398204518396764,turns,compliant,coverage cushion = E - C*I,SRC-001;SRC-002;SRC-003,P7CT-0174,owner_reviewed,N/D is reported when information is missing. N/M is reserved for a mathematically non-meaningful nonpositive denominator. Missing information is never converted to zero.
P7H-00695,P7CT-0174,SEVERE_PHASE7_COVENANT_NO_WAIVER,2029-04-30,proposed_contractual,usable_liquidity,0,50,-50,,,,USD_millions,breached,liquidity headroom = usable liquidity - minimum liquidity,SRC-001;SRC-002;SRC-003,P7CT-0174,owner_reviewed,N/D is reported when information is missing. N/M is reserved for a mathematically non-meaningful nonpositive denominator. Missing information is never converted to zero.
P7H-00696,P7CT-0174,SEVERE_PHASE7_COVENANT_NO_WAIVER,2029-04-30,analyst_warning,analyst_leverage_warning,3.708048525708172995597902478,2.75,-0.958048525708172995597902478,,,,turns,breached,warning gap = warning threshold - D/E,SRC-001;SRC-002;SRC-003,P7CT-0174,owner_reviewed,N/D is reported when information is missing. N/M is reserved for a mathematically non-meaningful nonpositive denominator. Missing information is never converted to zero.
P7H-00697,P7CT-0175,SEVERE_PHASE7_COVENANT_NO_WAIVER,2029-07-31,proposed_contractual,gross_funded_leverage,3.321396655324292313943422352,3,-0.321396655324292313943422352,-66.7404517939537353115619651,229.9043976666998540263374812,,turns,breached,ratio headroom = L - D/E; debt headroom = L*E - D; break-even EBITDA = D/L,SRC-001;SRC-002;SRC-003,P7CT-0175,owner_reviewed,N/D is reported when information is missing. N/M is reserved for a mathematically non-meaningful nonpositive denominator. Missing information is never converted to zero.
P7H-00698,P7CT-0175,SEVERE_PHASE7_COVENANT_NO_WAIVER,2029-07-31,proposed_contractual,cash_interest_coverage,4.329701479172289637742588794,3,1.329701479172289637742588794,,,63.7740484304079873758513808,turns,compliant,coverage cushion = E - C*I,SRC-001;SRC-002;SRC-003,P7CT-0175,owner_reviewed,N/D is reported when information is missing. N/M is reserved for a mathematically non-meaningful nonpositive denominator. Missing information is never converted to zero.
P7H-00699,P7CT-0175,SEVERE_PHASE7_COVENANT_NO_WAIVER,2029-07-31,proposed_contractual,usable_liquidity,0,50,-50,,,,USD_millions,breached,liquidity headroom = usable liquidity - minimum liquidity,SRC-001;SRC-002;SRC-003,P7CT-0175,owner_reviewed,N/D is reported when information is missing. N/M is reserved for a mathematically non-meaningful nonpositive denominator. Missing information is never converted to zero.
P7H-00700,P7CT-0175,SEVERE_PHASE7_COVENANT_NO_WAIVER,2029-07-31,analyst_warning,analyst_leverage_warning,3.321396655324292313943422352,2.75,-0.571396655324292313943422352,,,,turns,breached,warning gap = warning threshold - D/E,SRC-001;SRC-002;SRC-003,P7CT-0175,owner_reviewed,N/D is reported when information is missing. N/M is reserved for a mathematically non-meaningful nonpositive denominator. Missing information is never converted to zero.
P7H-00701,P7CT-0176,SEVERE_PHASE7_COVENANT_NO_WAIVER,2029-10-31,proposed_contractual,gross_funded_leverage,3.083549959760619530324294488,3,-0.083549959760619530324294488,-18.2461651481500831312470402,224.4683379444020313266324797,,turns,breached,ratio headroom = L - D/E; debt headroom = L*E - D; break-even EBITDA = D/L,SRC-001;SRC-002;SRC-003,P7CT-0176,owner_reviewed,N/D is reported when information is missing. N/M is reserved for a mathematically non-meaningful nonpositive denominator. Missing information is never converted to zero.
P7H-00702,P7CT-0176,SEVERE_PHASE7_COVENANT_NO_WAIVER,2029-10-31,proposed_contractual,cash_interest_coverage,4.92586719164569027915772541,3,1.92586719164569027915772541,,,85.3825247351944264316028068,turns,compliant,coverage cushion = E - C*I,SRC-001;SRC-002;SRC-003,P7CT-0176,owner_reviewed,N/D is reported when information is missing. N/M is reserved for a mathematically non-meaningful nonpositive denominator. Missing information is never converted to zero.
P7H-00703,P7CT-0176,SEVERE_PHASE7_COVENANT_NO_WAIVER,2029-10-31,proposed_contractual,usable_liquidity,0,50,-50,,,,USD_millions,breached,liquidity headroom = usable liquidity - minimum liquidity,SRC-001;SRC-002;SRC-003,P7CT-0176,owner_reviewed,N/D is reported when information is missing. N/M is reserved for a mathematically non-meaningful nonpositive denominator. Missing information is never converted to zero.
P7H-00704,P7CT-0176,SEVERE_PHASE7_COVENANT_NO_WAIVER,2029-10-31,analyst_warning,analyst_leverage_warning,3.083549959760619530324294488,2.75,-0.333549959760619530324294488,,,,turns,breached,warning gap = warning threshold - D/E,SRC-001;SRC-002;SRC-003,P7CT-0176,owner_reviewed,N/D is reported when information is missing. N/M is reserved for a mathematically non-meaningful nonpositive denominator. Missing information is never converted to zero.
P7H-00705,P7CT-0177,SEVERE_PHASE7_COVENANT_NO_WAIVER,2030-01-31,proposed_contractual,gross_funded_leverage,2.976289495645140970432014035,3,0.023710504354859029567985965,5.269806362435630552718816,220.4995879444020313266324797,,turns,warning,ratio headroom = L - D/E; debt headroom = L*E - D; break-even EBITDA = D/L,SRC-001;SRC-002;SRC-003,P7CT-0177,owner_reviewed,N/D is reported when information is missing. N/M is reserved for a mathematically non-meaningful nonpositive denominator. Missing information is never converted to zero.
P7H-00706,P7CT-0177,SEVERE_PHASE7_COVENANT_NO_WAIVER,2030-01-31,proposed_contractual,cash_interest_coverage,5.314575633735813227815475689,3,2.314575633735813227815475689,,,96.7958304528425148427462355,turns,compliant,coverage cushion = E - C*I,SRC-001;SRC-002;SRC-003,P7CT-0177,owner_reviewed,N/D is reported when information is missing. N/M is reserved for a mathematically non-meaningful nonpositive denominator. Missing information is never converted to zero.
P7H-00707,P7CT-0177,SEVERE_PHASE7_COVENANT_NO_WAIVER,2030-01-31,proposed_contractual,usable_liquidity,0,50,-50,,,,USD_millions,breached,liquidity headroom = usable liquidity - minimum liquidity,SRC-001;SRC-002;SRC-003,P7CT-0177,owner_reviewed,N/D is reported when information is missing. N/M is reserved for a mathematically non-meaningful nonpositive denominator. Missing information is never converted to zero.
P7H-00708,P7CT-0177,SEVERE_PHASE7_COVENANT_NO_WAIVER,2030-01-31,analyst_warning,analyst_leverage_warning,2.976289495645140970432014035,2.75,-0.226289495645140970432014035,,,,turns,warning,warning gap = warning threshold - D/E,SRC-001;SRC-002;SRC-003,P7CT-0177,owner_reviewed,N/D is reported when information is missing. N/M is reserved for a mathematically non-meaningful nonpositive denominator. Missing information is never converted to zero.
P7H-00709,P7CT-0178,SEVERE_PHASE7_COVENANT_NO_WAIVER,2030-04-30,proposed_contractual,gross_funded_leverage,2.922740331090414660089259702,3,0.077259668909585339910740298,17.1713176196446029228341415,216.5308379444020313266324797,,turns,warning,ratio headroom = L - D/E; debt headroom = L*E - D; break-even EBITDA = D/L,SRC-001;SRC-002;SRC-003,P7CT-0178,owner_reviewed,N/D is reported when information is missing. N/M is reserved for a mathematically non-meaningful nonpositive denominator. Missing information is never converted to zero.
P7H-00710,P7CT-0178,SEVERE_PHASE7_COVENANT_NO_WAIVER,2030-04-30,proposed_contractual,cash_interest_coverage,5.48089351490628942188464922,3,2.48089351490628942188464922,,,100.6022139107203565130832373,turns,compliant,coverage cushion = E - C*I,SRC-001;SRC-002;SRC-003,P7CT-0178,owner_reviewed,N/D is reported when information is missing. N/M is reserved for a mathematically non-meaningful nonpositive denominator. Missing information is never converted to zero.
P7H-00711,P7CT-0178,SEVERE_PHASE7_COVENANT_NO_WAIVER,2030-04-30,proposed_contractual,usable_liquidity,0,50,-50,,,,USD_millions,breached,liquidity headroom = usable liquidity - minimum liquidity,SRC-001;SRC-002;SRC-003,P7CT-0178,owner_reviewed,N/D is reported when information is missing. N/M is reserved for a mathematically non-meaningful nonpositive denominator. Missing information is never converted to zero.
P7H-00712,P7CT-0178,SEVERE_PHASE7_COVENANT_NO_WAIVER,2030-04-30,analyst_warning,analyst_leverage_warning,2.922740331090414660089259702,2.75,-0.172740331090414660089259702,,,,turns,warning,warning gap = warning threshold - D/E,SRC-001;SRC-002;SRC-003,P7CT-0178,owner_reviewed,N/D is reported when information is missing. N/M is reserved for a mathematically non-meaningful nonpositive denominator. Missing information is never converted to zero.
P7H-00713,P7CT-0179,SEVERE_PHASE7_COVENANT_NO_WAIVER,2030-07-31,proposed_contractual,gross_funded_leverage,2.853424849543299645921927892,3,0.146575150456700354078072108,32.5767709442930385303915621,211.3941038452393710012353967,,turns,warning,ratio headroom = L - D/E; debt headroom = L*E - D; break-even EBITDA = D/L,SRC-001;SRC-002;SRC-003,P7CT-0179,owner_reviewed,N/D is reported when information is missing. N/M is reserved for a mathematically non-meaningful nonpositive denominator. Missing information is never converted to zero.
P7H-00714,P7CT-0179,SEVERE_PHASE7_COVENANT_NO_WAIVER,2030-07-31,proposed_contractual,cash_interest_coverage,5.610392762726171290599918528,3,2.610392762726171290599918528,,,103.4094615116885154661277669,turns,compliant,coverage cushion = E - C*I,SRC-001;SRC-002;SRC-003,P7CT-0179,owner_reviewed,N/D is reported when information is missing. N/M is reserved for a mathematically non-meaningful nonpositive denominator. Missing information is never converted to zero.
P7H-00715,P7CT-0179,SEVERE_PHASE7_COVENANT_NO_WAIVER,2030-07-31,proposed_contractual,usable_liquidity,0,50,-50,,,,USD_millions,breached,liquidity headroom = usable liquidity - minimum liquidity,SRC-001;SRC-002;SRC-003,P7CT-0179,owner_reviewed,N/D is reported when information is missing. N/M is reserved for a mathematically non-meaningful nonpositive denominator. Missing information is never converted to zero.
P7H-00716,P7CT-0179,SEVERE_PHASE7_COVENANT_NO_WAIVER,2030-07-31,analyst_warning,analyst_leverage_warning,2.853424849543299645921927892,2.75,-0.103424849543299645921927892,,,,turns,warning,warning gap = warning threshold - D/E,SRC-001;SRC-002;SRC-003,P7CT-0179,owner_reviewed,N/D is reported when information is missing. N/M is reserved for a mathematically non-meaningful nonpositive denominator. Missing information is never converted to zero.
P7H-00717,P7CT-0180,SEVERE_PHASE7_COVENANT_NO_WAIVER,2030-10-31,proposed_contractual,gross_funded_leverage,2.756183622373577397301357928,3,0.243816377626422602698642072,54.1885396103830175884307662,204.1885876692011658539747441,,turns,warning,ratio headroom = L - D/E; debt headroom = L*E - D; break-even EBITDA = D/L,SRC-001;SRC-002;SRC-003,P7CT-0180,owner_reviewed,N/D is reported when information is missing. N/M is reserved for a mathematically non-meaningful nonpositive denominator. Missing information is never converted to zero.
P7H-00718,P7CT-0180,SEVERE_PHASE7_COVENANT_NO_WAIVER,2030-10-31,proposed_contractual,cash_interest_coverage,5.751023534365742016096266472,3,2.751023534365742016096266472,,,106.3148015989929238985772256,turns,compliant,coverage cushion = E - C*I,SRC-001;SRC-002;SRC-003,P7CT-0180,owner_reviewed,N/D is reported when information is missing. N/M is reserved for a mathematically non-meaningful nonpositive denominator. Missing information is never converted to zero.
P7H-00719,P7CT-0180,SEVERE_PHASE7_COVENANT_NO_WAIVER,2030-10-31,proposed_contractual,usable_liquidity,0,50,-50,,,,USD_millions,breached,liquidity headroom = usable liquidity - minimum liquidity,SRC-001;SRC-002;SRC-003,P7CT-0180,owner_reviewed,N/D is reported when information is missing. N/M is reserved for a mathematically non-meaningful nonpositive denominator. Missing information is never converted to zero.
P7H-00720,P7CT-0180,SEVERE_PHASE7_COVENANT_NO_WAIVER,2030-10-31,analyst_warning,analyst_leverage_warning,2.756183622373577397301357928,2.75,-0.006183622373577397301357928,,,,turns,warning,warning gap = warning threshold - D/E,SRC-001;SRC-002;SRC-003,P7CT-0180,owner_reviewed,N/D is reported when information is missing. N/M is reserved for a mathematically non-meaningful nonpositive denominator. Missing information is never converted to zero.
