record_id,artifact_path,record_type,source_or_assumption_id,source_type,source_date,forecast_period,units,original_value,normalized_value,classification,review_status,formula_or_transformation,upstream_artifact,source_ids,limitation_or_rationale
LED-A-P5A-001,data/phase5/raw/MODEL_ASSUMPTIONS.csv,model_assumption,P5A-001,upstream_fact_or_explicit_modeling_assumption,,FY2026-FY2031,percent,-0.5,-0.5,selected_midpoint_assumption,owner_reviewed_for_phase5_testing,Midpoint of the owner-reviewed -2% to +1% range.,data/phase3/processed/ASSUMPTION_CANDIDATES.csv,,"A midpoint is a modeling choice, not evidence of actual volume growth."
LED-A-P5A-002,data/phase5/raw/MODEL_ASSUMPTIONS.csv,model_assumption,P5A-002,upstream_fact_or_explicit_modeling_assumption,,FY2026-FY2031,percent,0.5,0.5,selected_midpoint_assumption,owner_reviewed_for_phase5_testing,Midpoint of the owner-reviewed 0% to +1% range.,data/phase3/processed/ASSUMPTION_CANDIDATES.csv,,Does not represent organic unit growth or guaranteed pass-through.
LED-A-P5A-003,data/phase5/raw/MODEL_ASSUMPTIONS.csv,model_assumption,P5A-003,upstream_fact_or_explicit_modeling_assumption,2025-12-12,FY2026-FY2031,percent,27,27,selected_midpoint_assumption,owner_reviewed_for_phase5_testing,Midpoint of the owner-reviewed 26%-28% range.,data/phase3/processed/ASSUMPTION_CANDIDATES.csv,SRC-001,Quarterly shape retains FY2025 full-post-Tyman seasonality; plant execution remains a risk.
LED-A-P5A-004,data/phase5/raw/MODEL_ASSUMPTIONS.csv,model_assumption,P5A-004,upstream_fact_or_explicit_modeling_assumption,2025-12-12,FY2026-FY2031,percent_of_revenue,14.9041,14.9041,owner_reviewed_rounded_run_rate_assumption,owner_reviewed_for_phase5_testing,(FY2025 gross profit - owner-reviewed lender-base EBITDA) / FY2025 revenue.,data/phase2/processed/historical_spread.csv,SRC-001,No unrealized synergy or separate forecast addback is included.
LED-A-P5A-005,data/phase5/raw/MODEL_ASSUMPTIONS.csv,model_assumption,P5A-005,upstream_fact_or_explicit_modeling_assumption,2025-12-12,FY2026-FY2031,percent_of_revenue,5.6292,5.6292,owner_reviewed_rounded_run_rate_assumption,owner_reviewed_for_phase5_testing,FY2025 D&A / FY2025 revenue.,data/phase2/processed/historical_spread.csv,SRC-001,Asset-level depreciation and acquisition-intangible runoff are unavailable.
LED-A-P5A-006,data/phase5/raw/MODEL_ASSUMPTIONS.csv,model_assumption,P5A-006,upstream_fact_or_explicit_modeling_assumption,2025-12-12,FY2026-FY2031,days,41.5,41.5,selected_midpoint_assumption,owner_reviewed_for_phase5_testing,Midpoint of the owner-reviewed 40-43 day range using trailing-12-month revenue.,data/phase3/processed/ASSUMPTION_CANDIDATES.csv,SRC-001,Only two acquisition-affected annual observations support the range.
LED-A-P5A-007,data/phase5/raw/MODEL_ASSUMPTIONS.csv,model_assumption,P5A-007,upstream_fact_or_explicit_modeling_assumption,2025-12-12,FY2026-FY2031,days,72.5,72.5,selected_midpoint_assumption,owner_reviewed_for_phase5_testing,Midpoint of the owner-reviewed 70-75 day range using trailing-12-month cost of sales.,data/phase3/processed/ASSUMPTION_CANDIDATES.csv,SRC-001,Does not assume the FY2025 inventory cash release repeats.
LED-A-P5A-008,data/phase5/raw/MODEL_ASSUMPTIONS.csv,model_assumption,P5A-008,upstream_fact_or_explicit_modeling_assumption,2025-12-12,FY2026-FY2031,percent,9.8106,9.8106,owner_reviewed_rounded_proxy_assumption,owner_reviewed_for_phase5_testing,FY2025 ending accounts payable / FY2025 cost of sales.,data/phase3/processed/ASSUMPTION_CANDIDATES.csv,SRC-001,This is not DPO and is not a purchases-based payment-period measure.
LED-A-P5A-009,data/phase5/raw/MODEL_ASSUMPTIONS.csv,model_assumption,P5A-009,upstream_fact_or_explicit_modeling_assumption,2025-12-12,FY2026-FY2031,percent,1.9673,1.9673,owner_reviewed_rounded_proxy_assumption,owner_reviewed_for_phase5_testing,FY2025 other presented operating current assets / FY2025 revenue.,data/phase3/processed/ASSUMPTION_CANDIDATES.csv,SRC-001,The residual combines unlike accounts and requires account-level diligence.
LED-A-P5A-010,data/phase5/raw/MODEL_ASSUMPTIONS.csv,model_assumption,P5A-010,upstream_fact_or_explicit_modeling_assumption,2025-12-12,FY2026-FY2031,percent,5.8353,5.8353,owner_reviewed_rounded_proxy_assumption,owner_reviewed_for_phase5_testing,FY2025 other presented operating current liabilities / FY2025 revenue.,data/phase3/processed/ASSUMPTION_CANDIDATES.csv,SRC-001,The residual combines unlike accounts and requires account-level diligence.
LED-A-P5A-011,data/phase5/raw/MODEL_ASSUMPTIONS.csv,model_assumption,P5A-011,upstream_fact_or_explicit_modeling_assumption,2025-12-12,FY2026-FY2031,percent,3.5,3.5,selected_midpoint_assumption,owner_reviewed_for_phase5_testing,Midpoint of the owner-reviewed 3%-4% total-capex range.,data/phase3/processed/ASSUMPTION_CANDIDATES.csv,SRC-001,"Maintenance, integration and expansion categories remain not determinable."
LED-A-P5A-012,data/phase5/raw/MODEL_ASSUMPTIONS.csv,model_assumption,P5A-012,upstream_fact_or_explicit_modeling_assumption,,FY2026-FY2031,percent_of_positive_operating_income,25,25,new_modeling_assumption,owner_reviewed_for_phase5_testing,Applied to positive operating income before financing.,data/phase2/processed/historical_spread.csv,,A legal-entity cash-tax forecast and interest tax-shield schedule are unavailable.
LED-A-P5A-013,data/phase5/raw/MODEL_ASSUMPTIONS.csv,model_assumption,P5A-013,upstream_fact_or_explicit_modeling_assumption,2025-12-12,FY2026_Q2,USD_millions,0.7,0.7,inherited_minimum_with_timing_assumption,owner_reviewed_for_phase5_testing,"Known FY2025 year-end accrual, modeled as paid in FY2026 Q2.",data/phase3/processed/ASSUMPTION_CANDIDATES.csv,SRC-001,Amount is inherited; payment quarter is newly proposed and future program cost is unknown.
LED-A-P5A-014,data/phase5/raw/MODEL_ASSUMPTIONS.csv,model_assumption,P5A-014,upstream_fact_or_explicit_modeling_assumption,2025-12-12,FY2026-FY2031,USD_millions,14.5,14.5,selected_midpoint_assumption,owner_reviewed_for_phase5_testing,Midpoint of the owner-reviewed $14m-$15m annual reference.,data/phase3/processed/ASSUMPTION_CANDIDATES.csv,SRC-001;SRC-002,Board actions are not committed; modeled evenly by month.
LED-A-P5A-015,data/phase5/raw/MODEL_ASSUMPTIONS.csv,model_assumption,P5A-015,upstream_fact_or_explicit_modeling_assumption,2025-12-12,FY2026-FY2031,USD_millions,5,5,selected_midpoint_assumption,owner_reviewed_for_phase5_testing,Midpoint of the owner-reviewed $0-$10m range.,data/phase3/processed/ASSUMPTION_CANDIDATES.csv,SRC-001;SRC-002,Not a commitment; reductions remain Phase 6 mitigations.
LED-A-P5A-016,data/phase5/raw/MODEL_ASSUMPTIONS.csv,model_assumption,P5A-016,upstream_fact_or_explicit_modeling_assumption,,2026-01-31,USD_millions,25,25,inherited_testing_assumption,inherited_owner_reviewed,Phase 4 owner-reviewed operating cash floor retained at closing.,data/phase4/processed/PHASE5_OPENING_INPUTS.csv,,Book cash is not treated as accessible closing or debt-repayment cash.
LED-A-P5A-017,data/phase5/raw/MODEL_ASSUMPTIONS.csv,model_assumption,P5A-017,upstream_fact_or_explicit_modeling_assumption,2025-12-12,2026-01-31,USD_millions,0,0,conservative_model_boundary,owner_reviewed_for_phase5_testing,No cash beyond the $25m operating floor is credited at closing.,data/phase4/processed/PHASE5_OPENING_INPUTS.csv,SRC-001;SRC-003,"This is a conservative model boundary, not evidence that accessible cash is zero."
LED-A-P5A-018,data/phase5/raw/MODEL_ASSUMPTIONS.csv,model_assumption,P5A-018,upstream_fact_or_explicit_modeling_assumption,2025-12-12,2026-02-01_to_2031-01-31,percent,3.57,3.57,new_modeling_assumption,owner_reviewed_for_phase5_testing,October reported 6.57% rate less proposed 300 bps midpoint spread.,data/phase4/processed/PHASE5_OPENING_INPUTS.csv,SRC-001,Not a quoted SOFR rate or forward curve; the base-rate path remains owner review.
LED-A-P5A-019,data/phase5/raw/MODEL_ASSUMPTIONS.csv,model_assumption,P5A-019,upstream_fact_or_explicit_modeling_assumption,,2026-02-01_to_2031-01-31,basis_points,300,300,selected_midpoint_assumption,owner_reviewed_for_phase5_testing,Midpoint of the owner-reviewed 250-350 bps testing range.,data/phase4/processed/PHASE5_OPENING_INPUTS.csv,,"Not a market quote, lender commitment or approved term."
LED-A-P5A-020,data/phase5/raw/MODEL_ASSUMPTIONS.csv,model_assumption,P5A-020,upstream_fact_or_explicit_modeling_assumption,2025-12-12,2026-02-01_to_2029-08-01,percent,6.57,6.57,rate_neutral_comparison_assumption,owner_reviewed_for_phase5_testing,Held equal to the proposed 3.57% base-rate proxy plus 300 bps solely for a rate-neutral comparison.,data/processed/debt_terms.csv,SRC-001;SRC-003,Not an actual or representative January 2026 existing-facility rate. The applicable leverage tier is not determinable.
LED-A-P5A-021,data/phase5/raw/MODEL_ASSUMPTIONS.csv,model_assumption,P5A-021,upstream_fact_or_explicit_modeling_assumption,,2026-04-30_to_2031-01-31,percent_of_original_principal,10,10,inherited_testing_assumption,inherited_owner_reviewed,Paid quarterly at 2.5% of original principal.,data/phase4/processed/PHASE5_OPENING_INPUTS.csv,,Five-percent and 15% financing sensitivities remain separate.
LED-A-P5A-022,data/phase5/raw/MODEL_ASSUMPTIONS.csv,model_assumption,P5A-022,upstream_fact_or_explicit_modeling_assumption,,FY2026-FY2030,percent_of_cash_above_floor,50,50,inherited_rate_new_timing_definition,owner_reviewed_for_phase5_testing,"After revolver repayment, 50% of cash above the floor is swept at October 31 subject to the Phase 4 $50m analytical liquidity threshold.",data/phase4/processed/PHASE5_OPENING_INPUTS.csv,,The rate is owner-reviewed for testing; timing and simplified public definition require review. The $50m threshold is not a final covenant.
LED-A-P5A-023,data/phase5/raw/MODEL_ASSUMPTIONS.csv,model_assumption,P5A-023,upstream_fact_or_explicit_modeling_assumption,,first_24_months,text,equal_one_third_within_each_fiscal_quarter,equal_one_third_within_each_fiscal_quarter,new_modeling_assumption,owner_reviewed_for_phase5_testing,Quarterly operating flows are allocated equally across each quarter's three months.,data/phase4/processed/PHASE5_OPENING_INPUTS.csv,,No public monthly seasonality is available; Phase 6 must test more adverse timing.
LED-A-P5A-024,data/phase5/raw/MODEL_ASSUMPTIONS.csv,model_assumption,P5A-024,upstream_fact_or_explicit_modeling_assumption,,all_modeled_months,text,average_beginning_and_ending_debt,average_beginning_and_ending_debt,new_modeling_assumption,owner_reviewed_for_phase5_testing,Monthly interest uses average term after scheduled principal and iterated average revolver.,data/phase4/processed/PHASE5_OPENING_INPUTS.csv,,Sweeps occur at month end and reduce interest beginning the following month.
LED-A-P5A-025,data/phase5/raw/MODEL_ASSUMPTIONS.csv,model_assumption,P5A-025,upstream_fact_or_explicit_modeling_assumption,,2026-01-31,USD_millions,650,650,inherited_reference_case,inherited_owner_reviewed,Exact Phase 4 reference closing bridge.,data/phase4/processed/PHASE5_OPENING_INPUTS.csv,,Actual payoff and final funding remain pending.
LED-A-P5A-026,data/phase5/raw/MODEL_ASSUMPTIONS.csv,model_assumption,P5A-026,upstream_fact_or_explicit_modeling_assumption,,2026-01-31,USD_millions,29.89771875,29.89771875,inherited_reference_case,inherited_owner_reviewed,Exact Phase 4 reference closing bridge.,data/phase4/processed/PHASE5_OPENING_INPUTS.csv,,Not an actual January 2026 balance.
LED-A-P5A-027,data/phase5/raw/MODEL_ASSUMPTIONS.csv,model_assumption,P5A-027,upstream_fact_or_explicit_modeling_assumption,2025-12-12,2026-02-01,USD_millions,462.5,462.5,calculated_reference_timing,calculated_from_approved_inputs,$468.75m October balance less the January 31 scheduled $6.25m payment after the hypothetical refinancing timestamp.,data/phase2/processed/historical_spread.csv,SRC-001;SRC-003,February 1 same-point balance. The installment is funded in the revolver bridge and is not a free debt reduction.
LED-A-P5A-028,data/phase5/raw/MODEL_ASSUMPTIONS.csv,model_assumption,P5A-028,upstream_fact_or_explicit_modeling_assumption,2025-12-12,2026-02-01,USD_millions,207.39771875,207.39771875,calculated_same_point_opening_bridge,calculated_from_approved_inputs,"$172.5m October draw plus $25m reference movement, $6.25m January installment funding and $3.64771875m accrued-interest funding.",data/phase2/processed/historical_spread.csv,SRC-001;SRC-003;SRC-021,"Same-point Phase 5 comparison assumption, not an actual January 2026 balance; FY2026 Q1 CFADS is disclosed but not separately credited to the Phase 4 principal sensitivity."
LED-A-P5A-029,data/phase5/raw/MODEL_ASSUMPTIONS.csv,model_assumption,P5A-029,upstream_fact_or_explicit_modeling_assumption,,2026-01-31_to_2031-01-31,USD_millions,300,300,inherited_testing_assumption,inherited_owner_reviewed,Phase 4 provisional structure.,data/phase4/processed/PHASE5_OPENING_INPUTS.csv,,Not a commitment.
LED-A-P5A-030,data/phase5/raw/MODEL_ASSUMPTIONS.csv,model_assumption,P5A-030,upstream_fact_or_explicit_modeling_assumption,2025-12-12,2026-01-31_to_2029-08-01,USD_millions,475,475,existing_contract_fact,not_applicable_existing_fact,Existing executed facility commitment.,data/phase2/processed/historical_spread.csv,SRC-001;SRC-003,Availability ceases at maturity absent amendment or waiver.
LED-A-P5A-031,data/phase5/raw/MODEL_ASSUMPTIONS.csv,model_assumption,P5A-031,upstream_fact_or_explicit_modeling_assumption,2025-12-12,modeled_term,USD_millions,6.2,6.2,inherited_reference_case,inherited_owner_reviewed,Reference case assumes noncash replacement once under the applicable revolver.,data/phase4/processed/PHASE5_OPENING_INPUTS.csv,SRC-001;SRC-003,"Issuer, sublimit and transition remain pending; LCs are counted once."
LED-A-P5A-032,data/phase5/raw/MODEL_ASSUMPTIONS.csv,model_assumption,P5A-032,upstream_fact_or_explicit_modeling_assumption,2025-12-12,2026-01-31,USD_millions,62.619,62.619,reported_opening_fact,not_applicable_existing_fact,"October 31, 2025 finance leases and other funded debt retained.",data/phase4/processed/PHASE5_OPENING_INPUTS.csv,SRC-001;SRC-002,Public data do not allocate future payments between principal and interest.
LED-A-P5A-033,data/phase5/raw/MODEL_ASSUMPTIONS.csv,model_assumption,P5A-033,upstream_fact_or_explicit_modeling_assumption,2025-12-12,FY2026,USD_millions,8.351,8.351,reported_undiscounted_payment_bucket,not_applicable_existing_fact,Phase 4 retained-obligation maturity schedule.,data/phase2/processed/historical_spread.csv,SRC-001,Includes interest and principal; not a liability roll-forward.
LED-A-P5A-034,data/phase5/raw/MODEL_ASSUMPTIONS.csv,model_assumption,P5A-034,upstream_fact_or_explicit_modeling_assumption,2025-12-12,FY2027,USD_millions,8.031,8.031,reported_undiscounted_payment_bucket,not_applicable_existing_fact,Phase 4 retained-obligation maturity schedule.,data/phase2/processed/historical_spread.csv,SRC-001,Includes interest and principal; not a liability roll-forward.
LED-A-P5A-035,data/phase5/raw/MODEL_ASSUMPTIONS.csv,model_assumption,P5A-035,upstream_fact_or_explicit_modeling_assumption,2025-12-12,FY2028,USD_millions,6.83,6.83,reported_undiscounted_payment_bucket,not_applicable_existing_fact,Phase 4 retained-obligation maturity schedule.,data/phase2/processed/historical_spread.csv,SRC-001,Includes interest and principal; not a liability roll-forward.
LED-A-P5A-036,data/phase5/raw/MODEL_ASSUMPTIONS.csv,model_assumption,P5A-036,upstream_fact_or_explicit_modeling_assumption,2025-12-12,FY2029,USD_millions,6.498,6.498,reported_undiscounted_payment_bucket,not_applicable_existing_fact,Phase 4 retained-obligation maturity schedule.,data/phase2/processed/historical_spread.csv,SRC-001,Includes interest and principal; not a liability roll-forward.
LED-A-P5A-037,data/phase5/raw/MODEL_ASSUMPTIONS.csv,model_assumption,P5A-037,upstream_fact_or_explicit_modeling_assumption,2025-12-12,FY2030,USD_millions,6.146,6.146,reported_undiscounted_payment_bucket,not_applicable_existing_fact,Phase 4 retained-obligation maturity schedule.,data/phase2/processed/historical_spread.csv,SRC-001,Includes interest and principal; not a liability roll-forward.
LED-A-P5A-038,data/phase5/raw/MODEL_ASSUMPTIONS.csv,model_assumption,P5A-038,upstream_fact_or_explicit_modeling_assumption,2025-12-12,FY2031,USD_millions,6.146,6.146,continuation_assumption,owner_reviewed_for_phase5_testing,FY2030 annual amount continued solely to allocate FY2031 Q1.,data/phase2/processed/historical_spread.csv,SRC-001,The public filing puts FY2031 and later in an unallocated thereafter bucket.
LED-A-P5A-039,data/phase5/raw/MODEL_ASSUMPTIONS.csv,model_assumption,P5A-039,upstream_fact_or_explicit_modeling_assumption,2025-12-12,FY2026-FY2031,text,included_in_operating_costs_no_separate_subtraction,included_in_operating_costs_no_separate_subtraction,methodology_control,owner_reviewed_for_phase5_testing,Operating lease expense remains in the operating cost base.,data/phase4/processed/PHASE5_OPENING_INPUTS.csv,SRC-001,Contractual cash timing is not separately forecast to avoid double counting.
LED-A-P5A-040,data/phase5/raw/MODEL_ASSUMPTIONS.csv,model_assumption,P5A-040,upstream_fact_or_explicit_modeling_assumption,,2026-01-31,USD_millions,10,10,inherited_reference_case,inherited_owner_reviewed,Included once in Phase 4 reference closing uses and funded debt.,data/phase4/processed/PHASE5_OPENING_INPUTS.csv,,Not subtracted again from the post-closing cash waterfall.
LED-A-P5A-041,data/phase5/raw/MODEL_ASSUMPTIONS.csv,model_assumption,P5A-041,upstream_fact_or_explicit_modeling_assumption,,FY2026-FY2031,days,365,365,new_modeling_assumption,owner_reviewed_for_phase5_testing,Trailing-12-month revenue and cost-of-sales denominators use 365 days.,data/phase3/processed/ASSUMPTION_CANDIDATES.csv,,Leap-year day differences are immaterial to this annualized public-information proxy.
LED-A-P5A-042,data/phase5/raw/MODEL_ASSUMPTIONS.csv,model_assumption,P5A-042,upstream_fact_or_explicit_modeling_assumption,2024-06-13,modeled_term,USD_millions,,,missing_input,pending_information,"Recurring commitment, LC, fronting, administrative and other financing fees are not fully determinable.",data/phase4/processed/PHASE5_OPENING_INPUTS.csv,SRC-003,Excluded rather than entered as zero; modeled cash flow and liquidity are before these fees.
LED-O-OP-0001,data/phase5/processed/QUARTERLY_OPERATING_FORECAST.csv,operating_forecast,OP-0001,formula_calculated_forecast_output,,FY2026,,,400.0339989,formula_calculated_forecast,contains_owner_reviewed_phase5_testing_assumptions,"Revenue uses volume and price/mix; gross profit uses quarterly seasonal margin; EBITDA subtracts cash operating expense; TTM balance drivers determine working capital; CFADS subtracts taxes, capex, working-capital investment and identified cash uses.",data/phase5/raw/MODEL_ASSUMPTIONS.csv,SRC-001;SRC-002;SRC-016;SRC-021;SRC-022,
LED-O-OP-0002,data/phase5/processed/QUARTERLY_OPERATING_FORECAST.csv,operating_forecast,OP-0002,formula_calculated_forecast_output,,FY2026,,,452.46668805,formula_calculated_forecast,contains_owner_reviewed_phase5_testing_assumptions,"Revenue uses volume and price/mix; gross profit uses quarterly seasonal margin; EBITDA subtracts cash operating expense; TTM balance drivers determine working capital; CFADS subtracts taxes, capex, working-capital investment and identified cash uses.",data/phase5/raw/MODEL_ASSUMPTIONS.csv,SRC-001;SRC-002;SRC-016;SRC-021;SRC-022,
LED-O-OP-0003,data/phase5/processed/QUARTERLY_OPERATING_FORECAST.csv,operating_forecast,OP-0003,formula_calculated_forecast_output,,FY2026,,,495.260618175,formula_calculated_forecast,contains_owner_reviewed_phase5_testing_assumptions,"Revenue uses volume and price/mix; gross profit uses quarterly seasonal margin; EBITDA subtracts cash operating expense; TTM balance drivers determine working capital; CFADS subtracts taxes, capex, working-capital investment and identified cash uses.",data/phase5/raw/MODEL_ASSUMPTIONS.csv,SRC-001;SRC-002;SRC-016;SRC-021;SRC-022,
LED-O-OP-0004,data/phase5/processed/QUARTERLY_OPERATING_FORECAST.csv,operating_forecast,OP-0004,formula_calculated_forecast_output,,FY2026,,,489.83375385,formula_calculated_forecast,contains_owner_reviewed_phase5_testing_assumptions,"Revenue uses volume and price/mix; gross profit uses quarterly seasonal margin; EBITDA subtracts cash operating expense; TTM balance drivers determine working capital; CFADS subtracts taxes, capex, working-capital investment and identified cash uses.",data/phase5/raw/MODEL_ASSUMPTIONS.csv,SRC-001;SRC-002;SRC-016;SRC-021;SRC-022,
LED-O-OP-0005,data/phase5/processed/QUARTERLY_OPERATING_FORECAST.csv,operating_forecast,OP-0005,formula_calculated_forecast_output,,FY2027,,,400.0239980500275,formula_calculated_forecast,contains_owner_reviewed_phase5_testing_assumptions,"Revenue uses volume and price/mix; gross profit uses quarterly seasonal margin; EBITDA subtracts cash operating expense; TTM balance drivers determine working capital; CFADS subtracts taxes, capex, working-capital investment and identified cash uses.",data/phase5/raw/MODEL_ASSUMPTIONS.csv,SRC-001;SRC-002;SRC-016;SRC-021;SRC-022,
LED-O-OP-0006,data/phase5/processed/QUARTERLY_OPERATING_FORECAST.csv,operating_forecast,OP-0006,formula_calculated_forecast_output,,FY2027,,,452.45537638279875,formula_calculated_forecast,contains_owner_reviewed_phase5_testing_assumptions,"Revenue uses volume and price/mix; gross profit uses quarterly seasonal margin; EBITDA subtracts cash operating expense; TTM balance drivers determine working capital; CFADS subtracts taxes, capex, working-capital investment and identified cash uses.",data/phase5/raw/MODEL_ASSUMPTIONS.csv,SRC-001;SRC-002;SRC-016;SRC-021;SRC-022,
LED-O-OP-0007,data/phase5/processed/QUARTERLY_OPERATING_FORECAST.csv,operating_forecast,OP-0007,formula_calculated_forecast_output,,FY2027,,,495.248236659545625,formula_calculated_forecast,contains_owner_reviewed_phase5_testing_assumptions,"Revenue uses volume and price/mix; gross profit uses quarterly seasonal margin; EBITDA subtracts cash operating expense; TTM balance drivers determine working capital; CFADS subtracts taxes, capex, working-capital investment and identified cash uses.",data/phase5/raw/MODEL_ASSUMPTIONS.csv,SRC-001;SRC-002;SRC-016;SRC-021;SRC-022,
LED-O-OP-0008,data/phase5/processed/QUARTERLY_OPERATING_FORECAST.csv,operating_forecast,OP-0008,formula_calculated_forecast_output,,FY2027,,,489.82150800615375,formula_calculated_forecast,contains_owner_reviewed_phase5_testing_assumptions,"Revenue uses volume and price/mix; gross profit uses quarterly seasonal margin; EBITDA subtracts cash operating expense; TTM balance drivers determine working capital; CFADS subtracts taxes, capex, working-capital investment and identified cash uses.",data/phase5/raw/MODEL_ASSUMPTIONS.csv,SRC-001;SRC-002;SRC-016;SRC-021;SRC-022,
LED-O-OP-0009,data/phase5/processed/QUARTERLY_OPERATING_FORECAST.csv,operating_forecast,OP-0009,formula_calculated_forecast_output,,FY2028,,,400.0139974500762493125,formula_calculated_forecast,contains_owner_reviewed_phase5_testing_assumptions,"Revenue uses volume and price/mix; gross profit uses quarterly seasonal margin; EBITDA subtracts cash operating expense; TTM balance drivers determine working capital; CFADS subtracts taxes, capex, working-capital investment and identified cash uses.",data/phase5/raw/MODEL_ASSUMPTIONS.csv,SRC-001;SRC-002;SRC-016;SRC-021;SRC-022,
LED-O-OP-0010,data/phase5/processed/QUARTERLY_OPERATING_FORECAST.csv,operating_forecast,OP-0010,formula_calculated_forecast_output,,FY2028,,,452.44406499838918003125,formula_calculated_forecast,contains_owner_reviewed_phase5_testing_assumptions,"Revenue uses volume and price/mix; gross profit uses quarterly seasonal margin; EBITDA subtracts cash operating expense; TTM balance drivers determine working capital; CFADS subtracts taxes, capex, working-capital investment and identified cash uses.",data/phase5/raw/MODEL_ASSUMPTIONS.csv,SRC-001;SRC-002;SRC-016;SRC-021;SRC-022,
LED-O-OP-0011,data/phase5/processed/QUARTERLY_OPERATING_FORECAST.csv,operating_forecast,OP-0011,formula_calculated_forecast_output,,FY2028,,,495.235855453629136359375,formula_calculated_forecast,contains_owner_reviewed_phase5_testing_assumptions,"Revenue uses volume and price/mix; gross profit uses quarterly seasonal margin; EBITDA subtracts cash operating expense; TTM balance drivers determine working capital; CFADS subtracts taxes, capex, working-capital investment and identified cash uses.",data/phase5/raw/MODEL_ASSUMPTIONS.csv,SRC-001;SRC-002;SRC-016;SRC-021;SRC-022,
LED-O-OP-0012,data/phase5/processed/QUARTERLY_OPERATING_FORECAST.csv,operating_forecast,OP-0012,formula_calculated_forecast_output,,FY2028,,,489.80926246845359615625,formula_calculated_forecast,contains_owner_reviewed_phase5_testing_assumptions,"Revenue uses volume and price/mix; gross profit uses quarterly seasonal margin; EBITDA subtracts cash operating expense; TTM balance drivers determine working capital; CFADS subtracts taxes, capex, working-capital investment and identified cash uses.",data/phase5/raw/MODEL_ASSUMPTIONS.csv,SRC-001;SRC-002;SRC-016;SRC-021;SRC-022,
LED-O-OP-0013,data/phase5/processed/QUARTERLY_OPERATING_FORECAST.csv,operating_forecast,OP-0013,formula_calculated_forecast_output,,FY2029,,,400.0039971001399974062671875,formula_calculated_forecast,contains_owner_reviewed_phase5_testing_assumptions,"Revenue uses volume and price/mix; gross profit uses quarterly seasonal margin; EBITDA subtracts cash operating expense; TTM balance drivers determine working capital; CFADS subtracts taxes, capex, working-capital investment and identified cash uses.",data/phase5/raw/MODEL_ASSUMPTIONS.csv,SRC-001;SRC-002;SRC-016;SRC-021;SRC-022,
LED-O-OP-0014,data/phase5/processed/QUARTERLY_OPERATING_FORECAST.csv,operating_forecast,OP-0014,formula_calculated_forecast_output,,FY2029,,,452.4327538967642203017492188,formula_calculated_forecast,contains_owner_reviewed_phase5_testing_assumptions,"Revenue uses volume and price/mix; gross profit uses quarterly seasonal margin; EBITDA subtracts cash operating expense; TTM balance drivers determine working capital; CFADS subtracts taxes, capex, working-capital investment and identified cash uses.",data/phase5/raw/MODEL_ASSUMPTIONS.csv,SRC-001;SRC-002;SRC-016;SRC-021;SRC-022,
LED-O-OP-0015,data/phase5/processed/QUARTERLY_OPERATING_FORECAST.csv,operating_forecast,OP-0015,formula_calculated_forecast_output,,FY2029,,,495.2234745572427956309660156,formula_calculated_forecast,contains_owner_reviewed_phase5_testing_assumptions,"Revenue uses volume and price/mix; gross profit uses quarterly seasonal margin; EBITDA subtracts cash operating expense; TTM balance drivers determine working capital; CFADS subtracts taxes, capex, working-capital investment and identified cash uses.",data/phase5/raw/MODEL_ASSUMPTIONS.csv,SRC-001;SRC-002;SRC-016;SRC-021;SRC-022,
LED-O-OP-0016,data/phase5/processed/QUARTERLY_OPERATING_FORECAST.csv,operating_forecast,OP-0016,formula_calculated_forecast_output,,FY2029,,,489.7970172368918848163460938,formula_calculated_forecast,contains_owner_reviewed_phase5_testing_assumptions,"Revenue uses volume and price/mix; gross profit uses quarterly seasonal margin; EBITDA subtracts cash operating expense; TTM balance drivers determine working capital; CFADS subtracts taxes, capex, working-capital investment and identified cash uses.",data/phase5/raw/MODEL_ASSUMPTIONS.csv,SRC-001;SRC-002;SRC-016;SRC-021;SRC-022,
LED-O-OP-0017,data/phase5/processed/QUARTERLY_OPERATING_FORECAST.csv,operating_forecast,OP-0017,formula_calculated_forecast_output,,FY2030,,,399.9939970002124939063320308,formula_calculated_forecast,contains_owner_reviewed_phase5_testing_assumptions,"Revenue uses volume and price/mix; gross profit uses quarterly seasonal margin; EBITDA subtracts cash operating expense; TTM balance drivers determine working capital; CFADS subtracts taxes, capex, working-capital investment and identified cash uses.",data/phase5/raw/MODEL_ASSUMPTIONS.csv,SRC-001;SRC-002;SRC-016;SRC-021;SRC-022,
LED-O-OP-0018,data/phase5/processed/QUARTERLY_OPERATING_FORECAST.csv,operating_forecast,OP-0018,formula_calculated_forecast_output,,FY2030,,,452.4214430779168011962416751,formula_calculated_forecast,contains_owner_reviewed_phase5_testing_assumptions,"Revenue uses volume and price/mix; gross profit uses quarterly seasonal margin; EBITDA subtracts cash operating expense; TTM balance drivers determine working capital; CFADS subtracts taxes, capex, working-capital investment and identified cash uses.",data/phase5/raw/MODEL_ASSUMPTIONS.csv,SRC-001;SRC-002;SRC-016;SRC-021;SRC-022,
LED-O-OP-0019,data/phase5/processed/QUARTERLY_OPERATING_FORECAST.csv,operating_forecast,OP-0019,formula_calculated_forecast_output,,FY2030,,,495.2110939703788645610752414,formula_calculated_forecast,contains_owner_reviewed_phase5_testing_assumptions,"Revenue uses volume and price/mix; gross profit uses quarterly seasonal margin; EBITDA subtracts cash operating expense; TTM balance drivers determine working capital; CFADS subtracts taxes, capex, working-capital investment and identified cash uses.",data/phase5/raw/MODEL_ASSUMPTIONS.csv,SRC-001;SRC-002;SRC-016;SRC-021;SRC-022,
LED-O-OP-0020,data/phase5/processed/QUARTERLY_OPERATING_FORECAST.csv,operating_forecast,OP-0020,formula_calculated_forecast_output,,FY2030,,,489.7847723114609625192256851,formula_calculated_forecast,contains_owner_reviewed_phase5_testing_assumptions,"Revenue uses volume and price/mix; gross profit uses quarterly seasonal margin; EBITDA subtracts cash operating expense; TTM balance drivers determine working capital; CFADS subtracts taxes, capex, working-capital investment and identified cash uses.",data/phase5/raw/MODEL_ASSUMPTIONS.csv,SRC-001;SRC-002;SRC-016;SRC-021;SRC-022,
LED-O-OP-0021,data/phase5/processed/QUARTERLY_OPERATING_FORECAST.csv,operating_forecast,OP-0021,formula_calculated_forecast_output,,FY2031,,,399.9839971502874885939843725,formula_calculated_forecast,contains_owner_reviewed_phase5_testing_assumptions,"Revenue uses volume and price/mix; gross profit uses quarterly seasonal margin; EBITDA subtracts cash operating expense; TTM balance drivers determine working capital; CFADS subtracts taxes, capex, working-capital investment and identified cash uses.",data/phase5/raw/MODEL_ASSUMPTIONS.csv,SRC-001;SRC-002;SRC-016;SRC-021;SRC-022,
LED-O-ML-E-0001,data/phase5/processed/MONTHLY_LIQUIDITY_SCHEDULE.csv,monthly_liquidity,ML-E-0001,formula_calculated_forecast_output,,FY2026,,,150.82222935,formula_calculated_base_case,contains_owner_reviewed_phase5_testing_assumptions,Generated by scripts/phase5.py from the identified upstream inputs.,data/phase5/raw/MODEL_ASSUMPTIONS.csv,,"Monthly operating flows are equal one-third allocations of the governing quarter. Retained-obligation payment includes principal and interest; the liability proxy is not amortized. Mandatory interest, retained-obligation payments and scheduled principal precede distributions. Recurring financing fees are not determinable and are excluded rather than set to zero."
LED-O-ML-E-0002,data/phase5/processed/MONTHLY_LIQUIDITY_SCHEDULE.csv,monthly_liquidity,ML-E-0002,formula_calculated_forecast_output,,FY2026,,,150.82222935,formula_calculated_base_case,contains_owner_reviewed_phase5_testing_assumptions,Generated by scripts/phase5.py from the identified upstream inputs.,data/phase5/raw/MODEL_ASSUMPTIONS.csv,,"Monthly operating flows are equal one-third allocations of the governing quarter. Retained-obligation payment includes principal and interest; the liability proxy is not amortized. Mandatory interest, retained-obligation payments and scheduled principal precede distributions. Recurring financing fees are not determinable and are excluded rather than set to zero."
LED-O-ML-E-0003,data/phase5/processed/MONTHLY_LIQUIDITY_SCHEDULE.csv,monthly_liquidity,ML-E-0003,formula_calculated_forecast_output,,FY2026,,,150.82222935,formula_calculated_base_case,contains_owner_reviewed_phase5_testing_assumptions,Generated by scripts/phase5.py from the identified upstream inputs.,data/phase5/raw/MODEL_ASSUMPTIONS.csv,,"Monthly operating flows are equal one-third allocations of the governing quarter. Retained-obligation payment includes principal and interest; the liability proxy is not amortized. Mandatory interest, retained-obligation payments and scheduled principal precede distributions. Recurring financing fees are not determinable and are excluded rather than set to zero."
LED-O-ML-E-0004,data/phase5/processed/MONTHLY_LIQUIDITY_SCHEDULE.csv,monthly_liquidity,ML-E-0004,formula_calculated_forecast_output,,FY2026,,,165.086872725,formula_calculated_base_case,contains_owner_reviewed_phase5_testing_assumptions,Generated by scripts/phase5.py from the identified upstream inputs.,data/phase5/raw/MODEL_ASSUMPTIONS.csv,,"Monthly operating flows are equal one-third allocations of the governing quarter. Retained-obligation payment includes principal and interest; the liability proxy is not amortized. Mandatory interest, retained-obligation payments and scheduled principal precede distributions. Recurring financing fees are not determinable and are excluded rather than set to zero."
LED-O-ML-E-0005,data/phase5/processed/MONTHLY_LIQUIDITY_SCHEDULE.csv,monthly_liquidity,ML-E-0005,formula_calculated_forecast_output,,FY2026,,,165.086872725,formula_calculated_base_case,contains_owner_reviewed_phase5_testing_assumptions,Generated by scripts/phase5.py from the identified upstream inputs.,data/phase5/raw/MODEL_ASSUMPTIONS.csv,,"Monthly operating flows are equal one-third allocations of the governing quarter. Retained-obligation payment includes principal and interest; the liability proxy is not amortized. Mandatory interest, retained-obligation payments and scheduled principal precede distributions. Recurring financing fees are not determinable and are excluded rather than set to zero."
LED-O-ML-E-0006,data/phase5/processed/MONTHLY_LIQUIDITY_SCHEDULE.csv,monthly_liquidity,ML-E-0006,formula_calculated_forecast_output,,FY2026,,,165.086872725,formula_calculated_base_case,contains_owner_reviewed_phase5_testing_assumptions,Generated by scripts/phase5.py from the identified upstream inputs.,data/phase5/raw/MODEL_ASSUMPTIONS.csv,,"Monthly operating flows are equal one-third allocations of the governing quarter. Retained-obligation payment includes principal and interest; the liability proxy is not amortized. Mandatory interest, retained-obligation payments and scheduled principal precede distributions. Recurring financing fees are not determinable and are excluded rather than set to zero."
LED-O-ML-E-0007,data/phase5/processed/MONTHLY_LIQUIDITY_SCHEDULE.csv,monthly_liquidity,ML-E-0007,formula_calculated_forecast_output,,FY2026,,,163.27791795,formula_calculated_base_case,contains_owner_reviewed_phase5_testing_assumptions,Generated by scripts/phase5.py from the identified upstream inputs.,data/phase5/raw/MODEL_ASSUMPTIONS.csv,,"Monthly operating flows are equal one-third allocations of the governing quarter. Retained-obligation payment includes principal and interest; the liability proxy is not amortized. Mandatory interest, retained-obligation payments and scheduled principal precede distributions. Recurring financing fees are not determinable and are excluded rather than set to zero."
LED-O-ML-E-0008,data/phase5/processed/MONTHLY_LIQUIDITY_SCHEDULE.csv,monthly_liquidity,ML-E-0008,formula_calculated_forecast_output,,FY2026,,,163.27791795,formula_calculated_base_case,contains_owner_reviewed_phase5_testing_assumptions,Generated by scripts/phase5.py from the identified upstream inputs.,data/phase5/raw/MODEL_ASSUMPTIONS.csv,,"Monthly operating flows are equal one-third allocations of the governing quarter. Retained-obligation payment includes principal and interest; the liability proxy is not amortized. Mandatory interest, retained-obligation payments and scheduled principal precede distributions. Recurring financing fees are not determinable and are excluded rather than set to zero."
LED-O-ML-E-0009,data/phase5/processed/MONTHLY_LIQUIDITY_SCHEDULE.csv,monthly_liquidity,ML-E-0009,formula_calculated_forecast_output,,FY2026,,,163.27791795,formula_calculated_base_case,contains_owner_reviewed_phase5_testing_assumptions,Generated by scripts/phase5.py from the identified upstream inputs.,data/phase5/raw/MODEL_ASSUMPTIONS.csv,,"Monthly operating flows are equal one-third allocations of the governing quarter. Retained-obligation payment includes principal and interest; the liability proxy is not amortized. Mandatory interest, retained-obligation payments and scheduled principal precede distributions. Recurring financing fees are not determinable and are excluded rather than set to zero."
LED-O-ML-E-0010,data/phase5/processed/MONTHLY_LIQUIDITY_SCHEDULE.csv,monthly_liquidity,ML-E-0010,formula_calculated_forecast_output,,FY2027,,,133.3413326833425,formula_calculated_base_case,contains_owner_reviewed_phase5_testing_assumptions,Generated by scripts/phase5.py from the identified upstream inputs.,data/phase5/raw/MODEL_ASSUMPTIONS.csv,,"Monthly operating flows are equal one-third allocations of the governing quarter. Retained-obligation payment includes principal and interest; the liability proxy is not amortized. Mandatory interest, retained-obligation payments and scheduled principal precede distributions. Recurring financing fees are not determinable and are excluded rather than set to zero."
LED-O-ML-E-0011,data/phase5/processed/MONTHLY_LIQUIDITY_SCHEDULE.csv,monthly_liquidity,ML-E-0011,formula_calculated_forecast_output,,FY2027,,,133.3413326833425,formula_calculated_base_case,contains_owner_reviewed_phase5_testing_assumptions,Generated by scripts/phase5.py from the identified upstream inputs.,data/phase5/raw/MODEL_ASSUMPTIONS.csv,,"Monthly operating flows are equal one-third allocations of the governing quarter. Retained-obligation payment includes principal and interest; the liability proxy is not amortized. Mandatory interest, retained-obligation payments and scheduled principal precede distributions. Recurring financing fees are not determinable and are excluded rather than set to zero."
LED-O-ML-E-0012,data/phase5/processed/MONTHLY_LIQUIDITY_SCHEDULE.csv,monthly_liquidity,ML-E-0012,formula_calculated_forecast_output,,FY2027,,,133.3413326833425,formula_calculated_base_case,contains_owner_reviewed_phase5_testing_assumptions,Generated by scripts/phase5.py from the identified upstream inputs.,data/phase5/raw/MODEL_ASSUMPTIONS.csv,,"Monthly operating flows are equal one-third allocations of the governing quarter. Retained-obligation payment includes principal and interest; the liability proxy is not amortized. Mandatory interest, retained-obligation payments and scheduled principal precede distributions. Recurring financing fees are not determinable and are excluded rather than set to zero."
LED-O-ML-E-0013,data/phase5/processed/MONTHLY_LIQUIDITY_SCHEDULE.csv,monthly_liquidity,ML-E-0013,formula_calculated_forecast_output,,FY2027,,,150.81845879426625,formula_calculated_base_case,contains_owner_reviewed_phase5_testing_assumptions,Generated by scripts/phase5.py from the identified upstream inputs.,data/phase5/raw/MODEL_ASSUMPTIONS.csv,,"Monthly operating flows are equal one-third allocations of the governing quarter. Retained-obligation payment includes principal and interest; the liability proxy is not amortized. Mandatory interest, retained-obligation payments and scheduled principal precede distributions. Recurring financing fees are not determinable and are excluded rather than set to zero."
LED-O-ML-E-0014,data/phase5/processed/MONTHLY_LIQUIDITY_SCHEDULE.csv,monthly_liquidity,ML-E-0014,formula_calculated_forecast_output,,FY2027,,,150.81845879426625,formula_calculated_base_case,contains_owner_reviewed_phase5_testing_assumptions,Generated by scripts/phase5.py from the identified upstream inputs.,data/phase5/raw/MODEL_ASSUMPTIONS.csv,,"Monthly operating flows are equal one-third allocations of the governing quarter. Retained-obligation payment includes principal and interest; the liability proxy is not amortized. Mandatory interest, retained-obligation payments and scheduled principal precede distributions. Recurring financing fees are not determinable and are excluded rather than set to zero."
LED-O-ML-E-0015,data/phase5/processed/MONTHLY_LIQUIDITY_SCHEDULE.csv,monthly_liquidity,ML-E-0015,formula_calculated_forecast_output,,FY2027,,,150.81845879426625,formula_calculated_base_case,contains_owner_reviewed_phase5_testing_assumptions,Generated by scripts/phase5.py from the identified upstream inputs.,data/phase5/raw/MODEL_ASSUMPTIONS.csv,,"Monthly operating flows are equal one-third allocations of the governing quarter. Retained-obligation payment includes principal and interest; the liability proxy is not amortized. Mandatory interest, retained-obligation payments and scheduled principal precede distributions. Recurring financing fees are not determinable and are excluded rather than set to zero."
LED-O-ML-E-0016,data/phase5/processed/MONTHLY_LIQUIDITY_SCHEDULE.csv,monthly_liquidity,ML-E-0016,formula_calculated_forecast_output,,FY2027,,,165.082745553181875,formula_calculated_base_case,contains_owner_reviewed_phase5_testing_assumptions,Generated by scripts/phase5.py from the identified upstream inputs.,data/phase5/raw/MODEL_ASSUMPTIONS.csv,,"Monthly operating flows are equal one-third allocations of the governing quarter. Retained-obligation payment includes principal and interest; the liability proxy is not amortized. Mandatory interest, retained-obligation payments and scheduled principal precede distributions. Recurring financing fees are not determinable and are excluded rather than set to zero."
LED-O-ML-E-0017,data/phase5/processed/MONTHLY_LIQUIDITY_SCHEDULE.csv,monthly_liquidity,ML-E-0017,formula_calculated_forecast_output,,FY2027,,,165.082745553181875,formula_calculated_base_case,contains_owner_reviewed_phase5_testing_assumptions,Generated by scripts/phase5.py from the identified upstream inputs.,data/phase5/raw/MODEL_ASSUMPTIONS.csv,,"Monthly operating flows are equal one-third allocations of the governing quarter. Retained-obligation payment includes principal and interest; the liability proxy is not amortized. Mandatory interest, retained-obligation payments and scheduled principal precede distributions. Recurring financing fees are not determinable and are excluded rather than set to zero."
LED-O-ML-E-0018,data/phase5/processed/MONTHLY_LIQUIDITY_SCHEDULE.csv,monthly_liquidity,ML-E-0018,formula_calculated_forecast_output,,FY2027,,,165.082745553181875,formula_calculated_base_case,contains_owner_reviewed_phase5_testing_assumptions,Generated by scripts/phase5.py from the identified upstream inputs.,data/phase5/raw/MODEL_ASSUMPTIONS.csv,,"Monthly operating flows are equal one-third allocations of the governing quarter. Retained-obligation payment includes principal and interest; the liability proxy is not amortized. Mandatory interest, retained-obligation payments and scheduled principal precede distributions. Recurring financing fees are not determinable and are excluded rather than set to zero."
LED-O-ML-E-0019,data/phase5/processed/MONTHLY_LIQUIDITY_SCHEDULE.csv,monthly_liquidity,ML-E-0019,formula_calculated_forecast_output,,FY2027,,,163.27383600205125,formula_calculated_base_case,contains_owner_reviewed_phase5_testing_assumptions,Generated by scripts/phase5.py from the identified upstream inputs.,data/phase5/raw/MODEL_ASSUMPTIONS.csv,,"Monthly operating flows are equal one-third allocations of the governing quarter. Retained-obligation payment includes principal and interest; the liability proxy is not amortized. Mandatory interest, retained-obligation payments and scheduled principal precede distributions. Recurring financing fees are not determinable and are excluded rather than set to zero."
LED-O-ML-E-0020,data/phase5/processed/MONTHLY_LIQUIDITY_SCHEDULE.csv,monthly_liquidity,ML-E-0020,formula_calculated_forecast_output,,FY2027,,,163.27383600205125,formula_calculated_base_case,contains_owner_reviewed_phase5_testing_assumptions,Generated by scripts/phase5.py from the identified upstream inputs.,data/phase5/raw/MODEL_ASSUMPTIONS.csv,,"Monthly operating flows are equal one-third allocations of the governing quarter. Retained-obligation payment includes principal and interest; the liability proxy is not amortized. Mandatory interest, retained-obligation payments and scheduled principal precede distributions. Recurring financing fees are not determinable and are excluded rather than set to zero."
LED-O-ML-E-0021,data/phase5/processed/MONTHLY_LIQUIDITY_SCHEDULE.csv,monthly_liquidity,ML-E-0021,formula_calculated_forecast_output,,FY2027,,,163.27383600205125,formula_calculated_base_case,contains_owner_reviewed_phase5_testing_assumptions,Generated by scripts/phase5.py from the identified upstream inputs.,data/phase5/raw/MODEL_ASSUMPTIONS.csv,,"Monthly operating flows are equal one-third allocations of the governing quarter. Retained-obligation payment includes principal and interest; the liability proxy is not amortized. Mandatory interest, retained-obligation payments and scheduled principal precede distributions. Recurring financing fees are not determinable and are excluded rather than set to zero."
LED-O-ML-E-0022,data/phase5/processed/MONTHLY_LIQUIDITY_SCHEDULE.csv,monthly_liquidity,ML-E-0022,formula_calculated_forecast_output,,FY2028,,,133.3379991500254164375,formula_calculated_base_case,contains_owner_reviewed_phase5_testing_assumptions,Generated by scripts/phase5.py from the identified upstream inputs.,data/phase5/raw/MODEL_ASSUMPTIONS.csv,,"Monthly operating flows are equal one-third allocations of the governing quarter. Retained-obligation payment includes principal and interest; the liability proxy is not amortized. Mandatory interest, retained-obligation payments and scheduled principal precede distributions. Recurring financing fees are not determinable and are excluded rather than set to zero."
LED-O-ML-E-0023,data/phase5/processed/MONTHLY_LIQUIDITY_SCHEDULE.csv,monthly_liquidity,ML-E-0023,formula_calculated_forecast_output,,FY2028,,,133.3379991500254164375,formula_calculated_base_case,contains_owner_reviewed_phase5_testing_assumptions,Generated by scripts/phase5.py from the identified upstream inputs.,data/phase5/raw/MODEL_ASSUMPTIONS.csv,,"Monthly operating flows are equal one-third allocations of the governing quarter. Retained-obligation payment includes principal and interest; the liability proxy is not amortized. Mandatory interest, retained-obligation payments and scheduled principal precede distributions. Recurring financing fees are not determinable and are excluded rather than set to zero."
LED-O-ML-E-0024,data/phase5/processed/MONTHLY_LIQUIDITY_SCHEDULE.csv,monthly_liquidity,ML-E-0024,formula_calculated_forecast_output,,FY2028,,,133.3379991500254164375,formula_calculated_base_case,contains_owner_reviewed_phase5_testing_assumptions,Generated by scripts/phase5.py from the identified upstream inputs.,data/phase5/raw/MODEL_ASSUMPTIONS.csv,,"Monthly operating flows are equal one-third allocations of the governing quarter. Retained-obligation payment includes principal and interest; the liability proxy is not amortized. Mandatory interest, retained-obligation payments and scheduled principal precede distributions. Recurring financing fees are not determinable and are excluded rather than set to zero."
LED-O-ML-P-0001,data/phase5/processed/MONTHLY_LIQUIDITY_SCHEDULE.csv,monthly_liquidity,ML-P-0001,formula_calculated_forecast_output,,FY2026,,,150.82222935,formula_calculated_base_case,contains_owner_reviewed_phase5_testing_assumptions,Generated by scripts/phase5.py from the identified upstream inputs.,data/phase5/raw/MODEL_ASSUMPTIONS.csv,,"Monthly operating flows are equal one-third allocations of the governing quarter. Retained-obligation payment includes principal and interest; the liability proxy is not amortized. Mandatory interest, retained-obligation payments and scheduled principal precede distributions. Recurring financing fees are not determinable and are excluded rather than set to zero."
LED-O-ML-P-0002,data/phase5/processed/MONTHLY_LIQUIDITY_SCHEDULE.csv,monthly_liquidity,ML-P-0002,formula_calculated_forecast_output,,FY2026,,,150.82222935,formula_calculated_base_case,contains_owner_reviewed_phase5_testing_assumptions,Generated by scripts/phase5.py from the identified upstream inputs.,data/phase5/raw/MODEL_ASSUMPTIONS.csv,,"Monthly operating flows are equal one-third allocations of the governing quarter. Retained-obligation payment includes principal and interest; the liability proxy is not amortized. Mandatory interest, retained-obligation payments and scheduled principal precede distributions. Recurring financing fees are not determinable and are excluded rather than set to zero."
LED-O-ML-P-0003,data/phase5/processed/MONTHLY_LIQUIDITY_SCHEDULE.csv,monthly_liquidity,ML-P-0003,formula_calculated_forecast_output,,FY2026,,,150.82222935,formula_calculated_base_case,contains_owner_reviewed_phase5_testing_assumptions,Generated by scripts/phase5.py from the identified upstream inputs.,data/phase5/raw/MODEL_ASSUMPTIONS.csv,,"Monthly operating flows are equal one-third allocations of the governing quarter. Retained-obligation payment includes principal and interest; the liability proxy is not amortized. Mandatory interest, retained-obligation payments and scheduled principal precede distributions. Recurring financing fees are not determinable and are excluded rather than set to zero."
LED-O-ML-P-0004,data/phase5/processed/MONTHLY_LIQUIDITY_SCHEDULE.csv,monthly_liquidity,ML-P-0004,formula_calculated_forecast_output,,FY2026,,,165.086872725,formula_calculated_base_case,contains_owner_reviewed_phase5_testing_assumptions,Generated by scripts/phase5.py from the identified upstream inputs.,data/phase5/raw/MODEL_ASSUMPTIONS.csv,,"Monthly operating flows are equal one-third allocations of the governing quarter. Retained-obligation payment includes principal and interest; the liability proxy is not amortized. Mandatory interest, retained-obligation payments and scheduled principal precede distributions. Recurring financing fees are not determinable and are excluded rather than set to zero."
LED-O-ML-P-0005,data/phase5/processed/MONTHLY_LIQUIDITY_SCHEDULE.csv,monthly_liquidity,ML-P-0005,formula_calculated_forecast_output,,FY2026,,,165.086872725,formula_calculated_base_case,contains_owner_reviewed_phase5_testing_assumptions,Generated by scripts/phase5.py from the identified upstream inputs.,data/phase5/raw/MODEL_ASSUMPTIONS.csv,,"Monthly operating flows are equal one-third allocations of the governing quarter. Retained-obligation payment includes principal and interest; the liability proxy is not amortized. Mandatory interest, retained-obligation payments and scheduled principal precede distributions. Recurring financing fees are not determinable and are excluded rather than set to zero."
LED-O-ML-P-0006,data/phase5/processed/MONTHLY_LIQUIDITY_SCHEDULE.csv,monthly_liquidity,ML-P-0006,formula_calculated_forecast_output,,FY2026,,,165.086872725,formula_calculated_base_case,contains_owner_reviewed_phase5_testing_assumptions,Generated by scripts/phase5.py from the identified upstream inputs.,data/phase5/raw/MODEL_ASSUMPTIONS.csv,,"Monthly operating flows are equal one-third allocations of the governing quarter. Retained-obligation payment includes principal and interest; the liability proxy is not amortized. Mandatory interest, retained-obligation payments and scheduled principal precede distributions. Recurring financing fees are not determinable and are excluded rather than set to zero."
LED-O-ML-P-0007,data/phase5/processed/MONTHLY_LIQUIDITY_SCHEDULE.csv,monthly_liquidity,ML-P-0007,formula_calculated_forecast_output,,FY2026,,,163.27791795,formula_calculated_base_case,contains_owner_reviewed_phase5_testing_assumptions,Generated by scripts/phase5.py from the identified upstream inputs.,data/phase5/raw/MODEL_ASSUMPTIONS.csv,,"Monthly operating flows are equal one-third allocations of the governing quarter. Retained-obligation payment includes principal and interest; the liability proxy is not amortized. Mandatory interest, retained-obligation payments and scheduled principal precede distributions. Recurring financing fees are not determinable and are excluded rather than set to zero."
LED-O-ML-P-0008,data/phase5/processed/MONTHLY_LIQUIDITY_SCHEDULE.csv,monthly_liquidity,ML-P-0008,formula_calculated_forecast_output,,FY2026,,,163.27791795,formula_calculated_base_case,contains_owner_reviewed_phase5_testing_assumptions,Generated by scripts/phase5.py from the identified upstream inputs.,data/phase5/raw/MODEL_ASSUMPTIONS.csv,,"Monthly operating flows are equal one-third allocations of the governing quarter. Retained-obligation payment includes principal and interest; the liability proxy is not amortized. Mandatory interest, retained-obligation payments and scheduled principal precede distributions. Recurring financing fees are not determinable and are excluded rather than set to zero."
LED-O-ML-P-0009,data/phase5/processed/MONTHLY_LIQUIDITY_SCHEDULE.csv,monthly_liquidity,ML-P-0009,formula_calculated_forecast_output,,FY2026,,,163.27791795,formula_calculated_base_case,contains_owner_reviewed_phase5_testing_assumptions,Generated by scripts/phase5.py from the identified upstream inputs.,data/phase5/raw/MODEL_ASSUMPTIONS.csv,,"Monthly operating flows are equal one-third allocations of the governing quarter. Retained-obligation payment includes principal and interest; the liability proxy is not amortized. Mandatory interest, retained-obligation payments and scheduled principal precede distributions. Recurring financing fees are not determinable and are excluded rather than set to zero."
LED-O-ML-P-0010,data/phase5/processed/MONTHLY_LIQUIDITY_SCHEDULE.csv,monthly_liquidity,ML-P-0010,formula_calculated_forecast_output,,FY2027,,,133.3413326833425,formula_calculated_base_case,contains_owner_reviewed_phase5_testing_assumptions,Generated by scripts/phase5.py from the identified upstream inputs.,data/phase5/raw/MODEL_ASSUMPTIONS.csv,,"Monthly operating flows are equal one-third allocations of the governing quarter. Retained-obligation payment includes principal and interest; the liability proxy is not amortized. Mandatory interest, retained-obligation payments and scheduled principal precede distributions. Recurring financing fees are not determinable and are excluded rather than set to zero."
LED-O-ML-P-0011,data/phase5/processed/MONTHLY_LIQUIDITY_SCHEDULE.csv,monthly_liquidity,ML-P-0011,formula_calculated_forecast_output,,FY2027,,,133.3413326833425,formula_calculated_base_case,contains_owner_reviewed_phase5_testing_assumptions,Generated by scripts/phase5.py from the identified upstream inputs.,data/phase5/raw/MODEL_ASSUMPTIONS.csv,,"Monthly operating flows are equal one-third allocations of the governing quarter. Retained-obligation payment includes principal and interest; the liability proxy is not amortized. Mandatory interest, retained-obligation payments and scheduled principal precede distributions. Recurring financing fees are not determinable and are excluded rather than set to zero."
LED-O-ML-P-0012,data/phase5/processed/MONTHLY_LIQUIDITY_SCHEDULE.csv,monthly_liquidity,ML-P-0012,formula_calculated_forecast_output,,FY2027,,,133.3413326833425,formula_calculated_base_case,contains_owner_reviewed_phase5_testing_assumptions,Generated by scripts/phase5.py from the identified upstream inputs.,data/phase5/raw/MODEL_ASSUMPTIONS.csv,,"Monthly operating flows are equal one-third allocations of the governing quarter. Retained-obligation payment includes principal and interest; the liability proxy is not amortized. Mandatory interest, retained-obligation payments and scheduled principal precede distributions. Recurring financing fees are not determinable and are excluded rather than set to zero."
LED-O-ML-P-0013,data/phase5/processed/MONTHLY_LIQUIDITY_SCHEDULE.csv,monthly_liquidity,ML-P-0013,formula_calculated_forecast_output,,FY2027,,,150.81845879426625,formula_calculated_base_case,contains_owner_reviewed_phase5_testing_assumptions,Generated by scripts/phase5.py from the identified upstream inputs.,data/phase5/raw/MODEL_ASSUMPTIONS.csv,,"Monthly operating flows are equal one-third allocations of the governing quarter. Retained-obligation payment includes principal and interest; the liability proxy is not amortized. Mandatory interest, retained-obligation payments and scheduled principal precede distributions. Recurring financing fees are not determinable and are excluded rather than set to zero."
LED-O-ML-P-0014,data/phase5/processed/MONTHLY_LIQUIDITY_SCHEDULE.csv,monthly_liquidity,ML-P-0014,formula_calculated_forecast_output,,FY2027,,,150.81845879426625,formula_calculated_base_case,contains_owner_reviewed_phase5_testing_assumptions,Generated by scripts/phase5.py from the identified upstream inputs.,data/phase5/raw/MODEL_ASSUMPTIONS.csv,,"Monthly operating flows are equal one-third allocations of the governing quarter. Retained-obligation payment includes principal and interest; the liability proxy is not amortized. Mandatory interest, retained-obligation payments and scheduled principal precede distributions. Recurring financing fees are not determinable and are excluded rather than set to zero."
LED-O-ML-P-0015,data/phase5/processed/MONTHLY_LIQUIDITY_SCHEDULE.csv,monthly_liquidity,ML-P-0015,formula_calculated_forecast_output,,FY2027,,,150.81845879426625,formula_calculated_base_case,contains_owner_reviewed_phase5_testing_assumptions,Generated by scripts/phase5.py from the identified upstream inputs.,data/phase5/raw/MODEL_ASSUMPTIONS.csv,,"Monthly operating flows are equal one-third allocations of the governing quarter. Retained-obligation payment includes principal and interest; the liability proxy is not amortized. Mandatory interest, retained-obligation payments and scheduled principal precede distributions. Recurring financing fees are not determinable and are excluded rather than set to zero."
LED-O-ML-P-0016,data/phase5/processed/MONTHLY_LIQUIDITY_SCHEDULE.csv,monthly_liquidity,ML-P-0016,formula_calculated_forecast_output,,FY2027,,,165.082745553181875,formula_calculated_base_case,contains_owner_reviewed_phase5_testing_assumptions,Generated by scripts/phase5.py from the identified upstream inputs.,data/phase5/raw/MODEL_ASSUMPTIONS.csv,,"Monthly operating flows are equal one-third allocations of the governing quarter. Retained-obligation payment includes principal and interest; the liability proxy is not amortized. Mandatory interest, retained-obligation payments and scheduled principal precede distributions. Recurring financing fees are not determinable and are excluded rather than set to zero."
LED-O-ML-P-0017,data/phase5/processed/MONTHLY_LIQUIDITY_SCHEDULE.csv,monthly_liquidity,ML-P-0017,formula_calculated_forecast_output,,FY2027,,,165.082745553181875,formula_calculated_base_case,contains_owner_reviewed_phase5_testing_assumptions,Generated by scripts/phase5.py from the identified upstream inputs.,data/phase5/raw/MODEL_ASSUMPTIONS.csv,,"Monthly operating flows are equal one-third allocations of the governing quarter. Retained-obligation payment includes principal and interest; the liability proxy is not amortized. Mandatory interest, retained-obligation payments and scheduled principal precede distributions. Recurring financing fees are not determinable and are excluded rather than set to zero."
LED-O-ML-P-0018,data/phase5/processed/MONTHLY_LIQUIDITY_SCHEDULE.csv,monthly_liquidity,ML-P-0018,formula_calculated_forecast_output,,FY2027,,,165.082745553181875,formula_calculated_base_case,contains_owner_reviewed_phase5_testing_assumptions,Generated by scripts/phase5.py from the identified upstream inputs.,data/phase5/raw/MODEL_ASSUMPTIONS.csv,,"Monthly operating flows are equal one-third allocations of the governing quarter. Retained-obligation payment includes principal and interest; the liability proxy is not amortized. Mandatory interest, retained-obligation payments and scheduled principal precede distributions. Recurring financing fees are not determinable and are excluded rather than set to zero."
LED-O-ML-P-0019,data/phase5/processed/MONTHLY_LIQUIDITY_SCHEDULE.csv,monthly_liquidity,ML-P-0019,formula_calculated_forecast_output,,FY2027,,,163.27383600205125,formula_calculated_base_case,contains_owner_reviewed_phase5_testing_assumptions,Generated by scripts/phase5.py from the identified upstream inputs.,data/phase5/raw/MODEL_ASSUMPTIONS.csv,,"Monthly operating flows are equal one-third allocations of the governing quarter. Retained-obligation payment includes principal and interest; the liability proxy is not amortized. Mandatory interest, retained-obligation payments and scheduled principal precede distributions. Recurring financing fees are not determinable and are excluded rather than set to zero."
LED-O-ML-P-0020,data/phase5/processed/MONTHLY_LIQUIDITY_SCHEDULE.csv,monthly_liquidity,ML-P-0020,formula_calculated_forecast_output,,FY2027,,,163.27383600205125,formula_calculated_base_case,contains_owner_reviewed_phase5_testing_assumptions,Generated by scripts/phase5.py from the identified upstream inputs.,data/phase5/raw/MODEL_ASSUMPTIONS.csv,,"Monthly operating flows are equal one-third allocations of the governing quarter. Retained-obligation payment includes principal and interest; the liability proxy is not amortized. Mandatory interest, retained-obligation payments and scheduled principal precede distributions. Recurring financing fees are not determinable and are excluded rather than set to zero."
LED-O-ML-P-0021,data/phase5/processed/MONTHLY_LIQUIDITY_SCHEDULE.csv,monthly_liquidity,ML-P-0021,formula_calculated_forecast_output,,FY2027,,,163.27383600205125,formula_calculated_base_case,contains_owner_reviewed_phase5_testing_assumptions,Generated by scripts/phase5.py from the identified upstream inputs.,data/phase5/raw/MODEL_ASSUMPTIONS.csv,,"Monthly operating flows are equal one-third allocations of the governing quarter. Retained-obligation payment includes principal and interest; the liability proxy is not amortized. Mandatory interest, retained-obligation payments and scheduled principal precede distributions. Recurring financing fees are not determinable and are excluded rather than set to zero."
LED-O-ML-P-0022,data/phase5/processed/MONTHLY_LIQUIDITY_SCHEDULE.csv,monthly_liquidity,ML-P-0022,formula_calculated_forecast_output,,FY2028,,,133.3379991500254164375,formula_calculated_base_case,contains_owner_reviewed_phase5_testing_assumptions,Generated by scripts/phase5.py from the identified upstream inputs.,data/phase5/raw/MODEL_ASSUMPTIONS.csv,,"Monthly operating flows are equal one-third allocations of the governing quarter. Retained-obligation payment includes principal and interest; the liability proxy is not amortized. Mandatory interest, retained-obligation payments and scheduled principal precede distributions. Recurring financing fees are not determinable and are excluded rather than set to zero."
LED-O-ML-P-0023,data/phase5/processed/MONTHLY_LIQUIDITY_SCHEDULE.csv,monthly_liquidity,ML-P-0023,formula_calculated_forecast_output,,FY2028,,,133.3379991500254164375,formula_calculated_base_case,contains_owner_reviewed_phase5_testing_assumptions,Generated by scripts/phase5.py from the identified upstream inputs.,data/phase5/raw/MODEL_ASSUMPTIONS.csv,,"Monthly operating flows are equal one-third allocations of the governing quarter. Retained-obligation payment includes principal and interest; the liability proxy is not amortized. Mandatory interest, retained-obligation payments and scheduled principal precede distributions. Recurring financing fees are not determinable and are excluded rather than set to zero."
LED-O-ML-P-0024,data/phase5/processed/MONTHLY_LIQUIDITY_SCHEDULE.csv,monthly_liquidity,ML-P-0024,formula_calculated_forecast_output,,FY2028,,,133.3379991500254164375,formula_calculated_base_case,contains_owner_reviewed_phase5_testing_assumptions,Generated by scripts/phase5.py from the identified upstream inputs.,data/phase5/raw/MODEL_ASSUMPTIONS.csv,,"Monthly operating flows are equal one-third allocations of the governing quarter. Retained-obligation payment includes principal and interest; the liability proxy is not amortized. Mandatory interest, retained-obligation payments and scheduled principal precede distributions. Recurring financing fees are not determinable and are excluded rather than set to zero."
LED-O-WF-E-0001,data/phase5/processed/CASH_FLOW_WATERFALL.csv,cash_flow_waterfall,WF-E-0001,formula_calculated_forecast_output,,FY2026,,,452.46668805,formula_calculated_base_case,contains_owner_reviewed_phase5_testing_assumptions,Generated by scripts/phase5.py from the identified upstream inputs.,data/phase5/raw/MODEL_ASSUMPTIONS.csv,,Quarterly roll-up of the deterministic monthly debt and cash waterfall. The displayed cash-after-mandatory balance is the final month value; distribution attribution fields are quarterly sums.
LED-O-WF-E-0002,data/phase5/processed/CASH_FLOW_WATERFALL.csv,cash_flow_waterfall,WF-E-0002,formula_calculated_forecast_output,,FY2026,,,495.260618175,formula_calculated_base_case,contains_owner_reviewed_phase5_testing_assumptions,Generated by scripts/phase5.py from the identified upstream inputs.,data/phase5/raw/MODEL_ASSUMPTIONS.csv,,Quarterly roll-up of the deterministic monthly debt and cash waterfall. The displayed cash-after-mandatory balance is the final month value; distribution attribution fields are quarterly sums.
LED-O-WF-E-0003,data/phase5/processed/CASH_FLOW_WATERFALL.csv,cash_flow_waterfall,WF-E-0003,formula_calculated_forecast_output,,FY2026,,,489.83375385,formula_calculated_base_case,contains_owner_reviewed_phase5_testing_assumptions,Generated by scripts/phase5.py from the identified upstream inputs.,data/phase5/raw/MODEL_ASSUMPTIONS.csv,,Quarterly roll-up of the deterministic monthly debt and cash waterfall. The displayed cash-after-mandatory balance is the final month value; distribution attribution fields are quarterly sums.
LED-O-WF-E-0004,data/phase5/processed/CASH_FLOW_WATERFALL.csv,cash_flow_waterfall,WF-E-0004,formula_calculated_forecast_output,,FY2027,,,400.0239980500275,formula_calculated_base_case,contains_owner_reviewed_phase5_testing_assumptions,Generated by scripts/phase5.py from the identified upstream inputs.,data/phase5/raw/MODEL_ASSUMPTIONS.csv,,Quarterly roll-up of the deterministic monthly debt and cash waterfall. The displayed cash-after-mandatory balance is the final month value; distribution attribution fields are quarterly sums.
LED-O-WF-E-0005,data/phase5/processed/CASH_FLOW_WATERFALL.csv,cash_flow_waterfall,WF-E-0005,formula_calculated_forecast_output,,FY2027,,,452.45537638279875,formula_calculated_base_case,contains_owner_reviewed_phase5_testing_assumptions,Generated by scripts/phase5.py from the identified upstream inputs.,data/phase5/raw/MODEL_ASSUMPTIONS.csv,,Quarterly roll-up of the deterministic monthly debt and cash waterfall. The displayed cash-after-mandatory balance is the final month value; distribution attribution fields are quarterly sums.
LED-O-WF-E-0006,data/phase5/processed/CASH_FLOW_WATERFALL.csv,cash_flow_waterfall,WF-E-0006,formula_calculated_forecast_output,,FY2027,,,495.248236659545625,formula_calculated_base_case,contains_owner_reviewed_phase5_testing_assumptions,Generated by scripts/phase5.py from the identified upstream inputs.,data/phase5/raw/MODEL_ASSUMPTIONS.csv,,Quarterly roll-up of the deterministic monthly debt and cash waterfall. The displayed cash-after-mandatory balance is the final month value; distribution attribution fields are quarterly sums.
LED-O-WF-E-0007,data/phase5/processed/CASH_FLOW_WATERFALL.csv,cash_flow_waterfall,WF-E-0007,formula_calculated_forecast_output,,FY2027,,,489.82150800615375,formula_calculated_base_case,contains_owner_reviewed_phase5_testing_assumptions,Generated by scripts/phase5.py from the identified upstream inputs.,data/phase5/raw/MODEL_ASSUMPTIONS.csv,,Quarterly roll-up of the deterministic monthly debt and cash waterfall. The displayed cash-after-mandatory balance is the final month value; distribution attribution fields are quarterly sums.
LED-O-WF-E-0008,data/phase5/processed/CASH_FLOW_WATERFALL.csv,cash_flow_waterfall,WF-E-0008,formula_calculated_forecast_output,,FY2028,,,400.0139974500762493125,formula_calculated_base_case,contains_owner_reviewed_phase5_testing_assumptions,Generated by scripts/phase5.py from the identified upstream inputs.,data/phase5/raw/MODEL_ASSUMPTIONS.csv,,Quarterly roll-up of the deterministic monthly debt and cash waterfall. The displayed cash-after-mandatory balance is the final month value; distribution attribution fields are quarterly sums.
LED-O-WF-E-0009,data/phase5/processed/CASH_FLOW_WATERFALL.csv,cash_flow_waterfall,WF-E-0009,formula_calculated_forecast_output,,FY2028,,,452.44406499838918003125,formula_calculated_base_case,contains_owner_reviewed_phase5_testing_assumptions,Generated by scripts/phase5.py from the identified upstream inputs.,data/phase5/raw/MODEL_ASSUMPTIONS.csv,,Quarterly roll-up of the deterministic monthly debt and cash waterfall. The displayed cash-after-mandatory balance is the final month value; distribution attribution fields are quarterly sums.
LED-O-WF-E-0010,data/phase5/processed/CASH_FLOW_WATERFALL.csv,cash_flow_waterfall,WF-E-0010,formula_calculated_forecast_output,,FY2028,,,495.235855453629136359375,formula_calculated_base_case,contains_owner_reviewed_phase5_testing_assumptions,Generated by scripts/phase5.py from the identified upstream inputs.,data/phase5/raw/MODEL_ASSUMPTIONS.csv,,Quarterly roll-up of the deterministic monthly debt and cash waterfall. The displayed cash-after-mandatory balance is the final month value; distribution attribution fields are quarterly sums.
LED-O-WF-E-0011,data/phase5/processed/CASH_FLOW_WATERFALL.csv,cash_flow_waterfall,WF-E-0011,formula_calculated_forecast_output,,FY2028,,,489.80926246845359615625,formula_calculated_base_case,contains_owner_reviewed_phase5_testing_assumptions,Generated by scripts/phase5.py from the identified upstream inputs.,data/phase5/raw/MODEL_ASSUMPTIONS.csv,,Quarterly roll-up of the deterministic monthly debt and cash waterfall. The displayed cash-after-mandatory balance is the final month value; distribution attribution fields are quarterly sums.
LED-O-WF-E-0012,data/phase5/processed/CASH_FLOW_WATERFALL.csv,cash_flow_waterfall,WF-E-0012,formula_calculated_forecast_output,,FY2029,,,400.0039971001399974062671875,formula_calculated_base_case,contains_owner_reviewed_phase5_testing_assumptions,Generated by scripts/phase5.py from the identified upstream inputs.,data/phase5/raw/MODEL_ASSUMPTIONS.csv,,Quarterly roll-up of the deterministic monthly debt and cash waterfall. The displayed cash-after-mandatory balance is the final month value; distribution attribution fields are quarterly sums.
LED-O-WF-E-0013,data/phase5/processed/CASH_FLOW_WATERFALL.csv,cash_flow_waterfall,WF-E-0013,formula_calculated_forecast_output,,FY2029,,,452.4327538967642203017492189,formula_calculated_base_case,contains_owner_reviewed_phase5_testing_assumptions,Generated by scripts/phase5.py from the identified upstream inputs.,data/phase5/raw/MODEL_ASSUMPTIONS.csv,,Quarterly roll-up of the deterministic monthly debt and cash waterfall. The displayed cash-after-mandatory balance is the final month value; distribution attribution fields are quarterly sums.
LED-O-WF-E-0014,data/phase5/processed/CASH_FLOW_WATERFALL.csv,cash_flow_waterfall,WF-E-0014,formula_calculated_forecast_output,,FY2029,,,495.2234745572427956309660157,formula_calculated_base_case,contains_owner_reviewed_phase5_testing_assumptions,Generated by scripts/phase5.py from the identified upstream inputs.,data/phase5/raw/MODEL_ASSUMPTIONS.csv,,Quarterly roll-up of the deterministic monthly debt and cash waterfall. The displayed cash-after-mandatory balance is the final month value; distribution attribution fields are quarterly sums.
LED-O-WF-P-0015,data/phase5/processed/CASH_FLOW_WATERFALL.csv,cash_flow_waterfall,WF-P-0015,formula_calculated_forecast_output,,FY2026,,,452.46668805,formula_calculated_base_case,contains_owner_reviewed_phase5_testing_assumptions,Generated by scripts/phase5.py from the identified upstream inputs.,data/phase5/raw/MODEL_ASSUMPTIONS.csv,,Quarterly roll-up of the deterministic monthly debt and cash waterfall. The displayed cash-after-mandatory balance is the final month value; distribution attribution fields are quarterly sums.
LED-O-WF-P-0016,data/phase5/processed/CASH_FLOW_WATERFALL.csv,cash_flow_waterfall,WF-P-0016,formula_calculated_forecast_output,,FY2026,,,495.260618175,formula_calculated_base_case,contains_owner_reviewed_phase5_testing_assumptions,Generated by scripts/phase5.py from the identified upstream inputs.,data/phase5/raw/MODEL_ASSUMPTIONS.csv,,Quarterly roll-up of the deterministic monthly debt and cash waterfall. The displayed cash-after-mandatory balance is the final month value; distribution attribution fields are quarterly sums.
LED-O-WF-P-0017,data/phase5/processed/CASH_FLOW_WATERFALL.csv,cash_flow_waterfall,WF-P-0017,formula_calculated_forecast_output,,FY2026,,,489.83375385,formula_calculated_base_case,contains_owner_reviewed_phase5_testing_assumptions,Generated by scripts/phase5.py from the identified upstream inputs.,data/phase5/raw/MODEL_ASSUMPTIONS.csv,,Quarterly roll-up of the deterministic monthly debt and cash waterfall. The displayed cash-after-mandatory balance is the final month value; distribution attribution fields are quarterly sums.
LED-O-WF-P-0018,data/phase5/processed/CASH_FLOW_WATERFALL.csv,cash_flow_waterfall,WF-P-0018,formula_calculated_forecast_output,,FY2027,,,400.0239980500275,formula_calculated_base_case,contains_owner_reviewed_phase5_testing_assumptions,Generated by scripts/phase5.py from the identified upstream inputs.,data/phase5/raw/MODEL_ASSUMPTIONS.csv,,Quarterly roll-up of the deterministic monthly debt and cash waterfall. The displayed cash-after-mandatory balance is the final month value; distribution attribution fields are quarterly sums.
LED-O-WF-P-0019,data/phase5/processed/CASH_FLOW_WATERFALL.csv,cash_flow_waterfall,WF-P-0019,formula_calculated_forecast_output,,FY2027,,,452.45537638279875,formula_calculated_base_case,contains_owner_reviewed_phase5_testing_assumptions,Generated by scripts/phase5.py from the identified upstream inputs.,data/phase5/raw/MODEL_ASSUMPTIONS.csv,,Quarterly roll-up of the deterministic monthly debt and cash waterfall. The displayed cash-after-mandatory balance is the final month value; distribution attribution fields are quarterly sums.
LED-O-WF-P-0020,data/phase5/processed/CASH_FLOW_WATERFALL.csv,cash_flow_waterfall,WF-P-0020,formula_calculated_forecast_output,,FY2027,,,495.248236659545625,formula_calculated_base_case,contains_owner_reviewed_phase5_testing_assumptions,Generated by scripts/phase5.py from the identified upstream inputs.,data/phase5/raw/MODEL_ASSUMPTIONS.csv,,Quarterly roll-up of the deterministic monthly debt and cash waterfall. The displayed cash-after-mandatory balance is the final month value; distribution attribution fields are quarterly sums.
LED-O-WF-P-0021,data/phase5/processed/CASH_FLOW_WATERFALL.csv,cash_flow_waterfall,WF-P-0021,formula_calculated_forecast_output,,FY2027,,,489.82150800615375,formula_calculated_base_case,contains_owner_reviewed_phase5_testing_assumptions,Generated by scripts/phase5.py from the identified upstream inputs.,data/phase5/raw/MODEL_ASSUMPTIONS.csv,,Quarterly roll-up of the deterministic monthly debt and cash waterfall. The displayed cash-after-mandatory balance is the final month value; distribution attribution fields are quarterly sums.
LED-O-WF-P-0022,data/phase5/processed/CASH_FLOW_WATERFALL.csv,cash_flow_waterfall,WF-P-0022,formula_calculated_forecast_output,,FY2028,,,400.0139974500762493125,formula_calculated_base_case,contains_owner_reviewed_phase5_testing_assumptions,Generated by scripts/phase5.py from the identified upstream inputs.,data/phase5/raw/MODEL_ASSUMPTIONS.csv,,Quarterly roll-up of the deterministic monthly debt and cash waterfall. The displayed cash-after-mandatory balance is the final month value; distribution attribution fields are quarterly sums.
LED-O-WF-P-0023,data/phase5/processed/CASH_FLOW_WATERFALL.csv,cash_flow_waterfall,WF-P-0023,formula_calculated_forecast_output,,FY2028,,,452.44406499838918003125,formula_calculated_base_case,contains_owner_reviewed_phase5_testing_assumptions,Generated by scripts/phase5.py from the identified upstream inputs.,data/phase5/raw/MODEL_ASSUMPTIONS.csv,,Quarterly roll-up of the deterministic monthly debt and cash waterfall. The displayed cash-after-mandatory balance is the final month value; distribution attribution fields are quarterly sums.
LED-O-WF-P-0024,data/phase5/processed/CASH_FLOW_WATERFALL.csv,cash_flow_waterfall,WF-P-0024,formula_calculated_forecast_output,,FY2028,,,495.235855453629136359375,formula_calculated_base_case,contains_owner_reviewed_phase5_testing_assumptions,Generated by scripts/phase5.py from the identified upstream inputs.,data/phase5/raw/MODEL_ASSUMPTIONS.csv,,Quarterly roll-up of the deterministic monthly debt and cash waterfall. The displayed cash-after-mandatory balance is the final month value; distribution attribution fields are quarterly sums.
LED-O-WF-P-0025,data/phase5/processed/CASH_FLOW_WATERFALL.csv,cash_flow_waterfall,WF-P-0025,formula_calculated_forecast_output,,FY2028,,,489.80926246845359615625,formula_calculated_base_case,contains_owner_reviewed_phase5_testing_assumptions,Generated by scripts/phase5.py from the identified upstream inputs.,data/phase5/raw/MODEL_ASSUMPTIONS.csv,,Quarterly roll-up of the deterministic monthly debt and cash waterfall. The displayed cash-after-mandatory balance is the final month value; distribution attribution fields are quarterly sums.
LED-O-WF-P-0026,data/phase5/processed/CASH_FLOW_WATERFALL.csv,cash_flow_waterfall,WF-P-0026,formula_calculated_forecast_output,,FY2029,,,400.0039971001399974062671875,formula_calculated_base_case,contains_owner_reviewed_phase5_testing_assumptions,Generated by scripts/phase5.py from the identified upstream inputs.,data/phase5/raw/MODEL_ASSUMPTIONS.csv,,Quarterly roll-up of the deterministic monthly debt and cash waterfall. The displayed cash-after-mandatory balance is the final month value; distribution attribution fields are quarterly sums.
LED-O-WF-P-0027,data/phase5/processed/CASH_FLOW_WATERFALL.csv,cash_flow_waterfall,WF-P-0027,formula_calculated_forecast_output,,FY2029,,,452.4327538967642203017492189,formula_calculated_base_case,contains_owner_reviewed_phase5_testing_assumptions,Generated by scripts/phase5.py from the identified upstream inputs.,data/phase5/raw/MODEL_ASSUMPTIONS.csv,,Quarterly roll-up of the deterministic monthly debt and cash waterfall. The displayed cash-after-mandatory balance is the final month value; distribution attribution fields are quarterly sums.
LED-O-WF-P-0028,data/phase5/processed/CASH_FLOW_WATERFALL.csv,cash_flow_waterfall,WF-P-0028,formula_calculated_forecast_output,,FY2029,,,495.2234745572427956309660157,formula_calculated_base_case,contains_owner_reviewed_phase5_testing_assumptions,Generated by scripts/phase5.py from the identified upstream inputs.,data/phase5/raw/MODEL_ASSUMPTIONS.csv,,Quarterly roll-up of the deterministic monthly debt and cash waterfall. The displayed cash-after-mandatory balance is the final month value; distribution attribution fields are quarterly sums.
LED-O-WF-P-0029,data/phase5/processed/CASH_FLOW_WATERFALL.csv,cash_flow_waterfall,WF-P-0029,formula_calculated_forecast_output,,FY2029,,,489.7970172368918848163460939,formula_calculated_base_case,contains_owner_reviewed_phase5_testing_assumptions,Generated by scripts/phase5.py from the identified upstream inputs.,data/phase5/raw/MODEL_ASSUMPTIONS.csv,,Quarterly roll-up of the deterministic monthly debt and cash waterfall. The displayed cash-after-mandatory balance is the final month value; distribution attribution fields are quarterly sums.
LED-O-WF-P-0030,data/phase5/processed/CASH_FLOW_WATERFALL.csv,cash_flow_waterfall,WF-P-0030,formula_calculated_forecast_output,,FY2030,,,399.9939970002124939063320309,formula_calculated_base_case,contains_owner_reviewed_phase5_testing_assumptions,Generated by scripts/phase5.py from the identified upstream inputs.,data/phase5/raw/MODEL_ASSUMPTIONS.csv,,Quarterly roll-up of the deterministic monthly debt and cash waterfall. The displayed cash-after-mandatory balance is the final month value; distribution attribution fields are quarterly sums.
LED-O-WF-P-0031,data/phase5/processed/CASH_FLOW_WATERFALL.csv,cash_flow_waterfall,WF-P-0031,formula_calculated_forecast_output,,FY2030,,,452.4214430779168011962416752,formula_calculated_base_case,contains_owner_reviewed_phase5_testing_assumptions,Generated by scripts/phase5.py from the identified upstream inputs.,data/phase5/raw/MODEL_ASSUMPTIONS.csv,,Quarterly roll-up of the deterministic monthly debt and cash waterfall. The displayed cash-after-mandatory balance is the final month value; distribution attribution fields are quarterly sums.
LED-O-WF-P-0032,data/phase5/processed/CASH_FLOW_WATERFALL.csv,cash_flow_waterfall,WF-P-0032,formula_calculated_forecast_output,,FY2030,,,495.2110939703788645610752413,formula_calculated_base_case,contains_owner_reviewed_phase5_testing_assumptions,Generated by scripts/phase5.py from the identified upstream inputs.,data/phase5/raw/MODEL_ASSUMPTIONS.csv,,Quarterly roll-up of the deterministic monthly debt and cash waterfall. The displayed cash-after-mandatory balance is the final month value; distribution attribution fields are quarterly sums.
LED-O-WF-P-0033,data/phase5/processed/CASH_FLOW_WATERFALL.csv,cash_flow_waterfall,WF-P-0033,formula_calculated_forecast_output,,FY2030,,,489.7847723114609625192256851,formula_calculated_base_case,contains_owner_reviewed_phase5_testing_assumptions,Generated by scripts/phase5.py from the identified upstream inputs.,data/phase5/raw/MODEL_ASSUMPTIONS.csv,,Quarterly roll-up of the deterministic monthly debt and cash waterfall. The displayed cash-after-mandatory balance is the final month value; distribution attribution fields are quarterly sums.
LED-O-WF-P-0034,data/phase5/processed/CASH_FLOW_WATERFALL.csv,cash_flow_waterfall,WF-P-0034,formula_calculated_forecast_output,,FY2031,,,399.9839971502874885939843726,formula_calculated_base_case,contains_owner_reviewed_phase5_testing_assumptions,Generated by scripts/phase5.py from the identified upstream inputs.,data/phase5/raw/MODEL_ASSUMPTIONS.csv,,Quarterly roll-up of the deterministic monthly debt and cash waterfall. The displayed cash-after-mandatory balance is the final month value; distribution attribution fields are quarterly sums.
LED-O-DB-E-0001,data/phase5/processed/DEBT_SCHEDULE.csv,debt_schedule,DB-E-0001,formula_calculated_forecast_output,,FY2026,,,,formula_calculated_base_case,contains_owner_reviewed_phase5_testing_assumptions,Generated by scripts/phase5.py from the identified upstream inputs.,data/phase5/raw/MODEL_ASSUMPTIONS.csv,SRC-001;SRC-003,Retained finance-lease/other-debt balance stays at the October proxy because public undiscounted payments cannot be split between principal and interest. Gross debt is therefore a conservative diagnostic.
LED-O-DB-E-0002,data/phase5/processed/DEBT_SCHEDULE.csv,debt_schedule,DB-E-0002,formula_calculated_forecast_output,,FY2026,,,,formula_calculated_base_case,contains_owner_reviewed_phase5_testing_assumptions,Generated by scripts/phase5.py from the identified upstream inputs.,data/phase5/raw/MODEL_ASSUMPTIONS.csv,SRC-001;SRC-003,Retained finance-lease/other-debt balance stays at the October proxy because public undiscounted payments cannot be split between principal and interest. Gross debt is therefore a conservative diagnostic.
LED-O-DB-E-0003,data/phase5/processed/DEBT_SCHEDULE.csv,debt_schedule,DB-E-0003,formula_calculated_forecast_output,,FY2026,,,,formula_calculated_base_case,contains_owner_reviewed_phase5_testing_assumptions,Generated by scripts/phase5.py from the identified upstream inputs.,data/phase5/raw/MODEL_ASSUMPTIONS.csv,SRC-001;SRC-003,Retained finance-lease/other-debt balance stays at the October proxy because public undiscounted payments cannot be split between principal and interest. Gross debt is therefore a conservative diagnostic.
LED-O-DB-E-0004,data/phase5/processed/DEBT_SCHEDULE.csv,debt_schedule,DB-E-0004,formula_calculated_forecast_output,,FY2027,,,,formula_calculated_base_case,contains_owner_reviewed_phase5_testing_assumptions,Generated by scripts/phase5.py from the identified upstream inputs.,data/phase5/raw/MODEL_ASSUMPTIONS.csv,SRC-001;SRC-003,Retained finance-lease/other-debt balance stays at the October proxy because public undiscounted payments cannot be split between principal and interest. Gross debt is therefore a conservative diagnostic.
LED-O-DB-E-0005,data/phase5/processed/DEBT_SCHEDULE.csv,debt_schedule,DB-E-0005,formula_calculated_forecast_output,,FY2027,,,,formula_calculated_base_case,contains_owner_reviewed_phase5_testing_assumptions,Generated by scripts/phase5.py from the identified upstream inputs.,data/phase5/raw/MODEL_ASSUMPTIONS.csv,SRC-001;SRC-003,Retained finance-lease/other-debt balance stays at the October proxy because public undiscounted payments cannot be split between principal and interest. Gross debt is therefore a conservative diagnostic.
LED-O-DB-E-0006,data/phase5/processed/DEBT_SCHEDULE.csv,debt_schedule,DB-E-0006,formula_calculated_forecast_output,,FY2027,,,,formula_calculated_base_case,contains_owner_reviewed_phase5_testing_assumptions,Generated by scripts/phase5.py from the identified upstream inputs.,data/phase5/raw/MODEL_ASSUMPTIONS.csv,SRC-001;SRC-003,Retained finance-lease/other-debt balance stays at the October proxy because public undiscounted payments cannot be split between principal and interest. Gross debt is therefore a conservative diagnostic.
LED-O-DB-E-0007,data/phase5/processed/DEBT_SCHEDULE.csv,debt_schedule,DB-E-0007,formula_calculated_forecast_output,,FY2027,,,,formula_calculated_base_case,contains_owner_reviewed_phase5_testing_assumptions,Generated by scripts/phase5.py from the identified upstream inputs.,data/phase5/raw/MODEL_ASSUMPTIONS.csv,SRC-001;SRC-003,Retained finance-lease/other-debt balance stays at the October proxy because public undiscounted payments cannot be split between principal and interest. Gross debt is therefore a conservative diagnostic.
LED-O-DB-E-0008,data/phase5/processed/DEBT_SCHEDULE.csv,debt_schedule,DB-E-0008,formula_calculated_forecast_output,,FY2028,,,,formula_calculated_base_case,contains_owner_reviewed_phase5_testing_assumptions,Generated by scripts/phase5.py from the identified upstream inputs.,data/phase5/raw/MODEL_ASSUMPTIONS.csv,SRC-001;SRC-003,Retained finance-lease/other-debt balance stays at the October proxy because public undiscounted payments cannot be split between principal and interest. Gross debt is therefore a conservative diagnostic.
LED-O-DB-E-0009,data/phase5/processed/DEBT_SCHEDULE.csv,debt_schedule,DB-E-0009,formula_calculated_forecast_output,,FY2028,,,,formula_calculated_base_case,contains_owner_reviewed_phase5_testing_assumptions,Generated by scripts/phase5.py from the identified upstream inputs.,data/phase5/raw/MODEL_ASSUMPTIONS.csv,SRC-001;SRC-003,Retained finance-lease/other-debt balance stays at the October proxy because public undiscounted payments cannot be split between principal and interest. Gross debt is therefore a conservative diagnostic.
LED-O-DB-E-0010,data/phase5/processed/DEBT_SCHEDULE.csv,debt_schedule,DB-E-0010,formula_calculated_forecast_output,,FY2028,,,,formula_calculated_base_case,contains_owner_reviewed_phase5_testing_assumptions,Generated by scripts/phase5.py from the identified upstream inputs.,data/phase5/raw/MODEL_ASSUMPTIONS.csv,SRC-001;SRC-003,Retained finance-lease/other-debt balance stays at the October proxy because public undiscounted payments cannot be split between principal and interest. Gross debt is therefore a conservative diagnostic.
LED-O-DB-E-0011,data/phase5/processed/DEBT_SCHEDULE.csv,debt_schedule,DB-E-0011,formula_calculated_forecast_output,,FY2028,,,,formula_calculated_base_case,contains_owner_reviewed_phase5_testing_assumptions,Generated by scripts/phase5.py from the identified upstream inputs.,data/phase5/raw/MODEL_ASSUMPTIONS.csv,SRC-001;SRC-003,Retained finance-lease/other-debt balance stays at the October proxy because public undiscounted payments cannot be split between principal and interest. Gross debt is therefore a conservative diagnostic.
LED-O-DB-E-0012,data/phase5/processed/DEBT_SCHEDULE.csv,debt_schedule,DB-E-0012,formula_calculated_forecast_output,,FY2029,,,,formula_calculated_base_case,contains_owner_reviewed_phase5_testing_assumptions,Generated by scripts/phase5.py from the identified upstream inputs.,data/phase5/raw/MODEL_ASSUMPTIONS.csv,SRC-001;SRC-003,Retained finance-lease/other-debt balance stays at the October proxy because public undiscounted payments cannot be split between principal and interest. Gross debt is therefore a conservative diagnostic.
LED-O-DB-E-0013,data/phase5/processed/DEBT_SCHEDULE.csv,debt_schedule,DB-E-0013,formula_calculated_forecast_output,,FY2029,,,,formula_calculated_base_case,contains_owner_reviewed_phase5_testing_assumptions,Generated by scripts/phase5.py from the identified upstream inputs.,data/phase5/raw/MODEL_ASSUMPTIONS.csv,SRC-001;SRC-003,Retained finance-lease/other-debt balance stays at the October proxy because public undiscounted payments cannot be split between principal and interest. Gross debt is therefore a conservative diagnostic.
LED-O-DB-E-0014,data/phase5/processed/DEBT_SCHEDULE.csv,debt_schedule,DB-E-0014,formula_calculated_forecast_output,,FY2029,,,,formula_calculated_base_case,contains_owner_reviewed_phase5_testing_assumptions,Generated by scripts/phase5.py from the identified upstream inputs.,data/phase5/raw/MODEL_ASSUMPTIONS.csv,SRC-001;SRC-003,Retained finance-lease/other-debt balance stays at the October proxy because public undiscounted payments cannot be split between principal and interest. Gross debt is therefore a conservative diagnostic.
LED-O-DB-P-0015,data/phase5/processed/DEBT_SCHEDULE.csv,debt_schedule,DB-P-0015,formula_calculated_forecast_output,,FY2026,,,,formula_calculated_base_case,contains_owner_reviewed_phase5_testing_assumptions,Generated by scripts/phase5.py from the identified upstream inputs.,data/phase5/raw/MODEL_ASSUMPTIONS.csv,SRC-001;SRC-003,Retained finance-lease/other-debt balance stays at the October proxy because public undiscounted payments cannot be split between principal and interest. Gross debt is therefore a conservative diagnostic.
LED-O-DB-P-0016,data/phase5/processed/DEBT_SCHEDULE.csv,debt_schedule,DB-P-0016,formula_calculated_forecast_output,,FY2026,,,,formula_calculated_base_case,contains_owner_reviewed_phase5_testing_assumptions,Generated by scripts/phase5.py from the identified upstream inputs.,data/phase5/raw/MODEL_ASSUMPTIONS.csv,SRC-001;SRC-003,Retained finance-lease/other-debt balance stays at the October proxy because public undiscounted payments cannot be split between principal and interest. Gross debt is therefore a conservative diagnostic.
LED-O-DB-P-0017,data/phase5/processed/DEBT_SCHEDULE.csv,debt_schedule,DB-P-0017,formula_calculated_forecast_output,,FY2026,,,,formula_calculated_base_case,contains_owner_reviewed_phase5_testing_assumptions,Generated by scripts/phase5.py from the identified upstream inputs.,data/phase5/raw/MODEL_ASSUMPTIONS.csv,SRC-001;SRC-003,Retained finance-lease/other-debt balance stays at the October proxy because public undiscounted payments cannot be split between principal and interest. Gross debt is therefore a conservative diagnostic.
LED-O-DB-P-0018,data/phase5/processed/DEBT_SCHEDULE.csv,debt_schedule,DB-P-0018,formula_calculated_forecast_output,,FY2027,,,,formula_calculated_base_case,contains_owner_reviewed_phase5_testing_assumptions,Generated by scripts/phase5.py from the identified upstream inputs.,data/phase5/raw/MODEL_ASSUMPTIONS.csv,SRC-001;SRC-003,Retained finance-lease/other-debt balance stays at the October proxy because public undiscounted payments cannot be split between principal and interest. Gross debt is therefore a conservative diagnostic.
LED-O-DB-P-0019,data/phase5/processed/DEBT_SCHEDULE.csv,debt_schedule,DB-P-0019,formula_calculated_forecast_output,,FY2027,,,,formula_calculated_base_case,contains_owner_reviewed_phase5_testing_assumptions,Generated by scripts/phase5.py from the identified upstream inputs.,data/phase5/raw/MODEL_ASSUMPTIONS.csv,SRC-001;SRC-003,Retained finance-lease/other-debt balance stays at the October proxy because public undiscounted payments cannot be split between principal and interest. Gross debt is therefore a conservative diagnostic.
LED-O-DB-P-0020,data/phase5/processed/DEBT_SCHEDULE.csv,debt_schedule,DB-P-0020,formula_calculated_forecast_output,,FY2027,,,,formula_calculated_base_case,contains_owner_reviewed_phase5_testing_assumptions,Generated by scripts/phase5.py from the identified upstream inputs.,data/phase5/raw/MODEL_ASSUMPTIONS.csv,SRC-001;SRC-003,Retained finance-lease/other-debt balance stays at the October proxy because public undiscounted payments cannot be split between principal and interest. Gross debt is therefore a conservative diagnostic.
LED-O-DB-P-0021,data/phase5/processed/DEBT_SCHEDULE.csv,debt_schedule,DB-P-0021,formula_calculated_forecast_output,,FY2027,,,,formula_calculated_base_case,contains_owner_reviewed_phase5_testing_assumptions,Generated by scripts/phase5.py from the identified upstream inputs.,data/phase5/raw/MODEL_ASSUMPTIONS.csv,SRC-001;SRC-003,Retained finance-lease/other-debt balance stays at the October proxy because public undiscounted payments cannot be split between principal and interest. Gross debt is therefore a conservative diagnostic.
LED-O-DB-P-0022,data/phase5/processed/DEBT_SCHEDULE.csv,debt_schedule,DB-P-0022,formula_calculated_forecast_output,,FY2028,,,,formula_calculated_base_case,contains_owner_reviewed_phase5_testing_assumptions,Generated by scripts/phase5.py from the identified upstream inputs.,data/phase5/raw/MODEL_ASSUMPTIONS.csv,SRC-001;SRC-003,Retained finance-lease/other-debt balance stays at the October proxy because public undiscounted payments cannot be split between principal and interest. Gross debt is therefore a conservative diagnostic.
LED-O-DB-P-0023,data/phase5/processed/DEBT_SCHEDULE.csv,debt_schedule,DB-P-0023,formula_calculated_forecast_output,,FY2028,,,,formula_calculated_base_case,contains_owner_reviewed_phase5_testing_assumptions,Generated by scripts/phase5.py from the identified upstream inputs.,data/phase5/raw/MODEL_ASSUMPTIONS.csv,SRC-001;SRC-003,Retained finance-lease/other-debt balance stays at the October proxy because public undiscounted payments cannot be split between principal and interest. Gross debt is therefore a conservative diagnostic.
LED-O-DB-P-0024,data/phase5/processed/DEBT_SCHEDULE.csv,debt_schedule,DB-P-0024,formula_calculated_forecast_output,,FY2028,,,,formula_calculated_base_case,contains_owner_reviewed_phase5_testing_assumptions,Generated by scripts/phase5.py from the identified upstream inputs.,data/phase5/raw/MODEL_ASSUMPTIONS.csv,SRC-001;SRC-003,Retained finance-lease/other-debt balance stays at the October proxy because public undiscounted payments cannot be split between principal and interest. Gross debt is therefore a conservative diagnostic.
LED-O-DB-P-0025,data/phase5/processed/DEBT_SCHEDULE.csv,debt_schedule,DB-P-0025,formula_calculated_forecast_output,,FY2028,,,,formula_calculated_base_case,contains_owner_reviewed_phase5_testing_assumptions,Generated by scripts/phase5.py from the identified upstream inputs.,data/phase5/raw/MODEL_ASSUMPTIONS.csv,SRC-001;SRC-003,Retained finance-lease/other-debt balance stays at the October proxy because public undiscounted payments cannot be split between principal and interest. Gross debt is therefore a conservative diagnostic.
LED-O-DB-P-0026,data/phase5/processed/DEBT_SCHEDULE.csv,debt_schedule,DB-P-0026,formula_calculated_forecast_output,,FY2029,,,,formula_calculated_base_case,contains_owner_reviewed_phase5_testing_assumptions,Generated by scripts/phase5.py from the identified upstream inputs.,data/phase5/raw/MODEL_ASSUMPTIONS.csv,SRC-001;SRC-003,Retained finance-lease/other-debt balance stays at the October proxy because public undiscounted payments cannot be split between principal and interest. Gross debt is therefore a conservative diagnostic.
LED-O-DB-P-0027,data/phase5/processed/DEBT_SCHEDULE.csv,debt_schedule,DB-P-0027,formula_calculated_forecast_output,,FY2029,,,,formula_calculated_base_case,contains_owner_reviewed_phase5_testing_assumptions,Generated by scripts/phase5.py from the identified upstream inputs.,data/phase5/raw/MODEL_ASSUMPTIONS.csv,SRC-001;SRC-003,Retained finance-lease/other-debt balance stays at the October proxy because public undiscounted payments cannot be split between principal and interest. Gross debt is therefore a conservative diagnostic.
LED-O-DB-P-0028,data/phase5/processed/DEBT_SCHEDULE.csv,debt_schedule,DB-P-0028,formula_calculated_forecast_output,,FY2029,,,,formula_calculated_base_case,contains_owner_reviewed_phase5_testing_assumptions,Generated by scripts/phase5.py from the identified upstream inputs.,data/phase5/raw/MODEL_ASSUMPTIONS.csv,SRC-001;SRC-003,Retained finance-lease/other-debt balance stays at the October proxy because public undiscounted payments cannot be split between principal and interest. Gross debt is therefore a conservative diagnostic.
LED-O-DB-P-0029,data/phase5/processed/DEBT_SCHEDULE.csv,debt_schedule,DB-P-0029,formula_calculated_forecast_output,,FY2029,,,,formula_calculated_base_case,contains_owner_reviewed_phase5_testing_assumptions,Generated by scripts/phase5.py from the identified upstream inputs.,data/phase5/raw/MODEL_ASSUMPTIONS.csv,SRC-001;SRC-003,Retained finance-lease/other-debt balance stays at the October proxy because public undiscounted payments cannot be split between principal and interest. Gross debt is therefore a conservative diagnostic.
LED-O-DB-P-0030,data/phase5/processed/DEBT_SCHEDULE.csv,debt_schedule,DB-P-0030,formula_calculated_forecast_output,,FY2030,,,,formula_calculated_base_case,contains_owner_reviewed_phase5_testing_assumptions,Generated by scripts/phase5.py from the identified upstream inputs.,data/phase5/raw/MODEL_ASSUMPTIONS.csv,SRC-001;SRC-003,Retained finance-lease/other-debt balance stays at the October proxy because public undiscounted payments cannot be split between principal and interest. Gross debt is therefore a conservative diagnostic.
LED-O-DB-P-0031,data/phase5/processed/DEBT_SCHEDULE.csv,debt_schedule,DB-P-0031,formula_calculated_forecast_output,,FY2030,,,,formula_calculated_base_case,contains_owner_reviewed_phase5_testing_assumptions,Generated by scripts/phase5.py from the identified upstream inputs.,data/phase5/raw/MODEL_ASSUMPTIONS.csv,SRC-001;SRC-003,Retained finance-lease/other-debt balance stays at the October proxy because public undiscounted payments cannot be split between principal and interest. Gross debt is therefore a conservative diagnostic.
LED-O-DB-P-0032,data/phase5/processed/DEBT_SCHEDULE.csv,debt_schedule,DB-P-0032,formula_calculated_forecast_output,,FY2030,,,,formula_calculated_base_case,contains_owner_reviewed_phase5_testing_assumptions,Generated by scripts/phase5.py from the identified upstream inputs.,data/phase5/raw/MODEL_ASSUMPTIONS.csv,SRC-001;SRC-003,Retained finance-lease/other-debt balance stays at the October proxy because public undiscounted payments cannot be split between principal and interest. Gross debt is therefore a conservative diagnostic.
LED-O-DB-P-0033,data/phase5/processed/DEBT_SCHEDULE.csv,debt_schedule,DB-P-0033,formula_calculated_forecast_output,,FY2030,,,,formula_calculated_base_case,contains_owner_reviewed_phase5_testing_assumptions,Generated by scripts/phase5.py from the identified upstream inputs.,data/phase5/raw/MODEL_ASSUMPTIONS.csv,SRC-001;SRC-003,Retained finance-lease/other-debt balance stays at the October proxy because public undiscounted payments cannot be split between principal and interest. Gross debt is therefore a conservative diagnostic.
LED-O-DB-P-0034,data/phase5/processed/DEBT_SCHEDULE.csv,debt_schedule,DB-P-0034,formula_calculated_forecast_output,,FY2031,,,,formula_calculated_base_case,contains_owner_reviewed_phase5_testing_assumptions,Generated by scripts/phase5.py from the identified upstream inputs.,data/phase5/raw/MODEL_ASSUMPTIONS.csv,SRC-001;SRC-003,Retained finance-lease/other-debt balance stays at the October proxy because public undiscounted payments cannot be split between principal and interest. Gross debt is therefore a conservative diagnostic.
LED-O-CM-0001,data/phase5/processed/BASE_CASE_CREDIT_METRICS.csv,credit_metric,CM-0001,formula_calculated_forecast_output,,FY2026,USD_millions,,1437.561060075,formula_calculated_credit_metric,contains_owner_reviewed_phase5_testing_assumptions,Sum modeled-quarter revenue.,data/phase5/raw/MODEL_ASSUMPTIONS.csv,SRC-001;SRC-003,Sum modeled-quarter revenue.
LED-O-CM-0002,data/phase5/processed/BASE_CASE_CREDIT_METRICS.csv,credit_metric,CM-0002,formula_calculated_forecast_output,,FY2026,USD_millions,,190.2486370271889141942985599,formula_calculated_credit_metric,contains_owner_reviewed_phase5_testing_assumptions,Sum formula-calculated lender-base EBITDA; no top-down EBITDA growth.,data/phase5/raw/MODEL_ASSUMPTIONS.csv,SRC-001;SRC-003,Sum formula-calculated lender-base EBITDA; no top-down EBITDA growth.
LED-O-CM-0003,data/phase5/processed/BASE_CASE_CREDIT_METRICS.csv,credit_metric,CM-0003,formula_calculated_forecast_output,,FY2026,percent,,13.23412565287928152106729287,formula_calculated_credit_metric,contains_owner_reviewed_phase5_testing_assumptions,EBITDA / revenue.,data/phase5/raw/MODEL_ASSUMPTIONS.csv,SRC-001;SRC-003,EBITDA / revenue.
LED-O-CM-0004,data/phase5/processed/BASE_CASE_CREDIT_METRICS.csv,credit_metric,CM-0004,formula_calculated_forecast_output,,FY2026,USD_millions,,-27.33136245836175354857463998,formula_calculated_credit_metric,contains_owner_reviewed_phase5_testing_assumptions,Negative cash use.,data/phase5/raw/MODEL_ASSUMPTIONS.csv,SRC-001;SRC-003,Negative cash use.
LED-O-CM-0005,data/phase5/processed/BASE_CASE_CREDIT_METRICS.csv,credit_metric,CM-0005,formula_calculated_forecast_output,,FY2026,USD_millions,,-0.2357355380811638989187433,formula_calculated_credit_metric,contains_owner_reviewed_phase5_testing_assumptions,Positive is cash contribution; negative is use.,data/phase5/raw/MODEL_ASSUMPTIONS.csv,SRC-001;SRC-003,Positive is cash contribution; negative is use.
LED-O-CM-0006,data/phase5/processed/BASE_CASE_CREDIT_METRICS.csv,credit_metric,CM-0006,formula_calculated_forecast_output,,FY2026,USD_millions,,-50.314637102625,formula_calculated_credit_metric,contains_owner_reviewed_phase5_testing_assumptions,Negative cash use.,data/phase5/raw/MODEL_ASSUMPTIONS.csv,SRC-001;SRC-003,Negative cash use.
LED-O-CM-0007,data/phase5/processed/BASE_CASE_CREDIT_METRICS.csv,credit_metric,CM-0007,formula_calculated_forecast_output,,FY2026,USD_millions,,111.6669019281209967468051766,formula_calculated_credit_metric,contains_owner_reviewed_phase5_testing_assumptions,"EBITDA less modeled taxes, capex, working-capital investment and identified cash uses.",data/phase5/raw/MODEL_ASSUMPTIONS.csv,SRC-001;SRC-003,"EBITDA less modeled taxes, capex, working-capital investment and identified cash uses."
LED-O-CM-0008,data/phase5/processed/BASE_CASE_CREDIT_METRICS.csv,credit_metric,CM-0008,formula_calculated_forecast_output,,FY2026,USD_millions,,-31.56751134489467701431921005,formula_calculated_credit_metric,contains_owner_reviewed_phase5_testing_assumptions,Negative cash use based on modeled average debt.,data/phase5/raw/MODEL_ASSUMPTIONS.csv,SRC-001;SRC-003,Negative cash use based on modeled average debt.
LED-O-CM-0009,data/phase5/processed/BASE_CASE_CREDIT_METRICS.csv,credit_metric,CM-0009,formula_calculated_forecast_output,,FY2026,USD_millions,,130.4140276858513197324859666,formula_calculated_credit_metric,contains_owner_reviewed_phase5_testing_assumptions,"EBITDA less cash taxes, working-capital investment, other operating uses and cash interest; not an official GAAP forecast.",data/phase5/raw/MODEL_ASSUMPTIONS.csv,SRC-001;SRC-003,"EBITDA less cash taxes, working-capital investment, other operating uses and cash interest; not an official GAAP forecast."
LED-O-CM-0010,data/phase5/processed/BASE_CASE_CREDIT_METRICS.csv,credit_metric,CM-0010,formula_calculated_forecast_output,,FY2026,USD_millions,,80.0993905832263197324859666,formula_calculated_credit_metric,contains_owner_reviewed_phase5_testing_assumptions,Modeled CFO proxy less capital expenditures.,data/phase5/raw/MODEL_ASSUMPTIONS.csv,SRC-001;SRC-003,Modeled CFO proxy less capital expenditures.
LED-O-CM-0011,data/phase5/processed/BASE_CASE_CREDIT_METRICS.csv,credit_metric,CM-0011,formula_calculated_forecast_output,,FY2026,USD_millions,,18.75,formula_calculated_credit_metric,contains_owner_reviewed_phase5_testing_assumptions,Required term principal paid in modeled periods.,data/phase5/raw/MODEL_ASSUMPTIONS.csv,SRC-001;SRC-003,Required term principal paid in modeled periods.
LED-O-CM-0012,data/phase5/processed/BASE_CASE_CREDIT_METRICS.csv,credit_metric,CM-0012,formula_calculated_forecast_output,,FY2026,USD_millions,,0,formula_calculated_credit_metric,contains_owner_reviewed_phase5_testing_assumptions,Provisional annual term sweep after revolver repayment.,data/phase5/raw/MODEL_ASSUMPTIONS.csv,SRC-001;SRC-003,Provisional annual term sweep after revolver repayment.
LED-O-CM-0013,data/phase5/processed/BASE_CASE_CREDIT_METRICS.csv,credit_metric,CM-0013,formula_calculated_forecast_output,,FY2026,USD_millions,,-10.875,formula_calculated_credit_metric,contains_owner_reviewed_phase5_testing_assumptions,Negative cash use.,data/phase5/raw/MODEL_ASSUMPTIONS.csv,SRC-001;SRC-003,Negative cash use.
LED-O-CM-0014,data/phase5/processed/BASE_CASE_CREDIT_METRICS.csv,credit_metric,CM-0014,formula_calculated_forecast_output,,FY2026,USD_millions,,-3.75,formula_calculated_credit_metric,contains_owner_reviewed_phase5_testing_assumptions,Negative cash use.,data/phase5/raw/MODEL_ASSUMPTIONS.csv,SRC-001;SRC-003,Negative cash use.
LED-O-CM-0015,data/phase5/processed/BASE_CASE_CREDIT_METRICS.csv,credit_metric,CM-0015,formula_calculated_forecast_output,,FY2026,USD_millions,,610.6865781667736802675140334,formula_calculated_credit_metric,contains_owner_reviewed_phase5_testing_assumptions,Term plus revolver principal after modeled payments.,data/phase5/raw/MODEL_ASSUMPTIONS.csv,SRC-001;SRC-003,Term plus revolver principal after modeled payments.
LED-O-CM-0016,data/phase5/processed/BASE_CASE_CREDIT_METRICS.csv,credit_metric,CM-0016,formula_calculated_forecast_output,,FY2026,USD_millions,,673.3055781667736802675140334,formula_calculated_credit_metric,contains_owner_reviewed_phase5_testing_assumptions,Bank principal plus conservative retained debt opening proxy.,data/phase5/raw/MODEL_ASSUMPTIONS.csv,SRC-001;SRC-003,Bank principal plus conservative retained debt opening proxy.
LED-O-CM-0017,data/phase5/processed/BASE_CASE_CREDIT_METRICS.csv,credit_metric,CM-0017,formula_calculated_forecast_output,,FY2026,USD_millions,,673.3055781667736802675140334,formula_calculated_credit_metric,contains_owner_reviewed_phase5_testing_assumptions,Gross debt less modeled cash above the operating floor only.,data/phase5/raw/MODEL_ASSUMPTIONS.csv,SRC-001;SRC-003,Gross debt less modeled cash above the operating floor only.
LED-O-CM-0018,data/phase5/processed/BASE_CASE_CREDIT_METRICS.csv,credit_metric,CM-0018,formula_calculated_forecast_output,,FY2026,USD_millions,,261.40228125,formula_calculated_credit_metric,contains_owner_reviewed_phase5_testing_assumptions,Minimum quarter-observed capacity after LCs.,data/phase5/raw/MODEL_ASSUMPTIONS.csv,SRC-001;SRC-003,Minimum quarter-observed capacity after LCs.
LED-O-CM-0019,data/phase5/processed/BASE_CASE_CREDIT_METRICS.csv,credit_metric,CM-0019,formula_calculated_forecast_output,,FY2026,USD_millions,,261.40228125,formula_calculated_credit_metric,contains_owner_reviewed_phase5_testing_assumptions,Cash above floor plus available revolver; not contractual liquidity.,data/phase5/raw/MODEL_ASSUMPTIONS.csv,SRC-001;SRC-003,Cash above floor plus available revolver; not contractual liquidity.
LED-O-CM-0020,data/phase5/processed/BASE_CASE_CREDIT_METRICS.csv,credit_metric,CM-0020,formula_calculated_forecast_output,,FY2026,USD_millions,,207.39771875,formula_calculated_credit_metric,contains_owner_reviewed_phase5_testing_assumptions,Maximum ending monthly revolver balance.,data/phase5/raw/MODEL_ASSUMPTIONS.csv,SRC-001;SRC-003,Maximum ending monthly revolver balance.
LED-O-CM-0021,data/phase5/processed/BASE_CASE_CREDIT_METRICS.csv,credit_metric,CM-0021,formula_calculated_forecast_output,,FY2026,USD_millions,,0,formula_calculated_credit_metric,contains_owner_reviewed_phase5_testing_assumptions,Debt due at maturity not covered by modeled cash above floor.,data/phase5/raw/MODEL_ASSUMPTIONS.csv,SRC-001;SRC-003,Debt due at maturity not covered by modeled cash above floor.
LED-O-CM-0022,data/phase5/processed/BASE_CASE_CREDIT_METRICS.csv,credit_metric,CM-0022,formula_calculated_forecast_output,,FY2026,USD_millions,,,formula_calculated_credit_metric,contains_owner_reviewed_phase5_testing_assumptions,"Proposed unused-commitment, LC and fronting fees are unavailable.",data/phase5/raw/MODEL_ASSUMPTIONS.csv,SRC-001;SRC-003,Excluded rather than entered as zero; modeled cash flow and liquidity are before these fees.
LED-O-CM-0023,data/phase5/processed/BASE_CASE_CREDIT_METRICS.csv,credit_metric,CM-0023,formula_calculated_forecast_output,,FY2026,turns,,3.539082269853790732313608829,formula_calculated_credit_metric,contains_owner_reviewed_phase5_testing_assumptions,Ending gross funded debt / same-coverage EBITDA.,data/phase5/raw/MODEL_ASSUMPTIONS.csv,SRC-001;SRC-003,Ending gross funded debt / same-coverage EBITDA.
LED-O-CM-0024,data/phase5/processed/BASE_CASE_CREDIT_METRICS.csv,credit_metric,CM-0024,formula_calculated_forecast_output,,FY2026,turns,,3.539082269853790732313608829,formula_calculated_credit_metric,contains_owner_reviewed_phase5_testing_assumptions,Book-cash diagnostic only; not covenant or lender net leverage.,data/phase5/raw/MODEL_ASSUMPTIONS.csv,SRC-001;SRC-003,Book-cash diagnostic only; not covenant or lender net leverage.
LED-O-CM-0025,data/phase5/processed/BASE_CASE_CREDIT_METRICS.csv,credit_metric,CM-0025,formula_calculated_forecast_output,,FY2026,turns,,6.026722694374109414685005352,formula_calculated_credit_metric,contains_owner_reviewed_phase5_testing_assumptions,Modeled EBITDA / modeled bank cash interest.,data/phase5/raw/MODEL_ASSUMPTIONS.csv,SRC-001;SRC-003,Modeled EBITDA / modeled bank cash interest.
LED-O-CM-0026,data/phase5/processed/BASE_CASE_CREDIT_METRICS.csv,credit_metric,CM-0026,formula_calculated_forecast_output,,FY2026,turns,,3.537399597582802935204540188,formula_calculated_credit_metric,contains_owner_reviewed_phase5_testing_assumptions,CFADS before cash interest / modeled bank cash interest.,data/phase5/raw/MODEL_ASSUMPTIONS.csv,SRC-001;SRC-003,CFADS before cash interest / modeled bank cash interest.
LED-O-CM-0027,data/phase5/processed/BASE_CASE_CREDIT_METRICS.csv,credit_metric,CM-0027,formula_calculated_forecast_output,,FY2026,turns,,1.9735842939164830097627449,formula_calculated_credit_metric,contains_owner_reviewed_phase5_testing_assumptions,"CFADS before interest / bank interest, scheduled term principal and retained-obligation payments.",data/phase5/raw/MODEL_ASSUMPTIONS.csv,SRC-001;SRC-003,"CFADS before interest / bank interest, scheduled term principal and retained-obligation payments."
LED-O-CM-0028,data/phase5/processed/BASE_CASE_CREDIT_METRICS.csv,credit_metric,CM-0028,formula_calculated_forecast_output,,FY2026,turns,,0.1936921836306969692583528467,formula_calculated_credit_metric,contains_owner_reviewed_phase5_testing_assumptions,Modeled CFO proxy / ending gross funded debt.,data/phase5/raw/MODEL_ASSUMPTIONS.csv,SRC-001;SRC-003,Modeled CFO proxy / ending gross funded debt.
LED-O-CM-0029,data/phase5/processed/BASE_CASE_CREDIT_METRICS.csv,credit_metric,CM-0029,formula_calculated_forecast_output,,FY2026,turns,,0.118964394742302565330172968,formula_calculated_credit_metric,contains_owner_reviewed_phase5_testing_assumptions,Modeled FCF proxy / ending gross funded debt.,data/phase5/raw/MODEL_ASSUMPTIONS.csv,SRC-001;SRC-003,Modeled FCF proxy / ending gross funded debt.
LED-O-CM-0030,data/phase5/processed/BASE_CASE_CREDIT_METRICS.csv,credit_metric,CM-0030,formula_calculated_forecast_output,,FY2027,USD_millions,,1837.549119098525625,formula_calculated_credit_metric,contains_owner_reviewed_phase5_testing_assumptions,Sum modeled-quarter revenue.,data/phase5/raw/MODEL_ASSUMPTIONS.csv,SRC-001;SRC-003,Sum modeled-quarter revenue.
LED-O-CM-0031,data/phase5/processed/BASE_CASE_CREDIT_METRICS.csv,credit_metric,CM-0031,formula_calculated_forecast_output,,FY2027,USD_millions,,222.268103897038561074375,formula_calculated_credit_metric,contains_owner_reviewed_phase5_testing_assumptions,Sum formula-calculated lender-base EBITDA; no top-down EBITDA growth.,data/phase5/raw/MODEL_ASSUMPTIONS.csv,SRC-001;SRC-003,Sum formula-calculated lender-base EBITDA; no top-down EBITDA growth.
LED-O-CM-0032,data/phase5/processed/BASE_CASE_CREDIT_METRICS.csv,credit_metric,CM-0032,formula_calculated_forecast_output,,FY2027,percent,,12.0959,formula_calculated_credit_metric,contains_owner_reviewed_phase5_testing_assumptions,EBITDA / revenue.,data/phase5/raw/MODEL_ASSUMPTIONS.csv,SRC-001;SRC-003,EBITDA / revenue.
LED-O-CM-0033,data/phase5/processed/BASE_CASE_CREDIT_METRICS.csv,credit_metric,CM-0033,formula_calculated_forecast_output,,FY2027,USD_millions,,-29.70719722118608914796875,formula_calculated_credit_metric,contains_owner_reviewed_phase5_testing_assumptions,Negative cash use.,data/phase5/raw/MODEL_ASSUMPTIONS.csv,SRC-001;SRC-003,Negative cash use.
LED-O-CM-0034,data/phase5/processed/BASE_CASE_CREDIT_METRICS.csv,credit_metric,CM-0034,formula_calculated_forecast_output,,FY2027,USD_millions,,0.006817535099935976732363,formula_calculated_credit_metric,contains_owner_reviewed_phase5_testing_assumptions,Positive is cash contribution; negative is use.,data/phase5/raw/MODEL_ASSUMPTIONS.csv,SRC-001;SRC-003,Positive is cash contribution; negative is use.
LED-O-CM-0035,data/phase5/processed/BASE_CASE_CREDIT_METRICS.csv,credit_metric,CM-0035,formula_calculated_forecast_output,,FY2027,USD_millions,,-64.314219168448396875,formula_calculated_credit_metric,contains_owner_reviewed_phase5_testing_assumptions,Negative cash use.,data/phase5/raw/MODEL_ASSUMPTIONS.csv,SRC-001;SRC-003,Negative cash use.
LED-O-CM-0036,data/phase5/processed/BASE_CASE_CREDIT_METRICS.csv,credit_metric,CM-0036,formula_calculated_forecast_output,,FY2027,USD_millions,,128.253505042504011028138613,formula_calculated_credit_metric,contains_owner_reviewed_phase5_testing_assumptions,"EBITDA less modeled taxes, capex, working-capital investment and identified cash uses.",data/phase5/raw/MODEL_ASSUMPTIONS.csv,SRC-001;SRC-003,"EBITDA less modeled taxes, capex, working-capital investment and identified cash uses."
LED-O-CM-0037,data/phase5/processed/BASE_CASE_CREDIT_METRICS.csv,credit_metric,CM-0037,formula_calculated_forecast_output,,FY2027,USD_millions,,-38.6409625520181960486939916,formula_calculated_credit_metric,contains_owner_reviewed_phase5_testing_assumptions,Negative cash use based on modeled average debt.,data/phase5/raw/MODEL_ASSUMPTIONS.csv,SRC-001;SRC-003,Negative cash use based on modeled average debt.
LED-O-CM-0038,data/phase5/processed/BASE_CASE_CREDIT_METRICS.csv,credit_metric,CM-0038,formula_calculated_forecast_output,,FY2027,USD_millions,,153.9267616589342118544446213,formula_calculated_credit_metric,contains_owner_reviewed_phase5_testing_assumptions,"EBITDA less cash taxes, working-capital investment, other operating uses and cash interest; not an official GAAP forecast.",data/phase5/raw/MODEL_ASSUMPTIONS.csv,SRC-001;SRC-003,"EBITDA less cash taxes, working-capital investment, other operating uses and cash interest; not an official GAAP forecast."
LED-O-CM-0039,data/phase5/processed/BASE_CASE_CREDIT_METRICS.csv,credit_metric,CM-0039,formula_calculated_forecast_output,,FY2027,USD_millions,,89.61254249048581497944462138,formula_calculated_credit_metric,contains_owner_reviewed_phase5_testing_assumptions,Modeled CFO proxy less capital expenditures.,data/phase5/raw/MODEL_ASSUMPTIONS.csv,SRC-001;SRC-003,Modeled CFO proxy less capital expenditures.
LED-O-CM-0040,data/phase5/processed/BASE_CASE_CREDIT_METRICS.csv,credit_metric,CM-0040,formula_calculated_forecast_output,,FY2027,USD_millions,,25,formula_calculated_credit_metric,contains_owner_reviewed_phase5_testing_assumptions,Required term principal paid in modeled periods.,data/phase5/raw/MODEL_ASSUMPTIONS.csv,SRC-001;SRC-003,Required term principal paid in modeled periods.
LED-O-CM-0041,data/phase5/processed/BASE_CASE_CREDIT_METRICS.csv,credit_metric,CM-0041,formula_calculated_forecast_output,,FY2027,USD_millions,,0,formula_calculated_credit_metric,contains_owner_reviewed_phase5_testing_assumptions,Provisional annual term sweep after revolver repayment.,data/phase5/raw/MODEL_ASSUMPTIONS.csv,SRC-001;SRC-003,Provisional annual term sweep after revolver repayment.
LED-O-CM-0042,data/phase5/processed/BASE_CASE_CREDIT_METRICS.csv,credit_metric,CM-0042,formula_calculated_forecast_output,,FY2027,USD_millions,,-14.5,formula_calculated_credit_metric,contains_owner_reviewed_phase5_testing_assumptions,Negative cash use.,data/phase5/raw/MODEL_ASSUMPTIONS.csv,SRC-001;SRC-003,Negative cash use.
LED-O-CM-0043,data/phase5/processed/BASE_CASE_CREDIT_METRICS.csv,credit_metric,CM-0043,formula_calculated_forecast_output,,FY2027,USD_millions,,-5,formula_calculated_credit_metric,contains_owner_reviewed_phase5_testing_assumptions,Negative cash use.,data/phase5/raw/MODEL_ASSUMPTIONS.csv,SRC-001;SRC-003,Negative cash use.
LED-O-CM-0044,data/phase5/processed/BASE_CASE_CREDIT_METRICS.csv,credit_metric,CM-0044,formula_calculated_forecast_output,,FY2027,USD_millions,,548.6050356762878652880694119,formula_calculated_credit_metric,contains_owner_reviewed_phase5_testing_assumptions,Term plus revolver principal after modeled payments.,data/phase5/raw/MODEL_ASSUMPTIONS.csv,SRC-001;SRC-003,Term plus revolver principal after modeled payments.
LED-O-CM-0045,data/phase5/processed/BASE_CASE_CREDIT_METRICS.csv,credit_metric,CM-0045,formula_calculated_forecast_output,,FY2027,USD_millions,,611.2240356762878652880694119,formula_calculated_credit_metric,contains_owner_reviewed_phase5_testing_assumptions,Bank principal plus conservative retained debt opening proxy.,data/phase5/raw/MODEL_ASSUMPTIONS.csv,SRC-001;SRC-003,Bank principal plus conservative retained debt opening proxy.
LED-O-CM-0046,data/phase5/processed/BASE_CASE_CREDIT_METRICS.csv,credit_metric,CM-0046,formula_calculated_forecast_output,,FY2027,USD_millions,,611.2240356762878652880694119,formula_calculated_credit_metric,contains_owner_reviewed_phase5_testing_assumptions,Gross debt less modeled cash above the operating floor only.,data/phase5/raw/MODEL_ASSUMPTIONS.csv,SRC-001;SRC-003,Gross debt less modeled cash above the operating floor only.
LED-O-CM-0047,data/phase5/processed/BASE_CASE_CREDIT_METRICS.csv,credit_metric,CM-0047,formula_calculated_forecast_output,,FY2027,USD_millions,,294.3380869519415141560177072,formula_calculated_credit_metric,contains_owner_reviewed_phase5_testing_assumptions,Minimum quarter-observed capacity after LCs.,data/phase5/raw/MODEL_ASSUMPTIONS.csv,SRC-001;SRC-003,Minimum quarter-observed capacity after LCs.
LED-O-CM-0048,data/phase5/processed/BASE_CASE_CREDIT_METRICS.csv,credit_metric,CM-0048,formula_calculated_forecast_output,,FY2027,USD_millions,,294.3380869519415141560177072,formula_calculated_credit_metric,contains_owner_reviewed_phase5_testing_assumptions,Cash above floor plus available revolver; not contractual liquidity.,data/phase5/raw/MODEL_ASSUMPTIONS.csv,SRC-001;SRC-003,Cash above floor plus available revolver; not contractual liquidity.
LED-O-CM-0049,data/phase5/processed/BASE_CASE_CREDIT_METRICS.csv,credit_metric,CM-0049,formula_calculated_forecast_output,,FY2027,USD_millions,,174.4619130480584858439822928,formula_calculated_credit_metric,contains_owner_reviewed_phase5_testing_assumptions,Maximum ending monthly revolver balance.,data/phase5/raw/MODEL_ASSUMPTIONS.csv,SRC-001;SRC-003,Maximum ending monthly revolver balance.
LED-O-CM-0050,data/phase5/processed/BASE_CASE_CREDIT_METRICS.csv,credit_metric,CM-0050,formula_calculated_forecast_output,,FY2027,USD_millions,,0,formula_calculated_credit_metric,contains_owner_reviewed_phase5_testing_assumptions,Debt due at maturity not covered by modeled cash above floor.,data/phase5/raw/MODEL_ASSUMPTIONS.csv,SRC-001;SRC-003,Debt due at maturity not covered by modeled cash above floor.
LED-O-CM-0051,data/phase5/processed/BASE_CASE_CREDIT_METRICS.csv,credit_metric,CM-0051,formula_calculated_forecast_output,,FY2027,USD_millions,,,formula_calculated_credit_metric,contains_owner_reviewed_phase5_testing_assumptions,"Proposed unused-commitment, LC and fronting fees are unavailable.",data/phase5/raw/MODEL_ASSUMPTIONS.csv,SRC-001;SRC-003,Excluded rather than entered as zero; modeled cash flow and liquidity are before these fees.
LED-O-CM-0052,data/phase5/processed/BASE_CASE_CREDIT_METRICS.csv,credit_metric,CM-0052,formula_calculated_forecast_output,,FY2027,turns,,2.749940387125566538805801844,formula_calculated_credit_metric,contains_owner_reviewed_phase5_testing_assumptions,Ending gross funded debt / same-coverage EBITDA.,data/phase5/raw/MODEL_ASSUMPTIONS.csv,SRC-001;SRC-003,Ending gross funded debt / same-coverage EBITDA.
LED-O-CM-0053,data/phase5/processed/BASE_CASE_CREDIT_METRICS.csv,credit_metric,CM-0053,formula_calculated_forecast_output,,FY2027,turns,,2.749940387125566538805801844,formula_calculated_credit_metric,contains_owner_reviewed_phase5_testing_assumptions,Book-cash diagnostic only; not covenant or lender net leverage.,data/phase5/raw/MODEL_ASSUMPTIONS.csv,SRC-001;SRC-003,Book-cash diagnostic only; not covenant or lender net leverage.
LED-O-CM-0054,data/phase5/processed/BASE_CASE_CREDIT_METRICS.csv,credit_metric,CM-0054,formula_calculated_forecast_output,,FY2027,turns,,5.752136831421390698499905055,formula_calculated_credit_metric,contains_owner_reviewed_phase5_testing_assumptions,Modeled EBITDA / modeled bank cash interest.,data/phase5/raw/MODEL_ASSUMPTIONS.csv,SRC-001;SRC-003,Modeled EBITDA / modeled bank cash interest.
LED-O-CM-0055,data/phase5/processed/BASE_CASE_CREDIT_METRICS.csv,credit_metric,CM-0055,formula_calculated_forecast_output,,FY2027,turns,,3.31910740758204537979257898,formula_calculated_credit_metric,contains_owner_reviewed_phase5_testing_assumptions,CFADS before cash interest / modeled bank cash interest.,data/phase5/raw/MODEL_ASSUMPTIONS.csv,SRC-001;SRC-003,CFADS before cash interest / modeled bank cash interest.
LED-O-CM-0056,data/phase5/processed/BASE_CASE_CREDIT_METRICS.csv,credit_metric,CM-0056,formula_calculated_forecast_output,,FY2027,turns,,1.789451557844812315171728265,formula_calculated_credit_metric,contains_owner_reviewed_phase5_testing_assumptions,"CFADS before interest / bank interest, scheduled term principal and retained-obligation payments.",data/phase5/raw/MODEL_ASSUMPTIONS.csv,SRC-001;SRC-003,"CFADS before interest / bank interest, scheduled term principal and retained-obligation payments."
LED-O-CM-0057,data/phase5/processed/BASE_CASE_CREDIT_METRICS.csv,credit_metric,CM-0057,formula_calculated_forecast_output,,FY2027,turns,,0.2518336202021607190891289433,formula_calculated_credit_metric,contains_owner_reviewed_phase5_testing_assumptions,Modeled CFO proxy / ending gross funded debt.,data/phase5/raw/MODEL_ASSUMPTIONS.csv,SRC-001;SRC-003,Modeled CFO proxy / ending gross funded debt.
LED-O-CM-0058,data/phase5/processed/BASE_CASE_CREDIT_METRICS.csv,credit_metric,CM-0058,formula_calculated_forecast_output,,FY2027,turns,,0.1466116141707911721852400531,formula_calculated_credit_metric,contains_owner_reviewed_phase5_testing_assumptions,Modeled FCF proxy / ending gross funded debt.,data/phase5/raw/MODEL_ASSUMPTIONS.csv,SRC-001;SRC-003,Modeled FCF proxy / ending gross funded debt.
LED-O-CM-0059,data/phase5/processed/BASE_CASE_CREDIT_METRICS.csv,credit_metric,CM-0059,formula_calculated_forecast_output,,FY2028,USD_millions,,1837.503180370548161859375,formula_calculated_credit_metric,contains_owner_reviewed_phase5_testing_assumptions,Sum modeled-quarter revenue.,data/phase5/raw/MODEL_ASSUMPTIONS.csv,SRC-001;SRC-003,Sum modeled-quarter revenue.
LED-O-CM-0060,data/phase5/processed/BASE_CASE_CREDIT_METRICS.csv,credit_metric,CM-0060,formula_calculated_forecast_output,,FY2028,USD_millions,,222.2625471944411351103481405,formula_calculated_credit_metric,contains_owner_reviewed_phase5_testing_assumptions,Sum formula-calculated lender-base EBITDA; no top-down EBITDA growth.,data/phase5/raw/MODEL_ASSUMPTIONS.csv,SRC-001;SRC-003,Sum formula-calculated lender-base EBITDA; no top-down EBITDA growth.
LED-O-CM-0061,data/phase5/processed/BASE_CASE_CREDIT_METRICS.csv,credit_metric,CM-0061,formula_calculated_forecast_output,,FY2028,percent,,12.09589999999999999999999999,formula_calculated_credit_metric,contains_owner_reviewed_phase5_testing_assumptions,EBITDA / revenue.,data/phase5/raw/MODEL_ASSUMPTIONS.csv,SRC-001;SRC-003,EBITDA / revenue.
LED-O-CM-0062,data/phase5/processed/BASE_CASE_CREDIT_METRICS.csv,credit_metric,CM-0062,formula_calculated_forecast_output,,FY2028,USD_millions,,-29.70645454125555949574005076,formula_calculated_credit_metric,contains_owner_reviewed_phase5_testing_assumptions,Negative cash use.,data/phase5/raw/MODEL_ASSUMPTIONS.csv,SRC-001;SRC-003,Negative cash use.
LED-O-CM-0063,data/phase5/processed/BASE_CASE_CREDIT_METRICS.csv,credit_metric,CM-0063,formula_calculated_forecast_output,,FY2028,USD_millions,,0.0068173646615584783329446,formula_calculated_credit_metric,contains_owner_reviewed_phase5_testing_assumptions,Positive is cash contribution; negative is use.,data/phase5/raw/MODEL_ASSUMPTIONS.csv,SRC-001;SRC-003,Positive is cash contribution; negative is use.
LED-O-CM-0064,data/phase5/processed/BASE_CASE_CREDIT_METRICS.csv,credit_metric,CM-0064,formula_calculated_forecast_output,,FY2028,USD_millions,,-64.312611312969185665078125,formula_calculated_credit_metric,contains_owner_reviewed_phase5_testing_assumptions,Negative cash use.,data/phase5/raw/MODEL_ASSUMPTIONS.csv,SRC-001;SRC-003,Negative cash use.
LED-O-CM-0065,data/phase5/processed/BASE_CASE_CREDIT_METRICS.csv,credit_metric,CM-0065,formula_calculated_forecast_output,,FY2028,USD_millions,,128.2502987048779484278629094,formula_calculated_credit_metric,contains_owner_reviewed_phase5_testing_assumptions,"EBITDA less modeled taxes, capex, working-capital investment and identified cash uses.",data/phase5/raw/MODEL_ASSUMPTIONS.csv,SRC-001;SRC-003,"EBITDA less modeled taxes, capex, working-capital investment and identified cash uses."
LED-O-CM-0066,data/phase5/processed/BASE_CASE_CREDIT_METRICS.csv,credit_metric,CM-0066,formula_calculated_forecast_output,,FY2028,USD_millions,,-34.38498337453948083215127382,formula_calculated_credit_metric,contains_owner_reviewed_phase5_testing_assumptions,Negative cash use based on modeled average debt.,data/phase5/raw/MODEL_ASSUMPTIONS.csv,SRC-001;SRC-003,Negative cash use based on modeled average debt.
LED-O-CM-0067,data/phase5/processed/BASE_CASE_CREDIT_METRICS.csv,credit_metric,CM-0067,formula_calculated_forecast_output,,FY2028,USD_millions,,158.1779266433076532607897605,formula_calculated_credit_metric,contains_owner_reviewed_phase5_testing_assumptions,"EBITDA less cash taxes, working-capital investment, other operating uses and cash interest; not an official GAAP forecast.",data/phase5/raw/MODEL_ASSUMPTIONS.csv,SRC-001;SRC-003,"EBITDA less cash taxes, working-capital investment, other operating uses and cash interest; not an official GAAP forecast."
LED-O-CM-0068,data/phase5/processed/BASE_CASE_CREDIT_METRICS.csv,credit_metric,CM-0068,formula_calculated_forecast_output,,FY2028,USD_millions,,93.86531533033846759571163555,formula_calculated_credit_metric,contains_owner_reviewed_phase5_testing_assumptions,Modeled CFO proxy less capital expenditures.,data/phase5/raw/MODEL_ASSUMPTIONS.csv,SRC-001;SRC-003,Modeled CFO proxy less capital expenditures.
LED-O-CM-0069,data/phase5/processed/BASE_CASE_CREDIT_METRICS.csv,credit_metric,CM-0069,formula_calculated_forecast_output,,FY2028,USD_millions,,25,formula_calculated_credit_metric,contains_owner_reviewed_phase5_testing_assumptions,Required term principal paid in modeled periods.,data/phase5/raw/MODEL_ASSUMPTIONS.csv,SRC-001;SRC-003,Required term principal paid in modeled periods.
LED-O-CM-0070,data/phase5/processed/BASE_CASE_CREDIT_METRICS.csv,credit_metric,CM-0070,formula_calculated_forecast_output,,FY2028,USD_millions,,0,formula_calculated_credit_metric,contains_owner_reviewed_phase5_testing_assumptions,Provisional annual term sweep after revolver repayment.,data/phase5/raw/MODEL_ASSUMPTIONS.csv,SRC-001;SRC-003,Provisional annual term sweep after revolver repayment.
LED-O-CM-0071,data/phase5/processed/BASE_CASE_CREDIT_METRICS.csv,credit_metric,CM-0071,formula_calculated_forecast_output,,FY2028,USD_millions,,-14.5,formula_calculated_credit_metric,contains_owner_reviewed_phase5_testing_assumptions,Negative cash use.,data/phase5/raw/MODEL_ASSUMPTIONS.csv,SRC-001;SRC-003,Negative cash use.
LED-O-CM-0072,data/phase5/processed/BASE_CASE_CREDIT_METRICS.csv,credit_metric,CM-0072,formula_calculated_forecast_output,,FY2028,USD_millions,,-5,formula_calculated_credit_metric,contains_owner_reviewed_phase5_testing_assumptions,Negative cash use.,data/phase5/raw/MODEL_ASSUMPTIONS.csv,SRC-001;SRC-003,Negative cash use.
LED-O-CM-0073,data/phase5/processed/BASE_CASE_CREDIT_METRICS.csv,credit_metric,CM-0073,formula_calculated_forecast_output,,FY2028,USD_millions,,481.0697203459493976923577765,formula_calculated_credit_metric,contains_owner_reviewed_phase5_testing_assumptions,Term plus revolver principal after modeled payments.,data/phase5/raw/MODEL_ASSUMPTIONS.csv,SRC-001;SRC-003,Term plus revolver principal after modeled payments.
LED-O-CM-0074,data/phase5/processed/BASE_CASE_CREDIT_METRICS.csv,credit_metric,CM-0074,formula_calculated_forecast_output,,FY2028,USD_millions,,543.6887203459493976923577765,formula_calculated_credit_metric,contains_owner_reviewed_phase5_testing_assumptions,Bank principal plus conservative retained debt opening proxy.,data/phase5/raw/MODEL_ASSUMPTIONS.csv,SRC-001;SRC-003,Bank principal plus conservative retained debt opening proxy.
LED-O-CM-0075,data/phase5/processed/BASE_CASE_CREDIT_METRICS.csv,credit_metric,CM-0075,formula_calculated_forecast_output,,FY2028,USD_millions,,543.6887203459493976923577765,formula_calculated_credit_metric,contains_owner_reviewed_phase5_testing_assumptions,Gross debt less modeled cash above the operating floor only.,data/phase5/raw/MODEL_ASSUMPTIONS.csv,SRC-001;SRC-003,Gross debt less modeled cash above the operating floor only.
LED-O-CM-0076,data/phase5/processed/BASE_CASE_CREDIT_METRICS.csv,credit_metric,CM-0076,formula_calculated_forecast_output,,FY2028,USD_millions,,332.7500772836979309639273227,formula_calculated_credit_metric,contains_owner_reviewed_phase5_testing_assumptions,Minimum quarter-observed capacity after LCs.,data/phase5/raw/MODEL_ASSUMPTIONS.csv,SRC-001;SRC-003,Minimum quarter-observed capacity after LCs.
LED-O-CM-0077,data/phase5/processed/BASE_CASE_CREDIT_METRICS.csv,credit_metric,CM-0077,formula_calculated_forecast_output,,FY2028,USD_millions,,332.7500772836979309639273227,formula_calculated_credit_metric,contains_owner_reviewed_phase5_testing_assumptions,Cash above floor plus available revolver; not contractual liquidity.,data/phase5/raw/MODEL_ASSUMPTIONS.csv,SRC-001;SRC-003,Cash above floor plus available revolver; not contractual liquidity.
LED-O-CM-0078,data/phase5/processed/BASE_CASE_CREDIT_METRICS.csv,credit_metric,CM-0078,formula_calculated_forecast_output,,FY2028,USD_millions,,136.0499227163020690360726773,formula_calculated_credit_metric,contains_owner_reviewed_phase5_testing_assumptions,Maximum ending monthly revolver balance.,data/phase5/raw/MODEL_ASSUMPTIONS.csv,SRC-001;SRC-003,Maximum ending monthly revolver balance.
LED-O-CM-0079,data/phase5/processed/BASE_CASE_CREDIT_METRICS.csv,credit_metric,CM-0079,formula_calculated_forecast_output,,FY2028,USD_millions,,0,formula_calculated_credit_metric,contains_owner_reviewed_phase5_testing_assumptions,Debt due at maturity not covered by modeled cash above floor.,data/phase5/raw/MODEL_ASSUMPTIONS.csv,SRC-001;SRC-003,Debt due at maturity not covered by modeled cash above floor.
LED-O-CM-0080,data/phase5/processed/BASE_CASE_CREDIT_METRICS.csv,credit_metric,CM-0080,formula_calculated_forecast_output,,FY2028,USD_millions,,,formula_calculated_credit_metric,contains_owner_reviewed_phase5_testing_assumptions,"Proposed unused-commitment, LC and fronting fees are unavailable.",data/phase5/raw/MODEL_ASSUMPTIONS.csv,SRC-001;SRC-003,Excluded rather than entered as zero; modeled cash flow and liquidity are before these fees.
LED-O-CM-0081,data/phase5/processed/BASE_CASE_CREDIT_METRICS.csv,credit_metric,CM-0081,formula_calculated_forecast_output,,FY2028,turns,,2.446155356396218088594201733,formula_calculated_credit_metric,contains_owner_reviewed_phase5_testing_assumptions,Ending gross funded debt / same-coverage EBITDA.,data/phase5/raw/MODEL_ASSUMPTIONS.csv,SRC-001;SRC-003,Ending gross funded debt / same-coverage EBITDA.
LED-O-CM-0082,data/phase5/processed/BASE_CASE_CREDIT_METRICS.csv,credit_metric,CM-0082,formula_calculated_forecast_output,,FY2028,turns,,2.446155356396218088594201733,formula_calculated_credit_metric,contains_owner_reviewed_phase5_testing_assumptions,Book-cash diagnostic only; not covenant or lender net leverage.,data/phase5/raw/MODEL_ASSUMPTIONS.csv,SRC-001;SRC-003,Book-cash diagnostic only; not covenant or lender net leverage.
LED-O-CM-0083,data/phase5/processed/BASE_CASE_CREDIT_METRICS.csv,credit_metric,CM-0083,formula_calculated_forecast_output,,FY2028,turns,,6.463942261464533990679005263,formula_calculated_credit_metric,contains_owner_reviewed_phase5_testing_assumptions,Modeled EBITDA / modeled bank cash interest.,data/phase5/raw/MODEL_ASSUMPTIONS.csv,SRC-001;SRC-003,Modeled EBITDA / modeled bank cash interest.
LED-O-CM-0084,data/phase5/processed/BASE_CASE_CREDIT_METRICS.csv,credit_metric,CM-0084,formula_calculated_forecast_output,,FY2028,turns,,3.729834541663366697125912397,formula_calculated_credit_metric,contains_owner_reviewed_phase5_testing_assumptions,CFADS before cash interest / modeled bank cash interest.,data/phase5/raw/MODEL_ASSUMPTIONS.csv,SRC-001;SRC-003,CFADS before cash interest / modeled bank cash interest.
LED-O-CM-0085,data/phase5/processed/BASE_CASE_CREDIT_METRICS.csv,credit_metric,CM-0085,formula_calculated_forecast_output,,FY2028,turns,,1.936877307352641430058654444,formula_calculated_credit_metric,contains_owner_reviewed_phase5_testing_assumptions,"CFADS before interest / bank interest, scheduled term principal and retained-obligation payments.",data/phase5/raw/MODEL_ASSUMPTIONS.csv,SRC-001;SRC-003,"CFADS before interest / bank interest, scheduled term principal and retained-obligation payments."
LED-O-CM-0086,data/phase5/processed/BASE_CASE_CREDIT_METRICS.csv,credit_metric,CM-0086,formula_calculated_forecast_output,,FY2028,turns,,0.2909347218803048947907263164,formula_calculated_credit_metric,contains_owner_reviewed_phase5_testing_assumptions,Modeled CFO proxy / ending gross funded debt.,data/phase5/raw/MODEL_ASSUMPTIONS.csv,SRC-001;SRC-003,Modeled CFO proxy / ending gross funded debt.
LED-O-CM-0087,data/phase5/processed/BASE_CASE_CREDIT_METRICS.csv,credit_metric,CM-0087,formula_calculated_forecast_output,,FY2028,turns,,0.1726453240939262482970328056,formula_calculated_credit_metric,contains_owner_reviewed_phase5_testing_assumptions,Modeled FCF proxy / ending gross funded debt.,data/phase5/raw/MODEL_ASSUMPTIONS.csv,SRC-001;SRC-003,Modeled FCF proxy / ending gross funded debt.
LED-O-CM-0088,data/phase5/processed/BASE_CASE_CREDIT_METRICS.csv,credit_metric,CM-0088,formula_calculated_forecast_output,,FY2029,USD_millions,,1347.660225554147013338982422,formula_calculated_credit_metric,contains_owner_reviewed_phase5_testing_assumptions,Sum modeled-quarter revenue.,data/phase5/raw/MODEL_ASSUMPTIONS.csv,SRC-001;SRC-003,Sum modeled-quarter revenue.
LED-O-CM-0089,data/phase5/processed/BASE_CASE_CREDIT_METRICS.csv,credit_metric,CM-0089,formula_calculated_forecast_output,,FY2029,USD_millions,,158.5254969689428241785859138,formula_calculated_credit_metric,contains_owner_reviewed_phase5_testing_assumptions,Sum formula-calculated lender-base EBITDA; no top-down EBITDA growth.,data/phase5/raw/MODEL_ASSUMPTIONS.csv,SRC-001;SRC-003,Sum formula-calculated lender-base EBITDA; no top-down EBITDA growth.
LED-O-CM-0090,data/phase5/processed/BASE_CASE_CREDIT_METRICS.csv,credit_metric,CM-0090,formula_calculated_forecast_output,,FY2029,percent,,11.76301666866798110262515396,formula_calculated_credit_metric,contains_owner_reviewed_phase5_testing_assumptions,EBITDA / revenue.,data/phase5/raw/MODEL_ASSUMPTIONS.csv,SRC-001;SRC-003,EBITDA / revenue.
LED-O-CM-0091,data/phase5/processed/BASE_CASE_CREDIT_METRICS.csv,credit_metric,CM-0091,formula_calculated_forecast_output,,FY2029,USD_millions,,-20.66575188801219512592697883,formula_calculated_credit_metric,contains_owner_reviewed_phase5_testing_assumptions,Negative cash use.,data/phase5/raw/MODEL_ASSUMPTIONS.csv,SRC-001;SRC-003,Negative cash use.
LED-O-CM-0092,data/phase5/processed/BASE_CASE_CREDIT_METRICS.csv,credit_metric,CM-0092,formula_calculated_forecast_output,,FY2029,USD_millions,,0.005011260961710310504157,formula_calculated_credit_metric,contains_owner_reviewed_phase5_testing_assumptions,Positive is cash contribution; negative is use.,data/phase5/raw/MODEL_ASSUMPTIONS.csv,SRC-001;SRC-003,Positive is cash contribution; negative is use.
LED-O-CM-0093,data/phase5/processed/BASE_CASE_CREDIT_METRICS.csv,credit_metric,CM-0093,formula_calculated_forecast_output,,FY2029,USD_millions,,-47.16810789439514546686438477,formula_calculated_credit_metric,contains_owner_reviewed_phase5_testing_assumptions,Negative cash use.,data/phase5/raw/MODEL_ASSUMPTIONS.csv,SRC-001;SRC-003,Negative cash use.
LED-O-CM-0094,data/phase5/processed/BASE_CASE_CREDIT_METRICS.csv,credit_metric,CM-0094,formula_calculated_forecast_output,,FY2029,USD_millions,,90.69664844749719389629870722,formula_calculated_credit_metric,contains_owner_reviewed_phase5_testing_assumptions,"EBITDA less modeled taxes, capex, working-capital investment and identified cash uses.",data/phase5/raw/MODEL_ASSUMPTIONS.csv,SRC-001;SRC-003,"EBITDA less modeled taxes, capex, working-capital investment and identified cash uses."
LED-O-CM-0095,data/phase5/processed/BASE_CASE_CREDIT_METRICS.csv,credit_metric,CM-0095,formula_calculated_forecast_output,,FY2029,USD_millions,,-22.8777093082578138588683436,formula_calculated_credit_metric,contains_owner_reviewed_phase5_testing_assumptions,Negative cash use based on modeled average debt.,data/phase5/raw/MODEL_ASSUMPTIONS.csv,SRC-001;SRC-003,Negative cash use based on modeled average debt.
LED-O-CM-0096,data/phase5/processed/BASE_CASE_CREDIT_METRICS.csv,credit_metric,CM-0096,formula_calculated_forecast_output,,FY2029,USD_millions,,114.9870470336345255042947484,formula_calculated_credit_metric,contains_owner_reviewed_phase5_testing_assumptions,"EBITDA less cash taxes, working-capital investment, other operating uses and cash interest; not an official GAAP forecast.",data/phase5/raw/MODEL_ASSUMPTIONS.csv,SRC-001;SRC-003,"EBITDA less cash taxes, working-capital investment, other operating uses and cash interest; not an official GAAP forecast."
LED-O-CM-0097,data/phase5/processed/BASE_CASE_CREDIT_METRICS.csv,credit_metric,CM-0097,formula_calculated_forecast_output,,FY2029,USD_millions,,67.8189391392393800374303636,formula_calculated_credit_metric,contains_owner_reviewed_phase5_testing_assumptions,Modeled CFO proxy less capital expenditures.,data/phase5/raw/MODEL_ASSUMPTIONS.csv,SRC-001;SRC-003,Modeled CFO proxy less capital expenditures.
LED-O-CM-0098,data/phase5/processed/BASE_CASE_CREDIT_METRICS.csv,credit_metric,CM-0098,formula_calculated_forecast_output,,FY2029,USD_millions,,18.75,formula_calculated_credit_metric,contains_owner_reviewed_phase5_testing_assumptions,Required term principal paid in modeled periods.,data/phase5/raw/MODEL_ASSUMPTIONS.csv,SRC-001;SRC-003,Required term principal paid in modeled periods.
LED-O-CM-0099,data/phase5/processed/BASE_CASE_CREDIT_METRICS.csv,credit_metric,CM-0099,formula_calculated_forecast_output,,FY2029,USD_millions,,0,formula_calculated_credit_metric,contains_owner_reviewed_phase5_testing_assumptions,Provisional annual term sweep after revolver repayment.,data/phase5/raw/MODEL_ASSUMPTIONS.csv,SRC-001;SRC-003,Provisional annual term sweep after revolver repayment.
LED-O-CM-0100,data/phase5/processed/BASE_CASE_CREDIT_METRICS.csv,credit_metric,CM-0100,formula_calculated_forecast_output,,FY2029,USD_millions,,-10.875,formula_calculated_credit_metric,contains_owner_reviewed_phase5_testing_assumptions,Negative cash use.,data/phase5/raw/MODEL_ASSUMPTIONS.csv,SRC-001;SRC-003,Negative cash use.
LED-O-CM-0101,data/phase5/processed/BASE_CASE_CREDIT_METRICS.csv,credit_metric,CM-0101,formula_calculated_forecast_output,,FY2029,USD_millions,,-3.75,formula_calculated_credit_metric,contains_owner_reviewed_phase5_testing_assumptions,Negative cash use.,data/phase5/raw/MODEL_ASSUMPTIONS.csv,SRC-001;SRC-003,Negative cash use.
LED-O-CM-0102,data/phase5/processed/BASE_CASE_CREDIT_METRICS.csv,credit_metric,CM-0102,formula_calculated_forecast_output,,FY2029,USD_millions,,432.7492812067100176549274129,formula_calculated_credit_metric,contains_owner_reviewed_phase5_testing_assumptions,Term plus revolver principal after modeled payments.,data/phase5/raw/MODEL_ASSUMPTIONS.csv,SRC-001;SRC-003,Term plus revolver principal after modeled payments.
LED-O-CM-0103,data/phase5/processed/BASE_CASE_CREDIT_METRICS.csv,credit_metric,CM-0103,formula_calculated_forecast_output,,FY2029,USD_millions,,495.3682812067100176549274129,formula_calculated_credit_metric,contains_owner_reviewed_phase5_testing_assumptions,Bank principal plus conservative retained debt opening proxy.,data/phase5/raw/MODEL_ASSUMPTIONS.csv,SRC-001;SRC-003,Bank principal plus conservative retained debt opening proxy.
LED-O-CM-0104,data/phase5/processed/BASE_CASE_CREDIT_METRICS.csv,credit_metric,CM-0104,formula_calculated_forecast_output,,FY2029,USD_millions,,495.3682812067100176549274129,formula_calculated_credit_metric,contains_owner_reviewed_phase5_testing_assumptions,Gross debt less modeled cash above the operating floor only.,data/phase5/raw/MODEL_ASSUMPTIONS.csv,SRC-001;SRC-003,Gross debt less modeled cash above the operating floor only.
LED-O-CM-0105,data/phase5/processed/BASE_CASE_CREDIT_METRICS.csv,credit_metric,CM-0105,formula_calculated_forecast_output,,FY2029,USD_millions,,376.4871140911493572783441402,formula_calculated_credit_metric,contains_owner_reviewed_phase5_testing_assumptions,Minimum quarter-observed capacity after LCs.,data/phase5/raw/MODEL_ASSUMPTIONS.csv,SRC-001;SRC-003,Minimum quarter-observed capacity after LCs.
LED-O-CM-0106,data/phase5/processed/BASE_CASE_CREDIT_METRICS.csv,credit_metric,CM-0106,formula_calculated_forecast_output,,FY2029,USD_millions,,376.4871140911493572783441402,formula_calculated_credit_metric,contains_owner_reviewed_phase5_testing_assumptions,Cash above floor plus available revolver; not contractual liquidity.,data/phase5/raw/MODEL_ASSUMPTIONS.csv,SRC-001;SRC-003,Cash above floor plus available revolver; not contractual liquidity.
LED-O-CM-0107,data/phase5/processed/BASE_CASE_CREDIT_METRICS.csv,credit_metric,CM-0107,formula_calculated_forecast_output,,FY2029,USD_millions,,92.31288590885064272165585984,formula_calculated_credit_metric,contains_owner_reviewed_phase5_testing_assumptions,Maximum ending monthly revolver balance.,data/phase5/raw/MODEL_ASSUMPTIONS.csv,SRC-001;SRC-003,Maximum ending monthly revolver balance.
LED-O-CM-0108,data/phase5/processed/BASE_CASE_CREDIT_METRICS.csv,credit_metric,CM-0108,formula_calculated_forecast_output,,FY2029,USD_millions,,432.7492812067100176549274129,formula_calculated_credit_metric,contains_owner_reviewed_phase5_testing_assumptions,Debt due at maturity not covered by modeled cash above floor.,data/phase5/raw/MODEL_ASSUMPTIONS.csv,SRC-001;SRC-003,Debt due at maturity not covered by modeled cash above floor.
LED-O-CM-0109,data/phase5/processed/BASE_CASE_CREDIT_METRICS.csv,credit_metric,CM-0109,formula_calculated_forecast_output,,FY2029,USD_millions,,,formula_calculated_credit_metric,contains_owner_reviewed_phase5_testing_assumptions,"Proposed unused-commitment, LC and fronting fees are unavailable.",data/phase5/raw/MODEL_ASSUMPTIONS.csv,SRC-001;SRC-003,Excluded rather than entered as zero; modeled cash flow and liquidity are before these fees.
LED-O-CM-0110,data/phase5/processed/BASE_CASE_CREDIT_METRICS.csv,credit_metric,CM-0110,formula_calculated_forecast_output,,FY2029,turns,,3.124849255661119361785755723,formula_calculated_credit_metric,contains_owner_reviewed_phase5_testing_assumptions,Ending gross funded debt / same-coverage EBITDA.,data/phase5/raw/MODEL_ASSUMPTIONS.csv,SRC-001;SRC-003,Ending gross funded debt / same-coverage EBITDA.
LED-O-CM-0111,data/phase5/processed/BASE_CASE_CREDIT_METRICS.csv,credit_metric,CM-0111,formula_calculated_forecast_output,,FY2029,turns,,3.124849255661119361785755723,formula_calculated_credit_metric,contains_owner_reviewed_phase5_testing_assumptions,Book-cash diagnostic only; not covenant or lender net leverage.,data/phase5/raw/MODEL_ASSUMPTIONS.csv,SRC-001;SRC-003,Book-cash diagnostic only; not covenant or lender net leverage.
LED-O-CM-0112,data/phase5/processed/BASE_CASE_CREDIT_METRICS.csv,credit_metric,CM-0112,formula_calculated_forecast_output,,FY2029,turns,,6.929255671227639939680509972,formula_calculated_credit_metric,contains_owner_reviewed_phase5_testing_assumptions,Modeled EBITDA / modeled bank cash interest.,data/phase5/raw/MODEL_ASSUMPTIONS.csv,SRC-001;SRC-003,Modeled EBITDA / modeled bank cash interest.
LED-O-CM-0113,data/phase5/processed/BASE_CASE_CREDIT_METRICS.csv,credit_metric,CM-0113,formula_calculated_forecast_output,,FY2029,turns,,3.96441126274647714089701708,formula_calculated_credit_metric,contains_owner_reviewed_phase5_testing_assumptions,CFADS before cash interest / modeled bank cash interest.,data/phase5/raw/MODEL_ASSUMPTIONS.csv,SRC-001;SRC-003,CFADS before cash interest / modeled bank cash interest.
LED-O-CM-0114,data/phase5/processed/BASE_CASE_CREDIT_METRICS.csv,credit_metric,CM-0114,formula_calculated_forecast_output,,FY2029,turns,,1.950414834295310062981792,formula_calculated_credit_metric,contains_owner_reviewed_phase5_testing_assumptions,"CFADS before interest / bank interest, scheduled term principal and retained-obligation payments.",data/phase5/raw/MODEL_ASSUMPTIONS.csv,SRC-001;SRC-003,"CFADS before interest / bank interest, scheduled term principal and retained-obligation payments."
LED-O-CM-0115,data/phase5/processed/BASE_CASE_CREDIT_METRICS.csv,credit_metric,CM-0115,formula_calculated_forecast_output,,FY2029,turns,,0.2321243636220060973218652195,formula_calculated_credit_metric,contains_owner_reviewed_phase5_testing_assumptions,Modeled CFO proxy / ending gross funded debt.,data/phase5/raw/MODEL_ASSUMPTIONS.csv,SRC-001;SRC-003,Modeled CFO proxy / ending gross funded debt.
LED-O-CM-0116,data/phase5/processed/BASE_CASE_CREDIT_METRICS.csv,credit_metric,CM-0116,formula_calculated_forecast_output,,FY2029,turns,,0.1369060993853571295099048627,formula_calculated_credit_metric,contains_owner_reviewed_phase5_testing_assumptions,Modeled FCF proxy / ending gross funded debt.,data/phase5/raw/MODEL_ASSUMPTIONS.csv,SRC-001;SRC-003,Modeled FCF proxy / ending gross funded debt.
LED-O-CM-0117,data/phase5/processed/BASE_CASE_CREDIT_METRICS.csv,credit_metric,CM-0117,formula_calculated_forecast_output,,FY2026,USD_millions,,1437.561060075,formula_calculated_credit_metric,contains_owner_reviewed_phase5_testing_assumptions,Sum modeled-quarter revenue.,data/phase5/raw/MODEL_ASSUMPTIONS.csv,SRC-001;SRC-003,Sum modeled-quarter revenue.
LED-O-CM-0118,data/phase5/processed/BASE_CASE_CREDIT_METRICS.csv,credit_metric,CM-0118,formula_calculated_forecast_output,,FY2026,USD_millions,,190.2486370271889141942985599,formula_calculated_credit_metric,contains_owner_reviewed_phase5_testing_assumptions,Sum formula-calculated lender-base EBITDA; no top-down EBITDA growth.,data/phase5/raw/MODEL_ASSUMPTIONS.csv,SRC-001;SRC-003,Sum formula-calculated lender-base EBITDA; no top-down EBITDA growth.
LED-O-CM-0119,data/phase5/processed/BASE_CASE_CREDIT_METRICS.csv,credit_metric,CM-0119,formula_calculated_forecast_output,,FY2026,percent,,13.23412565287928152106729287,formula_calculated_credit_metric,contains_owner_reviewed_phase5_testing_assumptions,EBITDA / revenue.,data/phase5/raw/MODEL_ASSUMPTIONS.csv,SRC-001;SRC-003,EBITDA / revenue.
LED-O-CM-0120,data/phase5/processed/BASE_CASE_CREDIT_METRICS.csv,credit_metric,CM-0120,formula_calculated_forecast_output,,FY2026,USD_millions,,-27.33136245836175354857463998,formula_calculated_credit_metric,contains_owner_reviewed_phase5_testing_assumptions,Negative cash use.,data/phase5/raw/MODEL_ASSUMPTIONS.csv,SRC-001;SRC-003,Negative cash use.
LED-O-CM-0121,data/phase5/processed/BASE_CASE_CREDIT_METRICS.csv,credit_metric,CM-0121,formula_calculated_forecast_output,,FY2026,USD_millions,,-0.2357355380811638989187433,formula_calculated_credit_metric,contains_owner_reviewed_phase5_testing_assumptions,Positive is cash contribution; negative is use.,data/phase5/raw/MODEL_ASSUMPTIONS.csv,SRC-001;SRC-003,Positive is cash contribution; negative is use.
LED-O-CM-0122,data/phase5/processed/BASE_CASE_CREDIT_METRICS.csv,credit_metric,CM-0122,formula_calculated_forecast_output,,FY2026,USD_millions,,-50.314637102625,formula_calculated_credit_metric,contains_owner_reviewed_phase5_testing_assumptions,Negative cash use.,data/phase5/raw/MODEL_ASSUMPTIONS.csv,SRC-001;SRC-003,Negative cash use.
LED-O-CM-0123,data/phase5/processed/BASE_CASE_CREDIT_METRICS.csv,credit_metric,CM-0123,formula_calculated_forecast_output,,FY2026,USD_millions,,111.6669019281209967468051766,formula_calculated_credit_metric,contains_owner_reviewed_phase5_testing_assumptions,"EBITDA less modeled taxes, capex, working-capital investment and identified cash uses.",data/phase5/raw/MODEL_ASSUMPTIONS.csv,SRC-001;SRC-003,"EBITDA less modeled taxes, capex, working-capital investment and identified cash uses."
LED-O-CM-0124,data/phase5/processed/BASE_CASE_CREDIT_METRICS.csv,credit_metric,CM-0124,formula_calculated_forecast_output,,FY2026,USD_millions,,-32.07260464845616279376728804,formula_calculated_credit_metric,contains_owner_reviewed_phase5_testing_assumptions,Negative cash use based on modeled average debt.,data/phase5/raw/MODEL_ASSUMPTIONS.csv,SRC-001;SRC-003,Negative cash use based on modeled average debt.
LED-O-CM-0125,data/phase5/processed/BASE_CASE_CREDIT_METRICS.csv,credit_metric,CM-0125,formula_calculated_forecast_output,,FY2026,USD_millions,,129.9089343822898339530378886,formula_calculated_credit_metric,contains_owner_reviewed_phase5_testing_assumptions,"EBITDA less cash taxes, working-capital investment, other operating uses and cash interest; not an official GAAP forecast.",data/phase5/raw/MODEL_ASSUMPTIONS.csv,SRC-001;SRC-003,"EBITDA less cash taxes, working-capital investment, other operating uses and cash interest; not an official GAAP forecast."
LED-O-CM-0126,data/phase5/processed/BASE_CASE_CREDIT_METRICS.csv,credit_metric,CM-0126,formula_calculated_forecast_output,,FY2026,USD_millions,,79.59429727966483395303788862,formula_calculated_credit_metric,contains_owner_reviewed_phase5_testing_assumptions,Modeled CFO proxy less capital expenditures.,data/phase5/raw/MODEL_ASSUMPTIONS.csv,SRC-001;SRC-003,Modeled CFO proxy less capital expenditures.
LED-O-CM-0127,data/phase5/processed/BASE_CASE_CREDIT_METRICS.csv,credit_metric,CM-0127,formula_calculated_forecast_output,,FY2026,USD_millions,,48.75,formula_calculated_credit_metric,contains_owner_reviewed_phase5_testing_assumptions,Required term principal paid in modeled periods.,data/phase5/raw/MODEL_ASSUMPTIONS.csv,SRC-001;SRC-003,Required term principal paid in modeled periods.
LED-O-CM-0128,data/phase5/processed/BASE_CASE_CREDIT_METRICS.csv,credit_metric,CM-0128,formula_calculated_forecast_output,,FY2026,USD_millions,,0,formula_calculated_credit_metric,contains_owner_reviewed_phase5_testing_assumptions,Provisional annual term sweep after revolver repayment.,data/phase5/raw/MODEL_ASSUMPTIONS.csv,SRC-001;SRC-003,Provisional annual term sweep after revolver repayment.
LED-O-CM-0129,data/phase5/processed/BASE_CASE_CREDIT_METRICS.csv,credit_metric,CM-0129,formula_calculated_forecast_output,,FY2026,USD_millions,,-10.875,formula_calculated_credit_metric,contains_owner_reviewed_phase5_testing_assumptions,Negative cash use.,data/phase5/raw/MODEL_ASSUMPTIONS.csv,SRC-001;SRC-003,Negative cash use.
LED-O-CM-0130,data/phase5/processed/BASE_CASE_CREDIT_METRICS.csv,credit_metric,CM-0130,formula_calculated_forecast_output,,FY2026,USD_millions,,-3.75,formula_calculated_credit_metric,contains_owner_reviewed_phase5_testing_assumptions,Negative cash use.,data/phase5/raw/MODEL_ASSUMPTIONS.csv,SRC-001;SRC-003,Negative cash use.
LED-O-CM-0131,data/phase5/processed/BASE_CASE_CREDIT_METRICS.csv,credit_metric,CM-0131,formula_calculated_forecast_output,,FY2026,USD_millions,,621.1916714703351660469621114,formula_calculated_credit_metric,contains_owner_reviewed_phase5_testing_assumptions,Term plus revolver principal after modeled payments.,data/phase5/raw/MODEL_ASSUMPTIONS.csv,SRC-001;SRC-003,Term plus revolver principal after modeled payments.
LED-O-CM-0132,data/phase5/processed/BASE_CASE_CREDIT_METRICS.csv,credit_metric,CM-0132,formula_calculated_forecast_output,,FY2026,USD_millions,,683.8106714703351660469621114,formula_calculated_credit_metric,contains_owner_reviewed_phase5_testing_assumptions,Bank principal plus conservative retained debt opening proxy.,data/phase5/raw/MODEL_ASSUMPTIONS.csv,SRC-001;SRC-003,Bank principal plus conservative retained debt opening proxy.
LED-O-CM-0133,data/phase5/processed/BASE_CASE_CREDIT_METRICS.csv,credit_metric,CM-0133,formula_calculated_forecast_output,,FY2026,USD_millions,,683.8106714703351660469621114,formula_calculated_credit_metric,contains_owner_reviewed_phase5_testing_assumptions,Gross debt less modeled cash above the operating floor only.,data/phase5/raw/MODEL_ASSUMPTIONS.csv,SRC-001;SRC-003,Gross debt less modeled cash above the operating floor only.
LED-O-CM-0134,data/phase5/processed/BASE_CASE_CREDIT_METRICS.csv,credit_metric,CM-0134,formula_calculated_forecast_output,,FY2026,USD_millions,,263.90228125,formula_calculated_credit_metric,contains_owner_reviewed_phase5_testing_assumptions,Minimum quarter-observed capacity after LCs.,data/phase5/raw/MODEL_ASSUMPTIONS.csv,SRC-001;SRC-003,Minimum quarter-observed capacity after LCs.
LED-O-CM-0135,data/phase5/processed/BASE_CASE_CREDIT_METRICS.csv,credit_metric,CM-0135,formula_calculated_forecast_output,,FY2026,USD_millions,,263.90228125,formula_calculated_credit_metric,contains_owner_reviewed_phase5_testing_assumptions,Cash above floor plus available revolver; not contractual liquidity.,data/phase5/raw/MODEL_ASSUMPTIONS.csv,SRC-001;SRC-003,Cash above floor plus available revolver; not contractual liquidity.
LED-O-CM-0136,data/phase5/processed/BASE_CASE_CREDIT_METRICS.csv,credit_metric,CM-0136,formula_calculated_forecast_output,,FY2026,USD_millions,,29.89771875,formula_calculated_credit_metric,contains_owner_reviewed_phase5_testing_assumptions,Maximum ending monthly revolver balance.,data/phase5/raw/MODEL_ASSUMPTIONS.csv,SRC-001;SRC-003,Maximum ending monthly revolver balance.
LED-O-CM-0137,data/phase5/processed/BASE_CASE_CREDIT_METRICS.csv,credit_metric,CM-0137,formula_calculated_forecast_output,,FY2026,USD_millions,,0,formula_calculated_credit_metric,contains_owner_reviewed_phase5_testing_assumptions,Debt due at maturity not covered by modeled cash above floor.,data/phase5/raw/MODEL_ASSUMPTIONS.csv,SRC-001;SRC-003,Debt due at maturity not covered by modeled cash above floor.
LED-O-CM-0138,data/phase5/processed/BASE_CASE_CREDIT_METRICS.csv,credit_metric,CM-0138,formula_calculated_forecast_output,,FY2026,USD_millions,,,formula_calculated_credit_metric,contains_owner_reviewed_phase5_testing_assumptions,"Proposed unused-commitment, LC and fronting fees are unavailable.",data/phase5/raw/MODEL_ASSUMPTIONS.csv,SRC-001;SRC-003,Excluded rather than entered as zero; modeled cash flow and liquidity are before these fees.
LED-O-CM-0139,data/phase5/processed/BASE_CASE_CREDIT_METRICS.csv,credit_metric,CM-0139,formula_calculated_forecast_output,,FY2026,turns,,3.59429997583956437183458407,formula_calculated_credit_metric,contains_owner_reviewed_phase5_testing_assumptions,Ending gross funded debt / same-coverage EBITDA.,data/phase5/raw/MODEL_ASSUMPTIONS.csv,SRC-001;SRC-003,Ending gross funded debt / same-coverage EBITDA.
LED-O-CM-0140,data/phase5/processed/BASE_CASE_CREDIT_METRICS.csv,credit_metric,CM-0140,formula_calculated_forecast_output,,FY2026,turns,,3.59429997583956437183458407,formula_calculated_credit_metric,contains_owner_reviewed_phase5_testing_assumptions,Book-cash diagnostic only; not covenant or lender net leverage.,data/phase5/raw/MODEL_ASSUMPTIONS.csv,SRC-001;SRC-003,Book-cash diagnostic only; not covenant or lender net leverage.
LED-O-CM-0141,data/phase5/processed/BASE_CASE_CREDIT_METRICS.csv,credit_metric,CM-0141,formula_calculated_forecast_output,,FY2026,turns,,5.93181124864913848212551769,formula_calculated_credit_metric,contains_owner_reviewed_phase5_testing_assumptions,Modeled EBITDA / modeled bank cash interest.,data/phase5/raw/MODEL_ASSUMPTIONS.csv,SRC-001;SRC-003,Modeled EBITDA / modeled bank cash interest.
LED-O-CM-0142,data/phase5/processed/BASE_CASE_CREDIT_METRICS.csv,credit_metric,CM-0142,formula_calculated_forecast_output,,FY2026,turns,,3.481691092821678921437779616,formula_calculated_credit_metric,contains_owner_reviewed_phase5_testing_assumptions,CFADS before cash interest / modeled bank cash interest.,data/phase5/raw/MODEL_ASSUMPTIONS.csv,SRC-001;SRC-003,CFADS before cash interest / modeled bank cash interest.
LED-O-CM-0143,data/phase5/processed/BASE_CASE_CREDIT_METRICS.csv,credit_metric,CM-0143,formula_calculated_forecast_output,,FY2026,turns,,1.282262227073413706012333783,formula_calculated_credit_metric,contains_owner_reviewed_phase5_testing_assumptions,"CFADS before interest / bank interest, scheduled term principal and retained-obligation payments.",data/phase5/raw/MODEL_ASSUMPTIONS.csv,SRC-001;SRC-003,"CFADS before interest / bank interest, scheduled term principal and retained-obligation payments."
LED-O-CM-0144,data/phase5/processed/BASE_CASE_CREDIT_METRICS.csv,credit_metric,CM-0144,formula_calculated_forecast_output,,FY2026,turns,,0.1899779278129114392394359188,formula_calculated_credit_metric,contains_owner_reviewed_phase5_testing_assumptions,Modeled CFO proxy / ending gross funded debt.,data/phase5/raw/MODEL_ASSUMPTIONS.csv,SRC-001;SRC-003,Modeled CFO proxy / ending gross funded debt.
LED-O-CM-0145,data/phase5/processed/BASE_CASE_CREDIT_METRICS.csv,credit_metric,CM-0145,formula_calculated_forecast_output,,FY2026,turns,,0.116398150248987106883158443,formula_calculated_credit_metric,contains_owner_reviewed_phase5_testing_assumptions,Modeled FCF proxy / ending gross funded debt.,data/phase5/raw/MODEL_ASSUMPTIONS.csv,SRC-001;SRC-003,Modeled FCF proxy / ending gross funded debt.
LED-O-CM-0146,data/phase5/processed/BASE_CASE_CREDIT_METRICS.csv,credit_metric,CM-0146,formula_calculated_forecast_output,,FY2027,USD_millions,,1837.549119098525625,formula_calculated_credit_metric,contains_owner_reviewed_phase5_testing_assumptions,Sum modeled-quarter revenue.,data/phase5/raw/MODEL_ASSUMPTIONS.csv,SRC-001;SRC-003,Sum modeled-quarter revenue.
LED-O-CM-0147,data/phase5/processed/BASE_CASE_CREDIT_METRICS.csv,credit_metric,CM-0147,formula_calculated_forecast_output,,FY2027,USD_millions,,222.268103897038561074375,formula_calculated_credit_metric,contains_owner_reviewed_phase5_testing_assumptions,Sum formula-calculated lender-base EBITDA; no top-down EBITDA growth.,data/phase5/raw/MODEL_ASSUMPTIONS.csv,SRC-001;SRC-003,Sum formula-calculated lender-base EBITDA; no top-down EBITDA growth.
LED-O-CM-0148,data/phase5/processed/BASE_CASE_CREDIT_METRICS.csv,credit_metric,CM-0148,formula_calculated_forecast_output,,FY2027,percent,,12.0959,formula_calculated_credit_metric,contains_owner_reviewed_phase5_testing_assumptions,EBITDA / revenue.,data/phase5/raw/MODEL_ASSUMPTIONS.csv,SRC-001;SRC-003,EBITDA / revenue.
LED-O-CM-0149,data/phase5/processed/BASE_CASE_CREDIT_METRICS.csv,credit_metric,CM-0149,formula_calculated_forecast_output,,FY2027,USD_millions,,-29.70719722118608914796875,formula_calculated_credit_metric,contains_owner_reviewed_phase5_testing_assumptions,Negative cash use.,data/phase5/raw/MODEL_ASSUMPTIONS.csv,SRC-001;SRC-003,Negative cash use.
LED-O-CM-0150,data/phase5/processed/BASE_CASE_CREDIT_METRICS.csv,credit_metric,CM-0150,formula_calculated_forecast_output,,FY2027,USD_millions,,0.006817535099935976732363,formula_calculated_credit_metric,contains_owner_reviewed_phase5_testing_assumptions,Positive is cash contribution; negative is use.,data/phase5/raw/MODEL_ASSUMPTIONS.csv,SRC-001;SRC-003,Positive is cash contribution; negative is use.
LED-O-CM-0151,data/phase5/processed/BASE_CASE_CREDIT_METRICS.csv,credit_metric,CM-0151,formula_calculated_forecast_output,,FY2027,USD_millions,,-64.314219168448396875,formula_calculated_credit_metric,contains_owner_reviewed_phase5_testing_assumptions,Negative cash use.,data/phase5/raw/MODEL_ASSUMPTIONS.csv,SRC-001;SRC-003,Negative cash use.
LED-O-CM-0152,data/phase5/processed/BASE_CASE_CREDIT_METRICS.csv,credit_metric,CM-0152,formula_calculated_forecast_output,,FY2027,USD_millions,,128.253505042504011028138613,formula_calculated_credit_metric,contains_owner_reviewed_phase5_testing_assumptions,"EBITDA less modeled taxes, capex, working-capital investment and identified cash uses.",data/phase5/raw/MODEL_ASSUMPTIONS.csv,SRC-001;SRC-003,"EBITDA less modeled taxes, capex, working-capital investment and identified cash uses."
LED-O-CM-0153,data/phase5/processed/BASE_CASE_CREDIT_METRICS.csv,credit_metric,CM-0153,formula_calculated_forecast_output,,FY2027,USD_millions,,-39.35432638131032218666777323,formula_calculated_credit_metric,contains_owner_reviewed_phase5_testing_assumptions,Negative cash use based on modeled average debt.,data/phase5/raw/MODEL_ASSUMPTIONS.csv,SRC-001;SRC-003,Negative cash use based on modeled average debt.
LED-O-CM-0154,data/phase5/processed/BASE_CASE_CREDIT_METRICS.csv,credit_metric,CM-0154,formula_calculated_forecast_output,,FY2027,USD_millions,,153.2133978296420857164708398,formula_calculated_credit_metric,contains_owner_reviewed_phase5_testing_assumptions,"EBITDA less cash taxes, working-capital investment, other operating uses and cash interest; not an official GAAP forecast.",data/phase5/raw/MODEL_ASSUMPTIONS.csv,SRC-001;SRC-003,"EBITDA less cash taxes, working-capital investment, other operating uses and cash interest; not an official GAAP forecast."
LED-O-CM-0155,data/phase5/processed/BASE_CASE_CREDIT_METRICS.csv,credit_metric,CM-0155,formula_calculated_forecast_output,,FY2027,USD_millions,,88.89917866119368884147083976,formula_calculated_credit_metric,contains_owner_reviewed_phase5_testing_assumptions,Modeled CFO proxy less capital expenditures.,data/phase5/raw/MODEL_ASSUMPTIONS.csv,SRC-001;SRC-003,Modeled CFO proxy less capital expenditures.
LED-O-CM-0156,data/phase5/processed/BASE_CASE_CREDIT_METRICS.csv,credit_metric,CM-0156,formula_calculated_forecast_output,,FY2027,USD_millions,,65,formula_calculated_credit_metric,contains_owner_reviewed_phase5_testing_assumptions,Required term principal paid in modeled periods.,data/phase5/raw/MODEL_ASSUMPTIONS.csv,SRC-001;SRC-003,Required term principal paid in modeled periods.
LED-O-CM-0157,data/phase5/processed/BASE_CASE_CREDIT_METRICS.csv,credit_metric,CM-0157,formula_calculated_forecast_output,,FY2027,USD_millions,,0,formula_calculated_credit_metric,contains_owner_reviewed_phase5_testing_assumptions,Provisional annual term sweep after revolver repayment.,data/phase5/raw/MODEL_ASSUMPTIONS.csv,SRC-001;SRC-003,Provisional annual term sweep after revolver repayment.
LED-O-CM-0158,data/phase5/processed/BASE_CASE_CREDIT_METRICS.csv,credit_metric,CM-0158,formula_calculated_forecast_output,,FY2027,USD_millions,,-14.5,formula_calculated_credit_metric,contains_owner_reviewed_phase5_testing_assumptions,Negative cash use.,data/phase5/raw/MODEL_ASSUMPTIONS.csv,SRC-001;SRC-003,Negative cash use.
LED-O-CM-0159,data/phase5/processed/BASE_CASE_CREDIT_METRICS.csv,credit_metric,CM-0159,formula_calculated_forecast_output,,FY2027,USD_millions,,-5,formula_calculated_credit_metric,contains_owner_reviewed_phase5_testing_assumptions,Negative cash use.,data/phase5/raw/MODEL_ASSUMPTIONS.csv,SRC-001;SRC-003,Negative cash use.
LED-O-CM-0160,data/phase5/processed/BASE_CASE_CREDIT_METRICS.csv,credit_metric,CM-0160,formula_calculated_forecast_output,,FY2027,USD_millions,,559.8234928091414772054912717,formula_calculated_credit_metric,contains_owner_reviewed_phase5_testing_assumptions,Term plus revolver principal after modeled payments.,data/phase5/raw/MODEL_ASSUMPTIONS.csv,SRC-001;SRC-003,Term plus revolver principal after modeled payments.
LED-O-CM-0161,data/phase5/processed/BASE_CASE_CREDIT_METRICS.csv,credit_metric,CM-0161,formula_calculated_forecast_output,,FY2027,USD_millions,,622.4424928091414772054912717,formula_calculated_credit_metric,contains_owner_reviewed_phase5_testing_assumptions,Bank principal plus conservative retained debt opening proxy.,data/phase5/raw/MODEL_ASSUMPTIONS.csv,SRC-001;SRC-003,Bank principal plus conservative retained debt opening proxy.
LED-O-CM-0162,data/phase5/processed/BASE_CASE_CREDIT_METRICS.csv,credit_metric,CM-0162,formula_calculated_forecast_output,,FY2027,USD_millions,,622.4424928091414772054912717,formula_calculated_credit_metric,contains_owner_reviewed_phase5_testing_assumptions,Gross debt less modeled cash above the operating floor only.,data/phase5/raw/MODEL_ASSUMPTIONS.csv,SRC-001;SRC-003,Gross debt less modeled cash above the operating floor only.
LED-O-CM-0163,data/phase5/processed/BASE_CASE_CREDIT_METRICS.csv,credit_metric,CM-0163,formula_calculated_forecast_output,,FY2027,USD_millions,,256.159022227166571128925139,formula_calculated_credit_metric,contains_owner_reviewed_phase5_testing_assumptions,Minimum quarter-observed capacity after LCs.,data/phase5/raw/MODEL_ASSUMPTIONS.csv,SRC-001;SRC-003,Minimum quarter-observed capacity after LCs.
LED-O-CM-0164,data/phase5/processed/BASE_CASE_CREDIT_METRICS.csv,credit_metric,CM-0164,formula_calculated_forecast_output,,FY2027,USD_millions,,256.159022227166571128925139,formula_calculated_credit_metric,contains_owner_reviewed_phase5_testing_assumptions,Cash above floor plus available revolver; not contractual liquidity.,data/phase5/raw/MODEL_ASSUMPTIONS.csv,SRC-001;SRC-003,Cash above floor plus available revolver; not contractual liquidity.
LED-O-CM-0165,data/phase5/processed/BASE_CASE_CREDIT_METRICS.csv,credit_metric,CM-0165,formula_calculated_forecast_output,,FY2027,USD_millions,,37.64097777283342887107486097,formula_calculated_credit_metric,contains_owner_reviewed_phase5_testing_assumptions,Maximum ending monthly revolver balance.,data/phase5/raw/MODEL_ASSUMPTIONS.csv,SRC-001;SRC-003,Maximum ending monthly revolver balance.
LED-O-CM-0166,data/phase5/processed/BASE_CASE_CREDIT_METRICS.csv,credit_metric,CM-0166,formula_calculated_forecast_output,,FY2027,USD_millions,,0,formula_calculated_credit_metric,contains_owner_reviewed_phase5_testing_assumptions,Debt due at maturity not covered by modeled cash above floor.,data/phase5/raw/MODEL_ASSUMPTIONS.csv,SRC-001;SRC-003,Debt due at maturity not covered by modeled cash above floor.
LED-O-CM-0167,data/phase5/processed/BASE_CASE_CREDIT_METRICS.csv,credit_metric,CM-0167,formula_calculated_forecast_output,,FY2027,USD_millions,,,formula_calculated_credit_metric,contains_owner_reviewed_phase5_testing_assumptions,"Proposed unused-commitment, LC and fronting fees are unavailable.",data/phase5/raw/MODEL_ASSUMPTIONS.csv,SRC-001;SRC-003,Excluded rather than entered as zero; modeled cash flow and liquidity are before these fees.
LED-O-CM-0168,data/phase5/processed/BASE_CASE_CREDIT_METRICS.csv,credit_metric,CM-0168,formula_calculated_forecast_output,,FY2027,turns,,2.800413023262555169259300057,formula_calculated_credit_metric,contains_owner_reviewed_phase5_testing_assumptions,Ending gross funded debt / same-coverage EBITDA.,data/phase5/raw/MODEL_ASSUMPTIONS.csv,SRC-001;SRC-003,Ending gross funded debt / same-coverage EBITDA.
LED-O-CM-0169,data/phase5/processed/BASE_CASE_CREDIT_METRICS.csv,credit_metric,CM-0169,formula_calculated_forecast_output,,FY2027,turns,,2.800413023262555169259300057,formula_calculated_credit_metric,contains_owner_reviewed_phase5_testing_assumptions,Book-cash diagnostic only; not covenant or lender net leverage.,data/phase5/raw/MODEL_ASSUMPTIONS.csv,SRC-001;SRC-003,Book-cash diagnostic only; not covenant or lender net leverage.
LED-O-CM-0170,data/phase5/processed/BASE_CASE_CREDIT_METRICS.csv,credit_metric,CM-0170,formula_calculated_forecast_output,,FY2027,turns,,5.647869607611818363440493065,formula_calculated_credit_metric,contains_owner_reviewed_phase5_testing_assumptions,Modeled EBITDA / modeled bank cash interest.,data/phase5/raw/MODEL_ASSUMPTIONS.csv,SRC-001;SRC-003,Modeled EBITDA / modeled bank cash interest.
LED-O-CM-0171,data/phase5/processed/BASE_CASE_CREDIT_METRICS.csv,credit_metric,CM-0171,formula_calculated_forecast_output,,FY2027,turns,,3.258942963470786404501481881,formula_calculated_credit_metric,contains_owner_reviewed_phase5_testing_assumptions,CFADS before cash interest / modeled bank cash interest.,data/phase5/raw/MODEL_ASSUMPTIONS.csv,SRC-001;SRC-003,CFADS before cash interest / modeled bank cash interest.
LED-O-CM-0172,data/phase5/processed/BASE_CASE_CREDIT_METRICS.csv,credit_metric,CM-0172,formula_calculated_forecast_output,,FY2027,turns,,1.141194399412560380974597929,formula_calculated_credit_metric,contains_owner_reviewed_phase5_testing_assumptions,"CFADS before interest / bank interest, scheduled term principal and retained-obligation payments.",data/phase5/raw/MODEL_ASSUMPTIONS.csv,SRC-001;SRC-003,"CFADS before interest / bank interest, scheduled term principal and retained-obligation payments."
LED-O-CM-0173,data/phase5/processed/BASE_CASE_CREDIT_METRICS.csv,credit_metric,CM-0173,formula_calculated_forecast_output,,FY2027,turns,,0.2461486797570256166985619708,formula_calculated_credit_metric,contains_owner_reviewed_phase5_testing_assumptions,Modeled CFO proxy / ending gross funded debt.,data/phase5/raw/MODEL_ASSUMPTIONS.csv,SRC-001;SRC-003,Modeled CFO proxy / ending gross funded debt.
LED-O-CM-0174,data/phase5/processed/BASE_CASE_CREDIT_METRICS.csv,credit_metric,CM-0174,formula_calculated_forecast_output,,FY2027,turns,,0.1428231197069842378027509437,formula_calculated_credit_metric,contains_owner_reviewed_phase5_testing_assumptions,Modeled FCF proxy / ending gross funded debt.,data/phase5/raw/MODEL_ASSUMPTIONS.csv,SRC-001;SRC-003,Modeled FCF proxy / ending gross funded debt.
LED-O-CM-0175,data/phase5/processed/BASE_CASE_CREDIT_METRICS.csv,credit_metric,CM-0175,formula_calculated_forecast_output,,FY2028,USD_millions,,1837.503180370548161859375,formula_calculated_credit_metric,contains_owner_reviewed_phase5_testing_assumptions,Sum modeled-quarter revenue.,data/phase5/raw/MODEL_ASSUMPTIONS.csv,SRC-001;SRC-003,Sum modeled-quarter revenue.
LED-O-CM-0176,data/phase5/processed/BASE_CASE_CREDIT_METRICS.csv,credit_metric,CM-0176,formula_calculated_forecast_output,,FY2028,USD_millions,,222.2625471944411351103481405,formula_calculated_credit_metric,contains_owner_reviewed_phase5_testing_assumptions,Sum formula-calculated lender-base EBITDA; no top-down EBITDA growth.,data/phase5/raw/MODEL_ASSUMPTIONS.csv,SRC-001;SRC-003,Sum formula-calculated lender-base EBITDA; no top-down EBITDA growth.
LED-O-CM-0177,data/phase5/processed/BASE_CASE_CREDIT_METRICS.csv,credit_metric,CM-0177,formula_calculated_forecast_output,,FY2028,percent,,12.09589999999999999999999999,formula_calculated_credit_metric,contains_owner_reviewed_phase5_testing_assumptions,EBITDA / revenue.,data/phase5/raw/MODEL_ASSUMPTIONS.csv,SRC-001;SRC-003,EBITDA / revenue.
LED-O-CM-0178,data/phase5/processed/BASE_CASE_CREDIT_METRICS.csv,credit_metric,CM-0178,formula_calculated_forecast_output,,FY2028,USD_millions,,-29.70645454125555949574005076,formula_calculated_credit_metric,contains_owner_reviewed_phase5_testing_assumptions,Negative cash use.,data/phase5/raw/MODEL_ASSUMPTIONS.csv,SRC-001;SRC-003,Negative cash use.
LED-O-CM-0179,data/phase5/processed/BASE_CASE_CREDIT_METRICS.csv,credit_metric,CM-0179,formula_calculated_forecast_output,,FY2028,USD_millions,,0.0068173646615584783329446,formula_calculated_credit_metric,contains_owner_reviewed_phase5_testing_assumptions,Positive is cash contribution; negative is use.,data/phase5/raw/MODEL_ASSUMPTIONS.csv,SRC-001;SRC-003,Positive is cash contribution; negative is use.
LED-O-CM-0180,data/phase5/processed/BASE_CASE_CREDIT_METRICS.csv,credit_metric,CM-0180,formula_calculated_forecast_output,,FY2028,USD_millions,,-64.312611312969185665078125,formula_calculated_credit_metric,contains_owner_reviewed_phase5_testing_assumptions,Negative cash use.,data/phase5/raw/MODEL_ASSUMPTIONS.csv,SRC-001;SRC-003,Negative cash use.
LED-O-CM-0181,data/phase5/processed/BASE_CASE_CREDIT_METRICS.csv,credit_metric,CM-0181,formula_calculated_forecast_output,,FY2028,USD_millions,,128.2502987048779484278629094,formula_calculated_credit_metric,contains_owner_reviewed_phase5_testing_assumptions,"EBITDA less modeled taxes, capex, working-capital investment and identified cash uses.",data/phase5/raw/MODEL_ASSUMPTIONS.csv,SRC-001;SRC-003,"EBITDA less modeled taxes, capex, working-capital investment and identified cash uses."
LED-O-CM-0182,data/phase5/processed/BASE_CASE_CREDIT_METRICS.csv,credit_metric,CM-0182,formula_calculated_forecast_output,,FY2028,USD_millions,,-35.14678922506499548722617049,formula_calculated_credit_metric,contains_owner_reviewed_phase5_testing_assumptions,Negative cash use based on modeled average debt.,data/phase5/raw/MODEL_ASSUMPTIONS.csv,SRC-001;SRC-003,Negative cash use based on modeled average debt.
LED-O-CM-0183,data/phase5/processed/BASE_CASE_CREDIT_METRICS.csv,credit_metric,CM-0183,formula_calculated_forecast_output,,FY2028,USD_millions,,157.4161207927821386057148639,formula_calculated_credit_metric,contains_owner_reviewed_phase5_testing_assumptions,"EBITDA less cash taxes, working-capital investment, other operating uses and cash interest; not an official GAAP forecast.",data/phase5/raw/MODEL_ASSUMPTIONS.csv,SRC-001;SRC-003,"EBITDA less cash taxes, working-capital investment, other operating uses and cash interest; not an official GAAP forecast."
LED-O-CM-0184,data/phase5/processed/BASE_CASE_CREDIT_METRICS.csv,credit_metric,CM-0184,formula_calculated_forecast_output,,FY2028,USD_millions,,93.10350947981295294063673891,formula_calculated_credit_metric,contains_owner_reviewed_phase5_testing_assumptions,Modeled CFO proxy less capital expenditures.,data/phase5/raw/MODEL_ASSUMPTIONS.csv,SRC-001;SRC-003,Modeled CFO proxy less capital expenditures.
LED-O-CM-0185,data/phase5/processed/BASE_CASE_CREDIT_METRICS.csv,credit_metric,CM-0185,formula_calculated_forecast_output,,FY2028,USD_millions,,65,formula_calculated_credit_metric,contains_owner_reviewed_phase5_testing_assumptions,Required term principal paid in modeled periods.,data/phase5/raw/MODEL_ASSUMPTIONS.csv,SRC-001;SRC-003,Required term principal paid in modeled periods.
LED-O-CM-0186,data/phase5/processed/BASE_CASE_CREDIT_METRICS.csv,credit_metric,CM-0186,formula_calculated_forecast_output,,FY2028,USD_millions,,0,formula_calculated_credit_metric,contains_owner_reviewed_phase5_testing_assumptions,Provisional annual term sweep after revolver repayment.,data/phase5/raw/MODEL_ASSUMPTIONS.csv,SRC-001;SRC-003,Provisional annual term sweep after revolver repayment.
LED-O-CM-0187,data/phase5/processed/BASE_CASE_CREDIT_METRICS.csv,credit_metric,CM-0187,formula_calculated_forecast_output,,FY2028,USD_millions,,-14.5,formula_calculated_credit_metric,contains_owner_reviewed_phase5_testing_assumptions,Negative cash use.,data/phase5/raw/MODEL_ASSUMPTIONS.csv,SRC-001;SRC-003,Negative cash use.
LED-O-CM-0188,data/phase5/processed/BASE_CASE_CREDIT_METRICS.csv,credit_metric,CM-0188,formula_calculated_forecast_output,,FY2028,USD_millions,,-5,formula_calculated_credit_metric,contains_owner_reviewed_phase5_testing_assumptions,Negative cash use.,data/phase5/raw/MODEL_ASSUMPTIONS.csv,SRC-001;SRC-003,Negative cash use.
LED-O-CM-0189,data/phase5/processed/BASE_CASE_CREDIT_METRICS.csv,credit_metric,CM-0189,formula_calculated_forecast_output,,FY2028,USD_millions,,493.0499833293285242648545328,formula_calculated_credit_metric,contains_owner_reviewed_phase5_testing_assumptions,Term plus revolver principal after modeled payments.,data/phase5/raw/MODEL_ASSUMPTIONS.csv,SRC-001;SRC-003,Term plus revolver principal after modeled payments.
LED-O-CM-0190,data/phase5/processed/BASE_CASE_CREDIT_METRICS.csv,credit_metric,CM-0190,formula_calculated_forecast_output,,FY2028,USD_millions,,555.6689833293285242648545328,formula_calculated_credit_metric,contains_owner_reviewed_phase5_testing_assumptions,Bank principal plus conservative retained debt opening proxy.,data/phase5/raw/MODEL_ASSUMPTIONS.csv,SRC-001;SRC-003,Bank principal plus conservative retained debt opening proxy.
LED-O-CM-0191,data/phase5/processed/BASE_CASE_CREDIT_METRICS.csv,credit_metric,CM-0191,formula_calculated_forecast_output,,FY2028,USD_millions,,555.6689833293285242648545328,formula_calculated_credit_metric,contains_owner_reviewed_phase5_testing_assumptions,Gross debt less modeled cash above the operating floor only.,data/phase5/raw/MODEL_ASSUMPTIONS.csv,SRC-001;SRC-003,Gross debt less modeled cash above the operating floor only.
LED-O-CM-0192,data/phase5/processed/BASE_CASE_CREDIT_METRICS.csv,credit_metric,CM-0192,formula_calculated_forecast_output,,FY2028,USD_millions,,253.8458349441112245272416091,formula_calculated_credit_metric,contains_owner_reviewed_phase5_testing_assumptions,Minimum quarter-observed capacity after LCs.,data/phase5/raw/MODEL_ASSUMPTIONS.csv,SRC-001;SRC-003,Minimum quarter-observed capacity after LCs.
LED-O-CM-0193,data/phase5/processed/BASE_CASE_CREDIT_METRICS.csv,credit_metric,CM-0193,formula_calculated_forecast_output,,FY2028,USD_millions,,253.8458349441112245272416091,formula_calculated_credit_metric,contains_owner_reviewed_phase5_testing_assumptions,Cash above floor plus available revolver; not contractual liquidity.,data/phase5/raw/MODEL_ASSUMPTIONS.csv,SRC-001;SRC-003,Cash above floor plus available revolver; not contractual liquidity.
LED-O-CM-0194,data/phase5/processed/BASE_CASE_CREDIT_METRICS.csv,credit_metric,CM-0194,formula_calculated_forecast_output,,FY2028,USD_millions,,39.95416505588877547275839092,formula_calculated_credit_metric,contains_owner_reviewed_phase5_testing_assumptions,Maximum ending monthly revolver balance.,data/phase5/raw/MODEL_ASSUMPTIONS.csv,SRC-001;SRC-003,Maximum ending monthly revolver balance.
LED-O-CM-0195,data/phase5/processed/BASE_CASE_CREDIT_METRICS.csv,credit_metric,CM-0195,formula_calculated_forecast_output,,FY2028,USD_millions,,0,formula_calculated_credit_metric,contains_owner_reviewed_phase5_testing_assumptions,Debt due at maturity not covered by modeled cash above floor.,data/phase5/raw/MODEL_ASSUMPTIONS.csv,SRC-001;SRC-003,Debt due at maturity not covered by modeled cash above floor.
LED-O-CM-0196,data/phase5/processed/BASE_CASE_CREDIT_METRICS.csv,credit_metric,CM-0196,formula_calculated_forecast_output,,FY2028,USD_millions,,,formula_calculated_credit_metric,contains_owner_reviewed_phase5_testing_assumptions,"Proposed unused-commitment, LC and fronting fees are unavailable.",data/phase5/raw/MODEL_ASSUMPTIONS.csv,SRC-001;SRC-003,Excluded rather than entered as zero; modeled cash flow and liquidity are before these fees.
LED-O-CM-0197,data/phase5/processed/BASE_CASE_CREDIT_METRICS.csv,credit_metric,CM-0197,formula_calculated_forecast_output,,FY2028,turns,,2.500056758744938931407956992,formula_calculated_credit_metric,contains_owner_reviewed_phase5_testing_assumptions,Ending gross funded debt / same-coverage EBITDA.,data/phase5/raw/MODEL_ASSUMPTIONS.csv,SRC-001;SRC-003,Ending gross funded debt / same-coverage EBITDA.
LED-O-CM-0198,data/phase5/processed/BASE_CASE_CREDIT_METRICS.csv,credit_metric,CM-0198,formula_calculated_forecast_output,,FY2028,turns,,2.500056758744938931407956992,formula_calculated_credit_metric,contains_owner_reviewed_phase5_testing_assumptions,Book-cash diagnostic only; not covenant or lender net leverage.,data/phase5/raw/MODEL_ASSUMPTIONS.csv,SRC-001;SRC-003,Book-cash diagnostic only; not covenant or lender net leverage.
LED-O-CM-0199,data/phase5/processed/BASE_CASE_CREDIT_METRICS.csv,credit_metric,CM-0199,formula_calculated_forecast_output,,FY2028,turns,,6.323836461167673397296390615,formula_calculated_credit_metric,contains_owner_reviewed_phase5_testing_assumptions,Modeled EBITDA / modeled bank cash interest.,data/phase5/raw/MODEL_ASSUMPTIONS.csv,SRC-001;SRC-003,Modeled EBITDA / modeled bank cash interest.
LED-O-CM-0200,data/phase5/processed/BASE_CASE_CREDIT_METRICS.csv,credit_metric,CM-0200,formula_calculated_forecast_output,,FY2028,turns,,3.648990463499181283032380049,formula_calculated_credit_metric,contains_owner_reviewed_phase5_testing_assumptions,CFADS before cash interest / modeled bank cash interest.,data/phase5/raw/MODEL_ASSUMPTIONS.csv,SRC-001;SRC-003,CFADS before cash interest / modeled bank cash interest.
LED-O-CM-0201,data/phase5/processed/BASE_CASE_CREDIT_METRICS.csv,credit_metric,CM-0201,formula_calculated_forecast_output,,FY2028,turns,,1.198860983152675358995814501,formula_calculated_credit_metric,contains_owner_reviewed_phase5_testing_assumptions,"CFADS before interest / bank interest, scheduled term principal and retained-obligation payments.",data/phase5/raw/MODEL_ASSUMPTIONS.csv,SRC-001;SRC-003,"CFADS before interest / bank interest, scheduled term principal and retained-obligation payments."
LED-O-CM-0202,data/phase5/processed/BASE_CASE_CREDIT_METRICS.csv,credit_metric,CM-0202,formula_calculated_forecast_output,,FY2028,turns,,0.283291177869264430512180651,formula_calculated_credit_metric,contains_owner_reviewed_phase5_testing_assumptions,Modeled CFO proxy / ending gross funded debt.,data/phase5/raw/MODEL_ASSUMPTIONS.csv,SRC-001;SRC-003,Modeled CFO proxy / ending gross funded debt.
LED-O-CM-0203,data/phase5/processed/BASE_CASE_CREDIT_METRICS.csv,credit_metric,CM-0203,formula_calculated_forecast_output,,FY2028,turns,,0.1675521079509907870666075011,formula_calculated_credit_metric,contains_owner_reviewed_phase5_testing_assumptions,Modeled FCF proxy / ending gross funded debt.,data/phase5/raw/MODEL_ASSUMPTIONS.csv,SRC-001;SRC-003,Modeled FCF proxy / ending gross funded debt.
LED-O-CM-0204,data/phase5/processed/BASE_CASE_CREDIT_METRICS.csv,credit_metric,CM-0204,formula_calculated_forecast_output,,FY2029,USD_millions,,1837.457242791038898155328516,formula_calculated_credit_metric,contains_owner_reviewed_phase5_testing_assumptions,Sum modeled-quarter revenue.,data/phase5/raw/MODEL_ASSUMPTIONS.csv,SRC-001;SRC-003,Sum modeled-quarter revenue.
LED-O-CM-0205,data/phase5/processed/BASE_CASE_CREDIT_METRICS.csv,credit_metric,CM-0205,formula_calculated_forecast_output,,FY2029,USD_millions,,222.2569906307612740819703818,formula_calculated_credit_metric,contains_owner_reviewed_phase5_testing_assumptions,Sum formula-calculated lender-base EBITDA; no top-down EBITDA growth.,data/phase5/raw/MODEL_ASSUMPTIONS.csv,SRC-001;SRC-003,Sum formula-calculated lender-base EBITDA; no top-down EBITDA growth.
LED-O-CM-0206,data/phase5/processed/BASE_CASE_CREDIT_METRICS.csv,credit_metric,CM-0206,formula_calculated_forecast_output,,FY2029,percent,,12.09589999999999999999999999,formula_calculated_credit_metric,contains_owner_reviewed_phase5_testing_assumptions,EBITDA / revenue.,data/phase5/raw/MODEL_ASSUMPTIONS.csv,SRC-001;SRC-003,EBITDA / revenue.
LED-O-CM-0207,data/phase5/processed/BASE_CASE_CREDIT_METRICS.csv,credit_metric,CM-0207,formula_calculated_forecast_output,,FY2029,USD_millions,,-29.70571187989202810675265726,formula_calculated_credit_metric,contains_owner_reviewed_phase5_testing_assumptions,Negative cash use.,data/phase5/raw/MODEL_ASSUMPTIONS.csv,SRC-001;SRC-003,Negative cash use.
LED-O-CM-0208,data/phase5/processed/BASE_CASE_CREDIT_METRICS.csv,credit_metric,CM-0208,formula_calculated_forecast_output,,FY2029,USD_millions,,0.0068171942274419393709865,formula_calculated_credit_metric,contains_owner_reviewed_phase5_testing_assumptions,Positive is cash contribution; negative is use.,data/phase5/raw/MODEL_ASSUMPTIONS.csv,SRC-001;SRC-003,Positive is cash contribution; negative is use.
LED-O-CM-0209,data/phase5/processed/BASE_CASE_CREDIT_METRICS.csv,credit_metric,CM-0209,formula_calculated_forecast_output,,FY2029,USD_millions,,-64.31100349768636143543649805,formula_calculated_credit_metric,contains_owner_reviewed_phase5_testing_assumptions,Negative cash use.,data/phase5/raw/MODEL_ASSUMPTIONS.csv,SRC-001;SRC-003,Negative cash use.
LED-O-CM-0210,data/phase5/processed/BASE_CASE_CREDIT_METRICS.csv,credit_metric,CM-0210,formula_calculated_forecast_output,,FY2029,USD_millions,,128.247092447410326479152213,formula_calculated_credit_metric,contains_owner_reviewed_phase5_testing_assumptions,"EBITDA less modeled taxes, capex, working-capital investment and identified cash uses.",data/phase5/raw/MODEL_ASSUMPTIONS.csv,SRC-001;SRC-003,"EBITDA less modeled taxes, capex, working-capital investment and identified cash uses."
LED-O-CM-0211,data/phase5/processed/BASE_CASE_CREDIT_METRICS.csv,credit_metric,CM-0211,formula_calculated_forecast_output,,FY2029,USD_millions,,-30.60137966266426720426738477,formula_calculated_credit_metric,contains_owner_reviewed_phase5_testing_assumptions,Negative cash use based on modeled average debt.,data/phase5/raw/MODEL_ASSUMPTIONS.csv,SRC-001;SRC-003,Negative cash use based on modeled average debt.
LED-O-CM-0212,data/phase5/processed/BASE_CASE_CREDIT_METRICS.csv,credit_metric,CM-0212,formula_calculated_forecast_output,,FY2029,USD_millions,,161.9567162824324207103213263,formula_calculated_credit_metric,contains_owner_reviewed_phase5_testing_assumptions,"EBITDA less cash taxes, working-capital investment, other operating uses and cash interest; not an official GAAP forecast.",data/phase5/raw/MODEL_ASSUMPTIONS.csv,SRC-001;SRC-003,"EBITDA less cash taxes, working-capital investment, other operating uses and cash interest; not an official GAAP forecast."
LED-O-CM-0213,data/phase5/processed/BASE_CASE_CREDIT_METRICS.csv,credit_metric,CM-0213,formula_calculated_forecast_output,,FY2029,USD_millions,,97.64571278474605927488482829,formula_calculated_credit_metric,contains_owner_reviewed_phase5_testing_assumptions,Modeled CFO proxy less capital expenditures.,data/phase5/raw/MODEL_ASSUMPTIONS.csv,SRC-001;SRC-003,Modeled CFO proxy less capital expenditures.
LED-O-CM-0214,data/phase5/processed/BASE_CASE_CREDIT_METRICS.csv,credit_metric,CM-0214,formula_calculated_forecast_output,,FY2029,USD_millions,,65,formula_calculated_credit_metric,contains_owner_reviewed_phase5_testing_assumptions,Required term principal paid in modeled periods.,data/phase5/raw/MODEL_ASSUMPTIONS.csv,SRC-001;SRC-003,Required term principal paid in modeled periods.
LED-O-CM-0215,data/phase5/processed/BASE_CASE_CREDIT_METRICS.csv,credit_metric,CM-0215,formula_calculated_forecast_output,,FY2029,USD_millions,,0,formula_calculated_credit_metric,contains_owner_reviewed_phase5_testing_assumptions,Provisional annual term sweep after revolver repayment.,data/phase5/raw/MODEL_ASSUMPTIONS.csv,SRC-001;SRC-003,Provisional annual term sweep after revolver repayment.
LED-O-CM-0216,data/phase5/processed/BASE_CASE_CREDIT_METRICS.csv,credit_metric,CM-0216,formula_calculated_forecast_output,,FY2029,USD_millions,,-14.5,formula_calculated_credit_metric,contains_owner_reviewed_phase5_testing_assumptions,Negative cash use.,data/phase5/raw/MODEL_ASSUMPTIONS.csv,SRC-001;SRC-003,Negative cash use.
LED-O-CM-0217,data/phase5/processed/BASE_CASE_CREDIT_METRICS.csv,credit_metric,CM-0217,formula_calculated_forecast_output,,FY2029,USD_millions,,-5,formula_calculated_credit_metric,contains_owner_reviewed_phase5_testing_assumptions,Negative cash use.,data/phase5/raw/MODEL_ASSUMPTIONS.csv,SRC-001;SRC-003,Negative cash use.
LED-O-CM-0218,data/phase5/processed/BASE_CASE_CREDIT_METRICS.csv,credit_metric,CM-0218,formula_calculated_forecast_output,,FY2029,USD_millions,,421.4022705445824649899697045,formula_calculated_credit_metric,contains_owner_reviewed_phase5_testing_assumptions,Term plus revolver principal after modeled payments.,data/phase5/raw/MODEL_ASSUMPTIONS.csv,SRC-001;SRC-003,Term plus revolver principal after modeled payments.
LED-O-CM-0219,data/phase5/processed/BASE_CASE_CREDIT_METRICS.csv,credit_metric,CM-0219,formula_calculated_forecast_output,,FY2029,USD_millions,,484.0212705445824649899697045,formula_calculated_credit_metric,contains_owner_reviewed_phase5_testing_assumptions,Bank principal plus conservative retained debt opening proxy.,data/phase5/raw/MODEL_ASSUMPTIONS.csv,SRC-001;SRC-003,Bank principal plus conservative retained debt opening proxy.
LED-O-CM-0220,data/phase5/processed/BASE_CASE_CREDIT_METRICS.csv,credit_metric,CM-0220,formula_calculated_forecast_output,,FY2029,USD_millions,,484.0212705445824649899697045,formula_calculated_credit_metric,contains_owner_reviewed_phase5_testing_assumptions,Gross debt less modeled cash above the operating floor only.,data/phase5/raw/MODEL_ASSUMPTIONS.csv,SRC-001;SRC-003,Gross debt less modeled cash above the operating floor only.
LED-O-CM-0221,data/phase5/processed/BASE_CASE_CREDIT_METRICS.csv,credit_metric,CM-0221,formula_calculated_forecast_output,,FY2029,USD_millions,,256.8084498830019457164621187,formula_calculated_credit_metric,contains_owner_reviewed_phase5_testing_assumptions,Minimum quarter-observed capacity after LCs.,data/phase5/raw/MODEL_ASSUMPTIONS.csv,SRC-001;SRC-003,Minimum quarter-observed capacity after LCs.
LED-O-CM-0222,data/phase5/processed/BASE_CASE_CREDIT_METRICS.csv,credit_metric,CM-0222,formula_calculated_forecast_output,,FY2029,USD_millions,,256.8084498830019457164621187,formula_calculated_credit_metric,contains_owner_reviewed_phase5_testing_assumptions,Cash above floor plus available revolver; not contractual liquidity.,data/phase5/raw/MODEL_ASSUMPTIONS.csv,SRC-001;SRC-003,Cash above floor plus available revolver; not contractual liquidity.
LED-O-CM-0223,data/phase5/processed/BASE_CASE_CREDIT_METRICS.csv,credit_metric,CM-0223,formula_calculated_forecast_output,,FY2029,USD_millions,,36.99155011699805428353788129,formula_calculated_credit_metric,contains_owner_reviewed_phase5_testing_assumptions,Maximum ending monthly revolver balance.,data/phase5/raw/MODEL_ASSUMPTIONS.csv,SRC-001;SRC-003,Maximum ending monthly revolver balance.
LED-O-CM-0224,data/phase5/processed/BASE_CASE_CREDIT_METRICS.csv,credit_metric,CM-0224,formula_calculated_forecast_output,,FY2029,USD_millions,,0,formula_calculated_credit_metric,contains_owner_reviewed_phase5_testing_assumptions,Debt due at maturity not covered by modeled cash above floor.,data/phase5/raw/MODEL_ASSUMPTIONS.csv,SRC-001;SRC-003,Debt due at maturity not covered by modeled cash above floor.
LED-O-CM-0225,data/phase5/processed/BASE_CASE_CREDIT_METRICS.csv,credit_metric,CM-0225,formula_calculated_forecast_output,,FY2029,USD_millions,,,formula_calculated_credit_metric,contains_owner_reviewed_phase5_testing_assumptions,"Proposed unused-commitment, LC and fronting fees are unavailable.",data/phase5/raw/MODEL_ASSUMPTIONS.csv,SRC-001;SRC-003,Excluded rather than entered as zero; modeled cash flow and liquidity are before these fees.
LED-O-CM-0226,data/phase5/processed/BASE_CASE_CREDIT_METRICS.csv,credit_metric,CM-0226,formula_calculated_forecast_output,,FY2029,turns,,2.1777549906121690592186482,formula_calculated_credit_metric,contains_owner_reviewed_phase5_testing_assumptions,Ending gross funded debt / same-coverage EBITDA.,data/phase5/raw/MODEL_ASSUMPTIONS.csv,SRC-001;SRC-003,Ending gross funded debt / same-coverage EBITDA.
LED-O-CM-0227,data/phase5/processed/BASE_CASE_CREDIT_METRICS.csv,credit_metric,CM-0227,formula_calculated_forecast_output,,FY2029,turns,,2.1777549906121690592186482,formula_calculated_credit_metric,contains_owner_reviewed_phase5_testing_assumptions,Book-cash diagnostic only; not covenant or lender net leverage.,data/phase5/raw/MODEL_ASSUMPTIONS.csv,SRC-001;SRC-003,Book-cash diagnostic only; not covenant or lender net leverage.
LED-O-CM-0228,data/phase5/processed/BASE_CASE_CREDIT_METRICS.csv,credit_metric,CM-0228,formula_calculated_forecast_output,,FY2029,turns,,7.262972881641989785630738664,formula_calculated_credit_metric,contains_owner_reviewed_phase5_testing_assumptions,Modeled EBITDA / modeled bank cash interest.,data/phase5/raw/MODEL_ASSUMPTIONS.csv,SRC-001;SRC-003,Modeled EBITDA / modeled bank cash interest.
LED-O-CM-0229,data/phase5/processed/BASE_CASE_CREDIT_METRICS.csv,credit_metric,CM-0229,formula_calculated_forecast_output,,FY2029,turns,,4.190892497696120836956088138,formula_calculated_credit_metric,contains_owner_reviewed_phase5_testing_assumptions,CFADS before cash interest / modeled bank cash interest.,data/phase5/raw/MODEL_ASSUMPTIONS.csv,SRC-001;SRC-003,CFADS before cash interest / modeled bank cash interest.
LED-O-CM-0230,data/phase5/processed/BASE_CASE_CREDIT_METRICS.csv,credit_metric,CM-0230,formula_calculated_forecast_output,,FY2029,turns,,1.256100603854185443099322436,formula_calculated_credit_metric,contains_owner_reviewed_phase5_testing_assumptions,"CFADS before interest / bank interest, scheduled term principal and retained-obligation payments.",data/phase5/raw/MODEL_ASSUMPTIONS.csv,SRC-001;SRC-003,"CFADS before interest / bank interest, scheduled term principal and retained-obligation payments."
LED-O-CM-0231,data/phase5/processed/BASE_CASE_CREDIT_METRICS.csv,credit_metric,CM-0231,formula_calculated_forecast_output,,FY2029,turns,,0.3346066095405508284476668595,formula_calculated_credit_metric,contains_owner_reviewed_phase5_testing_assumptions,Modeled CFO proxy / ending gross funded debt.,data/phase5/raw/MODEL_ASSUMPTIONS.csv,SRC-001;SRC-003,Modeled CFO proxy / ending gross funded debt.
LED-O-CM-0232,data/phase5/processed/BASE_CASE_CREDIT_METRICS.csv,credit_metric,CM-0232,formula_calculated_forecast_output,,FY2029,turns,,0.2017384745816703954020087114,formula_calculated_credit_metric,contains_owner_reviewed_phase5_testing_assumptions,Modeled FCF proxy / ending gross funded debt.,data/phase5/raw/MODEL_ASSUMPTIONS.csv,SRC-001;SRC-003,Modeled FCF proxy / ending gross funded debt.
LED-O-CM-0233,data/phase5/processed/BASE_CASE_CREDIT_METRICS.csv,credit_metric,CM-0233,formula_calculated_forecast_output,,FY2030,USD_millions,,1837.411306359969122182874632,formula_calculated_credit_metric,contains_owner_reviewed_phase5_testing_assumptions,Sum modeled-quarter revenue.,data/phase5/raw/MODEL_ASSUMPTIONS.csv,SRC-001;SRC-003,Sum modeled-quarter revenue.
LED-O-CM-0234,data/phase5/processed/BASE_CASE_CREDIT_METRICS.csv,credit_metric,CM-0234,formula_calculated_forecast_output,,FY2030,USD_millions,,222.2514342059955050501183327,formula_calculated_credit_metric,contains_owner_reviewed_phase5_testing_assumptions,Sum formula-calculated lender-base EBITDA; no top-down EBITDA growth.,data/phase5/raw/MODEL_ASSUMPTIONS.csv,SRC-001;SRC-003,Sum formula-calculated lender-base EBITDA; no top-down EBITDA growth.
LED-O-CM-0235,data/phase5/processed/BASE_CASE_CREDIT_METRICS.csv,credit_metric,CM-0235,formula_calculated_forecast_output,,FY2030,percent,,12.0959,formula_calculated_credit_metric,contains_owner_reviewed_phase5_testing_assumptions,EBITDA / revenue.,data/phase5/raw/MODEL_ASSUMPTIONS.csv,SRC-001;SRC-003,EBITDA / revenue.
LED-O-CM-0236,data/phase5/processed/BASE_CASE_CREDIT_METRICS.csv,credit_metric,CM-0236,formula_calculated_forecast_output,,FY2030,USD_millions,,-29.70496923709503080604998848,formula_calculated_credit_metric,contains_owner_reviewed_phase5_testing_assumptions,Negative cash use.,data/phase5/raw/MODEL_ASSUMPTIONS.csv,SRC-001;SRC-003,Negative cash use.
LED-O-CM-0237,data/phase5/processed/BASE_CASE_CREDIT_METRICS.csv,credit_metric,CM-0237,formula_calculated_forecast_output,,FY2030,USD_millions,,0.0068170237975862533225021,formula_calculated_credit_metric,contains_owner_reviewed_phase5_testing_assumptions,Positive is cash contribution; negative is use.,data/phase5/raw/MODEL_ASSUMPTIONS.csv,SRC-001;SRC-003,Positive is cash contribution; negative is use.
LED-O-CM-0238,data/phase5/processed/BASE_CASE_CREDIT_METRICS.csv,credit_metric,CM-0238,formula_calculated_forecast_output,,FY2030,USD_millions,,-64.30939572259891927640061214,formula_calculated_credit_metric,contains_owner_reviewed_phase5_testing_assumptions,Negative cash use.,data/phase5/raw/MODEL_ASSUMPTIONS.csv,SRC-001;SRC-003,Negative cash use.
LED-O-CM-0239,data/phase5/processed/BASE_CASE_CREDIT_METRICS.csv,credit_metric,CM-0239,formula_calculated_forecast_output,,FY2030,USD_millions,,128.2438862700991412209902342,formula_calculated_credit_metric,contains_owner_reviewed_phase5_testing_assumptions,"EBITDA less modeled taxes, capex, working-capital investment and identified cash uses.",data/phase5/raw/MODEL_ASSUMPTIONS.csv,SRC-001;SRC-003,"EBITDA less modeled taxes, capex, working-capital investment and identified cash uses."
LED-O-CM-0240,data/phase5/processed/BASE_CASE_CREDIT_METRICS.csv,credit_metric,CM-0240,formula_calculated_forecast_output,,FY2030,USD_millions,,-25.7490215715220730946804965,formula_calculated_credit_metric,contains_owner_reviewed_phase5_testing_assumptions,Negative cash use based on modeled average debt.,data/phase5/raw/MODEL_ASSUMPTIONS.csv,SRC-001;SRC-003,Negative cash use based on modeled average debt.
LED-O-CM-0241,data/phase5/processed/BASE_CASE_CREDIT_METRICS.csv,credit_metric,CM-0241,formula_calculated_forecast_output,,FY2030,USD_millions,,166.8042604211759874027103498,formula_calculated_credit_metric,contains_owner_reviewed_phase5_testing_assumptions,"EBITDA less cash taxes, working-capital investment, other operating uses and cash interest; not an official GAAP forecast.",data/phase5/raw/MODEL_ASSUMPTIONS.csv,SRC-001;SRC-003,"EBITDA less cash taxes, working-capital investment, other operating uses and cash interest; not an official GAAP forecast."
LED-O-CM-0242,data/phase5/processed/BASE_CASE_CREDIT_METRICS.csv,credit_metric,CM-0242,formula_calculated_forecast_output,,FY2030,USD_millions,,102.4948646985770681263097377,formula_calculated_credit_metric,contains_owner_reviewed_phase5_testing_assumptions,Modeled CFO proxy less capital expenditures.,data/phase5/raw/MODEL_ASSUMPTIONS.csv,SRC-001;SRC-003,Modeled CFO proxy less capital expenditures.
LED-O-CM-0243,data/phase5/processed/BASE_CASE_CREDIT_METRICS.csv,credit_metric,CM-0243,formula_calculated_forecast_output,,FY2030,USD_millions,,65,formula_calculated_credit_metric,contains_owner_reviewed_phase5_testing_assumptions,Required term principal paid in modeled periods.,data/phase5/raw/MODEL_ASSUMPTIONS.csv,SRC-001;SRC-003,Required term principal paid in modeled periods.
LED-O-CM-0244,data/phase5/processed/BASE_CASE_CREDIT_METRICS.csv,credit_metric,CM-0244,formula_calculated_forecast_output,,FY2030,USD_millions,,0,formula_calculated_credit_metric,contains_owner_reviewed_phase5_testing_assumptions,Provisional annual term sweep after revolver repayment.,data/phase5/raw/MODEL_ASSUMPTIONS.csv,SRC-001;SRC-003,Provisional annual term sweep after revolver repayment.
LED-O-CM-0245,data/phase5/processed/BASE_CASE_CREDIT_METRICS.csv,credit_metric,CM-0245,formula_calculated_forecast_output,,FY2030,USD_millions,,-14.5,formula_calculated_credit_metric,contains_owner_reviewed_phase5_testing_assumptions,Negative cash use.,data/phase5/raw/MODEL_ASSUMPTIONS.csv,SRC-001;SRC-003,Negative cash use.
LED-O-CM-0246,data/phase5/processed/BASE_CASE_CREDIT_METRICS.csv,credit_metric,CM-0246,formula_calculated_forecast_output,,FY2030,USD_millions,,-5,formula_calculated_credit_metric,contains_owner_reviewed_phase5_testing_assumptions,Negative cash use.,data/phase5/raw/MODEL_ASSUMPTIONS.csv,SRC-001;SRC-003,Negative cash use.
LED-O-CM-0247,data/phase5/processed/BASE_CASE_CREDIT_METRICS.csv,credit_metric,CM-0247,formula_calculated_forecast_output,,FY2030,USD_millions,,344.5534058460053968636599668,formula_calculated_credit_metric,contains_owner_reviewed_phase5_testing_assumptions,Term plus revolver principal after modeled payments.,data/phase5/raw/MODEL_ASSUMPTIONS.csv,SRC-001;SRC-003,Term plus revolver principal after modeled payments.
LED-O-CM-0248,data/phase5/processed/BASE_CASE_CREDIT_METRICS.csv,credit_metric,CM-0248,formula_calculated_forecast_output,,FY2030,USD_millions,,407.1724058460053968636599668,formula_calculated_credit_metric,contains_owner_reviewed_phase5_testing_assumptions,Bank principal plus conservative retained debt opening proxy.,data/phase5/raw/MODEL_ASSUMPTIONS.csv,SRC-001;SRC-003,Bank principal plus conservative retained debt opening proxy.
LED-O-CM-0249,data/phase5/processed/BASE_CASE_CREDIT_METRICS.csv,credit_metric,CM-0249,formula_calculated_forecast_output,,FY2030,USD_millions,,407.1724058460053968636599668,formula_calculated_credit_metric,contains_owner_reviewed_phase5_testing_assumptions,Gross debt less modeled cash above the operating floor only.,data/phase5/raw/MODEL_ASSUMPTIONS.csv,SRC-001;SRC-003,Gross debt less modeled cash above the operating floor only.
LED-O-CM-0250,data/phase5/processed/BASE_CASE_CREDIT_METRICS.csv,credit_metric,CM-0250,formula_calculated_forecast_output,,FY2030,USD_millions,,264.7310295275676327809966028,formula_calculated_credit_metric,contains_owner_reviewed_phase5_testing_assumptions,Minimum quarter-observed capacity after LCs.,data/phase5/raw/MODEL_ASSUMPTIONS.csv,SRC-001;SRC-003,Minimum quarter-observed capacity after LCs.
LED-O-CM-0251,data/phase5/processed/BASE_CASE_CREDIT_METRICS.csv,credit_metric,CM-0251,formula_calculated_forecast_output,,FY2030,USD_millions,,264.7310295275676327809966028,formula_calculated_credit_metric,contains_owner_reviewed_phase5_testing_assumptions,Cash above floor plus available revolver; not contractual liquidity.,data/phase5/raw/MODEL_ASSUMPTIONS.csv,SRC-001;SRC-003,Cash above floor plus available revolver; not contractual liquidity.
LED-O-CM-0252,data/phase5/processed/BASE_CASE_CREDIT_METRICS.csv,credit_metric,CM-0252,formula_calculated_forecast_output,,FY2030,USD_millions,,29.06897047243236721900339721,formula_calculated_credit_metric,contains_owner_reviewed_phase5_testing_assumptions,Maximum ending monthly revolver balance.,data/phase5/raw/MODEL_ASSUMPTIONS.csv,SRC-001;SRC-003,Maximum ending monthly revolver balance.
LED-O-CM-0253,data/phase5/processed/BASE_CASE_CREDIT_METRICS.csv,credit_metric,CM-0253,formula_calculated_forecast_output,,FY2030,USD_millions,,0,formula_calculated_credit_metric,contains_owner_reviewed_phase5_testing_assumptions,Debt due at maturity not covered by modeled cash above floor.,data/phase5/raw/MODEL_ASSUMPTIONS.csv,SRC-001;SRC-003,Debt due at maturity not covered by modeled cash above floor.
LED-O-CM-0254,data/phase5/processed/BASE_CASE_CREDIT_METRICS.csv,credit_metric,CM-0254,formula_calculated_forecast_output,,FY2030,USD_millions,,,formula_calculated_credit_metric,contains_owner_reviewed_phase5_testing_assumptions,"Proposed unused-commitment, LC and fronting fees are unavailable.",data/phase5/raw/MODEL_ASSUMPTIONS.csv,SRC-001;SRC-003,Excluded rather than entered as zero; modeled cash flow and liquidity are before these fees.
LED-O-CM-0255,data/phase5/processed/BASE_CASE_CREDIT_METRICS.csv,credit_metric,CM-0255,formula_calculated_forecast_output,,FY2030,turns,,1.832034998112158062197490166,formula_calculated_credit_metric,contains_owner_reviewed_phase5_testing_assumptions,Ending gross funded debt / same-coverage EBITDA.,data/phase5/raw/MODEL_ASSUMPTIONS.csv,SRC-001;SRC-003,Ending gross funded debt / same-coverage EBITDA.
LED-O-CM-0256,data/phase5/processed/BASE_CASE_CREDIT_METRICS.csv,credit_metric,CM-0256,formula_calculated_forecast_output,,FY2030,turns,,1.832034998112158062197490166,formula_calculated_credit_metric,contains_owner_reviewed_phase5_testing_assumptions,Book-cash diagnostic only; not covenant or lender net leverage.,data/phase5/raw/MODEL_ASSUMPTIONS.csv,SRC-001;SRC-003,Book-cash diagnostic only; not covenant or lender net leverage.
LED-O-CM-0257,data/phase5/processed/BASE_CASE_CREDIT_METRICS.csv,credit_metric,CM-0257,formula_calculated_forecast_output,,FY2030,turns,,8.631451629672847594595306665,formula_calculated_credit_metric,contains_owner_reviewed_phase5_testing_assumptions,Modeled EBITDA / modeled bank cash interest.,data/phase5/raw/MODEL_ASSUMPTIONS.csv,SRC-001;SRC-003,Modeled EBITDA / modeled bank cash interest.
LED-O-CM-0258,data/phase5/processed/BASE_CASE_CREDIT_METRICS.csv,credit_metric,CM-0258,formula_calculated_forecast_output,,FY2030,turns,,4.98053434433929847759800609,formula_calculated_credit_metric,contains_owner_reviewed_phase5_testing_assumptions,CFADS before cash interest / modeled bank cash interest.,data/phase5/raw/MODEL_ASSUMPTIONS.csv,SRC-001;SRC-003,CFADS before cash interest / modeled bank cash interest.
LED-O-CM-0259,data/phase5/processed/BASE_CASE_CREDIT_METRICS.csv,credit_metric,CM-0259,formula_calculated_forecast_output,,FY2030,turns,,1.323534317760972094967458211,formula_calculated_credit_metric,contains_owner_reviewed_phase5_testing_assumptions,"CFADS before interest / bank interest, scheduled term principal and retained-obligation payments.",data/phase5/raw/MODEL_ASSUMPTIONS.csv,SRC-001;SRC-003,"CFADS before interest / bank interest, scheduled term principal and retained-obligation payments."
LED-O-CM-0260,data/phase5/processed/BASE_CASE_CREDIT_METRICS.csv,credit_metric,CM-0260,formula_calculated_forecast_output,,FY2030,turns,,0.4096649429732283422829591746,formula_calculated_credit_metric,contains_owner_reviewed_phase5_testing_assumptions,Modeled CFO proxy / ending gross funded debt.,data/phase5/raw/MODEL_ASSUMPTIONS.csv,SRC-001;SRC-003,Modeled CFO proxy / ending gross funded debt.
LED-O-CM-0261,data/phase5/processed/BASE_CASE_CREDIT_METRICS.csv,credit_metric,CM-0261,formula_calculated_forecast_output,,FY2030,turns,,0.2517235039187334546741461434,formula_calculated_credit_metric,contains_owner_reviewed_phase5_testing_assumptions,Modeled FCF proxy / ending gross funded debt.,data/phase5/raw/MODEL_ASSUMPTIONS.csv,SRC-001;SRC-003,Modeled FCF proxy / ending gross funded debt.
LED-O-CM-0262,data/phase5/processed/BASE_CASE_CREDIT_METRICS.csv,credit_metric,CM-0262,formula_calculated_forecast_output,,FY2031,USD_millions,,399.9839971502874885939843726,formula_calculated_credit_metric,contains_owner_reviewed_phase5_testing_assumptions,Sum modeled-quarter revenue.,data/phase5/raw/MODEL_ASSUMPTIONS.csv,SRC-001;SRC-003,Sum modeled-quarter revenue.
LED-O-CM-0263,data/phase5/processed/BASE_CASE_CREDIT_METRICS.csv,credit_metric,CM-0263,formula_calculated_forecast_output,,FY2031,USD_millions,,32.02102078355558414049508032,formula_calculated_credit_metric,contains_owner_reviewed_phase5_testing_assumptions,Sum formula-calculated lender-base EBITDA; no top-down EBITDA growth.,data/phase5/raw/MODEL_ASSUMPTIONS.csv,SRC-001;SRC-003,Sum formula-calculated lender-base EBITDA; no top-down EBITDA growth.
LED-O-CM-0264,data/phase5/processed/BASE_CASE_CREDIT_METRICS.csv,credit_metric,CM-0264,formula_calculated_forecast_output,,FY2031,percent,,8.005575475941905198323741786,formula_calculated_credit_metric,contains_owner_reviewed_phase5_testing_assumptions,EBITDA / revenue.,data/phase5/raw/MODEL_ASSUMPTIONS.csv,SRC-001;SRC-003,EBITDA / revenue.
LED-O-CM-0265,data/phase5/processed/BASE_CASE_CREDIT_METRICS.csv,credit_metric,CM-0265,formula_calculated_forecast_output,,FY2031,USD_millions,,-2.376280403992900208140628008,formula_calculated_credit_metric,contains_owner_reviewed_phase5_testing_assumptions,Negative cash use.,data/phase5/raw/MODEL_ASSUMPTIONS.csv,SRC-001;SRC-003,Negative cash use.
LED-O-CM-0266,data/phase5/processed/BASE_CASE_CREDIT_METRICS.csv,credit_metric,CM-0266,formula_calculated_forecast_output,,FY2031,USD_millions,,0.0015251072472576468757836,formula_calculated_credit_metric,contains_owner_reviewed_phase5_testing_assumptions,Positive is cash contribution; negative is use.,data/phase5/raw/MODEL_ASSUMPTIONS.csv,SRC-001;SRC-003,Positive is cash contribution; negative is use.
LED-O-CM-0267,data/phase5/processed/BASE_CASE_CREDIT_METRICS.csv,credit_metric,CM-0267,formula_calculated_forecast_output,,FY2031,USD_millions,,-13.99943990026006210078945304,formula_calculated_credit_metric,contains_owner_reviewed_phase5_testing_assumptions,Negative cash use.,data/phase5/raw/MODEL_ASSUMPTIONS.csv,SRC-001;SRC-003,Negative cash use.
LED-O-CM-0268,data/phase5/processed/BASE_CASE_CREDIT_METRICS.csv,credit_metric,CM-0268,formula_calculated_forecast_output,,FY2031,USD_millions,,15.64682558654987947844078288,formula_calculated_credit_metric,contains_owner_reviewed_phase5_testing_assumptions,"EBITDA less modeled taxes, capex, working-capital investment and identified cash uses.",data/phase5/raw/MODEL_ASSUMPTIONS.csv,SRC-001;SRC-003,"EBITDA less modeled taxes, capex, working-capital investment and identified cash uses."
LED-O-CM-0269,data/phase5/processed/BASE_CASE_CREDIT_METRICS.csv,credit_metric,CM-0269,formula_calculated_forecast_output,,FY2031,USD_millions,,-5.629750962137643361373299317,formula_calculated_credit_metric,contains_owner_reviewed_phase5_testing_assumptions,Negative cash use based on modeled average debt.,data/phase5/raw/MODEL_ASSUMPTIONS.csv,SRC-001;SRC-003,Negative cash use based on modeled average debt.
LED-O-CM-0270,data/phase5/processed/BASE_CASE_CREDIT_METRICS.csv,credit_metric,CM-0270,formula_calculated_forecast_output,,FY2031,USD_millions,,24.0165145246722982178569366,formula_calculated_credit_metric,contains_owner_reviewed_phase5_testing_assumptions,"EBITDA less cash taxes, working-capital investment, other operating uses and cash interest; not an official GAAP forecast.",data/phase5/raw/MODEL_ASSUMPTIONS.csv,SRC-001;SRC-003,"EBITDA less cash taxes, working-capital investment, other operating uses and cash interest; not an official GAAP forecast."
LED-O-CM-0271,data/phase5/processed/BASE_CASE_CREDIT_METRICS.csv,credit_metric,CM-0271,formula_calculated_forecast_output,,FY2031,USD_millions,,10.01707462441223611706748356,formula_calculated_credit_metric,contains_owner_reviewed_phase5_testing_assumptions,Modeled CFO proxy less capital expenditures.,data/phase5/raw/MODEL_ASSUMPTIONS.csv,SRC-001;SRC-003,Modeled CFO proxy less capital expenditures.
LED-O-CM-0272,data/phase5/processed/BASE_CASE_CREDIT_METRICS.csv,credit_metric,CM-0272,formula_calculated_forecast_output,,FY2031,USD_millions,,16.25,formula_calculated_credit_metric,contains_owner_reviewed_phase5_testing_assumptions,Required term principal paid in modeled periods.,data/phase5/raw/MODEL_ASSUMPTIONS.csv,SRC-001;SRC-003,Required term principal paid in modeled periods.
LED-O-CM-0273,data/phase5/processed/BASE_CASE_CREDIT_METRICS.csv,credit_metric,CM-0273,formula_calculated_forecast_output,,FY2031,USD_millions,,0,formula_calculated_credit_metric,contains_owner_reviewed_phase5_testing_assumptions,Provisional annual term sweep after revolver repayment.,data/phase5/raw/MODEL_ASSUMPTIONS.csv,SRC-001;SRC-003,Provisional annual term sweep after revolver repayment.
LED-O-CM-0274,data/phase5/processed/BASE_CASE_CREDIT_METRICS.csv,credit_metric,CM-0274,formula_calculated_forecast_output,,FY2031,USD_millions,,-3.624999999999999999999999999,formula_calculated_credit_metric,contains_owner_reviewed_phase5_testing_assumptions,Negative cash use.,data/phase5/raw/MODEL_ASSUMPTIONS.csv,SRC-001;SRC-003,Negative cash use.
LED-O-CM-0275,data/phase5/processed/BASE_CASE_CREDIT_METRICS.csv,credit_metric,CM-0275,formula_calculated_forecast_output,,FY2031,USD_millions,,-1.25,formula_calculated_credit_metric,contains_owner_reviewed_phase5_testing_assumptions,Negative cash use.,data/phase5/raw/MODEL_ASSUMPTIONS.csv,SRC-001;SRC-003,Negative cash use.
LED-O-CM-0276,data/phase5/processed/BASE_CASE_CREDIT_METRICS.csv,credit_metric,CM-0276,formula_calculated_forecast_output,,FY2031,USD_millions,,340.9478312215931607465924833,formula_calculated_credit_metric,contains_owner_reviewed_phase5_testing_assumptions,Term plus revolver principal after modeled payments.,data/phase5/raw/MODEL_ASSUMPTIONS.csv,SRC-001;SRC-003,Term plus revolver principal after modeled payments.
LED-O-CM-0277,data/phase5/processed/BASE_CASE_CREDIT_METRICS.csv,credit_metric,CM-0277,formula_calculated_forecast_output,,FY2031,USD_millions,,403.5668312215931607465924833,formula_calculated_credit_metric,contains_owner_reviewed_phase5_testing_assumptions,Bank principal plus conservative retained debt opening proxy.,data/phase5/raw/MODEL_ASSUMPTIONS.csv,SRC-001;SRC-003,Bank principal plus conservative retained debt opening proxy.
LED-O-CM-0278,data/phase5/processed/BASE_CASE_CREDIT_METRICS.csv,credit_metric,CM-0278,formula_calculated_forecast_output,,FY2031,USD_millions,,403.5668312215931607465924833,formula_calculated_credit_metric,contains_owner_reviewed_phase5_testing_assumptions,Gross debt less modeled cash above the operating floor only.,data/phase5/raw/MODEL_ASSUMPTIONS.csv,SRC-001;SRC-003,Gross debt less modeled cash above the operating floor only.
LED-O-CM-0279,data/phase5/processed/BASE_CASE_CREDIT_METRICS.csv,credit_metric,CM-0279,formula_calculated_forecast_output,,FY2031,USD_millions,,290.4965941539946031363400332,formula_calculated_credit_metric,contains_owner_reviewed_phase5_testing_assumptions,Minimum quarter-observed capacity after LCs.,data/phase5/raw/MODEL_ASSUMPTIONS.csv,SRC-001;SRC-003,Minimum quarter-observed capacity after LCs.
LED-O-CM-0280,data/phase5/processed/BASE_CASE_CREDIT_METRICS.csv,credit_metric,CM-0280,formula_calculated_forecast_output,,FY2031,USD_millions,,290.4965941539946031363400332,formula_calculated_credit_metric,contains_owner_reviewed_phase5_testing_assumptions,Cash above floor plus available revolver; not contractual liquidity.,data/phase5/raw/MODEL_ASSUMPTIONS.csv,SRC-001;SRC-003,Cash above floor plus available revolver; not contractual liquidity.
LED-O-CM-0281,data/phase5/processed/BASE_CASE_CREDIT_METRICS.csv,credit_metric,CM-0281,formula_calculated_forecast_output,,FY2031,USD_millions,,15.94783122159316074659248327,formula_calculated_credit_metric,contains_owner_reviewed_phase5_testing_assumptions,Maximum ending monthly revolver balance.,data/phase5/raw/MODEL_ASSUMPTIONS.csv,SRC-001;SRC-003,Maximum ending monthly revolver balance.
LED-O-CM-0282,data/phase5/processed/BASE_CASE_CREDIT_METRICS.csv,credit_metric,CM-0282,formula_calculated_forecast_output,,FY2031,USD_millions,,340.9478312215931607465924833,formula_calculated_credit_metric,contains_owner_reviewed_phase5_testing_assumptions,Debt due at maturity not covered by modeled cash above floor.,data/phase5/raw/MODEL_ASSUMPTIONS.csv,SRC-001;SRC-003,Debt due at maturity not covered by modeled cash above floor.
LED-O-CM-0283,data/phase5/processed/BASE_CASE_CREDIT_METRICS.csv,credit_metric,CM-0283,formula_calculated_forecast_output,,FY2031,USD_millions,,,formula_calculated_credit_metric,contains_owner_reviewed_phase5_testing_assumptions,"Proposed unused-commitment, LC and fronting fees are unavailable.",data/phase5/raw/MODEL_ASSUMPTIONS.csv,SRC-001;SRC-003,Excluded rather than entered as zero; modeled cash flow and liquidity are before these fees.
LED-O-CM-0284,data/phase5/processed/BASE_CASE_CREDIT_METRICS.csv,credit_metric,CM-0284,formula_calculated_forecast_output,,FY2031,turns,,12.60318445028601858317838762,formula_calculated_credit_metric,contains_owner_reviewed_phase5_testing_assumptions,Ending gross funded debt / same-coverage EBITDA.,data/phase5/raw/MODEL_ASSUMPTIONS.csv,SRC-001;SRC-003,Ending gross funded debt / same-coverage EBITDA.
LED-O-CM-0285,data/phase5/processed/BASE_CASE_CREDIT_METRICS.csv,credit_metric,CM-0285,formula_calculated_forecast_output,,FY2031,turns,,12.60318445028601858317838762,formula_calculated_credit_metric,contains_owner_reviewed_phase5_testing_assumptions,Book-cash diagnostic only; not covenant or lender net leverage.,data/phase5/raw/MODEL_ASSUMPTIONS.csv,SRC-001;SRC-003,Book-cash diagnostic only; not covenant or lender net leverage.
LED-O-CM-0286,data/phase5/processed/BASE_CASE_CREDIT_METRICS.csv,credit_metric,CM-0286,formula_calculated_forecast_output,,FY2031,turns,,5.687821894593548668597496751,formula_calculated_credit_metric,contains_owner_reviewed_phase5_testing_assumptions,Modeled EBITDA / modeled bank cash interest.,data/phase5/raw/MODEL_ASSUMPTIONS.csv,SRC-001;SRC-003,Modeled EBITDA / modeled bank cash interest.
LED-O-CM-0287,data/phase5/processed/BASE_CASE_CREDIT_METRICS.csv,credit_metric,CM-0287,formula_calculated_forecast_output,,FY2031,turns,,2.779310433406579139563513069,formula_calculated_credit_metric,contains_owner_reviewed_phase5_testing_assumptions,CFADS before cash interest / modeled bank cash interest.,data/phase5/raw/MODEL_ASSUMPTIONS.csv,SRC-001;SRC-003,CFADS before cash interest / modeled bank cash interest.
LED-O-CM-0288,data/phase5/processed/BASE_CASE_CREDIT_METRICS.csv,credit_metric,CM-0288,formula_calculated_forecast_output,,FY2031,turns,,0.668203702285632587455188423,formula_calculated_credit_metric,contains_owner_reviewed_phase5_testing_assumptions,"CFADS before interest / bank interest, scheduled term principal and retained-obligation payments.",data/phase5/raw/MODEL_ASSUMPTIONS.csv,SRC-001;SRC-003,"CFADS before interest / bank interest, scheduled term principal and retained-obligation payments."
LED-O-CM-0289,data/phase5/processed/BASE_CASE_CREDIT_METRICS.csv,credit_metric,CM-0289,formula_calculated_forecast_output,,FY2031,turns,,0.05951062541977130581646661852,formula_calculated_credit_metric,contains_owner_reviewed_phase5_testing_assumptions,Modeled CFO proxy / ending gross funded debt.,data/phase5/raw/MODEL_ASSUMPTIONS.csv,SRC-001;SRC-003,Modeled CFO proxy / ending gross funded debt.
LED-O-CM-0290,data/phase5/processed/BASE_CASE_CREDIT_METRICS.csv,credit_metric,CM-0290,formula_calculated_forecast_output,,FY2031,turns,,0.02482135262229217776197280731,formula_calculated_credit_metric,contains_owner_reviewed_phase5_testing_assumptions,Modeled FCF proxy / ending gross funded debt.,data/phase5/raw/MODEL_ASSUMPTIONS.csv,SRC-001;SRC-003,Modeled FCF proxy / ending gross funded debt.
LED-O-CM-0291,data/phase5/processed/BASE_CASE_CREDIT_METRICS.csv,credit_metric,CM-0291,formula_calculated_forecast_output,,MODEL,USD_millions,,669.89771875,formula_calculated_credit_metric,contains_owner_reviewed_phase5_testing_assumptions,Opening term plus revolver.,data/phase5/raw/MODEL_ASSUMPTIONS.csv,SRC-001;SRC-003,Opening term plus revolver.
LED-O-CM-0292,data/phase5/processed/BASE_CASE_CREDIT_METRICS.csv,credit_metric,CM-0292,formula_calculated_forecast_output,,MODEL,USD_millions,,237.1484375432899823450725871,formula_calculated_credit_metric,contains_owner_reviewed_phase5_testing_assumptions,Opening bank principal less debt remaining unpaid after maturity cash application.,data/phase5/raw/MODEL_ASSUMPTIONS.csv,SRC-001;SRC-003,Opening bank principal less debt remaining unpaid after maturity cash application.
LED-O-CM-0293,data/phase5/processed/BASE_CASE_CREDIT_METRICS.csv,credit_metric,CM-0293,formula_calculated_forecast_output,,MODEL,USD_millions,,127.4711665797101677540328191,formula_calculated_credit_metric,contains_owner_reviewed_phase5_testing_assumptions,Modeled bank cash interest through maturity.,data/phase5/raw/MODEL_ASSUMPTIONS.csv,SRC-001;SRC-003,Modeled bank cash interest through maturity.
LED-O-CM-0294,data/phase5/processed/BASE_CASE_CREDIT_METRICS.csv,credit_metric,CM-0294,formula_calculated_forecast_output,,MODEL,USD_millions,,87.5,formula_calculated_credit_metric,contains_owner_reviewed_phase5_testing_assumptions,Scheduled term principal through maturity.,data/phase5/raw/MODEL_ASSUMPTIONS.csv,SRC-001;SRC-003,Scheduled term principal through maturity.
LED-O-CM-0295,data/phase5/processed/BASE_CASE_CREDIT_METRICS.csv,credit_metric,CM-0295,formula_calculated_forecast_output,,MODEL,USD_millions,,0,formula_calculated_credit_metric,contains_owner_reviewed_phase5_testing_assumptions,Provisional term sweep through maturity.,data/phase5/raw/MODEL_ASSUMPTIONS.csv,SRC-001;SRC-003,Provisional term sweep through maturity.
LED-O-CM-0296,data/phase5/processed/BASE_CASE_CREDIT_METRICS.csv,credit_metric,CM-0296,formula_calculated_forecast_output,,MODEL,USD_millions,,0,formula_calculated_credit_metric,contains_owner_reviewed_phase5_testing_assumptions,Modeled cash above floor applied at maturity.,data/phase5/raw/MODEL_ASSUMPTIONS.csv,SRC-001;SRC-003,Modeled cash above floor applied at maturity.
LED-O-CM-0297,data/phase5/processed/BASE_CASE_CREDIT_METRICS.csv,credit_metric,CM-0297,formula_calculated_forecast_output,,MODEL,USD_millions,,432.7492812067100176549274129,formula_calculated_credit_metric,contains_owner_reviewed_phase5_testing_assumptions,Unpaid funded principal after maturity cash application.,data/phase5/raw/MODEL_ASSUMPTIONS.csv,SRC-001;SRC-003,Unpaid funded principal after maturity cash application.
LED-O-CM-0298,data/phase5/processed/BASE_CASE_CREDIT_METRICS.csv,credit_metric,CM-0298,formula_calculated_forecast_output,,MODEL,date,,,formula_calculated_credit_metric,contains_owner_reviewed_phase5_testing_assumptions,First modeled failure date.,data/phase5/raw/MODEL_ASSUMPTIONS.csv,SRC-001;SRC-003,
LED-O-CM-0299,data/phase5/processed/BASE_CASE_CREDIT_METRICS.csv,credit_metric,CM-0299,formula_calculated_forecast_output,,MODEL,date,,,formula_calculated_credit_metric,contains_owner_reviewed_phase5_testing_assumptions,First modeled failure date.,data/phase5/raw/MODEL_ASSUMPTIONS.csv,SRC-001;SRC-003,
LED-O-CM-0300,data/phase5/processed/BASE_CASE_CREDIT_METRICS.csv,credit_metric,CM-0300,formula_calculated_forecast_output,,MODEL,USD_millions,,679.89771875,formula_calculated_credit_metric,contains_owner_reviewed_phase5_testing_assumptions,Opening term plus revolver.,data/phase5/raw/MODEL_ASSUMPTIONS.csv,SRC-001;SRC-003,Opening term plus revolver.
LED-O-CM-0301,data/phase5/processed/BASE_CASE_CREDIT_METRICS.csv,credit_metric,CM-0301,formula_calculated_forecast_output,,MODEL,USD_millions,,338.9498875284068392534075167,formula_calculated_credit_metric,contains_owner_reviewed_phase5_testing_assumptions,Opening bank principal less debt remaining unpaid after maturity cash application.,data/phase5/raw/MODEL_ASSUMPTIONS.csv,SRC-001;SRC-003,Opening bank principal less debt remaining unpaid after maturity cash application.
LED-O-CM-0302,data/phase5/processed/BASE_CASE_CREDIT_METRICS.csv,credit_metric,CM-0302,formula_calculated_forecast_output,,MODEL,USD_millions,,168.5538724511554641279824122,formula_calculated_credit_metric,contains_owner_reviewed_phase5_testing_assumptions,Modeled bank cash interest through maturity.,data/phase5/raw/MODEL_ASSUMPTIONS.csv,SRC-001;SRC-003,Modeled bank cash interest through maturity.
LED-O-CM-0303,data/phase5/processed/BASE_CASE_CREDIT_METRICS.csv,credit_metric,CM-0303,formula_calculated_forecast_output,,MODEL,USD_millions,,325,formula_calculated_credit_metric,contains_owner_reviewed_phase5_testing_assumptions,Scheduled term principal through maturity.,data/phase5/raw/MODEL_ASSUMPTIONS.csv,SRC-001;SRC-003,Scheduled term principal through maturity.
LED-O-CM-0304,data/phase5/processed/BASE_CASE_CREDIT_METRICS.csv,credit_metric,CM-0304,formula_calculated_forecast_output,,MODEL,USD_millions,,0,formula_calculated_credit_metric,contains_owner_reviewed_phase5_testing_assumptions,Provisional term sweep through maturity.,data/phase5/raw/MODEL_ASSUMPTIONS.csv,SRC-001;SRC-003,Provisional term sweep through maturity.
LED-O-CM-0305,data/phase5/processed/BASE_CASE_CREDIT_METRICS.csv,credit_metric,CM-0305,formula_calculated_forecast_output,,MODEL,USD_millions,,0,formula_calculated_credit_metric,contains_owner_reviewed_phase5_testing_assumptions,Modeled cash above floor applied at maturity.,data/phase5/raw/MODEL_ASSUMPTIONS.csv,SRC-001;SRC-003,Modeled cash above floor applied at maturity.
LED-O-CM-0306,data/phase5/processed/BASE_CASE_CREDIT_METRICS.csv,credit_metric,CM-0306,formula_calculated_forecast_output,,MODEL,USD_millions,,340.9478312215931607465924833,formula_calculated_credit_metric,contains_owner_reviewed_phase5_testing_assumptions,Unpaid funded principal after maturity cash application.,data/phase5/raw/MODEL_ASSUMPTIONS.csv,SRC-001;SRC-003,Unpaid funded principal after maturity cash application.
LED-O-CM-0307,data/phase5/processed/BASE_CASE_CREDIT_METRICS.csv,credit_metric,CM-0307,formula_calculated_forecast_output,,MODEL,date,,,formula_calculated_credit_metric,contains_owner_reviewed_phase5_testing_assumptions,First modeled failure date.,data/phase5/raw/MODEL_ASSUMPTIONS.csv,SRC-001;SRC-003,
LED-O-CM-0308,data/phase5/processed/BASE_CASE_CREDIT_METRICS.csv,credit_metric,CM-0308,formula_calculated_forecast_output,,MODEL,date,,,formula_calculated_credit_metric,contains_owner_reviewed_phase5_testing_assumptions,First modeled failure date.,data/phase5/raw/MODEL_ASSUMPTIONS.csv,SRC-001;SRC-003,
LED-O-DS-001,data/phase5/processed/DEBT_CAPACITY_SENSITIVITIES.csv,debt_capacity_sensitivity,DS-001,formula_calculated_forecast_output,,,,,,financing_sensitivity_not_operating_downside,contains_owner_reviewed_phase5_testing_assumptions,Generated by scripts/phase5.py from the identified upstream inputs.,data/phase5/raw/MODEL_ASSUMPTIONS.csv,SRC-001,"Same operating base case in every row. No operating downside, waiver or maturity refinancing is introduced."
LED-O-DS-002,data/phase5/processed/DEBT_CAPACITY_SENSITIVITIES.csv,debt_capacity_sensitivity,DS-002,formula_calculated_forecast_output,,,,,,financing_sensitivity_not_operating_downside,contains_owner_reviewed_phase5_testing_assumptions,Generated by scripts/phase5.py from the identified upstream inputs.,data/phase5/raw/MODEL_ASSUMPTIONS.csv,SRC-001,"Same operating base case in every row. No operating downside, waiver or maturity refinancing is introduced."
LED-O-DS-003,data/phase5/processed/DEBT_CAPACITY_SENSITIVITIES.csv,debt_capacity_sensitivity,DS-003,formula_calculated_forecast_output,,,,,,financing_sensitivity_not_operating_downside,contains_owner_reviewed_phase5_testing_assumptions,Generated by scripts/phase5.py from the identified upstream inputs.,data/phase5/raw/MODEL_ASSUMPTIONS.csv,SRC-001,"Same operating base case in every row. No operating downside, waiver or maturity refinancing is introduced."
LED-O-DS-004,data/phase5/processed/DEBT_CAPACITY_SENSITIVITIES.csv,debt_capacity_sensitivity,DS-004,formula_calculated_forecast_output,,,,,,financing_sensitivity_not_operating_downside,contains_owner_reviewed_phase5_testing_assumptions,Generated by scripts/phase5.py from the identified upstream inputs.,data/phase5/raw/MODEL_ASSUMPTIONS.csv,SRC-001,"Same operating base case in every row. No operating downside, waiver or maturity refinancing is introduced."
LED-O-DS-005,data/phase5/processed/DEBT_CAPACITY_SENSITIVITIES.csv,debt_capacity_sensitivity,DS-005,formula_calculated_forecast_output,,,,,,financing_sensitivity_not_operating_downside,contains_owner_reviewed_phase5_testing_assumptions,Generated by scripts/phase5.py from the identified upstream inputs.,data/phase5/raw/MODEL_ASSUMPTIONS.csv,SRC-001,"Same operating base case in every row. No operating downside, waiver or maturity refinancing is introduced."
LED-O-DS-006,data/phase5/processed/DEBT_CAPACITY_SENSITIVITIES.csv,debt_capacity_sensitivity,DS-006,formula_calculated_forecast_output,,,,,,financing_sensitivity_not_operating_downside,contains_owner_reviewed_phase5_testing_assumptions,Generated by scripts/phase5.py from the identified upstream inputs.,data/phase5/raw/MODEL_ASSUMPTIONS.csv,SRC-001,"Same operating base case in every row. No operating downside, waiver or maturity refinancing is introduced."
LED-O-DS-007,data/phase5/processed/DEBT_CAPACITY_SENSITIVITIES.csv,debt_capacity_sensitivity,DS-007,formula_calculated_forecast_output,,,,,,financing_sensitivity_not_operating_downside,calculated_from_approved_contractual_grid,Generated by scripts/phase5.py from the identified upstream inputs.,data/phase5/raw/MODEL_ASSUMPTIONS.csv,SRC-003,"DT-027 CNLR <=1.50x; commitment fee 0.15%. The applicable January 2026 tier, actual benchmark, floor and recurring fee cash amounts are not determinable."
LED-O-DS-008,data/phase5/processed/DEBT_CAPACITY_SENSITIVITIES.csv,debt_capacity_sensitivity,DS-008,formula_calculated_forecast_output,,,,,,financing_sensitivity_not_operating_downside,calculated_from_approved_contractual_grid,Generated by scripts/phase5.py from the identified upstream inputs.,data/phase5/raw/MODEL_ASSUMPTIONS.csv,SRC-003,"DT-028 CNLR >1.50x and <=2.25x; commitment fee 0.175%. The applicable January 2026 tier, actual benchmark, floor and recurring fee cash amounts are not determinable."
LED-O-DS-009,data/phase5/processed/DEBT_CAPACITY_SENSITIVITIES.csv,debt_capacity_sensitivity,DS-009,formula_calculated_forecast_output,,,,,,financing_sensitivity_not_operating_downside,calculated_from_approved_contractual_grid,Generated by scripts/phase5.py from the identified upstream inputs.,data/phase5/raw/MODEL_ASSUMPTIONS.csv,SRC-003,"DT-029 CNLR >2.25x and <=3.00x; commitment fee 0.2%. The applicable January 2026 tier, actual benchmark, floor and recurring fee cash amounts are not determinable."
LED-O-DS-010,data/phase5/processed/DEBT_CAPACITY_SENSITIVITIES.csv,debt_capacity_sensitivity,DS-010,formula_calculated_forecast_output,,,,,,financing_sensitivity_not_operating_downside,calculated_from_approved_contractual_grid,Generated by scripts/phase5.py from the identified upstream inputs.,data/phase5/raw/MODEL_ASSUMPTIONS.csv,SRC-003,"DT-030 CNLR >3.00x; commitment fee 0.25%. The applicable January 2026 tier, actual benchmark, floor and recurring fee cash amounts are not determinable."
LED-O-DS-011,data/phase5/processed/DEBT_CAPACITY_SENSITIVITIES.csv,debt_capacity_sensitivity,DS-011,formula_calculated_forecast_output,,,,,,financing_sensitivity_not_operating_downside,owner_reviewed_for_phase5_testing,Generated by scripts/phase5.py from the identified upstream inputs.,data/phase5/raw/MODEL_ASSUMPTIONS.csv,SRC-001;SRC-003,Rate-neutral comparison with proposed 6.57% midpoint all-in rate; it is not the actual or representative existing-facility rate and does not select a leverage tier.
LED-O-FC5-001,data/phase5/processed/FINANCING_ALTERNATIVE_COMPARISON.csv,financing_comparison,FC5-001,formula_calculated_forecast_output,,,USD_millions,,679.89771875,like_for_like_base_case_comparison,contains_owner_reviewed_phase5_testing_assumptions,Generated by scripts/phase5.py from the identified upstream inputs.,data/phase5/raw/MODEL_ASSUMPTIONS.csv,SRC-001;SRC-003,Actual closing balances remain pending.
LED-O-FC5-002,data/phase5/processed/FINANCING_ALTERNATIVE_COMPARISON.csv,financing_comparison,FC5-002,formula_calculated_forecast_output,,,USD_millions,,650,like_for_like_base_case_comparison,contains_owner_reviewed_phase5_testing_assumptions,Generated by scripts/phase5.py from the identified upstream inputs.,data/phase5/raw/MODEL_ASSUMPTIONS.csv,SRC-001;SRC-003,Existing installment is funded in the opening revolver and is not a free principal reduction.
LED-O-FC5-003,data/phase5/processed/FINANCING_ALTERNATIVE_COMPARISON.csv,financing_comparison,FC5-003,formula_calculated_forecast_output,,,USD_millions,,29.89771875,like_for_like_base_case_comparison,contains_owner_reviewed_phase5_testing_assumptions,Generated by scripts/phase5.py from the identified upstream inputs.,data/phase5/raw/MODEL_ASSUMPTIONS.csv,SRC-001;SRC-003,"Both are testing positions, not actual balances."
LED-O-FC5-004,data/phase5/processed/FINANCING_ALTERNATIVE_COMPARISON.csv,financing_comparison,FC5-004,formula_calculated_forecast_output,,,USD_millions,,300,like_for_like_base_case_comparison,contains_owner_reviewed_phase5_testing_assumptions,Generated by scripts/phase5.py from the identified upstream inputs.,data/phase5/raw/MODEL_ASSUMPTIONS.csv,SRC-001;SRC-003,Final commitment and LC sublimit are uncommitted.
LED-O-FC5-005,data/phase5/processed/FINANCING_ALTERNATIVE_COMPARISON.csv,financing_comparison,FC5-005,formula_calculated_forecast_output,,,USD_millions,,263.90228125,like_for_like_base_case_comparison,contains_owner_reviewed_phase5_testing_assumptions,Generated by scripts/phase5.py from the identified upstream inputs.,data/phase5/raw/MODEL_ASSUMPTIONS.csv,SRC-001;SRC-003,Neither opening draw is an actual January 2026 balance.
LED-O-FC5-006,data/phase5/processed/FINANCING_ALTERNATIVE_COMPARISON.csv,financing_comparison,FC5-006,formula_calculated_forecast_output,,,USD_millions,,3.64771875,like_for_like_base_case_comparison,contains_owner_reviewed_phase5_testing_assumptions,Generated by scripts/phase5.py from the identified upstream inputs.,data/phase5/raw/MODEL_ASSUMPTIONS.csv,SRC-001;SRC-003,Counted once and excluded from post-February modeled interest.
LED-O-FC5-007,data/phase5/processed/FINANCING_ALTERNATIVE_COMPARISON.csv,financing_comparison,FC5-007,formula_calculated_forecast_output,,,USD_millions,,10,like_for_like_base_case_comparison,contains_owner_reviewed_phase5_testing_assumptions,Generated by scripts/phase5.py from the identified upstream inputs.,data/phase5/raw/MODEL_ASSUMPTIONS.csv,SRC-001;SRC-003,Final fees are pending.
LED-O-FC5-008,data/phase5/processed/FINANCING_ALTERNATIVE_COMPARISON.csv,financing_comparison,FC5-008,formula_calculated_forecast_output,,,USD_millions,,not_determinable,like_for_like_base_case_comparison,contains_owner_reviewed_phase5_testing_assumptions,Generated by scripts/phase5.py from the identified upstream inputs.,data/phase5/raw/MODEL_ASSUMPTIONS.csv,SRC-001;SRC-003,Excluded rather than entered as zero; liquidity is before these fees.
LED-O-FC5-009,data/phase5/processed/FINANCING_ALTERNATIVE_COMPARISON.csv,financing_comparison,FC5-009,formula_calculated_forecast_output,,,USD_millions,,130.0565446238712572817742345,like_for_like_base_case_comparison,contains_owner_reviewed_phase5_testing_assumptions,Generated by scripts/phase5.py from the identified upstream inputs.,data/phase5/raw/MODEL_ASSUMPTIONS.csv,SRC-001;SRC-003,Existing uses the 6.57% rate-neutral case; actual applicable pricing is not determinable.
LED-O-FC5-010,data/phase5/processed/FINANCING_ALTERNATIVE_COMPARISON.csv,financing_comparison,FC5-010,formula_calculated_forecast_output,,,percent,,6.57_owner_reviewed_midpoint,like_for_like_base_case_comparison,contains_owner_reviewed_phase5_testing_assumptions,Generated by scripts/phase5.py from the identified upstream inputs.,data/phase5/raw/MODEL_ASSUMPTIONS.csv,SRC-001;SRC-003,Existing 6.57% is not actual or representative pricing.
LED-O-FC5-011,data/phase5/processed/FINANCING_ALTERNATIVE_COMPARISON.csv,financing_comparison,FC5-011,formula_calculated_forecast_output,,,percent,,not_applicable,like_for_like_base_case_comparison,contains_owner_reviewed_phase5_testing_assumptions,Generated by scripts/phase5.py from the identified upstream inputs.,data/phase5/raw/MODEL_ASSUMPTIONS.csv,SRC-001;SRC-003,Applicable January 2026 leverage tier is not determinable.
LED-O-FC5-012,data/phase5/processed/FINANCING_ALTERNATIVE_COMPARISON.csv,financing_comparison,FC5-012,formula_calculated_forecast_output,,,USD_millions,,65,like_for_like_base_case_comparison,contains_owner_reviewed_phase5_testing_assumptions,Generated by scripts/phase5.py from the identified upstream inputs.,data/phase5/raw/MODEL_ASSUMPTIONS.csv,SRC-001;SRC-003,Stub maturity years contain fewer scheduled installments.
LED-O-FC5-013,data/phase5/processed/FINANCING_ALTERNATIVE_COMPARISON.csv,financing_comparison,FC5-013,formula_calculated_forecast_output,,,USD_millions,,325,like_for_like_base_case_comparison,contains_owner_reviewed_phase5_testing_assumptions,Generated by scripts/phase5.py from the identified upstream inputs.,data/phase5/raw/MODEL_ASSUMPTIONS.csv,SRC-001;SRC-003,Excludes maturity balloon.
LED-O-FC5-014,data/phase5/processed/FINANCING_ALTERNATIVE_COMPARISON.csv,financing_comparison,FC5-014,formula_calculated_forecast_output,,,USD_millions,,0,like_for_like_base_case_comparison,contains_owner_reviewed_phase5_testing_assumptions,Generated by scripts/phase5.py from the identified upstream inputs.,data/phase5/raw/MODEL_ASSUMPTIONS.csv,SRC-001;SRC-003,Public-information sweep definition is provisional.
LED-O-FC5-015,data/phase5/processed/FINANCING_ALTERNATIVE_COMPARISON.csv,financing_comparison,FC5-015,formula_calculated_forecast_output,,,USD_millions,,39.95416505588877547275839092,like_for_like_base_case_comparison,contains_owner_reviewed_phase5_testing_assumptions,Generated by scripts/phase5.py from the identified upstream inputs.,data/phase5/raw/MODEL_ASSUMPTIONS.csv,SRC-001;SRC-003,End-of-month measure; intra-month peaks are unavailable.
LED-O-FC5-016,data/phase5/processed/FINANCING_ALTERNATIVE_COMPARISON.csv,financing_comparison,FC5-016,formula_calculated_forecast_output,,,USD_millions,,253.8458349441112245272416091,like_for_like_base_case_comparison,contains_owner_reviewed_phase5_testing_assumptions,Generated by scripts/phase5.py from the identified upstream inputs.,data/phase5/raw/MODEL_ASSUMPTIONS.csv,SRC-001;SRC-003,Not contractual liquidity.
LED-O-FC5-017,data/phase5/processed/FINANCING_ALTERNATIVE_COMPARISON.csv,financing_comparison,FC5-017,formula_calculated_forecast_output,,,USD_millions,,253.8458349441112245272416091,like_for_like_base_case_comparison,contains_owner_reviewed_phase5_testing_assumptions,Generated by scripts/phase5.py from the identified upstream inputs.,data/phase5/raw/MODEL_ASSUMPTIONS.csv,SRC-001;SRC-003,Cash accessibility and legal availability remain pending.
LED-O-FC5-018,data/phase5/processed/FINANCING_ALTERNATIVE_COMPARISON.csv,financing_comparison,FC5-018,formula_calculated_forecast_output,,,USD_millions,,445.3346592508711071826688285,like_for_like_base_case_comparison,contains_owner_reviewed_phase5_testing_assumptions,Generated by scripts/phase5.py from the identified upstream inputs.,data/phase5/raw/MODEL_ASSUMPTIONS.csv,SRC-001;SRC-003,Existing maturity occurs August 1.
LED-O-FC5-019,data/phase5/processed/FINANCING_ALTERNATIVE_COMPARISON.csv,financing_comparison,FC5-019,formula_calculated_forecast_output,,,USD_millions,,0,like_for_like_base_case_comparison,contains_owner_reviewed_phase5_testing_assumptions,Generated by scripts/phase5.py from the identified upstream inputs.,data/phase5/raw/MODEL_ASSUMPTIONS.csv,SRC-001;SRC-003,Book cash and foreign cash are not credited.
LED-O-FC5-020,data/phase5/processed/FINANCING_ALTERNATIVE_COMPARISON.csv,financing_comparison,FC5-020,formula_calculated_forecast_output,,,USD_millions,,340.9478312215931607465924833,like_for_like_base_case_comparison,contains_owner_reviewed_phase5_testing_assumptions,Generated by scripts/phase5.py from the identified upstream inputs.,data/phase5/raw/MODEL_ASSUMPTIONS.csv,SRC-001;SRC-003,"Gap is a dependency measure, not a forecast default conclusion."
LED-O-FC5-021,data/phase5/processed/FINANCING_ALTERNATIVE_COMPARISON.csv,financing_comparison,FC5-021,formula_calculated_forecast_output,,,date,,2031-01-31,like_for_like_base_case_comparison,contains_owner_reviewed_phase5_testing_assumptions,Generated by scripts/phase5.py from the identified upstream inputs.,data/phase5/raw/MODEL_ASSUMPTIONS.csv,SRC-001;SRC-003,Proposed maturity remains hypothetical.
LED-O-FC5-022,data/phase5/processed/FINANCING_ALTERNATIVE_COMPARISON.csv,financing_comparison,FC5-022,formula_calculated_forecast_output,,,USD_millions,,371.14771875,like_for_like_base_case_comparison,contains_owner_reviewed_phase5_testing_assumptions,Generated by scripts/phase5.py from the identified upstream inputs.,data/phase5/raw/MODEL_ASSUMPTIONS.csv,SRC-001;SRC-003,"$566.25m is the existing FY2029 total, not a maturity-date balloon."
LED-O-FC5-023,data/phase5/processed/FINANCING_ALTERNATIVE_COMPARISON.csv,financing_comparison,FC5-023,formula_calculated_forecast_output,,,USD_millions,,419.89771875,like_for_like_base_case_comparison,contains_owner_reviewed_phase5_testing_assumptions,Generated by scripts/phase5.py from the identified upstream inputs.,data/phase5/raw/MODEL_ASSUMPTIONS.csv,SRC-001;SRC-003,Not the modeled residual after sweeps or revolver repayments.
LED-O-FC5-024,data/phase5/processed/FINANCING_ALTERNATIVE_COMPARISON.csv,financing_comparison,FC5-024,formula_calculated_forecast_output,,,text,,more_restrictive_provisional_package,like_for_like_base_case_comparison,contains_owner_reviewed_phase5_testing_assumptions,Generated by scripts/phase5.py from the identified upstream inputs.,data/phase5/raw/MODEL_ASSUMPTIONS.csv,SRC-001;SRC-003,"Final proposed baskets, fees and covenants are not determinable."
LED-O-FC5-025,data/phase5/processed/FINANCING_ALTERNATIVE_COMPARISON.csv,financing_comparison,FC5-025,formula_calculated_forecast_output,,,text,,not_applicable,like_for_like_base_case_comparison,contains_owner_reviewed_phase5_testing_assumptions,Generated by scripts/phase5.py from the identified upstream inputs.,data/phase5/raw/MODEL_ASSUMPTIONS.csv,SRC-001;SRC-003,"No approved economics exist, so it is not quantified."
LED-O-OB-001,data/phase5/processed/OPENING_POSITION_BRIDGE.csv,opening_position_bridge,OB-001,formula_calculated_forecast_output,,2025-10-31,USD_millions,,468.75,reported_fact,owner_reviewed_for_phase5_testing,Generated deterministically from approved Phase 4 reference inputs and Phase 5 owner-reviewed timing.,data/phase5/raw/MODEL_ASSUMPTIONS.csv,SRC-001;SRC-002,"Actual January cash, cash-flow timing, payoff letter and applicable pricing remain unavailable; the $25m cash balance is a disclosed testing assumption."
LED-O-OB-002,data/phase5/processed/OPENING_POSITION_BRIDGE.csv,opening_position_bridge,OB-002,formula_calculated_forecast_output,,2025-10-31,USD_millions,,172.5,reported_fact,owner_reviewed_for_phase5_testing,Generated deterministically from approved Phase 4 reference inputs and Phase 5 owner-reviewed timing.,data/phase5/raw/MODEL_ASSUMPTIONS.csv,SRC-001;SRC-002,"Actual January cash, cash-flow timing, payoff letter and applicable pricing remain unavailable; the $25m cash balance is a disclosed testing assumption."
LED-O-OB-003,data/phase5/processed/OPENING_POSITION_BRIDGE.csv,opening_position_bridge,OB-003,formula_calculated_forecast_output,,2025-11-01_to_2026-01-31,USD_millions,,25,owner_reviewed_reference_sensitivity,owner_reviewed_for_phase5_testing,Generated deterministically from approved Phase 4 reference inputs and Phase 5 owner-reviewed timing.,data/phase5/raw/MODEL_ASSUMPTIONS.csv,SRC-021,"Actual January cash, cash-flow timing, payoff letter and applicable pricing remain unavailable; the $25m cash balance is a disclosed testing assumption."
LED-O-OB-004,data/phase5/processed/OPENING_POSITION_BRIDGE.csv,opening_position_bridge,OB-004,formula_calculated_forecast_output,,2025-11-01_to_2026-01-31,USD_millions,,0.30058782918787770867427544,formula_calculated_operating_output,owner_reviewed_for_phase5_testing,Generated deterministically from approved Phase 4 reference inputs and Phase 5 owner-reviewed timing.,data/phase5/raw/MODEL_ASSUMPTIONS.csv,SRC-001,"Actual January cash, cash-flow timing, payoff letter and applicable pricing remain unavailable; the $25m cash balance is a disclosed testing assumption."
LED-O-OB-005,data/phase5/processed/OPENING_POSITION_BRIDGE.csv,opening_position_bridge,OB-005,formula_calculated_forecast_output,,2026-01-31_immediately_after_closing_timestamp,USD_millions,,0,timing_and_funding_treatment,owner_reviewed_for_phase5_testing,Generated deterministically from approved Phase 4 reference inputs and Phase 5 owner-reviewed timing.,data/phase5/raw/MODEL_ASSUMPTIONS.csv,SRC-003,"Actual January cash, cash-flow timing, payoff letter and applicable pricing remain unavailable; the $25m cash balance is a disclosed testing assumption."
LED-O-OB-006,data/phase5/processed/OPENING_POSITION_BRIDGE.csv,opening_position_bridge,OB-006,formula_calculated_forecast_output,,through_2026-01-31_closing,USD_millions,,3.64771875,same_point_cash_use,owner_reviewed_for_phase5_testing,Generated deterministically from approved Phase 4 reference inputs and Phase 5 owner-reviewed timing.,data/phase5/raw/MODEL_ASSUMPTIONS.csv,SRC-001,"Actual January cash, cash-flow timing, payoff letter and applicable pricing remain unavailable; the $25m cash balance is a disclosed testing assumption."
LED-O-OB-007,data/phase5/processed/OPENING_POSITION_BRIDGE.csv,opening_position_bridge,OB-007,formula_calculated_forecast_output,,2026-01-31_closing,USD_millions,,10,phase4_reference_closing_use,owner_reviewed_for_phase5_testing,Generated deterministically from approved Phase 4 reference inputs and Phase 5 owner-reviewed timing.,data/phase5/raw/MODEL_ASSUMPTIONS.csv,,"Actual January cash, cash-flow timing, payoff letter and applicable pricing remain unavailable; the $25m cash balance is a disclosed testing assumption."
LED-O-OB-008,data/phase5/processed/OPENING_POSITION_BRIDGE.csv,opening_position_bridge,OB-008,formula_calculated_forecast_output,,2026-01-31_closing,USD_millions,,666.25,phase4_reference_closing_use,owner_reviewed_for_phase5_testing,Generated deterministically from approved Phase 4 reference inputs and Phase 5 owner-reviewed timing.,data/phase5/raw/MODEL_ASSUMPTIONS.csv,SRC-001;SRC-003;SRC-021,"Actual January cash, cash-flow timing, payoff letter and applicable pricing remain unavailable; the $25m cash balance is a disclosed testing assumption."
LED-O-OB-009,data/phase5/processed/OPENING_POSITION_BRIDGE.csv,opening_position_bridge,OB-009,formula_calculated_forecast_output,,2026-01-31_closing,USD_millions,,650,phase4_reference_closing_source,owner_reviewed_for_phase5_testing,Generated deterministically from approved Phase 4 reference inputs and Phase 5 owner-reviewed timing.,data/phase5/raw/MODEL_ASSUMPTIONS.csv,,"Actual January cash, cash-flow timing, payoff letter and applicable pricing remain unavailable; the $25m cash balance is a disclosed testing assumption."
LED-O-OB-010,data/phase5/processed/OPENING_POSITION_BRIDGE.csv,opening_position_bridge,OB-010,formula_calculated_forecast_output,,2026-01-31_closing,USD_millions,,29.89771875,phase4_reference_closing_source,owner_reviewed_for_phase5_testing,Generated deterministically from approved Phase 4 reference inputs and Phase 5 owner-reviewed timing.,data/phase5/raw/MODEL_ASSUMPTIONS.csv,,"Actual January cash, cash-flow timing, payoff letter and applicable pricing remain unavailable; the $25m cash balance is a disclosed testing assumption."
LED-O-OB-011,data/phase5/processed/OPENING_POSITION_BRIDGE.csv,opening_position_bridge,OB-011,formula_calculated_forecast_output,,2026-02-01_00:00,USD_millions,,25,owner_reviewed_same_point_assumption,owner_reviewed_for_phase5_testing,Generated deterministically from approved Phase 4 reference inputs and Phase 5 owner-reviewed timing.,data/phase5/raw/MODEL_ASSUMPTIONS.csv,,"Actual January cash, cash-flow timing, payoff letter and applicable pricing remain unavailable; the $25m cash balance is a disclosed testing assumption."
LED-O-OB-012,data/phase5/processed/OPENING_POSITION_BRIDGE.csv,opening_position_bridge,OB-012,formula_calculated_forecast_output,,2026-02-01_00:00,USD_millions,,6.2,contingent_exposure_not_cash_use,owner_reviewed_for_phase5_testing,Generated deterministically from approved Phase 4 reference inputs and Phase 5 owner-reviewed timing.,data/phase5/raw/MODEL_ASSUMPTIONS.csv,SRC-001;SRC-003,"Actual January cash, cash-flow timing, payoff letter and applicable pricing remain unavailable; the $25m cash balance is a disclosed testing assumption."
LED-O-OB-013,data/phase5/processed/OPENING_POSITION_BRIDGE.csv,opening_position_bridge,OB-013,formula_calculated_forecast_output,,2026-02-01_00:00,USD_millions,,650,reconciled_opening_position,owner_reviewed_for_phase5_testing,Generated deterministically from approved Phase 4 reference inputs and Phase 5 owner-reviewed timing.,data/phase5/raw/MODEL_ASSUMPTIONS.csv,SRC-001;SRC-003,"Actual January cash, cash-flow timing, payoff letter and applicable pricing remain unavailable; the $25m cash balance is a disclosed testing assumption."
LED-O-OB-014,data/phase5/processed/OPENING_POSITION_BRIDGE.csv,opening_position_bridge,OB-014,formula_calculated_forecast_output,,2026-02-01_00:00,USD_millions,,29.89771875,reconciled_opening_position,owner_reviewed_for_phase5_testing,Generated deterministically from approved Phase 4 reference inputs and Phase 5 owner-reviewed timing.,data/phase5/raw/MODEL_ASSUMPTIONS.csv,SRC-001;SRC-003;SRC-021,"Actual January cash, cash-flow timing, payoff letter and applicable pricing remain unavailable; the $25m cash balance is a disclosed testing assumption."
LED-O-OB-015,data/phase5/processed/OPENING_POSITION_BRIDGE.csv,opening_position_bridge,OB-015,formula_calculated_forecast_output,,2026-02-01_00:00,USD_millions,,679.89771875,reconciled_opening_position,owner_reviewed_for_phase5_testing,Generated deterministically from approved Phase 4 reference inputs and Phase 5 owner-reviewed timing.,data/phase5/raw/MODEL_ASSUMPTIONS.csv,SRC-001;SRC-003;SRC-021,"Actual January cash, cash-flow timing, payoff letter and applicable pricing remain unavailable; the $25m cash balance is a disclosed testing assumption."
LED-O-OB-016,data/phase5/processed/OPENING_POSITION_BRIDGE.csv,opening_position_bridge,OB-016,formula_calculated_forecast_output,,2026-02-01_00:00,USD_millions,,25,owner_reviewed_same_point_assumption,owner_reviewed_for_phase5_testing,Generated deterministically from approved Phase 4 reference inputs and Phase 5 owner-reviewed timing.,data/phase5/raw/MODEL_ASSUMPTIONS.csv,SRC-001,"Actual January cash, cash-flow timing, payoff letter and applicable pricing remain unavailable; the $25m cash balance is a disclosed testing assumption."
LED-O-OB-017,data/phase5/processed/OPENING_POSITION_BRIDGE.csv,opening_position_bridge,OB-017,formula_calculated_forecast_output,,2026-02-01_00:00,USD_millions,,263.90228125,formula_calculated_liquidity,owner_reviewed_for_phase5_testing,Generated deterministically from approved Phase 4 reference inputs and Phase 5 owner-reviewed timing.,data/phase5/raw/MODEL_ASSUMPTIONS.csv,SRC-001;SRC-003,"Actual January cash, cash-flow timing, payoff letter and applicable pricing remain unavailable; the $25m cash balance is a disclosed testing assumption."
LED-O-OB-018,data/phase5/processed/OPENING_POSITION_BRIDGE.csv,opening_position_bridge,OB-018,formula_calculated_forecast_output,,prior_phase5_presentation,USD_millions,,679.89771875,superseded_comparison_control,owner_reviewed_for_phase5_testing,Generated deterministically from approved Phase 4 reference inputs and Phase 5 owner-reviewed timing.,data/phase5/raw/MODEL_ASSUMPTIONS.csv,,"Actual January cash, cash-flow timing, payoff letter and applicable pricing remain unavailable; the $25m cash balance is a disclosed testing assumption."
LED-O-OB-019,data/phase5/processed/OPENING_POSITION_BRIDGE.csv,opening_position_bridge,OB-019,formula_calculated_forecast_output,,same_point_reconciliation,USD_millions,,0,timing_and_cash_use_correction,owner_reviewed_for_phase5_testing,Generated deterministically from approved Phase 4 reference inputs and Phase 5 owner-reviewed timing.,data/phase5/raw/MODEL_ASSUMPTIONS.csv,SRC-001;SRC-003,"Actual January cash, cash-flow timing, payoff letter and applicable pricing remain unavailable; the $25m cash balance is a disclosed testing assumption."
LED-O-OB-020,data/phase5/processed/OPENING_POSITION_BRIDGE.csv,opening_position_bridge,OB-020,formula_calculated_forecast_output,,2026-02-01_00:00,USD_millions,,10,difference_reconciliation,owner_reviewed_for_phase5_testing,Generated deterministically from approved Phase 4 reference inputs and Phase 5 owner-reviewed timing.,data/phase5/raw/MODEL_ASSUMPTIONS.csv,,"Actual January cash, cash-flow timing, payoff letter and applicable pricing remain unavailable; the $25m cash balance is a disclosed testing assumption."
LED-O-DA-E-0001,data/phase5/processed/DISTRIBUTION_ANALYSIS.csv,distribution_analysis,DA-E-0001,formula_calculated_forecast_output,,FY2026,,,3.624999999999999999999999999,formula_calculated_distribution_attribution,owner_reviewed_policy_with_pending_contractual_permissions,Generated by scripts/phase5.py from the identified upstream inputs.,data/phase5/raw/MODEL_ASSUMPTIONS.csv,SRC-001;SRC-002;SRC-003,"Distributions remain in the unmitigated case. Cash funding is measured after bank interest, retained mandatory payments and scheduled principal. Direct draw-causing amounts are not silently reclassified as mandatory debt funding; public distribution permissions remain pending."
LED-O-DA-E-0002,data/phase5/processed/DISTRIBUTION_ANALYSIS.csv,distribution_analysis,DA-E-0002,formula_calculated_forecast_output,,FY2026,,,3.624999999999999999999999999,formula_calculated_distribution_attribution,owner_reviewed_policy_with_pending_contractual_permissions,Generated by scripts/phase5.py from the identified upstream inputs.,data/phase5/raw/MODEL_ASSUMPTIONS.csv,SRC-001;SRC-002;SRC-003,"Distributions remain in the unmitigated case. Cash funding is measured after bank interest, retained mandatory payments and scheduled principal. Direct draw-causing amounts are not silently reclassified as mandatory debt funding; public distribution permissions remain pending."
LED-O-DA-E-0003,data/phase5/processed/DISTRIBUTION_ANALYSIS.csv,distribution_analysis,DA-E-0003,formula_calculated_forecast_output,,FY2026,,,3.624999999999999999999999999,formula_calculated_distribution_attribution,owner_reviewed_policy_with_pending_contractual_permissions,Generated by scripts/phase5.py from the identified upstream inputs.,data/phase5/raw/MODEL_ASSUMPTIONS.csv,SRC-001;SRC-002;SRC-003,"Distributions remain in the unmitigated case. Cash funding is measured after bank interest, retained mandatory payments and scheduled principal. Direct draw-causing amounts are not silently reclassified as mandatory debt funding; public distribution permissions remain pending."
LED-O-DA-E-0004,data/phase5/processed/DISTRIBUTION_ANALYSIS.csv,distribution_analysis,DA-E-0004,formula_calculated_forecast_output,,FY2027,,,3.624999999999999999999999999,formula_calculated_distribution_attribution,owner_reviewed_policy_with_pending_contractual_permissions,Generated by scripts/phase5.py from the identified upstream inputs.,data/phase5/raw/MODEL_ASSUMPTIONS.csv,SRC-001;SRC-002;SRC-003,"Distributions remain in the unmitigated case. Cash funding is measured after bank interest, retained mandatory payments and scheduled principal. Direct draw-causing amounts are not silently reclassified as mandatory debt funding; public distribution permissions remain pending."
LED-O-DA-E-0005,data/phase5/processed/DISTRIBUTION_ANALYSIS.csv,distribution_analysis,DA-E-0005,formula_calculated_forecast_output,,FY2027,,,3.624999999999999999999999999,formula_calculated_distribution_attribution,owner_reviewed_policy_with_pending_contractual_permissions,Generated by scripts/phase5.py from the identified upstream inputs.,data/phase5/raw/MODEL_ASSUMPTIONS.csv,SRC-001;SRC-002;SRC-003,"Distributions remain in the unmitigated case. Cash funding is measured after bank interest, retained mandatory payments and scheduled principal. Direct draw-causing amounts are not silently reclassified as mandatory debt funding; public distribution permissions remain pending."
LED-O-DA-E-0006,data/phase5/processed/DISTRIBUTION_ANALYSIS.csv,distribution_analysis,DA-E-0006,formula_calculated_forecast_output,,FY2027,,,3.624999999999999999999999999,formula_calculated_distribution_attribution,owner_reviewed_policy_with_pending_contractual_permissions,Generated by scripts/phase5.py from the identified upstream inputs.,data/phase5/raw/MODEL_ASSUMPTIONS.csv,SRC-001;SRC-002;SRC-003,"Distributions remain in the unmitigated case. Cash funding is measured after bank interest, retained mandatory payments and scheduled principal. Direct draw-causing amounts are not silently reclassified as mandatory debt funding; public distribution permissions remain pending."
LED-O-DA-E-0007,data/phase5/processed/DISTRIBUTION_ANALYSIS.csv,distribution_analysis,DA-E-0007,formula_calculated_forecast_output,,FY2027,,,3.624999999999999999999999999,formula_calculated_distribution_attribution,owner_reviewed_policy_with_pending_contractual_permissions,Generated by scripts/phase5.py from the identified upstream inputs.,data/phase5/raw/MODEL_ASSUMPTIONS.csv,SRC-001;SRC-002;SRC-003,"Distributions remain in the unmitigated case. Cash funding is measured after bank interest, retained mandatory payments and scheduled principal. Direct draw-causing amounts are not silently reclassified as mandatory debt funding; public distribution permissions remain pending."
LED-O-DA-E-0008,data/phase5/processed/DISTRIBUTION_ANALYSIS.csv,distribution_analysis,DA-E-0008,formula_calculated_forecast_output,,FY2028,,,3.624999999999999999999999999,formula_calculated_distribution_attribution,owner_reviewed_policy_with_pending_contractual_permissions,Generated by scripts/phase5.py from the identified upstream inputs.,data/phase5/raw/MODEL_ASSUMPTIONS.csv,SRC-001;SRC-002;SRC-003,"Distributions remain in the unmitigated case. Cash funding is measured after bank interest, retained mandatory payments and scheduled principal. Direct draw-causing amounts are not silently reclassified as mandatory debt funding; public distribution permissions remain pending."
LED-O-DA-E-0009,data/phase5/processed/DISTRIBUTION_ANALYSIS.csv,distribution_analysis,DA-E-0009,formula_calculated_forecast_output,,FY2028,,,3.624999999999999999999999999,formula_calculated_distribution_attribution,owner_reviewed_policy_with_pending_contractual_permissions,Generated by scripts/phase5.py from the identified upstream inputs.,data/phase5/raw/MODEL_ASSUMPTIONS.csv,SRC-001;SRC-002;SRC-003,"Distributions remain in the unmitigated case. Cash funding is measured after bank interest, retained mandatory payments and scheduled principal. Direct draw-causing amounts are not silently reclassified as mandatory debt funding; public distribution permissions remain pending."
LED-O-DA-E-0010,data/phase5/processed/DISTRIBUTION_ANALYSIS.csv,distribution_analysis,DA-E-0010,formula_calculated_forecast_output,,FY2028,,,3.624999999999999999999999999,formula_calculated_distribution_attribution,owner_reviewed_policy_with_pending_contractual_permissions,Generated by scripts/phase5.py from the identified upstream inputs.,data/phase5/raw/MODEL_ASSUMPTIONS.csv,SRC-001;SRC-002;SRC-003,"Distributions remain in the unmitigated case. Cash funding is measured after bank interest, retained mandatory payments and scheduled principal. Direct draw-causing amounts are not silently reclassified as mandatory debt funding; public distribution permissions remain pending."
LED-O-DA-E-0011,data/phase5/processed/DISTRIBUTION_ANALYSIS.csv,distribution_analysis,DA-E-0011,formula_calculated_forecast_output,,FY2028,,,3.624999999999999999999999999,formula_calculated_distribution_attribution,owner_reviewed_policy_with_pending_contractual_permissions,Generated by scripts/phase5.py from the identified upstream inputs.,data/phase5/raw/MODEL_ASSUMPTIONS.csv,SRC-001;SRC-002;SRC-003,"Distributions remain in the unmitigated case. Cash funding is measured after bank interest, retained mandatory payments and scheduled principal. Direct draw-causing amounts are not silently reclassified as mandatory debt funding; public distribution permissions remain pending."
LED-O-DA-E-0012,data/phase5/processed/DISTRIBUTION_ANALYSIS.csv,distribution_analysis,DA-E-0012,formula_calculated_forecast_output,,FY2029,,,3.624999999999999999999999999,formula_calculated_distribution_attribution,owner_reviewed_policy_with_pending_contractual_permissions,Generated by scripts/phase5.py from the identified upstream inputs.,data/phase5/raw/MODEL_ASSUMPTIONS.csv,SRC-001;SRC-002;SRC-003,"Distributions remain in the unmitigated case. Cash funding is measured after bank interest, retained mandatory payments and scheduled principal. Direct draw-causing amounts are not silently reclassified as mandatory debt funding; public distribution permissions remain pending."
LED-O-DA-E-0013,data/phase5/processed/DISTRIBUTION_ANALYSIS.csv,distribution_analysis,DA-E-0013,formula_calculated_forecast_output,,FY2029,,,3.624999999999999999999999999,formula_calculated_distribution_attribution,owner_reviewed_policy_with_pending_contractual_permissions,Generated by scripts/phase5.py from the identified upstream inputs.,data/phase5/raw/MODEL_ASSUMPTIONS.csv,SRC-001;SRC-002;SRC-003,"Distributions remain in the unmitigated case. Cash funding is measured after bank interest, retained mandatory payments and scheduled principal. Direct draw-causing amounts are not silently reclassified as mandatory debt funding; public distribution permissions remain pending."
LED-O-DA-E-0014,data/phase5/processed/DISTRIBUTION_ANALYSIS.csv,distribution_analysis,DA-E-0014,formula_calculated_forecast_output,,FY2029,,,3.624999999999999999999999999,formula_calculated_distribution_attribution,owner_reviewed_policy_with_pending_contractual_permissions,Generated by scripts/phase5.py from the identified upstream inputs.,data/phase5/raw/MODEL_ASSUMPTIONS.csv,SRC-001;SRC-002;SRC-003,"Distributions remain in the unmitigated case. Cash funding is measured after bank interest, retained mandatory payments and scheduled principal. Direct draw-causing amounts are not silently reclassified as mandatory debt funding; public distribution permissions remain pending."
LED-O-DA-P-0015,data/phase5/processed/DISTRIBUTION_ANALYSIS.csv,distribution_analysis,DA-P-0015,formula_calculated_forecast_output,,FY2026,,,3.624999999999999999999999999,formula_calculated_distribution_attribution,owner_reviewed_policy_with_pending_contractual_permissions,Generated by scripts/phase5.py from the identified upstream inputs.,data/phase5/raw/MODEL_ASSUMPTIONS.csv,SRC-001;SRC-002;SRC-003,"Distributions remain in the unmitigated case. Cash funding is measured after bank interest, retained mandatory payments and scheduled principal. Direct draw-causing amounts are not silently reclassified as mandatory debt funding; public distribution permissions remain pending."
LED-O-DA-P-0016,data/phase5/processed/DISTRIBUTION_ANALYSIS.csv,distribution_analysis,DA-P-0016,formula_calculated_forecast_output,,FY2026,,,3.624999999999999999999999999,formula_calculated_distribution_attribution,owner_reviewed_policy_with_pending_contractual_permissions,Generated by scripts/phase5.py from the identified upstream inputs.,data/phase5/raw/MODEL_ASSUMPTIONS.csv,SRC-001;SRC-002;SRC-003,"Distributions remain in the unmitigated case. Cash funding is measured after bank interest, retained mandatory payments and scheduled principal. Direct draw-causing amounts are not silently reclassified as mandatory debt funding; public distribution permissions remain pending."
LED-O-DA-P-0017,data/phase5/processed/DISTRIBUTION_ANALYSIS.csv,distribution_analysis,DA-P-0017,formula_calculated_forecast_output,,FY2026,,,3.624999999999999999999999999,formula_calculated_distribution_attribution,owner_reviewed_policy_with_pending_contractual_permissions,Generated by scripts/phase5.py from the identified upstream inputs.,data/phase5/raw/MODEL_ASSUMPTIONS.csv,SRC-001;SRC-002;SRC-003,"Distributions remain in the unmitigated case. Cash funding is measured after bank interest, retained mandatory payments and scheduled principal. Direct draw-causing amounts are not silently reclassified as mandatory debt funding; public distribution permissions remain pending."
LED-O-DA-P-0018,data/phase5/processed/DISTRIBUTION_ANALYSIS.csv,distribution_analysis,DA-P-0018,formula_calculated_forecast_output,,FY2027,,,3.624999999999999999999999999,formula_calculated_distribution_attribution,owner_reviewed_policy_with_pending_contractual_permissions,Generated by scripts/phase5.py from the identified upstream inputs.,data/phase5/raw/MODEL_ASSUMPTIONS.csv,SRC-001;SRC-002;SRC-003,"Distributions remain in the unmitigated case. Cash funding is measured after bank interest, retained mandatory payments and scheduled principal. Direct draw-causing amounts are not silently reclassified as mandatory debt funding; public distribution permissions remain pending."
LED-O-DA-P-0019,data/phase5/processed/DISTRIBUTION_ANALYSIS.csv,distribution_analysis,DA-P-0019,formula_calculated_forecast_output,,FY2027,,,3.624999999999999999999999999,formula_calculated_distribution_attribution,owner_reviewed_policy_with_pending_contractual_permissions,Generated by scripts/phase5.py from the identified upstream inputs.,data/phase5/raw/MODEL_ASSUMPTIONS.csv,SRC-001;SRC-002;SRC-003,"Distributions remain in the unmitigated case. Cash funding is measured after bank interest, retained mandatory payments and scheduled principal. Direct draw-causing amounts are not silently reclassified as mandatory debt funding; public distribution permissions remain pending."
LED-O-DA-P-0020,data/phase5/processed/DISTRIBUTION_ANALYSIS.csv,distribution_analysis,DA-P-0020,formula_calculated_forecast_output,,FY2027,,,3.624999999999999999999999999,formula_calculated_distribution_attribution,owner_reviewed_policy_with_pending_contractual_permissions,Generated by scripts/phase5.py from the identified upstream inputs.,data/phase5/raw/MODEL_ASSUMPTIONS.csv,SRC-001;SRC-002;SRC-003,"Distributions remain in the unmitigated case. Cash funding is measured after bank interest, retained mandatory payments and scheduled principal. Direct draw-causing amounts are not silently reclassified as mandatory debt funding; public distribution permissions remain pending."
LED-O-DA-P-0021,data/phase5/processed/DISTRIBUTION_ANALYSIS.csv,distribution_analysis,DA-P-0021,formula_calculated_forecast_output,,FY2027,,,3.624999999999999999999999999,formula_calculated_distribution_attribution,owner_reviewed_policy_with_pending_contractual_permissions,Generated by scripts/phase5.py from the identified upstream inputs.,data/phase5/raw/MODEL_ASSUMPTIONS.csv,SRC-001;SRC-002;SRC-003,"Distributions remain in the unmitigated case. Cash funding is measured after bank interest, retained mandatory payments and scheduled principal. Direct draw-causing amounts are not silently reclassified as mandatory debt funding; public distribution permissions remain pending."
LED-O-DA-P-0022,data/phase5/processed/DISTRIBUTION_ANALYSIS.csv,distribution_analysis,DA-P-0022,formula_calculated_forecast_output,,FY2028,,,3.624999999999999999999999999,formula_calculated_distribution_attribution,owner_reviewed_policy_with_pending_contractual_permissions,Generated by scripts/phase5.py from the identified upstream inputs.,data/phase5/raw/MODEL_ASSUMPTIONS.csv,SRC-001;SRC-002;SRC-003,"Distributions remain in the unmitigated case. Cash funding is measured after bank interest, retained mandatory payments and scheduled principal. Direct draw-causing amounts are not silently reclassified as mandatory debt funding; public distribution permissions remain pending."
LED-O-DA-P-0023,data/phase5/processed/DISTRIBUTION_ANALYSIS.csv,distribution_analysis,DA-P-0023,formula_calculated_forecast_output,,FY2028,,,3.624999999999999999999999999,formula_calculated_distribution_attribution,owner_reviewed_policy_with_pending_contractual_permissions,Generated by scripts/phase5.py from the identified upstream inputs.,data/phase5/raw/MODEL_ASSUMPTIONS.csv,SRC-001;SRC-002;SRC-003,"Distributions remain in the unmitigated case. Cash funding is measured after bank interest, retained mandatory payments and scheduled principal. Direct draw-causing amounts are not silently reclassified as mandatory debt funding; public distribution permissions remain pending."
LED-O-DA-P-0024,data/phase5/processed/DISTRIBUTION_ANALYSIS.csv,distribution_analysis,DA-P-0024,formula_calculated_forecast_output,,FY2028,,,3.624999999999999999999999999,formula_calculated_distribution_attribution,owner_reviewed_policy_with_pending_contractual_permissions,Generated by scripts/phase5.py from the identified upstream inputs.,data/phase5/raw/MODEL_ASSUMPTIONS.csv,SRC-001;SRC-002;SRC-003,"Distributions remain in the unmitigated case. Cash funding is measured after bank interest, retained mandatory payments and scheduled principal. Direct draw-causing amounts are not silently reclassified as mandatory debt funding; public distribution permissions remain pending."
LED-O-DA-P-0025,data/phase5/processed/DISTRIBUTION_ANALYSIS.csv,distribution_analysis,DA-P-0025,formula_calculated_forecast_output,,FY2028,,,3.624999999999999999999999999,formula_calculated_distribution_attribution,owner_reviewed_policy_with_pending_contractual_permissions,Generated by scripts/phase5.py from the identified upstream inputs.,data/phase5/raw/MODEL_ASSUMPTIONS.csv,SRC-001;SRC-002;SRC-003,"Distributions remain in the unmitigated case. Cash funding is measured after bank interest, retained mandatory payments and scheduled principal. Direct draw-causing amounts are not silently reclassified as mandatory debt funding; public distribution permissions remain pending."
LED-O-DA-P-0026,data/phase5/processed/DISTRIBUTION_ANALYSIS.csv,distribution_analysis,DA-P-0026,formula_calculated_forecast_output,,FY2029,,,3.624999999999999999999999999,formula_calculated_distribution_attribution,owner_reviewed_policy_with_pending_contractual_permissions,Generated by scripts/phase5.py from the identified upstream inputs.,data/phase5/raw/MODEL_ASSUMPTIONS.csv,SRC-001;SRC-002;SRC-003,"Distributions remain in the unmitigated case. Cash funding is measured after bank interest, retained mandatory payments and scheduled principal. Direct draw-causing amounts are not silently reclassified as mandatory debt funding; public distribution permissions remain pending."
LED-O-DA-P-0027,data/phase5/processed/DISTRIBUTION_ANALYSIS.csv,distribution_analysis,DA-P-0027,formula_calculated_forecast_output,,FY2029,,,3.624999999999999999999999999,formula_calculated_distribution_attribution,owner_reviewed_policy_with_pending_contractual_permissions,Generated by scripts/phase5.py from the identified upstream inputs.,data/phase5/raw/MODEL_ASSUMPTIONS.csv,SRC-001;SRC-002;SRC-003,"Distributions remain in the unmitigated case. Cash funding is measured after bank interest, retained mandatory payments and scheduled principal. Direct draw-causing amounts are not silently reclassified as mandatory debt funding; public distribution permissions remain pending."
LED-O-DA-P-0028,data/phase5/processed/DISTRIBUTION_ANALYSIS.csv,distribution_analysis,DA-P-0028,formula_calculated_forecast_output,,FY2029,,,3.624999999999999999999999999,formula_calculated_distribution_attribution,owner_reviewed_policy_with_pending_contractual_permissions,Generated by scripts/phase5.py from the identified upstream inputs.,data/phase5/raw/MODEL_ASSUMPTIONS.csv,SRC-001;SRC-002;SRC-003,"Distributions remain in the unmitigated case. Cash funding is measured after bank interest, retained mandatory payments and scheduled principal. Direct draw-causing amounts are not silently reclassified as mandatory debt funding; public distribution permissions remain pending."
LED-O-DA-P-0029,data/phase5/processed/DISTRIBUTION_ANALYSIS.csv,distribution_analysis,DA-P-0029,formula_calculated_forecast_output,,FY2029,,,3.624999999999999999999999999,formula_calculated_distribution_attribution,owner_reviewed_policy_with_pending_contractual_permissions,Generated by scripts/phase5.py from the identified upstream inputs.,data/phase5/raw/MODEL_ASSUMPTIONS.csv,SRC-001;SRC-002;SRC-003,"Distributions remain in the unmitigated case. Cash funding is measured after bank interest, retained mandatory payments and scheduled principal. Direct draw-causing amounts are not silently reclassified as mandatory debt funding; public distribution permissions remain pending."
LED-O-DA-P-0030,data/phase5/processed/DISTRIBUTION_ANALYSIS.csv,distribution_analysis,DA-P-0030,formula_calculated_forecast_output,,FY2030,,,3.624999999999999999999999999,formula_calculated_distribution_attribution,owner_reviewed_policy_with_pending_contractual_permissions,Generated by scripts/phase5.py from the identified upstream inputs.,data/phase5/raw/MODEL_ASSUMPTIONS.csv,SRC-001;SRC-002;SRC-003,"Distributions remain in the unmitigated case. Cash funding is measured after bank interest, retained mandatory payments and scheduled principal. Direct draw-causing amounts are not silently reclassified as mandatory debt funding; public distribution permissions remain pending."
LED-O-DA-P-0031,data/phase5/processed/DISTRIBUTION_ANALYSIS.csv,distribution_analysis,DA-P-0031,formula_calculated_forecast_output,,FY2030,,,3.624999999999999999999999999,formula_calculated_distribution_attribution,owner_reviewed_policy_with_pending_contractual_permissions,Generated by scripts/phase5.py from the identified upstream inputs.,data/phase5/raw/MODEL_ASSUMPTIONS.csv,SRC-001;SRC-002;SRC-003,"Distributions remain in the unmitigated case. Cash funding is measured after bank interest, retained mandatory payments and scheduled principal. Direct draw-causing amounts are not silently reclassified as mandatory debt funding; public distribution permissions remain pending."
LED-O-DA-P-0032,data/phase5/processed/DISTRIBUTION_ANALYSIS.csv,distribution_analysis,DA-P-0032,formula_calculated_forecast_output,,FY2030,,,3.624999999999999999999999999,formula_calculated_distribution_attribution,owner_reviewed_policy_with_pending_contractual_permissions,Generated by scripts/phase5.py from the identified upstream inputs.,data/phase5/raw/MODEL_ASSUMPTIONS.csv,SRC-001;SRC-002;SRC-003,"Distributions remain in the unmitigated case. Cash funding is measured after bank interest, retained mandatory payments and scheduled principal. Direct draw-causing amounts are not silently reclassified as mandatory debt funding; public distribution permissions remain pending."
LED-O-DA-P-0033,data/phase5/processed/DISTRIBUTION_ANALYSIS.csv,distribution_analysis,DA-P-0033,formula_calculated_forecast_output,,FY2030,,,3.624999999999999999999999999,formula_calculated_distribution_attribution,owner_reviewed_policy_with_pending_contractual_permissions,Generated by scripts/phase5.py from the identified upstream inputs.,data/phase5/raw/MODEL_ASSUMPTIONS.csv,SRC-001;SRC-002;SRC-003,"Distributions remain in the unmitigated case. Cash funding is measured after bank interest, retained mandatory payments and scheduled principal. Direct draw-causing amounts are not silently reclassified as mandatory debt funding; public distribution permissions remain pending."
LED-O-DA-P-0034,data/phase5/processed/DISTRIBUTION_ANALYSIS.csv,distribution_analysis,DA-P-0034,formula_calculated_forecast_output,,FY2031,,,3.624999999999999999999999999,formula_calculated_distribution_attribution,owner_reviewed_policy_with_pending_contractual_permissions,Generated by scripts/phase5.py from the identified upstream inputs.,data/phase5/raw/MODEL_ASSUMPTIONS.csv,SRC-001;SRC-002;SRC-003,"Distributions remain in the unmitigated case. Cash funding is measured after bank interest, retained mandatory payments and scheduled principal. Direct draw-causing amounts are not silently reclassified as mandatory debt funding; public distribution permissions remain pending."
LED-O-CH-001,data/phase5/processed/COMMON_HORIZON_COMPARISON.csv,common_horizon_comparison,CH-001,formula_calculated_forecast_output,,2029-07-31,USD_millions,,650,like_for_like_common_horizon_or_separate_tail,contains_owner_reviewed_phase5_testing_assumptions,Opening position from reconciled February 1 bridge.,data/phase5/raw/MODEL_ASSUMPTIONS.csv,SRC-001;SRC-003,"Recurring fees and formal covenant compliance remain not determinable; no refinancing, waiver or post-maturity revolver availability is assumed."
LED-O-CH-002,data/phase5/processed/COMMON_HORIZON_COMPARISON.csv,common_horizon_comparison,CH-002,formula_calculated_forecast_output,,2029-07-31,USD_millions,,29.89771875,like_for_like_common_horizon_or_separate_tail,contains_owner_reviewed_phase5_testing_assumptions,Opening position from reconciled February 1 bridge.,data/phase5/raw/MODEL_ASSUMPTIONS.csv,SRC-001;SRC-003,"Recurring fees and formal covenant compliance remain not determinable; no refinancing, waiver or post-maturity revolver availability is assumed."
LED-O-CH-003,data/phase5/processed/COMMON_HORIZON_COMPARISON.csv,common_horizon_comparison,CH-003,formula_calculated_forecast_output,,2029-07-31,USD_millions,,679.89771875,like_for_like_common_horizon_or_separate_tail,contains_owner_reviewed_phase5_testing_assumptions,Term plus revolver.,data/phase5/raw/MODEL_ASSUMPTIONS.csv,SRC-001;SRC-003,"Recurring fees and formal covenant compliance remain not determinable; no refinancing, waiver or post-maturity revolver availability is assumed."
LED-O-CH-004,data/phase5/processed/COMMON_HORIZON_COMPARISON.csv,common_horizon_comparison,CH-004,formula_calculated_forecast_output,,2029-07-31,USD_millions,,10,like_for_like_common_horizon_or_separate_tail,contains_owner_reviewed_phase5_testing_assumptions,Proposed amount funded once at closing; existing not applicable.,data/phase5/raw/MODEL_ASSUMPTIONS.csv,SRC-001;SRC-003,"Recurring fees and formal covenant compliance remain not determinable; no refinancing, waiver or post-maturity revolver availability is assumed."
LED-O-CH-005,data/phase5/processed/COMMON_HORIZON_COMPARISON.csv,common_horizon_comparison,CH-005,formula_calculated_forecast_output,,2029-07-31,USD_millions,,3.64771875,like_for_like_common_horizon_or_separate_tail,contains_owner_reviewed_phase5_testing_assumptions,Existing amount is revolver-funded; proposed amount is in the Phase 4 closing use.,data/phase5/raw/MODEL_ASSUMPTIONS.csv,SRC-001;SRC-003,"Recurring fees and formal covenant compliance remain not determinable; no refinancing, waiver or post-maturity revolver availability is assumed."
LED-O-CH-006,data/phase5/processed/COMMON_HORIZON_COMPARISON.csv,common_horizon_comparison,CH-006,formula_calculated_forecast_output,,2029-07-31,USD_millions,,130.0565446238712572817742345,like_for_like_common_horizon_or_separate_tail,contains_owner_reviewed_phase5_testing_assumptions,"Identical February 1, 2026 through July 31, 2029 period.",data/phase5/raw/MODEL_ASSUMPTIONS.csv,SRC-001;SRC-003,"Recurring fees and formal covenant compliance remain not determinable; no refinancing, waiver or post-maturity revolver availability is assumed."
LED-O-CH-007,data/phase5/processed/COMMON_HORIZON_COMPARISON.csv,common_horizon_comparison,CH-007,formula_calculated_forecast_output,,2029-07-31,USD_millions,,not_determinable,like_for_like_common_horizon_or_separate_tail,contains_owner_reviewed_phase5_testing_assumptions,Blank does not mean zero.,data/phase5/raw/MODEL_ASSUMPTIONS.csv,SRC-001;SRC-003,"Recurring fees and formal covenant compliance remain not determinable; no refinancing, waiver or post-maturity revolver availability is assumed."
LED-O-CH-008,data/phase5/processed/COMMON_HORIZON_COMPARISON.csv,common_horizon_comparison,CH-008,formula_calculated_forecast_output,,2029-07-31,USD_millions,,227.5,like_for_like_common_horizon_or_separate_tail,contains_owner_reviewed_phase5_testing_assumptions,Mandatory scheduled term principal.,data/phase5/raw/MODEL_ASSUMPTIONS.csv,SRC-001;SRC-003,"Recurring fees and formal covenant compliance remain not determinable; no refinancing, waiver or post-maturity revolver availability is assumed."
LED-O-CH-009,data/phase5/processed/COMMON_HORIZON_COMPARISON.csv,common_horizon_comparison,CH-009,formula_calculated_forecast_output,,2029-07-31,USD_millions,,156.9973388133452991118844743,like_for_like_common_horizon_or_separate_tail,contains_owner_reviewed_phase5_testing_assumptions,Gross modeled revolver repayments.,data/phase5/raw/MODEL_ASSUMPTIONS.csv,SRC-001;SRC-003,"Recurring fees and formal covenant compliance remain not determinable; no refinancing, waiver or post-maturity revolver availability is assumed."
LED-O-CH-010,data/phase5/processed/COMMON_HORIZON_COMPARISON.csv,common_horizon_comparison,CH-010,formula_calculated_forecast_output,,2029-07-31,USD_millions,,149.9342793142164062945533027,like_for_like_common_horizon_or_separate_tail,contains_owner_reviewed_phase5_testing_assumptions,Gross modeled revolver draws.,data/phase5/raw/MODEL_ASSUMPTIONS.csv,SRC-001;SRC-003,"Recurring fees and formal covenant compliance remain not determinable; no refinancing, waiver or post-maturity revolver availability is assumed."
LED-O-CH-011,data/phase5/processed/COMMON_HORIZON_COMPARISON.csv,common_horizon_comparison,CH-011,formula_calculated_forecast_output,,2029-07-31,USD_millions,,0,like_for_like_common_horizon_or_separate_tail,contains_owner_reviewed_phase5_testing_assumptions,Provisional October sweep after revolver repayment.,data/phase5/raw/MODEL_ASSUMPTIONS.csv,SRC-001;SRC-003,"Recurring fees and formal covenant compliance remain not determinable; no refinancing, waiver or post-maturity revolver availability is assumed."
LED-O-CH-012,data/phase5/processed/COMMON_HORIZON_COMPARISON.csv,common_horizon_comparison,CH-012,formula_calculated_forecast_output,,2029-07-31,USD_millions,,68.24999999999999999999999996,like_for_like_common_horizon_or_separate_tail,contains_owner_reviewed_phase5_testing_assumptions,Dividends plus repurchases retained in the unmitigated case.,data/phase5/raw/MODEL_ASSUMPTIONS.csv,SRC-001;SRC-003,"Recurring fees and formal covenant compliance remain not determinable; no refinancing, waiver or post-maturity revolver availability is assumed."
LED-O-CH-013,data/phase5/processed/COMMON_HORIZON_COMPARISON.csv,common_horizon_comparison,CH-013,formula_calculated_forecast_output,,2029-07-31,USD_millions,,25.99775000000000000000000004,like_for_like_common_horizon_or_separate_tail,contains_owner_reviewed_phase5_testing_assumptions,Mandatory payments; principal and interest split unavailable.,data/phase5/raw/MODEL_ASSUMPTIONS.csv,SRC-001;SRC-003,"Recurring fees and formal covenant compliance remain not determinable; no refinancing, waiver or post-maturity revolver availability is assumed."
LED-O-CH-014,data/phase5/processed/COMMON_HORIZON_COMPARISON.csv,common_horizon_comparison,CH-014,formula_calculated_forecast_output,,2029-07-31,USD_millions,,540.5516334372165563936587088,like_for_like_common_horizon_or_separate_tail,contains_owner_reviewed_phase5_testing_assumptions,"Bank interest, retained payments, scheduled principal, revolver repayments, sweeps and maturity cash application.",data/phase5/raw/MODEL_ASSUMPTIONS.csv,SRC-001;SRC-003,"Recurring fees and formal covenant compliance remain not determinable; no refinancing, waiver or post-maturity revolver availability is assumed."
LED-O-CH-015,data/phase5/processed/COMMON_HORIZON_COMPARISON.csv,common_horizon_comparison,CH-015,formula_calculated_forecast_output,,2029-07-31,USD_millions,,514.5538834372165563936587088,like_for_like_common_horizon_or_separate_tail,contains_owner_reviewed_phase5_testing_assumptions,Bank interest plus gross bank principal receipts; excludes retained-obligation payments.,data/phase5/raw/MODEL_ASSUMPTIONS.csv,SRC-001;SRC-003,"Recurring fees and formal covenant compliance remain not determinable; no refinancing, waiver or post-maturity revolver availability is assumed."
LED-O-CH-016,data/phase5/processed/COMMON_HORIZON_COMPARISON.csv,common_horizon_comparison,CH-016,formula_calculated_forecast_output,,2029-07-31,USD_millions,,422.5,like_for_like_common_horizon_or_separate_tail,contains_owner_reviewed_phase5_testing_assumptions,After any August 1 existing maturity cash application.,data/phase5/raw/MODEL_ASSUMPTIONS.csv,SRC-001;SRC-003,"Recurring fees and formal covenant compliance remain not determinable; no refinancing, waiver or post-maturity revolver availability is assumed."
LED-O-CH-017,data/phase5/processed/COMMON_HORIZON_COMPARISON.csv,common_horizon_comparison,CH-017,formula_calculated_forecast_output,,2029-07-31,USD_millions,,22.83465925087110718266882846,like_for_like_common_horizon_or_separate_tail,contains_owner_reviewed_phase5_testing_assumptions,After any August 1 existing maturity cash application.,data/phase5/raw/MODEL_ASSUMPTIONS.csv,SRC-001;SRC-003,"Recurring fees and formal covenant compliance remain not determinable; no refinancing, waiver or post-maturity revolver availability is assumed."
LED-O-CH-018,data/phase5/processed/COMMON_HORIZON_COMPARISON.csv,common_horizon_comparison,CH-018,formula_calculated_forecast_output,,2029-07-31,USD_millions,,445.3346592508711071826688285,like_for_like_common_horizon_or_separate_tail,contains_owner_reviewed_phase5_testing_assumptions,Term plus revolver.,data/phase5/raw/MODEL_ASSUMPTIONS.csv,SRC-001;SRC-003,"Recurring fees and formal covenant compliance remain not determinable; no refinancing, waiver or post-maturity revolver availability is assumed."
LED-O-CH-019,data/phase5/processed/COMMON_HORIZON_COMPARISON.csv,common_horizon_comparison,CH-019,formula_calculated_forecast_output,,2029-07-31,USD_millions,,39.95416505588877547275839092,like_for_like_common_horizon_or_separate_tail,contains_owner_reviewed_phase5_testing_assumptions,End-of-month peak.,data/phase5/raw/MODEL_ASSUMPTIONS.csv,SRC-001;SRC-003,"Recurring fees and formal covenant compliance remain not determinable; no refinancing, waiver or post-maturity revolver availability is assumed."
LED-O-CH-020,data/phase5/processed/COMMON_HORIZON_COMPARISON.csv,common_horizon_comparison,CH-020,formula_calculated_forecast_output,,2029-07-31,USD_millions,,253.8458349441112245272416091,like_for_like_common_horizon_or_separate_tail,contains_owner_reviewed_phase5_testing_assumptions,Excludes post-maturity availability.,data/phase5/raw/MODEL_ASSUMPTIONS.csv,SRC-001;SRC-003,"Recurring fees and formal covenant compliance remain not determinable; no refinancing, waiver or post-maturity revolver availability is assumed."
LED-O-CH-021,data/phase5/processed/COMMON_HORIZON_COMPARISON.csv,common_horizon_comparison,CH-021,formula_calculated_forecast_output,,2029-07-31,USD_millions,,253.8458349441112245272416091,like_for_like_common_horizon_or_separate_tail,contains_owner_reviewed_phase5_testing_assumptions,"Analytical liquidity, not contractual liquidity.",data/phase5/raw/MODEL_ASSUMPTIONS.csv,SRC-001;SRC-003,"Recurring fees and formal covenant compliance remain not determinable; no refinancing, waiver or post-maturity revolver availability is assumed."
LED-O-CH-022,data/phase5/processed/COMMON_HORIZON_COMPARISON.csv,common_horizon_comparison,CH-022,formula_calculated_forecast_output,,2029-07-31,count,,0,like_for_like_common_horizon_or_separate_tail,contains_owner_reviewed_phase5_testing_assumptions,Visible monthly failures only.,data/phase5/raw/MODEL_ASSUMPTIONS.csv,SRC-001;SRC-003,"Recurring fees and formal covenant compliance remain not determinable; no refinancing, waiver or post-maturity revolver availability is assumed."
LED-O-CH-023,data/phase5/processed/COMMON_HORIZON_COMPARISON.csv,common_horizon_comparison,CH-023,formula_calculated_forecast_output,,2029-07-31,count,,18,like_for_like_common_horizon_or_separate_tail,contains_owner_reviewed_phase5_testing_assumptions,Months with a dividend or buyback directly causing draw need.,data/phase5/raw/MODEL_ASSUMPTIONS.csv,SRC-001;SRC-003,"Recurring fees and formal covenant compliance remain not determinable; no refinancing, waiver or post-maturity revolver availability is assumed."
LED-O-CH-024,data/phase5/processed/COMMON_HORIZON_COMPARISON.csv,common_horizon_comparison,CH-024,formula_calculated_forecast_output,,2029-07-31,USD_millions,,0,like_for_like_common_horizon_or_separate_tail,contains_owner_reviewed_phase5_testing_assumptions,Proposed facility has no maturity on this date.,data/phase5/raw/MODEL_ASSUMPTIONS.csv,SRC-001;SRC-003,"Recurring fees and formal covenant compliance remain not determinable; no refinancing, waiver or post-maturity revolver availability is assumed."
LED-O-CH-025,data/phase5/processed/COMMON_HORIZON_COMPARISON.csv,common_horizon_comparison,CH-025,formula_calculated_forecast_output,,2031-01-31,USD_millions,,38.49732782728420684620817772,like_for_like_common_horizon_or_separate_tail,contains_owner_reviewed_phase5_testing_assumptions,Additional proposed-facility amount after the common horizon.,data/phase5/raw/MODEL_ASSUMPTIONS.csv,SRC-001;SRC-003,"Recurring fees and formal covenant compliance remain not determinable; no refinancing, waiver or post-maturity revolver availability is assumed."
LED-O-CH-026,data/phase5/processed/COMMON_HORIZON_COMPARISON.csv,common_horizon_comparison,CH-026,formula_calculated_forecast_output,,2031-01-31,USD_millions,,97.5,like_for_like_common_horizon_or_separate_tail,contains_owner_reviewed_phase5_testing_assumptions,Additional proposed-facility amount after the common horizon.,data/phase5/raw/MODEL_ASSUMPTIONS.csv,SRC-001;SRC-003,"Recurring fees and formal covenant compliance remain not determinable; no refinancing, waiver or post-maturity revolver availability is assumed."
LED-O-CH-027,data/phase5/processed/COMMON_HORIZON_COMPARISON.csv,common_horizon_comparison,CH-027,formula_calculated_forecast_output,,2031-01-31,USD_millions,,58.02868859729380322290133198,like_for_like_common_horizon_or_separate_tail,contains_owner_reviewed_phase5_testing_assumptions,Additional proposed-facility amount after the common horizon.,data/phase5/raw/MODEL_ASSUMPTIONS.csv,SRC-001;SRC-003,"Recurring fees and formal covenant compliance remain not determinable; no refinancing, waiver or post-maturity revolver availability is assumed."
LED-O-CH-028,data/phase5/processed/COMMON_HORIZON_COMPARISON.csv,common_horizon_comparison,CH-028,formula_calculated_forecast_output,,2031-01-31,USD_millions,,64.91551662657174965897767717,like_for_like_common_horizon_or_separate_tail,contains_owner_reviewed_phase5_testing_assumptions,Additional proposed-facility amount after the common horizon.,data/phase5/raw/MODEL_ASSUMPTIONS.csv,SRC-001;SRC-003,"Recurring fees and formal covenant compliance remain not determinable; no refinancing, waiver or post-maturity revolver availability is assumed."
LED-O-CH-029,data/phase5/processed/COMMON_HORIZON_COMPARISON.csv,common_horizon_comparison,CH-029,formula_calculated_forecast_output,,2031-01-31,USD_millions,,9.307000000000000000000000005,like_for_like_common_horizon_or_separate_tail,contains_owner_reviewed_phase5_testing_assumptions,Additional proposed-facility amount after the common horizon.,data/phase5/raw/MODEL_ASSUMPTIONS.csv,SRC-001;SRC-003,"Recurring fees and formal covenant compliance remain not determinable; no refinancing, waiver or post-maturity revolver availability is assumed."
LED-O-CH-030,data/phase5/processed/COMMON_HORIZON_COMPARISON.csv,common_horizon_comparison,CH-030,formula_calculated_forecast_output,,2031-01-31,USD_millions,,29.24999999999999999999999998,like_for_like_common_horizon_or_separate_tail,contains_owner_reviewed_phase5_testing_assumptions,Additional proposed-facility amount after the common horizon.,data/phase5/raw/MODEL_ASSUMPTIONS.csv,SRC-001;SRC-003,"Recurring fees and formal covenant compliance remain not determinable; no refinancing, waiver or post-maturity revolver availability is assumed."
LED-O-CH-031,data/phase5/processed/COMMON_HORIZON_COMPARISON.csv,common_horizon_comparison,CH-031,formula_calculated_forecast_output,,2031-01-31,USD_millions,,0,like_for_like_common_horizon_or_separate_tail,contains_owner_reviewed_phase5_testing_assumptions,Additional proposed-facility amount after the common horizon.,data/phase5/raw/MODEL_ASSUMPTIONS.csv,SRC-001;SRC-003,"Recurring fees and formal covenant compliance remain not determinable; no refinancing, waiver or post-maturity revolver availability is assumed."
LED-O-CH-032,data/phase5/processed/COMMON_HORIZON_COMPARISON.csv,common_horizon_comparison,CH-032,formula_calculated_forecast_output,,2031-01-31,USD_millions,,340.9478312215931607465924833,like_for_like_common_horizon_or_separate_tail,contains_owner_reviewed_phase5_testing_assumptions,Additional proposed-facility amount after the common horizon.,data/phase5/raw/MODEL_ASSUMPTIONS.csv,SRC-001;SRC-003,"Recurring fees and formal covenant compliance remain not determinable; no refinancing, waiver or post-maturity revolver availability is assumed."
LED-O-CH-033,data/phase5/processed/COMMON_HORIZON_COMPARISON.csv,common_horizon_comparison,CH-033,formula_calculated_forecast_output,,2031-01-31,USD_millions,,0,like_for_like_common_horizon_or_separate_tail,contains_owner_reviewed_phase5_testing_assumptions,Additional proposed-facility amount after the common horizon.,data/phase5/raw/MODEL_ASSUMPTIONS.csv,SRC-001;SRC-003,"Recurring fees and formal covenant compliance remain not determinable; no refinancing, waiver or post-maturity revolver availability is assumed."
LED-O-CH-034,data/phase5/processed/COMMON_HORIZON_COMPARISON.csv,common_horizon_comparison,CH-034,formula_calculated_forecast_output,,2031-01-31,USD_millions,,340.9478312215931607465924833,like_for_like_common_horizon_or_separate_tail,contains_owner_reviewed_phase5_testing_assumptions,Additional proposed-facility amount after the common horizon.,data/phase5/raw/MODEL_ASSUMPTIONS.csv,SRC-001;SRC-003,"Recurring fees and formal covenant compliance remain not determinable; no refinancing, waiver or post-maturity revolver availability is assumed."
LED-O-PP-001,data/phase5/processed/FY2026_PERIOD_PRESENTATION.csv,period_presentation,PP-001,formula_calculated_forecast_output,,2026-01-31,,,400.0339989,explicit_period_presentation,contains_owner_reviewed_phase5_testing_assumptions,"Operating amounts aggregate forecast quarters. Post-closing financing amounts aggregate the monthly model. CFO and FCF are modeled historical-style proxies, not GAAP forecasts.",data/phase5/raw/MODEL_ASSUMPTIONS.csv,,"Q1 existing-facility cash interest, CFO and FCF are not modeled; Q1 CFADS is before cash interest."
LED-O-PP-002,data/phase5/processed/FY2026_PERIOD_PRESENTATION.csv,period_presentation,PP-002,formula_calculated_forecast_output,,2026-10-31,,,1437.561060075,explicit_period_presentation,contains_owner_reviewed_phase5_testing_assumptions,"Operating amounts aggregate forecast quarters. Post-closing financing amounts aggregate the monthly model. CFO and FCF are modeled historical-style proxies, not GAAP forecasts.",data/phase5/raw/MODEL_ASSUMPTIONS.csv,,"Cash interest excludes Q1. January installment and accrued interest are in the opening bridge, not these proxies."
LED-O-PP-003,data/phase5/processed/FY2026_PERIOD_PRESENTATION.csv,period_presentation,PP-003,formula_calculated_forecast_output,,2026-10-31,,,1437.561060075,explicit_period_presentation,contains_owner_reviewed_phase5_testing_assumptions,"Operating amounts aggregate forecast quarters. Post-closing financing amounts aggregate the monthly model. CFO and FCF are modeled historical-style proxies, not GAAP forecasts.",data/phase5/raw/MODEL_ASSUMPTIONS.csv,,"Cash interest excludes Q1. January installment and accrued interest are in the opening bridge, not these proxies."
LED-O-PP-004,data/phase5/processed/FY2026_PERIOD_PRESENTATION.csv,period_presentation,PP-004,formula_calculated_forecast_output,,2026-10-31,,,1837.595058975,explicit_period_presentation,contains_owner_reviewed_phase5_testing_assumptions,"Operating amounts aggregate forecast quarters. Post-closing financing amounts aggregate the monthly model. CFO and FCF are modeled historical-style proxies, not GAAP forecasts.",data/phase5/raw/MODEL_ASSUMPTIONS.csv,,Full-year CFADS is before cash interest; no full-year CFO or FCF is presented beside it.
LED-O-PP-005,data/phase5/processed/FY2026_PERIOD_PRESENTATION.csv,period_presentation,PP-005,formula_calculated_forecast_output,,2026-10-31,,,,explicit_period_presentation,contains_owner_reviewed_phase5_testing_assumptions,"Operating amounts aggregate forecast quarters. Post-closing financing amounts aggregate the monthly model. CFO and FCF are modeled historical-style proxies, not GAAP forecasts.",data/phase5/raw/MODEL_ASSUMPTIONS.csv,,"Q1 actual existing-facility interest and complete Q1 cash bridge are unavailable, so full-year cash interest, CFO and FCF are not presented."
LED-O-PP-006,data/phase5/processed/FY2026_PERIOD_PRESENTATION.csv,period_presentation,PP-006,formula_calculated_forecast_output,,2026-10-31,,,,explicit_period_presentation,contains_owner_reviewed_phase5_testing_assumptions,"Operating amounts aggregate forecast quarters. Post-closing financing amounts aggregate the monthly model. CFO and FCF are modeled historical-style proxies, not GAAP forecasts.",data/phase5/raw/MODEL_ASSUMPTIONS.csv,,"Q1 actual existing-facility interest and complete Q1 cash bridge are unavailable, so full-year cash interest, CFO and FCF are not presented."
LED-O-VR-001,data/phase5/processed/VALIDATION_RESULTS.csv,validation_control,VR-001,formula_calculated_forecast_output,,,,,,validation_control,not_applicable_control,Generated by scripts/phase5.py from the identified upstream inputs.,data/phase5/raw/MODEL_ASSUMPTIONS.csv,,Live remote was verified before editing and recorded in the checkpoint.
LED-O-VR-002,data/phase5/processed/VALIDATION_RESULTS.csv,validation_control,VR-002,formula_calculated_forecast_output,,,,,,validation_control,not_applicable_control,Generated by scripts/phase5.py from the identified upstream inputs.,data/phase5/raw/MODEL_ASSUMPTIONS.csv,,"Testing approval is not a management forecast, market quote, final term or credit approval."
LED-O-VR-003,data/phase5/processed/VALIDATION_RESULTS.csv,validation_control,VR-003,formula_calculated_forecast_output,,,,,,validation_control,not_applicable_control,Generated by scripts/phase5.py from the identified upstream inputs.,data/phase5/raw/MODEL_ASSUMPTIONS.csv,,
LED-O-VR-004,data/phase5/processed/VALIDATION_RESULTS.csv,validation_control,VR-004,formula_calculated_forecast_output,,,,,,validation_control,not_applicable_control,Generated by scripts/phase5.py from the identified upstream inputs.,data/phase5/raw/MODEL_ASSUMPTIONS.csv,,
LED-O-VR-005,data/phase5/processed/VALIDATION_RESULTS.csv,validation_control,VR-005,formula_calculated_forecast_output,,,,,,validation_control,not_applicable_control,Generated by scripts/phase5.py from the identified upstream inputs.,data/phase5/raw/MODEL_ASSUMPTIONS.csv,,
LED-O-VR-006,data/phase5/processed/VALIDATION_RESULTS.csv,validation_control,VR-006,formula_calculated_forecast_output,,,,,,validation_control,not_applicable_control,Generated by scripts/phase5.py from the identified upstream inputs.,data/phase5/raw/MODEL_ASSUMPTIONS.csv,,
LED-O-VR-007,data/phase5/processed/VALIDATION_RESULTS.csv,validation_control,VR-007,formula_calculated_forecast_output,,,,,,validation_control,not_applicable_control,Generated by scripts/phase5.py from the identified upstream inputs.,data/phase5/raw/MODEL_ASSUMPTIONS.csv,,
LED-O-VR-008,data/phase5/processed/VALIDATION_RESULTS.csv,validation_control,VR-008,formula_calculated_forecast_output,,,,,,validation_control,not_applicable_control,Generated by scripts/phase5.py from the identified upstream inputs.,data/phase5/raw/MODEL_ASSUMPTIONS.csv,,
LED-O-VR-009,data/phase5/processed/VALIDATION_RESULTS.csv,validation_control,VR-009,formula_calculated_forecast_output,,,,,,validation_control,not_applicable_control,Generated by scripts/phase5.py from the identified upstream inputs.,data/phase5/raw/MODEL_ASSUMPTIONS.csv,,
LED-O-VR-010,data/phase5/processed/VALIDATION_RESULTS.csv,validation_control,VR-010,formula_calculated_forecast_output,,,,,,validation_control,not_applicable_control,Generated by scripts/phase5.py from the identified upstream inputs.,data/phase5/raw/MODEL_ASSUMPTIONS.csv,,
LED-O-VR-011,data/phase5/processed/VALIDATION_RESULTS.csv,validation_control,VR-011,formula_calculated_forecast_output,,,,,,validation_control,not_applicable_control,Generated by scripts/phase5.py from the identified upstream inputs.,data/phase5/raw/MODEL_ASSUMPTIONS.csv,,
LED-O-VR-012,data/phase5/processed/VALIDATION_RESULTS.csv,validation_control,VR-012,formula_calculated_forecast_output,,,,,,validation_control,not_applicable_control,Generated by scripts/phase5.py from the identified upstream inputs.,data/phase5/raw/MODEL_ASSUMPTIONS.csv,,
LED-O-VR-013,data/phase5/processed/VALIDATION_RESULTS.csv,validation_control,VR-013,formula_calculated_forecast_output,,,,,,validation_control,not_applicable_control,Generated by scripts/phase5.py from the identified upstream inputs.,data/phase5/raw/MODEL_ASSUMPTIONS.csv,,
LED-O-VR-014,data/phase5/processed/VALIDATION_RESULTS.csv,validation_control,VR-014,formula_calculated_forecast_output,,,,,,validation_control,not_applicable_control,Generated by scripts/phase5.py from the identified upstream inputs.,data/phase5/raw/MODEL_ASSUMPTIONS.csv,,
LED-O-VR-015,data/phase5/processed/VALIDATION_RESULTS.csv,validation_control,VR-015,formula_calculated_forecast_output,,,,,,validation_control,not_applicable_control,Generated by scripts/phase5.py from the identified upstream inputs.,data/phase5/raw/MODEL_ASSUMPTIONS.csv,,
LED-O-VR-016,data/phase5/processed/VALIDATION_RESULTS.csv,validation_control,VR-016,formula_calculated_forecast_output,,,,,,validation_control,not_applicable_control,Generated by scripts/phase5.py from the identified upstream inputs.,data/phase5/raw/MODEL_ASSUMPTIONS.csv,,
LED-O-VR-017,data/phase5/processed/VALIDATION_RESULTS.csv,validation_control,VR-017,formula_calculated_forecast_output,,,,,,validation_control,not_applicable_control,Generated by scripts/phase5.py from the identified upstream inputs.,data/phase5/raw/MODEL_ASSUMPTIONS.csv,,
LED-O-VR-018,data/phase5/processed/VALIDATION_RESULTS.csv,validation_control,VR-018,formula_calculated_forecast_output,,,,,,validation_control,not_applicable_control,Generated by scripts/phase5.py from the identified upstream inputs.,data/phase5/raw/MODEL_ASSUMPTIONS.csv,,
LED-O-VR-019,data/phase5/processed/VALIDATION_RESULTS.csv,validation_control,VR-019,formula_calculated_forecast_output,,,,,,validation_control,not_applicable_control,Generated by scripts/phase5.py from the identified upstream inputs.,data/phase5/raw/MODEL_ASSUMPTIONS.csv,,
LED-O-VR-020,data/phase5/processed/VALIDATION_RESULTS.csv,validation_control,VR-020,formula_calculated_forecast_output,,,,,,validation_control,not_applicable_control,Generated by scripts/phase5.py from the identified upstream inputs.,data/phase5/raw/MODEL_ASSUMPTIONS.csv,,
LED-O-VR-021,data/phase5/processed/VALIDATION_RESULTS.csv,validation_control,VR-021,formula_calculated_forecast_output,,,,,,validation_control,not_applicable_control,Generated by scripts/phase5.py from the identified upstream inputs.,data/phase5/raw/MODEL_ASSUMPTIONS.csv,,
LED-O-VR-022,data/phase5/processed/VALIDATION_RESULTS.csv,validation_control,VR-022,formula_calculated_forecast_output,,,,,,validation_control,not_applicable_control,Generated by scripts/phase5.py from the identified upstream inputs.,data/phase5/raw/MODEL_ASSUMPTIONS.csv,,
LED-O-VR-023,data/phase5/processed/VALIDATION_RESULTS.csv,validation_control,VR-023,formula_calculated_forecast_output,,,,,,validation_control,not_applicable_control,Generated by scripts/phase5.py from the identified upstream inputs.,data/phase5/raw/MODEL_ASSUMPTIONS.csv,,
LED-O-VR-024,data/phase5/processed/VALIDATION_RESULTS.csv,validation_control,VR-024,formula_calculated_forecast_output,,,,,,validation_control,not_applicable_control,Generated by scripts/phase5.py from the identified upstream inputs.,data/phase5/raw/MODEL_ASSUMPTIONS.csv,,
LED-O-VR-025,data/phase5/processed/VALIDATION_RESULTS.csv,validation_control,VR-025,formula_calculated_forecast_output,,,,,,validation_control,not_applicable_control,Generated by scripts/phase5.py from the identified upstream inputs.,data/phase5/raw/MODEL_ASSUMPTIONS.csv,,
LED-O-VR-026,data/phase5/processed/VALIDATION_RESULTS.csv,validation_control,VR-026,formula_calculated_forecast_output,,,,,,validation_control,not_applicable_control,Generated by scripts/phase5.py from the identified upstream inputs.,data/phase5/raw/MODEL_ASSUMPTIONS.csv,,
LED-O-VR-027,data/phase5/processed/VALIDATION_RESULTS.csv,validation_control,VR-027,formula_calculated_forecast_output,,,,,,validation_control,not_applicable_control,Generated by scripts/phase5.py from the identified upstream inputs.,data/phase5/raw/MODEL_ASSUMPTIONS.csv,,
LED-O-VR-028,data/phase5/processed/VALIDATION_RESULTS.csv,validation_control,VR-028,formula_calculated_forecast_output,,,,,,validation_control,not_applicable_control,Generated by scripts/phase5.py from the identified upstream inputs.,data/phase5/raw/MODEL_ASSUMPTIONS.csv,,
LED-O-VR-029,data/phase5/processed/VALIDATION_RESULTS.csv,validation_control,VR-029,formula_calculated_forecast_output,,,,,,validation_control,not_applicable_control,Generated by scripts/phase5.py from the identified upstream inputs.,data/phase5/raw/MODEL_ASSUMPTIONS.csv,,
LED-O-VR-030,data/phase5/processed/VALIDATION_RESULTS.csv,validation_control,VR-030,formula_calculated_forecast_output,,,,,,validation_control,not_applicable_control,Generated by scripts/phase5.py from the identified upstream inputs.,data/phase5/raw/MODEL_ASSUMPTIONS.csv,,
LED-O-VR-031,data/phase5/processed/VALIDATION_RESULTS.csv,validation_control,VR-031,formula_calculated_forecast_output,,,,,,validation_control,not_applicable_control,Generated by scripts/phase5.py from the identified upstream inputs.,data/phase5/raw/MODEL_ASSUMPTIONS.csv,,
LED-O-VR-032,data/phase5/processed/VALIDATION_RESULTS.csv,validation_control,VR-032,formula_calculated_forecast_output,,,,,,validation_control,not_applicable_control,Generated by scripts/phase5.py from the identified upstream inputs.,data/phase5/raw/MODEL_ASSUMPTIONS.csv,,
LED-O-VR-033,data/phase5/processed/VALIDATION_RESULTS.csv,validation_control,VR-033,formula_calculated_forecast_output,,,,,,validation_control,not_applicable_control,Generated by scripts/phase5.py from the identified upstream inputs.,data/phase5/raw/MODEL_ASSUMPTIONS.csv,,
LED-O-VR-034,data/phase5/processed/VALIDATION_RESULTS.csv,validation_control,VR-034,formula_calculated_forecast_output,,,,,,validation_control,not_applicable_control,Generated by scripts/phase5.py from the identified upstream inputs.,data/phase5/raw/MODEL_ASSUMPTIONS.csv,,
LED-O-VR-035,data/phase5/processed/VALIDATION_RESULTS.csv,validation_control,VR-035,formula_calculated_forecast_output,,,,,,validation_control,not_applicable_control,Generated by scripts/phase5.py from the identified upstream inputs.,data/phase5/raw/MODEL_ASSUMPTIONS.csv,,
LED-O-VR-036,data/phase5/processed/VALIDATION_RESULTS.csv,validation_control,VR-036,formula_calculated_forecast_output,,,,,,validation_control,not_applicable_control,Generated by scripts/phase5.py from the identified upstream inputs.,data/phase5/raw/MODEL_ASSUMPTIONS.csv,,
LED-O-VR-037,data/phase5/processed/VALIDATION_RESULTS.csv,validation_control,VR-037,formula_calculated_forecast_output,,,,,,validation_control,not_applicable_control,Generated by scripts/phase5.py from the identified upstream inputs.,data/phase5/raw/MODEL_ASSUMPTIONS.csv,,
LED-O-VR-038,data/phase5/processed/VALIDATION_RESULTS.csv,validation_control,VR-038,formula_calculated_forecast_output,,,,,,validation_control,not_applicable_control,Generated by scripts/phase5.py from the identified upstream inputs.,data/phase5/raw/MODEL_ASSUMPTIONS.csv,,
LED-O-VR-039,data/phase5/processed/VALIDATION_RESULTS.csv,validation_control,VR-039,formula_calculated_forecast_output,,,,,,validation_control,not_applicable_control,Generated by scripts/phase5.py from the identified upstream inputs.,data/phase5/raw/MODEL_ASSUMPTIONS.csv,,
LED-O-VR-040,data/phase5/processed/VALIDATION_RESULTS.csv,validation_control,VR-040,formula_calculated_forecast_output,,,,,,validation_control,not_applicable_control,Generated by scripts/phase5.py from the identified upstream inputs.,data/phase5/raw/MODEL_ASSUMPTIONS.csv,,
LED-O-VR-041,data/phase5/processed/VALIDATION_RESULTS.csv,validation_control,VR-041,formula_calculated_forecast_output,,,,,,validation_control,not_applicable_control,Generated by scripts/phase5.py from the identified upstream inputs.,data/phase5/raw/MODEL_ASSUMPTIONS.csv,,
LED-O-VR-042,data/phase5/processed/VALIDATION_RESULTS.csv,validation_control,VR-042,formula_calculated_forecast_output,,,,,,validation_control,not_applicable_control,Generated by scripts/phase5.py from the identified upstream inputs.,data/phase5/raw/MODEL_ASSUMPTIONS.csv,,
LED-O-VR-043,data/phase5/processed/VALIDATION_RESULTS.csv,validation_control,VR-043,formula_calculated_forecast_output,,,,,,validation_control,not_applicable_control,Generated by scripts/phase5.py from the identified upstream inputs.,data/phase5/raw/MODEL_ASSUMPTIONS.csv,,
LED-O-VR-044,data/phase5/processed/VALIDATION_RESULTS.csv,validation_control,VR-044,formula_calculated_forecast_output,,,,,,validation_control,not_applicable_control,Generated by scripts/phase5.py from the identified upstream inputs.,data/phase5/raw/MODEL_ASSUMPTIONS.csv,,
LED-O-VR-045,data/phase5/processed/VALIDATION_RESULTS.csv,validation_control,VR-045,formula_calculated_forecast_output,,,,,,validation_control,not_applicable_control,Generated by scripts/phase5.py from the identified upstream inputs.,data/phase5/raw/MODEL_ASSUMPTIONS.csv,,
LED-O-VR-046,data/phase5/processed/VALIDATION_RESULTS.csv,validation_control,VR-046,formula_calculated_forecast_output,,,,,,validation_control,not_applicable_control,Generated by scripts/phase5.py from the identified upstream inputs.,data/phase5/raw/MODEL_ASSUMPTIONS.csv,,
LED-O-VR-047,data/phase5/processed/VALIDATION_RESULTS.csv,validation_control,VR-047,formula_calculated_forecast_output,,,,,,validation_control,not_applicable_control,Generated by scripts/phase5.py from the identified upstream inputs.,data/phase5/raw/MODEL_ASSUMPTIONS.csv,,
LED-O-VR-048,data/phase5/processed/VALIDATION_RESULTS.csv,validation_control,VR-048,formula_calculated_forecast_output,,,,,,validation_control,not_applicable_control,Generated by scripts/phase5.py from the identified upstream inputs.,data/phase5/raw/MODEL_ASSUMPTIONS.csv,,
LED-O-VR-049,data/phase5/processed/VALIDATION_RESULTS.csv,validation_control,VR-049,formula_calculated_forecast_output,,,,,,validation_control,not_applicable_control,Generated by scripts/phase5.py from the identified upstream inputs.,data/phase5/raw/MODEL_ASSUMPTIONS.csv,,
LED-O-VR-050,data/phase5/processed/VALIDATION_RESULTS.csv,validation_control,VR-050,formula_calculated_forecast_output,,,,,,validation_control,not_applicable_control,Generated by scripts/phase5.py from the identified upstream inputs.,data/phase5/raw/MODEL_ASSUMPTIONS.csv,,Phase 5 metrics are preliminary analytical diagnostics only.
LED-O-VR-051,data/phase5/processed/VALIDATION_RESULTS.csv,validation_control,VR-051,formula_calculated_forecast_output,,,,,,validation_control,not_applicable_control,Generated by scripts/phase5.py from the identified upstream inputs.,data/phase5/raw/MODEL_ASSUMPTIONS.csv,,AP/cost-of-sales proxy is explicitly not DPO.
LED-O-VR-052,data/phase5/processed/VALIDATION_RESULTS.csv,validation_control,VR-052,formula_calculated_forecast_output,,,,,,validation_control,not_applicable_control,Generated by scripts/phase5.py from the identified upstream inputs.,data/phase5/raw/MODEL_ASSUMPTIONS.csv,,Liability held as a conservative opening proxy.
LED-O-VR-053,data/phase5/processed/VALIDATION_RESULTS.csv,validation_control,VR-053,formula_calculated_forecast_output,,,,,,validation_control,not_applicable_control,Generated by scripts/phase5.py from the identified upstream inputs.,data/phase5/raw/MODEL_ASSUMPTIONS.csv,,Excluded rather than entered as zero; model results are before these fees.
LED-O-VR-054,data/phase5/processed/VALIDATION_RESULTS.csv,validation_control,VR-054,formula_calculated_forecast_output,,,,,,validation_control,not_applicable_control,Generated by scripts/phase5.py from the identified upstream inputs.,data/phase5/raw/MODEL_ASSUMPTIONS.csv,,Existing grid is modeled as a range; 6.57% is rate-neutral only.
LED-O-VR-055,data/phase5/processed/VALIDATION_RESULTS.csv,validation_control,VR-055,formula_calculated_forecast_output,,,,,,validation_control,not_applicable_control,Generated by scripts/phase5.py from the identified upstream inputs.,data/phase5/raw/MODEL_ASSUMPTIONS.csv,,Planned distributions remain visible with debt-funding and provisional-compliance flags.
LED-O-VR-056,data/phase5/processed/VALIDATION_RESULTS.csv,validation_control,VR-056,formula_calculated_forecast_output,,,,,,validation_control,not_applicable_control,Generated by scripts/phase5.py from the identified upstream inputs.,data/phase5/raw/MODEL_ASSUMPTIONS.csv,,$25m is an owner-reviewed Phase 5 testing assumption for both alternatives.
